id,lon,lat
0,77.624072,12.934965
1,77.629168,12.938493
2,77.579325,12.985951
3,77.620559,12.978554
4,77.622517,12.987188
5,77.615623,12.981468
6,77.618878,12.978019
7,77.619186,12.972631
8,77.604807,12.970902
9,77.598404,12.966377
10,77.604932,12.965914
11,77.604603,12.958613
12,77.601917,12.959934
13,77.602182,12.958366
14,77.601337,12.955887
15,77.605437,12.954890
16,77.627673,12.940957
17,77.627775,12.940341
18,77.628340,12.940424
19,77.628390,12.940119
20,77.628693,12.940168
21,77.618666,12.946016
22,77.624153,12.941256
23,77.620952,12.944154
24,77.609307,12.939889
25,77.620216,12.952415
26,77.595967,12.962271
27,77.609483,12.973176
28,77.605721,12.956377
29,77.588833,12.961552
30,77.641460,12.959404
31,77.588255,12.967776
32,77.594944,12.967325
33,77.582793,12.958924
34,77.582133,12.957746
35,77.594011,12.972206
36,77.599334,12.976700
37,77.605107,12.957360
38,77.603540,12.957906
39,77.601694,12.959141
40,77.603727,12.958435
41,77.604471,12.958177
42,77.653330,12.955725
43,77.652342,12.951880
44,77.602640,12.948194
45,77.605188,12.952664
46,77.605866,12.957189
47,77.604720,12.955713
48,77.604922,12.956553
49,77.605328,12.958315
50,77.604333,12.957628
51,77.603998,12.959164
52,77.598951,12.937941
53,77.595534,12.945911
54,77.598489,12.961762
55,77.601063,12.963694
56,77.602999,12.959596
57,77.601492,12.961878
58,77.601038,12.965393
59,77.605861,12.963976
60,77.605820,12.962834
61,77.605190,12.960786
62,77.598934,12.961637
63,77.598802,12.961932
64,77.593544,12.959569
65,77.594468,12.962157
66,77.596728,12.964675
67,77.599491,12.965192
68,77.593716,12.962257
69,77.596755,12.965145
70,77.597933,12.965966
71,77.601414,12.965442
72,77.601453,12.965642
73,77.602402,12.969419
74,77.603879,12.965764
75,77.601288,12.963145
76,77.602159,12.962974
77,77.603035,12.962849
78,77.604237,12.962315
79,77.604866,12.962192
80,77.605534,12.962043
81,77.602521,12.964471
82,77.602591,12.964789
83,77.602623,12.965609
84,77.607044,12.971927
85,77.606607,12.970025
86,77.607733,12.974327
87,77.607359,12.972072
88,77.601668,12.975799
89,77.601620,12.975478
90,77.601535,12.972973
91,77.603259,12.972852
92,77.604150,12.975187
93,77.602557,12.975579
94,77.601274,12.972799
95,77.600745,12.970337
96,77.599878,12.975578
97,77.601066,12.973094
98,77.597754,12.971204
99,77.593543,12.971801
100,77.594004,12.971751
101,77.606108,12.971477
102,77.610288,12.970415
103,77.600997,12.964562
104,77.601593,12.964383
105,77.597715,12.963698
106,77.597562,12.963347
107,77.598493,12.962711
108,77.599043,12.962250
109,77.597965,12.961871
110,77.606706,12.963794
111,77.603689,12.964739
112,77.604659,12.964776
113,77.603629,12.964004
114,77.604498,12.963606
115,77.605124,12.963099
116,77.604672,12.965868
117,77.585717,12.955521
118,77.585435,12.954279
119,77.591335,12.953856
120,77.583786,12.956242
121,77.604361,12.960058
122,77.602467,12.959753
123,77.602961,12.961249
124,77.602781,12.960751
125,77.603100,12.960664
126,77.602845,12.959646
127,77.604163,12.961947
128,77.604528,12.960941
129,77.602625,12.965130
130,77.603701,12.965144
131,77.602704,12.961722
132,77.573620,12.929420
133,77.576773,12.951809
134,77.580014,12.936798
135,77.583966,12.936698
136,77.573818,12.936904
137,77.566683,12.938539
138,77.566698,12.937707
139,77.566884,12.934897
140,77.559822,12.936259
141,77.562798,12.937603
142,77.563019,12.938033
143,77.563317,12.938562
144,77.563549,12.938818
145,77.565083,12.941807
146,77.573680,12.943704
147,77.567853,12.943632
148,77.571093,12.943671
149,77.576868,12.943641
150,77.577318,12.943667
151,77.585037,12.943707
152,77.566685,12.929981
153,77.573645,12.930980
154,77.575874,12.931605
155,77.575229,12.934666
156,77.575333,12.939039
157,77.575318,12.940606
158,77.571686,12.934969
159,77.571822,12.937657
160,77.571800,12.938701
161,77.571568,12.939057
162,77.567469,12.939423
163,77.567486,12.938554
164,77.567495,12.937777
165,77.567530,12.936915
166,77.567535,12.936517
167,77.567559,12.936117
168,77.567584,12.933155
169,77.565914,12.939760
170,77.565914,12.939344
171,77.565921,12.938949
172,77.565974,12.937686
173,77.566101,12.934444
174,77.565807,12.933514
175,77.565486,12.932373
176,77.566821,12.933311
177,77.567951,12.933075
178,77.567067,12.931470
179,77.563591,12.929888
180,77.585170,12.943558
181,77.585096,12.939335
182,77.584836,12.932947
183,77.584052,12.939359
184,77.581915,12.942122
185,77.581886,12.940324
186,77.581879,12.939854
187,77.581864,12.938924
188,77.581858,12.938559
189,77.581829,12.936747
190,77.582824,12.940307
191,77.582817,12.939372
192,77.582700,12.936734
193,77.576897,12.939727
194,77.576917,12.936848
195,77.564290,12.941784
196,77.571568,12.946210
197,77.571168,12.942166
198,77.571276,12.939523
199,77.569704,12.939539
200,77.568275,12.939465
201,77.566683,12.939383
202,77.563997,12.939280
203,77.562894,12.939235
204,77.561539,12.939170
205,77.560046,12.939278
206,77.558244,12.943469
207,77.559979,12.938266
208,77.559980,12.938668
209,77.560112,12.940053
210,77.564316,12.939867
211,77.564296,12.941334
212,77.564266,12.943555
213,77.567412,12.931857
214,77.568115,12.933732
215,77.568418,12.935051
216,77.568415,12.936556
217,77.568393,12.936945
218,77.568359,12.937895
219,77.564492,12.939300
220,77.563487,12.932783
221,77.566061,12.931794
222,77.560341,12.934573
223,77.563205,12.934816
224,77.581939,12.943640
225,77.583050,12.939368
226,77.584925,12.936205
227,77.589859,12.934438
228,77.590489,12.934423
229,77.591149,12.934448
230,77.592705,12.934426
231,77.593403,12.941538
232,77.592724,12.935295
233,77.592611,12.931997
234,77.592604,12.931530
235,77.592548,12.930075
236,77.583909,12.932907
237,77.586608,12.930763
238,77.590945,12.931930
239,77.590572,12.932075
240,77.587374,12.932763
241,77.586624,12.932826
242,77.580587,12.933039
243,77.576174,12.930908
244,77.588416,12.929088
245,77.583824,12.928688
246,77.581742,12.928718
247,77.580232,12.928740
248,77.567261,12.960462
249,77.567372,12.957134
250,77.567429,12.955181
251,77.569509,12.958861
252,77.569660,12.955931
253,77.576829,12.964078
254,77.577488,12.962922
255,77.563682,12.930380
256,77.572153,12.957325
257,77.572278,12.948360
258,77.562021,12.960305
259,77.564455,12.960378
260,77.592507,12.965587
261,77.589867,12.967711
262,77.588417,12.967334
263,77.581700,12.973005
264,77.594460,12.992112
265,77.597724,12.983948
266,77.605352,12.985532
267,77.614386,12.984467
268,77.601404,12.990016
269,77.598432,12.992901
270,77.600041,12.992289
271,77.605813,12.994252
272,77.607157,12.996347
273,77.607829,12.994447
274,77.610882,13.000011
275,77.611435,12.991587
276,77.596424,13.003269
277,77.598770,13.002033
278,77.570154,12.964211
279,77.579805,12.963529
280,77.577535,12.964462
281,77.581126,12.964095
282,77.564547,12.957049
283,77.565840,12.960419
284,77.565959,12.957075
285,77.562123,12.956976
286,77.560838,12.956938
287,77.559266,12.961374
288,77.568550,12.960501
289,77.572145,12.964498
290,77.563367,12.957013
291,77.562614,12.956991
292,77.562621,12.953744
293,77.561541,12.956959
294,77.577077,12.951910
295,77.578739,12.950567
296,77.576568,12.951916
297,77.576613,12.952782
298,77.578157,12.953731
299,77.577061,12.952715
300,77.576786,12.952820
301,77.577716,12.961558
302,77.578399,12.958728
303,77.577649,12.958854
304,77.576982,12.961763
305,77.584067,12.964760
306,77.584228,12.965267
307,77.586782,12.965977
308,77.588814,12.968228
309,77.591236,12.977070
310,77.593363,12.974771
311,77.598308,12.976888
312,77.598400,12.976849
313,77.593039,12.948622
314,77.585268,12.943872
315,77.585375,12.943714
316,77.592254,12.953540
317,77.596089,12.952177
318,77.596953,12.951427
319,77.598260,12.950272
320,77.595228,12.951270
321,77.596251,12.949363
322,77.597223,12.948183
323,77.598162,12.947553
324,77.598624,12.947227
325,77.600457,12.946550
326,77.594566,12.950917
327,77.595843,12.948485
328,77.593751,12.950484
329,77.595007,12.948057
330,77.596965,12.949728
331,77.596559,12.948843
332,77.596069,12.950508
333,77.595662,12.950915
334,77.595817,12.946302
335,77.597735,12.947842
336,77.602560,12.946069
337,77.600555,12.946801
338,77.600851,12.947734
339,77.601146,12.942473
340,77.600769,12.943498
341,77.599901,12.943490
342,77.597411,12.951023
343,77.594189,12.953840
344,77.581557,12.954841
345,77.580758,12.952536
346,77.580348,12.951034
347,77.580327,12.950558
348,77.595249,12.945426
349,77.593175,12.941293
350,77.591209,12.942155
351,77.591221,12.942449
352,77.594009,12.942182
353,77.591045,12.943536
354,77.594571,12.944023
355,77.594711,12.943669
356,77.592116,12.947142
357,77.592128,12.941299
358,77.594140,12.947401
359,77.590895,12.945007
360,77.592787,12.940902
361,77.593451,12.947419
362,77.587977,12.946179
363,77.588145,12.945761
364,77.588708,12.944330
365,77.588240,12.945477
366,77.587056,12.943743
367,77.592162,12.956020
368,77.589844,12.958082
369,77.585879,12.959261
370,77.584598,12.958191
371,77.585242,12.958028
372,77.584444,12.955968
373,77.581698,12.957972
374,77.586380,12.960305
375,77.586570,12.961192
376,77.587509,12.960061
377,77.581267,12.961497
378,77.578581,12.962694
379,77.582003,12.963377
380,77.578554,12.962357
381,77.578527,12.962201
382,77.579672,12.961904
383,77.583119,12.960616
384,77.579655,12.961787
385,77.581041,12.961101
386,77.582874,12.960168
387,77.579633,12.961165
388,77.580793,12.960612
389,77.582591,12.959650
390,77.579855,12.960405
391,77.582333,12.959150
392,77.580188,12.959608
393,77.582076,12.958675
394,77.579622,12.961571
395,77.580486,12.961734
396,77.579760,12.962989
397,77.581938,12.962803
398,77.582364,12.962794
399,77.583932,12.963586
400,77.582361,12.963374
401,77.584046,12.962698
402,77.582384,12.962355
403,77.580135,12.958883
404,77.579625,12.955309
405,77.580451,12.957056
406,77.579859,12.955269
407,77.581471,12.956752
408,77.581166,12.958303
409,77.581540,12.958061
410,77.578008,12.957500
411,77.578563,12.959779
412,77.579230,12.959553
413,77.593317,12.949080
414,77.578157,12.955020
415,77.577554,12.954137
416,77.577385,12.953897
417,77.577218,12.953662
418,77.577709,12.953326
419,77.577884,12.954640
420,77.579155,12.954658
421,77.578310,12.955230
422,77.577592,12.956229
423,77.577704,12.954391
424,77.577057,12.953433
425,77.578721,12.952332
426,77.579292,12.952338
427,77.577931,12.953540
428,77.577952,12.952324
429,77.577974,12.950781
430,77.579978,12.952345
431,77.577141,12.952317
432,77.579985,12.953480
433,77.579990,12.954265
434,77.578693,12.954243
435,77.581472,12.952433
436,77.580454,12.950479
437,77.580213,12.949945
438,77.579316,12.950565
439,77.579330,12.949051
440,77.577986,12.949041
441,77.576774,12.951203
442,77.576774,12.950104
443,77.575893,12.949009
444,77.574213,12.948986
445,77.574493,12.950023
446,77.574470,12.950802
447,77.576489,12.952289
448,77.574480,12.949286
449,77.576322,12.956498
450,77.575321,12.953093
451,77.576325,12.959263
452,77.577609,12.958329
453,77.576327,12.958347
454,77.577631,12.958493
455,77.576334,12.958858
456,77.574631,12.964660
457,77.593048,12.958039
458,77.593651,12.959988
459,77.591108,12.962528
460,77.591757,12.962430
461,77.593875,12.962112
462,77.589991,12.958219
463,77.593228,12.962139
464,77.586039,12.939375
465,77.588995,12.941611
466,77.590060,12.940859
467,77.587385,12.939211
468,77.592704,12.936117
469,77.585937,12.936618
470,77.582845,12.943201
471,77.585156,12.942754
472,77.582829,12.942117
473,77.582740,12.941162
474,77.582820,12.939838
475,77.581930,12.943117
476,77.582869,12.942592
477,77.581907,12.941623
478,77.582740,12.941614
479,77.581900,12.941187
480,77.582763,12.940729
481,77.581407,12.943633
482,77.580109,12.939391
483,77.581872,12.939395
484,77.580112,12.938567
485,77.580117,12.937491
486,77.571392,12.958913
487,77.570954,12.958900
488,77.570666,12.958892
489,77.567311,12.959217
490,77.569444,12.960123
491,77.569540,12.958448
492,77.567345,12.958364
493,77.569590,12.957584
494,77.564467,12.959944
495,77.564513,12.958299
496,77.565949,12.957485
497,77.564533,12.957449
498,77.564489,12.959125
499,77.563300,12.959112
500,77.563326,12.958276
501,77.563354,12.957419
502,77.562084,12.958236
503,77.562059,12.959072
504,77.560810,12.958207
505,77.562110,12.957387
506,77.560829,12.957354
507,77.560792,12.959040
508,77.559234,12.959013
509,77.564501,12.958708
510,77.559240,12.958551
511,77.569563,12.958047
512,77.560820,12.957769
513,77.560774,12.959867
514,77.562034,12.959886
515,77.564436,12.960799
516,77.563258,12.960800
517,77.562020,12.960773
518,77.560754,12.960753
519,77.559173,12.961013
520,77.559250,12.957759
521,77.559256,12.957314
522,77.562045,12.959504
523,77.565857,12.959973
524,77.567278,12.960023
525,77.565888,12.959166
526,77.567379,12.957522
527,77.564895,12.960391
528,77.565275,12.960403
529,77.565930,12.962850
530,77.565257,12.960910
531,77.567506,12.963368
532,77.569935,12.961861
533,77.565245,12.961248
534,77.564423,12.961225
535,77.565917,12.958338
536,77.572275,12.953269
537,77.569818,12.953194
538,77.572286,12.952252
539,77.578380,12.946670
540,77.577285,12.946270
541,77.577307,12.945919
542,77.579226,12.943635
543,77.579549,12.946185
544,77.578861,12.943629
545,77.578848,12.945394
546,77.578488,12.943623
547,77.577781,12.940573
548,77.579577,12.943641
549,77.579419,12.936808
550,77.577195,12.939786
551,77.576898,12.938987
552,77.576899,12.938289
553,77.575343,12.938296
554,77.576908,12.937566
555,77.575340,12.937590
556,77.575873,12.936866
557,77.573836,12.939048
558,77.573839,12.937995
559,77.573839,12.937644
560,77.572949,12.936922
561,77.570283,12.937667
562,77.570545,12.939073
563,77.571992,12.939943
564,77.572345,12.943686
565,77.572367,12.940200
566,77.572944,12.940598
567,77.570416,12.942162
568,77.569638,12.940599
569,77.569705,12.938611
570,77.570031,12.938147
571,77.569226,12.939514
572,77.569390,12.937834
573,77.568753,12.939490
574,77.568770,12.937915
575,77.567909,12.937874
576,77.564493,12.938913
577,77.565933,12.938529
578,77.564505,12.938487
579,77.571797,12.936544
580,77.569316,12.936560
581,77.568836,12.935651
582,77.570260,12.936545
583,77.571015,12.936567
584,77.570676,12.935464
585,77.569268,12.935625
586,77.568855,12.935001
587,77.570584,12.934833
588,77.568877,12.933650
589,77.568607,12.933688
590,77.568027,12.933291
591,77.568745,12.933157
592,77.571420,12.932638
593,77.570570,12.931450
594,77.566922,12.930580
595,77.572949,12.936316
596,77.573816,12.935322
597,77.573820,12.934781
598,77.572947,12.934949
599,77.571952,12.934952
600,77.571317,12.932076
601,77.573647,12.931134
602,77.567024,12.930821
603,77.573784,12.947379
604,77.576349,12.947035
605,77.576776,12.946671
606,77.573783,12.946615
607,77.574216,12.946245
608,77.576776,12.945916
609,77.573817,12.945712
610,77.576778,12.944534
611,77.573269,12.947788
612,77.570129,12.947727
613,77.570139,12.947292
614,77.573258,12.947368
615,77.570153,12.946937
616,77.570469,12.946588
617,77.571571,12.945816
618,77.568139,12.948224
619,77.570352,12.943664
620,77.569513,12.946100
621,77.569456,12.944990
622,77.568643,12.946723
623,77.568687,12.944980
624,77.567860,12.944969
625,77.568275,12.947021
626,77.571813,12.944385
627,77.571836,12.943679
628,77.579224,12.945403
629,77.579447,12.947435
630,77.579968,12.949056
631,77.573842,12.938304
632,77.575417,12.936251
633,77.575422,12.935747
634,77.573817,12.935173
635,77.573795,12.934288
636,77.579607,12.934209
637,77.598921,12.951060
638,77.592318,12.956108
639,77.569363,12.929948
640,77.571718,12.929768
641,77.648703,12.959872
642,77.659697,12.959108
643,77.661163,12.959334
644,77.626098,12.975712
645,77.626748,12.976595
646,77.627275,12.977468
647,77.617872,12.965422
648,77.620328,12.966640
649,77.625214,12.965971
650,77.571294,13.001887
651,77.571190,13.006416
652,77.571166,13.009386
653,77.558876,13.018084
654,77.646015,12.981238
655,77.646940,12.972690
656,77.647316,12.970966
657,77.647435,12.970444
658,77.648243,12.967101
659,77.649414,12.964203
660,77.649204,12.963257
661,77.649322,12.962235
662,77.649109,12.959824
663,77.612497,12.961799
664,77.613720,12.961541
665,77.618897,12.962471
666,77.579070,12.964561
667,77.583454,12.964136
668,77.583707,12.964123
669,77.583439,12.964719
670,77.582902,12.964702
671,77.582734,12.964702
672,77.582333,12.964693
673,77.581869,12.964713
674,77.581578,12.964733
675,77.581174,12.964800
676,77.580795,12.964840
677,77.580424,12.964870
678,77.579688,12.965032
679,77.579067,12.965272
680,77.578799,12.965365
681,77.578460,12.965463
682,77.578081,12.965685
683,77.577797,12.965817
684,77.575698,12.977090
685,77.576508,12.977064
686,77.577324,12.976995
687,77.577974,12.976932
688,77.579954,12.976757
689,77.582417,12.975137
690,77.588002,12.981217
691,77.592721,12.984259
692,77.602906,12.980743
693,77.603862,12.980407
694,77.603454,12.978999
695,77.623273,12.933456
696,77.616866,12.934010
697,77.616272,12.934438
698,77.618148,12.936830
699,77.618584,12.937803
700,77.620976,12.936341
701,77.623801,12.934585
702,77.647514,12.973109
703,77.647911,12.972975
704,77.649110,12.972423
705,77.651035,12.972522
706,77.652162,12.972287
707,77.653755,12.972149
708,77.653993,12.972100
709,77.655242,12.971787
710,77.658125,12.971558
711,77.633160,12.930055
712,77.631006,12.933139
713,77.629049,12.935128
714,77.628973,12.930674
715,77.640943,12.963627
716,77.638854,12.964786
717,77.637632,12.962325
718,77.609625,12.966823
719,77.594783,12.981859
720,77.593304,12.985715
721,77.596155,12.990638
722,77.595414,12.990312
723,77.594321,12.991936
724,77.626420,12.927052
725,77.623198,12.931242
726,77.624842,12.930606
727,77.625549,12.930562
728,77.648191,12.953793
729,77.648498,12.954555
730,77.648575,12.954853
731,77.648410,12.954296
732,77.648545,12.955236
733,77.649361,12.954250
734,77.649484,12.954527
735,77.649608,12.954849
736,77.649666,12.957033
737,77.637685,12.965933
738,77.635953,12.969315
739,77.635933,12.969815
740,77.635927,12.970411
741,77.644798,12.950667
742,77.646480,12.947943
743,77.647811,12.947200
744,77.648237,12.946763
745,77.649067,12.946023
746,77.649380,12.947420
747,77.641387,12.954716
748,77.585246,12.943559
749,77.653042,12.954579
750,77.653942,12.954330
751,77.654279,12.955215
752,77.654495,12.956714
753,77.584948,12.930769
754,77.586052,12.988959
755,77.584081,13.003679
756,77.583828,13.009040
757,77.583799,13.010075
758,77.584493,13.022916
759,77.576166,12.975568
760,77.585106,12.993996
761,77.593405,12.994787
762,77.648870,12.953532
763,77.649100,12.954036
764,77.641660,12.961930
765,77.641617,12.962558
766,77.587941,12.966845
767,77.574665,12.974275
768,77.570087,12.981433
769,77.570733,12.980664
770,77.572222,12.980320
771,77.572417,12.980354
772,77.573673,12.980586
773,77.641884,12.960549
774,77.641420,12.960567
775,77.640244,12.961420
776,77.641018,12.961498
777,77.643582,12.968650
778,77.643564,12.969095
779,77.643540,12.969687
780,77.643514,12.970321
781,77.591026,12.974679
782,77.589676,12.965206
783,77.589604,12.965731
784,77.587421,12.966951
785,77.587606,12.967823
786,77.589523,12.963016
787,77.567322,12.943619
788,77.562204,12.936728
789,77.562014,12.936521
790,77.607676,12.980859
791,77.607124,12.979279
792,77.604368,12.981867
793,77.603891,12.984125
794,77.604883,12.984130
795,77.613800,12.979617
796,77.614468,12.980688
797,77.615309,12.980872
798,77.612979,12.981568
799,77.612392,12.982350
800,77.615647,12.982359
801,77.615622,12.981753
802,77.615937,12.982840
803,77.637546,12.982261
804,77.640700,12.982443
805,77.637107,12.980126
806,77.635856,12.973078
807,77.628975,12.969186
808,77.631083,12.969905
809,77.632410,12.970351
810,77.634286,12.970966
811,77.639587,12.972605
812,77.627555,12.971498
813,77.628965,12.968466
814,77.628921,12.968186
815,77.626277,12.965468
816,77.633006,12.968783
817,77.633934,12.965384
818,77.634249,12.965410
819,77.635049,12.965225
820,77.635536,12.964674
821,77.637009,12.966834
822,77.636227,12.975986
823,77.655803,12.947397
824,77.655973,12.947374
825,77.599925,12.991841
826,77.601630,12.984573
827,77.603396,12.982168
828,77.600336,12.983129
829,77.605216,12.990653
830,77.606137,12.988492
831,77.606136,12.987914
832,77.605692,12.985631
833,77.606874,12.985375
834,77.607157,12.985296
835,77.608477,12.984912
836,77.608934,12.984843
837,77.609842,12.984699
838,77.610360,12.984770
839,77.610497,12.984864
840,77.598532,12.981075
841,77.588743,12.976566
842,77.588343,12.977241
843,77.575492,12.981963
844,77.576503,12.982962
845,77.572224,12.985094
846,77.574669,12.974820
847,77.572375,12.980429
848,77.575665,12.977217
849,77.575327,12.978178
850,77.579725,12.986579
851,77.575571,12.987989
852,77.574263,12.987826
853,77.571844,12.989877
854,77.573428,12.989436
855,77.573957,12.989027
856,77.574103,12.988779
857,77.574672,12.985391
858,77.574532,12.982598
859,77.574763,13.014743
860,77.571656,13.008566
861,77.584049,13.002848
862,77.569192,13.007306
863,77.569282,13.003678
864,77.569348,13.001022
865,77.569393,12.999240
866,77.561663,13.011542
867,77.563191,13.008943
868,77.634677,13.030003
869,77.633580,13.028638
870,77.632137,13.026703
871,77.630088,13.020374
872,77.627144,13.014566
873,77.626725,13.014045
874,77.623666,13.009625
875,77.621217,13.006544
876,77.616915,12.995889
877,77.617988,12.996354
878,77.619732,12.999714
879,77.620269,13.000152
880,77.620258,13.000336
881,77.617257,12.997060
882,77.618113,12.999351
883,77.618297,13.000308
884,77.617214,13.000413
885,77.616045,13.000534
886,77.616108,13.001137
887,77.616196,13.002394
888,77.618688,13.001409
889,77.619023,13.002339
890,77.616062,13.001618
891,77.616227,13.002296
892,77.617350,12.995293
893,77.630590,13.022525
894,77.648926,12.956733
895,77.643396,12.960494
896,77.643397,12.960866
897,77.641818,12.961872
898,77.642458,12.961243
899,77.641788,12.960933
900,77.641676,12.963363
901,77.641730,12.961933
902,77.641697,12.962558
903,77.645483,12.958860
904,77.644762,12.957458
905,77.646078,12.960181
906,77.644642,12.957318
907,77.640867,12.961099
908,77.640935,12.960874
909,77.641114,12.960767
910,77.653260,12.955432
911,77.653651,12.956883
912,77.637990,12.961005
913,77.649795,12.959657
914,77.649114,12.959735
915,77.646020,12.960092
916,77.641560,12.960648
917,77.627611,12.930350
918,77.626822,12.930448
919,77.619227,12.939122
920,77.620231,12.940504
921,77.588798,12.928841
922,77.587052,12.930753
923,77.588125,12.930880
924,77.588298,12.932213
925,77.586631,12.932351
926,77.589268,12.932286
927,77.589480,12.932152
928,77.589789,12.931949
929,77.590336,12.931601
930,77.591920,12.930263
931,77.590087,12.931161
932,77.589139,12.931644
933,77.588880,12.931821
934,77.590738,12.931429
935,77.590500,12.930915
936,77.590851,12.931692
937,77.592014,12.931261
938,77.591849,12.930910
939,77.591620,12.930406
940,77.636910,13.020831
941,77.636096,13.016144
942,77.635361,13.012745
943,77.636053,13.004828
944,77.637234,13.004967
945,77.582335,12.926353
946,77.582284,12.929218
947,77.582295,12.930847
948,77.582705,12.928704
949,77.582724,12.929651
950,77.582759,12.930837
951,77.582756,12.931635
952,77.583125,12.928698
953,77.583174,12.930109
954,77.583528,12.928692
955,77.583569,12.930484
956,77.583543,12.930826
957,77.583585,12.932938
958,77.581903,12.931642
959,77.581849,12.928815
960,77.584879,12.934050
961,77.583914,12.933116
962,77.583859,12.930437
963,77.584945,12.930407
964,77.584943,12.930259
965,77.586056,12.930241
966,77.586039,12.929101
967,77.584382,12.930775
968,77.584381,12.930423
969,77.588363,12.984486
970,77.627419,12.936799
971,77.624994,12.934835
972,77.571093,12.962263
973,77.587041,12.943036
974,77.572963,12.935344
975,77.572890,12.934461
976,77.570265,12.936961
977,77.578517,12.942117
978,77.577762,12.942114
979,77.578544,12.940575
980,77.578519,12.941634
981,77.579262,12.941638
982,77.579245,12.942120
983,77.579272,12.940577
984,77.579608,12.940579
985,77.579985,12.942564
986,77.579234,12.942560
987,77.578515,12.942556
988,77.580510,12.960123
989,77.599729,12.947423
990,77.600247,12.948890
991,77.576633,12.958345
992,77.576354,12.946668
993,77.576352,12.947408
994,77.575245,12.947392
995,77.575237,12.947000
996,77.575234,12.946645
997,77.575241,12.946249
998,77.575246,12.945899
999,77.575252,12.945540
1000,77.575248,12.945026
1001,77.574216,12.945028
1002,77.574239,12.945580
1003,77.574220,12.945889
1004,77.576358,12.946288
1005,77.576374,12.945910
1006,77.575247,12.947797
1007,77.576775,12.948320
1008,77.595739,12.950339
1009,77.595987,12.949849
1010,77.595493,12.950825
1011,77.593982,12.950052
1012,77.594230,12.949565
1013,77.594483,12.949061
1014,77.595572,12.949006
1015,77.595311,12.949495
1016,77.595053,12.949987
1017,77.594787,12.950464
1018,77.594747,12.948594
1019,77.578709,12.953462
1020,77.579279,12.953470
1021,77.577573,12.952321
1022,77.597832,12.950657
1023,77.570296,12.945000
1024,77.568309,12.944975
1025,77.600285,12.942866
1026,77.600565,12.942791
1027,77.572941,12.938709
1028,77.572932,12.937650
1029,77.577629,12.949038
1030,77.579555,12.945411
1031,77.578754,12.945432
1032,77.585621,12.930761
1033,77.585219,12.930767
1034,77.584804,12.930770
1035,77.622623,12.931492
1036,77.619710,12.936255
1037,77.619174,12.935372
1038,77.620119,12.936868
1039,77.618879,12.936743
1040,77.619895,12.936520
1041,77.617260,12.936366
1042,77.617183,12.935782
1043,77.616977,12.934704
1044,77.615861,12.936093
1045,77.616518,12.934851
1046,77.617417,12.934582
1047,77.617890,12.934632
1048,77.618589,12.934629
1049,77.619497,12.935927
1050,77.619617,12.933687
1051,77.620052,12.934614
1052,77.618849,12.935581
1053,77.619186,12.936114
1054,77.624689,12.928357
1055,77.626145,12.930513
1056,77.624349,12.929270
1057,77.622135,12.930241
1058,77.622674,12.930011
1059,77.623018,12.930820
1060,77.624659,12.930144
1061,77.622844,12.930411
1062,77.624524,12.929715
1063,77.625263,12.928123
1064,77.626529,12.936861
1065,77.626904,12.936438
1066,77.627704,12.935600
1067,77.627569,12.932879
1068,77.626010,12.934213
1069,77.626615,12.933844
1070,77.628787,12.935398
1071,77.626945,12.935034
1072,77.626665,12.935240
1073,77.625543,12.936085
1074,77.625671,12.935421
1075,77.626687,12.934825
1076,77.625358,12.935166
1077,77.626365,12.934548
1078,77.628236,12.935048
1079,77.629096,12.934036
1080,77.627990,12.934868
1081,77.628845,12.933861
1082,77.627053,12.934181
1083,77.627683,12.933490
1084,77.627932,12.933154
1085,77.627278,12.933947
1086,77.628223,12.934602
1087,77.627483,12.933721
1088,77.628415,12.934377
1089,77.628619,12.934132
1090,77.628031,12.933231
1091,77.628796,12.932377
1092,77.629708,12.930553
1093,77.629918,12.931693
1094,77.629432,12.931185
1095,77.630602,12.930309
1096,77.633542,12.929857
1097,77.630202,12.934868
1098,77.634020,12.931090
1099,77.633958,12.931591
1100,77.587428,12.932751
1101,77.587393,12.932291
1102,77.589442,12.931489
1103,77.591815,12.929983
1104,77.589913,12.930848
1105,77.589278,12.931206
1106,77.638332,12.958449
1107,77.641130,12.959972
1108,77.640878,12.958207
1109,77.640757,12.960019
1110,77.640601,12.958958
1111,77.627736,12.932688
1112,77.627451,12.930372
1113,77.627528,12.930944
1114,77.628404,12.930778
1115,77.627688,12.932092
1116,77.614877,12.936452
1117,77.611492,12.937071
1118,77.618033,12.935233
1119,77.618126,12.934627
1120,77.618257,12.935217
1121,77.617538,12.935275
1122,77.618721,12.935187
1123,77.614603,12.936469
1124,77.613073,12.935626
1125,77.614587,12.936390
1126,77.614957,12.935727
1127,77.613408,12.936629
1128,77.612719,12.934624
1129,77.616624,12.934128
1130,77.613540,12.932504
1131,77.613299,12.932953
1132,77.611721,12.930868
1133,77.609861,12.931103
1134,77.609736,12.934691
1135,77.609819,12.930916
1136,77.608220,12.931057
1137,77.608148,12.931231
1138,77.607359,12.931362
1139,77.607514,12.936051
1140,77.607329,12.933896
1141,77.607358,12.931191
1142,77.600741,12.931251
1143,77.613325,12.932018
1144,77.602782,12.936945
1145,77.601799,12.937303
1146,77.612269,12.970610
1147,77.612966,12.970641
1148,77.614798,12.970469
1149,77.615360,12.969122
1150,77.614753,12.971116
1151,77.614799,12.971766
1152,77.620847,12.955343
1153,77.620318,12.949158
1154,77.623900,12.943739
1155,77.622780,12.942525
1156,77.602232,12.939443
1157,77.581033,12.935838
1158,77.580579,12.933583
1159,77.580551,12.934809
1160,77.582645,12.933000
1161,77.582670,12.934210
1162,77.582705,12.935846
1163,77.583930,12.934076
1164,77.584029,12.935257
1165,77.582706,12.935262
1166,77.588242,12.931810
1167,77.588826,12.931755
1168,77.589761,12.930576
1169,77.587857,12.930196
1170,77.587030,12.930231
1171,77.587991,12.930518
1172,77.587048,12.930544
1173,77.591056,12.929556
1174,77.589598,12.930283
1175,77.588987,12.930601
1176,77.583881,12.931510
1177,77.583572,12.931505
1178,77.583573,12.931614
1179,77.582280,12.931639
1180,77.580595,12.931653
1181,77.571802,12.984516
1182,77.571608,12.991016
1183,77.561380,13.018639
1184,77.561815,13.019179
1185,77.562661,13.020532
1186,77.563131,13.022493
1187,77.561997,13.028057
1188,77.612285,13.004616
1189,77.613206,13.008489
1190,77.619115,13.021308
1191,77.620242,13.026994
1192,77.621801,13.032016
1193,77.581579,12.928720
1194,77.579699,12.928745
1195,77.578081,12.929627
1196,77.579667,12.930063
1197,77.578086,12.930087
1198,77.576467,12.930112
1199,77.583579,12.932150
1200,77.582272,12.932167
1201,77.589555,12.933244
1202,77.587398,12.934043
1203,77.589700,12.933871
1204,77.588900,12.933904
1205,77.588585,12.932627
1206,77.587428,12.933675
1207,77.588813,12.933555
1208,77.587413,12.933384
1209,77.588741,12.933265
1210,77.587396,12.933093
1211,77.588669,12.932971
1212,77.583893,12.932146
1213,77.589448,12.930012
1214,77.597488,12.929640
1215,77.624661,12.930671
1216,77.625033,12.931784
1217,77.625877,12.934299
1218,77.625294,12.932578
1219,77.625701,12.933855
1220,77.624616,12.934525
1221,77.623683,12.932458
1222,77.623101,12.932711
1223,77.622713,12.933540
1224,77.623308,12.934883
1225,77.619938,12.934402
1226,77.622640,12.934273
1227,77.621410,12.936066
1228,77.620544,12.934321
1229,77.621003,12.935243
1230,77.622950,12.934102
1231,77.621202,12.935643
1232,77.623119,12.934467
1233,77.617828,12.936524
1234,77.618994,12.935824
1235,77.619304,12.935646
1236,77.620290,12.935054
1237,77.617602,12.935754
1238,77.620094,12.935567
1239,77.620623,12.936564
1240,77.620436,12.936204
1241,77.620274,12.935888
1242,77.620451,12.935352
1243,77.616070,12.935734
1244,77.616797,12.936283
1245,77.592532,12.929688
1246,77.593687,12.930059
1247,77.606988,12.943985
1248,77.606188,12.943939
1249,77.605137,12.951842
1250,77.608324,12.951910
1251,77.609870,12.951735
1252,77.611895,12.952044
1253,77.611372,12.954512
1254,77.611792,12.955992
1255,77.619122,12.952924
1256,77.617570,12.953677
1257,77.614221,12.955042
1258,77.613472,12.955414
1259,77.614454,12.964622
1260,77.614789,12.962996
1261,77.614764,12.961535
1262,77.616620,12.957952
1263,77.616196,12.961641
1264,77.607569,12.969610
1265,77.608098,12.969498
1266,77.608567,12.969376
1267,77.610050,12.968989
1268,77.610726,12.968811
1269,77.626395,12.935410
1270,77.627218,12.936103
1271,77.627435,12.935879
1272,77.624441,12.935190
1273,77.622258,12.936107
1274,77.625411,12.936113
1275,77.623824,12.937984
1276,77.622290,12.939703
1277,77.621947,12.935739
1278,77.621448,12.938828
1279,77.620327,12.936745
1280,77.623698,12.935234
1281,77.625125,12.936440
1282,77.623152,12.935558
1283,77.624526,12.937185
1284,77.622590,12.935900
1285,77.623268,12.936711
1286,77.624122,12.937644
1287,77.622931,12.936932
1288,77.623499,12.937597
1289,77.621850,12.939282
1290,77.620590,12.937234
1291,77.621165,12.936913
1292,77.622225,12.938948
1293,77.619167,12.937450
1294,77.620427,12.939606
1295,77.621865,12.941085
1296,77.622839,12.941857
1297,77.623542,12.938309
1298,77.623834,12.938543
1299,77.622858,12.939621
1300,77.620538,12.937137
1301,77.619385,12.937834
1302,77.620719,12.937478
1303,77.619570,12.938170
1304,77.620899,12.937807
1305,77.619758,12.938489
1306,77.620125,12.938270
1307,77.620754,12.939356
1308,77.620443,12.938079
1309,77.621087,12.939103
1310,77.621699,12.939111
1311,77.620769,12.940023
1312,77.622817,12.940177
1313,77.623776,12.940923
1314,77.622430,12.942244
1315,77.621018,12.939729
1316,77.622163,12.940804
1317,77.621351,12.939443
1318,77.622453,12.940526
1319,77.625115,12.939594
1320,77.624078,12.940620
1321,77.623233,12.939230
1322,77.624441,12.940264
1323,77.623442,12.938991
1324,77.624683,12.940023
1325,77.623622,12.938778
1326,77.624883,12.939825
1327,77.622120,12.940846
1328,77.623064,12.941630
1329,77.622340,12.940634
1330,77.623276,12.941439
1331,77.622565,12.940418
1332,77.623508,12.941230
1333,77.612937,12.935148
1334,77.614765,12.936084
1335,77.612867,12.936735
1336,77.613033,12.937466
1337,77.612924,12.937026
1338,77.614694,12.936745
1339,77.615641,12.936072
1340,77.614848,12.937213
1341,77.612974,12.937214
1342,77.614544,12.936949
1343,77.611637,12.937757
1344,77.611689,12.938027
1345,77.612639,12.937555
1346,77.611591,12.937536
1347,77.612586,12.937318
1348,77.611548,12.937327
1349,77.612538,12.937101
1350,77.623068,12.931302
1351,77.623257,12.931796
1352,77.624362,12.931272
1353,77.623364,12.932076
1354,77.624908,12.931406
1355,77.640554,12.958616
1356,77.640935,12.958581
1357,77.638385,12.958859
1358,77.639740,12.959048
1359,77.638975,12.960206
1360,77.638780,12.958812
1361,77.639686,12.958704
1362,77.635808,12.960537
1363,77.638576,12.960254
1364,77.635858,12.961011
1365,77.641206,12.960474
1366,77.639894,12.960109
1367,77.639995,12.960791
1368,77.635296,12.962368
1369,77.636501,12.962037
1370,77.574106,12.977424
1371,77.574032,12.977512
1372,77.643663,12.955851
1373,77.641458,12.955870
1374,77.641870,12.954695
1375,77.641956,12.955865
1376,77.643536,12.955124
1377,77.641890,12.955143
1378,77.643609,12.955486
1379,77.641913,12.955500
1380,77.636362,12.958652
1381,77.638088,12.960280
1382,77.642685,12.960455
1383,77.642250,12.960494
1384,77.642703,12.960616
1385,77.642263,12.960662
1386,77.637045,12.961235
1387,77.637059,13.026092
1388,77.574224,12.992756
1389,77.574823,12.992329
1390,77.569902,12.996303
1391,77.573245,12.996369
1392,77.573558,12.995717
1393,77.573700,12.995049
1394,77.571472,12.994189
1395,77.573839,12.994379
1396,77.572259,12.987622
1397,77.593545,12.988890
1398,77.595077,12.986905
1399,77.594392,12.985298
1400,77.597419,12.991411
1401,77.647282,12.961108
1402,77.638137,12.963237
1403,77.638030,12.963042
1404,77.603342,12.950289
1405,77.603426,12.950500
1406,77.637674,12.960329
1407,77.637440,12.958540
1408,77.638207,12.965711
1409,77.639355,12.964677
1410,77.639748,12.964424
1411,77.639671,12.964276
1412,77.636365,12.956326
1413,77.637939,12.956367
1414,77.593644,12.988764
1415,77.594309,12.992221
1416,77.588860,12.993195
1417,77.593285,12.990482
1418,77.592209,12.995209
1419,77.583987,12.963857
1420,77.579271,12.969073
1421,77.578642,12.968003
1422,77.578324,12.967396
1423,77.578003,12.966735
1424,77.577616,12.965871
1425,77.576893,12.964206
1426,77.641321,12.958165
1427,77.657358,12.959266
1428,77.657513,12.960571
1429,77.657159,12.961016
1430,77.657596,12.962653
1431,77.658083,12.964184
1432,77.657456,12.965236
1433,77.657768,12.967268
1434,77.589453,12.962198
1435,77.630271,13.032027
1436,77.633048,13.027985
1437,77.631436,13.024678
1438,77.637197,13.022767
1439,77.638246,13.005641
1440,77.637016,13.004875
1441,77.636484,13.004359
1442,77.641089,12.998335
1443,77.641766,12.997285
1444,77.643606,12.995173
1445,77.632487,13.027654
1446,77.619099,12.972508
1447,77.609375,12.974741
1448,77.612970,12.973890
1449,77.612127,12.974084
1450,77.600538,12.976568
1451,77.615111,12.973387
1452,77.602543,12.976381
1453,77.627120,13.029919
1454,77.628664,13.029511
1455,77.636971,13.026317
1456,77.647419,13.022429
1457,77.647586,13.022780
1458,77.633121,13.027293
1459,77.633998,13.026967
1460,77.634924,13.026624
1461,77.635456,13.026463
1462,77.639944,13.025490
1463,77.647867,13.022014
1464,77.650618,13.020822
1465,77.655399,13.018681
1466,77.651613,12.992054
1467,77.662326,12.996906
1468,77.642742,12.953888
1469,77.579921,12.959061
1470,77.614352,12.997098
1471,77.613388,12.995893
1472,77.614159,12.995356
1473,77.617998,12.989645
1474,77.615729,12.989522
1475,77.612456,12.992904
1476,77.613372,12.994220
1477,77.613686,12.994687
1478,77.617817,12.998240
1479,77.619296,12.999269
1480,77.619981,12.999854
1481,77.620233,13.000067
1482,77.615327,12.993493
1483,77.615784,12.994391
1484,77.616079,12.994865
1485,77.616509,12.995634
1486,77.611741,12.996711
1487,77.640738,13.007500
1488,77.637580,13.005220
1489,77.646430,13.011592
1490,77.653863,13.018172
1491,77.633744,12.982361
1492,77.657535,13.010120
1493,77.659353,13.013974
1494,77.585945,12.989351
1495,77.584564,12.997112
1496,77.584152,13.002785
1497,77.584026,13.016605
1498,77.583933,13.019243
1499,77.650417,13.021555
1500,77.650695,13.022216
1501,77.651835,13.022407
1502,77.654479,13.023367
1503,77.654216,13.022836
1504,77.610272,12.981537
1505,77.605412,12.981566
1506,77.643178,13.035352
1507,77.652590,13.017312
1508,77.653073,13.017081
1509,77.653999,13.017334
1510,77.653592,13.014944
1511,77.654210,13.014969
1512,77.657959,13.014488
1513,77.636846,13.004417
1514,77.637562,13.005238
1515,77.636941,13.003620
1516,77.636372,13.004022
1517,77.632713,13.030540
1518,77.635031,13.028280
1519,77.634609,13.027363
1520,77.632762,13.029400
1521,77.640823,12.960616
1522,77.642269,12.960593
1523,77.642309,12.960726
1524,77.642085,12.960695
1525,77.643429,12.961466
1526,77.643463,12.962436
1527,77.643827,12.963954
1528,77.641694,12.962655
1529,77.644439,12.962323
1530,77.641793,12.960359
1531,77.641598,12.959329
1532,77.641570,12.959067
1533,77.641556,12.960390
1534,77.639958,12.960621
1535,77.638608,12.960751
1536,77.639840,12.958686
1537,77.639822,12.958307
1538,77.639784,12.957605
1539,77.638204,12.957707
1540,77.635838,12.957958
1541,77.635265,12.959476
1542,77.635031,12.960168
1543,77.639809,12.957906
1544,77.638269,12.958080
1545,77.637576,12.958526
1546,77.637493,12.957770
1547,77.637176,12.957806
1548,77.637262,12.958559
1549,77.636971,12.958589
1550,77.636872,12.957840
1551,77.636682,12.958619
1552,77.636592,12.957872
1553,77.636278,12.957908
1554,77.636435,12.959323
1555,77.636226,12.956832
1556,77.636837,12.956757
1557,77.636963,12.957830
1558,77.636128,12.957109
1559,77.636867,12.957025
1560,77.637568,12.956944
1561,77.636030,12.957390
1562,77.636899,12.957290
1563,77.637757,12.957178
1564,77.635943,12.957644
1565,77.636928,12.957538
1566,77.635923,12.958058
1567,77.636157,12.960049
1568,77.637267,12.960373
1569,77.637117,12.959263
1570,77.637214,12.959938
1571,77.635563,12.958672
1572,77.635744,12.960093
1573,77.636077,12.959366
1574,77.636408,12.959107
1575,77.637500,12.959032
1576,77.637165,12.959587
1577,77.636116,12.959703
1578,77.634746,12.961162
1579,77.635141,12.961109
1580,77.635431,12.961070
1581,77.635314,12.960138
1582,77.637806,12.957735
1583,77.639810,12.958018
1584,77.641303,12.957848
1585,77.638085,12.961298
1586,77.637459,12.962006
1587,77.635178,12.961606
1588,77.635199,12.962501
1589,77.635151,12.963120
1590,77.635075,12.963795
1591,77.636493,12.963039
1592,77.636584,12.961675
1593,77.636480,12.961334
1594,77.637148,12.961446
1595,77.575494,12.974469
1596,77.572304,12.974441
1597,77.570642,12.975018
1598,77.568130,12.982394
1599,77.570636,12.974668
1600,77.570807,12.977305
1601,77.570852,12.978639
1602,77.615679,12.941854
1603,77.618749,12.945817
1604,77.617528,12.943440
1605,77.617489,12.943012
1606,77.617360,12.941714
1607,77.616197,12.941774
1608,77.615935,12.941798
1609,77.643218,13.020961
1610,77.643249,13.021774
1611,77.633876,13.020899
1612,77.633537,13.020917
1613,77.633950,13.023832
1614,77.636496,13.018004
1615,77.634889,13.018317
1616,77.635211,13.019810
1617,77.633709,13.019961
1618,77.647352,13.018209
1619,77.644861,13.015024
1620,77.639382,13.015802
1621,77.639382,13.017402
1622,77.637753,13.016805
1623,77.636306,13.017211
1624,77.627665,13.015797
1625,77.628630,13.021079
1626,77.629481,13.023377
1627,77.629633,13.023639
1628,77.630314,13.024603
1629,77.630581,13.025443
1630,77.631485,13.026944
1631,77.631345,13.029047
1632,77.631270,13.029206
1633,77.627874,13.025866
1634,77.625853,13.026201
1635,77.630805,13.029340
1636,77.628873,13.029933
1637,77.627248,13.030333
1638,77.625320,13.030782
1639,77.625062,13.030853
1640,77.632046,13.028423
1641,77.637255,13.027982
1642,77.636483,13.026812
1643,77.636643,13.027839
1644,77.640841,13.025747
1645,77.640958,13.027634
1646,77.639272,13.028013
1647,77.639598,13.021962
1648,77.639533,13.021220
1649,77.639460,13.019521
1650,77.642752,13.015248
1651,77.643015,13.016765
1652,77.649105,13.014412
1653,77.648056,13.014609
1654,77.651468,13.018876
1655,77.646908,13.014779
1656,77.655097,13.019481
1657,77.659863,12.990763
1658,77.640887,12.979085
1659,77.606616,12.983727
1660,77.611990,12.986203
1661,77.613213,12.989215
1662,77.640014,12.956405
1663,77.639840,12.954838
1664,77.610513,12.982206
1665,77.605300,12.990186
1666,77.609147,12.990034
1667,77.607128,12.990378
1668,77.606008,12.990191
1669,77.603806,12.990053
1670,77.602864,12.989990
1671,77.632709,13.024267
1672,77.632380,13.022467
1673,77.633801,13.026480
1674,77.635558,13.029127
1675,77.635421,13.028712
1676,77.635277,13.027139
1677,77.635652,13.027985
1678,77.634034,13.029167
1679,77.635799,13.028611
1680,77.635627,13.029330
1681,77.612673,12.937708
1682,77.616730,12.935825
1683,77.619988,12.935238
1684,77.619637,12.934616
1685,77.619050,12.934948
1686,77.618676,12.934952
1687,77.619834,12.934978
1688,77.622914,12.935699
1689,77.624365,12.937368
1690,77.625476,12.936737
1691,77.625988,12.937159
1692,77.624183,12.937575
1693,77.624565,12.937909
1694,77.625069,12.938345
1695,77.625346,12.938577
1696,77.626266,12.937397
1697,77.625219,12.937068
1698,77.625715,12.937489
1699,77.625028,12.937302
1700,77.625539,12.937722
1701,77.624800,12.937607
1702,77.625331,12.937999
1703,77.618051,12.939456
1704,77.618107,12.939741
1705,77.618440,12.940946
1706,77.618704,12.941311
1707,77.619660,12.942199
1708,77.619399,12.943151
1709,77.618910,12.943427
1710,77.618739,12.943461
1711,77.617814,12.943509
1712,77.622562,12.933170
1713,77.620204,12.933136
1714,77.620223,12.933642
1715,77.621522,12.933129
1716,77.621519,12.933581
1717,77.618935,12.934035
1718,77.619408,12.934095
1719,77.618933,12.934256
1720,77.619482,12.934284
1721,77.615166,12.936795
1722,77.615489,12.936996
1723,77.615307,12.936603
1724,77.615779,12.936907
1725,77.615429,12.936409
1726,77.617452,12.937116
1727,77.618106,12.936877
1728,77.617902,12.936984
1729,77.618373,12.938834
1730,77.619079,12.938863
1731,77.618006,12.939183
1732,77.618209,12.938192
1733,77.618691,12.938065
1734,77.616654,12.939806
1735,77.617315,12.941082
1736,77.617618,12.941087
1737,77.618003,12.941058
1738,77.618742,12.939247
1739,77.619777,12.940746
1740,77.618444,12.939343
1741,77.619478,12.940908
1742,77.616468,12.940769
1743,77.617558,12.940752
1744,77.616983,12.940752
1745,77.616575,12.939606
1746,77.616755,12.940093
1747,77.616855,12.940381
1748,77.618176,12.940085
1749,77.617439,12.940250
1750,77.617521,12.940571
1751,77.618260,12.940397
1752,77.618335,12.940668
1753,77.617578,12.940860
1754,77.615790,12.939840
1755,77.616210,12.941145
1756,77.616213,12.941469
1757,77.617338,12.941379
1758,77.616554,12.941119
1759,77.616133,12.939723
1760,77.616699,12.940761
1761,77.615747,12.940459
1762,77.615682,12.940281
1763,77.615338,12.940806
1764,77.615084,12.940751
1765,77.615897,12.940167
1766,77.615174,12.940917
1767,77.615517,12.941945
1768,77.614835,12.940817
1769,77.615822,12.939941
1770,77.616119,12.943721
1771,77.616562,12.941764
1772,77.616476,12.943236
1773,77.616505,12.942896
1774,77.617451,12.942651
1775,77.616914,12.942784
1776,77.616134,12.943303
1777,77.616923,12.944979
1778,77.616562,12.944131
1779,77.617548,12.943574
1780,77.621236,12.941420
1781,77.580801,12.917194
1782,77.650526,13.013523
1783,77.651062,13.014578
1784,77.652204,13.014350
1785,77.572356,13.021245
1786,77.571062,13.029093
1787,77.566751,13.032447
1788,77.563584,13.029981
1789,77.617143,13.004496
1790,77.617337,13.004950
1791,77.617667,13.005665
1792,77.618525,13.004457
1793,77.622132,13.002823
1794,77.612508,13.006837
1795,77.614624,13.006029
1796,77.614946,12.994856
1797,77.616562,12.998097
1798,77.628580,12.940829
1799,77.631563,12.940864
1800,77.573049,12.939934
1801,77.573303,12.940657
1802,77.656346,12.980012
1803,77.641900,12.970826
1804,77.641999,12.970229
1805,77.642042,12.968605
1806,77.604258,13.004354
1807,77.609262,13.001461
1808,77.610029,13.000811
1809,77.617458,13.001951
1810,77.619353,13.003325
1811,77.591968,12.992622
1812,77.591622,12.990422
1813,77.591719,12.991305
1814,77.660871,12.984121
1815,77.643399,13.009297
1816,77.646738,12.975827
1817,77.645994,12.976785
1818,77.645720,12.978506
1819,77.646820,12.974576
1820,77.640984,12.977154
1821,77.643539,12.973934
1822,77.645279,12.973983
1823,77.642268,12.975682
1824,77.642874,12.975702
1825,77.641645,12.976646
1826,77.645449,12.976767
1827,77.646649,12.977345
1828,77.642913,12.977224
1829,77.641624,12.977183
1830,77.640955,12.977671
1831,77.645760,12.977822
1832,77.645491,12.975787
1833,77.641748,12.973877
1834,77.641565,12.978362
1835,77.642878,12.978407
1836,77.644188,12.978453
1837,77.645066,12.974504
1838,77.646125,12.974550
1839,77.646052,12.975805
1840,77.645641,12.979234
1841,77.644105,12.979185
1842,77.642671,12.979140
1843,77.642857,12.978780
1844,77.622325,12.975338
1845,77.622661,12.975410
1846,77.623389,12.975365
1847,77.643134,12.973918
1848,77.643155,12.973395
1849,77.643271,12.970861
1850,77.643298,12.970315
1851,77.643494,12.975058
1852,77.641681,12.975663
1853,77.642021,12.969626
1854,77.642039,12.969037
1855,77.642708,12.968624
1856,77.642797,12.967507
1857,77.641481,12.967469
1858,77.642100,12.967489
1859,77.644836,12.967189
1860,77.642752,12.967087
1861,77.642673,12.966515
1862,77.642623,12.965981
1863,77.642147,12.966026
1864,77.641503,12.966821
1865,77.642283,12.963995
1866,77.642289,12.963392
1867,77.643629,12.963183
1868,77.643928,12.964347
1869,77.644103,12.965320
1870,77.644206,12.966192
1871,77.642128,12.963378
1872,77.642184,12.962581
1873,77.644226,12.977774
1874,77.641595,12.977691
1875,77.645788,12.977315
1876,77.642788,12.977220
1877,77.643403,12.977239
1878,77.644248,12.977267
1879,77.641015,12.976626
1880,77.642818,12.976684
1881,77.643425,12.976703
1882,77.643467,12.975721
1883,77.641706,12.974986
1884,77.641727,12.974414
1885,77.643517,12.974489
1886,77.644965,12.975116
1887,77.641058,12.975644
1888,77.646091,12.975161
1889,77.607518,12.973598
1890,77.605810,12.972776
1891,77.604442,12.971803
1892,77.604303,12.975966
1893,77.619557,12.986567
1894,77.560592,13.017128
1895,77.564003,13.007564
1896,77.571172,13.007197
1897,77.559057,13.018060
1898,77.560052,13.009043
1899,77.559187,13.010760
1900,77.560726,13.007718
1901,77.559574,13.020594
1902,77.560163,13.022757
1903,77.558051,13.019597
1904,77.553546,13.027857
1905,77.560659,13.026367
1906,77.561822,13.026341
1907,77.561488,13.028870
1908,77.555098,13.030058
1909,77.560722,13.028277
1910,77.560486,13.022694
1911,77.557089,13.023752
1912,77.559303,13.023030
1913,77.562590,13.024533
1914,77.561638,13.021889
1915,77.562110,13.021697
1916,77.563053,13.021254
1917,77.558547,13.020971
1918,77.560750,13.020206
1919,77.562534,13.020271
1920,77.560936,13.020371
1921,77.560045,13.019590
1922,77.559031,13.019024
1923,77.576013,12.995777
1924,77.577394,12.995786
1925,77.578165,12.995487
1926,77.564583,12.996231
1927,77.568465,12.996828
1928,77.574454,12.996883
1929,77.573035,13.003700
1930,77.573900,12.999885
1931,77.573255,13.001034
1932,77.575383,13.001034
1933,77.573113,13.001034
1934,77.571314,13.001033
1935,77.573091,13.001368
1936,77.572551,13.002404
1937,77.579668,13.001844
1938,77.573068,13.001880
1939,77.572828,13.001882
1940,77.569326,13.001922
1941,77.565383,13.001839
1942,77.563389,13.001797
1943,77.575721,13.009406
1944,77.580500,13.009182
1945,77.580466,13.011452
1946,77.578622,13.007129
1947,77.577577,13.007852
1948,77.576040,13.008923
1949,77.575401,13.011670
1950,77.583901,13.016717
1951,77.583899,13.010765
1952,77.583936,13.014570
1953,77.571408,12.996965
1954,77.575415,12.991911
1955,77.574825,12.991139
1956,77.574110,12.989096
1957,77.577113,12.993674
1958,77.581592,12.998129
1959,77.582891,12.999364
1960,77.582477,12.999309
1961,77.581326,12.999018
1962,77.578388,12.999196
1963,77.578101,12.999275
1964,77.573151,12.998932
1965,77.574401,12.998926
1966,77.571413,12.996754
1967,77.571818,12.998919
1968,77.569702,12.996894
1969,77.577960,12.992120
1970,77.578132,12.994530
1971,77.575430,12.996927
1972,77.573150,12.999262
1973,77.564809,12.999151
1974,77.561425,13.004020
1975,77.566229,12.996355
1976,77.565495,12.998133
1977,77.562291,13.007649
1978,77.562445,13.003705
1979,77.562961,13.002622
1980,77.569996,13.003671
1981,77.573164,12.998362
1982,77.565493,12.998263
1983,77.569415,12.998329
1984,77.571376,12.998356
1985,77.571873,12.996968
1986,77.571686,13.003367
1987,77.577854,13.006224
1988,77.569213,13.006464
1989,77.575292,13.007174
1990,77.575356,13.004470
1991,77.577863,13.005367
1992,77.562358,13.005827
1993,77.563895,13.001808
1994,77.563712,13.007578
1995,77.563689,13.008097
1996,77.560245,13.008391
1997,77.562256,13.008984
1998,77.562269,13.008333
1999,77.563587,13.008270
2000,77.563788,13.005698
2001,77.563855,13.003699
2002,77.565304,13.003694
2003,77.568143,13.008676
2004,77.566714,13.005623
2005,77.566912,12.999192
2006,77.566930,12.998291
2007,77.566955,12.997560
2008,77.568425,12.997594
2009,77.565875,12.997529
2010,77.567724,12.997578
2011,77.567523,13.001884
2012,77.569371,13.000123
2013,77.564250,12.999984
2014,77.565447,13.000015
2015,77.566875,13.000053
2016,77.567626,13.000072
2017,77.568320,13.000084
2018,77.565872,12.998272
2019,77.565837,13.000025
2020,77.565092,13.000007
2021,77.564776,12.999994
2022,77.566087,13.001854
2023,77.566178,13.000038
2024,77.566243,12.997546
2025,77.566630,12.997554
2026,77.566548,13.000043
2027,77.567262,13.000062
2028,77.567367,12.997570
2029,77.567982,13.000077
2030,77.568085,12.997586
2031,77.569433,12.997613
2032,77.573206,12.997677
2033,77.571844,12.998004
2034,77.573188,12.998008
2035,77.573224,12.997311
2036,77.571864,12.997290
2037,77.570797,13.005439
2038,77.570822,13.003521
2039,77.570398,13.008511
2040,77.570425,13.005458
2041,77.570517,13.001897
2042,77.570613,12.998346
2043,77.570158,12.998340
2044,77.569813,13.007266
2045,77.569811,13.008577
2046,77.566661,13.008756
2047,77.572157,13.006386
2048,77.572333,12.999279
2049,77.572149,13.003423
2050,77.571260,13.003360
2051,77.569823,12.997618
2052,77.569778,12.999240
2053,77.578499,13.001849
2054,77.577830,13.001852
2055,77.577837,13.002816
2056,77.572216,13.002826
2057,77.575607,13.001866
2058,77.575641,13.005416
2059,77.576825,13.006253
2060,77.576803,13.002821
2061,77.563806,13.004627
2062,77.560858,13.006757
2063,77.566707,13.006590
2064,77.561816,13.006026
2065,77.561117,13.009020
2066,77.561396,13.009013
2067,77.561405,13.008361
2068,77.560793,13.009028
2069,77.560818,13.008380
2070,77.560490,13.008389
2071,77.560475,13.009038
2072,77.560823,13.008087
2073,77.560331,13.008101
2074,77.574072,12.999421
2075,77.574063,13.001871
2076,77.574033,13.002805
2077,77.573689,13.002819
2078,77.573774,13.001034
2079,77.574341,13.002812
2080,77.574469,12.999423
2081,77.578131,12.999494
2082,77.574805,12.998942
2083,77.574708,13.001861
2084,77.574444,13.000073
2085,77.578212,13.000195
2086,77.575042,13.001859
2087,77.575104,12.998954
2088,77.575455,12.998960
2089,77.575354,13.001868
2090,77.575694,13.001863
2091,77.575746,12.998966
2092,77.576077,12.998970
2093,77.576025,13.001861
2094,77.576037,13.001207
2095,77.577560,13.000943
2096,77.575585,13.002285
2097,77.574360,13.002305
2098,77.574350,13.002572
2099,77.575590,13.002539
2100,77.575095,13.001866
2101,77.575085,13.002307
2102,77.575095,13.002070
2103,77.574369,13.002071
2104,77.574611,13.002822
2105,77.574590,13.003796
2106,77.574717,13.004531
2107,77.575624,13.004452
2108,77.574578,13.004148
2109,77.576831,13.004118
2110,77.574624,13.003202
2111,77.573039,13.003230
2112,77.572556,13.003299
2113,77.573629,13.004376
2114,77.573586,13.005417
2115,77.573572,13.006346
2116,77.573339,13.004152
2117,77.573408,13.001861
2118,77.573439,13.001034
2119,77.573680,13.003228
2120,77.572723,13.003428
2121,77.572676,13.005439
2122,77.572666,13.006371
2123,77.573119,13.006360
2124,77.573202,13.003990
2125,77.571890,13.005442
2126,77.571866,13.006394
2127,77.571648,13.006400
2128,77.571665,13.005441
2129,77.570767,13.006425
2130,77.571181,13.006792
2131,77.573091,13.006831
2132,77.572672,13.007270
2133,77.570752,13.008489
2134,77.570753,13.007218
2135,77.568794,12.993391
2136,77.573935,12.993913
2137,77.574241,12.994442
2138,77.574550,12.995092
2139,77.574557,12.995741
2140,77.571854,12.997646
2141,77.571392,12.997642
2142,77.570976,12.997635
2143,77.571834,12.998357
2144,77.570119,12.999253
2145,77.570607,12.999259
2146,77.568399,12.998317
2147,77.568059,12.998313
2148,77.567686,12.998304
2149,77.567336,12.998298
2150,77.566606,12.998285
2151,77.566215,12.998278
2152,77.566194,12.999178
2153,77.565850,12.999171
2154,77.565474,12.999164
2155,77.567298,12.999200
2156,77.568014,12.999214
2157,77.568364,12.999221
2158,77.566807,13.001869
2159,77.568261,13.001900
2160,77.566768,13.003688
2161,77.568165,13.005549
2162,77.570416,13.006435
2163,77.569942,13.005474
2164,77.571213,13.005436
2165,77.570413,13.007235
2166,77.568133,13.007359
2167,77.566688,13.007431
2168,77.576215,13.002515
2169,77.576198,13.002823
2170,77.576181,13.001860
2171,77.576204,13.002295
2172,77.577060,13.001856
2173,77.577068,13.002818
2174,77.577376,13.002820
2175,77.577371,13.001855
2176,77.577183,13.002815
2177,77.577198,13.004714
2178,77.575628,13.004712
2179,77.579166,13.004694
2180,77.578615,13.005778
2181,77.582336,13.002924
2182,77.582327,13.004294
2183,77.581233,12.997743
2184,77.579465,12.997849
2185,77.581792,12.999282
2186,77.581815,12.999155
2187,77.581670,12.999870
2188,77.581651,13.000484
2189,77.578346,12.998330
2190,77.580633,12.997772
2191,77.581008,13.005090
2192,77.579194,13.001846
2193,77.579135,13.005466
2194,77.580250,13.004798
2195,77.580514,13.004640
2196,77.580465,13.002671
2197,77.575217,13.006299
2198,77.576826,13.005390
2199,77.576815,13.004716
2200,77.575618,13.004125
2201,77.575614,13.003820
2202,77.575595,13.002817
2203,77.573368,13.003233
2204,77.573750,13.001865
2205,77.574090,13.001034
2206,77.574408,13.001033
2207,77.574736,13.001034
2208,77.575059,13.001034
2209,77.571759,13.001034
2210,77.572271,13.001034
2211,77.570534,13.001024
2212,77.570076,13.001027
2213,77.570053,13.001910
2214,77.572241,13.001882
2215,77.571735,13.001888
2216,77.571808,12.999286
2217,77.569801,12.998335
2218,77.574789,12.999423
2219,77.575094,12.999424
2220,77.575439,12.999426
2221,77.575740,12.999427
2222,77.576070,12.999428
2223,77.576057,13.000094
2224,77.575726,13.000090
2225,77.575416,13.000086
2226,77.575080,13.000081
2227,77.574767,13.000077
2228,77.574121,13.000068
2229,77.574376,13.001875
2230,77.572170,13.005443
2231,77.573154,13.005430
2232,77.577845,13.004710
2233,77.580990,13.004355
2234,77.582330,13.003552
2235,77.580720,12.999343
2236,77.580703,12.999036
2237,77.580661,12.998172
2238,77.579501,12.998255
2239,77.579528,12.999406
2240,77.579640,13.002784
2241,77.578551,13.002791
2242,77.579928,13.002792
2243,77.566576,12.999186
2244,77.567664,12.999207
2245,77.568197,13.003682
2246,77.569897,13.006450
2247,77.563762,13.006683
2248,77.562336,13.006726
2249,77.561243,13.006758
2250,77.561216,13.007702
2251,77.561131,13.008369
2252,77.579517,12.999109
2253,77.579185,13.002798
2254,77.557789,13.018486
2255,77.561252,13.004434
2256,77.571456,12.994905
2257,77.571439,12.995610
2258,77.571423,12.996316
2259,77.584264,12.999399
2260,77.596571,12.964862
2261,77.595332,12.965938
2262,77.589512,12.968306
2263,77.590058,12.967742
2264,77.592205,12.962407
2265,77.592964,12.958107
2266,77.597024,12.965314
2267,77.596849,12.964954
2268,77.597174,12.964939
2269,77.598481,12.965044
2270,77.590613,12.962674
2271,77.592180,12.962471
2272,77.590374,12.951625
2273,77.590367,12.951478
2274,77.590436,12.951686
2275,77.590526,12.951709
2276,77.590606,12.951686
2277,77.590666,12.951464
2278,77.591425,12.953829
2279,77.593561,12.959455
2280,77.593499,12.959472
2281,77.594115,12.960815
2282,77.594638,12.962185
2283,77.590277,12.975225
2284,77.590225,12.975458
2285,77.590379,12.975925
2286,77.591326,12.976086
2287,77.591463,12.975971
2288,77.590835,12.974793
2289,77.600858,12.970894
2290,77.599288,12.971315
2291,77.601761,12.984754
2292,77.597930,12.986156
2293,77.602186,12.989189
2294,77.578170,12.980549
2295,77.574209,12.980657
2296,77.575182,12.981523
2297,77.572948,12.980438
2298,77.579617,12.980414
2299,77.576766,12.982802
2300,77.576853,12.981153
2301,77.577913,12.980658
2302,77.576928,12.986243
2303,77.577032,12.983807
2304,77.578632,12.984904
2305,77.578247,12.974332
2306,77.573729,12.966042
2307,77.574632,12.964600
2308,77.580755,12.963513
2309,77.573667,12.964607
2310,77.583034,12.965701
2311,77.581298,12.966550
2312,77.585115,12.967886
2313,77.584722,12.968359
2314,77.584305,12.968745
2315,77.584696,12.966893
2316,77.581445,12.971514
2317,77.580695,12.971902
2318,77.578915,12.972748
2319,77.577612,12.973296
2320,77.575416,12.973962
2321,77.574879,12.973142
2322,77.573841,12.971066
2323,77.573206,12.971616
2324,77.572323,12.972499
2325,77.571981,12.972822
2326,77.570288,12.972978
2327,77.569154,12.973191
2328,77.573405,12.970515
2329,77.573033,12.969352
2330,77.574867,12.968344
2331,77.572320,12.969710
2332,77.574603,12.967827
2333,77.576342,12.966698
2334,77.576677,12.967372
2335,77.579646,12.969698
2336,77.580043,12.969380
2337,77.581178,12.968636
2338,77.581666,12.968348
2339,77.582179,12.968137
2340,77.579746,12.969902
2341,77.579181,12.970137
2342,77.577596,12.971281
2343,77.574830,12.973052
2344,77.574191,12.973526
2345,77.573296,12.973775
2346,77.575109,12.973562
2347,77.577262,12.972802
2348,77.580569,12.971677
2349,77.579281,12.960045
2350,77.564844,12.962466
2351,77.580759,12.963576
2352,77.583122,12.964157
2353,77.582929,12.963955
2354,77.583444,12.964427
2355,77.583752,12.964726
2356,77.583708,12.964597
2357,77.583444,12.963911
2358,77.583193,12.964705
2359,77.581760,12.964038
2360,77.581670,12.965483
2361,77.582005,12.966160
2362,77.578840,12.963544
2363,77.576814,12.964048
2364,77.569176,12.962423
2365,77.567381,12.963276
2366,77.568220,12.963992
2367,77.568047,12.968235
2368,77.567142,12.965300
2369,77.568200,12.965145
2370,77.570150,12.964302
2371,77.574742,12.964737
2372,77.581348,12.978898
2373,77.577100,12.979165
2374,77.579578,12.979047
2375,77.579448,12.976798
2376,77.579504,12.977993
2377,77.577210,12.978111
2378,77.577148,12.978673
2379,77.579535,12.978525
2380,77.578348,12.972994
2381,77.578142,12.972501
2382,77.577027,12.979876
2383,77.575484,12.979854
2384,77.575974,12.979867
2385,77.576110,12.979121
2386,77.576463,12.979878
2387,77.576584,12.979144
2388,77.579476,12.977432
2389,77.577803,12.977520
2390,77.577627,12.978102
2391,77.579389,12.973804
2392,77.578453,12.971383
2393,77.578750,12.972285
2394,77.577319,12.971913
2395,77.577806,12.971638
2396,77.582888,12.961777
2397,77.583603,12.961519
2398,77.584734,12.963738
2399,77.584682,12.967186
2400,77.584613,12.967499
2401,77.584480,12.967856
2402,77.584390,12.967918
2403,77.583994,12.968231
2404,77.583383,12.968630
2405,77.582583,12.969169
2406,77.581586,12.969616
2407,77.581994,12.971136
2408,77.584792,12.969593
2409,77.583615,12.970579
2410,77.582520,12.971584
2411,77.581401,12.972336
2412,77.581004,12.972481
2413,77.586870,12.967543
2414,77.586825,12.967106
2415,77.586310,12.967325
2416,77.586418,12.968018
2417,77.586152,12.968260
2418,77.585884,12.968524
2419,77.585929,12.967482
2420,77.585519,12.967635
2421,77.585547,12.968870
2422,77.585171,12.969221
2423,77.584407,12.969903
2424,77.584020,12.970214
2425,77.583916,12.969156
2426,77.583544,12.969563
2427,77.583193,12.970934
2428,77.583179,12.969980
2429,77.582822,12.971312
2430,77.582773,12.970382
2431,77.582465,12.970674
2432,77.582274,12.971766
2433,77.582270,12.970884
2434,77.582014,12.971929
2435,77.582036,12.971096
2436,77.581734,12.971341
2437,77.581719,12.972136
2438,77.582990,12.970165
2439,77.580708,12.965663
2440,77.580504,12.964861
2441,77.580332,12.964166
2442,77.583578,12.965137
2443,77.582940,12.965167
2444,77.581275,12.965562
2445,77.579686,12.965972
2446,77.578209,12.966508
2447,77.577638,12.965535
2448,77.579065,12.967789
2449,77.580628,12.968956
2450,77.579876,12.967325
2451,77.580147,12.967170
2452,77.581172,12.967391
2453,77.580920,12.966749
2454,77.585445,12.967660
2455,77.580193,12.964907
2456,77.580341,12.965777
2457,77.578926,12.965321
2458,77.579269,12.966115
2459,77.580570,12.966940
2460,77.580258,12.966288
2461,77.580144,12.965840
2462,77.581055,12.968697
2463,77.581959,12.970372
2464,77.582846,12.969858
2465,77.582600,12.970015
2466,77.580335,12.971153
2467,77.582154,12.969323
2468,77.581691,12.968340
2469,77.582642,12.969980
2470,77.582819,12.970336
2471,77.583333,12.969783
2472,77.582871,12.969020
2473,77.584749,12.968319
2474,77.583732,12.969340
2475,77.583159,12.968076
2476,77.583724,12.967780
2477,77.580718,12.967547
2478,77.580489,12.967678
2479,77.580157,12.967916
2480,77.579977,12.968031
2481,77.579668,12.967428
2482,77.580249,12.968478
2483,77.579722,12.968835
2484,77.580437,12.968487
2485,77.580901,12.968266
2486,77.580668,12.968392
2487,77.580330,12.967806
2488,77.580428,12.967010
2489,77.581267,12.966099
2490,77.581075,12.966215
2491,77.580412,12.966648
2492,77.579819,12.967351
2493,77.579554,12.966808
2494,77.578743,12.967183
2495,77.580105,12.967192
2496,77.579930,12.966841
2497,77.579777,12.966457
2498,77.579335,12.966779
2499,77.579383,12.966890
2500,77.579055,12.966193
2501,77.580204,12.966067
2502,77.580827,12.965851
2503,77.580921,12.965990
2504,77.580747,12.964129
2505,77.583206,12.965156
2506,77.583565,12.964722
2507,77.577952,12.964451
2508,77.578381,12.964405
2509,77.578828,12.964649
2510,77.579004,12.964302
2511,77.579659,12.964482
2512,77.576124,12.966840
2513,77.575276,12.965562
2514,77.572044,12.966338
2515,77.571023,12.966438
2516,77.570119,12.966428
2517,77.584633,12.966642
2518,77.582485,12.965222
2519,77.582702,12.965849
2520,77.581571,12.989520
2521,77.582494,12.987103
2522,77.578905,12.985321
2523,77.580245,12.987349
2524,77.577976,12.990174
2525,77.576514,12.988076
2526,77.576530,12.988451
2527,77.577380,12.991349
2528,77.577499,12.991757
2529,77.578764,12.992838
2530,77.580577,12.994355
2531,77.581651,12.997034
2532,77.582006,12.997635
2533,77.582848,12.997773
2534,77.584527,12.996951
2535,77.578364,12.998828
2536,77.581786,12.998672
2537,77.580694,12.998702
2538,77.579515,12.998759
2539,77.584681,12.996289
2540,77.582921,12.995706
2541,77.580713,12.993030
2542,77.580109,12.992192
2543,77.579615,12.991102
2544,77.577621,12.988031
2545,77.574889,12.984511
2546,77.574214,12.989068
2547,77.577237,12.988243
2548,77.564836,12.977604
2549,77.564408,12.979324
2550,77.564589,12.982006
2551,77.566149,12.981839
2552,77.564713,12.982305
2553,77.560573,12.983147
2554,77.553777,12.979961
2555,77.599230,12.976572
2556,77.594250,12.972356
2557,77.598409,12.980649
2558,77.598860,12.982141
2559,77.599860,12.981796
2560,77.600606,12.983988
2561,77.597551,12.985202
2562,77.599829,12.984303
2563,77.601082,12.983816
2564,77.601060,12.982901
2565,77.601670,12.984552
2566,77.603899,12.987273
2567,77.603946,12.988564
2568,77.602671,12.988656
2569,77.605041,12.988463
2570,77.607072,12.987619
2571,77.607111,12.986501
2572,77.607071,12.989557
2573,77.606104,12.990680
2574,77.607148,12.991665
2575,77.607200,12.993069
2576,77.607799,12.990303
2577,77.607749,12.985643
2578,77.611645,12.982781
2579,77.609481,12.983433
2580,77.608697,12.985545
2581,77.609126,12.987804
2582,77.607685,12.982423
2583,77.608346,12.982182
2584,77.610002,12.989862
2585,77.610484,12.992125
2586,77.608971,12.981974
2587,77.608474,12.982918
2588,77.611000,12.991798
2589,77.609771,12.985753
2590,77.611796,12.984497
2591,77.613017,12.984894
2592,77.614528,12.984582
2593,77.609524,12.981141
2594,77.610081,12.983226
2595,77.610301,12.984152
2596,77.609116,12.985686
2597,77.609046,12.985476
2598,77.607821,12.985714
2599,77.610593,12.989745
2600,77.612786,12.989305
2601,77.611031,12.986018
2602,77.611729,12.987466
2603,77.610930,12.987988
2604,77.610275,12.988200
2605,77.609740,12.988632
2606,77.610347,12.988553
2607,77.610240,12.988031
2608,77.609154,12.988248
2609,77.609638,12.988151
2610,77.610142,12.987583
2611,77.607040,12.988244
2612,77.609545,12.987718
2613,77.608702,12.987897
2614,77.608551,12.987148
2615,77.609149,12.985855
2616,77.608815,12.986131
2617,77.608408,12.986521
2618,77.607906,12.986766
2619,77.607109,12.986928
2620,77.606119,12.987061
2621,77.605355,12.985675
2622,77.605218,12.987156
2623,77.605146,12.987807
2624,77.605232,12.988364
2625,77.607107,12.987244
2626,77.607373,12.986908
2627,77.607774,12.988098
2628,77.607527,12.987491
2629,77.608341,12.987975
2630,77.608089,12.987307
2631,77.608521,12.986974
2632,77.607474,12.987306
2633,77.608023,12.987127
2634,77.606141,12.983868
2635,77.606502,12.985470
2636,77.612715,12.982713
2637,77.612374,12.983126
2638,77.610999,12.983657
2639,77.611255,12.983879
2640,77.611498,12.984078
2641,77.610341,12.984439
2642,77.612006,12.983766
2643,77.611842,12.983318
2644,77.612410,12.983747
2645,77.611939,12.983584
2646,77.612397,12.983414
2647,77.612910,12.982906
2648,77.611799,12.985262
2649,77.610834,12.985547
2650,77.610665,12.985144
2651,77.611804,12.984958
2652,77.611810,12.984663
2653,77.610539,12.984912
2654,77.611834,12.985791
2655,77.611067,12.986090
2656,77.609935,12.986555
2657,77.610904,12.985713
2658,77.609839,12.986166
2659,77.611329,12.985931
2660,77.612033,12.987232
2661,77.612690,12.988665
2662,77.612286,12.991351
2663,77.611970,12.989465
2664,77.612649,12.989332
2665,77.612894,12.990721
2666,77.612212,12.990975
2667,77.610927,12.991319
2668,77.609505,12.991694
2669,77.610345,12.991475
2670,77.607424,12.990350
2671,77.605730,12.989098
2672,77.603005,12.988288
2673,77.602750,12.986674
2674,77.603808,12.990471
2675,77.600835,12.990578
2676,77.609230,12.982683
2677,77.576455,12.978013
2678,77.577042,12.974864
2679,77.577425,12.976245
2680,77.579006,12.975421
2681,77.578177,12.975773
2682,77.578681,12.976868
2683,77.574808,12.977089
2684,77.575096,12.978918
2685,77.575065,12.977122
2686,77.574796,12.977873
2687,77.574452,12.978057
2688,77.574699,12.978072
2689,77.574624,12.978813
2690,77.574455,12.980801
2691,77.574546,12.986148
2692,77.573485,12.986200
2693,77.572273,12.986198
2694,77.573399,12.984947
2695,77.573365,12.985320
2696,77.573475,12.985328
2697,77.573667,12.987727
2698,77.573235,12.987706
2699,77.573051,12.988668
2700,77.573196,12.989526
2701,77.572153,12.988769
2702,77.572397,12.989832
2703,77.571674,12.990603
2704,77.571242,12.984679
2705,77.567912,12.987487
2706,77.569871,12.985618
2707,77.569673,12.985609
2708,77.568046,12.984898
2709,77.567893,12.988435
2710,77.567884,12.989815
2711,77.567841,12.991197
2712,77.567732,12.994137
2713,77.568688,12.992717
2714,77.569239,12.991147
2715,77.570227,12.968918
2716,77.571731,12.969942
2717,77.571474,12.969976
2718,77.570239,12.970104
2719,77.569861,12.970160
2720,77.568601,12.970277
2721,77.570428,12.974736
2722,77.574973,12.974316
2723,77.575056,12.973835
2724,77.571463,12.968830
2725,77.571340,12.967518
2726,77.568048,12.968816
2727,77.567381,12.968895
2728,77.570231,12.967963
2729,77.570059,12.964850
2730,77.572177,12.967105
2731,77.573382,12.966664
2732,77.574256,12.966120
2733,77.557593,12.960723
2734,77.557561,12.960792
2735,77.578359,12.953919
2736,77.577937,12.953191
2737,77.579282,12.953204
2738,77.578714,12.953189
2739,77.579029,12.950563
2740,77.579009,12.953189
2741,77.579021,12.952337
2742,77.559229,12.959431
2743,77.563286,12.959537
2744,77.564476,12.959536
2745,77.565870,12.959567
2746,77.566679,12.938973
2747,77.566684,12.938133
2748,77.585042,12.943762
2749,77.564524,12.957888
2750,77.563340,12.957850
2751,77.565932,12.957933
2752,77.565902,12.958750
2753,77.567328,12.958792
2754,77.567296,12.959612
2755,77.567361,12.957979
2756,77.563314,12.958673
2757,77.562072,12.958635
2758,77.560802,12.958595
2759,77.562097,12.957810
2760,77.560782,12.959470
2761,77.564862,12.961239
2762,77.570481,12.940603
2763,77.571989,12.940591
2764,77.572364,12.940579
2765,77.612330,12.992993
2766,77.606549,12.995470
2767,77.608479,12.998304
2768,77.607833,12.997367
2769,77.603591,13.003132
2770,77.606820,13.001092
2771,77.606288,12.995680
2772,77.605405,12.994262
2773,77.603137,12.997740
2774,77.601791,12.998574
2775,77.600684,12.999307
2776,77.600121,12.999228
2777,77.598770,12.997911
2778,77.604209,13.002925
2779,77.607368,13.003103
2780,77.608201,13.004947
2781,77.609477,13.010943
2782,77.610083,13.012011
2783,77.610018,13.012632
2784,77.607095,13.011344
2785,77.604898,13.012287
2786,77.603751,13.012500
2787,77.610285,13.009293
2788,77.610115,13.009560
2789,77.599976,13.004680
2790,77.593986,13.007722
2791,77.597660,13.016262
2792,77.598103,13.017192
2793,77.593403,13.011888
2794,77.594110,13.011902
2795,77.595575,13.011895
2796,77.593205,13.006235
2797,77.592294,13.007513
2798,77.593461,13.009703
2799,77.592702,13.008271
2800,77.593767,13.012407
2801,77.593649,13.013744
2802,77.593000,13.014566
2803,77.592629,13.015041
2804,77.592050,13.018256
2805,77.592297,13.019204
2806,77.599831,13.020074
2807,77.592951,13.024980
2808,77.594718,13.024709
2809,77.591481,13.026757
2810,77.593215,13.026428
2811,77.593625,13.028518
2812,77.592616,13.028725
2813,77.592714,13.029509
2814,77.589700,13.029723
2815,77.588016,13.024855
2816,77.590182,13.024590
2817,77.591098,13.024732
2818,77.591564,13.024908
2819,77.592005,13.025082
2820,77.583994,13.017292
2821,77.603299,13.021772
2822,77.606488,13.021293
2823,77.587540,12.996740
2824,77.584621,12.993781
2825,77.589641,13.039117
2826,77.627378,12.978636
2827,77.629107,12.979019
2828,77.628472,12.981720
2829,77.623503,12.978569
2830,77.622468,12.978345
2831,77.621134,12.977724
2832,77.622820,12.976535
2833,77.622916,12.977344
2834,77.569234,13.030357
2835,77.572047,13.024359
2836,77.577536,13.018746
2837,77.577250,13.019433
2838,77.576877,13.020188
2839,77.578090,13.022399
2840,77.578526,13.024748
2841,77.576879,13.025616
2842,77.576959,13.027376
2843,77.577692,13.027255
2844,77.577702,13.026943
2845,77.578633,13.026821
2846,77.580094,13.026571
2847,77.581181,13.025348
2848,77.580996,13.025729
2849,77.580892,13.025839
2850,77.579581,13.027337
2851,77.578826,13.029077
2852,77.576836,13.031966
2853,77.641353,12.956394
2854,77.625430,12.972056
2855,77.626751,12.972807
2856,77.623752,12.971129
2857,77.625126,12.969160
2858,77.626031,12.975086
2859,77.626945,12.974510
2860,77.629132,12.973144
2861,77.631751,12.972114
2862,77.631833,12.971528
2863,77.629101,12.994469
2864,77.626798,12.993791
2865,77.625179,12.994381
2866,77.622887,12.995902
2867,77.625433,12.993660
2868,77.629113,12.994559
2869,77.628854,12.994974
2870,77.628043,12.997101
2871,77.625002,12.999624
2872,77.626387,13.000538
2873,77.627065,13.000998
2874,77.634212,13.002437
2875,77.615673,12.995943
2876,77.612549,12.998692
2877,77.610725,13.000134
2878,77.611437,12.996859
2879,77.613652,12.999821
2880,77.613743,13.000775
2881,77.576516,12.959206
2882,77.559218,12.960221
2883,77.630335,12.929765
2884,77.632605,12.930238
2885,77.632071,12.931371
2886,77.631533,12.931773
2887,77.630609,12.932741
2888,77.629780,12.933498
2889,77.654913,13.036714
2890,77.661623,12.999391
2891,77.659791,13.002018
2892,77.658053,13.003332
2893,77.658646,13.002900
2894,77.659116,13.003159
2895,77.662905,13.005234
2896,77.660208,13.004514
2897,77.658426,13.003051
2898,77.662863,13.005455
2899,77.660417,13.004124
2900,77.660326,13.002286
2901,77.659876,13.002614
2902,77.660920,13.003110
2903,77.660347,13.003455
2904,77.659434,13.002951
2905,77.660488,13.003211
2906,77.659661,13.002782
2907,77.661800,13.005409
2908,77.662157,13.012353
2909,77.659228,13.011109
2910,77.658139,13.010539
2911,77.656062,13.009004
2912,77.652946,13.005840
2913,77.651237,13.006111
2914,77.655621,13.004337
2915,77.655944,13.004245
2916,77.656566,13.004041
2917,77.659476,13.006085
2918,77.655750,13.006210
2919,77.655945,13.007838
2920,77.656164,13.008177
2921,77.651048,13.005703
2922,77.652314,13.008235
2923,77.654607,13.007426
2924,77.651674,13.008483
2925,77.653191,13.006089
2926,77.654171,13.005911
2927,77.653516,13.006365
2928,77.654121,13.006381
2929,77.653680,13.006510
2930,77.654151,13.006558
2931,77.653866,13.006650
2932,77.651852,13.007325
2933,77.652527,13.005907
2934,77.652926,13.006974
2935,77.652214,13.005957
2936,77.652665,13.007066
2937,77.651811,13.006023
2938,77.652270,13.007186
2939,77.652045,13.007711
2940,77.654243,13.006987
2941,77.653963,13.005639
2942,77.653804,13.004847
2943,77.653869,13.005130
2944,77.655660,13.004803
2945,77.656434,13.005070
2946,77.657878,13.005808
2947,77.657725,13.006122
2948,77.658105,13.005368
2949,77.658876,13.003800
2950,77.659664,13.005655
2951,77.658298,13.004978
2952,77.659229,13.005424
2953,77.659790,13.004292
2954,77.659383,13.005113
2955,77.656999,13.003896
2956,77.658454,13.004651
2957,77.658150,13.004504
2958,77.658597,13.003648
2959,77.658590,13.004369
2960,77.659525,13.004827
2961,77.659651,13.004573
2962,77.658726,13.004096
2963,77.656835,13.005652
2964,77.658120,13.006815
2965,77.657329,13.007259
2966,77.656881,13.007686
2967,77.655651,13.008565
2968,77.657814,13.008170
2969,77.656314,13.009223
2970,77.655855,13.008782
2971,77.655691,13.009417
2972,77.655462,13.009812
2973,77.655087,13.010527
2974,77.654575,13.011719
2975,77.654714,13.012938
2976,77.655604,13.010660
2977,77.656123,13.009770
2978,77.655021,13.007882
2979,77.650346,13.009479
2980,77.655094,13.011910
2981,77.652769,13.011055
2982,77.651230,13.010560
2983,77.650810,13.010184
2984,77.650539,13.009840
2985,77.654317,13.008553
2986,77.654069,13.008236
2987,77.654618,13.008911
2988,77.654177,13.009038
2989,77.655257,13.010225
2990,77.654698,13.010247
2991,77.653728,13.009201
2992,77.654339,13.009867
2993,77.653624,13.011394
2994,77.651312,13.010020
2995,77.653883,13.010884
2996,77.654046,13.010492
2997,77.652031,13.009803
2998,77.654025,13.011532
2999,77.654467,13.008101
3000,77.657783,13.010954
3001,77.657515,13.011280
3002,77.657353,13.011516
3003,77.656949,13.012173
3004,77.656784,13.012533
3005,77.655899,13.010142
3006,77.655742,13.010394
3007,77.657182,13.011797
3008,77.655410,13.011150
3009,77.657862,13.010879
3010,77.658801,13.011457
3011,77.661349,13.012511
3012,77.662044,13.012963
3013,77.660722,13.011733
3014,77.660232,13.011996
3015,77.658096,13.012308
3016,77.654794,13.012740
3017,77.658233,13.011121
3018,77.657264,13.012457
3019,77.658476,13.011258
3020,77.657674,13.012394
3021,77.658260,13.013028
3022,77.658361,13.013634
3023,77.660808,13.012239
3024,77.658187,13.012733
3025,77.657220,13.012912
3026,77.659921,13.012948
3027,77.659250,13.012945
3028,77.659387,13.013591
3029,77.661498,13.013118
3030,77.657783,13.013708
3031,77.657720,13.013275
3032,77.658322,13.016775
3033,77.660504,13.016017
3034,77.660022,13.016174
3035,77.659658,13.015167
3036,77.658139,13.015525
3037,77.658098,13.015273
3038,77.658208,13.015868
3039,77.659678,13.015238
3040,77.658902,13.016591
3041,77.659111,13.016189
3042,77.659923,13.015905
3043,77.660977,13.015528
3044,77.659516,13.015517
3045,77.659287,13.015894
3046,77.658257,13.016150
3047,77.658281,13.016446
3048,77.659819,13.015621
3049,77.658285,13.008701
3050,77.658025,13.008512
3051,77.657432,13.009591
3052,77.657688,13.009774
3053,77.656599,13.009007
3054,77.657547,13.009383
3055,77.656826,13.008839
3056,77.657674,13.009151
3057,77.657040,13.008691
3058,77.657792,13.008938
3059,77.657243,13.008552
3060,77.657924,13.008696
3061,77.657472,13.008406
3062,77.657676,13.007921
3063,77.657495,13.007605
3064,77.658825,13.006849
3065,77.657617,13.007086
3066,77.657096,13.006074
3067,77.656596,13.006145
3068,77.655737,13.005920
3069,77.656557,13.005884
3070,77.656515,13.005617
3071,77.655720,13.005633
3072,77.655700,13.005357
3073,77.656472,13.005317
3074,77.655713,13.005505
3075,77.654568,13.005690
3076,77.655360,13.005537
3077,77.654826,13.005643
3078,77.655000,13.006642
3079,77.659931,13.006267
3080,77.659295,13.007741
3081,77.658686,13.007838
3082,77.660956,13.007408
3083,77.660891,13.006660
3084,77.661023,13.007959
3085,77.659295,13.009804
3086,77.659304,13.009146
3087,77.659265,13.010581
3088,77.659269,13.010732
3089,77.659275,13.008849
3090,77.661120,13.008507
3091,77.660996,13.007712
3092,77.659465,13.007348
3093,77.660924,13.007051
3094,77.659638,13.006945
3095,77.654833,13.016727
3096,77.654965,13.017594
3097,77.663932,12.989530
3098,77.563047,13.005716
3099,77.563011,13.007613
3100,77.562987,13.008305
3101,77.562965,13.008953
3102,77.566701,13.006096
3103,77.563799,13.005126
3104,77.562387,13.005119
3105,77.608437,12.967874
3106,77.607470,12.968312
3107,77.606261,12.968750
3108,77.607765,12.969364
3109,77.607975,12.969168
3110,77.607740,12.968557
3111,77.608789,12.968636
3112,77.609806,12.968414
3113,77.610374,12.967720
3114,77.610838,12.967065
3115,77.607964,12.968066
3116,77.607193,12.968880
3117,77.608144,12.967475
3118,77.607925,12.967123
3119,77.609239,12.970709
3120,77.609122,12.969801
3121,77.609540,12.969655
3122,77.608255,12.969865
3123,77.608675,12.969844
3124,77.608882,12.969834
3125,77.608766,12.969323
3126,77.608965,12.969280
3127,77.609310,12.969729
3128,77.609171,12.969229
3129,77.609420,12.969163
3130,77.608450,12.969855
3131,77.608342,12.969428
3132,77.660902,13.026491
3133,77.660190,13.027604
3134,77.659842,13.027774
3135,77.629826,13.017831
3136,77.634053,13.016592
3137,77.635775,13.014489
3138,77.630113,13.020244
3139,77.629909,13.018266
3140,77.631638,13.017878
3141,77.632584,13.017435
3142,77.630733,13.020165
3143,77.630949,13.019600
3144,77.631127,13.018958
3145,77.632680,13.014917
3146,77.629119,13.012771
3147,77.630079,13.012923
3148,77.632457,13.012969
3149,77.633683,13.005034
3150,77.631924,13.005351
3151,77.631592,13.005422
3152,77.631137,13.005516
3153,77.629194,13.005889
3154,77.629632,13.006702
3155,77.629993,13.007592
3156,77.637074,13.021622
3157,77.640990,13.020950
3158,77.632951,13.017920
3159,77.633134,13.018630
3160,77.626312,13.021205
3161,77.624127,13.021206
3162,77.619326,13.022082
3163,77.623198,13.021360
3164,77.622144,13.021614
3165,77.620718,13.021882
3166,77.628795,13.025745
3167,77.627969,13.021157
3168,77.628388,13.023363
3169,77.626785,13.022528
3170,77.626905,13.022873
3171,77.627839,13.026240
3172,77.629817,13.025584
3173,77.630803,13.029125
3174,77.630002,13.026248
3175,77.627406,13.008238
3176,77.628388,13.007935
3177,77.630465,13.007642
3178,77.631370,13.007619
3179,77.632468,13.008554
3180,77.632460,13.009087
3181,77.632448,13.010619
3182,77.637924,13.014114
3183,77.639308,13.014046
3184,77.640322,13.014091
3185,77.641428,13.014111
3186,77.645280,13.023154
3187,77.647372,13.019440
3188,77.645248,13.022528
3189,77.645200,13.021585
3190,77.645094,13.019543
3191,77.645058,13.022631
3192,77.639382,13.017217
3193,77.640499,13.017107
3194,77.641137,13.017031
3195,77.647338,13.017715
3196,77.632149,12.933480
3197,77.634103,12.934118
3198,77.634486,12.934603
3199,77.635223,12.934861
3200,77.633772,12.935450
3201,77.633214,12.935537
3202,77.634012,12.935734
3203,77.633286,12.935791
3204,77.633146,12.935122
3205,77.633171,12.935261
3206,77.633735,12.935175
3207,77.634644,12.934694
3208,77.634504,12.935025
3209,77.630814,12.930661
3210,77.630135,12.930960
3211,77.629903,12.931179
3212,77.629718,12.931484
3213,77.628328,12.933461
3214,77.628566,12.933645
3215,77.629260,12.932880
3216,77.629069,12.932653
3217,77.631152,12.931160
3218,77.630275,12.931729
3219,77.630124,12.932004
3220,77.629475,12.933116
3221,77.629573,12.933244
3222,77.630404,12.932430
3223,77.630839,12.932500
3224,77.631035,12.932295
3225,77.630498,12.931508
3226,77.631275,12.932044
3227,77.630436,12.930811
3228,77.630779,12.931338
3229,77.631810,12.931564
3230,77.631149,12.930556
3231,77.632458,12.930578
3232,77.631533,12.930460
3233,77.626429,12.933443
3234,77.624371,12.935241
3235,77.623860,12.935379
3236,77.623913,12.935852
3237,77.617191,12.948994
3238,77.608440,12.944885
3239,77.648899,13.022220
3240,77.649075,13.022654
3241,77.649637,13.024825
3242,77.652101,13.017712
3243,77.647360,13.018676
3244,77.650111,13.021033
3245,77.644981,13.017369
3246,77.645029,13.018280
3247,77.650486,13.019189
3248,77.652239,13.019502
3249,77.652204,13.018380
3250,77.649249,13.018027
3251,77.649144,13.012989
3252,77.650172,13.009147
3253,77.649633,13.008152
3254,77.649413,13.005982
3255,77.652290,13.011538
3256,77.651367,13.012319
3257,77.650888,13.012591
3258,77.648052,13.006210
3259,77.650096,13.009178
3260,77.649484,13.009248
3261,77.649270,13.009392
3262,77.648184,13.010416
3263,77.647503,13.011430
3264,77.646427,13.006302
3265,77.640958,13.006087
3266,77.607027,12.943007
3267,77.607383,12.941738
3268,77.608419,12.939236
3269,77.609057,12.940342
3270,77.608693,12.938431
3271,77.625483,12.950370
3272,77.608907,12.944929
3273,77.608931,12.942869
3274,77.608996,12.942856
3275,77.608922,12.942108
3276,77.608391,12.940658
3277,77.607924,12.939309
3278,77.608212,12.939259
3279,77.607744,12.941843
3280,77.607295,12.943218
3281,77.608082,12.940760
3282,77.608210,12.942008
3283,77.606761,12.941526
3284,77.607210,12.943992
3285,77.606934,12.942217
3286,77.607075,12.941634
3287,77.607259,12.941098
3288,77.606602,12.942182
3289,77.607211,12.942291
3290,77.607551,12.942395
3291,77.607995,12.942536
3292,77.605973,12.942294
3293,77.606257,12.942189
3294,77.606861,12.941185
3295,77.606783,12.943029
3296,77.606471,12.943959
3297,77.608453,12.941484
3298,77.607327,12.941119
3299,77.607735,12.940576
3300,77.608726,12.940957
3301,77.607441,12.940524
3302,77.606998,12.941034
3303,77.607567,12.941191
3304,77.607923,12.941297
3305,77.610385,12.943196
3306,77.609748,12.943321
3307,77.608881,12.943273
3308,77.608894,12.944512
3309,77.609168,12.944473
3310,77.609803,12.944363
3311,77.609805,12.943734
3312,77.609779,12.943561
3313,77.608916,12.943174
3314,77.610333,12.944781
3315,77.609694,12.944382
3316,77.610139,12.943960
3317,77.609490,12.944907
3318,77.609222,12.944923
3319,77.609780,12.944884
3320,77.609426,12.944428
3321,77.642971,13.029159
3322,77.642846,13.027940
3323,77.643528,13.025447
3324,77.643283,13.024655
3325,77.644505,13.025445
3326,77.644272,13.024810
3327,77.644113,13.024293
3328,77.644378,13.025127
3329,77.643997,13.025272
3330,77.644229,13.025851
3331,77.643449,13.025123
3332,77.645110,13.024491
3333,77.645484,13.023713
3334,77.645630,13.024250
3335,77.646155,13.023421
3336,77.646884,13.023388
3337,77.646831,13.023124
3338,77.647148,13.024323
3339,77.647592,13.024391
3340,77.648583,13.027695
3341,77.648804,13.028604
3342,77.649011,13.029370
3343,77.649096,13.030202
3344,77.646231,13.030334
3345,77.642798,13.024867
3346,77.643051,13.026123
3347,77.643000,13.025769
3348,77.642360,13.025783
3349,77.642037,13.025210
3350,77.642320,13.028030
3351,77.642140,13.028076
3352,77.641290,13.025545
3353,77.641358,13.027135
3354,77.641368,13.027494
3355,77.641303,13.026096
3356,77.641766,13.027115
3357,77.639466,13.026219
3358,77.639547,13.026813
3359,77.639636,13.027681
3360,77.640656,13.027707
3361,77.643295,13.024035
3362,77.635078,13.028829
3363,77.634883,13.028313
3364,77.634974,13.028586
3365,77.633831,13.028929
3366,77.596958,12.994680
3367,77.652197,12.995739
3368,77.565210,13.014404
3369,77.559843,13.021688
3370,77.558927,13.022023
3371,77.559917,13.022854
3372,77.559866,13.020475
3373,77.560427,13.022465
3374,77.560948,13.022288
3375,77.560364,13.022236
3376,77.561554,13.021612
3377,77.561165,13.020355
3378,77.562765,13.020736
3379,77.561813,13.021118
3380,77.561432,13.021246
3381,77.561143,13.021329
3382,77.560187,13.021574
3383,77.561268,13.020715
3384,77.560029,13.020992
3385,77.561016,13.020782
3386,77.561076,13.021028
3387,77.560109,13.021283
3388,77.561497,13.021434
3389,77.560258,13.021842
3390,77.561590,13.022177
3391,77.560850,13.023857
3392,77.560984,13.024362
3393,77.656101,12.997528
3394,77.655402,12.997576
3395,77.559767,12.997497
3396,77.587746,13.018510
3397,77.589168,13.021654
3398,77.567742,12.993395
3399,77.563464,12.993715
3400,77.563244,12.992769
3401,77.566415,12.993459
3402,77.567912,12.987178
3403,77.566551,12.987709
3404,77.563128,12.987868
3405,77.562689,12.982599
3406,77.600911,13.023024
3407,77.604649,13.034855
3408,77.612701,13.022334
3409,77.612751,13.020406
3410,77.615646,13.011305
3411,77.572886,12.943686
3412,77.572885,12.944227
3413,77.573670,12.944233
3414,77.564246,12.948510
3415,77.562979,12.949039
3416,77.565069,12.987747
3417,77.562760,12.984569
3418,77.561983,12.977357
3419,77.560458,12.977354
3420,77.560282,12.977927
3421,77.569602,12.993269
3422,77.569361,12.993238
3423,77.569347,12.994185
3424,77.568708,12.995925
3425,77.563784,12.951095
3426,77.560005,12.948302
3427,77.560306,12.948433
3428,77.562278,12.948922
3429,77.573790,12.940189
3430,77.559685,12.996384
3431,77.563108,12.991862
3432,77.562031,12.992935
3433,77.567464,12.987250
3434,77.606326,12.927864
3435,77.635101,13.003016
3436,77.635153,13.002992
3437,77.641768,12.973349
3438,77.646880,12.973517
3439,77.643222,12.972070
3440,77.641835,12.972034
3441,77.641239,12.972019
3442,77.642396,12.970838
3443,77.642847,12.970850
3444,77.642699,12.973380
3445,77.642280,12.973366
3446,77.642349,12.972047
3447,77.642774,12.972058
3448,77.643204,12.972590
3449,77.644959,12.970904
3450,77.644840,12.973450
3451,77.644925,12.971687
3452,77.644884,12.972655
3453,77.644823,12.973977
3454,77.639611,13.011095
3455,77.635441,13.013162
3456,77.641766,13.014069
3457,77.641873,13.008265
3458,77.639489,13.012747
3459,77.641796,13.012451
3460,77.640423,13.012453
3461,77.640380,13.012825
3462,77.640485,13.011518
3463,77.641931,13.011829
3464,77.642008,13.011510
3465,77.637629,13.012813
3466,77.638809,13.012686
3467,77.616751,12.947780
3468,77.635385,13.028126
3469,77.634985,13.027232
3470,77.639136,13.030486
3471,77.638880,13.028940
3472,77.638219,13.028939
3473,77.638423,13.029867
3474,77.637920,13.030005
3475,77.634341,13.023709
3476,77.634701,13.024796
3477,77.634935,13.025615
3478,77.635050,13.026060
3479,77.636160,13.023109
3480,77.636106,13.023967
3481,77.636039,13.025230
3482,77.636642,13.022947
3483,77.633647,13.026184
3484,77.632026,13.026405
3485,77.632823,13.026476
3486,77.632919,13.024684
3487,77.634491,13.024166
3488,77.636124,13.023620
3489,77.636595,13.023474
3490,77.633072,13.025004
3491,77.634583,13.024469
3492,77.633223,13.025314
3493,77.636086,13.024339
3494,77.633361,13.025605
3495,77.634799,13.025127
3496,77.636066,13.024712
3497,77.634864,13.025370
3498,77.636053,13.024976
3499,77.633596,13.026100
3500,77.636505,13.025063
3501,77.637047,13.025056
3502,77.636425,13.025093
3503,77.632941,13.026772
3504,77.636604,13.026184
3505,77.636538,13.024332
3506,77.636426,13.025739
3507,77.639893,13.024921
3508,77.639747,13.023433
3509,77.640060,13.021813
3510,77.641463,13.021428
3511,77.642617,13.021124
3512,77.637091,13.025486
3513,77.637191,13.023985
3514,77.642742,13.024277
3515,77.643164,13.019490
3516,77.634773,13.026155
3517,77.635320,13.025963
3518,77.638119,13.025295
3519,77.638732,13.025195
3520,77.639412,13.025036
3521,77.640343,13.024700
3522,77.642694,13.023681
3523,77.640149,13.022586
3524,77.642572,13.021988
3525,77.639856,13.017183
3526,77.640802,13.017073
3527,77.642431,13.016847
3528,77.639944,13.019457
3529,77.640557,13.019375
3530,77.640909,13.019336
3531,77.641321,13.019294
3532,77.642544,13.019075
3533,77.642618,13.019564
3534,77.642655,13.020644
3535,77.641361,13.019723
3536,77.641441,13.020960
3537,77.631714,13.023731
3538,77.631258,13.023809
3539,77.632577,13.023702
3540,77.633777,13.022453
3541,77.631153,13.023374
3542,77.632495,13.023293
3543,77.633828,13.022821
3544,77.633872,13.023155
3545,77.632550,13.023565
3546,77.632627,13.023900
3547,77.633898,13.023498
3548,77.636931,13.019790
3549,77.636866,13.019374
3550,77.636086,13.019543
3551,77.636764,13.019091
3552,77.635131,13.019399
3553,77.633657,13.019660
3554,77.636683,13.018769
3555,77.635059,13.019092
3556,77.633597,13.019342
3557,77.632001,13.018823
3558,77.633477,13.018573
3559,77.633765,13.018521
3560,77.633885,13.019293
3561,77.631219,13.018644
3562,77.633054,13.018356
3563,77.631462,13.018610
3564,77.631749,13.020076
3565,77.631705,13.018571
3566,77.631978,13.019882
3567,77.631900,13.018539
3568,77.632210,13.018491
3569,77.632270,13.018783
3570,77.632560,13.020336
3571,77.632467,13.018440
3572,77.632529,13.018738
3573,77.632812,13.020382
3574,77.632713,13.018376
3575,77.632806,13.018686
3576,77.633097,13.020335
3577,77.631468,13.019943
3578,77.630078,13.019651
3579,77.630009,13.018907
3580,77.631177,13.018740
3581,77.630619,13.018832
3582,77.630662,13.019434
3583,77.630648,13.019096
3584,77.631087,13.019105
3585,77.629860,13.018014
3586,77.632751,13.017354
3587,77.632828,13.018338
3588,77.632752,13.017985
3589,77.633665,13.016871
3590,77.634168,13.019245
3591,77.631697,13.023342
3592,77.631679,13.022511
3593,77.631700,13.023515
3594,77.631687,13.022996
3595,77.631316,13.022996
3596,77.632088,13.022987
3597,77.620059,12.972948
3598,77.617827,13.002816
3599,77.616630,13.003270
3600,77.614738,13.004027
3601,77.572572,12.991048
3602,77.573884,12.990723
3603,77.572778,12.989693
3604,77.572899,12.991059
3605,77.572732,12.996358
3606,77.570990,12.996321
3607,77.571007,12.995601
3608,77.571030,12.994900
3609,77.570683,12.995608
3610,77.570999,12.995955
3611,77.570306,12.995948
3612,77.570979,12.996761
3613,77.571895,12.995980
3614,77.571906,12.995273
3615,77.571925,12.994582
3616,77.573154,12.996367
3617,77.573193,12.995701
3618,77.573222,12.995026
3619,77.576511,12.994774
3620,77.577183,12.994631
3621,77.577639,12.994121
3622,77.574113,12.995070
3623,77.574046,12.996921
3624,77.574071,12.996377
3625,77.574501,12.996396
3626,77.575578,12.996621
3627,77.574798,12.995073
3628,77.574720,12.996442
3629,77.574750,12.995746
3630,77.572817,12.993009
3631,77.568278,12.994098
3632,77.569223,12.994517
3633,77.568063,12.994438
3634,77.567770,12.994813
3635,77.569081,12.994878
3636,77.568977,12.995216
3637,77.567538,12.995162
3638,77.567292,12.995509
3639,77.568829,12.995571
3640,77.567022,12.995871
3641,77.568602,12.996280
3642,77.566734,12.996218
3643,77.575779,12.996234
3644,77.575626,12.996531
3645,77.574988,12.996076
3646,77.576765,12.995782
3647,77.576715,12.996569
3648,77.574691,12.997334
3649,77.576670,12.997609
3650,77.575157,12.997452
3651,77.578289,12.997583
3652,77.579479,12.997990
3653,77.577681,12.997609
3654,77.579438,12.997534
3655,77.576505,12.997604
3656,77.576603,12.998973
3657,77.577697,12.998096
3658,77.576524,12.998070
3659,77.578004,12.998092
3660,77.577999,12.997594
3661,77.577979,12.996966
3662,77.578347,12.998430
3663,77.577690,12.997856
3664,77.579459,12.997772
3665,77.576905,12.998980
3666,77.576810,12.998081
3667,77.576381,12.999432
3668,77.576373,13.000099
3669,77.578347,12.998561
3670,77.577007,12.999436
3671,77.576999,13.000107
3672,77.576695,13.000103
3673,77.576725,12.999426
3674,77.577598,13.000144
3675,77.577331,13.000111
3676,77.577341,12.999481
3677,77.577651,12.999482
3678,77.577638,12.999744
3679,77.579558,12.999708
3680,77.578151,12.999755
3681,77.574091,12.995730
3682,77.578010,12.997839
3683,77.578303,12.997830
3684,77.578321,12.998070
3685,77.573445,12.990979
3686,77.573639,12.992226
3687,77.573645,12.992543
3688,77.572846,12.992408
3689,77.572848,12.992039
3690,77.573641,12.991883
3691,77.573666,12.990801
3692,77.573919,12.991585
3693,77.573721,12.989225
3694,77.574470,12.991378
3695,77.573352,12.990511
3696,77.573775,12.990369
3697,77.573543,12.990452
3698,77.577113,12.990438
3699,77.574605,12.990518
3700,77.576934,12.989826
3701,77.577798,12.989507
3702,77.576408,12.992059
3703,77.575796,12.990153
3704,77.575995,12.990780
3705,77.579005,12.990216
3706,77.578109,12.990627
3707,77.576135,12.991247
3708,77.577248,12.990898
3709,77.574723,12.990850
3710,77.575899,12.990472
3711,77.576623,12.990239
3712,77.576723,12.990557
3713,77.576532,12.989951
3714,77.574473,12.990147
3715,77.574359,12.989817
3716,77.576724,12.989108
3717,77.577612,12.988832
3718,77.575757,12.988670
3719,77.575925,12.989348
3720,77.576016,12.989715
3721,77.576101,12.990060
3722,77.575841,12.989010
3723,77.574237,12.989472
3724,77.577180,12.988967
3725,77.577380,12.989673
3726,77.576267,12.991686
3727,77.578243,12.991081
3728,77.578355,12.991492
3729,77.574711,12.994399
3730,77.574116,12.993025
3731,77.574334,12.992667
3732,77.575077,12.994104
3733,77.574475,12.992563
3734,77.575253,12.994051
3735,77.574635,12.992456
3736,77.575691,12.994175
3737,77.576312,12.992854
3738,77.575374,12.993072
3739,77.576572,12.993131
3740,77.575801,12.992969
3741,77.575850,12.993279
3742,77.575982,12.993640
3743,77.576255,12.994819
3744,77.576324,12.995145
3745,77.576835,12.993407
3746,77.576582,12.993473
3747,77.576777,12.994317
3748,77.576302,12.993553
3749,77.576481,12.994564
3750,77.577323,12.994925
3751,77.577377,12.995191
3752,77.575180,12.995426
3753,77.576235,12.995339
3754,77.575863,12.996057
3755,77.575134,12.995913
3756,77.574840,12.996653
3757,77.575495,12.996772
3758,77.574760,12.997108
3759,77.575270,12.997199
3760,77.574511,12.997865
3761,77.574898,12.997953
3762,77.577111,12.997609
3763,77.577124,12.995784
3764,77.577571,12.996421
3765,77.577548,12.995721
3766,77.577640,12.996654
3767,77.577067,12.996686
3768,77.577071,12.996412
3769,77.577482,12.996663
3770,77.577473,12.997609
3771,77.577230,12.997609
3772,77.577248,12.996676
3773,77.576184,12.997596
3774,77.576275,12.998972
3775,77.575780,12.997587
3776,77.575766,12.998171
3777,77.576210,12.998227
3778,77.575757,12.998554
3779,77.576234,12.998512
3780,77.577896,12.994335
3781,77.578092,12.994496
3782,77.576518,12.995427
3783,77.576465,12.995624
3784,77.576098,12.995610
3785,77.568356,12.993371
3786,77.564243,12.999048
3787,77.564955,12.998126
3788,77.565195,12.996240
3789,77.564647,12.993568
3790,77.566339,12.995699
3791,77.565507,12.995609
3792,77.565085,12.995603
3793,77.564511,12.995703
3794,77.563826,12.995843
3795,77.561277,12.996425
3796,77.561363,12.996740
3797,77.561134,12.995937
3798,77.565020,12.995209
3799,77.563784,12.995622
3800,77.564461,12.995473
3801,77.565056,12.995402
3802,77.563031,12.995172
3803,77.563085,12.995794
3804,77.563113,12.996024
3805,77.563608,12.994735
3806,77.562995,12.994840
3807,77.562977,12.994519
3808,77.562525,12.992884
3809,77.562353,12.991989
3810,77.562289,12.991566
3811,77.561940,12.989586
3812,77.561961,12.988320
3813,77.563241,12.989089
3814,77.563594,12.987815
3815,77.563803,12.989476
3816,77.563814,12.989928
3817,77.564261,12.989887
3818,77.566546,12.989823
3819,77.566512,12.990594
3820,77.567666,12.990856
3821,77.566509,12.990921
3822,77.563860,12.991032
3823,77.566469,12.992130
3824,77.566464,12.992452
3825,77.563299,12.992993
3826,77.564457,12.992753
3827,77.567790,12.992740
3828,77.566444,12.992796
3829,77.568533,12.993074
3830,77.567770,12.993108
3831,77.566417,12.993129
3832,77.564726,12.993534
3833,77.562767,12.993803
3834,77.562078,12.993865
3835,77.560845,12.993934
3836,77.560894,12.992961
3837,77.561021,12.992111
3838,77.562427,12.992436
3839,77.560954,12.992581
3840,77.560868,12.993499
3841,77.562061,12.993400
3842,77.562649,12.993329
3843,77.563134,12.993230
3844,77.560498,12.994218
3845,77.562798,12.994039
3846,77.563174,12.992311
3847,77.561234,12.991226
3848,77.562240,12.991154
3849,77.561460,12.990851
3850,77.562179,12.990841
3851,77.562553,12.990762
3852,77.565610,12.994848
3853,77.566372,12.994857
3854,77.567211,12.994860
3855,77.566393,12.994478
3856,77.567501,12.994468
3857,77.566401,12.994145
3858,77.567726,12.993785
3859,77.566410,12.993792
3860,77.564548,12.993154
3861,77.563378,12.993373
3862,77.563226,12.992553
3863,77.564356,12.992315
3864,77.563853,12.992433
3865,77.563738,12.991764
3866,77.563804,12.989079
3867,77.562349,12.989085
3868,77.562280,12.989277
3869,77.563800,12.989228
3870,77.562351,12.989575
3871,77.566550,12.989385
3872,77.566548,12.989590
3873,77.563810,12.989690
3874,77.562295,12.989788
3875,77.562358,12.990044
3876,77.563824,12.990182
3877,77.562103,12.990250
3878,77.559891,12.989966
3879,77.561307,12.989757
3880,77.561975,12.989795
3881,77.561320,12.989443
3882,77.561938,12.989486
3883,77.561955,12.989261
3884,77.561255,12.988962
3885,77.561950,12.988991
3886,77.561402,12.988754
3887,77.561952,12.988778
3888,77.561531,12.988307
3889,77.563167,12.988261
3890,77.565066,12.988146
3891,77.563680,12.988204
3892,77.565148,12.989873
3893,77.565123,12.989410
3894,77.565135,12.989644
3895,77.564220,12.989676
3896,77.564189,12.989447
3897,77.564049,12.988590
3898,77.563957,12.988174
3899,77.563918,12.987783
3900,77.565071,12.988534
3901,77.563978,12.988361
3902,77.565059,12.988313
3903,77.566554,12.988119
3904,77.565110,12.989202
3905,77.565096,12.988982
3906,77.566554,12.988917
3907,77.565773,12.988139
3908,77.565828,12.989853
3909,77.565823,12.989617
3910,77.565802,12.989400
3911,77.565797,12.988958
3912,77.565787,12.988519
3913,77.566558,12.988498
3914,77.567384,12.988446
3915,77.567414,12.989818
3916,77.567283,12.987707
3917,77.567374,12.987264
3918,77.567277,12.987303
3919,77.566543,12.987321
3920,77.565057,12.987397
3921,77.565108,12.985685
3922,77.565206,12.984930
3923,77.565479,12.989863
3924,77.565461,12.989388
3925,77.565471,12.989633
3926,77.566187,12.989838
3927,77.566120,12.988941
3928,77.566145,12.989384
3929,77.566179,12.989605
3930,77.564731,12.989886
3931,77.564702,12.989428
3932,77.564715,12.989659
3933,77.565790,12.989180
3934,77.566552,12.989149
3935,77.566131,12.989170
3936,77.567411,12.989677
3937,77.566547,12.989679
3938,77.567407,12.989479
3939,77.566549,12.989496
3940,77.567403,12.989307
3941,77.566551,12.989321
3942,77.567399,12.989125
3943,77.567395,12.988933
3944,77.566554,12.988955
3945,77.567394,12.988767
3946,77.566556,12.988777
3947,77.567387,12.988578
3948,77.566557,12.988612
3949,77.562622,12.990456
3950,77.563831,12.990412
3951,77.562667,12.990702
3952,77.563839,12.990667
3953,77.564340,12.990664
3954,77.564391,12.991018
3955,77.567318,12.985016
3956,77.566070,12.984828
3957,77.564979,12.984501
3958,77.563767,12.984095
3959,77.563641,12.984198
3960,77.563307,12.985428
3961,77.563343,12.985838
3962,77.562899,12.985875
3963,77.564763,12.986038
3964,77.565068,12.986124
3965,77.565065,12.983776
3966,77.564925,12.982822
3967,77.566626,12.983543
3968,77.565883,12.983664
3969,77.565766,12.982713
3970,77.566639,12.982550
3971,77.565323,12.982772
3972,77.565486,12.983719
3973,77.565746,12.984738
3974,77.565022,12.984182
3975,77.564120,12.983886
3976,77.566323,12.983606
3977,77.566199,12.982638
3978,77.566629,12.982779
3979,77.566865,12.982795
3980,77.566853,12.983808
3981,77.567226,12.984698
3982,77.568052,12.984769
3983,77.566386,12.984522
3984,77.566026,12.984593
3985,77.566540,12.987052
3986,77.565054,12.987091
3987,77.565579,12.986804
3988,77.565023,12.986816
3989,77.565510,12.986496
3990,77.565036,12.986416
3991,77.565655,12.986293
3992,77.565103,12.985750
3993,77.563459,12.984765
3994,77.565131,12.985310
3995,77.566110,12.985560
3996,77.565102,12.985566
3997,77.566419,12.985825
3998,77.565807,12.986022
3999,77.567510,12.985604
4000,77.566963,12.986200
4001,77.567977,12.986244
4002,77.567496,12.986223
4003,77.566937,12.985923
4004,77.567504,12.985923
4005,77.567689,12.985591
4006,77.567784,12.986235
4007,77.567791,12.987217
4008,77.567908,12.987690
4009,77.563344,12.987825
4010,77.563163,12.985852
4011,77.563862,12.986475
4012,77.563453,12.986702
4013,77.563846,12.986696
4014,77.563984,12.987778
4015,77.564906,12.985706
4016,77.564257,12.987154
4017,77.565059,12.987162
4018,77.564058,12.987538
4019,77.565072,12.987526
4020,77.564381,12.986897
4021,77.565029,12.986905
4022,77.575691,12.967899
4023,77.576002,12.968570
4024,77.575959,12.968495
4025,77.575161,12.968950
4026,77.575037,12.968690
4027,77.575837,12.968265
4028,77.576405,12.968323
4029,77.576839,12.969105
4030,77.574750,12.968099
4031,77.576548,12.967092
4032,77.577921,12.966574
4033,77.573771,12.968661
4034,77.573342,12.967589
4035,77.572938,12.967757
4036,77.572402,12.967896
4037,77.571763,12.967976
4038,77.571373,12.967982
4039,77.573056,12.968089
4040,77.572519,12.968221
4041,77.572175,12.968310
4042,77.571981,12.968341
4043,77.572426,12.967894
4044,77.572650,12.966959
4045,77.572279,12.967397
4046,77.572761,12.967268
4047,77.572350,12.967681
4048,77.571706,12.967754
4049,77.573810,12.967803
4050,77.571183,12.967579
4051,77.571125,12.967265
4052,77.571083,12.965529
4053,77.571103,12.965027
4054,77.570073,12.965161
4055,77.572599,12.965000
4056,77.572601,12.964532
4057,77.572672,12.966244
4058,77.573290,12.966150
4059,77.573199,12.964578
4060,77.573237,12.965049
4061,77.573254,12.965373
4062,77.572601,12.965392
4063,77.570090,12.965581
4064,77.570105,12.965975
4065,77.571047,12.966079
4066,77.571527,12.965497
4067,77.571436,12.966398
4068,77.571646,12.967321
4069,77.571509,12.967068
4070,77.570158,12.967236
4071,77.570137,12.966818
4072,77.571073,12.966840
4073,77.570397,12.967244
4074,77.570450,12.967900
4075,77.570396,12.967525
4076,77.572131,12.965438
4077,77.571667,12.966385
4078,77.571766,12.965452
4079,77.571777,12.965027
4080,77.574221,12.965916
4081,77.574128,12.964642
4082,77.568423,12.968830
4083,77.569305,12.971610
4084,77.568627,12.971799
4085,77.573311,12.970028
4086,77.572534,12.970191
4087,77.568117,12.966893
4088,77.570134,12.966754
4089,77.575909,12.966514
4090,77.574304,12.967257
4091,77.573495,12.970671
4092,77.572878,12.970870
4093,77.574727,12.970427
4094,77.572449,12.970736
4095,77.572773,12.972034
4096,77.572065,12.969818
4097,77.572594,12.972211
4098,77.572804,12.970714
4099,77.572194,12.970596
4100,77.570290,12.971455
4101,77.572001,12.971202
4102,77.569262,12.971492
4103,77.570289,12.971399
4104,77.573244,12.968057
4105,77.579082,12.965696
4106,77.578304,12.965997
4107,77.576699,12.969192
4108,77.577429,12.970221
4109,77.577960,12.971009
4110,77.578304,12.970740
4111,77.578040,12.970376
4112,77.577907,12.970023
4113,77.576608,12.969941
4114,77.577015,12.969654
4115,77.578621,12.968618
4116,77.578397,12.968129
4117,77.576853,12.970439
4118,77.576257,12.969917
4119,77.576197,12.970766
4120,77.577065,12.970331
4121,77.576782,12.969816
4122,77.577232,12.970573
4123,77.577639,12.971243
4124,77.578715,12.969999
4125,77.578912,12.970325
4126,77.578450,12.969754
4127,77.578174,12.969428
4128,77.578509,12.969233
4129,77.578933,12.969769
4130,77.577660,12.970615
4131,77.577154,12.971623
4132,77.574373,12.972060
4133,77.575089,12.971794
4134,77.576449,12.971288
4135,77.574783,12.971243
4136,77.574392,12.970659
4137,77.574943,12.970290
4138,77.575313,12.971013
4139,77.574625,12.971989
4140,77.574063,12.970900
4141,77.574666,12.972677
4142,77.575838,12.972496
4143,77.575538,12.972037
4144,77.575102,12.972273
4145,77.575554,12.972052
4146,77.576004,12.971660
4147,77.575933,12.971473
4148,77.575861,12.971495
4149,77.575692,12.970970
4150,77.575371,12.971121
4151,77.576580,12.973088
4152,77.576213,12.972261
4153,77.577032,12.972895
4154,77.576598,12.972010
4155,77.574099,12.973158
4156,77.573741,12.972608
4157,77.572599,12.973012
4158,77.573452,12.972740
4159,77.574510,12.972337
4160,77.573577,12.972928
4161,77.573936,12.972809
4162,77.574617,12.972570
4163,77.574377,12.973044
4164,77.574765,12.972913
4165,77.574140,12.972482
4166,77.574219,12.972705
4167,77.574523,12.973332
4168,77.574502,12.974287
4169,77.574383,12.973472
4170,77.573730,12.973690
4171,77.572940,12.971875
4172,77.569323,12.973646
4173,77.569899,12.973543
4174,77.569892,12.972971
4175,77.569883,12.973990
4176,77.571138,12.973001
4177,77.571491,12.972984
4178,77.570291,12.971762
4179,77.571010,12.971685
4180,77.571538,12.971660
4181,77.570278,12.971175
4182,77.571161,12.971011
4183,77.571295,12.971677
4184,77.571262,12.971357
4185,77.571114,12.970718
4186,77.571863,12.970489
4187,77.571224,12.970688
4188,77.571095,12.970012
4189,77.571030,12.969707
4190,77.570228,12.969831
4191,77.569849,12.969659
4192,77.569416,12.969666
4193,77.568520,12.969896
4194,77.568558,12.970116
4195,77.569846,12.969838
4196,77.569293,12.970202
4197,77.569359,12.970199
4198,77.569418,12.970613
4199,77.569374,12.970392
4200,77.568727,12.970556
4201,77.570253,12.970393
4202,77.569391,12.969454
4203,77.569272,12.968860
4204,77.568489,12.969683
4205,77.568094,12.969984
4206,77.569759,12.969654
4207,77.569806,12.968895
4208,77.569829,12.968329
4209,77.568048,12.968433
4210,77.571144,12.968332
4211,77.571136,12.968461
4212,77.571144,12.968875
4213,77.571352,12.969529
4214,77.570711,12.968917
4215,77.571418,12.968438
4216,77.571461,12.968664
4217,77.571935,12.968627
4218,77.572204,12.969420
4219,77.570239,12.968230
4220,77.568799,12.966814
4221,77.568961,12.968120
4222,77.568613,12.968164
4223,77.568506,12.966848
4224,77.568707,12.966825
4225,77.568608,12.965098
4226,77.568145,12.966648
4227,77.567036,12.966650
4228,77.567334,12.963399
4229,77.567092,12.965854
4230,77.568152,12.965957
4231,77.568137,12.966140
4232,77.567079,12.966026
4233,77.567068,12.966256
4234,77.567658,12.966297
4235,77.579514,12.971116
4236,77.580163,12.970807
4237,77.579755,12.971964
4238,77.579546,12.971121
4239,77.579060,12.970208
4240,77.579120,12.971287
4241,77.579365,12.972084
4242,77.576095,12.972810
4243,77.576441,12.972688
4244,77.576854,12.972536
4245,77.577013,12.972488
4246,77.577504,12.972367
4247,77.577420,12.972387
4248,77.575760,12.973424
4249,77.575505,12.972716
4250,77.576691,12.973039
4251,77.576856,12.973528
4252,77.578521,12.972370
4253,77.578217,12.971500
4254,77.579381,12.971187
4255,77.580189,12.969280
4256,77.580750,12.970465
4257,77.580109,12.970693
4258,77.580901,12.970434
4259,77.581099,12.970797
4260,77.580432,12.971355
4261,77.581203,12.971034
4262,77.581410,12.970219
4263,77.581048,12.969343
4264,77.581503,12.969451
4265,77.581163,12.969585
4266,77.581940,12.967700
4267,77.582624,12.967328
4268,77.581903,12.966215
4269,77.582176,12.966696
4270,77.582647,12.967367
4271,77.583485,12.967430
4272,77.583100,12.966719
4273,77.581959,12.967372
4274,77.582486,12.967077
4275,77.583435,12.966305
4276,77.584047,12.966026
4277,77.583786,12.965445
4278,77.583558,12.966234
4279,77.583283,12.965606
4280,77.583423,12.965994
4281,77.583950,12.965802
4282,77.582934,12.965749
4283,77.582667,12.966973
4284,77.582350,12.966447
4285,77.582743,12.966444
4286,77.582918,12.966826
4287,77.581578,12.967063
4288,77.581715,12.966981
4289,77.581441,12.967874
4290,77.583260,12.968012
4291,77.583074,12.967633
4292,77.582840,12.967669
4293,77.585033,12.967973
4294,77.584859,12.967390
4295,77.584640,12.967441
4296,77.584905,12.966841
4297,77.585249,12.967770
4298,77.584999,12.966327
4299,77.583838,12.967047
4300,77.583722,12.966759
4301,77.583742,12.966820
4302,77.583292,12.967009
4303,77.583683,12.967370
4304,77.583862,12.967713
4305,77.584183,12.967572
4306,77.583785,12.967509
4307,77.584235,12.967556
4308,77.584633,12.968129
4309,77.583695,12.968633
4310,77.582017,12.968975
4311,77.581905,12.968689
4312,77.581214,12.970283
4313,77.580827,12.969485
4314,77.581077,12.970002
4315,77.581302,12.969883
4316,77.581760,12.965662
4317,77.580958,12.966045
4318,77.582444,12.968719
4319,77.581728,12.970480
4320,77.582414,12.970721
4321,77.582196,12.970275
4322,77.587501,12.979080
4323,77.593698,12.975212
4324,77.578958,12.974003
4325,77.578498,12.972929
4326,77.594643,12.967041
4327,77.577076,12.944359
4328,77.577530,12.944201
4329,77.573297,12.944230
4330,77.571277,12.945405
4331,77.573269,12.945875
4332,77.573266,12.946601
4333,77.577280,12.946662
4334,77.577279,12.947421
4335,77.577288,12.947841
4336,77.569793,12.946494
4337,77.570656,12.945263
4338,77.570437,12.941654
4339,77.571930,12.941646
4340,77.572312,12.941647
4341,77.572364,12.942182
4342,77.571565,12.941645
4343,77.571643,12.939748
4344,77.570807,12.941640
4345,77.570902,12.939293
4346,77.569619,12.941683
4347,77.570031,12.941696
4348,77.570155,12.938867
4349,77.571876,12.942174
4350,77.572866,12.942186
4351,77.591175,12.965939
4352,77.592548,12.966018
4353,77.594426,12.965896
4354,77.593986,12.963747
4355,77.592341,12.963736
4356,77.592247,12.963013
4357,77.593878,12.963033
4358,77.592404,12.964332
4359,77.594070,12.964293
4360,77.592447,12.964737
4361,77.594137,12.964732
4362,77.592487,12.965302
4363,77.594250,12.965285
4364,77.592533,12.965780
4365,77.594374,12.965716
4366,77.594507,12.966200
4367,77.592577,12.966290
4368,77.591202,12.966255
4369,77.590930,12.965091
4370,77.590900,12.965869
4371,77.591191,12.967020
4372,77.592600,12.966872
4373,77.589230,12.966499
4374,77.591194,12.966584
4375,77.594554,12.966583
4376,77.593365,12.966583
4377,77.593462,12.967637
4378,77.592651,12.967723
4379,77.591362,12.967844
4380,77.590244,12.966593
4381,77.589993,12.967223
4382,77.589129,12.966711
4383,77.590015,12.966608
4384,77.590010,12.965793
4385,77.590364,12.965847
4386,77.590359,12.966588
4387,77.590618,12.966566
4388,77.589625,12.964974
4389,77.590913,12.964757
4390,77.589549,12.964671
4391,77.590885,12.964419
4392,77.589829,12.963753
4393,77.589874,12.963492
4394,77.590721,12.963349
4395,77.593597,12.963750
4396,77.593603,12.963031
4397,77.593742,12.963749
4398,77.593729,12.964306
4399,77.593720,12.966237
4400,77.593722,12.965948
4401,77.593702,12.965718
4402,77.593711,12.965286
4403,77.593720,12.964747
4404,77.593232,12.965286
4405,77.593263,12.965745
4406,77.593222,12.964732
4407,77.593736,12.964021
4408,77.591159,12.965741
4409,77.593246,12.965562
4410,77.593707,12.965547
4411,77.594323,12.965535
4412,77.591876,12.965674
4413,77.592078,12.967787
4414,77.591987,12.966940
4415,77.591974,12.966599
4416,77.591933,12.966274
4417,77.591908,12.965990
4418,77.591554,12.967456
4419,77.593410,12.967210
4420,77.592603,12.966947
4421,77.593383,12.966902
4422,77.592023,12.967417
4423,77.591467,12.967251
4424,77.592609,12.967142
4425,77.592005,12.967210
4426,77.593250,12.963749
4427,77.593289,12.963034
4428,77.593281,12.963364
4429,77.593596,12.963355
4430,77.592307,12.963506
4431,77.590822,12.964057
4432,77.590081,12.964190
4433,77.590020,12.963898
4434,77.590163,12.964553
4435,77.590464,12.962690
4436,77.590571,12.963370
4437,77.590683,12.964082
4438,77.592462,12.965024
4439,77.593224,12.965004
4440,77.588588,12.963960
4441,77.587723,12.963007
4442,77.587593,12.961099
4443,77.588144,12.962282
4444,77.587839,12.962601
4445,77.588911,12.962422
4446,77.588417,12.961995
4447,77.588601,12.962732
4448,77.588525,12.961879
4449,77.588143,12.961551
4450,77.587626,12.961584
4451,77.588279,12.961640
4452,77.587672,12.962259
4453,77.596482,12.955635
4454,77.595465,12.953697
4455,77.596989,12.958054
4456,77.597188,12.959230
4457,77.597355,12.960356
4458,77.594816,12.960724
4459,77.594686,12.959700
4460,77.594225,12.957456
4461,77.594278,12.957711
4462,77.593195,12.958432
4463,77.594352,12.958106
4464,77.594331,12.957970
4465,77.596911,12.957531
4466,77.594438,12.958493
4467,77.599259,12.957727
4468,77.596715,12.956207
4469,77.595502,12.956742
4470,77.594246,12.957157
4471,77.595635,12.957748
4472,77.595923,12.960612
4473,77.595294,12.959575
4474,77.595033,12.958390
4475,77.596507,12.959325
4476,77.596248,12.958181
4477,77.595566,12.957223
4478,77.596837,12.957033
4479,77.599075,12.956674
4480,77.596751,12.956420
4481,77.599814,12.955681
4482,77.598908,12.955926
4483,77.599786,12.960652
4484,77.599131,12.960434
4485,77.598592,12.957826
4486,77.597639,12.957961
4487,77.597901,12.959799
4488,77.597574,12.962004
4489,77.597107,12.960441
4490,77.597977,12.960150
4491,77.599005,12.959826
4492,77.599600,12.959665
4493,77.600426,12.959482
4494,77.600026,12.959580
4495,77.599829,12.958535
4496,77.598940,12.959514
4497,77.599546,12.959377
4498,77.598799,12.958837
4499,77.599417,12.958662
4500,77.602022,12.957903
4501,77.601104,12.958168
4502,77.601688,12.960066
4503,77.599907,12.957333
4504,77.600206,12.958425
4505,77.600554,12.960047
4506,77.603052,12.956783
4507,77.601787,12.957187
4508,77.600881,12.957472
4509,77.601904,12.957521
4510,77.600997,12.957808
4511,77.600122,12.958086
4512,77.601603,12.956637
4513,77.602869,12.956238
4514,77.602610,12.955529
4515,77.598995,12.956338
4516,77.596788,12.956697
4517,77.596728,12.959282
4518,77.596864,12.960253
4519,77.597269,12.960998
4520,77.598155,12.960730
4521,77.599165,12.957186
4522,77.597937,12.959149
4523,77.598358,12.958921
4524,77.598178,12.957885
4525,77.599324,12.958206
4526,77.598946,12.958277
4527,77.603189,12.957501
4528,77.601548,12.959750
4529,77.600983,12.960571
4530,77.599712,12.960258
4531,77.599301,12.960808
4532,77.597472,12.961695
4533,77.596856,12.961695
4534,77.596864,12.961464
4535,77.597362,12.961318
4536,77.596552,12.961169
4537,77.597160,12.960624
4538,77.597646,12.960486
4539,77.597592,12.960278
4540,77.597743,12.960855
4541,77.597816,12.961284
4542,77.597591,12.961288
4543,77.597509,12.960926
4544,77.596747,12.961123
4545,77.596700,12.960743
4546,77.597103,12.958720
4547,77.599200,12.955860
4548,77.599354,12.956446
4549,77.603728,12.962062
4550,77.605734,12.964587
4551,77.614444,12.958194
4552,77.612124,12.958452
4553,77.617813,12.962142
4554,77.618014,12.961290
4555,77.619012,12.957335
4556,77.619061,12.956732
4557,77.621077,12.956583
4558,77.616551,12.959126
4559,77.618559,12.959081
4560,77.618758,12.958242
4561,77.617207,12.957964
4562,77.616761,12.957039
4563,77.614366,12.957227
4564,77.616012,12.957097
4565,77.615773,12.954450
4566,77.615898,12.955826
4567,77.617334,12.955707
4568,77.616878,12.955738
4569,77.616759,12.954030
4570,77.614797,12.957191
4571,77.614699,12.955934
4572,77.614748,12.956573
4573,77.615956,12.956470
4574,77.615928,12.956162
4575,77.614724,12.956261
4576,77.614298,12.956307
4577,77.614770,12.956846
4578,77.615982,12.956762
4579,77.616686,12.955754
4580,77.616775,12.956717
4581,77.616870,12.956735
4582,77.614682,12.955650
4583,77.614619,12.954867
4584,77.615523,12.955860
4585,77.615459,12.955043
4586,77.614682,12.955333
4587,77.615818,12.954913
4588,77.615482,12.955333
4589,77.605820,12.949865
4590,77.611773,12.949421
4591,77.615263,12.950511
4592,77.617908,12.950254
4593,77.616984,12.948488
4594,77.618932,12.951649
4595,77.619390,12.951818
4596,77.620009,12.951818
4597,77.617049,12.949350
4598,77.617622,12.950277
4599,77.617936,12.947960
4600,77.617714,12.947275
4601,77.616525,12.947073
4602,77.617483,12.946578
4603,77.615637,12.957126
4604,77.615737,12.958051
4605,77.615303,12.957152
4606,77.615399,12.958088
4607,77.614098,12.955074
4608,77.613718,12.953592
4609,77.613179,12.951995
4610,77.613331,12.953700
4611,77.614244,12.953306
4612,77.617362,12.953772
4613,77.617599,12.951081
4614,77.616828,12.953998
4615,77.616579,12.952189
4616,77.615623,12.952292
4617,77.611887,12.956466
4618,77.614267,12.955842
4619,77.613664,12.955989
4620,77.613894,12.956775
4621,77.614329,12.956712
4622,77.612809,12.955650
4623,77.612623,12.954815
4624,77.612253,12.954864
4625,77.613353,12.954603
4626,77.613826,12.955217
4627,77.613470,12.953959
4628,77.614378,12.957376
4629,77.613807,12.957431
4630,77.613452,12.956054
4631,77.613610,12.956556
4632,77.612830,12.956779
4633,77.613555,12.956381
4634,77.612781,12.956595
4635,77.614565,12.959288
4636,77.612332,12.960193
4637,77.612764,12.960180
4638,77.613643,12.960559
4639,77.613884,12.960524
4640,77.613748,12.959113
4641,77.613911,12.961042
4642,77.613707,12.961056
4643,77.614728,12.961006
4644,77.613864,12.960271
4645,77.614653,12.960197
4646,77.616482,12.960020
4647,77.614499,12.958828
4648,77.616601,12.958712
4649,77.615634,12.959197
4650,77.615660,12.960081
4651,77.616408,12.960859
4652,77.615497,12.960964
4653,77.615459,12.960113
4654,77.614432,12.960221
4655,77.614323,12.959073
4656,77.614037,12.960267
4657,77.613929,12.959101
4658,77.614018,12.960056
4659,77.614400,12.960027
4660,77.614920,12.960174
4661,77.614870,12.959449
4662,77.614581,12.959470
4663,77.615438,12.959418
4664,77.615431,12.959217
4665,77.614905,12.959953
4666,77.615449,12.959902
4667,77.614979,12.960990
4668,77.614934,12.960368
4669,77.615468,12.960327
4670,77.616305,12.957987
4671,77.616259,12.957077
4672,77.616271,12.957707
4673,77.615707,12.957776
4674,77.615662,12.957356
4675,77.616274,12.957305
4676,77.615416,12.958745
4677,77.614955,12.958793
4678,77.614901,12.958144
4679,77.616152,12.958721
4680,77.616118,12.958008
4681,77.616137,12.958409
4682,77.615410,12.958457
4683,77.616268,12.960033
4684,77.616337,12.959150
4685,77.616285,12.959815
4686,77.615869,12.960061
4687,77.615855,12.959185
4688,77.615857,12.959848
4689,77.615689,12.960949
4690,77.615883,12.960930
4691,77.616175,12.960872
4692,77.612910,12.961598
4693,77.612884,12.961319
4694,77.613722,12.961250
4695,77.613076,12.961303
4696,77.612976,12.960224
4697,77.613464,12.961271
4698,77.613011,12.960600
4699,77.613578,12.955696
4700,77.613130,12.953736
4701,77.612967,12.953641
4702,77.612408,12.952087
4703,77.612083,12.950460
4704,77.613788,12.950109
4705,77.612811,12.952095
4706,77.613693,12.951846
4707,77.612765,12.951912
4708,77.613638,12.951667
4709,77.620944,12.955925
4710,77.620688,12.954578
4711,77.625845,12.952137
4712,77.623794,12.954001
4713,77.623140,12.950915
4714,77.620311,12.953226
4715,77.623496,12.952598
4716,77.623649,12.953309
4717,77.622417,12.951265
4718,77.622743,12.952746
4719,77.623030,12.954141
4720,77.621527,12.954416
4721,77.621222,12.953044
4722,77.621954,12.954338
4723,77.621663,12.952958
4724,77.621881,12.953995
4725,77.622959,12.953793
4726,77.623720,12.953651
4727,77.621732,12.953288
4728,77.624637,12.952732
4729,77.623568,12.952937
4730,77.622812,12.953081
4731,77.623413,12.952202
4732,77.622652,12.952363
4733,77.622506,12.951680
4734,77.623279,12.951521
4735,77.624766,12.953653
4736,77.624234,12.950621
4737,77.624572,12.952387
4738,77.624016,12.952195
4739,77.625790,12.951867
4740,77.624517,12.952108
4741,77.624199,12.952166
4742,77.623994,12.951057
4743,77.623709,12.951111
4744,77.625569,12.950774
4745,77.624310,12.951006
4746,77.623849,12.951663
4747,77.623610,12.950761
4748,77.625723,12.951533
4749,77.624700,12.953160
4750,77.624982,12.953072
4751,77.625503,12.952518
4752,77.625479,12.952241
4753,77.624854,12.952332
4754,77.624907,12.952663
4755,77.625404,12.951611
4756,77.625255,12.950827
4757,77.611333,12.963251
4758,77.614690,12.963622
4759,77.615328,12.963848
4760,77.616879,12.964502
4761,77.616345,12.963940
4762,77.616929,12.965574
4763,77.613338,12.963481
4764,77.613355,12.962889
4765,77.614793,12.962941
4766,77.615658,12.963026
4767,77.615489,12.963330
4768,77.614766,12.963262
4769,77.615566,12.963565
4770,77.614369,12.965100
4771,77.616433,12.961713
4772,77.616106,12.964189
4773,77.615501,12.966038
4774,77.615791,12.965157
4775,77.614587,12.964821
4776,77.615997,12.964524
4777,77.616899,12.964880
4778,77.614744,12.966280
4779,77.615032,12.964945
4780,77.613317,12.964571
4781,77.613024,12.966730
4782,77.613346,12.963161
4783,77.614762,12.963304
4784,77.612370,12.963387
4785,77.612565,12.961926
4786,77.613589,12.962049
4787,77.612471,12.964725
4788,77.613142,12.965248
4789,77.612816,12.964973
4790,77.612947,12.964571
4791,77.597200,12.969229
4792,77.598149,12.969074
4793,77.596801,12.968786
4794,77.597952,12.968610
4795,77.596488,12.968303
4796,77.598748,12.972336
4797,77.597871,12.972456
4798,77.599382,12.973616
4799,77.596941,12.973952
4800,77.592226,12.956193
4801,77.600727,12.947342
4802,77.599805,12.947647
4803,77.599869,12.947839
4804,77.598723,12.948324
4805,77.598949,12.948553
4806,77.599977,12.948143
4807,77.600094,12.948468
4808,77.599226,12.948834
4809,77.599106,12.949541
4810,77.598656,12.949922
4811,77.600130,12.948566
4812,77.601019,12.948424
4813,77.600030,12.948290
4814,77.600939,12.948161
4815,77.600421,12.948241
4816,77.600275,12.947492
4817,77.600358,12.947828
4818,77.601394,12.947529
4819,77.600431,12.946487
4820,77.601315,12.946141
4821,77.600206,12.945891
4822,77.598200,12.946698
4823,77.599283,12.946237
4824,77.598950,12.946363
4825,77.598599,12.945494
4826,77.599590,12.946121
4827,77.599249,12.945262
4828,77.599898,12.945993
4829,77.599565,12.945150
4830,77.599091,12.944105
4831,77.599727,12.944667
4832,77.599582,12.944255
4833,77.598556,12.946512
4834,77.598238,12.945623
4835,77.596215,12.946835
4836,77.596706,12.946549
4837,77.597201,12.946202
4838,77.593963,12.947775
4839,77.599632,12.947148
4840,77.595667,12.951713
4841,77.594586,12.952706
4842,77.595057,12.952273
4843,77.601942,12.947335
4844,77.602206,12.948208
4845,77.602021,12.947652
4846,77.601496,12.947828
4847,77.566645,13.009480
4848,77.562787,13.009631
4849,77.561419,13.007692
4850,77.561765,13.007675
4851,77.561797,13.006742
4852,77.569178,13.007888
4853,77.568633,13.008648
4854,77.567060,13.011035
4855,77.565270,13.008832
4856,77.565275,13.009527
4857,77.565523,13.007488
4858,77.571682,13.007214
4859,77.568950,13.008195
4860,77.570128,13.008557
4861,77.570137,13.007254
4862,77.631331,13.018424
4863,77.629976,13.018648
4864,77.575879,13.014763
4865,77.576057,13.009391
4866,77.583712,13.011297
4867,77.575998,13.011657
4868,77.576034,13.010463
4869,77.580497,13.010255
4870,77.579296,13.007151
4871,77.583218,13.004895
4872,77.582952,13.009070
4873,77.582916,13.010115
4874,77.582992,13.011336
4875,77.583010,13.010110
4876,77.580483,13.010846
4877,77.583002,13.010748
4878,77.574844,13.013473
4879,77.583771,13.012834
4880,77.574974,13.012493
4881,77.582841,13.014547
4882,77.583224,13.012864
4883,77.582769,13.012885
4884,77.583267,13.014528
4885,77.579712,13.014716
4886,77.579577,13.011495
4887,77.579646,13.013470
4888,77.575930,13.013653
4889,77.575947,13.013252
4890,77.579630,13.013024
4891,77.578313,13.007411
4892,77.579509,13.009240
4893,77.577312,13.014755
4894,77.577240,13.010407
4895,77.578582,13.007835
4896,77.577857,13.008251
4897,77.579936,13.009221
4898,77.578589,13.009280
4899,77.576535,13.009370
4900,77.576525,13.013216
4901,77.576820,13.008999
4902,77.576503,13.012581
4903,77.579609,13.012434
4904,77.579585,13.011966
4905,77.576509,13.012087
4906,77.578347,13.011549
4907,77.578487,13.014747
4908,77.579670,13.013987
4909,77.575912,13.014154
4910,77.578794,13.009272
4911,77.578770,13.011530
4912,77.578009,13.009301
4913,77.577995,13.011565
4914,77.577241,13.009339
4915,77.579659,13.009234
4916,77.582457,13.005333
4917,77.582378,13.007061
4918,77.580675,13.008221
4919,77.578034,13.008569
4920,77.578421,13.008351
4921,77.579008,13.009262
4922,77.582275,13.008247
4923,77.581135,13.008159
4924,77.581748,13.007422
4925,77.580175,13.008513
4926,77.581093,13.009141
4927,77.581598,13.009116
4928,77.581681,13.008202
4929,77.579779,13.006859
4930,77.584060,13.004931
4931,77.580355,13.006519
4932,77.581111,13.007776
4933,77.578782,13.008148
4934,77.579130,13.007952
4935,77.576583,13.010437
4936,77.576513,13.011633
4937,77.578790,13.010335
4938,77.578005,13.010371
4939,77.582023,13.010788
4940,77.579625,13.010296
4941,77.582138,13.009094
4942,77.582045,13.010184
4943,77.577302,13.014092
4944,77.577294,13.013585
4945,77.578443,13.013529
4946,77.578468,13.014040
4947,77.578392,13.012491
4948,77.578427,13.013098
4949,77.577261,13.011599
4950,77.578369,13.012009
4951,77.580512,13.009731
4952,77.581271,13.010220
4953,77.581254,13.010816
4954,77.581236,13.011417
4955,77.581300,13.009135
4956,77.577268,13.012055
4957,77.577276,13.012544
4958,77.577286,13.013171
4959,77.583003,13.008305
4960,77.581287,13.009695
4961,77.582067,13.009656
4962,77.582419,13.006231
4963,77.580766,13.007180
4964,77.581023,13.006138
4965,77.581397,13.006817
4966,77.581824,13.005693
4967,77.581899,13.006528
4968,77.581099,13.008886
4969,77.582399,13.006689
4970,77.583948,13.006749
4971,77.583103,13.006718
4972,77.573819,13.013888
4973,77.573922,13.013399
4974,77.574790,13.014113
4975,77.574887,13.012876
4976,77.574315,13.012860
4977,77.573685,13.014680
4978,77.573797,13.014039
4979,77.576274,13.006269
4980,77.577847,13.005052
4981,77.576818,13.005041
4982,77.575903,13.004120
4983,77.575914,13.004709
4984,77.575633,13.004981
4985,77.576823,13.005813
4986,77.576222,13.004969
4987,77.576233,13.005403
4988,77.575935,13.006279
4989,77.577851,13.005802
4990,77.576244,13.005816
4991,77.576837,13.007093
4992,77.576316,13.007146
4993,77.575913,13.005410
4994,77.575966,13.007159
4995,77.572314,13.006871
4996,77.572305,13.006381
4997,77.572060,13.007791
4998,77.573571,13.006804
4999,77.573415,13.006350
5000,77.573417,13.006759
5001,77.574377,13.006323
5002,77.574355,13.005416
5003,77.573937,13.006335
5004,77.573937,13.005415
5005,77.576235,13.004713
5006,77.576231,13.004113
5007,77.576560,13.004715
5008,77.576545,13.004372
5009,77.575916,13.005743
5010,77.575206,13.005729
5011,77.577840,13.003725
5012,77.579182,13.003709
5013,77.581387,13.004117
5014,77.581208,13.000775
5015,77.578423,13.001365
5016,77.579634,13.001249
5017,77.580820,13.001136
5018,77.581842,13.001084
5019,77.581227,13.001118
5020,77.581817,13.000482
5021,77.581968,13.003769
5022,77.579906,13.003381
5023,77.579179,13.003395
5024,77.579910,13.003031
5025,77.579183,13.003031
5026,77.580090,13.003389
5027,77.580131,13.001977
5028,77.579931,13.001987
5029,77.579674,13.002015
5030,77.580865,13.001959
5031,77.581273,13.001939
5032,77.581904,13.001911
5033,77.581565,13.001103
5034,77.581704,13.003927
5035,77.580335,13.001985
5036,77.580257,13.003342
5037,77.580474,13.002976
5038,77.581941,13.002902
5039,77.580484,13.003330
5040,77.581948,13.003282
5041,77.581932,13.002590
5042,77.580667,13.002660
5043,77.580594,13.001157
5044,77.580890,13.002383
5045,77.581921,13.002329
5046,77.581914,13.002130
5047,77.580877,13.002176
5048,77.579663,13.001750
5049,77.581897,13.001631
5050,77.581863,13.001353
5051,77.579650,13.001466
5052,77.580168,13.001715
5053,77.580133,13.001201
5054,77.579917,13.001728
5055,77.580118,13.001720
5056,77.580320,13.001711
5057,77.579449,13.001841
5058,77.579438,13.001275
5059,77.579186,13.001309
5060,77.579255,13.001300
5061,77.579219,13.000362
5062,77.579042,12.999716
5063,77.578245,13.000446
5064,77.579591,13.000320
5065,77.580770,13.000248
5066,77.581651,13.000184
5067,77.580786,13.000533
5068,77.579596,13.000556
5069,77.579228,13.000612
5070,77.578298,13.000646
5071,77.578913,13.001346
5072,77.578872,13.000612
5073,77.578346,13.000850
5074,77.579235,13.000800
5075,77.579235,13.001014
5076,77.578376,13.001069
5077,77.578891,13.001046
5078,77.578875,13.000815
5079,77.578073,13.001851
5080,77.577746,13.000154
5081,77.577875,13.000872
5082,77.578329,13.000794
5083,77.577892,13.001040
5084,77.578365,13.000972
5085,77.577929,13.001218
5086,77.578392,13.001152
5087,77.577982,13.001438
5088,77.576031,13.001557
5089,77.576487,13.001488
5090,77.576527,13.001405
5091,77.577029,13.001345
5092,77.576487,13.001538
5093,77.577069,13.001527
5094,77.576736,13.001097
5095,77.576548,13.000101
5096,77.576480,13.001137
5097,77.576352,13.000098
5098,77.576620,13.000485
5099,77.576679,13.000794
5100,77.577489,13.000626
5101,77.576725,12.998974
5102,77.577661,12.999181
5103,77.579638,12.998433
5104,77.581199,12.998668
5105,77.583426,12.999382
5106,77.583786,12.997703
5107,77.583604,12.998524
5108,77.579418,12.997355
5109,77.580803,12.997263
5110,77.581723,12.999570
5111,77.579580,13.000002
5112,77.581833,13.000751
5113,77.580799,13.000799
5114,77.579612,13.000868
5115,77.575918,12.996864
5116,77.576666,12.996874
5117,77.575456,12.996863
5118,77.575929,12.997037
5119,77.579083,12.997549
5120,77.579061,12.996627
5121,77.580373,12.996784
5122,77.578245,12.996608
5123,77.578241,12.996325
5124,77.579952,12.996299
5125,77.579704,12.995996
5126,77.578223,12.996005
5127,77.578199,12.995687
5128,77.579428,12.995716
5129,77.578923,12.995256
5130,77.579047,12.996987
5131,77.578257,12.997011
5132,77.578269,12.997252
5133,77.579076,12.997220
5134,77.579073,12.997142
5135,77.579394,12.997141
5136,77.581537,12.998078
5137,77.582804,12.995641
5138,77.581392,12.996200
5139,77.580553,12.996984
5140,77.582593,12.996216
5141,77.580856,12.997322
5142,77.581754,12.997330
5143,77.582281,12.996944
5144,77.582067,12.996400
5145,77.582241,12.997075
5146,77.582758,12.997170
5147,77.583900,12.997108
5148,77.583035,12.996408
5149,77.581739,12.999517
5150,77.582228,12.999604
5151,77.576358,12.996559
5152,77.576445,12.995779
5153,77.576065,12.996547
5154,77.576177,12.995778
5155,77.587212,12.995704
5156,77.586294,12.997570
5157,77.585198,12.997689
5158,77.585481,12.996009
5159,77.585443,12.996284
5160,77.586185,12.996351
5161,77.585836,12.996319
5162,77.586174,12.996674
5163,77.585336,12.997040
5164,77.586006,12.997076
5165,77.587976,12.995523
5166,77.582103,12.994310
5167,77.578695,12.992626
5168,77.579128,12.991253
5169,77.579504,12.992378
5170,77.579110,12.992499
5171,77.578727,12.991377
5172,77.579706,12.992316
5173,77.580954,12.994127
5174,77.581771,12.996061
5175,77.581281,12.993817
5176,77.579868,12.993573
5177,77.580355,12.993260
5178,77.580664,12.994531
5179,77.580205,12.994810
5180,77.580112,12.993874
5181,77.580783,12.996413
5182,77.580928,12.996845
5183,77.580603,12.996063
5184,77.580528,12.994614
5185,77.580633,12.995522
5186,77.578513,12.993109
5187,77.577742,12.992446
5188,77.579441,12.993388
5189,77.577570,12.992791
5190,77.579068,12.994100
5191,77.578463,12.994791
5192,77.579337,12.993776
5193,77.578147,12.994862
5194,77.577837,12.995140
5195,77.578818,12.994402
5196,77.579314,12.993846
5197,77.587382,12.992780
5198,77.586659,12.992923
5199,77.585387,12.992850
5200,77.579932,12.987944
5201,77.578756,12.987274
5202,77.579427,12.987664
5203,77.579941,12.986920
5204,77.579710,12.987259
5205,77.579166,12.986883
5206,77.578459,12.987327
5207,77.577019,12.984317
5208,77.576910,12.986176
5209,77.577765,12.986187
5210,77.576507,12.985635
5211,77.577791,12.985695
5212,77.576515,12.985239
5213,77.577804,12.985377
5214,77.578498,12.984597
5215,77.580535,12.987813
5216,77.580554,12.986839
5217,77.581996,12.987282
5218,77.581144,12.987590
5219,77.581060,12.986975
5220,77.580635,12.986557
5221,77.581711,12.988566
5222,77.581155,12.988832
5223,77.581853,12.987865
5224,77.580799,12.988253
5225,77.581213,12.988924
5226,77.578260,12.993415
5227,77.581231,12.995827
5228,77.581568,12.996607
5229,77.580669,12.998408
5230,77.580737,12.999643
5231,77.580753,12.999927
5232,77.580833,13.001384
5233,77.580850,13.001679
5234,77.580904,13.002648
5235,77.580920,13.002952
5236,77.580938,13.003315
5237,77.581349,13.003302
5238,77.581328,13.002930
5239,77.581311,13.002626
5240,77.581301,13.002366
5241,77.581289,13.002159
5242,77.581257,13.001655
5243,77.581242,13.001382
5244,77.581573,13.001370
5245,77.581601,13.001641
5246,77.581612,13.001922
5247,77.581622,13.002144
5248,77.581639,13.002345
5249,77.581650,13.002608
5250,77.581652,13.002913
5251,77.581676,13.003291
5252,77.580622,13.001693
5253,77.580636,13.001970
5254,77.580155,13.001437
5255,77.577994,12.993703
5256,77.580600,13.001414
5257,77.587494,12.984300
5258,77.589529,12.995526
5259,77.590809,12.991768
5260,77.591788,12.991661
5261,77.591081,12.992781
5262,77.590824,12.992820
5263,77.590581,12.992865
5264,77.590114,12.991848
5265,77.590536,12.991799
5266,77.593178,12.992415
5267,77.593085,12.992166
5268,77.593937,12.991409
5269,77.592972,12.991868
5270,77.591877,12.992125
5271,77.592598,12.992036
5272,77.591061,12.991740
5273,77.591069,12.992151
5274,77.594427,12.992754
5275,77.592062,12.993052
5276,77.594570,12.994193
5277,77.593934,12.992837
5278,77.593632,12.994676
5279,77.592749,12.992491
5280,77.594291,12.993653
5281,77.593356,12.994116
5282,77.594148,12.993376
5283,77.593225,12.993850
5284,77.593776,12.993545
5285,77.593638,12.993282
5286,77.593320,12.992392
5287,77.592888,12.993005
5288,77.592145,12.994494
5289,77.591853,12.995256
5290,77.591339,12.992738
5291,77.591819,12.993186
5292,77.592836,12.992796
5293,77.592825,12.992754
5294,77.594403,12.992562
5295,77.589720,12.993012
5296,77.590259,12.994485
5297,77.590665,12.994407
5298,77.590189,12.992935
5299,77.590146,12.992029
5300,77.590300,12.992917
5301,77.591648,12.994085
5302,77.591745,12.994583
5303,77.592090,12.993655
5304,77.592119,12.994045
5305,77.591175,12.993770
5306,77.591585,12.993729
5307,77.590833,12.994389
5308,77.590739,12.993821
5309,77.591957,12.993669
5310,77.592002,12.992788
5311,77.591376,12.992954
5312,77.592379,12.992947
5313,77.592297,12.992567
5314,77.592222,12.993104
5315,77.592415,12.993776
5316,77.592477,12.994262
5317,77.588618,12.992171
5318,77.589885,12.992981
5319,77.589766,12.992061
5320,77.589804,12.992412
5321,77.588677,12.992522
5322,77.592666,12.992271
5323,77.591075,12.992514
5324,77.591932,12.992385
5325,77.592474,12.995122
5326,77.592471,12.994816
5327,77.593373,12.994665
5328,77.592403,12.990987
5329,77.593043,12.990138
5330,77.592962,12.993229
5331,77.593604,12.993188
5332,77.592718,12.993712
5333,77.592791,12.994003
5334,77.592292,12.993372
5335,77.592667,12.993291
5336,77.594003,12.993068
5337,77.592507,12.991571
5338,77.593704,12.991062
5339,77.593869,12.987028
5340,77.594448,12.987742
5341,77.594845,12.986447
5342,77.592544,12.992052
5343,77.592161,12.991112
5344,77.592455,12.991214
5345,77.592496,12.991401
5346,77.593531,12.990821
5347,77.593404,12.990645
5348,77.592295,12.992083
5349,77.592207,12.991441
5350,77.555589,13.024626
5351,77.560581,13.022995
5352,77.561456,13.022774
5353,77.561385,13.023094
5354,77.560566,13.020048
5355,77.559810,13.020256
5356,77.560358,13.019797
5357,77.559747,13.020051
5358,77.559589,13.019677
5359,77.557566,13.025289
5360,77.558584,13.022542
5361,77.559137,13.023825
5362,77.560337,13.026491
5363,77.560064,13.025811
5364,77.559861,13.025054
5365,77.559562,13.025075
5366,77.560109,13.025031
5367,77.561299,13.024984
5368,77.562365,13.025152
5369,77.561342,13.024407
5370,77.561341,13.026023
5371,77.561354,13.026352
5372,77.560529,13.026051
5373,77.561328,13.025707
5374,77.560399,13.025737
5375,77.559792,13.025899
5376,77.560247,13.025368
5377,77.561313,13.025339
5378,77.561321,13.024691
5379,77.561956,13.025087
5380,77.562561,13.022380
5381,77.561750,13.024438
5382,77.562242,13.022313
5383,77.561401,13.024413
5384,77.561903,13.022242
5385,77.562033,13.024740
5386,77.560844,13.024662
5387,77.561358,13.021012
5388,77.562932,13.022041
5389,77.562692,13.021403
5390,77.562123,13.020705
5391,77.562514,13.021482
5392,77.562724,13.022106
5393,77.562306,13.021570
5394,77.561936,13.020793
5395,77.561721,13.020893
5396,77.562357,13.020670
5397,77.561871,13.021731
5398,77.561523,13.020959
5399,77.561972,13.020221
5400,77.561743,13.020231
5401,77.559000,13.023506
5402,77.558868,13.023200
5403,77.559525,13.023670
5404,77.559421,13.023367
5405,77.560683,13.023322
5406,77.561628,13.021183
5407,77.562032,13.021043
5408,77.562240,13.020971
5409,77.562454,13.020893
5410,77.562091,13.024482
5411,77.560052,13.026601
5412,77.559755,13.024211
5413,77.560181,13.024627
5414,77.560314,13.024035
5415,77.560468,13.024514
5416,77.560409,13.024294
5417,77.560914,13.024088
5418,77.555387,13.025013
5419,77.559720,13.026729
5420,77.560009,13.024137
5421,77.560135,13.023501
5422,77.560025,13.023175
5423,77.599048,12.999585
5424,77.598391,12.999428
5425,77.597603,12.999467
5426,77.594999,12.999962
5427,77.604190,12.994746
5428,77.605038,12.997842
5429,77.604919,12.998177
5430,77.604513,12.998147
5431,77.602575,12.998939
5432,77.602316,12.998253
5433,77.604071,12.997048
5434,77.602614,12.995249
5435,77.602918,12.996393
5436,77.603704,12.996142
5437,77.600000,12.996817
5438,77.598542,12.999464
5439,77.598797,12.998716
5440,77.598590,12.998304
5441,77.598234,12.998711
5442,77.597996,12.998336
5443,77.596291,12.998371
5444,77.595839,12.999817
5445,77.595346,13.001765
5446,77.596738,12.999648
5447,77.596466,13.002091
5448,77.596875,13.000750
5449,77.598080,13.000725
5450,77.598700,13.000813
5451,77.598402,13.001374
5452,77.596270,13.002485
5453,77.596789,13.002179
5454,77.594517,13.001505
5455,77.596949,13.001618
5456,77.595864,13.001909
5457,77.597557,13.001812
5458,77.597918,13.002515
5459,77.596168,13.002342
5460,77.595880,13.002548
5461,77.596206,13.002916
5462,77.597746,13.002192
5463,77.594709,13.002154
5464,77.595506,13.002003
5465,77.594982,13.002336
5466,77.600755,12.997902
5467,77.599618,12.997338
5468,77.599496,12.997057
5469,77.598991,12.997599
5470,77.600219,12.997059
5471,77.600914,12.997589
5472,77.600834,12.997746
5473,77.601529,12.998823
5474,77.600650,12.998109
5475,77.603763,12.995698
5476,77.605446,12.996164
5477,77.597993,12.998869
5478,77.597770,12.998481
5479,77.596933,13.000430
5480,77.595648,13.000434
5481,77.596277,13.000559
5482,77.596013,13.001513
5483,77.596584,13.001682
5484,77.596708,13.001289
5485,77.596130,13.001122
5486,77.596816,13.000948
5487,77.596232,13.000778
5488,77.595528,13.000867
5489,77.597959,13.000221
5490,77.598887,13.000182
5491,77.598808,13.000431
5492,77.599596,13.000670
5493,77.599654,13.000471
5494,77.600477,13.000701
5495,77.601862,12.999736
5496,77.600646,13.001499
5497,77.599734,13.001444
5498,77.601157,13.000390
5499,77.603521,12.998558
5500,77.606741,12.999563
5501,77.608462,12.999094
5502,77.607255,13.000945
5503,77.606544,13.000280
5504,77.608737,12.999554
5505,77.608622,12.999394
5506,77.606887,12.999960
5507,77.599252,13.003116
5508,77.625628,13.000073
5509,77.622455,12.998306
5510,77.623433,13.000803
5511,77.624395,13.003293
5512,77.624726,13.004083
5513,77.624903,13.004613
5514,77.625042,13.005085
5515,77.625205,13.005590
5516,77.625529,13.006447
5517,77.622735,12.999031
5518,77.623892,12.998593
5519,77.623011,12.999728
5520,77.624548,12.999190
5521,77.623218,13.000257
5522,77.623677,13.001460
5523,77.623959,13.002209
5524,77.583183,13.003765
5525,77.583260,13.003924
5526,77.643886,12.974504
5527,77.620818,12.999674
5528,77.624135,13.006977
5529,77.623940,13.006525
5530,77.623513,13.005609
5531,77.622704,13.003759
5532,77.620142,13.003871
5533,77.623122,13.004567
5534,77.620589,13.004730
5535,77.620794,13.005114
5536,77.638059,13.005492
5537,77.623553,13.004524
5538,77.623507,13.004108
5539,77.624564,13.003684
5540,77.625861,13.005368
5541,77.629649,13.004065
5542,77.629774,13.004443
5543,77.626034,13.005783
5544,77.656568,12.980768
5545,77.649329,12.965410
5546,77.642226,12.976665
5547,77.643236,12.971646
5548,77.599455,13.001143
5549,77.661540,12.996437
5550,77.654787,12.989997
5551,77.606980,13.000139
5552,77.609096,12.996651
5553,77.593414,12.992691
5554,77.593479,12.992909
5555,77.576931,12.985655
5556,77.647051,12.960065
5557,77.644157,12.968666
5558,77.644098,12.970339
5559,77.579625,12.966971
5560,77.569434,12.960470
5561,77.570167,12.959658
5562,77.579682,12.962112
5563,77.579699,12.962254
5564,77.579733,12.962580
5565,77.581204,12.956831
5566,77.574231,12.947379
5567,77.574212,12.946624
5568,77.577753,12.942882
5569,77.579203,12.938548
5570,77.578850,12.938317
5571,77.576743,12.935028
5572,77.576846,12.935791
5573,77.581322,12.934292
5574,77.580609,12.930862
5575,77.584083,12.941122
5576,77.584075,12.940692
5577,77.584056,12.939817
5578,77.651590,12.968147
5579,77.648744,12.968761
5580,77.648853,12.969228
5581,77.649097,12.971955
5582,77.649950,12.972017
5583,77.650727,12.972180
5584,77.650697,12.972514
5585,77.608120,13.023618
5586,77.612255,13.022351
5587,77.613908,13.020215
5588,77.614014,13.020566
5589,77.614297,13.020812
5590,77.617541,13.020623
5591,77.619148,13.027937
5592,77.618647,13.027791
5593,77.616892,13.027923
5594,77.615867,13.028842
5595,77.615718,13.028709
5596,77.616048,13.027747
5597,77.614001,13.026179
5598,77.613437,13.025592
5599,77.613397,13.011779
5600,77.613386,13.013570
5601,77.613210,13.015514
5602,77.612704,13.018044
5603,77.560765,12.960267
5604,77.563261,12.960342
5605,77.560490,12.962994
5606,77.569650,12.956367
5607,77.571689,12.955922
5608,77.572307,12.955898
5609,77.569860,12.952506
5610,77.572287,12.952609
5611,77.572288,12.952937
5612,77.571263,12.953240
5613,77.567476,12.953973
5614,77.569749,12.954067
5615,77.568757,12.954026
5616,77.569026,12.948237
5617,77.568428,12.948228
5618,77.568330,12.950420
5619,77.567711,12.950382
5620,77.568918,12.950446
5621,77.569981,12.950499
5622,77.569431,12.950472
5623,77.569554,12.948253
5624,77.567690,12.950960
5625,77.569271,12.954047
5626,77.568313,12.950969
5627,77.568258,12.952771
5628,77.568255,12.952164
5629,77.568295,12.951481
5630,77.568862,12.951497
5631,77.569105,12.956358
5632,77.568580,12.956348
5633,77.568535,12.957175
5634,77.568209,12.955868
5635,77.567404,12.955837
5636,77.568608,12.955894
5637,77.568229,12.955165
5638,77.570378,12.952528
5639,77.572284,12.951038
5640,77.571017,12.950969
5641,77.571186,12.948279
5642,77.572287,12.951896
5643,77.572327,12.948290
5644,77.574814,12.948319
5645,77.584068,12.940283
5646,77.581227,12.938931
5647,77.581221,12.939391
5648,77.583740,12.939365
5649,77.578198,12.930886
5650,77.578228,12.931602
5651,77.580185,12.931657
5652,77.580662,12.934918
5653,77.580982,12.935212
5654,77.581638,12.934570
5655,77.581383,12.934813
5656,77.580551,12.934121
5657,77.581645,12.933986
5658,77.580738,12.933031
5659,77.581305,12.933023
5660,77.586458,12.936005
5661,77.587804,12.935206
5662,77.587790,12.934583
5663,77.587816,12.934980
5664,77.585810,12.936037
5665,77.586443,12.935311
5666,77.586251,12.936035
5667,77.581970,12.933679
5668,77.581059,12.934540
5669,77.579270,12.939388
5670,77.579613,12.939390
5671,77.571331,12.951864
5672,77.571296,12.952567
5673,77.571280,12.952893
5674,77.570661,12.945005
5675,77.570722,12.943668
5676,77.571194,12.941644
5677,77.571614,12.940604
5678,77.570061,12.940605
5679,77.570848,12.940603
5680,77.577067,12.930898
5681,77.577067,12.932446
5682,77.575676,12.932421
5683,77.578200,12.932396
5684,77.575707,12.932029
5685,77.580168,12.933047
5686,77.579618,12.933058
5687,77.578239,12.933088
5688,77.578882,12.934215
5689,77.578897,12.933072
5690,77.579090,12.934214
5691,77.579101,12.933069
5692,77.579094,12.933843
5693,77.579607,12.933849
5694,77.579619,12.933445
5695,77.579097,12.933450
5696,77.578449,12.934214
5697,77.578445,12.933086
5698,77.578445,12.933297
5699,77.578894,12.933287
5700,77.578447,12.933855
5701,77.578887,12.933855
5702,77.578448,12.934023
5703,77.578446,12.933502
5704,77.578891,12.933501
5705,77.578890,12.933648
5706,77.579095,12.933653
5707,77.578447,12.933675
5708,77.578238,12.933675
5709,77.578569,12.933083
5710,77.578577,12.931676
5711,77.579639,12.932182
5712,77.578574,12.932196
5713,77.578571,12.932612
5714,77.579637,12.932601
5715,77.578213,12.931284
5716,77.579655,12.931273
5717,77.577642,12.931592
5718,77.577628,12.930892
5719,77.575526,12.930310
5720,77.575233,12.928223
5721,77.577065,12.931599
5722,77.577063,12.932010
5723,77.579646,12.931652
5724,77.594512,12.930039
5725,77.594263,12.930046
5726,77.594251,12.928769
5727,77.600432,12.928407
5728,77.585862,12.957895
5729,77.578786,12.948370
5730,77.647526,12.964783
5731,77.647292,12.964003
5732,77.647402,12.963955
5733,77.647323,12.963583
5734,77.647045,12.962748
5735,77.646654,12.961909
5736,77.648494,12.963751
5737,77.645634,12.960224
5738,77.645803,12.961389
5739,77.645957,12.962088
5740,77.646129,12.962919
5741,77.566471,12.929520
5742,77.563624,12.930087
5743,77.566595,12.929825
5744,77.562610,12.930670
5745,77.559714,12.928759
5746,77.585164,12.943248
5747,77.591175,12.941852
5748,77.590070,12.935508
5749,77.567476,12.938158
5750,77.566704,12.940295
5751,77.572941,12.939038
5752,77.576567,12.957574
5753,77.576319,12.957567
5754,77.570928,12.931826
5755,77.569922,12.930716
5756,77.569624,12.930271
5757,77.573541,12.934829
5758,77.580108,12.957123
5759,77.580118,12.958061
5760,77.578736,12.958227
5761,77.578334,12.958473
5762,77.559398,13.029708
5763,77.560420,13.029293
5764,77.560867,13.028626
5765,77.560689,13.029967
5766,77.560840,13.030327
5767,77.562055,13.029991
5768,77.567950,13.034067
5769,77.560405,13.028398
5770,77.560617,13.027192
5771,77.560560,13.028770
5772,77.574172,13.026989
5773,77.573453,13.028011
5774,77.574021,13.027903
5775,77.574200,13.027400
5776,77.572822,13.029705
5777,77.576927,13.026551
5778,77.575720,13.026649
5779,77.575216,13.027684
5780,77.574623,13.027789
5781,77.575981,13.028936
5782,77.575828,13.027563
5783,77.573702,13.030703
5784,77.572909,13.030758
5785,77.574310,13.030657
5786,77.575524,13.030566
5787,77.575173,13.030593
5788,77.571571,13.028846
5789,77.571470,13.029166
5790,77.571381,13.029364
5791,77.571246,13.029678
5792,77.571860,13.027809
5793,77.571949,13.028335
5794,77.573515,13.028507
5795,77.572035,13.028740
5796,77.572798,13.028860
5797,77.573550,13.028920
5798,77.577061,13.028295
5799,77.575902,13.028229
5800,77.576935,13.027965
5801,77.575864,13.027892
5802,77.575410,13.029461
5803,77.575938,13.028546
5804,77.576674,13.028744
5805,77.576646,13.028905
5806,77.577097,13.028584
5807,77.577123,13.029059
5808,77.577098,13.028847
5809,77.576171,13.029004
5810,77.576622,13.029127
5811,77.576690,13.029130
5812,77.576717,13.029338
5813,77.577145,13.029293
5814,77.576730,13.029478
5815,77.577175,13.029443
5816,77.576774,13.029773
5817,77.577215,13.029766
5818,77.577520,13.029043
5819,77.577513,13.028823
5820,77.577529,13.029239
5821,77.577503,13.028603
5822,77.578057,13.029347
5823,77.577754,13.029393
5824,77.577822,13.029733
5825,77.577491,13.028409
5826,77.571058,13.030214
5827,77.571722,13.030347
5828,77.577212,13.030204
5829,77.576233,13.029816
5830,77.577227,13.029942
5831,77.577365,13.030553
5832,77.577906,13.030243
5833,77.577853,13.029921
5834,77.586286,13.018961
5835,77.575375,13.026088
5836,77.574494,13.026236
5837,77.574727,13.026200
5838,77.574515,13.026917
5839,77.575099,13.026786
5840,77.574828,13.026846
5841,77.574776,13.026497
5842,77.575389,13.026391
5843,77.576415,13.026253
5844,77.576913,13.026236
5845,77.576897,13.025939
5846,77.576539,13.025960
5847,77.576945,13.026972
5848,77.576133,13.027004
5849,77.576932,13.026676
5850,77.577702,13.026637
5851,77.581003,13.027685
5852,77.587993,13.016878
5853,77.587462,13.018792
5854,77.586746,13.019062
5855,77.589586,13.023245
5856,77.589792,13.024558
5857,77.581006,13.032878
5858,77.578489,13.020265
5859,77.577572,13.020654
5860,77.577761,13.020579
5861,77.578809,13.022091
5862,77.579517,13.021768
5863,77.579970,13.022430
5864,77.579079,13.022857
5865,77.579455,13.022686
5866,77.578250,13.023269
5867,77.578403,13.024095
5868,77.579468,13.023416
5869,77.578365,13.023887
5870,77.579285,13.023133
5871,77.578310,13.023593
5872,77.579974,13.023859
5873,77.579797,13.023247
5874,77.579906,13.023548
5875,77.579724,13.023897
5876,77.580358,13.023138
5877,77.580516,13.023778
5878,77.580371,13.023447
5879,77.577932,13.025100
5880,77.578767,13.024876
5881,77.579803,13.024759
5882,77.578842,13.025346
5883,77.579808,13.025178
5884,77.579148,13.025287
5885,77.579448,13.025240
5886,77.579882,13.025595
5887,77.579828,13.025268
5888,77.578237,13.026192
5889,77.578213,13.025929
5890,77.577881,13.025991
5891,77.578559,13.026162
5892,77.577995,13.026907
5893,77.578304,13.026871
5894,77.579930,13.025941
5895,77.578630,13.025810
5896,77.578922,13.026113
5897,77.579235,13.026038
5898,77.579545,13.025990
5899,77.579004,13.026764
5900,77.579315,13.026701
5901,77.579620,13.026642
5902,77.579364,13.027837
5903,77.579195,13.028226
5904,77.579858,13.027791
5905,77.579847,13.027315
5906,77.577478,13.028075
5907,77.578003,13.028059
5908,77.578780,13.027766
5909,77.578507,13.029502
5910,77.578018,13.029135
5911,77.579058,13.029078
5912,77.579020,13.028629
5913,77.579385,13.029081
5914,77.578621,13.028679
5915,77.579701,13.029419
5916,77.579361,13.029689
5917,77.578775,13.029142
5918,77.580937,13.025155
5919,77.580740,13.024701
5920,77.581089,13.025485
5921,77.580448,13.026854
5922,77.580549,13.027702
5923,77.580253,13.027743
5924,77.580754,13.027688
5925,77.580755,13.027358
5926,77.580135,13.027771
5927,77.580131,13.027322
5928,77.580453,13.027708
5929,77.580440,13.027353
5930,77.579955,13.029088
5931,77.579968,13.029719
5932,77.580563,13.029730
5933,77.580275,13.029730
5934,77.580955,13.029448
5935,77.580563,13.029443
5936,77.580239,13.029433
5937,77.579962,13.029424
5938,77.579942,13.028600
5939,77.580270,13.028588
5940,77.579062,13.031078
5941,77.579065,13.029806
5942,77.578165,13.029925
5943,77.579320,13.031473
5944,77.580002,13.032473
5945,77.580585,13.031012
5946,77.580213,13.033927
5947,77.571257,13.003497
5948,77.569261,13.004544
5949,77.587212,13.014160
5950,77.578830,12.958912
5951,77.559954,13.029049
5952,77.659448,13.022059
5953,77.659837,13.021908
5954,77.660244,13.021749
5955,77.660497,13.020785
5956,77.659697,13.020638
5957,77.659363,13.020931
5958,77.658947,13.021148
5959,77.652545,12.952533
5960,77.660980,12.952870
5961,77.659076,12.952951
5962,77.657377,12.952859
5963,77.658739,12.952961
5964,77.659113,12.956094
5965,77.659294,12.956482
5966,77.659561,12.959019
5967,77.615686,12.935317
5968,77.569916,12.964287
5969,77.601518,12.987632
5970,77.601079,12.987744
5971,77.599176,12.989403
5972,77.596328,12.990719
5973,77.570550,13.003541
5974,77.583939,12.996926
5975,77.614721,13.010049
5976,77.572050,13.008017
5977,77.571771,13.006846
5978,77.571601,13.008074
5979,77.569340,13.001363
5980,77.568288,13.001361
5981,77.566771,13.002583
5982,77.565357,13.002556
5983,77.592170,12.955733
5984,77.567606,13.005571
5985,77.567616,13.004936
5986,77.573892,13.007175
5987,77.574202,13.003921
5988,77.574581,13.003936
5989,77.600476,12.943578
5990,77.600244,12.943581
5991,77.654172,12.964309
5992,77.599035,12.943103
5993,77.598982,12.942801
5994,77.597202,12.943760
5995,77.599988,12.943601
5996,77.599907,12.943607
5997,77.575602,12.988715
5998,77.574150,12.988497
5999,77.579150,12.989492
6000,77.578025,12.987740
6001,77.578405,12.986587
6002,77.600917,12.979822
6003,77.601358,12.981282
6004,77.605432,12.979863
6005,77.605982,12.981381
6006,77.599530,12.944017
6007,77.570033,13.002786
6008,77.569304,13.002799
6009,77.565957,13.006614
6010,77.568132,13.009367
6011,77.577088,12.988114
6012,77.568147,13.006741
6013,77.567307,13.006238
6014,77.567190,13.007406
6015,77.567196,13.006874
6016,77.577207,12.988138
6017,77.577141,12.988107
6018,77.577074,12.988310
6019,77.584871,13.021286
6020,77.585154,13.022589
6021,77.584626,13.023041
6022,77.584519,13.023063
6023,77.584831,13.024661
6024,77.585116,13.024553
6025,77.585080,13.025184
6026,77.585173,13.025153
6027,77.585081,13.025591
6028,77.585289,13.025331
6029,77.585325,13.025466
6030,77.585282,13.026119
6031,77.585389,13.026084
6032,77.592404,13.023405
6033,77.592084,13.023511
6034,77.585808,13.025356
6035,77.586184,13.026882
6036,77.585758,13.027003
6037,77.585408,13.027094
6038,77.586354,13.028572
6039,77.586102,13.028642
6040,77.586235,13.028622
6041,77.588930,13.029780
6042,77.590901,13.029643
6043,77.593452,13.024907
6044,77.591814,13.026687
6045,77.592179,13.026612
6046,77.592577,13.026530
6047,77.595080,13.026473
6048,77.596460,13.027015
6049,77.593510,13.027984
6050,77.591858,13.028843
6051,77.592213,13.028787
6052,77.592971,13.028652
6053,77.593500,13.029585
6054,77.595437,13.028428
6055,77.595289,13.027657
6056,77.594022,13.027892
6057,77.595836,13.028358
6058,77.595639,13.027139
6059,77.595212,13.027222
6060,77.593828,13.029555
6061,77.595596,13.029376
6062,77.595023,13.029434
6063,77.594622,13.029474
6064,77.594215,13.029519
6065,77.594161,13.028610
6066,77.594809,13.029455
6067,77.594706,13.028558
6068,77.594459,13.029491
6069,77.594386,13.028606
6070,77.596026,13.029355
6071,77.598609,13.019693
6072,77.598081,13.019673
6073,77.597741,13.019553
6074,77.597680,13.019250
6075,77.597017,13.024185
6076,77.597120,13.026069
6077,77.597106,13.024998
6078,77.597983,13.029616
6079,77.597955,13.028452
6080,77.597162,13.027909
6081,77.597116,13.027261
6082,77.605818,13.025633
6083,77.606781,13.027710
6084,77.607062,13.028289
6085,77.606177,13.029658
6086,77.590525,13.031099
6087,77.588682,13.029804
6088,77.589077,13.030893
6089,77.590923,13.030020
6090,77.588983,13.030155
6091,77.589727,13.030108
6092,77.593447,13.030006
6093,77.596045,13.029866
6094,77.595056,13.031735
6095,77.594648,13.031641
6096,77.594268,13.031238
6097,77.596440,13.032279
6098,77.595646,13.032056
6099,77.601787,13.030264
6100,77.607526,13.029259
6101,77.608050,13.030151
6102,77.595726,13.017098
6103,77.594528,13.017645
6104,77.594727,13.018560
6105,77.592465,13.020768
6106,77.593595,13.020492
6107,77.596397,13.020337
6108,77.595970,13.020447
6109,77.593740,13.021022
6110,77.594504,13.020825
6111,77.594160,13.020914
6112,77.596235,13.021437
6113,77.594791,13.020751
6114,77.595115,13.020667
6115,77.595823,13.021541
6116,77.595539,13.020558
6117,77.592768,13.020698
6118,77.593184,13.020602
6119,77.593579,13.022042
6120,77.592522,13.021966
6121,77.592584,13.022332
6122,77.593159,13.022162
6123,77.592796,13.022269
6124,77.593056,13.021777
6125,77.593473,13.021661
6126,77.594863,13.022141
6127,77.594771,13.021806
6128,77.595065,13.021726
6129,77.593986,13.021919
6130,77.593884,13.021547
6131,77.594175,13.022608
6132,77.594101,13.022340
6133,77.594489,13.022239
6134,77.596322,13.021759
6135,77.596415,13.022106
6136,77.595889,13.021873
6137,77.595962,13.022155
6138,77.595395,13.021649
6139,77.596040,13.022460
6140,77.596116,13.022753
6141,77.596190,13.023039
6142,77.594419,13.023499
6143,77.594334,13.023190
6144,77.594262,13.022928
6145,77.594574,13.024118
6146,77.594160,13.024182
6147,77.593544,13.025344
6148,77.592884,13.024403
6149,77.593324,13.024340
6150,77.593180,13.025843
6151,77.594472,13.025581
6152,77.594313,13.024771
6153,77.594395,13.025188
6154,77.594881,13.025507
6155,77.593772,13.024265
6156,77.595751,13.026637
6157,77.595961,13.026580
6158,77.596350,13.026513
6159,77.593719,13.026321
6160,77.595000,13.026053
6161,77.595664,13.027500
6162,77.595856,13.027104
6163,77.596070,13.027073
6164,77.595783,13.028046
6165,77.596400,13.028150
6166,77.596498,13.027724
6167,77.595739,13.027845
6168,77.594103,13.028311
6169,77.595361,13.028070
6170,77.594744,13.028901
6171,77.594785,13.029248
6172,77.595913,13.028711
6173,77.595947,13.029074
6174,77.596426,13.029023
6175,77.596842,13.019582
6176,77.597399,13.020079
6177,77.597117,13.020151
6178,77.597476,13.021458
6179,77.596648,13.021274
6180,77.597374,13.021095
6181,77.597006,13.021185
6182,77.596785,13.020237
6183,77.597958,13.021305
6184,77.597803,13.022619
6185,77.598419,13.022458
6186,77.596748,13.021648
6187,77.597569,13.021788
6188,77.597695,13.022235
6189,77.596531,13.022539
6190,77.596634,13.022923
6191,77.598812,13.024029
6192,77.596827,13.023478
6193,77.597127,13.026334
6194,77.596465,13.027377
6195,77.606197,13.024384
6196,77.595595,13.029899
6197,77.608237,13.024148
6198,77.609420,13.029614
6199,77.610602,13.028963
6200,77.612560,13.029389
6201,77.609609,13.028352
6202,77.613328,13.027064
6203,77.614428,13.026487
6204,77.610157,13.031311
6205,77.612839,13.029878
6206,77.611442,13.030561
6207,77.612873,13.032661
6208,77.613491,13.031025
6209,77.585369,13.018788
6210,77.585420,13.020954
6211,77.585215,13.020921
6212,77.584731,13.020666
6213,77.584452,13.022094
6214,77.585021,13.021990
6215,77.585416,13.021927
6216,77.585270,13.023003
6217,77.587909,13.017285
6218,77.588036,13.017248
6219,77.588044,13.018378
6220,77.587776,13.018242
6221,77.587800,13.017965
6222,77.587824,13.017623
6223,77.588131,13.017519
6224,77.585748,13.018724
6225,77.588815,13.016846
6226,77.588859,13.016998
6227,77.588938,13.017243
6228,77.589757,13.017319
6229,77.589654,13.016941
6230,77.590798,13.017325
6231,77.590493,13.017419
6232,77.588853,13.018038
6233,77.588793,13.017900
6234,77.589033,13.017542
6235,77.589174,13.018467
6236,77.588854,13.018578
6237,77.588632,13.018131
6238,77.588424,13.018218
6239,77.589285,13.018732
6240,77.590006,13.017920
6241,77.589865,13.017563
6242,77.590186,13.017485
6243,77.590381,13.018724
6244,77.590545,13.018633
6245,77.590816,13.018564
6246,77.592506,13.016048
6247,77.593278,13.017393
6248,77.593027,13.016627
6249,77.591688,13.017029
6250,77.593145,13.016989
6251,77.591576,13.016631
6252,77.592325,13.016381
6253,77.592690,13.016727
6254,77.593559,13.017274
6255,77.593348,13.016570
6256,77.593667,13.016513
6257,77.590975,13.016681
6258,77.591932,13.017853
6259,77.591804,13.017429
6260,77.592091,13.018400
6261,77.591139,13.018481
6262,77.591483,13.018393
6263,77.593442,13.017942
6264,77.593472,13.018040
6265,77.592660,13.017620
6266,77.592985,13.017496
6267,77.593134,13.018043
6268,77.593403,13.017806
6269,77.593564,13.018347
6270,77.592499,13.018253
6271,77.592808,13.018151
6272,77.593952,13.016461
6273,77.595077,13.016664
6274,77.594107,13.016499
6275,77.594262,13.017028
6276,77.594537,13.017046
6277,77.593861,13.017169
6278,77.594812,13.016861
6279,77.594165,13.016895
6280,77.593810,13.017006
6281,77.595020,13.017405
6282,77.595943,13.017418
6283,77.595576,13.016800
6284,77.593975,13.018760
6285,77.594347,13.018661
6286,77.594889,13.017859
6287,77.594601,13.017982
6288,77.594778,13.017523
6289,77.596175,13.017701
6290,77.594994,13.018180
6291,77.595297,13.018058
6292,77.595746,13.017876
6293,77.596456,13.016752
6294,77.598210,13.017410
6295,77.596567,13.016700
6296,77.597754,13.016540
6297,77.596722,13.016991
6298,77.597666,13.017324
6299,77.597367,13.016709
6300,77.597516,13.017017
6301,77.596879,13.017285
6302,77.597623,13.017955
6303,77.597288,13.017836
6304,77.597428,13.017955
6305,77.597080,13.017594
6306,77.596501,13.018743
6307,77.598311,13.017622
6308,77.597826,13.017856
6309,77.598432,13.017894
6310,77.598748,13.018440
6311,77.597932,13.018784
6312,77.598545,13.018146
6313,77.598069,13.018387
6314,77.597946,13.018124
6315,77.585984,13.020164
6316,77.586826,13.019805
6317,77.586695,13.019852
6318,77.587210,13.020082
6319,77.587895,13.019794
6320,77.587912,13.019787
6321,77.587113,13.018924
6322,77.587546,13.019941
6323,77.586202,13.019634
6324,77.586191,13.020707
6325,77.586616,13.020830
6326,77.586307,13.021119
6327,77.586270,13.020971
6328,77.586504,13.021033
6329,77.586630,13.021304
6330,77.586991,13.020174
6331,77.587262,13.020702
6332,77.587073,13.020335
6333,77.587055,13.020793
6334,77.587650,13.021033
6335,77.587988,13.020888
6336,77.587721,13.021187
6337,77.587523,13.021269
6338,77.587309,13.021359
6339,77.587176,13.021062
6340,77.587145,13.021427
6341,77.588277,13.019642
6342,77.588607,13.019490
6343,77.590744,13.019433
6344,77.588675,13.019652
6345,77.590450,13.018898
6346,77.589454,13.019134
6347,77.588428,13.019113
6348,77.588766,13.018960
6349,77.590063,13.019719
6350,77.590903,13.019790
6351,77.590209,13.020072
6352,77.589507,13.021524
6353,77.588687,13.020597
6354,77.588999,13.020446
6355,77.588876,13.020186
6356,77.589450,13.021404
6357,77.590737,13.021370
6358,77.590577,13.020958
6359,77.590029,13.021175
6360,77.589339,13.021168
6361,77.590476,13.020715
6362,77.589197,13.020865
6363,77.590339,13.020385
6364,77.589045,13.020544
6365,77.588336,13.020739
6366,77.585625,13.021892
6367,77.586491,13.021699
6368,77.586762,13.021586
6369,77.586623,13.022020
6370,77.585699,13.022882
6371,77.586514,13.022683
6372,77.586711,13.022234
6373,77.588141,13.022095
6374,77.587466,13.022092
6375,77.587417,13.021990
6376,77.587290,13.021726
6377,77.587951,13.022235
6378,77.587498,13.022780
6379,77.587594,13.022184
6380,77.587399,13.024172
6381,77.587217,13.023347
6382,77.588028,13.023982
6383,77.586934,13.024272
6384,77.586859,13.023872
6385,77.585999,13.024065
6386,77.586760,13.023449
6387,77.585894,13.023649
6388,77.586628,13.023053
6389,77.585791,13.023244
6390,77.587842,13.024063
6391,77.588819,13.021790
6392,77.588469,13.021954
6393,77.589439,13.022518
6394,77.590820,13.021832
6395,77.590802,13.021731
6396,77.590273,13.021775
6397,77.590029,13.021808
6398,77.590831,13.022100
6399,77.590094,13.022813
6400,77.589747,13.022552
6401,77.590887,13.022280
6402,77.590371,13.022609
6403,77.590063,13.022591
6404,77.589012,13.023512
6405,77.588339,13.023833
6406,77.588273,13.023863
6407,77.588585,13.023730
6408,77.592924,13.020150
6409,77.592759,13.019083
6410,77.593558,13.018871
6411,77.592872,13.019813
6412,77.592818,13.019464
6413,77.593659,13.019224
6414,77.593080,13.018998
6415,77.593389,13.018916
6416,77.591553,13.019504
6417,77.592310,13.019320
6418,77.590990,13.020137
6419,77.592268,13.020434
6420,77.592027,13.020475
6421,77.591814,13.020516
6422,77.591598,13.020558
6423,77.591373,13.020601
6424,77.590957,13.020523
6425,77.591186,13.021494
6426,77.591440,13.021370
6427,77.592338,13.021339
6428,77.592115,13.021349
6429,77.591885,13.021356
6430,77.591675,13.021363
6431,77.592424,13.020283
6432,77.592435,13.020401
6433,77.592518,13.021335
6434,77.594242,13.019800
6435,77.593853,13.019903
6436,77.593760,13.019578
6437,77.595409,13.019450
6438,77.593722,13.018827
6439,77.595708,13.019361
6440,77.595598,13.019014
6441,77.596020,13.018887
6442,77.595866,13.019882
6443,77.594367,13.020285
6444,77.593990,13.020386
6445,77.592364,13.022405
6446,77.592366,13.022661
6447,77.592522,13.021608
6448,77.592425,13.022222
6449,77.587572,13.024955
6450,77.586305,13.025244
6451,77.586093,13.024429
6452,77.587121,13.025058
6453,77.587197,13.025373
6454,77.586380,13.025559
6455,77.586888,13.025443
6456,77.586205,13.024849
6457,77.587023,13.024681
6458,77.587902,13.026462
6459,77.586668,13.026764
6460,77.587487,13.026563
6461,77.586945,13.026696
6462,77.587237,13.026625
6463,77.586560,13.026290
6464,77.587376,13.026106
6465,77.587053,13.026179
6466,77.589236,13.024603
6467,77.588567,13.024729
6468,77.588867,13.024666
6469,77.590805,13.026696
6470,77.588347,13.026353
6471,77.585868,13.027414
6472,77.585954,13.027669
6473,77.586814,13.027399
6474,77.586042,13.027922
6475,77.588157,13.027664
6476,77.586876,13.027665
6477,77.588101,13.027399
6478,77.587715,13.027481
6479,77.587172,13.027601
6480,77.587444,13.027542
6481,77.589217,13.028023
6482,77.588737,13.027261
6483,77.590850,13.029194
6484,77.590250,13.028468
6485,77.595001,13.024640
6486,77.595287,13.024584
6487,77.595516,13.025619
6488,77.595037,13.026264
6489,77.595400,13.026183
6490,77.595327,13.025899
6491,77.596600,13.019094
6492,77.597294,13.019001
6493,77.597112,13.025852
6494,77.597108,13.025546
6495,77.597110,13.025284
6496,77.596787,13.027323
6497,77.589248,13.023305
6498,77.590183,13.023148
6499,77.589842,13.023206
6500,77.590052,13.023169
6501,77.590626,13.023804
6502,77.590513,13.024288
6503,77.590571,13.024050
6504,77.591811,13.019441
6505,77.595802,13.019899
6506,77.591150,13.022629
6507,77.591361,13.022635
6508,77.591674,13.022643
6509,77.592006,13.022651
6510,77.592194,13.023471
6511,77.591192,13.023140
6512,77.591411,13.023115
6513,77.591774,13.023577
6514,77.591720,13.023081
6515,77.592040,13.023045
6516,77.591811,13.023983
6517,77.591298,13.023870
6518,77.591253,13.024133
6519,77.591748,13.024248
6520,77.591261,13.024101
6521,77.591433,13.023642
6522,77.591232,13.023630
6523,77.592379,13.023013
6524,77.590501,13.024483
6525,77.589959,13.024569
6526,77.591684,13.024526
6527,77.591201,13.024384
6528,77.591632,13.024753
6529,77.591134,13.024588
6530,77.591217,13.024332
6531,77.592308,13.025057
6532,77.591897,13.025087
6533,77.591472,13.025250
6534,77.592430,13.025041
6535,77.591669,13.026236
6536,77.592490,13.026083
6537,77.592086,13.026158
6538,77.591734,13.026703
6539,77.601818,12.982663
6540,77.622780,13.027979
6541,77.622512,13.027920
6542,77.622281,13.027867
6543,77.622008,13.027806
6544,77.621757,13.027741
6545,77.621527,13.027696
6546,77.621551,13.027246
6547,77.621817,13.027211
6548,77.622096,13.027173
6549,77.622343,13.027140
6550,77.622600,13.027105
6551,77.626476,13.027173
6552,77.626637,13.027897
6553,77.626891,13.028952
6554,77.626820,13.027129
6555,77.626903,13.027499
6556,77.626978,13.027825
6557,77.627224,13.028870
6558,77.628113,13.027294
6559,77.622893,13.026613
6560,77.622860,13.027070
6561,77.621114,13.026853
6562,77.628533,13.028991
6563,77.626668,13.029464
6564,77.625799,13.029716
6565,77.625606,13.029035
6566,77.625413,13.028157
6567,77.625217,13.027524
6568,77.625533,13.026692
6569,77.625952,13.026599
6570,77.625866,13.028061
6571,77.626074,13.029100
6572,77.628427,13.028612
6573,77.626563,13.029032
6574,77.626110,13.027219
6575,77.628025,13.026977
6576,77.625918,13.026469
6577,77.628182,13.027602
6578,77.626301,13.027969
6579,77.569559,13.007278
6580,77.623546,12.932521
6581,77.625976,12.935676
6582,77.628551,12.939301
6583,77.567047,13.008735
6584,77.569887,13.006702
6585,77.598482,12.943951
6586,77.599313,12.943873
6587,77.658169,12.956485
6588,77.652034,13.025545
6589,77.652982,13.025018
6590,77.653055,13.025334
6591,77.647506,13.022588
6592,77.648549,13.022796
6593,77.648486,13.023638
6594,77.650554,13.021880
6595,77.649710,13.022482
6596,77.650008,13.022402
6597,77.650342,13.022311
6598,77.649428,13.022559
6599,77.650081,13.024074
6600,77.650724,13.023991
6601,77.649722,13.023776
6602,77.649286,13.023474
6603,77.648766,13.023581
6604,77.646550,13.024951
6605,77.647225,13.024717
6606,77.646531,13.025246
6607,77.646985,13.025615
6608,77.647462,13.025468
6609,77.647301,13.024992
6610,77.650456,13.025290
6611,77.650773,13.025203
6612,77.651056,13.025017
6613,77.649115,13.024950
6614,77.649340,13.024900
6615,77.649293,13.025499
6616,77.653783,13.020061
6617,77.653375,13.021479
6618,77.653653,13.021321
6619,77.651895,13.020896
6620,77.652935,13.020791
6621,77.652045,13.021234
6622,77.655655,13.021514
6623,77.652737,13.021554
6624,77.652664,13.021926
6625,77.652465,13.022059
6626,77.652265,13.022186
6627,77.652073,13.022902
6628,77.652626,13.022847
6629,77.652866,13.021774
6630,77.653261,13.022438
6631,77.653022,13.022588
6632,77.652812,13.022718
6633,77.651505,13.023823
6634,77.652524,13.023925
6635,77.652160,13.023106
6636,77.653388,13.023297
6637,77.653302,13.023639
6638,77.652421,13.022971
6639,77.652804,13.023616
6640,77.651805,13.023020
6641,77.651552,13.023112
6642,77.651635,13.024003
6643,77.652431,13.023653
6644,77.651895,13.023884
6645,77.652143,13.023772
6646,77.654315,13.021849
6647,77.654627,13.021668
6648,77.655262,13.021728
6649,77.654912,13.022177
6650,77.655236,13.022876
6651,77.654483,13.022725
6652,77.656280,13.022497
6653,77.656160,13.022313
6654,77.655797,13.022583
6655,77.655636,13.023592
6656,77.657443,13.021501
6657,77.657147,13.024127
6658,77.605156,12.984082
6659,77.606086,12.983882
6660,77.605626,12.982532
6661,77.584217,12.977971
6662,77.584599,12.977834
6663,77.584319,12.977855
6664,77.584432,12.978063
6665,77.584863,12.978878
6666,77.584571,12.977738
6667,77.583968,12.977113
6668,77.583919,12.977134
6669,77.584225,12.978113
6670,77.594739,12.989914
6671,77.566671,13.008270
6672,77.566005,13.008292
6673,77.650553,13.028069
6674,77.650316,13.026956
6675,77.653299,13.024947
6676,77.653465,13.025642
6677,77.653603,13.024871
6678,77.653770,13.025512
6679,77.654031,13.024946
6680,77.655266,13.024562
6681,77.655001,13.023780
6682,77.651563,13.026751
6683,77.651258,13.026803
6684,77.650962,13.026843
6685,77.650643,13.026913
6686,77.648711,13.028221
6687,77.650872,13.028046
6688,77.651465,13.027966
6689,77.652530,13.027815
6690,77.650491,13.026070
6691,77.650790,13.026041
6692,77.651120,13.026016
6693,77.651570,13.025631
6694,77.565318,13.009699
6695,77.565962,13.010030
6696,77.568109,12.996836
6697,77.647996,13.007657
6698,77.649184,13.006021
6699,77.649033,13.006426
6700,77.649462,13.006389
6701,77.651352,13.006344
6702,77.649687,13.005935
6703,77.649898,13.005899
6704,77.650113,13.005862
6705,77.648873,13.006768
6706,77.649484,13.006674
6707,77.648642,13.006488
6708,77.649739,13.006521
6709,77.649978,13.006582
6710,77.649556,13.007533
6711,77.648640,13.007604
6712,77.648845,13.007588
6713,77.649074,13.007570
6714,77.649307,13.007552
6715,77.650866,13.006893
6716,77.650205,13.006579
6717,77.650268,13.006799
6718,77.651339,13.006810
6719,77.651090,13.006851
6720,77.650626,13.007016
6721,77.650385,13.007141
6722,77.650011,13.007370
6723,77.651567,13.006752
6724,77.651448,13.006537
6725,77.622095,13.027825
6726,77.622060,13.028225
6727,77.620941,13.027917
6728,77.622935,13.028880
6729,77.626012,13.026837
6730,77.627921,13.026568
6731,77.627063,13.028188
6732,77.628266,13.027932
6733,77.637447,13.011480
6734,77.635589,13.013838
6735,77.640321,13.013454
6736,77.639412,13.013367
6737,77.639383,13.013533
6738,77.637794,13.013609
6739,77.640297,13.014614
6740,77.640315,13.015684
6741,77.639356,13.015345
6742,77.639344,13.015060
6743,77.639322,13.014737
6744,77.640185,13.017146
6745,77.639386,13.016815
6746,77.639390,13.016114
6747,77.638845,13.018450
6748,77.641668,13.011755
6749,77.641382,13.011669
6750,77.641140,13.011594
6751,77.640777,13.011559
6752,77.642796,13.011525
6753,77.643070,13.011573
6754,77.641773,13.012987
6755,77.641496,13.012482
6756,77.641202,13.012474
6757,77.641879,13.012060
6758,77.642549,13.013260
6759,77.645693,13.011019
6760,77.644402,13.011546
6761,77.643421,13.011571
6762,77.643297,13.013138
6763,77.643705,13.013183
6764,77.648004,13.008898
6765,77.648515,13.008706
6766,77.648069,13.009377
6767,77.648604,13.009989
6768,77.648761,13.009055
6769,77.648719,13.008615
6770,77.651303,13.008652
6771,77.650873,13.008854
6772,77.649048,13.009583
6773,77.648910,13.009694
6774,77.649647,13.010298
6775,77.649300,13.009988
6776,77.649189,13.010436
6777,77.649580,13.010329
6778,77.648780,13.010208
6779,77.649601,13.010565
6780,77.650440,13.009652
6781,77.648302,13.011350
6782,77.648213,13.011096
6783,77.647179,13.013235
6784,77.647146,13.012035
6785,77.647818,13.012650
6786,77.647306,13.012096
6787,77.649837,13.011905
6788,77.649244,13.011192
6789,77.649798,13.011673
6790,77.649745,13.011371
6791,77.649321,13.011454
6792,77.649702,13.011132
6793,77.649645,13.010831
6794,77.649219,13.010924
6795,77.648819,13.010992
6796,77.649203,13.010651
6797,77.649891,13.012181
6798,77.648687,13.012352
6799,77.651357,13.011897
6800,77.650435,13.012847
6801,77.650049,13.013053
6802,77.641037,13.014123
6803,77.640704,13.014113
6804,77.642072,13.014466
6805,77.641779,13.013751
6806,77.641781,13.013474
6807,77.640765,13.013492
6808,77.640974,13.015565
6809,77.641219,13.015547
6810,77.640775,13.015178
6811,77.640789,13.014807
6812,77.641909,13.015447
6813,77.642224,13.015402
6814,77.640325,13.014913
6815,77.641592,13.015489
6816,77.643754,13.013519
6817,77.643344,13.013610
6818,77.644686,13.015045
6819,77.644908,13.015919
6820,77.644890,13.015585
6821,77.644713,13.015605
6822,77.643611,13.015740
6823,77.644097,13.015677
6824,77.644378,13.015645
6825,77.641457,13.017002
6826,77.642466,13.017216
6827,77.640448,13.016711
6828,77.641788,13.016582
6829,77.642525,13.018758
6830,77.641179,13.017445
6831,77.642476,13.017673
6832,77.641191,13.017896
6833,77.641209,13.018268
6834,77.642501,13.018020
6835,77.642508,13.018395
6836,77.641223,13.018607
6837,77.642521,13.018698
6838,77.644924,13.016247
6839,77.644796,13.017296
6840,77.643683,13.017108
6841,77.644115,13.017181
6842,77.645608,13.016174
6843,77.645256,13.016211
6844,77.645349,13.017422
6845,77.644423,13.017233
6846,77.644820,13.017794
6847,77.643697,13.017598
6848,77.645693,13.017472
6849,77.645429,13.018342
6850,77.643006,13.018661
6851,77.644843,13.018250
6852,77.643709,13.018058
6853,77.644196,13.018140
6854,77.644478,13.018187
6855,77.647502,13.014689
6856,77.647683,13.014207
6857,77.646793,13.014406
6858,77.646738,13.014147
6859,77.647626,13.013970
6860,77.646678,13.013864
6861,77.647577,13.013719
6862,77.646663,13.013795
6863,77.646761,13.014256
6864,77.646387,13.014853
6865,77.646619,13.015729
6866,77.646536,13.015409
6867,77.649059,13.013831
6868,77.650686,13.013607
6869,77.649187,13.015561
6870,77.649419,13.015850
6871,77.650550,13.014672
6872,77.651253,13.015527
6873,77.646717,13.016055
6874,77.646297,13.016100
6875,77.645921,13.016140
6876,77.647859,13.016947
6877,77.647274,13.016865
6878,77.648086,13.016918
6879,77.647840,13.016689
6880,77.648460,13.017292
6881,77.647775,13.016945
6882,77.646813,13.017633
6883,77.646805,13.018145
6884,77.646371,13.017570
6885,77.646039,13.017522
6886,77.648500,13.017905
6887,77.648167,13.017850
6888,77.647776,13.017787
6889,77.647823,13.018745
6890,77.646900,13.018602
6891,77.649347,13.016549
6892,77.649841,13.016377
6893,77.650312,13.016076
6894,77.649664,13.016155
6895,77.649712,13.016451
6896,77.650725,13.016563
6897,77.649840,13.017732
6898,77.650986,13.018821
6899,77.651365,13.018006
6900,77.636993,13.021253
6901,77.639479,13.020007
6902,77.639950,13.019936
6903,77.640319,13.019886
6904,77.638410,13.019807
6905,77.639466,13.019723
6906,77.638859,13.019771
6907,77.639517,13.020874
6908,77.639996,13.020778
6909,77.640331,13.020722
6910,77.638882,13.020940
6911,77.638983,13.028056
6912,77.640904,13.018985
6913,77.641233,13.018955
6914,77.641382,13.020060
6915,77.642624,13.019878
6916,77.640941,13.019790
6917,77.640604,13.019843
6918,77.642624,13.020200
6919,77.641407,13.020395
6920,77.641128,13.021515
6921,77.640948,13.020569
6922,77.640654,13.020649
6923,77.645482,13.019528
6924,77.644910,13.019625
6925,77.644932,13.020072
6926,77.643822,13.019691
6927,77.644234,13.019666
6928,77.644558,13.019646
6929,77.645803,13.019513
6930,77.644955,13.020542
6931,77.643856,13.020589
6932,77.644312,13.020569
6933,77.644594,13.020556
6934,77.645578,13.021416
6935,77.644420,13.022894
6936,77.644715,13.022772
6937,77.645224,13.022063
6938,77.643997,13.023069
6939,77.647378,13.019811
6940,77.647830,13.019107
6941,77.648534,13.020001
6942,77.648214,13.019949
6943,77.646921,13.019461
6944,77.646145,13.019497
6945,77.646504,13.019481
6946,77.647387,13.020617
6947,77.647398,13.021109
6948,77.645885,13.021279
6949,77.646225,13.021127
6950,77.646575,13.020971
6951,77.646957,13.020810
6952,77.648933,13.020065
6953,77.649110,13.018959
6954,77.650141,13.019141
6955,77.650020,13.019798
6956,77.650076,13.019493
6957,77.650738,13.020122
6958,77.651283,13.019311
6959,77.651152,13.019967
6960,77.649038,13.019316
6961,77.648989,13.019652
6962,77.650267,13.020254
6963,77.649942,13.020228
6964,77.648549,13.021705
6965,77.648197,13.021866
6966,77.647406,13.021628
6967,77.641180,13.027609
6968,77.616244,13.031961
6969,77.624383,13.030093
6970,77.629263,13.030908
6971,77.629215,13.029815
6972,77.630025,13.031057
6973,77.629636,13.030809
6974,77.652859,13.009063
6975,77.652635,13.008717
6976,77.652081,13.008320
6977,77.651892,13.008395
6978,77.651512,13.008552
6979,77.653029,13.009441
6980,77.651961,13.010821
6981,77.651516,13.010665
6982,77.652017,13.011643
6983,77.652249,13.012397
6984,77.651497,13.012571
6985,77.652233,13.012078
6986,77.651821,13.012369
6987,77.651491,13.012223
6988,77.652561,13.013309
6989,77.652329,13.012621
6990,77.652453,13.012897
6991,77.652346,13.012666
6992,77.653363,13.012952
6993,77.652842,13.012851
6994,77.653423,13.013138
6995,77.656112,13.011587
6996,77.655423,13.012901
6997,77.654440,13.013107
6998,77.655463,13.013134
6999,77.656559,13.012559
7000,77.656233,13.013024
7001,77.656151,13.012600
7002,77.656389,13.012576
7003,77.656373,13.013236
7004,77.656714,13.013183
7005,77.656648,13.012926
7006,77.657042,13.012859
7007,77.657091,13.013132
7008,77.658543,13.013004
7009,77.653143,13.014033
7010,77.653621,13.013965
7011,77.653548,13.013596
7012,77.653009,13.013715
7013,77.651537,13.013697
7014,77.652623,13.013708
7015,77.651429,13.014578
7016,77.652417,13.014272
7017,77.652349,13.013709
7018,77.652679,13.015239
7019,77.651475,13.015244
7020,77.651477,13.014950
7021,77.652683,13.014967
7022,77.652145,13.014957
7023,77.652143,13.015242
7024,77.651473,13.015502
7025,77.652142,13.015511
7026,77.653017,13.014895
7027,77.653769,13.014971
7028,77.655615,13.014026
7029,77.656742,13.013333
7030,77.651556,13.016434
7031,77.651589,13.016665
7032,77.652435,13.016630
7033,77.652216,13.016640
7034,77.651806,13.017165
7035,77.652916,13.016371
7036,77.652924,13.016610
7037,77.653120,13.018585
7038,77.653830,13.018792
7039,77.651992,13.017666
7040,77.658082,13.013674
7041,77.658680,13.013737
7042,77.659043,13.013670
7043,77.654643,13.019008
7044,77.564511,13.008873
7045,77.563311,13.000784
7046,77.563188,13.000721
7047,77.562993,13.000628
7048,77.562527,13.000453
7049,77.562125,13.000371
7050,77.561769,13.000403
7051,77.561282,13.000452
7052,77.560850,13.000511
7053,77.560541,13.000560
7054,77.563621,13.000164
7055,77.562235,12.998459
7056,77.563547,12.999831
7057,77.563414,12.999106
7058,77.563830,12.999042
7059,77.563696,12.998232
7060,77.562472,12.999984
7061,77.564101,12.998177
7062,77.563308,12.998313
7063,77.561821,12.998068
7064,77.562152,12.997963
7065,77.560661,13.004145
7066,77.560186,13.006795
7067,77.560168,13.007599
7068,77.560830,13.007715
7069,77.559932,13.000661
7070,77.558130,13.001047
7071,77.560238,12.999529
7072,77.564644,13.003696
7073,77.564655,13.003029
7074,77.564279,13.003021
7075,77.563869,13.003012
7076,77.564261,13.003698
7077,77.563467,13.003701
7078,77.563474,13.003004
7079,77.562779,13.002989
7080,77.563877,13.002669
7081,77.563146,13.002269
7082,77.563885,13.002274
7083,77.563874,13.002785
7084,77.560413,13.007823
7085,77.562378,13.005287
7086,77.561395,13.005319
7087,77.566258,13.003690
7088,77.566265,13.003150
7089,77.562359,13.005729
7090,77.564495,13.008252
7091,77.567037,13.009325
7092,77.626546,12.968109
7093,77.627821,12.971065
7094,77.626912,12.970513
7095,77.627491,12.971603
7096,77.563078,13.003702
7097,77.563089,13.002995
7098,77.570496,13.002911
7099,77.559779,13.007754
7100,77.559195,13.007662
7101,77.556039,13.005658
7102,77.562485,13.002234
7103,77.561032,13.002351
7104,77.560956,13.002037
7105,77.560283,13.002107
7106,77.560270,13.002430
7107,77.560261,13.002748
7108,77.559493,13.002634
7109,77.559850,12.997902
7110,77.561016,12.997649
7111,77.560469,12.997763
7112,77.560756,12.997692
7113,77.560999,12.998784
7114,77.560093,12.998988
7115,77.560927,12.998452
7116,77.560012,12.998628
7117,77.561075,12.998020
7118,77.561471,12.997944
7119,77.560849,12.998097
7120,77.559929,12.998277
7121,77.561485,12.998110
7122,77.564249,12.999004
7123,77.560400,13.000012
7124,77.562311,12.998954
7125,77.563360,12.998791
7126,77.563249,12.997818
7127,77.564028,12.997311
7128,77.563568,12.997400
7129,77.563191,12.997481
7130,77.559824,13.002908
7131,77.561096,13.002638
7132,77.562319,13.002524
7133,77.561055,13.004013
7134,77.560852,13.002967
7135,77.561210,13.003209
7136,77.560889,13.003263
7137,77.562103,13.002887
7138,77.561148,13.002933
7139,77.560224,13.003020
7140,77.557176,13.004959
7141,77.560764,13.001378
7142,77.560348,13.001417
7143,77.558317,13.001749
7144,77.560341,13.001299
7145,77.570091,13.000121
7146,77.569755,13.000125
7147,77.569740,13.001026
7148,77.565527,13.008208
7149,77.559845,13.005010
7150,77.560796,13.004885
7151,77.560429,13.004941
7152,77.560475,13.006548
7153,77.560439,13.005359
7154,77.560895,13.005306
7155,77.560449,12.973807
7156,77.561012,12.973773
7157,77.562723,12.973622
7158,77.559699,12.971987
7159,77.560288,12.971844
7160,77.560867,12.971767
7161,77.560347,12.968565
7162,77.560857,12.970628
7163,77.560843,12.971055
7164,77.560040,12.970679
7165,77.560146,12.971173
7166,77.560516,12.974721
7167,77.562857,12.997536
7168,77.562414,12.997603
7169,77.562457,12.997917
7170,77.562518,13.000392
7171,77.563518,13.000365
7172,77.565105,12.999592
7173,77.565103,12.999707
7174,77.563441,12.999344
7175,77.561690,12.999247
7176,77.561659,12.999097
7177,77.562511,13.000330
7178,77.564657,13.000747
7179,77.562452,13.001904
7180,77.560684,13.001087
7181,77.562327,13.000812
7182,77.562325,13.001218
7183,77.562294,13.000397
7184,77.562308,13.000562
7185,77.562871,13.000845
7186,77.562754,13.001040
7187,77.562670,13.001170
7188,77.562384,13.001566
7189,77.562863,13.001278
7190,77.562321,13.001048
7191,77.625029,12.968652
7192,77.625224,12.968711
7193,77.626544,12.969229
7194,77.625784,12.968994
7195,77.625638,12.969218
7196,77.626063,12.968847
7197,77.624744,12.969819
7198,77.624488,12.969767
7199,77.624707,12.969418
7200,77.624565,12.969897
7201,77.626456,12.970040
7202,77.626518,12.969426
7203,77.625522,12.969498
7204,77.626501,12.969723
7205,77.627343,12.971843
7206,77.628320,12.971948
7207,77.628900,12.972053
7208,77.629146,12.971951
7209,77.628109,12.972313
7210,77.626968,12.972455
7211,77.628394,12.973369
7212,77.626689,12.972918
7213,77.627716,12.972924
7214,77.627552,12.973181
7215,77.628784,12.972908
7216,77.629264,12.973098
7217,77.628517,12.973490
7218,77.628102,12.973772
7219,77.629573,12.972960
7220,77.628518,12.974600
7221,77.627999,12.974929
7222,77.627502,12.975257
7223,77.627264,12.974954
7224,77.627830,12.975707
7225,77.627955,12.975891
7226,77.627147,12.976275
7227,77.627396,12.976044
7228,77.628079,12.975491
7229,77.628336,12.975289
7230,77.628608,12.975052
7231,77.628791,12.974890
7232,77.628929,12.975054
7233,77.629121,12.975260
7234,77.629259,12.975460
7235,77.627830,12.976266
7236,77.629458,12.973881
7237,77.629769,12.974427
7238,77.629653,12.974229
7239,77.630095,12.975047
7240,77.629439,12.975749
7241,77.623649,12.976313
7242,77.623352,12.977351
7243,77.625352,12.977016
7244,77.622612,12.979411
7245,77.626278,12.979667
7246,77.626450,12.980321
7247,77.626441,12.979436
7248,77.628739,12.980331
7249,77.628163,12.978995
7250,77.627520,12.979146
7251,77.623212,12.980646
7252,77.624287,12.980864
7253,77.624419,12.981353
7254,77.625050,12.981339
7255,77.625498,12.980804
7256,77.626131,12.980803
7257,77.626459,12.980753
7258,77.626524,12.981053
7259,77.626396,12.981343
7260,77.626584,12.981283
7261,77.624532,12.981859
7262,77.627165,12.981099
7263,77.627989,12.980875
7264,77.627730,12.980739
7265,77.627938,12.980685
7266,77.628201,12.980617
7267,77.628692,12.980553
7268,77.626769,12.982065
7269,77.632295,12.968666
7270,77.631572,12.968559
7271,77.631238,12.968506
7272,77.630744,12.968458
7273,77.630537,12.969718
7274,77.629993,12.970508
7275,77.630793,12.969805
7276,77.631405,12.970015
7277,77.631743,12.970131
7278,77.630356,12.969656
7279,77.630377,12.970819
7280,77.630669,12.971048
7281,77.630760,12.971131
7282,77.630995,12.971187
7283,77.631308,12.971286
7284,77.633424,12.971996
7285,77.560737,12.999973
7286,77.561186,12.999884
7287,77.561584,12.998570
7288,77.599264,12.965098
7289,77.599308,12.964528
7290,77.560553,13.003728
7291,77.565582,12.944243
7292,77.565548,12.947278
7293,77.565506,12.964131
7294,77.614948,12.929869
7295,77.613471,12.932244
7296,77.571049,12.994167
7297,77.652757,13.028785
7298,77.651055,13.029078
7299,77.652970,13.029655
7300,77.654372,13.029296
7301,77.652738,13.028682
7302,77.654235,13.028341
7303,77.654056,13.029360
7304,77.653663,13.028500
7305,77.653948,13.028434
7306,77.651164,13.029616
7307,77.650750,13.029686
7308,77.577500,13.002820
7309,77.577518,13.004712
7310,77.577497,13.003726
7311,77.577190,13.003726
7312,77.576829,13.003730
7313,77.576803,13.003039
7314,77.574613,13.003068
7315,77.576597,13.003296
7316,77.576826,13.003306
7317,77.576592,13.003543
7318,77.575608,13.003547
7319,77.575603,13.003308
7320,77.575599,13.003047
7321,77.565619,13.003692
7322,77.565605,13.004105
7323,77.560737,13.004552
7324,77.559293,13.005446
7325,77.558540,13.006868
7326,77.562647,13.001950
7327,77.564772,12.997139
7328,77.561658,12.999799
7329,77.596050,12.994806
7330,77.596656,12.994035
7331,77.593806,12.980847
7332,77.594366,12.980283
7333,77.622581,12.939376
7334,77.621740,12.937977
7335,77.621141,12.938257
7336,77.588656,12.976650
7337,77.592680,12.975118
7338,77.586907,12.975110
7339,77.587506,12.975623
7340,77.587834,12.976103
7341,77.587655,12.975764
7342,77.588092,12.976264
7343,77.591324,12.977239
7344,77.588912,12.967165
7345,77.588757,12.967510
7346,77.589345,12.967636
7347,77.590190,12.974081
7348,77.597710,12.974413
7349,77.599597,12.974533
7350,77.596608,12.974656
7351,77.597400,12.980895
7352,77.597513,12.980965
7353,77.597085,12.981727
7354,77.597127,12.983640
7355,77.572475,13.014598
7356,77.594638,12.976176
7357,77.582323,12.984277
7358,77.587606,12.984331
7359,77.588059,12.984606
7360,77.592292,12.982937
7361,77.589040,12.986469
7362,77.566303,12.943530
7363,77.566214,12.947282
7364,77.562221,12.942531
7365,77.564279,12.942617
7366,77.565230,12.942627
7367,77.561079,12.945618
7368,77.562704,12.945738
7369,77.564247,12.945776
7370,77.561162,12.937600
7371,77.561286,12.935824
7372,77.561504,12.940267
7373,77.561527,12.939556
7374,77.557617,12.939881
7375,77.561512,12.939925
7376,77.557674,12.940213
7377,77.551441,12.940064
7378,77.587099,12.967942
7379,77.587305,12.968463
7380,77.613940,13.002020
7381,77.623731,12.947448
7382,77.623917,12.948315
7383,77.622724,12.949404
7384,77.623391,12.950090
7385,77.623590,12.950391
7386,77.623746,12.950724
7387,77.623490,12.950226
7388,77.624154,12.948192
7389,77.624104,12.948215
7390,77.624083,12.949727
7391,77.624370,12.949714
7392,77.624177,12.949884
7393,77.624951,12.949521
7394,77.622915,12.949167
7395,77.623469,12.950034
7396,77.623858,12.949758
7397,77.622867,12.948286
7398,77.623069,12.948988
7399,77.623297,12.948813
7400,77.623643,12.949914
7401,77.623729,12.950100
7402,77.623825,12.950301
7403,77.627668,12.941133
7404,77.627810,12.941126
7405,77.628199,12.942689
7406,77.628418,12.943120
7407,77.628481,12.943538
7408,77.628553,12.944124
7409,77.628898,12.944853
7410,77.628890,12.944593
7411,77.628960,12.946427
7412,77.629930,12.944560
7413,77.632617,12.938700
7414,77.614767,12.951249
7415,77.613701,12.950614
7416,77.614967,12.951654
7417,77.614614,12.953171
7418,77.615475,12.952115
7419,77.614434,12.952591
7420,77.614139,12.953025
7421,77.618196,12.950665
7422,77.618888,12.949797
7423,77.618906,12.951397
7424,77.617857,12.942142
7425,77.617880,12.942958
7426,77.618705,12.942405
7427,77.618683,12.942271
7428,77.619695,12.942262
7429,77.619351,12.942258
7430,77.619362,12.942839
7431,77.618654,12.943195
7432,77.561888,12.964820
7433,77.562930,12.964354
7434,77.563040,12.964581
7435,77.563926,12.964088
7436,77.564046,12.964325
7437,77.564215,12.964503
7438,77.564380,12.964655
7439,77.564989,12.965065
7440,77.565175,12.965176
7441,77.565493,12.965144
7442,77.565667,12.965137
7443,77.564769,12.966551
7444,77.565712,12.965207
7445,77.566190,12.965264
7446,77.565703,12.966218
7447,77.566131,12.966545
7448,77.639910,12.951699
7449,77.641435,12.950674
7450,77.593409,12.974498
7451,77.617032,12.949987
7452,77.588831,12.930030
7453,77.589298,12.929742
7454,77.588848,12.930355
7455,77.586787,12.934756
7456,77.588059,12.933924
7457,77.588151,12.934556
7458,77.589038,12.934510
7459,77.590355,12.932169
7460,77.590132,12.932259
7461,77.590969,12.933644
7462,77.590645,12.933418
7463,77.589625,12.933559
7464,77.590394,12.933433
7465,77.591125,12.934005
7466,77.586894,12.939604
7467,77.570023,12.987598
7468,77.568764,12.990057
7469,77.567899,12.988117
7470,77.569814,12.990052
7471,77.567881,12.990140
7472,77.569891,12.988172
7473,77.569339,12.990054
7474,77.569476,12.988441
7475,77.572305,12.974558
7476,77.572070,12.980295
7477,77.571126,12.974629
7478,77.570760,12.974767
7479,77.565480,12.977960
7480,77.564703,12.976951
7481,77.565550,12.976461
7482,77.567653,12.979215
7483,77.567441,12.977991
7484,77.567092,12.980284
7485,77.565774,12.980424
7486,77.565546,12.977697
7487,77.567794,12.980193
7488,77.564881,12.977847
7489,77.565290,12.978231
7490,77.564784,12.977327
7491,77.564696,12.980538
7492,77.565675,12.979351
7493,77.566431,12.979299
7494,77.566310,12.978164
7495,77.565383,12.977075
7496,77.569705,12.982314
7497,77.563047,12.991484
7498,77.565058,12.993518
7499,77.612353,12.994796
7500,77.611771,12.995126
7501,77.611447,12.994573
7502,77.612172,12.994892
7503,77.612610,12.995157
7504,77.613048,12.995790
7505,77.611910,12.994478
7506,77.613608,12.994574
7507,77.560286,12.967831
7508,77.559556,12.968997
7509,77.572843,12.982863
7510,77.565128,12.990987
7511,77.567888,12.989163
7512,77.567890,12.988896
7513,77.567886,12.989501
7514,77.567887,12.989285
7515,77.569915,12.988448
7516,77.569214,12.989375
7517,77.572813,12.993501
7518,77.561707,13.004228
7519,77.586158,12.959193
7520,77.584561,12.960082
7521,77.630369,12.936190
7522,77.630370,12.937197
7523,77.586567,12.928653
7524,77.586976,12.928652
7525,77.587316,12.928610
7526,77.640873,12.965257
7527,77.640930,12.963847
7528,77.640969,12.963168
7529,77.640991,12.962712
7530,77.641024,12.962239
7531,77.641053,12.961904
7532,77.639619,12.962385
7533,77.638582,12.962938
7534,77.638757,12.963314
7535,77.638932,12.963695
7536,77.639089,12.964067
7537,77.639790,12.963665
7538,77.638663,12.964347
7539,77.639760,12.963235
7540,77.639683,12.962794
7541,77.638340,12.963610
7542,77.638000,12.963890
7543,77.637313,12.964555
7544,77.639962,12.964127
7545,77.635958,12.965972
7546,77.638316,12.964656
7547,77.637984,12.964956
7548,77.637688,12.965265
7549,77.636922,12.966165
7550,77.636622,12.966512
7551,77.636269,12.965607
7552,77.636584,12.965876
7553,77.637648,12.964189
7554,77.637472,12.964860
7555,77.638513,12.965077
7556,77.568365,12.991148
7557,77.628727,13.021474
7558,77.626495,13.021686
7559,77.628050,13.021590
7560,77.628495,12.962095
7561,77.608799,12.984119
7562,77.609818,12.981690
7563,77.610329,12.983149
7564,77.609606,12.983917
7565,77.607666,12.985066
7566,77.610089,12.982356
7567,77.610519,12.983832
7568,77.637682,12.968317
7569,77.641339,12.968583
7570,77.632114,12.971127
7571,77.640227,12.968505
7572,77.631851,12.978165
7573,77.636974,12.972128
7574,77.638184,12.983152
7575,77.636572,12.980611
7576,77.630803,12.977622
7577,77.639836,12.973375
7578,77.638482,12.967296
7579,77.633705,12.978616
7580,77.634973,12.971642
7581,77.635176,12.975477
7582,77.635451,12.981532
7583,77.638958,12.976032
7584,77.629759,12.977454
7585,77.633067,12.978104
7586,77.637773,12.974164
7587,77.637502,12.970496
7588,77.634822,12.973192
7589,77.639336,12.968439
7590,77.633010,12.976197
7591,77.629203,12.977832
7592,77.637287,12.977207
7593,77.632892,12.974812
7594,77.641413,12.966841
7595,77.632056,12.976870
7596,77.633766,12.981103
7597,77.636705,12.974685
7598,77.635593,12.977777
7599,77.638637,12.972571
7600,77.631540,12.976602
7601,77.635053,12.972158
7602,77.639199,12.970603
7603,77.640727,12.967878
7604,77.637318,12.976003
7605,77.635645,12.978195
7606,77.640276,12.973382
7607,77.632476,12.976595
7608,77.639514,12.974227
7609,77.632813,12.975134
7610,77.639627,12.967638
7611,77.635921,12.981457
7612,77.640628,12.970161
7613,77.640119,12.980757
7614,77.635182,12.972999
7615,77.636850,12.978811
7616,77.634096,12.978627
7617,77.631304,12.976770
7618,77.635023,12.981601
7619,77.638010,12.972523
7620,77.640747,12.979980
7621,77.640011,12.972614
7622,77.637020,12.975998
7623,77.629483,12.978097
7624,77.635529,12.977434
7625,77.632116,12.976828
7626,77.635242,12.980445
7627,77.631348,12.977348
7628,77.640873,12.977329
7629,77.640834,12.978023
7630,77.636077,12.978203
7631,77.633994,12.974955
7632,77.637600,12.967891
7633,77.631745,12.976226
7634,77.637024,12.979748
7635,77.639689,12.970634
7636,77.636958,12.973192
7637,77.640086,12.981613
7638,77.637630,12.969448
7639,77.639855,12.972613
7640,77.640941,12.976073
7641,77.629763,12.977991
7642,77.638172,12.967353
7643,77.640213,12.967210
7644,77.636488,12.980234
7645,77.638269,12.975341
7646,77.638028,12.969475
7647,77.640297,12.972620
7648,77.638201,12.982792
7649,77.641102,12.972656
7650,77.630445,12.978301
7651,77.639026,12.974512
7652,77.633395,12.978120
7653,77.638902,12.977261
7654,77.637625,12.966361
7655,77.639181,12.967898
7656,77.639680,12.979968
7657,77.639829,12.977293
7658,77.633394,12.976961
7659,77.635117,12.972577
7660,77.634234,12.974089
7661,77.637244,12.967889
7662,77.633528,12.975013
7663,77.635693,12.980368
7664,77.637877,12.973706
7665,77.638440,12.969502
7666,77.636852,12.973186
7667,77.630606,12.977027
7668,77.637607,12.969952
7669,77.638880,12.968406
7670,77.633155,12.974144
7671,77.637834,12.967420
7672,77.631483,12.981637
7673,77.633167,12.978598
7674,77.639434,12.976045
7675,77.636985,12.977197
7676,77.637353,12.966657
7677,77.635131,12.975150
7678,77.630722,12.979867
7679,77.640294,12.977309
7680,77.637052,12.974839
7681,77.632691,12.976946
7682,77.639721,12.969587
7683,77.637897,12.977228
7684,77.635106,12.974843
7685,77.638914,12.967196
7686,77.631981,12.976394
7687,77.631592,12.977183
7688,77.640266,12.968057
7689,77.639508,12.974519
7690,77.635772,12.980743
7691,77.637646,12.976010
7692,77.633490,12.977351
7693,77.637469,12.973233
7694,77.634885,12.978655
7695,77.634059,12.980647
7696,77.638858,12.978271
7697,77.632450,12.975732
7698,77.640509,12.972629
7699,77.637652,12.975098
7700,77.629890,12.977378
7701,77.639878,12.976053
7702,77.634740,12.974892
7703,77.638954,12.974514
7704,77.632708,12.975361
7705,77.634934,12.981195
7706,77.637942,12.974360
7707,77.633403,12.975921
7708,77.629331,12.978151
7709,77.634457,12.978642
7710,77.638047,12.973290
7711,77.632366,12.978123
7712,77.640147,12.967227
7713,77.630530,12.977719
7714,77.634878,12.980940
7715,77.635228,12.975763
7716,77.637604,12.977218
7717,77.632259,12.976013
7718,77.636461,12.977179
7719,77.635281,12.976066
7720,77.638871,12.977962
7721,77.632871,12.976301
7722,77.639081,12.972597
7723,77.634633,12.972884
7724,77.637930,12.976015
7725,77.638575,12.977252
7726,77.630328,12.977791
7727,77.632745,12.974360
7728,77.637644,12.974525
7729,77.638672,12.982326
7730,77.639811,12.968182
7731,77.638224,12.982300
7732,77.640244,12.974530
7733,77.640729,12.968542
7734,77.637466,12.970992
7735,77.630147,12.977290
7736,77.629543,12.977363
7737,77.637919,12.978833
7738,77.640148,12.979973
7739,77.637399,12.981221
7740,77.640603,12.970686
7741,77.632126,12.978138
7742,77.639650,12.980756
7743,77.641056,12.973414
7744,77.630724,12.978274
7745,77.635844,12.981087
7746,77.633590,12.977718
7747,77.638617,12.976027
7748,77.633687,12.978131
7749,77.635915,12.972262
7750,77.636149,12.978695
7751,77.640660,12.969649
7752,77.639199,12.980755
7753,77.630371,12.977182
7754,77.634787,12.980522
7755,77.633163,12.972000
7756,77.635340,12.978671
7757,77.639172,12.981550
7758,77.631594,12.978194
7759,77.639262,12.969556
7760,77.633045,12.973923
7761,77.637112,12.966920
7762,77.630817,12.976687
7763,77.638265,12.976022
7764,77.635454,12.977067
7765,77.637876,12.979948
7766,77.640108,12.970657
7767,77.633032,12.976953
7768,77.639327,12.968335
7769,77.638782,12.979958
7770,77.640056,12.982406
7771,77.633915,12.971231
7772,77.636731,12.981330
7773,77.638530,12.967975
7774,77.638701,12.971068
7775,77.639232,12.979963
7776,77.633649,12.980717
7777,77.638968,12.974227
7778,77.632631,12.975633
7779,77.636906,12.973909
7780,77.637962,12.975237
7781,77.639944,12.974525
7782,77.629921,12.977937
7783,77.638807,12.969526
7784,77.635933,12.971949
7785,77.637896,12.966034
7786,77.631284,12.977386
7787,77.631247,12.979744
7788,77.638093,12.968348
7789,77.640202,12.976059
7790,77.640576,12.982923
7791,77.637917,12.967934
7792,77.633353,12.975945
7793,77.631071,12.976869
7794,77.635596,12.975392
7795,77.640345,12.976062
7796,77.634122,12.974476
7797,77.639790,12.968473
7798,77.639141,12.982353
7799,77.631724,12.977106
7800,77.630197,12.977841
7801,77.638515,12.968379
7802,77.631848,12.977018
7803,77.640172,12.967465
7804,77.638886,12.977633
7805,77.639484,12.973376
7806,77.631459,12.978807
7807,77.636647,12.980952
7808,77.634912,12.971246
7809,77.638235,12.977236
7810,77.637448,12.972342
7811,77.640593,12.982437
7812,77.638774,12.970038
7813,77.640856,12.977696
7814,77.635684,12.975988
7815,77.638317,12.979953
7816,77.630973,12.979836
7817,77.630068,12.977885
7818,77.639428,12.977280
7819,77.639054,12.973364
7820,77.629346,12.977723
7821,77.634317,12.975276
7822,77.631517,12.977238
7823,77.633150,12.976089
7824,77.637286,12.968279
7825,77.635890,12.972671
7826,77.640372,12.952676
7827,77.641259,12.954393
7828,77.640758,12.954359
7829,77.640030,12.954262
7830,77.639994,12.952940
7831,77.639434,12.951987
7832,77.634026,12.970851
7833,77.635191,12.971366
7834,77.635460,12.970386
7835,77.590768,12.941324
7836,77.591162,12.941198
7837,77.590865,12.942649
7838,77.647976,12.975022
7839,77.647595,12.975018
7840,77.647638,12.974327
7841,77.648644,12.974557
7842,77.649727,12.974213
7843,77.650201,12.974030
7844,77.650556,12.975446
7845,77.650779,12.976443
7846,77.650263,12.975513
7847,77.650482,12.976524
7848,77.651284,12.973541
7849,77.651882,12.976302
7850,77.650269,12.974228
7851,77.650543,12.975339
7852,77.650813,12.973780
7853,77.650243,12.976565
7854,77.651214,12.975197
7855,77.649438,12.972378
7856,77.623627,12.998326
7857,77.644421,12.962087
7858,77.648021,12.960989
7859,77.643588,12.963500
7860,77.648048,12.961281
7861,77.647123,12.960481
7862,77.648160,12.962277
7863,77.647577,12.962380
7864,77.643766,12.961455
7865,77.644793,12.963738
7866,77.644469,12.963813
7867,77.645395,12.961639
7868,77.645053,12.964987
7869,77.644077,12.965163
7870,77.643786,12.963804
7871,77.644108,12.962357
7872,77.642225,12.964918
7873,77.643633,12.965397
7874,77.649827,12.966294
7875,77.650295,12.967445
7876,77.648288,12.968245
7877,77.650625,12.967366
7878,77.650094,12.966150
7879,77.647742,12.964754
7880,77.589575,13.026367
7881,77.589675,13.026386
7882,77.591681,13.025065
7883,77.648517,12.987216
7884,77.584128,13.014228
7885,77.584004,13.014252
7886,77.583910,13.014798
7887,77.584502,13.014565
7888,77.584143,13.014890
7889,77.584124,13.014356
7890,77.583898,13.014254
7891,77.583795,13.014184
7892,77.583812,13.014934
7893,77.584014,13.014791
7894,77.583519,13.014513
7895,77.622014,13.007717
7896,77.622158,13.007710
7897,77.624533,13.006825
7898,77.627224,13.005711
7899,77.624313,13.006372
7900,77.622617,13.006013
7901,77.624203,13.002817
7902,77.600941,13.005775
7903,77.601053,13.005948
7904,77.603940,13.004714
7905,77.614876,13.000649
7906,77.615005,13.001705
7907,77.614958,13.001264
7908,77.613355,13.001648
7909,77.613226,13.001655
7910,77.623708,13.006024
7911,77.624068,13.005859
7912,77.624418,13.005703
7913,77.623451,13.003663
7914,77.622800,13.006446
7915,77.621344,13.003281
7916,77.623341,13.005192
7917,77.624242,13.005286
7918,77.624649,13.005182
7919,77.624952,13.006106
7920,77.624642,13.006227
7921,77.620209,12.999654
7922,77.621238,12.999268
7923,77.622705,12.998140
7924,77.628781,12.999422
7925,77.619717,13.003078
7926,77.621706,12.998902
7927,77.622547,13.002569
7928,77.622890,13.002372
7929,77.622736,13.001762
7930,77.622146,13.000004
7931,77.621888,12.999347
7932,77.627439,13.006213
7933,77.627561,13.006472
7934,77.651064,12.954890
7935,77.650683,12.953909
7936,77.649839,12.955281
7937,77.620219,12.943697
7938,77.560828,12.991643
7939,77.566506,12.991276
7940,77.565141,12.991328
7941,77.560372,12.994492
7942,77.562715,12.945265
7943,77.564251,12.945281
7944,77.661566,12.971997
7945,77.643517,12.964781
7946,77.642280,12.963735
7947,77.643328,12.963869
7948,77.644870,12.964154
7949,77.643787,12.962380
7950,77.644160,12.963883
7951,77.645938,12.961998
7952,77.645455,12.962026
7953,77.644395,12.961432
7954,77.645363,12.961403
7955,77.644397,12.961676
7956,77.646479,12.961553
7957,77.646278,12.960996
7958,77.646191,12.960713
7959,77.646388,12.961302
7960,77.643072,12.962465
7961,77.644076,12.961445
7962,77.648642,12.974760
7963,77.648597,12.966456
7964,77.618304,12.959025
7965,77.617474,12.960944
7966,77.617075,12.960934
7967,77.616860,12.960925
7968,77.616893,12.959060
7969,77.617822,12.958972
7970,77.617517,12.958932
7971,77.617156,12.958989
7972,77.618059,12.956397
7973,77.619340,12.956610
7974,77.619329,12.955066
7975,77.620048,12.955420
7976,77.620062,12.955739
7977,77.618605,12.955222
7978,77.619628,12.952683
7979,77.620143,12.954963
7980,77.618533,12.949585
7981,77.618414,12.949649
7982,77.618651,12.949521
7983,77.618761,12.949462
7984,77.623482,12.948620
7985,77.623383,12.947714
7986,77.623684,12.948436
7987,77.628874,12.939350
7988,77.629683,12.938548
7989,77.632037,12.938582
7990,77.631349,12.940856
7991,77.630441,12.940801
7992,77.617069,12.945327
7993,77.648003,12.974346
7994,77.638734,12.970573
7995,77.573589,12.984407
7996,77.572673,12.983194
7997,77.572775,12.985305
7998,77.571739,12.984543
7999,77.560746,12.961118
8000,77.562017,12.961178
8001,77.563248,12.961187
8002,77.566971,12.964120
8003,77.566997,12.963963
8004,77.565398,12.964451
8005,77.567021,12.964775
8006,77.566846,12.966554
8007,77.566632,12.964053
8008,77.566124,12.964077
8009,77.566058,12.963615
8010,77.568222,12.964940
8011,77.566222,12.964474
8012,77.569010,12.966779
8013,77.568958,12.965908
8014,77.568438,12.965109
8015,77.568389,12.966373
8016,77.653760,13.022149
8017,77.648068,12.968855
8018,77.609546,12.951792
8019,77.608952,12.951895
8020,77.607474,12.951513
8021,77.607291,12.950430
8022,77.619068,12.944845
8023,77.618901,12.944197
8024,77.618832,12.943950
8025,77.619754,12.943937
8026,77.620002,12.944482
8027,77.620895,12.943395
8028,77.619393,12.943820
8029,77.620316,12.942274
8030,77.621226,12.942410
8031,77.621478,12.942185
8032,77.634297,12.936473
8033,77.632308,12.936567
8034,77.632929,12.938119
8035,77.630600,12.938432
8036,77.610921,12.942598
8037,77.610351,12.942286
8038,77.609813,12.940464
8039,77.610404,12.940814
8040,77.611003,12.941115
8041,77.611086,12.939627
8042,77.628092,12.942477
8043,77.616922,12.941745
8044,77.579831,13.026890
8045,77.619383,12.955765
8046,77.620639,12.954444
8047,77.620037,12.954531
8048,77.620757,12.954859
8049,77.612825,12.933879
8050,77.613330,13.001428
8051,77.614911,13.000934
8052,77.613852,13.001591
8053,77.613905,13.001820
8054,77.572766,12.995311
8055,77.572521,12.994606
8056,77.572745,12.995968
8057,77.572801,12.994257
8058,77.572754,12.995679
8059,77.572777,12.994988
8060,77.565190,12.994245
8061,77.565101,12.993841
8062,77.566512,12.990086
8063,77.568616,12.990071
8064,77.568928,12.990056
8065,77.569153,12.990052
8066,77.567810,12.992415
8067,77.568723,12.992652
8068,77.567817,12.992057
8069,77.568658,12.989666
8070,77.569293,12.988415
8071,77.568793,12.989554
8072,77.569762,12.988438
8073,77.569762,12.988887
8074,77.569195,12.989545
8075,77.568680,12.989452
8076,77.568669,12.989558
8077,77.568941,12.989551
8078,77.567935,12.987058
8079,77.568026,12.985299
8080,77.562826,12.994248
8081,77.563509,12.994130
8082,77.603857,13.004549
8083,77.604852,13.005499
8084,77.597480,13.001853
8085,77.596647,13.001483
8086,77.598272,12.964973
8087,77.601409,12.960270
8088,77.601153,12.963141
8089,77.602750,12.961880
8090,77.597087,12.965116
8091,77.601400,12.961866
8092,77.603979,12.961047
8093,77.596968,12.964833
8094,77.599417,12.967284
8095,77.600187,12.966680
8096,77.596656,12.964185
8097,77.596824,12.964539
8098,77.596909,12.964691
8099,77.600826,12.967337
8100,77.595048,12.962418
8101,77.592174,12.962340
8102,77.595228,12.962567
8103,77.594509,12.962339
8104,77.602408,13.003733
8105,77.602991,13.005010
8106,77.604801,13.004071
8107,77.610431,12.934256
8108,77.613441,12.932465
8109,77.625194,12.925892
8110,77.612143,12.934620
8111,77.614045,12.931341
8112,77.614060,12.931108
8113,77.660069,12.962091
8114,77.659622,12.960567
8115,77.576604,12.957562
8116,77.581676,12.972766
8117,77.581504,12.972868
8118,77.615497,12.934051
8119,77.615266,12.934598
8120,77.617397,12.934438
8121,77.617297,12.933838
8122,77.570019,13.006446
8123,77.628636,12.969738
8124,77.627687,12.969599
8125,77.631895,12.968609
8126,77.626539,12.969126
8127,77.628450,12.970041
8128,77.627196,12.969610
8129,77.560113,12.983442
8130,77.564596,12.982091
8131,77.560189,12.983283
8132,77.560503,12.983092
8133,77.560737,12.982790
8134,77.561365,12.982616
8135,77.560090,12.983369
8136,77.559119,12.988870
8137,77.578665,13.027089
8138,77.593630,13.025749
8139,77.589150,12.932145
8140,77.654248,12.973306
8141,77.653869,12.973340
8142,77.654535,12.971989
8143,77.654863,12.971906
8144,77.654179,12.972051
8145,77.654356,12.974753
8146,77.653978,12.974921
8147,77.654000,12.975294
8148,77.655137,12.974788
8149,77.654452,12.975499
8150,77.654726,12.974589
8151,77.655088,12.974428
8152,77.654644,12.973271
8153,77.655346,12.973209
8154,77.656676,12.972626
8155,77.657052,12.971549
8156,77.657100,12.972091
8157,77.657209,12.973434
8158,77.655933,12.973683
8159,77.657986,12.972083
8160,77.655423,12.976258
8161,77.655276,12.976209
8162,77.654235,12.975746
8163,77.656346,12.973079
8164,77.650887,12.975266
8165,77.657692,12.972643
8166,77.564789,12.953172
8167,77.566441,12.951481
8168,77.565249,12.954041
8169,77.566387,12.955909
8170,77.565617,12.952652
8171,77.564580,12.955984
8172,77.565668,12.953833
8173,77.565405,12.953477
8174,77.563390,12.956264
8175,77.564985,12.953532
8176,77.565355,12.955053
8177,77.564674,12.952383
8178,77.565832,12.953840
8179,77.564992,12.957062
8180,77.565745,12.951016
8181,77.564993,12.956624
8182,77.566023,12.953835
8183,77.563401,12.955944
8184,77.564950,12.952350
8185,77.565964,12.952607
8186,77.564885,12.955863
8187,77.566644,12.955093
8188,77.565545,12.951589
8189,77.564499,12.955651
8190,77.567552,12.953976
8191,77.564933,12.953159
8192,77.566186,12.955033
8193,77.559261,12.956918
8194,77.566698,12.957088
8195,77.564765,12.952667
8196,77.564588,12.956308
8197,77.565800,12.953440
8198,77.564477,12.952450
8199,77.566592,12.952775
8200,77.565818,12.951573
8201,77.565212,12.952302
8202,77.566077,12.954071
8203,77.563411,12.955609
8204,77.565767,12.953150
8205,77.566565,12.952561
8206,77.565167,12.955103
8207,77.564588,12.951308
8208,77.566637,12.956113
8209,77.565215,12.952409
8210,77.566515,12.954047
8211,77.565438,12.953108
8212,77.565178,12.951630
8213,77.564415,12.955272
8214,77.565567,12.957065
8215,77.562619,12.954099
8216,77.563751,12.954006
8217,77.565214,12.954001
8218,77.565489,12.951133
8219,77.564836,12.951310
8220,77.562607,12.956251
8221,77.563445,12.953945
8222,77.564515,12.954046
8223,77.562068,12.955921
8224,77.562383,12.953458
8225,77.564793,12.955185
8226,77.564482,12.953543
8227,77.565133,12.951240
8228,77.564134,12.955048
8229,77.562978,12.957002
8230,77.564832,12.954038
8231,77.563063,12.953878
8232,77.564026,12.954038
8233,77.563032,12.954122
8234,77.563836,12.953296
8235,77.561575,12.956257
8236,77.562392,12.954106
8237,77.561701,12.954089
8238,77.564074,12.953400
8239,77.657262,12.973459
8240,77.652211,12.976085
8241,77.652076,12.973372
8242,77.651930,12.972713
8243,77.652310,12.973322
8244,77.652799,12.976066
8245,77.652527,12.974541
8246,77.653545,12.974423
8247,77.613822,13.001341
8248,77.562727,12.966043
8249,77.559248,12.963130
8250,77.652582,12.976252
8251,77.653431,12.975393
8252,77.569758,12.989291
8253,77.569415,12.989377
8254,77.569398,12.989557
8255,77.563749,12.995422
8256,77.564431,12.995296
8257,77.563065,12.995632
8258,77.564239,12.994098
8259,77.564744,12.994017
8260,77.559686,13.003965
8261,77.650426,12.974886
8262,77.616173,13.005408
8263,77.606719,13.019669
8264,77.604719,13.021512
8265,77.605992,13.019713
8266,77.607854,13.019551
8267,77.651261,12.991211
8268,77.651209,12.990759
8269,77.583532,12.960343
8270,77.585935,12.959415
8271,77.633351,12.974522
8272,77.637336,12.981231
8273,77.636289,12.975980
8274,77.634790,12.972945
8275,77.636626,12.977561
8276,77.636558,12.977179
8277,77.633540,12.972331
8278,77.637039,12.980138
8279,77.633821,12.972480
8280,77.634707,12.980066
8281,77.633865,12.979540
8282,77.633951,12.980050
8283,77.635195,12.985291
8284,77.634234,12.979547
8285,77.634728,12.982550
8286,77.634473,12.984406
8287,77.633750,12.982232
8288,77.634618,12.979562
8289,77.632798,12.976360
8290,77.635749,12.965790
8291,77.635579,12.965649
8292,77.635452,12.963810
8293,77.640698,12.954716
8294,77.640532,12.953941
8295,77.634184,12.963760
8296,77.640783,12.956415
8297,77.644528,12.947170
8298,77.641287,12.954689
8299,77.635005,12.964277
8300,77.634220,12.964082
8301,77.639826,12.952694
8302,77.639508,12.954892
8303,77.638084,12.953687
8304,77.639812,12.953825
8305,77.638286,12.953788
8306,77.637095,12.959060
8307,77.635668,12.964305
8308,77.634290,12.964630
8309,77.643126,12.948422
8310,77.639645,12.952396
8311,77.640174,12.954790
8312,77.635091,12.963398
8313,77.635450,12.964049
8314,77.646102,12.947353
8315,77.640351,12.956407
8316,77.639762,12.951437
8317,77.634250,12.963333
8318,77.636540,12.960009
8319,77.634879,12.961564
8320,77.635856,12.961301
8321,77.636594,12.960449
8322,77.638363,12.961514
8323,77.638016,12.961084
8324,77.636607,12.963498
8325,77.635461,12.963427
8326,77.635801,12.964389
8327,77.599195,12.976672
8328,77.638643,12.974954
8329,77.636882,12.974535
8330,77.638190,12.975134
8331,77.636235,12.973765
8332,77.638485,12.973322
8333,77.638535,12.974461
8334,77.635856,12.973332
8335,77.636855,12.973461
8336,77.637466,12.974826
8337,77.638486,12.974034
8338,77.610715,12.973508
8339,77.610926,12.973438
8340,77.610573,12.973600
8341,77.611086,12.973804
8342,77.611203,12.973877
8343,77.611095,12.973970
8344,77.607000,12.971303
8345,77.607141,12.971418
8346,77.631431,12.935378
8347,77.631934,12.935631
8348,77.631583,12.935623
8349,77.578386,12.967519
8350,77.581565,12.968139
8351,77.578514,12.970992
8352,77.581012,12.968424
8353,77.581759,12.969974
8354,77.580044,12.969553
8355,77.580264,12.969439
8356,77.576475,12.977546
8357,77.568334,12.971034
8358,77.575950,12.970306
8359,77.581064,12.969372
8360,77.577105,12.970429
8361,77.579774,12.968920
8362,77.575071,12.979009
8363,77.581824,12.967517
8364,77.570270,12.970807
8365,77.568921,12.970880
8366,77.580435,12.969761
8367,77.581387,12.967775
8368,77.578658,12.971396
8369,77.582325,12.969657
8370,77.584431,12.965888
8371,77.578123,12.971538
8372,77.582694,12.969486
8373,77.577196,12.968846
8374,77.577672,12.967975
8375,77.581210,12.968953
8376,77.578586,12.975599
8377,77.577796,12.975935
8378,77.577353,12.970828
8379,77.579262,12.976813
8380,77.583271,12.968348
8381,77.577255,12.977612
8382,77.580534,12.968674
8383,77.578215,12.976909
8384,77.558369,12.962954
8385,77.560324,12.962766
8386,77.574200,12.965522
8387,77.575074,12.965222
8388,77.629690,12.935334
8389,77.609622,12.972295
8390,77.607839,12.972361
8391,77.608150,12.971603
8392,77.610516,12.970274
8393,77.613293,12.971423
8394,77.593437,12.967498
8395,77.612452,12.971567
8396,77.617132,12.970856
8397,77.605512,12.967616
8398,77.618017,12.970694
8399,77.615669,12.971395
8400,77.591349,12.967682
8401,77.608915,12.970806
8402,77.615681,12.972091
8403,77.615864,12.973221
8404,77.592055,12.967626
8405,77.590328,12.965470
8406,77.605889,12.966076
8407,77.592636,12.967567
8408,77.617080,12.970117
8409,77.618401,12.972642
8410,77.590608,12.963666
8411,77.616488,12.971395
8412,77.590901,12.965422
8413,77.616768,12.973012
8414,77.606323,12.967775
8415,77.595241,12.947631
8416,77.590209,12.954227
8417,77.586621,12.958740
8418,77.585101,12.955724
8419,77.584008,12.960187
8420,77.585406,12.955620
8421,77.585274,12.954929
8422,77.586082,12.958856
8423,77.596089,12.948092
8424,77.586178,12.960265
8425,77.585039,12.955388
8426,77.596545,12.951788
8427,77.585138,12.965564
8428,77.587201,12.954639
8429,77.585168,12.964999
8430,77.585646,12.955207
8431,77.577660,12.960254
8432,77.579595,12.953208
8433,77.578010,12.963448
8434,77.578700,12.963082
8435,77.575417,12.959533
8436,77.576320,12.958069
8437,77.578453,12.955464
8438,77.578505,12.960345
8439,77.577907,12.963500
8440,77.580005,12.960373
8441,77.575171,12.958286
8442,77.575037,12.957663
8443,77.579367,12.954851
8444,77.577590,12.950536
8445,77.577714,12.961460
8446,77.580702,12.961659
8447,77.581094,12.962481
8448,77.577987,12.963721
8449,77.580535,12.961351
8450,77.576774,12.950510
8451,77.577975,12.950546
8452,77.580969,12.953048
8453,77.578879,12.959833
8454,77.577984,12.954779
8455,77.580271,12.960865
8456,77.583331,12.952501
8457,77.578769,12.954300
8458,77.643222,12.948944
8459,77.643758,12.950604
8460,77.618597,12.954228
8461,77.651192,13.028007
8462,77.640139,12.960855
8463,77.631237,12.974722
8464,77.632266,12.972072
8465,77.632445,12.975178
8466,77.638886,12.964835
8467,77.631925,12.973253
8468,77.631542,12.975207
8469,77.632879,12.972022
8470,77.632327,12.973018
8471,77.632077,12.974516
8472,77.631971,12.972096
8473,77.635902,12.973084
8474,77.633044,12.973240
8475,77.631526,12.974998
8476,77.632576,12.973938
8477,77.655276,12.972237
8478,77.632572,12.972047
8479,77.632614,12.974864
8480,77.631670,12.975420
8481,77.632670,12.974644
8482,77.635850,12.974161
8483,77.639694,12.964316
8484,77.635969,12.970413
8485,77.635994,12.969321
8486,77.632306,12.973952
8487,77.640937,12.963688
8488,77.632750,12.973195
8489,77.630235,12.975360
8490,77.641575,12.963362
8491,77.630613,12.973408
8492,77.637065,12.966886
8493,77.635974,12.969819
8494,77.631193,12.974957
8495,77.648163,13.022911
8496,77.648032,13.022602
8497,77.591644,12.957201
8498,77.581580,12.972823
8499,77.564679,13.001824
8500,77.564214,13.001037
8501,77.595981,12.992432
8502,77.596359,12.992791
8503,77.588659,12.990088
8504,77.596555,12.990841
8505,77.587568,12.990270
8506,77.594928,12.987132
8507,77.595794,12.987050
8508,77.613920,12.990630
8509,77.617302,12.988621
8510,77.604595,12.994664
8511,77.605441,12.994334
8512,77.611454,12.991626
8513,77.602629,12.995313
8514,77.603900,12.994922
8515,77.612296,12.991424
8516,77.615776,12.989555
8517,77.608896,13.000396
8518,77.560186,13.014259
8519,77.564788,13.004693
8520,77.565786,13.004679
8521,77.574093,13.003222
8522,77.573684,13.003307
8523,77.574617,13.003318
8524,77.575204,13.005425
8525,77.574606,13.003510
8526,77.575607,13.003508
8527,77.573848,13.003219
8528,77.574064,13.003503
8529,77.588734,12.986656
8530,77.654826,12.968882
8531,77.652180,12.970534
8532,77.654934,12.969728
8533,77.655771,12.969987
8534,77.654003,12.970300
8535,77.653607,12.970351
8536,77.653525,12.972176
8537,77.652869,12.971710
8538,77.653542,12.971794
8539,77.652221,12.971637
8540,77.647976,12.970991
8541,77.649447,12.971253
8542,77.650782,12.971492
8543,77.652234,12.971299
8544,77.652742,12.967951
8545,77.653060,12.970421
8546,77.651983,12.969671
8547,77.654884,12.969300
8548,77.653779,12.967798
8549,77.656101,12.962112
8550,77.655713,12.960673
8551,77.657718,12.963157
8552,77.650427,12.968430
8553,77.655733,12.960872
8554,77.650750,12.971879
8555,77.645640,12.968710
8556,77.656774,12.963050
8557,77.650878,12.970358
8558,77.647053,12.981101
8559,77.650078,12.968525
8560,77.650907,12.970004
8561,77.660974,12.977164
8562,77.650460,12.969996
8563,77.658400,12.977588
8564,77.650127,12.969983
8565,77.649408,12.969714
8566,77.649204,12.969708
8567,77.649941,12.969043
8568,77.651445,12.968174
8569,77.644844,12.968687
8570,77.652248,12.971005
8571,77.651276,12.970028
8572,77.644871,12.967954
8573,77.645465,12.962675
8574,77.650224,12.968995
8575,77.651979,12.970072
8576,77.644868,12.968201
8577,77.645352,12.963383
8578,77.644870,12.962822
8579,77.650826,12.970970
8580,77.645188,12.962744
8581,77.645437,12.963592
8582,77.652216,12.970681
8583,77.650853,12.970650
8584,77.652149,12.970385
8585,77.650080,12.969735
8586,77.644574,12.962896
8587,77.649097,12.969186
8588,77.645033,12.963458
8589,77.650813,12.968323
8590,77.653349,12.972188
8591,77.653036,12.972843
8592,77.651228,12.973216
8593,77.606545,12.977845
8594,77.606806,12.930114
8595,77.606740,12.930931
8596,77.606775,12.930550
8597,77.588793,12.986500
8598,77.588568,12.990767
8599,77.653145,12.952570
8600,77.657011,12.956782
8601,77.656962,12.953728
8602,77.658194,12.953679
8603,77.655989,12.955865
8604,77.653061,12.953162
8605,77.654256,12.956743
8606,77.653586,12.953956
8607,77.657680,12.954246
8608,77.656887,12.955716
8609,77.657369,12.959186
8610,77.658407,12.953935
8611,77.653291,12.953101
8612,77.657283,12.953679
8613,77.656132,12.956684
8614,77.655417,12.953470
8615,77.655387,12.954373
8616,77.657962,12.955538
8617,77.656882,12.954414
8618,77.656632,12.954144
8619,77.657136,12.957510
8620,77.658678,12.956536
8621,77.657645,12.959162
8622,77.656457,12.954177
8623,77.656610,12.955762
8624,77.655088,12.957494
8625,77.656466,12.956774
8626,77.658093,12.956134
8627,77.657619,12.953964
8628,77.655478,12.953751
8629,77.656193,12.952769
8630,77.657741,12.954522
8631,77.655191,12.957868
8632,77.656896,12.953145
8633,77.655733,12.953559
8634,77.657185,12.955667
8635,77.654881,12.959306
8636,77.654019,12.956795
8637,77.657493,12.959173
8638,77.657235,12.953099
8639,77.654478,12.957842
8640,77.657001,12.954099
8641,77.655177,12.959294
8642,77.656626,12.953427
8643,77.654876,12.956729
8644,77.657731,12.954480
8645,77.655561,12.952741
8646,77.654770,12.957764
8647,77.656999,12.954686
8648,77.655321,12.956661
8649,77.657140,12.955399
8650,77.656768,12.956769
8651,77.655854,12.954288
8652,77.654394,12.955526
8653,77.656158,12.954232
8654,77.656329,12.953456
8655,77.655333,12.959287
8656,77.657374,12.956754
8657,77.655740,12.956633
8658,77.652726,12.953249
8659,77.657441,12.957758
8660,77.657898,12.955242
8661,77.653917,12.954257
8662,77.655907,12.952752
8663,77.657266,12.953380
8664,77.659782,12.959037
8665,77.657044,12.956649
8666,77.655258,12.952723
8667,77.656061,12.954249
8668,77.659188,12.956481
8669,77.657581,12.953789
8670,77.658465,12.954321
8671,77.652929,12.952560
8672,77.656921,12.953403
8673,77.657645,12.954083
8674,77.649087,12.945911
8675,77.652792,12.944348
8676,77.649187,12.944889
8677,77.653663,12.943613
8678,77.626420,12.941556
8679,77.626491,12.940539
8680,77.626079,12.941516
8681,77.625988,12.941196
8682,77.626926,12.940717
8683,77.626183,12.940449
8684,77.625870,12.940855
8685,77.625888,12.940344
8686,77.627092,12.940779
8687,77.626767,12.940639
8688,77.635767,12.976580
8689,77.635381,12.976643
8690,77.633101,12.978196
8691,77.634818,12.978242
8692,77.636082,12.978278
8693,77.630280,12.978318
8694,77.631378,12.978310
8695,77.630057,12.978341
8696,77.637938,12.978341
8697,77.630916,12.978353
8698,77.638356,12.978351
8699,77.638844,12.978359
8700,77.630593,12.978383
8701,77.639292,12.978366
8702,77.639740,12.978381
8703,77.630302,12.978403
8704,77.640208,12.978402
8705,77.630026,12.978422
8706,77.629728,12.978460
8707,77.583344,12.966418
8708,77.568429,12.959648
8709,77.568416,12.960056
8710,77.582158,12.963999
8711,77.568496,12.958414
8712,77.568450,12.959247
8713,77.568505,12.958015
8714,77.568517,12.957554
8715,77.568474,12.958826
8716,77.618594,12.933604
8717,77.618596,12.934012
8718,77.645882,12.964792
8719,77.638388,12.961992
8720,77.637805,12.962647
8721,77.636837,12.963232
8722,77.636560,12.963420
8723,77.637101,12.963439
8724,77.643386,12.964158
8725,77.640337,12.964148
8726,77.642267,12.964284
8727,77.643450,12.964479
8728,77.642249,12.964613
8729,77.644984,12.964651
8730,77.644030,12.964863
8731,77.638967,12.964993
8732,77.640376,12.965234
8733,77.638707,12.965215
8734,77.635321,12.965442
8735,77.638433,12.965471
8736,77.637342,12.965647
8737,77.640130,12.965738
8738,77.639665,12.965841
8739,77.639211,12.965923
8740,77.638887,12.965987
8741,77.638591,12.966046
8742,77.638271,12.966107
8743,77.642672,12.966425
8744,77.638509,12.967434
8745,77.636055,12.968923
8746,77.636627,12.968955
8747,77.644141,12.969108
8748,77.645617,12.969162
8749,77.644120,12.969692
8750,77.647572,12.969777
8751,77.644975,12.970360
8752,77.639831,12.965811
8753,77.641462,12.965848
8754,77.639307,12.965904
8755,77.640282,12.966048
8756,77.639450,12.966171
8757,77.635701,12.966332
8758,77.638319,12.966402
8759,77.639675,12.966594
8760,77.638903,12.966601
8761,77.636043,12.966617
8762,77.640374,12.966607
8763,77.638373,12.966708
8764,77.640105,12.966699
8765,77.636795,12.967251
8766,77.635301,12.967249
8767,77.635708,12.967342
8768,77.636010,12.967411
8769,77.636636,12.967557
8770,77.633198,12.969185
8771,77.637540,12.969947
8772,77.632871,12.970046
8773,77.633913,12.970439
8774,77.632720,12.970443
8775,77.626086,12.970781
8776,77.636955,12.962153
8777,77.636529,12.962260
8778,77.639179,12.967120
8779,77.639441,12.967751
8780,77.639536,12.967992
8781,77.598779,13.018661
8782,77.599062,13.019146
8783,77.598923,13.018911
8784,77.599601,13.020008
8785,77.599018,13.020321
8786,77.599205,13.019369
8787,77.652715,12.944111
8788,77.655757,13.018922
8789,77.655389,13.019079
8790,77.655442,13.019196
8791,77.657080,13.017966
8792,77.656474,13.018372
8793,77.656023,13.016278
8794,77.656432,13.016952
8795,77.656268,13.016165
8796,77.654931,13.016953
8797,77.655707,13.016827
8798,77.657317,13.017869
8799,77.656700,13.016823
8800,77.620393,12.966945
8801,77.620781,12.966878
8802,77.620586,12.966694
8803,77.584206,12.998586
8804,77.583471,12.999382
8805,77.584274,12.998746
8806,77.584746,12.997742
8807,77.584133,12.997756
8808,77.584078,12.998628
8809,77.584078,13.000404
8810,77.584198,12.998654
8811,77.584435,12.997999
8812,77.584277,12.998656
8813,77.583931,12.999631
8814,77.584909,13.023775
8815,77.584602,13.023858
8816,77.580185,13.026468
8817,77.585010,13.024143
8818,77.579960,13.026370
8819,77.579971,13.026562
8820,77.588510,12.984605
8821,77.588229,12.984883
8822,77.588324,12.984687
8823,77.657152,12.997585
8824,77.652124,12.995105
8825,77.657211,12.996149
8826,77.654290,12.994922
8827,77.656477,12.997527
8828,77.657241,12.995809
8829,77.658097,12.994434
8830,77.657224,12.993911
8831,77.656074,12.995052
8832,77.655810,12.995306
8833,77.659013,12.996887
8834,77.659128,12.997319
8835,77.657175,12.997222
8836,77.657204,12.996347
8837,77.657909,12.996292
8838,77.657997,12.996694
8839,77.657195,12.996793
8840,77.661029,12.996127
8841,77.656855,12.993723
8842,77.655527,12.995133
8843,77.656027,12.994618
8844,77.656312,12.994825
8845,77.657633,12.996030
8846,77.658486,12.994645
8847,77.660413,12.996367
8848,77.659923,12.996587
8849,77.659419,12.996766
8850,77.658488,12.996548
8851,77.659373,12.995144
8852,77.591491,12.932580
8853,77.591286,12.935824
8854,77.592043,12.932564
8855,77.591432,12.931764
8856,77.591195,12.934881
8857,77.591039,12.933782
8858,77.592728,12.935749
8859,77.592371,12.933721
8860,77.592681,12.933726
8861,77.591680,12.931689
8862,77.592687,12.933962
8863,77.591055,12.933408
8864,77.591243,12.935427
8865,77.591523,12.933174
8866,77.592702,12.934249
8867,77.592328,12.932573
8868,77.591515,12.933347
8869,77.591482,12.933505
8870,77.591054,12.933279
8871,77.592630,12.932567
8872,77.591143,12.934283
8873,77.592305,12.931539
8874,77.592078,12.933726
8875,77.591755,12.932574
8876,77.590994,12.944985
8877,77.589693,12.945401
8878,77.589486,12.944805
8879,77.589592,12.945096
8880,77.590364,12.944468
8881,77.591429,12.943048
8882,77.582705,12.935540
8883,77.590695,12.941054
8884,77.591190,12.943210
8885,77.584035,12.935534
8886,77.591080,12.940912
8887,77.590613,12.942771
8888,77.589803,12.941069
8889,77.584959,12.936686
8890,77.585161,12.936657
8891,77.591110,12.942515
8892,77.590640,12.943274
8893,77.585065,12.936740
8894,77.594720,12.944790
8895,77.585148,12.936690
8896,77.593083,12.948541
8897,77.593662,12.948393
8898,77.658250,12.995028
8899,77.658866,12.995948
8900,77.658013,12.995411
8901,77.657796,12.995764
8902,77.658642,12.996304
8903,77.658092,12.997115
8904,77.657902,12.996214
8905,77.657446,12.994663
8906,77.657832,12.994887
8907,77.656817,12.994292
8908,77.656580,12.994534
8909,77.657020,12.995264
8910,77.657261,12.994943
8911,77.656827,12.995541
8912,77.617675,12.976697
8913,77.617424,12.975398
8914,77.618304,12.979113
8915,77.593378,12.930066
8916,77.595311,12.931262
8917,77.594301,12.931188
8918,77.593400,12.931301
8919,77.593011,12.931362
8920,77.593007,12.930076
8921,77.588063,12.941564
8922,77.588394,12.941555
8923,77.588043,12.943040
8924,77.593769,12.940857
8925,77.593711,12.941158
8926,77.594414,12.941370
8927,77.609720,12.934275
8928,77.593110,12.934906
8929,77.593332,12.935693
8930,77.593220,12.935293
8931,77.592717,12.934912
8932,77.596894,12.944886
8933,77.595009,12.945116
8934,77.595935,12.944962
8935,77.594927,12.943611
8936,77.594602,12.943931
8937,77.594860,12.943018
8938,77.595217,12.944465
8939,77.594518,12.943067
8940,77.594966,12.944058
8941,77.594736,12.943595
8942,77.594856,12.944954
8943,77.595337,12.944639
8944,77.594691,12.943422
8945,77.595461,12.944819
8946,77.595690,12.944407
8947,77.595673,12.945144
8948,77.595741,12.944630
8949,77.593784,12.940717
8950,77.593556,12.940905
8951,77.605820,12.966063
8952,77.605657,12.964617
8953,77.606510,12.982264
8954,77.606226,12.981304
8955,77.581411,12.942508
8956,77.580096,12.942475
8957,77.654159,13.013871
8958,77.654220,13.014336
8959,77.654413,13.015000
8960,77.617696,12.965213
8961,77.610664,12.968804
8962,77.596202,12.963617
8963,77.596131,12.963414
8964,77.611055,12.967627
8965,77.661159,12.959267
8966,77.592057,12.962489
8967,77.578631,13.028279
8968,77.578382,13.027139
8969,77.574930,12.977502
8970,77.574394,12.977312
8971,77.575500,12.977703
8972,77.619489,12.972105
8973,77.625296,12.978557
8974,77.620398,12.976692
8975,77.627277,12.978262
8976,77.621723,12.976595
8977,77.625823,12.977338
8978,77.626249,12.977980
8979,77.625881,12.978603
8980,77.621728,12.977313
8981,77.624672,12.978506
8982,77.625233,12.977458
8983,77.620245,12.975817
8984,77.624346,12.976141
8985,77.624502,12.977159
8986,77.622493,12.977340
8987,77.622075,12.976278
8988,77.620987,12.976688
8989,77.625138,12.977059
8990,77.623410,12.977766
8991,77.627303,12.978458
8992,77.624558,12.977555
8993,77.622422,12.976128
8994,77.624677,12.978645
8995,77.620886,12.976695
8996,77.627227,12.977806
8997,77.626321,12.978404
8998,77.640849,12.979985
8999,77.644270,12.980905
9000,77.641371,12.981934
9001,77.644475,12.979197
9002,77.643900,12.980962
9003,77.641406,12.979989
9004,77.564221,12.939706
9005,77.566253,12.945256
9006,77.566996,12.945247
9007,77.567073,12.945205
9008,77.566853,12.944370
9009,77.571160,13.028826
9010,77.562078,12.934107
9011,77.560591,12.934718
9012,77.560687,12.934864
9013,77.562212,12.934273
9014,77.608828,12.993447
9015,77.565590,12.937243
9016,77.567521,12.937320
9017,77.565977,12.937280
9018,77.568371,12.937358
9019,77.566750,12.936885
9020,77.569288,12.936979
9021,77.568799,12.936962
9022,77.565997,12.936878
9023,77.566766,12.936490
9024,77.568814,12.936560
9025,77.566031,12.936461
9026,77.617408,12.942192
9027,77.609608,12.929958
9028,77.562543,12.942922
9029,77.561371,12.941685
9030,77.562544,12.943216
9031,77.561660,12.943205
9032,77.561687,12.942885
9033,77.564274,12.942931
9034,77.561784,12.941707
9035,77.564268,12.943239
9036,77.565567,12.945265
9037,77.565046,12.945271
9038,77.562040,12.943520
9039,77.565087,12.942622
9040,77.565068,12.943564
9041,77.561558,12.944819
9042,77.560361,12.944705
9043,77.561162,12.944789
9044,77.561634,12.943516
9045,77.561960,12.944859
9046,77.560853,12.943501
9047,77.560211,12.943491
9048,77.560774,12.944748
9049,77.561228,12.943506
9050,77.564240,12.946647
9051,77.563305,12.946215
9052,77.563302,12.945761
9053,77.562739,12.946259
9054,77.562731,12.946530
9055,77.562605,12.949025
9056,77.591490,12.931083
9057,77.591216,12.930584
9058,77.609380,12.933643
9059,77.608515,12.933799
9060,77.608481,12.933198
9061,77.607313,12.933280
9062,77.609425,12.932802
9063,77.609172,12.930967
9064,77.607360,12.931699
9065,77.608984,12.931647
9066,77.607348,12.932010
9067,77.606636,12.932019
9068,77.608321,12.931983
9069,77.609360,12.933360
9070,77.607317,12.933539
9071,77.606675,12.932887
9072,77.607328,12.932893
9073,77.608431,12.932850
9074,77.607335,12.932520
9075,77.606660,12.932498
9076,77.609143,12.932372
9077,77.608402,12.932495
9078,77.606665,12.932221
9079,77.609105,12.932079
9080,77.608360,12.932202
9081,77.607344,12.932239
9082,77.608220,12.930226
9083,77.606679,12.931684
9084,77.568170,12.936103
9085,77.562743,12.936149
9086,77.566063,12.935590
9087,77.566782,12.935639
9088,77.566074,12.935199
9089,77.563507,12.935585
9090,77.566748,12.936041
9091,77.566040,12.935987
9092,77.568155,12.935515
9093,77.566819,12.935274
9094,77.567551,12.935188
9095,77.566044,12.936151
9096,77.561842,12.936367
9097,77.567569,12.935562
9098,77.563610,12.935892
9099,77.565361,12.935980
9100,77.568179,12.934070
9101,77.567679,12.933756
9102,77.564625,12.934941
9103,77.567614,12.934757
9104,77.567632,12.934395
9105,77.567646,12.934116
9106,77.566844,12.934540
9107,77.568281,12.934560
9108,77.566085,12.934864
9109,77.565189,12.932066
9110,77.566133,12.933436
9111,77.565869,12.932624
9112,77.566764,12.933844
9113,77.566605,12.932315
9114,77.566484,12.933391
9115,77.565761,12.930923
9116,77.566289,12.932506
9117,77.565850,12.931186
9118,77.564305,12.932369
9119,77.566787,12.930232
9120,77.567324,12.933760
9121,77.565950,12.931437
9122,77.563803,12.931071
9123,77.563853,12.931350
9124,77.567095,12.931047
9125,77.564607,12.930947
9126,77.564088,12.931320
9127,77.566270,12.932423
9128,77.566194,12.932145
9129,77.564192,12.931788
9130,77.567219,12.931904
9131,77.564679,12.931207
9132,77.565061,12.931501
9133,77.567165,12.931748
9134,77.564948,12.931213
9135,77.565679,12.932996
9136,77.565251,12.932808
9137,77.567910,12.929973
9138,77.567229,12.931932
9139,77.567193,12.933228
9140,77.567278,12.932071
9141,77.564882,12.931052
9142,77.565592,12.932702
9143,77.566158,12.932038
9144,77.565339,12.933070
9145,77.565135,12.931734
9146,77.564784,12.931594
9147,77.566175,12.934091
9148,77.564705,12.933235
9149,77.566854,12.930425
9150,77.565473,12.933581
9151,77.566939,12.932189
9152,77.566217,12.932231
9153,77.566845,12.934040
9154,77.563749,12.930780
9155,77.564696,12.932950
9156,77.629165,12.940784
9157,77.659780,12.960220
9158,77.629158,12.940175
9159,77.624091,12.941206
9160,77.579382,13.027796
9161,77.578995,13.027020
9162,77.574482,13.026553
9163,77.594800,12.966827
9164,77.595028,12.966874
9165,77.606368,12.993134
9166,77.606789,12.993129
9167,77.604861,12.991401
9168,77.607138,12.991089
9169,77.608171,12.990244
9170,77.609425,12.991278
9171,77.600117,12.986372
9172,77.598274,12.987023
9173,77.599067,12.988222
9174,77.600058,12.989285
9175,77.600877,12.990142
9176,77.599614,12.989420
9177,77.599997,12.990383
9178,77.600998,12.985534
9179,77.604989,12.986059
9180,77.604643,12.986007
9181,77.599879,12.985797
9182,77.599917,12.985607
9183,77.599982,12.986083
9184,77.599920,12.985707
9185,77.599346,12.986300
9186,77.601801,12.985261
9187,77.603188,12.988088
9188,77.600352,12.986787
9189,77.599877,12.985268
9190,77.599619,12.986929
9191,77.598146,12.986701
9192,77.600749,12.985040
9193,77.599474,12.986612
9194,77.604880,12.985973
9195,77.599208,12.986004
9196,77.600852,12.985265
9197,77.601475,12.986387
9198,77.601220,12.986427
9199,77.601165,12.986050
9200,77.629535,12.940211
9201,77.629397,12.940762
9202,77.616283,12.993524
9203,77.617174,12.994007
9204,77.616296,12.994006
9205,77.616285,12.993576
9206,77.616310,12.994397
9207,77.617553,12.995059
9208,77.617854,12.994540
9209,77.617697,12.994812
9210,77.616546,12.995092
9211,77.616994,12.994332
9212,77.618934,12.995243
9213,77.626886,12.994323
9214,77.623823,12.995211
9215,77.620930,12.995117
9216,77.623614,12.993125
9217,77.628886,12.994200
9218,77.625501,12.993665
9219,77.622636,12.995383
9220,77.618993,12.995293
9221,77.620481,12.995163
9222,77.621570,12.995215
9223,77.624938,12.993883
9224,77.619982,12.995218
9225,77.626726,12.993810
9226,77.620190,12.995876
9227,77.619231,12.998056
9228,77.560112,12.997363
9229,77.570601,12.935189
9230,77.569357,12.935290
9231,77.657231,12.961325
9232,77.656400,12.962590
9233,77.657516,12.962342
9234,77.659690,12.960755
9235,77.560886,12.984818
9236,77.561965,12.985869
9237,77.562890,12.985827
9238,77.560487,12.986553
9239,77.560530,12.984793
9240,77.560807,12.985845
9241,77.560348,12.989383
9242,77.608305,12.931719
9243,77.613443,12.931831
9244,77.610359,12.932712
9245,77.610074,12.932707
9246,77.608502,12.933467
9247,77.611057,12.933692
9248,77.610789,12.933883
9249,77.564529,12.938071
9250,77.563613,12.938895
9251,77.561568,12.937941
9252,77.559952,12.937848
9253,77.563275,12.938503
9254,77.561363,12.941482
9255,77.561553,12.938761
9256,77.561532,12.938360
9257,77.633407,12.969622
9258,77.633173,12.970160
9259,77.633657,12.970342
9260,77.561857,12.932613
9261,77.560057,12.932963
9262,77.560559,12.933089
9263,77.561457,12.932916
9264,77.561022,12.933050
9265,77.562811,12.932750
9266,77.561335,12.933642
9267,77.561778,12.933192
9268,77.561812,12.932303
9269,77.563313,12.932475
9270,77.562787,12.932342
9271,77.562004,12.933106
9272,77.561855,12.933473
9273,77.562891,12.932032
9274,77.561742,12.933084
9275,77.563080,12.932241
9276,77.561825,12.933327
9277,77.561238,12.933448
9278,77.561766,12.931958
9279,77.561656,12.932773
9280,77.561129,12.933247
9281,77.560186,12.932327
9282,77.560229,12.932990
9283,77.560432,12.932259
9284,77.561064,12.932111
9285,77.560856,12.932152
9286,77.559880,12.932223
9287,77.561942,12.931908
9288,77.561240,12.932992
9289,77.560795,12.933083
9290,77.560603,12.932218
9291,77.563367,12.935251
9292,77.562994,12.934909
9293,77.562465,12.933805
9294,77.562919,12.934715
9295,77.557900,12.935780
9296,77.588396,12.931238
9297,77.562248,12.941721
9298,77.563064,12.942193
9299,77.564284,12.942202
9300,77.563076,12.941746
9301,77.564260,12.944214
9302,77.568635,12.947342
9303,77.568257,12.947619
9304,77.567842,12.948160
9305,77.567965,12.948162
9306,77.567696,12.947335
9307,77.612824,12.999038
9308,77.614808,12.997743
9309,77.615966,12.999594
9310,77.616011,13.000024
9311,77.614701,12.999221
9312,77.614841,13.000157
9313,77.614769,12.999709
9314,77.612684,13.000364
9315,77.617158,12.999920
9316,77.619430,12.999465
9317,77.612760,12.999900
9318,77.613688,13.000261
9319,77.617043,12.998979
9320,77.615791,12.999127
9321,77.617102,12.999460
9322,77.618258,12.999783
9323,77.586096,12.932873
9324,77.585834,12.932923
9325,77.642370,12.993138
9326,77.642357,12.993641
9327,77.642483,12.994176
9328,77.642626,12.994589
9329,77.643107,12.995143
9330,77.610759,12.933060
9331,77.610503,12.933166
9332,77.629013,13.002652
9333,77.629468,13.003466
9334,77.627421,13.000383
9335,77.629057,13.001376
9336,77.635031,13.002886
9337,77.633250,13.003559
9338,77.634559,13.003884
9339,77.628739,13.000732
9340,77.629739,13.001446
9341,77.630238,13.002996
9342,77.629170,13.003571
9343,77.631658,13.002726
9344,77.629015,13.002280
9345,77.630078,13.001508
9346,77.631840,13.001862
9347,77.629810,13.003307
9348,77.634860,13.002818
9349,77.628204,12.999778
9350,77.630418,13.001573
9351,77.635469,13.003182
9352,77.635120,13.002348
9353,77.632225,13.001938
9354,77.633463,13.002209
9355,77.631563,13.003175
9356,77.629199,13.017338
9357,77.628941,13.019098
9358,77.629000,13.016827
9359,77.628541,13.016928
9360,77.629267,13.021010
9361,77.629335,13.017957
9362,77.627893,13.017065
9363,77.632552,13.015934
9364,77.633738,13.015624
9365,77.631289,13.017007
9366,77.631209,13.016663
9367,77.633839,13.015942
9368,77.633974,13.016307
9369,77.632822,13.016910
9370,77.629754,13.017419
9371,77.563144,12.938822
9372,77.587040,12.975846
9373,77.643587,12.957292
9374,77.646450,12.957763
9375,77.646979,12.958165
9376,77.645229,12.958354
9377,77.648201,12.964588
9378,77.646617,12.964375
9379,77.642654,12.964871
9380,77.645981,12.965071
9381,77.644464,12.965091
9382,77.645888,12.965431
9383,77.644534,12.965401
9384,77.642633,12.965409
9385,77.645448,12.965509
9386,77.644130,12.965523
9387,77.645146,12.965573
9388,77.644878,12.965656
9389,77.644576,12.965707
9390,77.643206,12.965669
9391,77.644147,12.965704
9392,77.645475,12.965815
9393,77.644179,12.965954
9394,77.645202,12.965974
9395,77.644893,12.966095
9396,77.644589,12.966156
9397,77.642657,12.966226
9398,77.647876,12.966341
9399,77.647591,12.966466
9400,77.648024,12.967593
9401,77.638523,12.968287
9402,77.638103,12.993370
9403,77.638655,12.993503
9404,77.631891,12.994093
9405,77.629076,12.994287
9406,77.629116,12.994684
9407,77.629106,12.994844
9408,77.642639,13.008793
9409,77.644474,13.008545
9410,77.647970,13.008274
9411,77.646332,13.007554
9412,77.645368,13.009327
9413,77.642645,13.010669
9414,77.644953,13.005716
9415,77.647185,13.008564
9416,77.645783,13.008669
9417,77.645455,13.007982
9418,77.642037,13.010594
9419,77.646624,13.011031
9420,77.648088,13.009611
9421,77.645184,13.006449
9422,77.645842,13.010495
9423,77.647003,13.011253
9424,77.647441,13.011530
9425,77.645087,13.009516
9426,77.644377,13.009981
9427,77.647963,13.008553
9428,77.645532,13.006413
9429,77.639981,12.965216
9430,77.601150,12.972247
9431,77.600193,12.972333
9432,77.657504,12.964466
9433,77.659412,12.963276
9434,77.656435,12.965123
9435,77.657275,12.964683
9436,77.657347,12.964958
9437,77.657349,12.964192
9438,77.656246,12.963332
9439,77.655818,12.963614
9440,77.656757,12.964559
9441,77.659185,12.964918
9442,77.655663,12.966629
9443,77.655816,12.967509
9444,77.654657,12.967222
9445,77.657706,12.966817
9446,77.655724,12.967040
9447,77.654544,12.966777
9448,77.651669,12.970068
9449,77.651131,12.968254
9450,77.650614,12.968374
9451,77.650569,12.971454
9452,77.648979,12.970246
9453,77.649545,12.971935
9454,77.648085,12.970388
9455,77.649044,12.971181
9456,77.649012,12.970541
9457,77.648944,12.969950
9458,77.650330,12.970346
9459,77.650383,12.970621
9460,77.650269,12.969987
9461,77.657524,12.965314
9462,77.657638,12.966190
9463,77.656553,12.965871
9464,77.657589,12.965754
9465,77.656486,12.965447
9466,77.656622,12.966292
9467,77.654508,12.966368
9468,77.655161,12.966693
9469,77.659533,12.967077
9470,77.659264,12.965360
9471,77.657167,12.967346
9472,77.656693,12.968625
9473,77.656190,12.968694
9474,77.656089,12.967950
9475,77.656134,12.968282
9476,77.656646,12.968327
9477,77.654770,12.968483
9478,77.656147,12.968374
9479,77.657245,12.967816
9480,77.654729,12.968188
9481,77.652803,12.968420
9482,77.654661,12.967696
9483,77.653831,12.968297
9484,77.658236,12.967670
9485,77.656233,12.969120
9486,77.651689,12.968555
9487,77.654991,12.970173
9488,77.656457,12.969490
9489,77.651804,12.969004
9490,77.652860,12.968868
9491,77.653877,12.968737
9492,77.652089,12.970073
9493,77.651832,12.972088
9494,77.650801,12.971274
9495,77.649604,12.972353
9496,77.651889,12.971621
9497,77.650775,12.971584
9498,77.649501,12.971628
9499,77.648327,12.969317
9500,77.647643,12.972486
9501,77.648745,12.971128
9502,77.648197,12.972283
9503,77.648413,12.971069
9504,77.648776,12.972058
9505,77.645594,12.972442
9506,77.646003,12.972671
9507,77.648322,12.974920
9508,77.648331,12.974355
9509,77.648332,12.973455
9510,77.656027,12.969560
9511,77.657613,12.969533
9512,77.656548,12.970296
9513,77.656719,12.970906
9514,77.657719,12.970712
9515,77.657667,12.970177
9516,77.656477,12.970039
9517,77.657668,12.970386
9518,77.656592,12.970450
9519,77.656816,12.971557
9520,77.656888,12.970863
9521,77.656109,12.970477
9522,77.656088,12.970276
9523,77.656121,12.970788
9524,77.656136,12.970369
9525,77.656647,12.969745
9526,77.657387,12.969682
9527,77.656062,12.969996
9528,77.656684,12.969754
9529,77.656425,12.969994
9530,77.653576,12.971032
9531,77.653999,12.971020
9532,77.655897,12.971160
9533,77.653000,12.970429
9534,77.653556,12.971495
9535,77.655958,12.971685
9536,77.652917,12.971405
9537,77.653996,12.971534
9538,77.652582,12.971671
9539,77.652700,12.970467
9540,77.652998,12.972207
9541,77.651136,12.972882
9542,77.652657,12.972578
9543,77.653155,12.974087
9544,77.651849,12.972367
9545,77.652434,12.974016
9546,77.652359,12.973598
9547,77.652477,12.974258
9548,77.652883,12.973921
9549,77.652692,12.973266
9550,77.652888,12.974189
9551,77.652777,12.973522
9552,77.651362,12.973883
9553,77.651873,12.974485
9554,77.648346,12.973553
9555,77.649488,12.972795
9556,77.648949,12.972929
9557,77.650017,12.973127
9558,77.575226,12.934369
9559,77.660748,12.963218
9560,77.661111,12.964196
9561,77.660018,12.964353
9562,77.661098,12.964166
9563,77.659519,12.964506
9564,77.659688,12.964752
9565,77.659978,12.963368
9566,77.660234,12.962820
9567,77.659565,12.962557
9568,77.659661,12.962938
9569,77.660878,12.961818
9570,77.658871,12.961029
9571,77.659271,12.962631
9572,77.659191,12.962300
9573,77.659947,12.962864
9574,77.659780,12.962165
9575,77.659860,12.962481
9576,77.658181,12.964364
9577,77.660843,12.964380
9578,77.658389,12.965029
9579,77.660376,12.965928
9580,77.660496,12.966255
9581,77.659463,12.966627
9582,77.655430,12.984056
9583,77.655175,12.984234
9584,77.657072,12.983478
9585,77.658337,12.983203
9586,77.656524,12.981688
9587,77.656860,12.982720
9588,77.656255,12.983698
9589,77.655609,12.983181
9590,77.654403,12.983855
9591,77.654409,12.983187
9592,77.656513,12.983619
9593,77.655877,12.982975
9594,77.657796,12.983337
9595,77.657600,12.981641
9596,77.656692,12.982202
9597,77.658120,12.983256
9598,77.656192,12.982349
9599,77.656613,12.981948
9600,77.657936,12.981865
9601,77.658080,12.982779
9602,77.656076,12.982098
9603,77.575493,12.985452
9604,77.575077,12.987925
9605,77.576076,12.988033
9606,77.576077,12.986390
9607,77.576275,12.986684
9608,77.574732,12.984976
9609,77.576499,12.987074
9610,77.561723,12.975719
9611,77.560323,12.976964
9612,77.560260,12.976671
9613,77.559393,12.969065
9614,77.560288,12.975813
9615,77.638474,13.028149
9616,77.638553,13.028919
9617,77.639002,13.029795
9618,77.615386,12.982585
9619,77.619241,12.987113
9620,77.618393,12.984891
9621,77.618205,12.987760
9622,77.619740,12.987297
9623,77.619806,12.987026
9624,77.619357,12.987247
9625,77.617064,12.986066
9626,77.617749,12.985444
9627,77.616948,12.985895
9628,77.617684,12.985328
9629,77.619385,12.986948
9630,77.619719,12.986873
9631,77.617614,12.984059
9632,77.614026,12.984000
9633,77.614910,12.982544
9634,77.601761,12.984592
9635,77.560461,12.981124
9636,77.560528,12.981861
9637,77.560005,12.981572
9638,77.557187,12.982527
9639,77.560046,12.980942
9640,77.558719,12.981675
9641,77.560949,12.981821
9642,77.559275,12.980751
9643,77.560109,12.982372
9644,77.562610,12.977229
9645,77.561757,12.976189
9646,77.562563,12.975686
9647,77.562248,12.976192
9648,77.559507,12.991814
9649,77.562097,12.976544
9650,77.560262,12.976266
9651,77.557884,12.978390
9652,77.559370,12.979817
9653,77.561873,12.976918
9654,77.561800,12.976576
9655,77.560372,12.993960
9656,77.555621,12.994942
9657,77.561028,12.990288
9658,77.561071,12.995710
9659,77.560632,12.992950
9660,77.559615,12.996218
9661,77.559827,12.991878
9662,77.560461,12.990122
9663,77.564091,12.994969
9664,77.557837,12.994128
9665,77.560930,12.989517
9666,77.557819,12.992626
9667,77.558774,12.995898
9668,77.560036,12.989288
9669,77.560407,12.991993
9670,77.560232,12.988492
9671,77.563688,12.995083
9672,77.560966,12.995338
9673,77.564931,12.994836
9674,77.560788,12.992052
9675,77.560364,12.992938
9676,77.560157,12.991941
9677,77.560760,12.990206
9678,77.560174,12.990046
9679,77.560686,12.995423
9680,77.560630,12.989455
9681,77.558737,12.991546
9682,77.559776,12.989184
9683,77.559798,12.993999
9684,77.564382,12.994927
9685,77.560513,12.992164
9686,77.560601,12.993959
9687,77.559824,12.992878
9688,77.558488,12.991408
9689,77.561953,12.986320
9690,77.561617,12.985854
9691,77.562932,12.986272
9692,77.561755,12.984532
9693,77.562317,12.988708
9694,77.562146,12.982597
9695,77.561728,12.987648
9696,77.561923,12.986928
9697,77.563256,12.986896
9698,77.563475,12.986875
9699,77.562445,12.986311
9700,77.563543,12.984387
9701,77.562260,12.987766
9702,77.562740,12.983794
9703,77.562304,12.988305
9704,77.562095,12.984548
9705,77.562508,12.986923
9706,77.561053,12.984472
9707,77.563738,12.988614
9708,77.563239,12.988667
9709,77.561902,12.987149
9710,77.562153,12.983794
9711,77.561976,12.987735
9712,77.563010,12.986908
9713,77.562582,12.987824
9714,77.565193,12.985059
9715,77.562713,12.982890
9716,77.561481,12.983734
9717,77.561906,12.983782
9718,77.561420,12.985849
9719,77.566874,12.985352
9720,77.559926,12.968859
9721,77.560138,12.969889
9722,77.560209,12.971476
9723,77.558283,12.970817
9724,77.560816,12.970065
9725,77.560847,12.971383
9726,77.562223,12.969675
9727,77.563566,12.970173
9728,77.563463,12.970688
9729,77.561653,12.968988
9730,77.558368,12.971233
9731,77.560124,12.971096
9732,77.561104,12.967873
9733,77.563241,12.968408
9734,77.563362,12.968964
9735,77.558267,12.971811
9736,77.561569,12.969968
9737,77.574460,12.940623
9738,77.573168,12.940627
9739,77.562592,12.971631
9740,77.561610,12.967566
9741,77.562477,12.970006
9742,77.562410,12.969208
9743,77.562576,12.967811
9744,77.563412,12.971138
9745,77.562146,12.968587
9746,77.559754,12.973209
9747,77.561977,12.969368
9748,77.562576,12.971172
9749,77.564036,12.971094
9750,77.562253,12.968743
9751,77.562297,12.968516
9752,77.560226,12.971575
9753,77.562327,12.973107
9754,77.561328,12.967706
9755,77.561832,12.968728
9756,77.561282,12.971008
9757,77.561271,12.970004
9758,77.561354,12.970641
9759,77.561608,12.973124
9760,77.560927,12.972096
9761,77.563997,12.970677
9762,77.560787,12.969786
9763,77.562034,12.967462
9764,77.563354,12.969926
9765,77.560407,12.973200
9766,77.560378,12.972158
9767,77.561129,12.972164
9768,77.561627,12.970263
9769,77.562498,12.968442
9770,77.562664,12.972709
9771,77.562049,12.969461
9772,77.561608,12.973658
9773,77.563097,12.970726
9774,77.561356,12.971324
9775,77.562316,12.968951
9776,77.561360,12.973359
9777,77.561586,12.968843
9778,77.561785,12.967497
9779,77.561774,12.970924
9780,77.561805,12.971239
9781,77.562575,12.971408
9782,77.560007,12.973201
9783,77.561521,12.971948
9784,77.560025,12.974753
9785,77.561787,12.969174
9786,77.562349,12.973642
9787,77.562420,12.969927
9788,77.562492,12.969684
9789,77.563278,12.969541
9790,77.563294,12.968690
9791,77.561425,12.971653
9792,77.562433,12.967452
9793,77.561351,12.968382
9794,77.561698,12.970591
9795,77.620313,12.976192
9796,77.627575,12.977650
9797,77.603496,12.982139
9798,77.603271,12.982874
9799,77.603522,12.983676
9800,77.603601,12.984062
9801,77.603217,12.984187
9802,77.603113,12.984220
9803,77.596936,12.984196
9804,77.597063,12.984585
9805,77.592643,12.955212
9806,77.619576,12.972307
9807,77.579642,12.938557
9808,77.601325,12.973267
9809,77.569654,12.982791
9810,77.617275,13.001017
9811,77.618351,13.000897
9812,77.597342,12.972090
9813,77.565055,12.944228
9814,77.566951,12.947287
9815,77.564244,12.946221
9816,77.576865,12.943868
9817,77.576870,12.940589
9818,77.577708,12.939733
9819,77.576896,12.940233
9820,77.576866,12.940698
9821,77.576893,12.940140
9822,77.577743,12.943611
9823,77.577557,12.944144
9824,77.577677,12.939998
9825,77.577179,12.944381
9826,77.577714,12.940231
9827,77.577618,12.939675
9828,77.576856,12.944150
9829,77.573477,12.939832
9830,77.572955,12.940432
9831,77.567784,12.948438
9832,77.570574,12.950056
9833,77.570010,12.950024
9834,77.571071,12.950086
9835,77.571419,12.950106
9836,77.570688,12.948692
9837,77.571080,12.949911
9838,77.572282,12.950155
9839,77.575623,12.979073
9840,77.574776,12.980621
9841,77.572657,12.980193
9842,77.572488,12.980369
9843,77.572265,12.980204
9844,77.644718,12.986770
9845,77.645035,12.987955
9846,77.645443,12.988414
9847,77.646077,12.986195
9848,77.644576,12.985631
9849,77.645538,12.988130
9850,77.645704,12.987495
9851,77.648110,12.988139
9852,77.644802,12.987172
9853,77.647139,12.988850
9854,77.646496,12.989185
9855,77.647142,12.989274
9856,77.647148,12.989129
9857,77.647139,12.988607
9858,77.646786,12.989499
9859,77.646698,12.990938
9860,77.648449,12.988554
9861,77.647206,12.988040
9862,77.646960,12.990843
9863,77.648437,12.988849
9864,77.648338,12.989260
9865,77.648454,12.988394
9866,77.647139,12.989572
9867,77.648384,12.989118
9868,77.646463,12.988904
9869,77.647167,12.988432
9870,77.646424,12.988649
9871,77.644959,12.987681
9872,77.644920,12.987545
9873,77.646327,12.989338
9874,77.643474,12.987891
9875,77.646438,12.990147
9876,77.646583,12.990132
9877,77.645442,12.988479
9878,77.646327,12.990159
9879,77.645694,12.989424
9880,77.645182,12.988436
9881,77.645391,12.989470
9882,77.646451,12.990298
9883,77.645620,12.987823
9884,77.644767,12.987022
9885,77.644625,12.986307
9886,77.645800,12.987152
9887,77.645901,12.986766
9888,77.646280,12.987353
9889,77.646394,12.986953
9890,77.647166,12.988451
9891,77.647212,12.990740
9892,77.648150,12.987603
9893,77.648128,12.982331
9894,77.648861,12.981369
9895,77.648553,12.981260
9896,77.648063,12.981919
9897,77.647062,12.980167
9898,77.647687,12.980453
9899,77.647680,12.980159
9900,77.644367,12.980099
9901,77.645473,12.980982
9902,77.645536,12.980183
9903,77.647061,12.980458
9904,77.645824,12.982121
9905,77.644207,12.981529
9906,77.641392,12.982341
9907,77.643289,12.981725
9908,77.643186,12.981428
9909,77.641373,12.982003
9910,77.644238,12.981207
9911,77.643072,12.981150
9912,77.645487,12.981236
9913,77.645133,12.981751
9914,77.644005,12.980073
9915,77.647841,12.981638
9916,77.654289,12.984101
9917,77.656420,12.984374
9918,77.655291,12.981867
9919,77.655513,12.982917
9920,77.654075,12.982900
9921,77.654149,12.982904
9922,77.657457,12.983395
9923,77.656315,12.982586
9924,77.656580,12.983021
9925,77.656782,12.982476
9926,77.656925,12.982941
9927,77.656411,12.982823
9928,77.657376,12.982810
9929,77.656595,12.983602
9930,77.657263,12.984463
9931,77.657017,12.984460
9932,77.656888,12.983532
9933,77.656949,12.983881
9934,77.658404,12.983800
9935,77.657351,12.983973
9936,77.658368,12.983526
9937,77.657127,12.983465
9938,77.657324,12.983709
9939,77.657360,12.984238
9940,77.657881,12.983886
9941,77.657558,12.984461
9942,77.657914,12.984150
9943,77.657194,12.983859
9944,77.566746,12.937300
9945,77.569236,12.937937
9946,77.560916,12.935448
9947,77.562270,12.967958
9948,77.562054,12.968069
9949,77.561919,12.968137
9950,77.561615,12.968270
9951,77.610626,12.964185
9952,77.614136,12.961537
9953,77.614090,12.962354
9954,77.614357,12.961826
9955,77.612849,12.962833
9956,77.614058,12.962929
9957,77.614561,12.961851
9958,77.614131,12.961802
9959,77.614807,12.962406
9960,77.613705,12.961793
9961,77.614817,12.961868
9962,77.614513,12.962385
9963,77.612713,12.963922
9964,77.613082,12.964574
9965,77.614271,12.962944
9966,77.614306,12.962370
9967,77.611969,12.963883
9968,77.612741,12.963419
9969,77.613185,12.964032
9970,77.614451,12.962959
9971,77.607663,12.984080
9972,77.607917,12.983093
9973,77.608046,12.981720
9974,77.608653,12.983719
9975,77.607813,12.985029
9976,77.606515,12.983529
9977,77.608168,12.983904
9978,77.606851,12.984182
9979,77.606239,12.982918
9980,77.607361,12.983274
9981,77.607103,12.982622
9982,77.606031,12.982433
9983,77.595826,12.994346
9984,77.595939,12.994580
9985,77.585623,12.991283
9986,77.585002,12.963249
9987,77.584942,12.963116
9988,77.586539,12.965277
9989,77.559249,12.941610
9990,77.561042,12.941297
9991,77.561040,12.940927
9992,77.665472,13.018597
9993,77.651534,13.013545
9994,77.652276,13.017315
9995,77.650726,13.015959
9996,77.651628,13.016945
9997,77.652663,13.016097
9998,77.651956,13.016927
9999,77.652697,13.017000
10000,77.651362,13.016081
10001,77.652494,13.017136
10002,77.652659,13.015787
10003,77.652668,13.015517
10004,77.654655,13.017867
10005,77.654571,13.017488
10006,77.648543,13.020922
10007,77.602838,12.986202
10008,77.569631,13.003677
10009,77.569570,13.006459
10010,77.657660,12.966384
10011,77.659310,12.965760
10012,77.657564,12.965583
10013,77.659387,12.966162
10014,77.659105,12.995568
10015,77.612677,13.018622
10016,77.610806,13.019213
10017,77.613565,13.020255
10018,77.615998,13.019844
10019,77.618676,13.018744
10020,77.615771,13.019308
10021,77.618980,13.020379
10022,77.616720,13.013459
10023,77.617203,13.014703
10024,77.618774,13.019164
10025,77.616538,13.019732
10026,77.617321,13.020397
10027,77.613639,13.018769
10028,77.613861,13.016616
10029,77.613067,13.016749
10030,77.615940,13.018240
10031,77.613408,13.019100
10032,77.616664,13.018178
10033,77.615072,13.017701
10034,77.616202,13.019193
10035,77.613263,13.016757
10036,77.616872,13.019022
10037,77.612954,13.017214
10038,77.612017,13.018818
10039,77.612107,13.019066
10040,77.611188,13.018983
10041,77.611841,13.018049
10042,77.609504,13.015399
10043,77.612790,13.017708
10044,77.609119,13.018178
10045,77.610977,13.018353
10046,77.610599,13.017542
10047,77.609753,13.018235
10048,77.610738,13.017810
10049,77.611796,13.017770
10050,77.610865,13.018110
10051,77.607724,13.016332
10052,77.606604,13.019248
10053,77.605938,13.019350
10054,77.605555,13.019849
10055,77.607949,13.019500
10056,77.608581,13.020913
10057,77.608645,13.019228
10058,77.610309,13.023078
10059,77.608329,13.022801
10060,77.610079,13.022261
10061,77.610917,13.021957
10062,77.609701,13.019146
10063,77.609391,13.020866
10064,77.610218,13.020364
10065,77.610274,13.018948
10066,77.611248,13.019872
10067,77.608759,13.019516
10068,77.610704,13.019625
10069,77.609902,13.020157
10070,77.610017,13.019879
10071,77.609912,13.019622
10072,77.610037,13.019945
10073,77.609198,13.020567
10074,77.609063,13.020285
10075,77.608947,13.019992
10076,77.610950,13.018313
10077,77.610113,13.018696
10078,77.607649,13.018465
10079,77.608430,13.018909
10080,77.608316,13.018349
10081,77.610825,13.018049
10082,77.609939,13.018432
10083,77.609453,13.018059
10084,77.609053,13.016839
10085,77.613457,13.010909
10086,77.611753,13.012589
10087,77.613397,13.012007
10088,77.619954,12.996397
10089,77.621141,12.996915
10090,77.617257,12.988665
10091,77.632644,13.016265
10092,77.632743,13.016623
10093,77.612369,13.016668
10094,77.612640,13.017276
10095,77.609432,13.014398
10096,77.610380,13.013492
10097,77.610741,13.014137
10098,77.611214,13.014789
10099,77.610801,13.014207
10100,77.617072,13.014435
10101,77.615373,13.015522
10102,77.615271,13.015261
10103,77.617318,13.014947
10104,77.615825,13.016870
10105,77.615996,13.018442
10106,77.615186,13.015014
10107,77.615461,13.017543
10108,77.616642,13.018707
10109,77.618171,13.018813
10110,77.616004,13.017361
10111,77.616430,13.018320
10112,77.616110,13.018855
10113,77.617958,13.017856
10114,77.618039,13.016675
10115,77.616055,13.018658
10116,77.614782,13.015965
10117,77.613484,13.016248
10118,77.615318,13.015847
10119,77.614792,13.015149
10120,77.615045,13.015907
10121,77.614537,13.015221
10122,77.614402,13.014758
10123,77.613362,13.014249
10124,77.616533,13.013064
10125,77.614664,13.013584
10126,77.614419,13.012781
10127,77.612342,13.012372
10128,77.612608,13.013179
10129,77.612268,13.011386
10130,77.612574,13.012288
10131,77.612875,13.013081
10132,77.615474,13.003731
10133,77.601888,12.986324
10134,77.620536,12.966760
10135,77.653003,12.969981
10136,77.652948,12.969550
10137,77.655412,12.959383
10138,77.652000,12.973031
10139,77.610856,12.967069
10140,77.597056,13.008027
10141,77.596509,13.008347
10142,77.598446,13.007246
10143,77.566738,12.971970
10144,77.570804,12.988326
10145,77.570582,12.988433
10146,77.570555,12.988459
10147,77.570676,12.988359
10148,77.560329,12.994497
10149,77.560145,12.993967
10150,77.559308,12.995232
10151,77.559951,12.992903
10152,77.560063,12.993980
10153,77.565210,12.993830
10154,77.565141,12.995893
10155,77.566092,12.996009
10156,77.565303,12.994197
10157,77.565348,12.994362
10158,77.565487,12.994538
10159,77.584476,12.959931
10160,77.585010,12.959530
10161,77.642284,13.024682
10162,77.646923,13.022843
10163,77.644885,13.023752
10164,77.640794,13.025526
10165,77.642350,13.024865
10166,77.643285,13.024530
10167,77.646834,13.022687
10168,77.639920,13.025728
10169,77.644802,13.023566
10170,77.660869,13.016950
10171,77.658867,13.017472
10172,77.656037,12.953507
10173,77.656309,12.955812
10174,77.601708,12.936948
10175,77.593556,12.950728
10176,77.590312,13.021405
10177,77.590001,13.021714
10178,77.590443,13.021762
10179,77.589815,13.021259
10180,77.590205,13.021105
10181,77.652906,12.995797
10182,77.654179,12.996843
10183,77.629732,12.976287
10184,77.623449,12.980605
10185,77.621832,12.978054
10186,77.622050,12.978938
10187,77.625045,12.980330
10188,77.624741,12.979149
10189,77.629599,12.977497
10190,77.625243,12.979477
10191,77.622084,12.979320
10192,77.628177,12.979868
10193,77.623673,12.979772
10194,77.624341,12.980799
10195,77.627274,12.980858
10196,77.622740,12.979826
10197,77.621239,12.978406
10198,77.627933,12.981493
10199,77.630880,12.976919
10200,77.622036,12.978158
10201,77.624583,12.979598
10202,77.622315,12.978890
10203,77.623905,12.978591
10204,77.621685,12.978547
10205,77.622102,12.978737
10206,77.625371,12.978696
10207,77.627331,12.981054
10208,77.625458,12.979077
10209,77.621531,12.978819
10210,77.628101,12.976095
10211,77.622110,12.979977
10212,77.621927,12.979590
10213,77.622052,12.979779
10214,77.621801,12.979141
10215,77.621719,12.978788
10216,77.622516,12.978845
10217,77.622551,12.979059
10218,77.630072,12.977041
10219,77.622815,12.979186
10220,77.622297,12.978712
10221,77.629148,12.977584
10222,77.623270,12.979093
10223,77.621663,12.978359
10224,77.622657,12.978390
10225,77.622248,12.978268
10226,77.624736,12.980358
10227,77.622586,12.979239
10228,77.625735,12.980210
10229,77.631525,12.976361
10230,77.624911,12.979534
10231,77.623185,12.978507
10232,77.628527,12.975797
10233,77.622679,12.979633
10234,77.628148,12.981459
10235,77.627746,12.979981
10236,77.626701,12.981780
10237,77.621615,12.977971
10238,77.627083,12.980155
10239,77.625542,12.979442
10240,77.622048,12.979105
10241,77.624114,12.979697
10242,77.621913,12.978764
10243,77.623836,12.980577
10244,77.625465,12.980298
10245,77.613137,12.964295
10246,77.613639,12.964549
10247,77.612407,12.965102
10248,77.612473,12.963924
10249,77.613045,12.965602
10250,77.607348,12.927419
10251,77.607881,12.929966
10252,77.607610,12.930008
10253,77.609671,12.930243
10254,77.564952,12.993521
10255,77.584695,12.977654
10256,77.584383,13.023012
10257,77.641457,12.957267
10258,77.578313,12.984214
10259,77.578444,12.984467
10260,77.577808,12.984567
10261,77.578384,12.987489
10262,77.579048,12.987866
10263,77.579780,12.988259
10264,77.578636,12.988718
10265,77.584793,12.995295
10266,77.585092,12.995356
10267,77.614323,12.932898
10268,77.615405,12.933434
10269,77.623394,12.933423
10270,77.569647,12.963906
10271,77.576866,12.986807
10272,77.577965,12.988584
10273,77.576306,12.989234
10274,77.574233,12.991639
10275,77.574320,12.992677
10276,77.575591,12.993318
10277,77.580684,13.026523
10278,77.622498,12.931541
10279,77.573633,12.930247
10280,77.575266,12.930295
10281,77.574855,12.928267
10282,77.575396,12.930965
10283,77.576349,12.930426
10284,77.623892,12.934527
10285,77.622571,12.933547
10286,77.577465,12.963912
10287,77.594311,12.972054
10288,77.577530,12.983682
10289,77.578303,12.979119
10290,77.578270,12.978604
10291,77.577634,12.976965
10292,77.576461,12.975139
10293,77.571071,12.979890
10294,77.571223,12.980094
10295,77.571121,12.980145
10296,77.570982,12.980017
10297,77.570996,12.979947
10298,77.577348,12.974704
10299,77.575992,12.975639
10300,77.586667,12.974495
10301,77.590155,12.974979
10302,77.588440,13.033572
10303,77.589905,12.962822
10304,77.597047,12.982038
10305,77.597611,12.980517
10306,77.630665,12.936956
10307,77.631123,12.935769
10308,77.630524,12.937071
10309,77.630564,12.935144
10310,77.630849,12.937331
10311,77.630123,12.936404
10312,77.630838,12.935354
10313,77.630621,12.936988
10314,77.630758,12.935938
10315,77.576712,12.963887
10316,77.577317,12.963461
10317,77.586079,12.992486
10318,77.586571,12.993505
10319,77.585904,12.993419
10320,77.648887,12.987383
10321,77.625208,13.030391
10322,77.663366,12.994238
10323,77.623266,12.981808
10324,77.628507,12.978258
10325,77.619456,12.972533
10326,77.642376,12.957258
10327,77.642003,12.956856
10328,77.641465,12.956380
10329,77.643453,12.957546
10330,77.642007,12.957262
10331,77.642380,12.957554
10332,77.641998,12.956378
10333,77.596095,12.994483
10334,77.595984,12.994550
10335,77.595881,12.994210
10336,77.596232,12.994731
10337,77.596141,12.994458
10338,77.601064,12.990321
10339,77.596275,12.994710
10340,77.601004,12.990106
10341,77.596116,12.994774
10342,77.596224,12.994152
10343,77.604642,13.029167
10344,77.604568,13.028535
10345,77.607170,13.025962
10346,77.606155,13.026362
10347,77.605993,13.026009
10348,77.606850,13.025213
10349,77.607660,13.024611
10350,77.605664,13.025344
10351,77.602414,13.022163
10352,77.605626,13.025267
10353,77.603767,13.025728
10354,77.654004,13.030665
10355,77.653715,13.029839
10356,77.651569,13.030222
10357,77.653049,13.029932
10358,77.651538,13.029900
10359,77.613840,12.931521
10360,77.588080,12.984361
10361,77.587551,12.984211
10362,77.586187,13.028527
10363,77.584595,13.022760
10364,77.584248,13.021389
10365,77.583793,13.010752
10366,77.584203,12.963643
10367,77.584822,12.964758
10368,77.611019,12.936908
10369,77.608325,12.941984
10370,77.661690,13.014982
10371,77.586289,13.029301
10372,77.587566,13.032068
10373,77.587667,13.032020
10374,77.583815,13.003492
10375,77.584084,13.003595
10376,77.643626,12.980046
10377,77.643712,12.979173
10378,77.648201,12.981142
10379,77.649285,12.965234
10380,77.648533,12.964436
10381,77.649170,12.965583
10382,77.649090,12.965893
10383,77.648862,12.964268
10384,77.601510,12.958602
10385,77.649203,12.962988
10386,77.648384,12.962312
10387,77.648757,12.963069
10388,77.649908,12.962630
10389,77.649563,12.965812
10390,77.649635,12.965512
10391,77.650025,12.966179
10392,77.649282,12.961642
10393,77.649699,12.965172
10394,77.649393,12.963850
10395,77.649596,12.961582
10396,77.648797,12.964083
10397,77.648610,12.963596
10398,77.649049,12.963990
10399,77.643322,12.962451
10400,77.643409,12.962915
10401,77.642150,12.963074
10402,77.643359,12.962668
10403,77.643480,12.963230
10404,77.642166,12.962841
10405,77.648950,12.966026
10406,77.648682,12.968094
10407,77.648555,12.970473
10408,77.647302,12.963421
10409,77.628327,12.924601
10410,77.629366,12.934805
10411,77.629791,12.934941
10412,77.628712,12.935485
10413,77.629590,12.935654
10414,77.628706,12.935735
10415,77.629499,12.935964
10416,77.629339,12.936278
10417,77.645589,12.969731
10418,77.645557,12.970376
10419,77.649144,12.981471
10420,77.647370,12.981359
10421,77.656615,12.973854
10422,77.654054,12.976880
10423,77.656278,12.974305
10424,77.654524,12.975872
10425,77.656034,12.974135
10426,77.654324,12.976593
10427,77.647599,12.945652
10428,77.647151,12.945677
10429,77.635963,12.933194
10430,77.636231,12.934254
10431,77.636472,12.933946
10432,77.633872,12.932297
10433,77.633819,12.932865
10434,77.635420,12.932297
10435,77.635653,12.933377
10436,77.598659,12.948259
10437,77.652881,12.975981
10438,77.654468,12.977073
10439,77.654865,12.976028
10440,77.654553,12.976339
10441,77.653138,12.975722
10442,77.638525,12.961311
10443,77.634899,12.961647
10444,77.634617,12.961689
10445,77.634979,12.962155
10446,77.634682,12.962553
10447,77.634640,12.962936
10448,77.634756,12.964373
10449,77.634745,12.964646
10450,77.635430,12.968022
10451,77.634993,12.968557
10452,77.565412,12.969784
10453,77.565205,12.969970
10454,77.563930,12.970269
10455,77.563623,12.970436
10456,77.617833,12.942692
10457,77.617458,12.942726
10458,77.646718,13.008056
10459,77.643075,13.010661
10460,77.639082,13.007452
10461,77.643734,13.007769
10462,77.639342,13.006917
10463,77.647685,13.005381
10464,77.638924,13.008799
10465,77.644119,13.006384
10466,77.648006,13.012459
10467,77.639691,13.006629
10468,77.641743,13.008180
10469,77.644358,13.010777
10470,77.643012,13.010973
10471,77.639000,13.008541
10472,77.643848,13.008576
10473,77.644128,13.008516
10474,77.646004,13.009756
10475,77.645624,13.010203
10476,77.641982,13.007539
10477,77.642865,13.006288
10478,77.644554,13.008219
10479,77.643548,13.008600
10480,77.644752,13.008167
10481,77.643459,13.006354
10482,77.641631,13.006154
10483,77.638651,13.009878
10484,77.639602,13.006549
10485,77.643074,13.008224
10486,77.640891,13.006639
10487,77.635211,13.011850
10488,77.642668,13.007153
10489,77.636304,13.003889
10490,77.640322,13.010038
10491,77.644267,13.007211
10492,77.643631,13.007319
10493,77.644391,13.007617
10494,77.640398,13.007591
10495,77.639495,13.007334
10496,77.644535,13.006411
10497,77.646614,13.007934
10498,77.638158,13.006288
10499,77.637097,13.004802
10500,77.647239,13.007806
10501,77.643165,13.006324
10502,77.644438,13.007791
10503,77.646780,13.008748
10504,77.646966,13.008918
10505,77.645662,13.008428
10506,77.642973,13.007127
10507,77.643065,13.007906
10508,77.643544,13.009103
10509,77.639623,13.006408
10510,77.638035,13.007413
10511,77.637096,13.004908
10512,77.642554,13.006248
10513,77.636630,13.004622
10514,77.645873,13.010057
10515,77.642368,13.007189
10516,77.643839,13.009127
10517,77.636954,13.006151
10518,77.644846,13.006443
10519,77.640344,13.007880
10520,77.643259,13.007091
10521,77.641958,13.006187
10522,77.641968,13.008121
10523,77.643072,13.008584
10524,77.645091,13.008171
10525,77.634566,13.002614
10526,77.639480,13.007537
10527,77.645910,13.010421
10528,77.638783,13.011235
10529,77.648005,13.007565
10530,77.646466,13.007753
10531,77.643886,13.010833
10532,77.642062,13.007228
10533,77.647296,13.006371
10534,77.640463,13.007292
10535,77.642229,13.006214
10536,77.645893,13.008028
10537,77.643758,13.007866
10538,77.628711,13.012645
10539,77.634769,13.011117
10540,77.633450,13.010851
10541,77.628680,13.011973
10542,77.629631,13.011651
10543,77.631238,13.010468
10544,77.635130,13.011125
10545,77.635828,13.011111
10546,77.629673,13.011379
10547,77.579086,12.959002
10548,77.568673,12.955146
10549,77.569188,12.955150
10550,77.569706,12.955167
10551,77.564231,12.947269
10552,77.636380,13.012215
10553,77.639447,13.009694
10554,77.636852,13.012928
10555,77.638285,13.015574
10556,77.638091,13.014744
10557,77.637235,13.010773
10558,77.639454,13.010046
10559,77.638417,13.015975
10560,77.641469,13.010900
10561,77.637369,13.005936
10562,77.640267,13.008348
10563,77.637098,13.014969
10564,77.638567,13.009474
10565,77.636553,13.011630
10566,77.638160,13.014993
10567,77.636955,13.009665
10568,77.636839,13.010500
10569,77.641300,13.009496
10570,77.636823,13.009119
10571,77.636991,13.010798
10572,77.636591,13.007760
10573,77.637385,13.006201
10574,77.636966,13.006645
10575,77.639412,13.010825
10576,77.635337,13.009659
10577,77.639997,13.009500
10578,77.635882,13.006536
10579,77.636598,13.005918
10580,77.638420,13.006163
10581,77.640529,13.008785
10582,77.636724,13.004847
10583,77.638008,13.014459
10584,77.640755,13.010791
10585,77.640552,13.010003
10586,77.637558,13.012341
10587,77.636133,13.012303
10588,77.635192,13.010608
10589,77.638706,13.010676
10590,77.636512,13.013708
10591,77.640044,13.010010
10592,77.640506,13.010918
10593,77.635681,13.007353
10594,77.637729,13.010772
10595,77.635766,13.006825
10596,77.638425,13.008512
10597,77.636658,13.006055
10598,77.638221,13.015275
10599,77.637709,13.010621
10600,77.637365,13.005696
10601,77.642968,13.008998
10602,77.636852,13.011574
10603,77.640064,13.009244
10604,77.639071,13.007721
10605,77.637447,13.007475
10606,77.636084,13.005988
10607,77.636972,13.007471
10608,77.635998,13.011697
10609,77.640549,13.009500
10610,77.636843,13.014246
10611,77.642288,13.010106
10612,77.641750,13.011180
10613,77.637407,13.013952
10614,77.636607,13.011909
10615,77.642640,13.010046
10616,77.637336,13.013675
10617,77.639363,13.013712
10618,77.639255,13.008134
10619,77.637495,13.011773
10620,77.641892,13.008963
10621,77.640339,13.011220
10622,77.637193,13.015272
10623,77.639987,13.010608
10624,77.640831,13.008779
10625,77.639065,13.008312
10626,77.641443,13.011434
10627,77.635634,13.007668
10628,77.636290,13.011665
10629,77.635419,13.009128
10630,77.637240,13.007765
10631,77.635165,13.010870
10632,77.636958,13.006944
10633,77.638846,13.009047
10634,77.637461,13.016903
10635,77.636768,13.013688
10636,77.636672,13.013694
10637,77.639119,13.010877
10638,77.637638,13.016835
10639,77.636586,13.012972
10640,77.641504,13.010088
10641,77.637361,13.015903
10642,77.636953,13.009643
10643,77.641897,13.009464
10644,77.640224,13.011462
10645,77.637126,13.011530
10646,77.641191,13.007819
10647,77.638415,13.007945
10648,77.641894,13.008750
10649,77.640312,13.013790
10650,77.640066,13.012802
10651,77.640867,13.007997
10652,77.639778,13.012774
10653,77.638684,13.009537
10654,77.642023,13.011203
10655,77.638035,13.013176
10656,77.637101,13.010374
10657,77.640034,13.013217
10658,77.637649,13.010024
10659,77.637161,13.012878
10660,77.639543,13.012049
10661,77.639027,13.008287
10662,77.639581,13.011499
10663,77.636434,13.009682
10664,77.636950,13.012040
10665,77.637212,13.014201
10666,77.639090,13.010610
10667,77.637958,13.012777
10668,77.638664,13.010132
10669,77.635224,13.010357
10670,77.636667,13.014275
10671,77.639754,13.013198
10672,77.638755,13.009256
10673,77.636417,13.009132
10674,77.637263,13.015569
10675,77.639047,13.006129
10676,77.638459,13.014361
10677,77.640236,13.008569
10678,77.635936,13.011360
10679,77.641283,13.010149
10680,77.637436,13.014892
10681,77.640142,13.008965
10682,77.638261,13.012743
10683,77.638170,13.012265
10684,77.636955,13.007200
10685,77.640196,13.008768
10686,77.639063,13.008002
10687,77.638864,13.009005
10688,77.641160,13.011060
10689,77.638432,13.005885
10690,77.637036,13.013654
10691,77.637203,13.011927
10692,77.638477,13.016272
10693,77.637342,13.008963
10694,77.641888,13.009156
10695,77.638035,13.007703
10696,77.637479,13.016234
10697,77.641453,13.011111
10698,77.636293,13.013001
10699,77.640818,13.009542
10700,77.635720,13.007087
10701,77.637412,13.005166
10702,77.641938,13.010137
10703,77.640241,13.009170
10704,77.638777,13.014578
10705,77.639008,13.016174
10706,77.642248,13.008500
10707,77.642969,13.010009
10708,77.638409,13.008243
10709,77.636795,13.010294
10710,77.636844,13.015467
10711,77.641130,13.014763
10712,77.640554,13.014500
10713,77.635919,13.015149
10714,77.636076,13.016039
10715,77.637260,13.016138
10716,77.636654,13.014969
10717,77.636883,13.015806
10718,77.567835,12.946035
10719,77.565562,12.946015
10720,77.568672,12.946051
10721,77.568279,12.946043
10722,77.570657,13.028974
10723,77.622252,12.973237
10724,77.622601,12.973411
10725,77.623126,12.973711
10726,77.622556,12.973778
10727,77.622904,12.973836
10728,77.623076,12.973878
10729,77.623404,12.973886
10730,77.623591,12.974004
10731,77.623776,12.974122
10732,77.623909,12.974910
10733,77.623419,12.974707
10734,77.624656,12.974663
10735,77.623245,12.974722
10736,77.623075,12.974726
10737,77.622897,12.974729
10738,77.622539,12.974752
10739,77.624067,12.974789
10740,77.624090,12.974890
10741,77.623711,12.974929
10742,77.622524,12.975042
10743,77.622111,12.974752
10744,77.621698,12.975071
10745,77.625491,12.975175
10746,77.624698,12.975190
10747,77.622507,12.975385
10748,77.625470,12.975411
10749,77.624708,12.975471
10750,77.625555,12.975857
10751,77.624418,12.976118
10752,77.621841,12.975224
10753,77.621851,12.975653
10754,77.621800,12.975691
10755,77.621705,12.976415
10756,77.625035,12.975954
10757,77.623433,12.976393
10758,77.625695,12.976411
10759,77.623258,12.976456
10760,77.621908,12.976475
10761,77.625218,12.976545
10762,77.622050,12.976712
10763,77.624452,12.976731
10764,77.623762,12.976927
10765,77.622494,12.976927
10766,77.622052,12.976950
10767,77.621724,12.976945
10768,77.623516,12.976988
10769,77.622902,12.977106
10770,77.622049,12.977331
10771,77.623954,12.977608
10772,77.624607,12.978020
10773,77.624054,12.978092
10774,77.622840,12.978264
10775,77.624113,12.978423
10776,77.640390,12.966600
10777,77.639437,12.966715
10778,77.640581,12.966966
10779,77.640619,12.967080
10780,77.640183,12.967072
10781,77.639602,12.967053
10782,77.643417,12.991440
10783,77.643541,12.991553
10784,77.635428,13.003360
10785,77.636229,13.003967
10786,77.638396,13.005723
10787,77.627032,13.023315
10788,77.642223,13.023398
10789,77.642264,13.023870
10790,77.642103,13.022103
10791,77.642030,13.021279
10792,77.638720,13.023662
10793,77.640119,13.022287
10794,77.641165,13.023822
10795,77.638841,13.025780
10796,77.640933,13.024464
10797,77.640666,13.024565
10798,77.641047,13.022362
10799,77.640449,13.022520
10800,77.640880,13.023948
10801,77.640727,13.022444
10802,77.642083,13.021775
10803,77.619686,12.999810
10804,77.619914,12.999945
10805,77.620148,13.000175
10806,77.616605,13.003096
10807,77.616717,13.003236
10808,77.616892,13.003664
10809,77.616811,13.003697
10810,77.616467,13.004364
10811,77.615831,13.004594
10812,77.627193,12.997079
10813,77.612722,13.000877
10814,77.631356,12.994220
10815,77.631692,12.995562
10816,77.629330,12.997023
10817,77.634898,13.007001
10818,77.633188,13.010786
10819,77.635612,13.007812
10820,77.634032,13.010378
10821,77.633485,13.007869
10822,77.634520,13.009302
10823,77.634570,13.006664
10824,77.633994,13.006427
10825,77.635575,13.008060
10826,77.632551,13.009102
10827,77.635313,13.009819
10828,77.632526,13.009974
10829,77.635734,13.006997
10830,77.632860,13.009155
10831,77.632561,13.009683
10832,77.634429,13.011324
10833,77.635181,13.010707
10834,77.634906,13.007968
10835,77.635148,13.011361
10836,77.636106,13.005824
10837,77.632795,13.006866
10838,77.632722,13.010679
10839,77.634886,13.007757
10840,77.633100,13.011763
10841,77.632581,13.012159
10842,77.634896,13.007380
10843,77.632884,13.009565
10844,77.633601,13.006837
10845,77.633141,13.011183
10846,77.632862,13.007893
10847,77.632774,13.010242
10848,77.635269,13.012204
10849,77.633074,13.012930
10850,77.634635,13.007948
10851,77.633926,13.010945
10852,77.635380,13.009392
10853,77.634257,13.005952
10854,77.632667,13.011131
10855,77.634606,13.010571
10856,77.633911,13.006008
10857,77.632632,13.011710
10858,77.563644,12.982290
10859,77.568994,12.982911
10860,77.566189,12.981962
10861,77.564299,12.979910
10862,77.568129,12.982548
10863,77.569853,12.982741
10864,77.564764,12.977678
10865,77.564645,12.976968
10866,77.566643,12.982035
10867,77.564534,12.976370
10868,77.563602,12.975754
10869,77.561296,12.975672
10870,77.560292,12.975706
10871,77.560078,12.975730
10872,77.560557,12.975689
10873,77.561073,12.975668
10874,77.564526,12.975881
10875,77.562725,12.975440
10876,77.584480,12.997160
10877,77.606363,12.969230
10878,77.606431,12.968205
10879,77.654841,13.019590
10880,77.660304,13.016889
10881,77.570101,12.935536
10882,77.564530,12.937637
10883,77.578568,12.939381
10884,77.578425,12.937978
10885,77.572291,12.939485
10886,77.560080,12.939674
10887,77.562772,12.939670
10888,77.575313,12.939737
10889,77.566684,12.939826
10890,77.560153,12.940373
10891,77.561482,12.940609
10892,77.568243,12.940613
10893,77.560756,12.941146
10894,77.581406,12.941469
10895,77.560168,12.941606
10896,77.562827,12.941738
10897,77.567664,12.942584
10898,77.566575,12.943610
10899,77.572141,12.944772
10900,77.578475,12.944999
10901,77.578349,12.945653
10902,77.577886,12.945918
10903,77.562611,12.947147
10904,77.578860,12.947436
10905,77.556635,12.948760
10906,77.562117,12.948861
10907,77.581448,12.949284
10908,77.561557,12.949299
10909,77.579973,12.949518
10910,77.559565,12.949654
10911,77.581342,12.949814
10912,77.562209,12.950578
10913,77.580554,12.951965
10914,77.583160,12.952131
10915,77.576351,12.952921
10916,77.561691,12.953336
10917,77.579281,12.954257
10918,77.583468,12.954611
10919,77.565632,12.954932
10920,77.565608,12.954994
10921,77.563422,12.955270
10922,77.564167,12.955323
10923,77.586291,12.957781
10924,77.585527,12.957975
10925,77.572013,12.958128
10926,77.571841,12.958928
10927,77.586795,12.959041
10928,77.569488,12.959285
10929,77.571652,12.960539
10930,77.570561,12.962244
10931,77.572201,12.962267
10932,77.571646,12.962260
10933,77.569326,12.962690
10934,77.571126,12.929835
10935,77.563711,12.930528
10936,77.571227,12.931145
10937,77.564059,12.932430
10938,77.562745,12.933167
10939,77.562711,12.933460
10940,77.563002,12.934360
10941,77.563866,12.936658
10942,77.562582,12.937213
10943,77.559941,12.937550
10944,77.586712,12.939364
10945,77.586965,12.939711
10946,77.585135,12.941585
10947,77.587019,12.941594
10948,77.565614,12.943151
10949,77.567886,12.943752
10950,77.587134,12.945937
10951,77.581806,12.961312
10952,77.582339,12.961373
10953,77.581863,12.962403
10954,77.581103,12.962869
10955,77.583999,12.963058
10956,77.581124,12.963414
10957,77.581873,12.963392
10958,77.586104,12.930764
10959,77.585859,12.934983
10960,77.585394,12.935773
10961,77.634765,12.938651
10962,77.634648,12.938747
10963,77.640104,12.945974
10964,77.640011,12.946032
10965,77.572776,12.933383
10966,77.577486,12.953122
10967,77.577102,12.954816
10968,77.577333,12.954865
10969,77.577504,12.957540
10970,77.583193,12.960754
10971,77.581861,12.961568
10972,77.577715,12.961642
10973,77.580530,12.961916
10974,77.580511,12.962046
10975,77.580558,12.962510
10976,77.582724,12.963981
10977,77.582395,12.963981
10978,77.576680,12.964083
10979,77.576242,12.964632
10980,77.578221,12.934212
10981,77.578866,12.942558
10982,77.597652,12.945906
10983,77.599534,12.946867
10984,77.600644,12.947081
10985,77.602115,12.948510
10986,77.598285,12.948600
10987,77.601070,12.948614
10988,77.599541,12.949163
10989,77.600621,12.949843
10990,77.596520,12.950115
10991,77.599869,12.950986
10992,77.600049,12.951035
10993,77.593171,12.951075
10994,77.599711,12.951425
10995,77.592760,12.951446
10996,77.594614,12.951824
10997,77.594626,12.954366
10998,77.593510,12.954445
10999,77.580198,12.930864
11000,77.589423,12.932528
11001,77.593454,12.954717
11002,77.599536,12.955782
11003,77.584038,12.938884
11004,77.582802,12.938906
11005,77.573701,12.942171
11006,77.607948,12.973549
11007,77.608052,12.974000
11008,77.614132,12.979729
11009,77.611074,12.980652
11010,77.610098,12.980951
11011,77.614653,12.980847
11012,77.614365,12.980899
11013,77.612149,12.981968
11014,77.612071,12.981948
11015,77.591589,12.983298
11016,77.595989,12.996073
11017,77.600926,13.001554
11018,77.602939,13.002171
11019,77.600222,13.004626
11020,77.593278,13.005616
11021,77.602150,13.013433
11022,77.609133,13.015101
11023,77.605113,13.015536
11024,77.603010,13.015755
11025,77.608540,13.015839
11026,77.601264,13.016399
11027,77.605369,13.017276
11028,77.607301,13.019818
11029,77.600338,13.021222
11030,77.607422,13.021402
11031,77.604889,13.021487
11032,77.612113,13.021537
11033,77.608031,13.022650
11034,77.604484,13.028128
11035,77.604720,13.029901
11036,77.617211,12.988612
11037,77.613906,12.990565
11038,77.604502,12.992484
11039,77.610233,12.994382
11040,77.604696,12.994708
11041,77.604177,12.994898
11042,77.658506,13.023759
11043,77.653348,13.017530
11044,77.653436,13.017180
11045,77.661865,13.018654
11046,77.657937,13.022700
11047,77.659924,13.019105
11048,77.656770,13.020618
11049,77.655965,13.014952
11050,77.660204,13.019021
11051,77.653070,13.017971
11052,77.575359,12.949012
11053,77.574082,12.948987
11054,77.574077,12.950802
11055,77.575303,12.951847
11056,77.574480,12.951832
11057,77.575328,12.952292
11058,77.574040,12.953150
11059,77.573778,12.953282
11060,77.575358,12.953427
11061,77.576432,12.954595
11062,77.576306,12.956574
11063,77.574587,12.959764
11064,77.654802,12.976888
11065,77.656467,12.980481
11066,77.650728,12.981429
11067,77.654965,12.977146
11068,77.653202,12.979323
11069,77.576984,12.940664
11070,77.573844,12.941755
11071,77.576917,12.942111
11072,77.577361,12.945094
11073,77.576865,12.944535
11074,77.576850,12.944610
11075,77.576850,12.945916
11076,77.578827,12.946408
11077,77.576849,12.946655
11078,77.576775,12.947416
11079,77.576849,12.947416
11080,77.576849,12.948320
11081,77.607886,12.943219
11082,77.614683,12.976314
11083,77.610650,12.983053
11084,77.620483,12.999911
11085,77.611049,13.000292
11086,77.614884,13.000725
11087,77.613758,13.000861
11088,77.611725,13.001047
11089,77.611846,13.001039
11090,77.612148,13.001453
11091,77.612082,13.001537
11092,77.616145,13.001893
11093,77.626966,13.004950
11094,77.627093,13.005358
11095,77.616505,13.006129
11096,77.627595,13.006540
11097,77.627293,13.008814
11098,77.620297,13.009415
11099,77.620035,13.009474
11100,77.630112,13.010013
11101,77.629735,13.010167
11102,77.620319,13.011161
11103,77.621295,13.014501
11104,77.619940,13.015218
11105,77.620014,13.015392
11106,77.618546,13.015814
11107,77.618603,13.015922
11108,77.617803,13.016083
11109,77.617439,12.984887
11110,77.617526,12.985055
11111,77.617236,12.985219
11112,77.617849,12.985610
11113,77.617906,12.986038
11114,77.617295,12.986407
11115,77.626832,13.004589
11116,77.572055,12.935361
11117,77.572950,12.935801
11118,77.572167,12.935812
11119,77.572232,12.936334
11120,77.571772,12.936345
11121,77.571007,12.936955
11122,77.571827,12.937311
11123,77.571013,12.937313
11124,77.570272,12.937305
11125,77.571019,12.937663
11126,77.572936,12.938322
11127,77.571811,12.938342
11128,77.571216,12.938359
11129,77.570965,12.938700
11130,77.645576,12.963134
11131,77.645642,12.970921
11132,77.646376,12.970940
11133,77.645623,12.971422
11134,77.646111,12.971428
11135,77.646302,12.971682
11136,77.646306,12.971973
11137,77.647081,12.971990
11138,77.646181,12.972217
11139,77.647012,12.972278
11140,77.645781,12.972413
11141,77.646181,12.972471
11142,77.646982,12.972428
11143,77.645211,12.972662
11144,77.645520,12.973055
11145,77.645985,12.973072
11146,77.645192,12.973460
11147,77.645489,12.973468
11148,77.616172,12.974741
11149,77.615729,12.974795
11150,77.615817,12.975458
11151,77.616161,12.975834
11152,77.596977,12.968991
11153,77.596285,12.969109
11154,77.595572,12.969272
11155,77.596251,12.969818
11156,77.599177,12.970071
11157,77.598544,12.970173
11158,77.599298,12.970750
11159,77.598603,12.970949
11160,77.615544,12.981065
11161,77.615667,12.981276
11162,77.615836,12.980764
11163,77.615491,12.980899
11164,77.615592,12.981255
11165,77.615930,12.980882
11166,77.615703,12.982707
11167,77.615623,12.982656
11168,77.615637,12.982678
11169,77.615650,12.982548
11170,77.615795,12.982605
11171,77.615775,12.982562
11172,77.617653,12.996128
11173,77.617002,12.995851
11174,77.623674,12.998270
11175,77.617627,12.996191
11176,77.618013,12.996290
11177,77.617849,12.998449
11178,77.618790,12.992865
11179,77.616972,12.995913
11180,77.619371,12.987547
11181,77.616950,12.995826
11182,77.626410,13.000497
11183,77.636745,13.004371
11184,77.635493,13.003281
11185,77.629796,13.001376
11186,77.623772,12.998472
11187,77.626932,13.000905
11188,77.635457,13.003304
11189,77.626960,13.000864
11190,77.623815,12.998432
11191,77.633423,13.002110
11192,77.629058,13.001296
11193,77.570580,12.961835
11194,77.569013,12.961907
11195,77.619628,12.997095
11196,77.620828,12.997601
11197,77.622122,12.997941
11198,77.619693,12.996954
11199,77.620889,12.997462
11200,77.617955,12.994363
11201,77.618140,12.994448
11202,77.618003,12.994386
11203,77.570197,12.958878
11204,77.570139,12.960489
11205,77.570718,12.960507
11206,77.571054,12.960514
11207,77.617221,13.000489
11208,77.616068,13.000607
11209,77.618304,13.000373
11210,77.603742,12.965745
11211,77.640966,12.965827
11212,77.639089,12.967605
11213,77.638533,12.967737
11214,77.639275,12.968168
11215,77.637078,12.968332
11216,77.636262,12.968404
11217,77.647199,12.960766
11218,77.647529,12.961367
11219,77.647306,12.961407
11220,77.648106,12.961651
11221,77.647619,12.961737
11222,77.648091,12.961936
11223,77.646512,12.961971
11224,77.647476,12.962105
11225,77.647088,12.961974
11226,77.646728,12.962592
11227,77.647384,12.962992
11228,77.647138,12.963055
11229,77.648112,12.963153
11230,77.647786,12.963245
11231,77.648377,12.963445
11232,77.646988,12.964099
11233,77.649769,12.964842
11234,77.650234,12.966076
11235,77.649447,12.966492
11236,77.649232,12.966618
11237,77.648866,12.966833
11238,77.651623,12.967388
11239,77.650086,12.967521
11240,77.651705,12.967612
11241,77.649823,12.967617
11242,77.650381,12.967695
11243,77.649418,12.967760
11244,77.650458,12.967932
11245,77.649513,12.967975
11246,77.649595,12.968172
11247,77.648123,12.968641
11248,77.647426,13.008880
11249,77.629491,13.006415
11250,77.627752,13.006943
11251,77.628165,13.007104
11252,77.621569,13.007182
11253,77.628845,13.007836
11254,77.627452,13.007909
11255,77.622327,13.008049
11256,77.625616,13.008249
11257,77.625059,13.008269
11258,77.621695,13.008296
11259,77.625754,13.008693
11260,77.623036,13.008777
11261,77.615590,13.009163
11262,77.627966,13.009372
11263,77.618694,13.009415
11264,77.627718,13.009420
11265,77.627267,13.009487
11266,77.626687,13.009596
11267,77.618881,13.009638
11268,77.615715,13.009662
11269,77.625866,13.009766
11270,77.617197,13.009965
11271,77.619026,13.010012
11272,77.617563,13.010132
11273,77.617300,13.010226
11274,77.629726,13.010338
11275,77.624321,13.010375
11276,77.615968,13.010390
11277,77.628801,13.010447
11278,77.624149,13.010447
11279,77.631878,13.010550
11280,77.616135,13.010654
11281,77.628011,13.010699
11282,77.615323,13.010765
11283,77.627175,13.010867
11284,77.624919,13.011076
11285,77.628086,13.011206
11286,77.630057,13.011274
11287,77.627019,13.011425
11288,77.621259,13.011447
11289,77.626080,13.011449
11290,77.618038,13.011472
11291,77.617748,13.011496
11292,77.620387,13.011557
11293,77.616501,13.011597
11294,77.625426,13.011683
11295,77.629175,13.011857
11296,77.618164,13.011884
11297,77.617852,13.011903
11298,77.616570,13.011980
11299,77.616102,13.012006
11300,77.627159,13.012047
11301,77.618544,13.012168
11302,77.618211,13.012155
11303,77.627760,13.012242
11304,77.624066,13.012361
11305,77.625830,13.012409
11306,77.621488,13.012443
11307,77.627799,13.012564
11308,77.624122,13.012582
11309,77.633903,13.012879
11310,77.633013,13.012934
11311,77.631710,13.012980
11312,77.622879,13.013068
11313,77.626290,13.013335
11314,77.624971,13.013426
11315,77.625247,13.013880
11316,77.624161,13.013932
11317,77.633954,13.014008
11318,77.628799,13.014476
11319,77.622618,13.014396
11320,77.633091,13.014449
11321,77.633831,13.014465
11322,77.619447,13.014498
11323,77.619638,13.014637
11324,77.632791,13.014690
11325,77.631997,13.014735
11326,77.631771,13.014737
11327,77.633743,13.014778
11328,77.633600,13.014796
11329,77.632014,13.014990
11330,77.628737,13.015096
11331,77.619736,13.015743
11332,77.632766,13.015879
11333,77.620128,13.016436
11334,77.621319,13.016549
11335,77.620493,13.016940
11336,77.620710,13.017183
11337,77.631359,13.017319
11338,77.621054,13.018804
11339,77.619698,13.019092
11340,77.618805,13.019325
11341,77.621943,13.019315
11342,77.621165,13.019417
11343,77.619808,13.019621
11344,77.621281,13.019969
11345,77.622113,13.020269
11346,77.621944,13.020301
11347,77.634638,13.016466
11348,77.635428,13.016661
11349,77.633618,13.015108
11350,77.633394,13.017847
11351,77.629082,13.020270
11352,77.630114,13.020097
11353,77.635469,13.018205
11354,77.635645,13.018975
11355,77.632518,13.014465
11356,77.635289,13.017187
11357,77.634227,13.016546
11358,77.634410,13.017268
11359,77.635338,13.016309
11360,77.631303,13.010469
11361,77.634190,13.017280
11362,77.627845,13.008123
11363,77.628230,13.018830
11364,77.632539,13.009869
11365,77.628287,13.007574
11366,77.630423,13.011197
11367,77.633100,13.017178
11368,77.632175,13.010586
11369,77.629828,13.007148
11370,77.629103,13.018559
11371,77.633884,13.016713
11372,77.634608,13.018365
11373,77.634358,13.015021
11374,77.634665,13.017237
11375,77.628133,13.018277
11376,77.634959,13.014938
11377,77.636283,13.017120
11378,77.635853,13.014798
11379,77.631707,13.011792
11380,77.635574,13.017170
11381,77.631441,13.009194
11382,77.632029,13.011822
11383,77.630903,13.008482
11384,77.635263,13.016322
11385,77.636171,13.016545
11386,77.630380,13.011715
11387,77.633639,13.018543
11388,77.631697,13.005817
11389,77.630269,13.012929
11390,77.631053,13.012972
11391,77.633743,13.005358
11392,77.629525,13.019049
11393,77.633589,13.021305
11394,77.632016,13.022495
11395,77.632134,13.021457
11396,77.629575,13.020192
11397,77.632326,13.020449
11398,77.630019,13.019009
11399,77.631381,13.020576
11400,77.632096,13.021728
11401,77.638801,13.026722
11402,77.631761,13.020536
11403,77.585291,13.023140
11404,77.584773,13.023260
11405,77.584152,13.023238
11406,77.589945,12.954312
11407,77.589560,12.954437
11408,77.589151,12.954579
11409,77.588738,12.954715
11410,77.588335,12.954849
11411,77.587881,12.954991
11412,77.591216,12.954941
11413,77.587329,12.955130
11414,77.586985,12.955217
11415,77.586628,12.955307
11416,77.591535,12.955909
11417,77.590948,12.956098
11418,77.591640,12.956263
11419,77.588489,12.956272
11420,77.588539,12.956456
11421,77.591070,12.956457
11422,77.590913,12.956502
11423,77.588302,12.956515
11424,77.590626,12.956586
11425,77.587845,12.956630
11426,77.587762,12.956649
11427,77.590209,12.956697
11428,77.589629,12.956774
11429,77.587266,12.956777
11430,77.587137,12.956810
11431,77.588635,12.956810
11432,77.589334,12.956861
11433,77.586898,12.956871
11434,77.591032,12.956867
11435,77.589013,12.956956
11436,77.590696,12.956967
11437,77.587941,12.957005
11438,77.588700,12.957049
11439,77.586112,12.957073
11440,77.590307,12.957082
11441,77.591982,12.957128
11442,77.588741,12.957171
11443,77.587246,12.957194
11444,77.589895,12.957206
11445,77.589791,12.957235
11446,77.589607,12.957291
11447,77.589465,12.957334
11448,77.588034,12.957353
11449,77.589174,12.957440
11450,77.588861,12.957544
11451,77.587338,12.957540
11452,77.588588,12.957634
11453,77.587022,12.957634
11454,77.591241,12.957685
11455,77.588159,12.957766
11456,77.590933,12.957774
11457,77.588106,12.957784
11458,77.587783,12.957892
11459,77.590533,12.957887
11460,77.587469,12.957984
11461,77.590762,12.957994
11462,77.590131,12.958001
11463,77.587176,12.958090
11464,77.590374,12.958102
11465,77.589410,12.958219
11466,77.592431,12.958293
11467,77.592313,12.958319
11468,77.589101,12.958316
11469,77.587569,12.958377
11470,77.592087,12.958382
11471,77.588818,12.958405
11472,77.591780,12.958453
11473,77.589155,12.958494
11474,77.591431,12.958545
11475,77.588337,12.958556
11476,77.586558,12.958651
11477,77.587992,12.958665
11478,77.590935,12.958678
11479,77.587670,12.958766
11480,77.590553,12.958777
11481,77.590173,12.958878
11482,77.587806,12.958887
11483,77.589377,12.959037
11484,77.589025,12.959121
11485,77.588731,12.959185
11486,77.588463,12.959246
11487,77.590707,12.959275
11488,77.587926,12.959370
11489,77.590302,12.959348
11490,77.587135,12.959551
11491,77.588170,12.959678
11492,77.591597,12.959848
11493,77.591627,12.959942
11494,77.591144,12.959938
11495,77.589687,12.960001
11496,77.591189,12.960099
11497,77.589281,12.960093
11498,77.592274,12.960159
11499,77.593118,12.960166
11500,77.588987,12.960170
11501,77.590535,12.960223
11502,77.588696,12.960246
11503,77.591753,12.960263
11504,77.592728,12.960298
11505,77.591770,12.960307
11506,77.590588,12.960369
11507,77.588322,12.960342
11508,77.591289,12.960421
11509,77.587827,12.960470
11510,77.589830,12.960528
11511,77.591873,12.960586
11512,77.590670,12.960608
11513,77.591357,12.960662
11514,77.591374,12.960720
11515,77.589894,12.960810
11516,77.590737,12.960835
11517,77.592592,12.961202
11518,77.588500,12.961222
11519,77.592052,12.961263
11520,77.591569,12.961388
11521,77.593195,12.961521
11522,77.590921,12.961543
11523,77.614894,13.024111
11524,77.569901,12.951821
11525,77.569956,12.950912
11526,77.572751,12.945857
11527,77.572361,12.944610
11528,77.573280,12.944603
11529,77.573290,12.945499
11530,77.572969,12.945495
11531,77.572980,12.944814
11532,77.572971,12.945255
11533,77.572377,12.945242
11534,77.599060,12.937859
11535,77.603588,12.936830
11536,77.627283,13.003989
11537,77.647379,12.986625
11538,77.564600,12.975659
11539,77.564466,12.975807
11540,77.571282,12.984668
11541,77.573907,12.943705
11542,77.636578,12.967071
11543,77.635885,12.966920
11544,77.628837,13.023361
11545,77.629329,13.027399
11546,77.630352,13.027724
11547,77.628792,13.026863
11548,77.627549,13.023333
11549,77.627017,13.025508
11550,77.628511,13.024081
11551,77.628573,13.024446
11552,77.628500,13.021486
11553,77.629753,13.028345
11554,77.626615,13.023306
11555,77.626432,13.023809
11556,77.626207,13.024285
11557,77.627394,13.024393
11558,77.635714,13.026386
11559,77.630075,13.026555
11560,77.631210,13.029866
11561,77.629199,13.026107
11562,77.628579,13.024571
11563,77.635535,13.026653
11564,77.627244,13.022424
11565,77.627730,13.025394
11566,77.628344,13.028262
11567,77.625620,13.026231
11568,77.627159,13.022155
11569,77.630158,13.024284
11570,77.627158,13.023688
11571,77.628209,13.022318
11572,77.627351,13.022744
11573,77.627647,13.036806
11574,77.629894,13.028660
11575,77.635907,13.026555
11576,77.629606,13.028017
11577,77.632113,13.027022
11578,77.626631,13.025565
11579,77.629473,13.027721
11580,77.628638,13.024838
11581,77.628264,13.022638
11582,77.627323,13.025457
11583,77.628151,13.021983
11584,77.627280,13.024054
11585,77.625728,13.025706
11586,77.630286,13.027447
11587,77.630705,13.025863
11588,77.630150,13.029232
11589,77.627890,13.026435
11590,77.628445,13.023698
11591,77.624210,13.028171
11592,77.625167,13.029051
11593,77.625707,13.029462
11594,77.624157,13.029587
11595,77.625099,13.029329
11596,77.625090,13.029468
11597,77.633651,13.021680
11598,77.624234,13.028286
11599,77.638430,13.023240
11600,77.623271,13.029077
11601,77.625021,13.026311
11602,77.624593,13.026761
11603,77.638992,13.023100
11604,77.638050,13.022993
11605,77.624207,13.029541
11606,77.639684,13.022846
11607,77.625017,13.026636
11608,77.623980,13.027092
11609,77.625489,13.028500
11610,77.639111,13.022127
11611,77.624667,13.029756
11612,77.639220,13.022937
11613,77.639189,13.022630
11614,77.656722,12.984439
11615,77.578577,13.029141
11616,77.582475,13.024777
11617,77.579472,13.028616
11618,77.578817,13.006795
11619,77.569233,13.012010
11620,77.578555,13.006615
11621,77.568977,13.012214
11622,77.569028,13.011929
11623,77.569179,13.011942
11624,77.568901,13.012102
11625,77.617625,13.028535
11626,77.624324,13.023350
11627,77.624505,13.025860
11628,77.624438,13.024989
11629,77.616318,13.030492
11630,77.616196,13.029104
11631,77.624324,13.022963
11632,77.616364,13.029378
11633,77.624762,13.024271
11634,77.625607,13.022977
11635,77.624919,13.021957
11636,77.625060,13.026802
11637,77.623573,13.022638
11638,77.624727,13.024435
11639,77.624324,13.022634
11640,77.616002,13.028830
11641,77.625346,13.026260
11642,77.617665,13.028785
11643,77.626070,13.022645
11644,77.625408,13.026254
11645,77.624089,13.022381
11646,77.625768,13.021961
11647,77.624890,13.021181
11648,77.624962,13.023323
11649,77.624527,13.022353
11650,77.620599,13.028448
11651,77.625478,13.025730
11652,77.625921,13.022316
11653,77.617625,13.029073
11654,77.625998,13.022634
11655,77.615839,13.029395
11656,77.617397,13.028263
11657,77.626407,13.022646
11658,77.615577,13.029473
11659,77.623537,13.023431
11660,77.617469,13.030041
11661,77.625763,13.024960
11662,77.625722,13.024043
11663,77.624513,13.025067
11664,77.624617,13.025842
11665,77.616470,13.029585
11666,77.624535,13.021191
11667,77.621065,13.026431
11668,77.625499,13.024745
11669,77.625431,13.021174
11670,77.625845,13.021208
11671,77.626490,13.022985
11672,77.616573,13.029794
11673,77.624406,13.024492
11674,77.625446,13.024957
11675,77.625523,13.026241
11676,77.584841,12.995306
11677,77.585052,12.995349
11678,77.584113,12.993436
11679,77.584961,12.995413
11680,77.585223,12.993720
11681,77.585030,12.993963
11682,77.585322,12.993159
11683,77.573797,12.933563
11684,77.585657,12.932855
11685,77.586035,12.932814
11686,77.586084,12.932364
11687,77.574060,12.959960
11688,77.632305,13.028078
11689,77.632505,13.027781
11690,77.632677,13.027479
11691,77.631492,13.029523
11692,77.644052,12.994529
11693,77.595902,12.981473
11694,77.571919,12.984457
11695,77.572260,12.985284
11696,77.572383,12.984492
11697,77.572100,12.985202
11698,77.571912,12.988462
11699,77.572148,12.984907
11700,77.572235,12.984599
11701,77.572126,12.988466
11702,77.584389,12.932876
11703,77.585257,12.932864
11704,77.586055,12.930763
11705,77.584831,12.932870
11706,77.575695,12.969816
11707,77.597297,12.981057
11708,77.632804,13.028046
11709,77.601352,12.935692
11710,77.601408,12.935963
11711,77.601722,12.937650
11712,77.601717,12.937320
11713,77.601459,12.935675
11714,77.601750,12.936680
11715,77.601629,12.936964
11716,77.601943,12.937530
11717,77.601093,12.937112
11718,77.602045,12.938944
11719,77.602186,12.936958
11720,77.601228,12.937304
11721,77.601471,12.936629
11722,77.602274,12.937155
11723,77.604015,12.936845
11724,77.604770,12.936730
11725,77.608685,12.935467
11726,77.599059,12.937956
11727,77.602797,12.937017
11728,77.609789,12.934762
11729,77.607912,12.935944
11730,77.607673,12.936071
11731,77.632976,13.027790
11732,77.633179,13.027492
11733,77.571124,13.030025
11734,77.579273,13.026968
11735,77.578536,13.025838
11736,77.573579,13.029217
11737,77.579243,13.026718
11738,77.624524,13.010603
11739,77.629693,13.010991
11740,77.622711,13.010376
11741,77.622944,13.010815
11742,77.626093,13.009414
11743,77.624821,13.009099
11744,77.630625,13.014816
11745,77.635241,13.010252
11746,77.633064,13.013835
11747,77.631445,13.011773
11748,77.623931,13.010167
11749,77.635033,13.015268
11750,77.624793,13.010881
11751,77.635676,13.014198
11752,77.633574,13.010243
11753,77.623720,13.009866
11754,77.628883,13.010792
11755,77.630635,13.012949
11756,77.633917,13.013320
11757,77.630964,13.010735
11758,77.623734,13.009037
11759,77.630602,13.015344
11760,77.626169,13.009120
11761,77.632544,13.009823
11762,77.628948,13.011071
11763,77.633936,13.013824
11764,77.630855,13.011883
11765,77.625822,13.009463
11766,77.631257,13.012982
11767,77.630650,13.014483
11768,77.631762,13.014481
11769,77.633909,13.014263
11770,77.635612,13.013963
11771,77.625622,13.007961
11772,77.625408,13.008747
11773,77.623066,13.011103
11774,77.629433,13.012822
11775,77.630715,13.012953
11776,77.632791,13.014461
11777,77.627574,13.010791
11778,77.627693,13.011269
11779,77.629708,13.010698
11780,77.630044,13.011686
11781,77.634397,13.015371
11782,77.625960,13.010334
11783,77.625919,13.010057
11784,77.629996,13.012297
11785,77.625206,13.008263
11786,77.625804,13.009161
11787,77.626011,13.007339
11788,77.623905,13.009362
11789,77.621914,13.008901
11790,77.631230,13.014482
11791,77.632726,13.012952
11792,77.635451,13.013215
11793,77.622117,13.009215
11794,77.622182,13.010347
11795,77.622843,13.011798
11796,77.623305,13.009164
11797,77.622807,13.011699
11798,77.622438,13.012943
11799,77.621866,13.011348
11800,77.622635,13.011223
11801,77.622065,13.012329
11802,77.623727,13.012113
11803,77.622594,13.013180
11804,77.621887,13.013117
11805,77.624669,13.010953
11806,77.621598,13.010044
11807,77.622296,13.012638
11808,77.623218,13.012851
11809,77.624394,13.010688
11810,77.622315,13.010161
11811,77.622416,13.011902
11812,77.622368,13.009656
11813,77.622164,13.012310
11814,77.621196,13.009852
11815,77.621614,13.012697
11816,77.622919,13.012007
11817,77.622661,13.012513
11818,77.623508,13.011654
11819,77.621120,13.009905
11820,77.623533,13.009586
11821,77.622743,13.010025
11822,77.623051,13.012391
11823,77.622313,13.011275
11824,77.571234,13.028477
11825,77.571233,12.983318
11826,77.581795,12.985096
11827,77.582072,12.984712
11828,77.595742,12.993960
11829,77.565104,12.992164
11830,77.568103,12.992066
11831,77.568304,12.992124
11832,77.567902,12.991751
11833,77.565076,12.992863
11834,77.564828,12.997433
11835,77.565063,12.993170
11836,77.567821,12.991749
11837,77.566466,12.991773
11838,77.565115,12.991812
11839,77.564872,12.997668
11840,77.565086,12.992505
11841,77.564065,12.997867
11842,77.564050,12.997630
11843,77.587075,12.944740
11844,77.585462,12.944759
11845,77.578439,12.984070
11846,77.582400,12.984443
11847,77.582765,12.984423
11848,77.634664,13.030173
11849,77.609522,13.029584
11850,77.609004,13.029711
11851,77.609589,13.031460
11852,77.609314,13.031539
11853,77.608716,13.029758
11854,77.594136,12.947613
11855,77.595566,12.945975
11856,77.596963,12.944925
11857,77.593627,12.948644
11858,77.598972,12.938036
11859,77.593901,12.948129
11860,77.596586,12.945340
11861,77.592138,12.950784
11862,77.590689,12.951534
11863,77.591737,12.951121
11864,77.593143,12.949627
11865,77.593358,12.949142
11866,77.593384,12.948809
11867,77.592515,12.950416
11868,77.618594,12.934524
11869,77.598803,12.988335
11870,77.599090,12.966999
11871,77.599699,12.967524
11872,77.598529,12.973551
11873,77.598455,12.974075
11874,77.599465,12.974037
11875,77.590871,12.966553
11876,77.582506,12.975080
11877,77.584370,12.977827
11878,77.584485,12.978034
11879,77.584929,12.978846
11880,77.579141,12.980454
11881,77.587917,12.984307
11882,77.628541,12.938179
11883,77.628704,12.938350
11884,77.628508,12.938273
11885,77.628372,12.939267
11886,77.603582,13.025154
11887,77.601962,13.025822
11888,77.601510,13.024633
11889,77.601724,13.025183
11890,77.601159,13.025408
11891,77.600622,13.025576
11892,77.600378,13.023302
11893,77.600538,13.023701
11894,77.600754,13.024256
11895,77.601290,13.024091
11896,77.600083,13.023452
11897,77.600469,13.024354
11898,77.600672,13.024829
11899,77.600837,13.026229
11900,77.601110,13.027608
11901,77.601154,13.027840
11902,77.601217,13.028178
11903,77.601712,13.025916
11904,77.602199,13.027707
11905,77.604266,13.027380
11906,77.599405,13.027499
11907,77.599137,13.027451
11908,77.599600,13.026292
11909,77.599599,13.027030
11910,77.599504,13.027024
11911,77.599358,13.027735
11912,77.599855,13.027069
11913,77.600401,13.025579
11914,77.598739,13.025522
11915,77.598121,13.025520
11916,77.597108,13.025610
11917,77.599786,13.023587
11918,77.600285,13.025578
11919,77.599513,13.023712
11920,77.599998,13.025186
11921,77.600029,13.025592
11922,77.600051,13.025191
11923,77.600290,13.025183
11924,77.599698,13.025191
11925,77.599406,13.025203
11926,77.600175,13.025593
11927,77.600186,13.026301
11928,77.599888,13.025590
11929,77.599891,13.026296
11930,77.599586,13.025570
11931,77.562386,12.999468
11932,77.560001,12.938919
11933,77.557493,12.939151
11934,77.559927,12.940387
11935,77.561470,12.940407
11936,77.558779,12.940468
11937,77.560084,12.940919
11938,77.560562,12.940942
11939,77.559236,12.940955
11940,77.560611,12.940993
11941,77.560140,12.941085
11942,77.560263,12.941612
11943,77.560620,12.941636
11944,77.560281,12.942085
11945,77.560581,12.942096
11946,77.560988,12.942119
11947,77.562554,12.942177
11948,77.560312,12.942341
11949,77.559639,12.942415
11950,77.561313,12.942421
11951,77.561718,12.942504
11952,77.561295,12.942658
11953,77.560861,12.942664
11954,77.560350,12.942698
11955,77.559692,12.942768
11956,77.561054,12.943030
11957,77.560864,12.943045
11958,77.559747,12.943135
11959,77.562547,12.943528
11960,77.562016,12.943864
11961,77.562542,12.943874
11962,77.560785,12.944125
11963,77.561198,12.944171
11964,77.561595,12.944197
11965,77.562615,12.944215
11966,77.562522,12.944218
11967,77.561990,12.944218
11968,77.562502,12.944889
11969,77.562440,12.950652
11970,77.562417,12.951665
11971,77.562306,12.952177
11972,77.561751,12.952319
11973,77.562279,12.952378
11974,77.562535,12.952473
11975,77.561730,12.952552
11976,77.562236,12.952666
11977,77.562584,12.952769
11978,77.557928,12.953196
11979,77.561656,12.955027
11980,77.562611,12.955587
11981,77.562072,12.955800
11982,77.562610,12.955803
11983,77.559223,12.959836
11984,77.559197,12.960717
11985,77.559692,12.946094
11986,77.560145,12.946567
11987,77.561242,12.946819
11988,77.560992,12.946838
11989,77.560720,12.946862
11990,77.560471,12.946889
11991,77.561756,12.947271
11992,77.561557,12.947313
11993,77.561277,12.947359
11994,77.561008,12.947422
11995,77.562287,12.947499
11996,77.560750,12.947482
11997,77.561763,12.947525
11998,77.560504,12.947556
11999,77.560244,12.947605
12000,77.561378,12.948445
12001,77.561087,12.948485
12002,77.560827,12.948509
12003,77.560599,12.948557
12004,77.561613,12.948538
12005,77.561694,12.948586
12006,77.560337,12.948974
12007,77.560078,12.948991
12008,77.559828,12.949009
12009,77.560916,12.949334
12010,77.560677,12.949419
12011,77.560399,12.949467
12012,77.560092,12.949533
12013,77.560942,12.949896
12014,77.560412,12.949922
12015,77.560697,12.949949
12016,77.560152,12.949955
12017,77.559869,12.950506
12018,77.562250,12.944867
12019,77.562285,12.945354
12020,77.562713,12.945377
12021,77.561481,12.945644
12022,77.561886,12.945676
12023,77.562280,12.945705
12024,77.560288,12.945723
12025,77.560671,12.945734
12026,77.559264,12.945826
12027,77.561514,12.946058
12028,77.560097,12.946108
12029,77.561976,12.946518
12030,77.559764,12.946588
12031,77.560189,12.946919
12032,77.562267,12.946911
12033,77.561549,12.947056
12034,77.562294,12.967044
12035,77.562901,12.967151
12036,77.560438,12.968166
12037,77.554587,12.968641
12038,77.559325,12.968845
12039,77.560048,12.963360
12040,77.558279,12.963591
12041,77.560077,12.963657
12042,77.558328,12.963875
12043,77.560000,12.973970
12044,77.560459,12.973995
12045,77.561490,12.968713
12046,77.561008,12.968794
12047,77.560514,12.968911
12048,77.561806,12.969242
12049,77.561525,12.969508
12050,77.560768,12.969675
12051,77.561995,12.971531
12052,77.562596,12.971747
12053,77.563381,12.971744
12054,77.562156,12.971786
12055,77.562131,12.971931
12056,77.562617,12.972141
12057,77.563326,12.972131
12058,77.561568,12.972195
12059,77.563142,12.972276
12060,77.562664,12.972297
12061,77.561926,12.972319
12062,77.563061,12.972505
12063,77.562663,12.972539
12064,77.561955,12.972552
12065,77.563031,12.972693
12066,77.562010,12.972721
12067,77.562670,12.972875
12068,77.561609,12.972857
12069,77.560139,12.984571
12070,77.562828,12.985358
12071,77.562462,12.985395
12072,77.562013,12.985442
12073,77.559005,12.998779
12074,77.561938,12.999009
12075,77.560139,12.999180
12076,77.559083,12.999345
12077,77.574903,12.937991
12078,77.571808,12.938009
12079,77.572934,12.938018
12080,77.562259,12.938042
12081,77.576903,12.938648
12082,77.573841,12.938685
12083,77.567476,12.938977
12084,77.576225,12.938984
12085,77.572502,12.939119
12086,77.578136,12.939201
12087,77.567866,12.939444
12088,77.573829,12.939428
12089,77.563830,12.939510
12090,77.563478,12.939556
12091,77.576231,12.939727
12092,77.563068,12.940190
12093,77.563441,12.940208
12094,77.563845,12.940236
12095,77.564311,12.940240
12096,77.562869,12.941328
12097,77.563417,12.941330
12098,77.563789,12.941330
12099,77.565036,12.941345
12100,77.577768,12.941615
12101,77.565163,12.942215
12102,77.567063,12.942754
12103,77.578514,12.942895
12104,77.565389,12.942944
12105,77.565610,12.943257
12106,77.565599,12.943574
12107,77.567091,12.943614
12108,77.563164,12.943904
12109,77.564263,12.943903
12110,77.565587,12.943894
12111,77.565061,12.943902
12112,77.567550,12.944076
12113,77.563846,12.944202
12114,77.573904,12.944548
12115,77.563886,12.944742
12116,77.564256,12.944752
12117,77.565043,12.944788
12118,77.569096,12.944985
12119,77.576379,12.945031
12120,77.576776,12.945030
12121,77.564679,12.945276
12122,77.563882,12.945274
12123,77.572021,12.945484
12124,77.570282,12.945537
12125,77.572073,12.945834
12126,77.569083,12.946059
12127,77.571010,12.946207
12128,77.572073,12.946214
12129,77.573273,12.946222
12130,77.569081,12.946402
12131,77.563314,12.946540
12132,77.572073,12.946595
12133,77.564784,12.946655
12134,77.565543,12.946715
12135,77.572074,12.946976
12136,77.564769,12.947273
12137,77.572071,12.947344
12138,77.572054,12.947746
12139,77.573263,12.948162
12140,77.572056,12.948153
12141,77.564245,12.948317
12142,77.563388,12.948398
12143,77.570560,12.948273
12144,77.574969,12.948996
12145,77.563995,12.949079
12146,77.564625,12.949125
12147,77.564093,12.949328
12148,77.564671,12.949374
12149,77.563123,12.949444
12150,77.564191,12.949549
12151,77.564723,12.949635
12152,77.563224,12.949694
12153,77.564289,12.949801
12154,77.563315,12.949920
12155,77.564787,12.949949
12156,77.564287,12.950152
12157,77.563422,12.950179
12158,77.563546,12.950504
12159,77.564778,12.950487
12160,77.564321,12.950491
12161,77.570487,12.950524
12162,77.571040,12.950540
12163,77.571397,12.950550
12164,77.572283,12.950576
12165,77.566357,12.950783
12166,77.566081,12.950848
12167,77.563141,12.950909
12168,77.570463,12.950940
12169,77.571375,12.950989
12170,77.565159,12.951231
12171,77.564380,12.951265
12172,77.564929,12.951287
12173,77.570427,12.951414
12174,77.571352,12.951443
12175,77.563991,12.951501
12176,77.566144,12.951515
12177,77.563247,12.951573
12178,77.562823,12.951621
12179,77.566462,12.951619
12180,77.564114,12.951709
12181,77.563883,12.951818
12182,77.563622,12.951819
12183,77.563317,12.951810
12184,77.570416,12.951835
12185,77.575323,12.951959
12186,77.570409,12.952193
12187,77.571314,12.952221
12188,77.564254,12.952524
12189,77.563977,12.952591
12190,77.563503,12.952670
12191,77.570357,12.952853
12192,77.563009,12.952916
12193,77.566070,12.952930
12194,77.563303,12.953055
12195,77.564143,12.953094
12196,77.570342,12.953208
12197,77.563599,12.953192
12198,77.564504,12.953218
12199,77.564288,12.953468
12200,77.564607,12.953586
12201,77.563170,12.953881
12202,77.566815,12.954042
12203,77.564265,12.954056
12204,77.564784,12.954013
12205,77.562618,12.954328
12206,77.563020,12.954317
12207,77.563435,12.954331
12208,77.563827,12.954352
12209,77.566861,12.954378
12210,77.567459,12.954520
12211,77.562616,12.954696
12212,77.563005,12.954696
12213,77.563784,12.954704
12214,77.562614,12.954980
12215,77.563001,12.954974
12216,77.564453,12.954991
12217,77.563787,12.955282
12218,77.566682,12.955634
12219,77.567407,12.955767
12220,77.571655,12.956474
12221,77.571631,12.957270
12222,77.584486,12.936692
12223,77.584010,12.937445
12224,77.582726,12.937458
12225,77.581841,12.937477
12226,77.581845,12.937723
12227,77.584018,12.937895
12228,77.581389,12.937916
12229,77.582757,12.937927
12230,77.581849,12.937945
12231,77.584031,12.938327
12232,77.582773,12.938348
12233,77.581855,12.938364
12234,77.580389,12.938566
12235,77.581409,12.938562
12236,77.584524,12.939347
12237,77.586619,12.939382
12238,77.583140,12.941609
12239,77.586072,12.941589
12240,77.586692,12.941592
12241,77.584095,12.941845
12242,77.583247,12.942075
12243,77.584151,12.942109
12244,77.583767,12.942278
12245,77.581041,12.942507
12246,77.580653,12.942496
12247,77.581922,12.942600
12248,77.581927,12.942890
12249,77.582860,12.942889
12250,77.580641,12.942875
12251,77.581042,12.942923
12252,77.586696,12.943033
12253,77.583545,12.943051
12254,77.583027,12.943169
12255,77.582845,12.943152
12256,77.578384,12.949044
12257,77.578355,12.950556
12258,77.576345,12.953333
12259,77.575906,12.953455
12260,77.575717,12.953460
12261,77.576763,12.953616
12262,77.576344,12.953633
12263,77.575951,12.953692
12264,77.578582,12.954127
12265,77.578964,12.954499
12266,77.577293,12.954529
12267,77.576166,12.954816
12268,77.578121,12.954969
12269,77.575732,12.955122
12270,77.575238,12.955205
12271,77.577476,12.955213
12272,77.577593,12.955577
12273,77.586461,12.937077
12274,77.586782,12.937359
12275,77.587095,12.937644
12276,77.585861,12.937767
12277,77.587444,12.937946
12278,77.586162,12.938036
12279,77.586455,12.938316
12280,77.587116,12.938299
12281,77.586777,12.938605
12282,77.586063,12.938686
12283,77.587727,12.938969
12284,77.587877,12.939799
12285,77.586998,12.940217
12286,77.592480,12.941191
12287,77.592554,12.941464
12288,77.587585,12.941574
12289,77.584581,12.941592
12290,77.594503,12.941625
12291,77.592632,12.941755
12292,77.593649,12.941774
12293,77.589079,12.941764
12294,77.594484,12.941930
12295,77.593859,12.941988
12296,77.592725,12.942046
12297,77.594399,12.942202
12298,77.594055,12.942230
12299,77.592789,12.942283
12300,77.592854,12.942545
12301,77.594258,12.942557
12302,77.591615,12.942600
12303,77.592949,12.942810
12304,77.594430,12.942842
12305,77.591735,12.942866
12306,77.593354,12.942973
12307,77.587602,12.943042
12308,77.593410,12.943285
12309,77.591631,12.943504
12310,77.592208,12.943464
12311,77.592266,12.943714
12312,77.588137,12.943748
12313,77.591175,12.943748
12314,77.587053,12.944087
12315,77.593482,12.944198
12316,77.592201,12.944220
12317,77.590289,12.944290
12318,77.594501,12.944344
12319,77.588039,12.944463
12320,77.588600,12.944580
12321,77.588018,12.944646
12322,77.587540,12.944836
12323,77.587086,12.944878
12324,77.587556,12.945005
12325,77.588363,12.945124
12326,77.594182,12.943488
12327,77.593471,12.943770
12328,77.590795,12.943837
12329,77.590933,12.944004
12330,77.590411,12.944010
12331,77.592145,12.944309
12332,77.591123,12.944438
12333,77.594785,12.944869
12334,77.591452,12.944973
12335,77.594939,12.945044
12336,77.593290,12.945225
12337,77.592014,12.945272
12338,77.594208,12.945304
12339,77.595213,12.945376
12340,77.592929,12.945535
12341,77.592435,12.945699
12342,77.592236,12.945859
12343,77.591350,12.945862
12344,77.592672,12.946018
12345,77.590888,12.946002
12346,77.592011,12.946026
12347,77.591434,12.946023
12348,77.593978,12.946141
12349,77.592489,12.946113
12350,77.592763,12.946138
12351,77.591134,12.946131
12352,77.591843,12.946161
12353,77.593846,12.946213
12354,77.590956,12.946208
12355,77.591497,12.946184
12356,77.591727,12.946237
12357,77.592574,12.946246
12358,77.592167,12.946274
12359,77.593581,12.946354
12360,77.591594,12.946343
12361,77.593478,12.946394
12362,77.592668,12.946391
12363,77.591220,12.946369
12364,77.592264,12.946429
12365,77.592961,12.946442
12366,77.591861,12.946439
12367,77.591051,12.946485
12368,77.591690,12.946489
12369,77.592759,12.946556
12370,77.592364,12.946565
12371,77.591969,12.946601
12372,77.591217,12.946629
12373,77.590681,12.946642
12374,77.591457,12.946663
12375,77.591124,12.946698
12376,77.592466,12.946718
12377,77.592063,12.946745
12378,77.591049,12.946756
12379,77.591306,12.946764
12380,77.592589,12.946890
12381,77.592161,12.946898
12382,77.594459,12.946948
12383,77.591667,12.946971
12384,77.592025,12.946997
12385,77.591505,12.947073
12386,77.594300,12.947153
12387,77.590669,12.947115
12388,77.591610,12.947230
12389,77.591286,12.947545
12390,77.600482,12.938974
12391,77.599867,12.939082
12392,77.600653,12.939217
12393,77.599857,12.939377
12394,77.600830,12.939486
12395,77.599670,12.939502
12396,77.600301,12.939598
12397,77.600952,12.939651
12398,77.600344,12.939784
12399,77.601112,12.939840
12400,77.599628,12.939911
12401,77.599356,12.940068
12402,77.601189,12.940103
12403,77.599658,12.940131
12404,77.601553,12.940332
12405,77.599693,12.940352
12406,77.599075,12.940330
12407,77.601267,12.940445
12408,77.599754,12.940614
12409,77.601330,12.940755
12410,77.599832,12.940918
12411,77.599493,12.940951
12412,77.599192,12.940993
12413,77.601416,12.941125
12414,77.601966,12.941178
12415,77.601872,12.941181
12416,77.599928,12.941298
12417,77.599845,12.941310
12418,77.599575,12.941346
12419,77.601878,12.941365
12420,77.599286,12.941387
12421,77.599878,12.941498
12422,77.599473,12.941564
12423,77.598436,12.941615
12424,77.599489,12.941661
12425,77.601905,12.941669
12426,77.599931,12.941825
12427,77.598451,12.941826
12428,77.599708,12.941860
12429,77.599528,12.941889
12430,77.600928,12.941922
12431,77.601636,12.941956
12432,77.598791,12.942004
12433,77.601348,12.942014
12434,77.598476,12.942053
12435,77.601063,12.942035
12436,77.600938,12.942046
12437,77.602602,12.942191
12438,77.598815,12.942232
12439,77.602034,12.942304
12440,77.601727,12.942362
12441,77.601443,12.942416
12442,77.598524,12.942492
12443,77.600747,12.942515
12444,77.602698,12.942556
12445,77.600416,12.942569
12446,77.600102,12.942620
12447,77.599857,12.942659
12448,77.601024,12.942683
12449,77.600835,12.942731
12450,77.598561,12.942875
12451,77.602790,12.942876
12452,77.600100,12.942901
12453,77.601610,12.942940
12454,77.597964,12.942992
12455,77.601127,12.943192
12456,77.602846,12.943200
12457,77.597312,12.943217
12458,77.598599,12.943202
12459,77.601713,12.943244
12460,77.601395,12.943240
12461,77.600994,12.943305
12462,77.598256,12.943333
12463,77.598380,12.943624
12464,77.601858,12.943668
12465,77.602069,12.943696
12466,77.598434,12.943786
12467,77.600284,12.943862
12468,77.598518,12.944065
12469,77.599197,12.944323
12470,77.598901,12.944429
12471,77.597318,12.944512
12472,77.598812,12.945004
12473,77.599864,12.945043
12474,77.597891,12.945343
12475,77.598937,12.945374
12476,77.598031,12.945697
12477,77.601218,12.945881
12478,77.600308,12.946181
12479,77.601776,12.946347
12480,77.601424,12.946474
12481,77.599408,12.946514
12482,77.595392,12.946790
12483,77.598362,12.946916
12484,77.597748,12.946964
12485,77.595014,12.947236
12486,77.597307,12.947289
12487,77.594854,12.947430
12488,77.596792,12.947615
12489,77.581946,12.949599
12490,77.580320,12.950325
12491,77.581472,12.950314
12492,77.581487,12.950550
12493,77.582473,12.950675
12494,77.581456,12.950808
12495,77.582610,12.950950
12496,77.581445,12.951013
12497,77.582688,12.951118
12498,77.580388,12.951222
12499,77.581460,12.951274
12500,77.582848,12.951460
12501,77.581460,12.951572
12502,77.580480,12.951631
12503,77.582993,12.951771
12504,77.580540,12.951901
12505,77.583062,12.951913
12506,77.581462,12.951912
12507,77.594355,12.952057
12508,77.581463,12.952090
12509,77.580635,12.952197
12510,77.583428,12.952711
12511,77.583564,12.953020
12512,77.583684,12.953274
12513,77.581100,12.953298
12514,77.581172,12.953517
12515,77.583827,12.953582
12516,77.581235,12.953685
12517,77.581043,12.953747
12518,77.580798,12.953793
12519,77.583922,12.953793
12520,77.581275,12.953822
12521,77.582238,12.953865
12522,77.584045,12.953996
12523,77.582296,12.954068
12524,77.581359,12.954074
12525,77.583405,12.954122
12526,77.583400,12.954087
12527,77.583123,12.954136
12528,77.581776,12.954180
12529,77.581408,12.954254
12530,77.582334,12.954259
12531,77.581817,12.954369
12532,77.581467,12.954440
12533,77.581138,12.954493
12534,77.580863,12.954525
12535,77.583130,12.954670
12536,77.582779,12.954731
12537,77.582425,12.954761
12538,77.582208,12.954785
12539,77.581911,12.954813
12540,77.581178,12.954877
12541,77.581916,12.955233
12542,77.583659,12.955973
12543,77.583313,12.956036
12544,77.582956,12.956103
12545,77.582549,12.956165
12546,77.582368,12.956181
12547,77.582004,12.956206
12548,77.581676,12.956229
12549,77.581097,12.956273
12550,77.583347,12.956420
12551,77.583600,12.956359
12552,77.583003,12.956539
12553,77.582583,12.956680
12554,77.582687,12.957356
12555,77.602015,12.938840
12556,77.600607,12.939150
12557,77.602128,12.939256
12558,77.603800,12.940278
12559,77.603863,12.940468
12560,77.608096,12.940633
12561,77.603874,12.940767
12562,77.608010,12.941016
12563,77.608584,12.941225
12564,77.603916,12.941245
12565,77.603781,12.941538
12566,77.603465,12.942135
12567,77.603272,12.942428
12568,77.603454,12.942865
12569,77.603895,12.943185
12570,77.602945,12.945927
12571,77.602905,12.946338
12572,77.602505,12.946449
12573,77.602925,12.946611
12574,77.605659,12.948627
12575,77.605392,12.948641
12576,77.604709,12.948840
12577,77.603515,12.948878
12578,77.604384,12.948933
12579,77.604103,12.949026
12580,77.603819,12.949068
12581,77.606040,12.949174
12582,77.605741,12.949176
12583,77.605485,12.949194
12584,77.603657,12.949291
12585,77.604808,12.949290
12586,77.605852,12.949710
12587,77.604899,12.949706
12588,77.604665,12.949974
12589,77.604395,12.950022
12590,77.604111,12.950064
12591,77.603909,12.950104
12592,77.603308,12.950234
12593,77.605743,12.950119
12594,77.603432,12.950523
12595,77.601909,12.946678
12596,77.600679,12.947193
12597,77.600773,12.947487
12598,77.598970,12.947669
12599,77.602104,12.947900
12600,77.601972,12.948649
12601,77.596730,12.948631
12602,77.597779,12.948995
12603,77.600989,12.948989
12604,77.602081,12.949025
12605,77.600354,12.949211
12606,77.602164,12.949312
12607,77.602630,12.949355
12608,77.597390,12.949354
12609,77.602519,12.949369
12610,77.599761,12.949435
12611,77.600412,12.949582
12612,77.600091,12.949673
12613,77.601059,12.949746
12614,77.600848,12.949897
12615,77.601003,12.949932
12616,77.601307,12.950007
12617,77.602321,12.950064
12618,77.601610,12.950091
12619,77.602619,12.950112
12620,77.602755,12.950129
12621,77.601920,12.950173
12622,77.602217,12.950244
12623,77.602498,12.950315
12624,77.600362,12.950377
12625,77.602813,12.950406
12626,77.600850,12.950437
12627,77.599636,12.950640
12628,77.603139,12.950493
12629,77.598460,12.950498
12630,77.599347,12.950665
12631,77.600205,12.950724
12632,77.598653,12.950754
12633,77.601389,12.950783
12634,77.601087,12.950840
12635,77.603189,12.950875
12636,77.600846,12.950908
12637,77.599523,12.950934
12638,77.599184,12.950947
12639,77.599134,12.950959
12640,77.602912,12.950953
12641,77.600556,12.950976
12642,77.600301,12.951041
12643,77.601434,12.951150
12644,77.599337,12.951283
12645,77.601728,12.951408
12646,77.602025,12.951428
12647,77.600352,12.951496
12648,77.602855,12.951577
12649,77.602776,12.951627
12650,77.602299,12.951632
12651,77.602626,12.951709
12652,77.601680,12.951774
12653,77.601111,12.951813
12654,77.602389,12.951842
12655,77.601450,12.951908
12656,77.602159,12.951998
12657,77.602801,12.952003
12658,77.601894,12.952120
12659,77.601659,12.952253
12660,77.594154,12.952238
12661,77.600621,12.952343
12662,77.601433,12.952389
12663,77.602782,12.952518
12664,77.601529,12.952522
12665,77.602551,12.952656
12666,77.601054,12.952641
12667,77.601016,12.952651
12668,77.595479,12.952699
12669,77.600779,12.952706
12670,77.601666,12.952752
12671,77.600504,12.952771
12672,77.602313,12.952794
12673,77.600201,12.952853
12674,77.602030,12.952874
12675,77.601079,12.952942
12676,77.601806,12.953011
12677,77.600299,12.953107
12678,77.594982,12.953124
12679,77.601170,12.953241
12680,77.600476,12.953481
12681,77.598565,12.956004
12682,77.599935,12.956007
12683,77.599700,12.956253
12684,77.598663,12.956392
12685,77.600736,12.957058
12686,77.601843,12.957354
12687,77.601514,12.957649
12688,77.600939,12.957643
12689,77.601559,12.957818
12690,77.597919,12.957922
12691,77.601051,12.957989
12692,77.601602,12.957993
12693,77.602078,12.958055
12694,77.600168,12.958249
12695,77.601146,12.958312
12696,77.600252,12.958591
12697,77.598130,12.958932
12698,77.589792,12.958955
12699,77.583884,12.958985
12700,77.597492,12.959194
12701,77.602564,12.959318
12702,77.584534,12.959415
12703,77.583998,12.959583
12704,77.583266,12.959830
12705,77.602284,12.959811
12706,77.597517,12.959999
12707,77.595155,12.961253
12708,77.594847,12.961267
12709,77.595334,12.962367
12710,77.579972,12.956223
12711,77.577076,12.956382
12712,77.576815,12.956447
12713,77.576564,12.956510
12714,77.578621,12.956674
12715,77.577450,12.956934
12716,77.580772,12.956959
12717,77.577477,12.957269
12718,77.577233,12.957554
12719,77.577105,12.957550
12720,77.576933,12.957554
12721,77.576803,12.957557
12722,77.581897,12.957869
12723,77.578132,12.957872
12724,77.577778,12.957975
12725,77.577565,12.958005
12726,77.580124,12.958326
12727,77.577282,12.958338
12728,77.576973,12.958346
12729,77.578760,12.958419
12730,77.577002,12.958683
12731,77.578043,12.958778
12732,77.576614,12.958782
12733,77.577053,12.959071
12734,77.578195,12.959378
12735,77.566993,12.961395
12736,77.566244,12.961509
12737,77.571091,12.961603
12738,77.570591,12.961606
12739,77.571619,12.961610
12740,77.578474,12.961637
12741,77.566291,12.961800
12742,77.565730,12.961804
12743,77.566739,12.962070
12744,77.566749,12.962306
12745,77.567283,12.962435
12746,77.570562,12.962945
12747,77.571085,12.962950
12748,77.571643,12.962934
12749,77.572196,12.962945
12750,77.617786,12.953566
12751,77.618033,12.954574
12752,77.618409,12.954923
12753,77.618539,12.955082
12754,77.618728,12.955473
12755,77.618811,12.955617
12756,77.617926,12.956380
12757,77.618938,12.956557
12758,77.617506,12.956964
12759,77.616678,12.957324
12760,77.617779,12.957624
12761,77.618709,12.958416
12762,77.617276,12.958445
12763,77.618637,12.958674
12764,77.617350,12.958950
12765,77.616699,12.959107
12766,77.613527,12.959128
12767,77.613838,12.960006
12768,77.613634,12.960028
12769,77.617786,12.960634
12770,77.618187,12.960391
12771,77.616618,12.960903
12772,77.617318,12.960940
12773,77.603613,12.962736
12774,77.603192,12.962818
12775,77.614783,12.963096
12776,77.615601,12.963180
12777,77.604985,12.963234
12778,77.614748,12.963417
12779,77.615437,12.963482
12780,77.613743,12.963523
12781,77.603930,12.963874
12782,77.592377,12.964006
12783,77.605705,12.964330
12784,77.613566,12.964425
12785,77.616567,12.965692
12786,77.624441,12.967871
12787,77.624018,12.968140
12788,77.624914,12.968168
12789,77.625202,12.968188
12790,77.623685,12.968732
12791,77.623821,12.968805
12792,77.624264,12.969102
12793,77.624178,12.969600
12794,77.618801,12.952206
12795,77.620209,12.952689
12796,77.619652,12.952801
12797,77.619321,12.952825
12798,77.620246,12.952921
12799,77.619726,12.953027
12800,77.620291,12.953137
12801,77.619776,12.953227
12802,77.619473,12.953264
12803,77.620347,12.953364
12804,77.619818,12.953455
12805,77.620401,12.953606
12806,77.612741,12.953604
12807,77.619867,12.953696
12808,77.612775,12.953708
12809,77.620442,12.953762
12810,77.619895,12.953859
12811,77.620510,12.954004
12812,77.613196,12.953995
12813,77.612823,12.954060
12814,77.619948,12.954117
12815,77.617945,12.954140
12816,77.620576,12.954230
12817,77.619983,12.954314
12818,77.618885,12.954478
12819,77.618553,12.954580
12820,77.619802,12.954561
12821,77.619599,12.954586
12822,77.619384,12.954621
12823,77.619274,12.954648
12824,77.620703,12.954638
12825,77.612938,12.954722
12826,77.620102,12.954738
12827,77.620436,12.954904
12828,77.619981,12.954991
12829,77.616825,12.954978
12830,77.619896,12.954987
12831,77.617465,12.954995
12832,77.619691,12.955020
12833,77.619529,12.955043
12834,77.619489,12.955047
12835,77.619262,12.955072
12836,77.620014,12.955196
12837,77.619567,12.955268
12838,77.616845,12.955273
12839,77.620531,12.955387
12840,77.620301,12.955398
12841,77.617413,12.955413
12842,77.616857,12.955433
12843,77.619598,12.955498
12844,77.620357,12.955801
12845,77.620597,12.955852
12846,77.613885,12.955935
12847,77.619376,12.955960
12848,77.616712,12.955992
12849,77.618834,12.955988
12850,77.618261,12.956104
12851,77.620989,12.956159
12852,77.617320,12.956207
12853,77.618837,12.956218
12854,77.613495,12.956190
12855,77.616183,12.956361
12856,77.618877,12.956394
12857,77.615948,12.956385
12858,77.612833,12.956385
12859,77.617856,12.956475
12860,77.617297,12.956639
12861,77.617695,12.956709
12862,77.617283,12.957028
12863,77.617047,12.957056
12864,77.617905,12.957097
12865,77.618298,12.957169
12866,77.617827,12.957422
12867,77.618288,12.957478
12868,77.616652,12.957622
12869,77.616298,12.957654
12870,77.616944,12.957956
12871,77.616934,12.958193
12872,77.616361,12.939667
12873,77.618816,12.939920
12874,77.618191,12.940139
12875,77.619242,12.940555
12876,77.621010,12.941240
12877,77.619001,12.941546
12878,77.613918,12.941809
12879,77.613631,12.941938
12880,77.613359,12.942060
12881,77.614272,12.942556
12882,77.613963,12.942696
12883,77.613632,12.942797
12884,77.608899,12.943071
12885,77.611918,12.943091
12886,77.610455,12.943416
12887,77.608855,12.943744
12888,77.608688,12.944554
12889,77.608725,12.944926
12890,77.616057,12.949363
12891,77.615887,12.949373
12892,77.615720,12.949367
12893,77.615534,12.949369
12894,77.615055,12.949376
12895,77.614694,12.949380
12896,77.614554,12.949388
12897,77.614367,12.949385
12898,77.614008,12.949389
12899,77.613650,12.949400
12900,77.613476,12.949399
12901,77.613297,12.949398
12902,77.613163,12.949402
12903,77.613008,12.949406
12904,77.612851,12.949404
12905,77.612679,12.949406
12906,77.612524,12.949408
12907,77.612353,12.949383
12908,77.617140,12.949497
12909,77.616935,12.949511
12910,77.616743,12.949524
12911,77.616528,12.949533
12912,77.616384,12.949545
12913,77.616203,12.949548
12914,77.616050,12.949556
12915,77.615528,12.949551
12916,77.614665,12.949568
12917,77.615050,12.949563
12918,77.612298,12.949681
12919,77.616846,12.949685
12920,77.615037,12.949709
12921,77.615188,12.949704
12922,77.615364,12.949702
12923,77.616534,12.949715
12924,77.615516,12.949715
12925,77.613975,12.949722
12926,77.614146,12.949727
12927,77.613583,12.949727
12928,77.614338,12.949735
12929,77.612459,12.949730
12930,77.610562,12.949436
12931,77.609424,12.949589
12932,77.612606,12.949804
12933,77.616930,12.949834
12934,77.612760,12.949839
12935,77.610280,12.949862
12936,77.612912,12.949892
12937,77.614631,12.949868
12938,77.616540,12.949870
12939,77.613064,12.949920
12940,77.615009,12.949913
12941,77.609747,12.949930
12942,77.611530,12.949906
12943,77.613214,12.949947
12944,77.611763,12.949909
12945,77.613387,12.949993
12946,77.609516,12.949987
12947,77.611202,12.949843
12948,77.616555,12.950025
12949,77.613522,12.950034
12950,77.616406,12.950042
12951,77.616223,12.950060
12952,77.616063,12.950078
12953,77.615901,12.950095
12954,77.615702,12.950111
12955,77.606850,12.950140
12956,77.617166,12.950127
12957,77.615471,12.950109
12958,77.614598,12.950143
12959,77.613910,12.950135
12960,77.614077,12.950189
12961,77.614982,12.950195
12962,77.608706,12.950214
12963,77.614266,12.950241
12964,77.616068,12.950240
12965,77.608219,12.950262
12966,77.614426,12.950286
12967,77.617466,12.950296
12968,77.615454,12.950305
12969,77.617246,12.950322
12970,77.614576,12.950323
12971,77.607764,12.950337
12972,77.610656,12.950316
12973,77.614957,12.950437
12974,77.616058,12.950466
12975,77.615426,12.950520
12976,77.606882,12.950531
12977,77.606478,12.950661
12978,77.609893,12.950820
12979,77.606027,12.950894
12980,77.612544,12.951064
12981,77.608300,12.951265
12982,77.607107,12.951591
12983,77.610791,12.951621
12984,77.611445,12.951629
12985,77.610444,12.951645
12986,77.616629,12.951749
12987,77.610172,12.951667
12988,77.616448,12.951645
12989,77.616210,12.951725
12990,77.606658,12.951669
12991,77.615909,12.951695
12992,77.615616,12.951735
12993,77.606194,12.951750
12994,77.612006,12.951875
12995,77.611856,12.951941
12996,77.617118,12.952127
12997,77.616648,12.952184
12998,77.616525,12.952193
12999,77.616272,12.952214
13000,77.616007,12.952232
13001,77.615813,12.952246
13002,77.615966,12.952678
13003,77.616661,12.952847
13004,77.615985,12.952927
13005,77.617318,12.953473
13006,77.616757,12.953510
13007,77.615394,12.953602
13008,77.614813,12.953801
13009,77.615475,12.953848
13010,77.614461,12.953978
13011,77.616324,12.954229
13012,77.613943,12.954455
13013,77.613621,12.954531
13014,77.618829,12.941460
13015,77.621499,12.941624
13016,77.618513,12.941636
13017,77.618173,12.941670
13018,77.621795,12.941854
13019,77.620054,12.942625
13020,77.620448,12.943299
13021,77.618267,12.943449
13022,77.618443,12.943484
13023,77.619619,12.943640
13024,77.617209,12.943773
13025,77.618346,12.943906
13026,77.616929,12.943948
13027,77.617925,12.943976
13028,77.618582,12.944140
13029,77.618664,12.944413
13030,77.618963,12.944458
13031,77.617892,12.944765
13032,77.617817,12.944617
13033,77.617091,12.944683
13034,77.617409,12.944785
13035,77.617926,12.944967
13036,77.617982,12.945130
13037,77.617016,12.945166
13038,77.618284,12.945299
13039,77.617850,12.945362
13040,77.618084,12.945412
13041,77.617297,12.945434
13042,77.617136,12.945500
13043,77.616606,12.945529
13044,77.618370,12.945545
13045,77.617703,12.945596
13046,77.617350,12.945589
13047,77.618139,12.945620
13048,77.617182,12.945668
13049,77.617538,12.945677
13050,77.617395,12.945748
13051,77.616567,12.945766
13052,77.617766,12.945772
13053,77.617235,12.945827
13054,77.616677,12.945899
13055,77.617097,12.945928
13056,77.616570,12.945943
13057,77.617429,12.945907
13058,77.618329,12.946159
13059,77.616780,12.946086
13060,77.616987,12.946174
13061,77.616611,12.946178
13062,77.618296,12.946187
13063,77.618135,12.946254
13064,77.617969,12.946338
13065,77.616298,12.946361
13066,77.617807,12.946418
13067,77.617652,12.946495
13068,77.616545,12.946521
13069,77.617348,12.946646
13070,77.617181,12.946735
13071,77.616790,12.946754
13072,77.618644,12.946792
13073,77.617006,12.946822
13074,77.618512,12.946857
13075,77.618473,12.946877
13076,77.616835,12.946913
13077,77.617207,12.946917
13078,77.618360,12.946937
13079,77.618318,12.946959
13080,77.616691,12.946988
13081,77.618182,12.947030
13082,77.616892,12.947105
13083,77.619180,12.947102
13084,77.618033,12.947108
13085,77.618004,12.947123
13086,77.616734,12.947181
13087,77.617883,12.947196
13088,77.616580,12.947246
13089,77.618785,12.947277
13090,77.618628,12.947353
13091,77.617530,12.947372
13092,77.617920,12.947389
13093,77.617163,12.947392
13094,77.618475,12.947426
13095,77.617384,12.947448
13096,77.616994,12.947452
13097,77.618320,12.947519
13098,77.617210,12.947539
13099,77.618159,12.947616
13100,77.617039,12.947629
13101,77.618530,12.947631
13102,77.616916,12.947694
13103,77.618379,12.947715
13104,77.617119,12.947844
13105,77.618105,12.947867
13106,77.618083,12.947874
13107,77.616973,12.947901
13108,77.617967,12.947943
13109,77.617553,12.947944
13110,77.616811,12.947964
13111,77.618507,12.947985
13112,77.617829,12.948020
13113,77.617683,12.948101
13114,77.617220,12.948113
13115,77.617626,12.948132
13116,77.617546,12.948177
13117,77.618271,12.948177
13118,77.617451,12.948229
13119,77.618154,12.948274
13120,77.617413,12.948251
13121,77.617295,12.948316
13122,77.618019,12.948357
13123,77.617136,12.948404
13124,77.617891,12.948448
13125,77.617738,12.948540
13126,77.617623,12.948618
13127,77.617504,12.948712
13128,77.617379,12.948818
13129,77.619184,12.947889
13130,77.619331,12.948131
13131,77.619225,12.948194
13132,77.619104,12.948265
13133,77.618411,12.948346
13134,77.619170,12.948371
13135,77.619236,12.948476
13136,77.618495,12.948483
13137,77.619146,12.948532
13138,77.618365,12.948555
13139,77.618555,12.948580
13140,77.619046,12.948594
13141,77.618244,12.948628
13142,77.618950,12.948654
13143,77.618139,12.948692
13144,77.618628,12.948699
13145,77.618822,12.948733
13146,77.618015,12.948767
13147,77.618697,12.948811
13148,77.617912,12.948829
13149,77.619759,12.948832
13150,77.617799,12.948897
13151,77.619652,12.948897
13152,77.619838,12.948962
13153,77.617688,12.948964
13154,77.619543,12.948964
13155,77.619436,12.949029
13156,77.617270,12.949125
13157,77.619340,12.949088
13158,77.617460,12.949104
13159,77.619222,12.949160
13160,77.617669,12.949178
13161,77.619118,12.949225
13162,77.618997,12.949298
13163,77.619064,12.949407
13164,77.618916,12.949493
13165,77.618368,12.949840
13166,77.618260,12.949924
13167,77.618154,12.949991
13168,77.618042,12.950059
13169,77.617869,12.950166
13170,77.619871,12.951583
13171,77.624607,12.945996
13172,77.624253,12.946177
13173,77.624002,12.946916
13174,77.623868,12.947280
13175,77.623549,12.947581
13176,77.625088,12.947772
13177,77.624842,12.947889
13178,77.624523,12.948008
13179,77.624483,12.948024
13180,77.624283,12.948117
13181,77.624260,12.948144
13182,77.624753,12.948631
13183,77.625138,12.948696
13184,77.624673,12.948917
13185,77.624616,12.949684
13186,77.622599,12.949923
13187,77.622325,12.950119
13188,77.625525,12.950558
13189,77.624272,12.950815
13190,77.623658,12.950945
13191,77.622863,12.951049
13192,77.623840,12.952540
13193,77.623967,12.952860
13194,77.620846,12.953118
13195,77.624110,12.953579
13196,77.623311,12.954369
13197,77.623086,12.954416
13198,77.622796,12.954453
13199,77.621133,12.954493
13200,77.622382,12.954535
13201,77.621781,12.954660
13202,77.621586,12.954693
13203,77.621403,12.954730
13204,77.621179,12.954777
13205,77.622874,12.954988
13206,77.622473,12.955059
13207,77.621890,12.955160
13208,77.621701,12.955194
13209,77.621503,12.955228
13210,77.621271,12.955269
13211,77.621949,12.955538
13212,77.621762,12.955630
13213,77.621573,12.955694
13214,77.621358,12.955773
13215,77.601610,12.967163
13216,77.609193,12.971969
13217,77.608499,12.972713
13218,77.609049,12.972978
13219,77.608330,12.973976
13220,77.621723,12.977022
13221,77.621251,12.977034
13222,77.621723,12.977118
13223,77.622049,12.977123
13224,77.622484,12.977124
13225,77.621991,12.977778
13226,77.622882,12.977832
13227,77.624256,12.978615
13228,77.624335,12.979080
13229,77.623276,12.979265
13230,77.623060,12.979311
13231,77.622877,12.979349
13232,77.623137,12.979742
13233,77.622961,12.979785
13234,77.623345,12.979923
13235,77.623029,12.979987
13236,77.622799,12.980039
13237,77.625289,12.980788
13238,77.625916,12.980802
13239,77.625701,12.980800
13240,77.624816,12.981338
13241,77.625266,12.981351
13242,77.625481,12.981358
13243,77.625681,12.981373
13244,77.626114,12.981378
13245,77.625892,12.981381
13246,77.626094,12.982037
13247,77.619561,12.989637
13248,77.620602,12.992838
13249,77.621341,12.993012
13250,77.621935,12.993185
13251,77.622499,12.993241
13252,77.622006,12.993814
13253,77.620861,12.993938
13254,77.622004,12.994188
13255,77.620363,12.994125
13256,77.622550,12.994206
13257,77.621021,12.994150
13258,77.622024,12.994276
13259,77.620958,12.994321
13260,77.623039,12.994592
13261,77.620955,12.994597
13262,77.621854,12.994576
13263,77.620438,12.994623
13264,77.620961,12.994684
13265,77.620425,12.994751
13266,77.622493,12.994739
13267,77.619959,12.994749
13268,77.622536,12.994919
13269,77.620582,12.995149
13270,77.621099,12.995143
13271,77.623430,12.995487
13272,77.620313,12.995573
13273,77.608433,12.995566
13274,77.623761,12.995927
13275,77.617432,12.996108
13276,77.621497,12.996041
13277,77.624061,12.996308
13278,77.623036,12.996538
13279,77.618340,12.996566
13280,77.622563,12.996793
13281,77.616925,12.996867
13282,77.622957,12.997046
13283,77.623322,12.996873
13284,77.615323,12.997129
13285,77.616181,12.997167
13286,77.622653,12.997289
13287,77.616255,12.997352
13288,77.618524,12.997387
13289,77.622688,12.997472
13290,77.617898,12.997507
13291,77.614665,12.997531
13292,77.617494,12.997549
13293,77.617513,12.997586
13294,77.619417,12.997607
13295,77.615617,12.997667
13296,77.614963,12.997991
13297,77.620610,12.998117
13298,77.621555,12.998513
13299,77.616929,12.998784
13300,77.618426,12.998795
13301,77.617906,12.998859
13302,77.615672,12.998925
13303,77.613199,12.999377
13304,77.618766,12.999678
13305,77.611890,13.000670
13306,77.611589,13.000832
13307,77.608023,12.993568
13308,77.608200,12.994153
13309,77.615186,12.995192
13310,77.612431,12.996369
13311,77.612605,12.997289
13312,77.610451,12.997332
13313,77.610183,12.997460
13314,77.612719,12.997491
13315,77.611864,12.997593
13316,77.613536,12.997821
13317,77.612016,12.997854
13318,77.613126,12.998183
13319,77.610959,12.998829
13320,77.611466,12.999017
13321,77.610398,12.999139
13322,77.611222,12.999220
13323,77.609605,12.999474
13324,77.611464,12.999548
13325,77.610668,12.999634
13326,77.624187,12.930852
13327,77.641724,13.006741
13328,77.648856,13.013930
13329,77.653246,13.017941
13330,77.649683,13.015061
13331,77.650784,13.016512
13332,77.650874,13.016606
13333,77.648439,13.013296
13334,77.652164,13.017657
13335,77.647765,13.012336
13336,77.654712,13.018302
13337,77.651660,13.017331
13338,77.649243,13.014475
13339,77.647868,13.012578
13340,77.647181,13.011947
13341,77.645163,13.010500
13342,77.645621,13.010816
13343,77.646053,13.011150
13344,77.646499,13.011495
13345,77.643475,13.009216
13346,77.642296,13.008530
13347,77.643066,13.008928
13348,77.644503,13.009949
13349,77.646374,13.011391
13350,77.560293,13.001675
13351,77.559167,13.001951
13352,77.562092,13.019532
13353,77.561592,13.019641
13354,77.561690,13.020241
13355,77.558289,13.013020
13356,77.579482,12.969425
13357,77.635513,12.961546
13358,77.635607,12.962300
13359,77.635419,12.962335
13360,77.628261,12.962332
13361,77.635358,12.963108
13362,77.634527,12.963774
13363,77.635016,12.964032
13364,77.634515,12.964094
13365,77.635012,12.964113
13366,77.634279,12.964351
13367,77.634505,12.964362
13368,77.634495,12.964637
13369,77.634670,12.964643
13370,77.633832,12.964725
13371,77.634286,12.964728
13372,77.634282,12.964888
13373,77.634660,12.964902
13374,77.635307,12.964925
13375,77.634276,12.965006
13376,77.633661,12.965048
13377,77.634267,12.965186
13378,77.634715,12.965212
13379,77.633593,12.965364
13380,77.639062,12.966274
13381,77.643393,12.967523
13382,77.643747,12.967912
13383,77.644023,12.967949
13384,77.643410,12.967955
13385,77.643773,12.968054
13386,77.643360,12.968105
13387,77.644001,12.968178
13388,77.642746,12.968196
13389,77.643303,12.968210
13390,77.630086,12.972717
13391,77.629755,12.972855
13392,77.631879,12.972977
13393,77.630441,12.973211
13394,77.632856,12.973023
13395,77.631807,12.973458
13396,77.631475,12.973297
13397,77.631172,12.973327
13398,77.636277,12.973385
13399,77.632092,12.973434
13400,77.630342,12.973538
13401,77.638481,12.973545
13402,77.631528,12.973602
13403,77.631231,12.973632
13404,77.630034,12.973719
13405,77.629788,12.973854
13406,77.630659,12.973927
13407,77.629531,12.973972
13408,77.631518,12.974183
13409,77.630367,12.974376
13410,77.640252,12.974232
13411,77.631338,12.974232
13412,77.631170,12.974604
13413,77.631778,12.974617
13414,77.638183,12.974667
13415,77.630976,12.974685
13416,77.630581,12.974856
13417,77.631111,12.975409
13418,77.628338,12.975577
13419,77.631199,12.975639
13420,77.628227,12.975665
13421,77.630342,12.975580
13422,77.629544,12.975927
13423,77.630496,12.975926
13424,77.629167,12.976092
13425,77.630619,12.976234
13426,77.630388,12.976330
13427,77.629286,12.976371
13428,77.630201,12.976538
13429,77.629824,12.977196
13430,77.627957,12.968931
13431,77.628425,12.969217
13432,77.625590,12.969364
13433,77.628254,12.969506
13434,77.633822,12.971459
13435,77.629675,12.971567
13436,77.634855,12.971995
13437,77.629646,12.972253
13438,77.629333,12.972377
13439,77.634773,12.972718
13440,77.628416,12.973551
13441,77.629361,12.973692
13442,77.628184,12.973710
13443,77.628664,12.973945
13444,77.628472,12.974198
13445,77.628085,12.974428
13446,77.626963,12.975188
13447,77.626784,12.975270
13448,77.625830,12.975328
13449,77.626514,12.975392
13450,77.627201,12.975664
13451,77.626996,12.975761
13452,77.626828,12.975849
13453,77.627731,12.976665
13454,77.632252,12.976738
13455,77.628683,12.977465
13456,77.629669,12.978027
13457,77.632886,12.978100
13458,77.632366,12.978217
13459,77.629750,12.978366
13460,77.622894,12.978440
13461,77.625799,12.978724
13462,77.626271,12.978763
13463,77.623226,12.978796
13464,77.622949,12.978826
13465,77.622992,12.979140
13466,77.625891,12.979208
13467,77.627574,12.979347
13468,77.627363,12.979418
13469,77.626899,12.979523
13470,77.628828,12.979956
13471,77.628562,12.980017
13472,77.628308,12.980077
13473,77.627968,12.980137
13474,77.627796,12.980164
13475,77.627593,12.980212
13476,77.625262,12.980308
13477,77.629085,12.980296
13478,77.627129,12.980329
13479,77.628441,12.980554
13480,77.628091,12.980645
13481,77.625058,12.980767
13482,77.626258,12.980779
13483,77.628408,12.980761
13484,77.630545,12.980881
13485,77.628334,12.981196
13486,77.630200,12.981001
13487,77.629596,12.981184
13488,77.630366,12.981507
13489,77.627484,12.981605
13490,77.627306,12.981649
13491,77.626573,12.982060
13492,77.629860,12.982530
13493,77.629711,12.982533
13494,77.629562,12.982646
13495,77.629380,12.982684
13496,77.642465,12.984815
13497,77.641543,12.959395
13498,77.643843,12.956390
13499,77.649984,12.943470
13500,77.648948,12.943837
13501,77.649224,12.944705
13502,77.647988,12.945371
13503,77.649409,12.947271
13504,77.659808,12.952913
13505,77.659526,12.952920
13506,77.658455,12.952942
13507,77.659243,12.952940
13508,77.654022,12.953097
13509,77.654753,12.953128
13510,77.654793,12.953404
13511,77.653828,12.953424
13512,77.660125,12.953433
13513,77.659838,12.953450
13514,77.659687,12.953466
13515,77.659557,12.953479
13516,77.659400,12.953489
13517,77.659279,12.953496
13518,77.659128,12.953505
13519,77.654792,12.953598
13520,77.654550,12.953765
13521,77.653961,12.953690
13522,77.654250,12.953803
13523,77.655023,12.953829
13524,77.654901,12.953944
13525,77.654638,12.954028
13526,77.654355,12.954118
13527,77.654141,12.954186
13528,77.660169,12.954221
13529,77.659928,12.954352
13530,77.659679,12.954478
13531,77.659427,12.954608
13532,77.659183,12.954734
13533,77.655342,12.954742
13534,77.659814,12.954816
13535,77.658986,12.954845
13536,77.658944,12.954868
13537,77.655391,12.954938
13538,77.659924,12.955080
13539,77.654239,12.955115
13540,77.659150,12.955142
13541,77.659272,12.955387
13542,77.655237,12.955475
13543,77.660915,12.955633
13544,77.660049,12.955623
13545,77.659389,12.955645
13546,77.655333,12.955854
13547,77.658029,12.955841
13548,77.658879,12.955885
13549,77.659496,12.955896
13550,77.660891,12.955972
13551,77.659959,12.956152
13552,77.659713,12.956182
13553,77.654243,12.956178
13554,77.659140,12.956210
13555,77.654010,12.956336
13556,77.655889,12.956256
13557,77.655704,12.956292
13558,77.655192,12.956375
13559,77.654704,12.957171
13560,77.655983,12.957048
13561,77.654521,12.957302
13562,77.654991,12.957154
13563,77.655461,12.957186
13564,77.657068,12.957242
13565,77.656597,12.957230
13566,77.656142,12.957320
13567,77.655036,12.957299
13568,77.656628,12.957353
13569,77.655533,12.957482
13570,77.656291,12.957528
13571,77.659134,12.957343
13572,77.654717,12.957592
13573,77.655111,12.957587
13574,77.656206,12.957598
13575,77.654497,12.957649
13576,77.655606,12.957756
13577,77.659292,12.959032
13578,77.642228,12.979127
13579,77.645586,12.979728
13580,77.644608,12.980116
13581,77.646244,12.980194
13582,77.647350,12.980455
13583,77.646070,12.980975
13584,77.647671,12.981089
13585,77.647332,12.981094
13586,77.639093,12.955069
13587,77.638794,12.955128
13588,77.637077,12.955161
13589,77.638998,12.956024
13590,77.638718,12.956085
13591,77.637416,12.956354
13592,77.637456,12.956432
13593,77.637219,12.956412
13594,77.637088,12.956726
13595,77.637341,12.956970
13596,77.638070,12.957425
13597,77.638164,12.957487
13598,77.640833,12.957899
13599,77.643427,12.961276
13600,77.644702,12.961424
13601,77.643034,12.961567
13602,77.642353,12.961620
13603,77.643047,12.961801
13604,77.642208,12.961881
13605,77.643068,12.962235
13606,77.642206,12.962359
13607,77.646685,12.963695
13608,77.638430,13.020660
13609,77.636710,13.018877
13610,77.628232,12.939246
13611,77.628085,12.940071
13612,77.629009,12.942256
13613,77.631105,12.938568
13614,77.630622,12.939101
13615,77.630274,12.939476
13616,77.630086,12.939501
13617,77.629701,12.939943
13618,77.629252,12.941579
13619,77.629193,12.941748
13620,77.629140,12.941895
13621,77.627996,12.943576
13622,77.627184,12.944406
13623,77.627060,12.944513
13624,77.626355,12.945134
13625,77.628926,12.942514
13626,77.627937,12.941818
13627,77.629838,12.940712
13628,77.631452,12.941124
13629,77.628463,12.943407
13630,77.629363,12.943231
13631,77.628491,12.943586
13632,77.629359,12.943490
13633,77.628894,12.944407
13634,77.629032,12.944324
13635,77.629025,12.943896
13636,77.629317,12.944311
13637,77.628924,12.945564
13638,77.629456,12.945576
13639,77.628913,12.945324
13640,77.629570,12.945342
13641,77.560111,12.935182
13642,77.560171,12.935531
13643,77.559312,12.934251
13644,77.607061,12.986206
13645,77.606257,12.986263
13646,77.611285,12.986559
13647,77.606249,12.986570
13648,77.605376,12.986629
13649,77.601916,12.986638
13650,77.604420,12.986667
13651,77.601661,12.986691
13652,77.602935,12.986710
13653,77.604348,12.986747
13654,77.607109,12.986826
13655,77.601496,12.986859
13656,77.606088,12.986861
13657,77.611306,12.986967
13658,77.610578,12.987314
13659,77.608595,12.987350
13660,77.606135,12.987415
13661,77.608154,12.987487
13662,77.611079,12.987492
13663,77.605465,12.987561
13664,77.605147,12.987621
13665,77.610755,12.987653
13666,77.607581,12.987664
13667,77.606136,12.987657
13668,77.608252,12.987736
13669,77.605519,12.987831
13670,77.607642,12.987859
13671,77.605170,12.987899
13672,77.608425,12.987957
13673,77.604563,12.987989
13674,77.607646,12.988120
13675,77.607530,12.988143
13676,77.608806,12.988313
13677,77.611317,12.988327
13678,77.601591,12.988397
13679,77.604769,12.988508
13680,77.604461,12.988530
13681,77.609266,12.988754
13682,77.611156,12.988795
13683,77.612485,12.988843
13684,77.610843,12.988849
13685,77.610424,12.988926
13686,77.612540,12.988927
13687,77.606649,12.989009
13688,77.608529,12.989013
13689,77.607984,12.989048
13690,77.608950,12.989127
13691,77.607726,12.989086
13692,77.607487,12.989107
13693,77.607037,12.989113
13694,77.605468,12.989172
13695,77.605777,12.989252
13696,77.605632,12.989233
13697,77.604889,12.989374
13698,77.604688,12.989425
13699,77.611848,12.989496
13700,77.606308,12.989450
13701,77.605867,12.989619
13702,77.611105,12.989638
13703,77.607078,12.989658
13704,77.610962,12.989672
13705,77.605943,12.989929
13706,77.608464,12.990179
13707,77.608278,12.990220
13708,77.610124,12.990433
13709,77.611211,12.990507
13710,77.610773,12.990582
13711,77.609290,12.990586
13712,77.610177,12.990685
13713,77.610827,12.990854
13714,77.607931,12.990928
13715,77.610239,12.990976
13716,77.607922,12.991082
13717,77.607425,12.991089
13718,77.607939,12.991383
13719,77.608839,12.991520
13720,77.608472,12.991751
13721,77.608813,12.991663
13722,77.608161,12.991851
13723,77.608253,12.992057
13724,77.608636,12.992900
13725,77.608409,12.992925
13726,77.604136,12.988553
13727,77.603192,12.988620
13728,77.602362,12.988996
13729,77.604173,12.988964
13730,77.604305,12.989066
13731,77.602120,12.989262
13732,77.604401,12.990144
13733,77.604411,12.990462
13734,77.603123,12.990495
13735,77.604389,12.990820
13736,77.603808,12.990836
13737,77.602994,12.991862
13738,77.612849,12.984023
13739,77.612410,12.984272
13740,77.611713,12.984289
13741,77.612020,12.984567
13742,77.610367,12.984687
13743,77.614639,12.984873
13744,77.613168,12.985379
13745,77.613270,12.985572
13746,77.607002,12.985851
13747,77.611886,12.985956
13748,77.606615,12.990530
13749,77.606094,12.990630
13750,77.608646,12.991172
13751,77.609154,12.991372
13752,77.608043,12.991574
13753,77.609151,12.991611
13754,77.608048,12.992984
13755,77.602879,12.985007
13756,77.603556,12.985154
13757,77.601798,12.985236
13758,77.603959,12.985241
13759,77.604260,12.985305
13760,77.604609,12.985382
13761,77.602546,12.985749
13762,77.601859,12.985844
13763,77.601862,12.985941
13764,77.601404,12.986011
13765,77.604287,12.986053
13766,77.604017,12.986089
13767,77.603842,12.986113
13768,77.603571,12.986117
13769,77.600083,12.986293
13770,77.600975,12.986465
13771,77.603559,12.986546
13772,77.602873,12.986556
13773,77.601525,12.986601
13774,77.603910,12.986721
13775,77.603855,12.986733
13776,77.598353,12.974490
13777,77.598976,12.974635
13778,77.572265,12.986840
13779,77.573053,12.986953
13780,77.573139,12.987699
13781,77.594642,12.981902
13782,77.585570,12.953917
13783,77.583972,13.020328
13784,77.564388,12.975764
13785,77.564437,12.975962
13786,77.601454,13.028974
13787,77.604335,13.027595
13788,77.602250,13.028099
13789,77.602127,13.028799
13790,77.601932,13.028145
13791,77.619301,13.003208
13792,77.619521,13.003631
13793,77.589912,12.962462
13794,77.560357,12.967988
13795,77.559269,12.968693
13796,77.585361,12.993258
13797,77.657677,13.008264
13798,77.658541,13.008139
13799,77.578081,12.930888
13800,77.559826,12.929125
13801,77.561894,12.929293
13802,77.572725,12.929598
13803,77.561641,12.929583
13804,77.562147,12.929618
13805,77.572421,12.929651
13806,77.561096,12.929674
13807,77.562392,12.929643
13808,77.559722,12.929651
13809,77.559338,12.929664
13810,77.572095,12.929715
13811,77.560533,12.929799
13812,77.567771,12.929976
13813,77.561156,12.930049
13814,77.562639,12.930050
13815,77.559865,12.930060
13816,77.560924,12.930080
13817,77.560445,12.930172
13818,77.563646,12.930188
13819,77.560133,12.930259
13820,77.565169,12.930234
13821,77.561935,12.930267
13822,77.572236,12.930270
13823,77.571166,12.930281
13824,77.567992,12.930315
13825,77.566819,12.930317
13826,77.561308,12.930353
13827,77.562661,12.930374
13828,77.561669,12.930400
13829,77.560872,12.930426
13830,77.565229,12.930519
13831,77.560465,12.930533
13832,77.572306,12.930557
13833,77.568071,12.930577
13834,77.571186,12.930582
13835,77.562169,12.930604
13836,77.570374,12.930592
13837,77.562413,12.930614
13838,77.562673,12.930623
13839,77.561070,12.930640
13840,77.560292,12.930735
13841,77.560740,12.930729
13842,77.565279,12.930819
13843,77.560162,12.930886
13844,77.562555,12.930890
13845,77.572389,12.930893
13846,77.571209,12.930895
13847,77.571661,12.930901
13848,77.560775,12.930902
13849,77.561183,12.930905
13850,77.560107,12.930950
13851,77.570213,12.931023
13852,77.561150,12.931048
13853,77.570496,12.931058
13854,77.572433,12.931066
13855,77.560779,12.931068
13856,77.567115,12.931105
13857,77.571668,12.931123
13858,77.572453,12.931136
13859,77.573143,12.931232
13860,77.567176,12.931262
13861,77.561097,12.931282
13862,77.560775,12.931293
13863,77.560650,12.931319
13864,77.572835,12.931325
13865,77.571246,12.931344
13866,77.560219,12.931408
13867,77.572513,12.931409
13868,77.570643,12.931523
13869,77.566501,12.931505
13870,77.569545,12.931534
13871,77.571270,12.931543
13872,77.560711,12.931565
13873,77.567284,12.931556
13874,77.570728,12.931611
13875,77.568729,12.931605
13876,77.560472,12.931620
13877,77.572578,12.931687
13878,77.570825,12.931719
13879,77.571289,12.931785
13880,77.568748,12.931792
13881,77.559260,12.931804
13882,77.571006,12.931912
13883,77.567449,12.931904
13884,77.572642,12.931963
13885,77.561526,12.931998
13886,77.568781,12.931982
13887,77.560374,12.932275
13888,77.561289,12.932065
13889,77.567606,12.932111
13890,77.572691,12.932175
13891,77.568844,12.932182
13892,77.571197,12.932271
13893,77.567683,12.932333
13894,77.571367,12.932353
13895,77.568885,12.932377
13896,77.572755,12.932454
13897,77.568912,12.932493
13898,77.571401,12.932536
13899,77.567770,12.932562
13900,77.568974,12.932677
13901,77.567827,12.932759
13902,77.571436,12.932764
13903,77.569024,12.932840
13904,77.570274,12.933006
13905,77.573222,12.933049
13906,77.569081,12.933083
13907,77.571487,12.933124
13908,77.572652,12.933100
13909,77.569144,12.933292
13910,77.571523,12.933421
13911,77.569235,12.933556
13912,77.569325,12.933873
13913,77.564465,12.933907
13914,77.573257,12.933988
13915,77.572837,12.933957
13916,77.572011,12.934005
13917,77.571604,12.934034
13918,77.564434,12.934283
13919,77.571667,12.934509
13920,77.570911,12.934527
13921,77.564469,12.934582
13922,77.563154,12.934690
13923,77.564526,12.934744
13924,77.569539,12.934886
13925,77.563895,12.935195
13926,77.564891,12.935303
13927,77.563415,12.935379
13928,77.561158,12.935721
13929,77.570772,12.935874
13930,77.570167,12.935969
13931,77.569299,12.936056
13932,77.561599,12.936125
13933,77.562847,12.936411
13934,77.561232,12.936423
13935,77.559814,12.936639
13936,77.562893,12.936730
13937,77.561213,12.936735
13938,77.562370,12.936895
13939,77.559864,12.936958
13940,77.562453,12.936963
13941,77.561213,12.937042
13942,77.565957,12.938112
13943,77.571246,12.940603
13944,77.561018,12.941662
13945,77.565080,12.942935
13946,77.565074,12.943250
13947,77.557484,12.944494
13948,77.585805,13.027173
13949,77.584574,13.022643
13950,77.585168,13.025572
13951,77.601635,12.984668
13952,77.601728,12.984680
13953,77.601705,12.984688
13954,77.599718,12.984323
13955,77.600322,12.992192
13956,77.574230,12.990619
13957,77.621161,13.006583
13958,77.623614,13.009659
13959,77.625450,13.011881
13960,77.625564,13.012039
13961,77.625027,13.011263
13962,77.625236,13.011566
13963,77.631401,13.025277
13964,77.631526,13.025593
13965,77.631235,13.024722
13966,77.631780,13.026253
13967,77.628440,13.021093
13968,77.607424,12.944809
13969,77.609324,12.943127
13970,77.608862,12.943984
13971,77.608852,12.944184
13972,77.643395,13.009160
13973,77.606824,12.966239
13974,77.605464,12.950882
13975,77.603750,12.951379
13976,77.572510,13.029117
13977,77.572655,13.029729
13978,77.572589,13.029421
13979,77.567035,13.013327
13980,77.566999,13.013263
13981,77.598459,12.947975
13982,77.652072,12.975394
13983,77.652403,12.975328
13984,77.652003,12.975078
13985,77.652324,12.975007
13986,77.651633,12.975176
13987,77.651755,12.975752
13988,77.652123,12.975668
13989,77.610215,12.980923
13990,77.584316,12.997750
13991,77.566231,12.946026
13992,77.566971,12.946035
13993,77.572755,12.945250
13994,77.572682,12.945018
13995,77.573813,12.945885
13996,77.581907,12.930752
13997,77.599176,13.023865
13998,77.599374,13.024484
13999,77.598963,13.024537
14000,77.599527,13.024475
14001,77.599569,13.025195
14002,77.599246,13.024504
14003,77.598667,13.024077
14004,77.598700,13.024557
14005,77.573765,12.950802
14006,77.592591,12.966608
14007,77.592612,12.967254
14008,77.600525,12.930589
14009,77.599262,12.930695
14010,77.598324,12.930886
14011,77.599694,12.930661
14012,77.599625,12.929669
14013,77.598319,12.931342
14014,77.597476,12.931398
14015,77.597075,12.931411
14016,77.597454,12.931828
14017,77.598202,12.932206
14018,77.598826,12.931344
14019,77.598700,12.931769
14020,77.597092,12.931845
14021,77.598789,12.932263
14022,77.598302,12.930511
14023,77.598238,12.930244
14024,77.597455,12.930804
14025,77.597190,12.932190
14026,77.596828,12.930451
14027,77.597507,12.930032
14028,77.597128,12.930404
14029,77.597553,12.930313
14030,77.597500,12.929746
14031,77.596825,12.931779
14032,77.598816,12.931093
14033,77.595527,12.931311
14034,77.595518,12.931975
14035,77.596181,12.931954
14036,77.595520,12.932327
14037,77.596627,12.932480
14038,77.595060,12.932320
14039,77.595347,12.932343
14040,77.594753,12.932047
14041,77.594739,12.931158
14042,77.592563,12.930585
14043,77.597110,12.944306
14044,77.620581,12.943536
14045,77.573251,12.994301
14046,77.650648,13.017410
14047,77.650599,13.017987
14048,77.573063,12.988555
14049,77.573431,12.988599
14050,77.577162,12.988112
14051,77.577241,12.988217
14052,77.577571,12.987959
14053,77.581752,12.985036
14054,77.562558,12.941730
14055,77.562545,12.942553
14056,77.651138,12.955107
14057,77.653016,12.954437
14058,77.651360,12.953966
14059,77.651856,12.954871
14060,77.622345,13.000555
14061,77.622539,13.001128
14062,77.620930,13.006270
14063,77.619520,13.006830
14064,77.618296,13.006994
14065,77.615066,13.008635
14066,77.614830,13.008253
14067,77.614583,13.007854
14068,77.613324,13.008608
14069,77.595409,12.979915
14070,77.656717,13.020548
14071,77.655411,13.021350
14072,77.655557,13.021575
14073,77.656887,13.020772
14074,77.654996,13.022423
14075,77.656363,13.020086
14076,77.656316,13.018939
14077,77.656348,13.019444
14078,77.656037,13.019074
14079,77.653107,13.021634
14080,77.654124,13.023490
14081,77.654365,13.024120
14082,77.657184,13.021161
14083,77.659241,13.019951
14084,77.657007,13.020930
14085,77.655422,13.020869
14086,77.656449,13.020197
14087,77.655787,13.020630
14088,77.657672,13.020858
14089,77.658655,13.022405
14090,77.657738,13.022189
14091,77.658295,13.021848
14092,77.657839,13.022425
14093,77.658450,13.022095
14094,77.657624,13.021923
14095,77.658137,13.021598
14096,77.657834,13.021116
14097,77.657369,13.021399
14098,77.657249,13.018515
14099,77.658732,13.018774
14100,77.658464,13.017992
14101,77.658627,13.018455
14102,77.657474,13.018930
14103,77.660038,13.019488
14104,77.659811,13.018737
14105,77.657287,13.021296
14106,77.656242,13.021398
14107,77.589709,12.995193
14108,77.589005,12.993127
14109,77.590954,12.995120
14110,77.591399,12.995146
14111,77.587985,12.996364
14112,77.588719,12.995977
14113,77.589374,12.995663
14114,77.584525,12.997500
14115,77.584597,12.997015
14116,77.583935,13.003104
14117,77.588874,12.993127
14118,77.588939,12.993185
14119,77.589469,12.994479
14120,77.594288,12.994347
14121,77.594519,12.994897
14122,77.591419,12.995231
14123,77.586310,12.997636
14124,77.583870,12.997710
14125,77.584748,12.997792
14126,77.584314,12.997801
14127,77.572207,13.003305
14128,77.571234,13.004498
14129,77.570801,13.004507
14130,77.569977,13.004527
14131,77.585154,12.937152
14132,77.585166,12.937976
14133,77.585186,12.939364
14134,77.585218,12.941585
14135,77.586094,12.943026
14136,77.644878,12.967564
14137,77.645665,12.968196
14138,77.573315,12.934155
14139,77.573778,12.934047
14140,77.581468,12.996631
14141,77.580511,12.996522
14142,77.580523,12.996951
14143,77.580014,12.997314
14144,77.569165,12.982096
14145,77.569378,12.983012
14146,77.568958,12.981103
14147,77.570170,12.982457
14148,77.570318,12.982199
14149,77.569651,12.982214
14150,77.569149,12.982309
14151,77.572769,13.028613
14152,77.617864,12.989925
14153,77.619298,12.991656
14154,77.619472,12.989636
14155,77.618274,12.989640
14156,77.619340,12.991433
14157,77.608869,12.998862
14158,77.620450,13.002519
14159,77.619845,13.003307
14160,77.616367,12.973221
14161,77.619544,12.972663
14162,77.636874,13.019405
14163,77.637745,13.019239
14164,77.636774,13.019130
14165,77.637695,13.018991
14166,77.636923,13.019700
14167,77.637865,13.019486
14168,77.637633,13.018726
14169,77.637484,13.019579
14170,77.637269,13.018782
14171,77.566197,13.013769
14172,77.583419,13.014602
14173,77.565196,13.014359
14174,77.566229,13.013849
14175,77.583797,13.014570
14176,77.566366,13.014175
14177,77.564016,13.015084
14178,77.648795,12.955523
14179,77.648919,12.955777
14180,77.650842,12.953783
14181,77.651218,12.955344
14182,77.651431,12.955284
14183,77.650733,12.955482
14184,77.651119,12.955372
14185,77.651396,12.956183
14186,77.650676,12.955025
14187,77.650342,12.954290
14188,77.650511,12.955074
14189,77.650009,12.954257
14190,77.650132,12.955179
14191,77.649754,12.954295
14192,77.649968,12.955230
14193,77.649618,12.954383
14194,77.593498,12.948860
14195,77.585156,12.943876
14196,77.587952,12.946246
14197,77.593552,12.948791
14198,77.593410,12.948731
14199,77.600245,13.023842
14200,77.602168,13.024420
14201,77.601861,13.023756
14202,77.601233,13.023952
14203,77.601652,13.023821
14204,77.601246,13.022821
14205,77.603277,13.024389
14206,77.605100,13.024391
14207,77.623379,12.926561
14208,77.600564,13.028255
14209,77.601127,13.026147
14210,77.601457,13.027800
14211,77.601497,13.028169
14212,77.603150,13.025324
14213,77.603625,13.026664
14214,77.604038,13.026548
14215,77.602683,13.025511
14216,77.603214,13.027017
14217,77.602355,13.025651
14218,77.603001,13.027568
14219,77.602020,13.025796
14220,77.602474,13.027380
14221,77.603087,12.994054
14222,77.591319,12.967011
14223,77.629028,13.001929
14224,77.579658,13.023764
14225,77.579900,13.023652
14226,77.564053,13.015158
14227,77.608958,13.025908
14228,77.610345,13.025529
14229,77.611571,13.028208
14230,77.567518,13.013057
14231,77.567480,13.012996
14232,77.606712,12.964402
14233,77.611325,12.928201
14234,77.656224,12.962361
14235,77.657068,12.962165
14236,77.637165,13.022276
14237,77.639562,13.021543
14238,77.561708,12.975645
14239,77.619595,12.971658
14240,77.618042,12.970643
14241,77.617117,12.970075
14242,77.644400,12.961241
14243,77.589112,12.930925
14244,77.582384,13.004371
14245,77.580636,13.005413
14246,77.578711,13.006234
14247,77.578999,13.006264
14248,77.578924,13.006593
14249,77.611996,13.027896
14250,77.613768,13.029684
14251,77.613274,13.030002
14252,77.613009,13.030174
14253,77.629111,13.003184
14254,77.628615,13.003362
14255,77.559736,13.003000
14256,77.560203,13.003307
14257,77.560937,13.003488
14258,77.559353,13.002319
14259,77.560282,13.002063
14260,77.560292,13.000595
14261,77.560284,13.001791
14262,77.610271,13.029179
14263,77.610004,13.029352
14264,77.607665,13.029488
14265,77.606758,13.029510
14266,77.607814,13.029733
14267,77.610656,13.029780
14268,77.606838,13.029784
14269,77.610335,13.029860
14270,77.607961,13.029976
14271,77.606916,13.030053
14272,77.606990,13.030325
14273,77.607084,13.030628
14274,77.606519,13.031042
14275,77.610605,13.031177
14276,77.633623,12.932899
14277,77.633402,12.931664
14278,77.581893,12.940754
14279,77.584447,12.942820
14280,77.584084,12.941591
14281,77.633495,12.932207
14282,77.631408,12.934237
14283,77.632445,12.933190
14284,77.632863,12.933596
14285,77.633736,12.933284
14286,77.633110,12.933836
14287,77.633569,12.932601
14288,77.633888,12.933687
14289,77.632800,12.934146
14290,77.631110,12.933946
14291,77.631807,12.934628
14292,77.631310,12.935099
14293,77.630825,12.934222
14294,77.631549,12.934870
14295,77.625786,12.938945
14296,77.631537,12.935299
14297,77.633663,12.934535
14298,77.634092,12.934929
14299,77.634304,12.934393
14300,77.633906,12.934756
14301,77.587064,12.931066
14302,77.570396,12.942625
14303,77.570749,12.942622
14304,77.571145,12.942633
14305,77.571866,12.942637
14306,77.572358,12.942633
14307,77.572863,12.942629
14308,77.571546,12.947750
14309,77.571552,12.947342
14310,77.571563,12.946593
14311,77.571886,12.945577
14312,77.572027,12.945832
14313,77.573766,12.933881
14314,77.575249,12.932177
14315,77.572937,12.937299
14316,77.573847,12.937279
14317,77.575346,12.937276
14318,77.576824,12.935616
14319,77.578037,12.935540
14320,77.575792,12.936247
14321,77.576894,12.936101
14322,77.577851,12.935974
14323,77.578183,12.934797
14324,77.577411,12.934911
14325,77.577485,12.935262
14326,77.577475,12.935262
14327,77.577324,12.935232
14328,77.575396,12.935240
14329,77.576800,12.935422
14330,77.563716,12.936279
14331,77.564592,12.936092
14332,77.565119,12.936252
14333,77.565706,12.936157
14334,77.647660,12.981379
14335,77.648234,12.982758
14336,77.650423,12.981893
14337,77.646538,12.981150
14338,77.625595,12.946616
14339,77.626825,12.946454
14340,77.625347,12.946648
14341,77.625261,12.946136
14342,77.625431,12.947593
14343,77.626994,12.947108
14344,77.626041,12.948293
14345,77.626322,12.948200
14346,77.627040,12.948028
14347,77.627285,12.949109
14348,77.627223,12.948825
14349,77.627103,12.948321
14350,77.626992,12.946743
14351,77.625269,12.947004
14352,77.625202,12.946679
14353,77.627400,12.946704
14354,77.628424,12.947282
14355,77.627820,12.947311
14356,77.626709,12.945767
14357,77.625382,12.945565
14358,77.626273,12.945555
14359,77.626686,12.945527
14360,77.627936,12.945131
14361,77.628909,12.945166
14362,77.627156,12.945141
14363,77.627185,12.944510
14364,77.627446,12.945133
14365,77.627403,12.944227
14366,77.627717,12.945134
14367,77.627567,12.944059
14368,77.627656,12.943962
14369,77.628513,12.943789
14370,77.628395,12.943050
14371,77.627351,12.943274
14372,77.627072,12.942530
14373,77.626996,12.941435
14374,77.627108,12.941147
14375,77.628915,12.941260
14376,77.627859,12.941383
14377,77.627897,12.941599
14378,77.628830,12.941502
14379,77.627992,12.942097
14380,77.628544,12.943003
14381,77.626264,12.944919
14382,77.626303,12.944721
14383,77.626361,12.942493
14384,77.626746,12.943215
14385,77.626450,12.943281
14386,77.626574,12.942255
14387,77.628056,12.942374
14388,77.626318,12.942010
14389,77.627629,12.943180
14390,77.627348,12.942317
14391,77.627080,12.943818
14392,77.627168,12.944167
14393,77.625950,12.946325
14394,77.626758,12.946238
14395,77.626743,12.946082
14396,77.627536,12.946023
14397,77.626718,12.945837
14398,77.627284,12.945790
14399,77.627316,12.946038
14400,77.626046,12.946074
14401,77.626734,12.946012
14402,77.626067,12.947355
14403,77.625940,12.948561
14404,77.626380,12.948446
14405,77.628076,12.947882
14406,77.627059,12.947795
14407,77.628205,12.947639
14408,77.627060,12.947579
14409,77.628326,12.947459
14410,77.626020,12.949004
14411,77.626049,12.949088
14412,77.625131,12.948333
14413,77.624977,12.949669
14414,77.625227,12.949561
14415,77.625800,12.949574
14416,77.626412,12.949855
14417,77.625871,12.948144
14418,77.625684,12.949389
14419,77.622984,12.949065
14420,77.622607,12.948650
14421,77.623414,12.948708
14422,77.623031,12.948098
14423,77.623561,12.948536
14424,77.623209,12.947941
14425,77.623234,12.948435
14426,77.623044,12.948560
14427,77.622752,12.948443
14428,77.620183,12.952511
14429,77.622704,12.973343
14430,77.626201,12.977465
14431,77.626820,12.977263
14432,77.624591,12.977844
14433,77.625270,12.977721
14434,77.625708,12.975219
14435,77.626066,12.975575
14436,77.626805,12.976549
14437,77.628433,12.978026
14438,77.628582,12.978202
14439,77.630609,12.980849
14440,77.621375,12.996431
14441,77.621398,12.996325
14442,77.621348,12.996357
14443,77.621444,12.996417
14444,77.621412,12.996435
14445,77.621445,12.996345
14446,77.621452,12.996404
14447,77.635138,12.963402
14448,77.636312,12.963424
14449,77.635025,12.963793
14450,77.635582,12.964199
14451,77.640295,12.968510
14452,77.635968,12.964215
14453,77.636226,12.964424
14454,77.637333,13.019032
14455,77.637410,13.019298
14456,77.599593,12.985335
14457,77.599270,12.984515
14458,77.597736,12.985670
14459,77.598170,12.985468
14460,77.598736,12.985288
14461,77.599473,12.985003
14462,77.600516,12.985066
14463,77.598564,12.984112
14464,77.601995,12.987566
14465,77.601792,12.988365
14466,77.602076,12.988354
14467,77.603851,12.989598
14468,77.604580,12.990161
14469,77.586001,12.992900
14470,77.609945,12.965069
14471,77.629550,13.003741
14472,77.628624,13.004033
14473,77.591525,12.993488
14474,77.589876,12.995009
14475,77.573361,12.974401
14476,77.566870,12.971660
14477,77.573360,12.974487
14478,77.654348,12.955294
14479,77.654835,12.955362
14480,77.654892,12.955546
14481,77.654743,12.955580
14482,77.654954,12.955734
14483,77.655131,12.955906
14484,77.654776,12.955956
14485,77.654845,12.956407
14486,77.655749,12.956870
14487,77.655388,12.956919
14488,77.654960,12.957043
14489,77.656032,12.958018
14490,77.655274,12.958184
14491,77.659619,12.959106
14492,77.659843,12.959129
14493,77.657657,12.959238
14494,77.658593,12.959430
14495,77.657688,12.959447
14496,77.659668,12.959770
14497,77.658630,12.959844
14498,77.657169,12.961095
14499,77.658140,12.971893
14500,77.656316,12.979840
14501,77.648291,12.987122
14502,77.652452,12.952206
14503,77.652035,12.952219
14504,77.660146,12.957094
14505,77.659379,12.957201
14506,77.660160,12.957178
14507,77.656233,12.958261
14508,77.656471,12.959244
14509,77.653942,12.954957
14510,77.653179,12.955108
14511,77.656138,12.958134
14512,77.656357,12.958753
14513,77.645135,12.961408
14514,77.620239,12.976008
14515,77.620257,12.976195
14516,77.629583,12.981599
14517,77.629442,12.981614
14518,77.629294,12.981636
14519,77.629063,12.981677
14520,77.631432,12.981701
14521,77.628461,12.981790
14522,77.653495,12.953047
14523,77.653780,12.953884
14524,77.653606,12.954431
14525,77.659708,12.958148
14526,77.605584,12.955131
14527,77.659992,12.955864
14528,77.659642,12.956164
14529,77.659744,12.956442
14530,77.653373,12.952586
14531,77.656561,12.952808
14532,77.656850,12.952831
14533,77.653894,12.952622
14534,77.658043,12.952908
14535,77.653102,12.953151
14536,77.653206,12.953539
14537,77.653794,12.953927
14538,77.653843,12.954061
14539,77.653517,12.954184
14540,77.592661,12.974988
14541,77.593884,12.980770
14542,77.654202,12.955011
14543,77.655292,12.954618
14544,77.576571,12.964481
14545,77.585242,12.963845
14546,77.628894,12.978433
14547,77.649435,12.947375
14548,77.610467,12.984842
14549,77.610400,12.984797
14550,77.608960,12.985083
14551,77.609984,12.984928
14552,77.609972,12.986739
14553,77.611125,12.986214
14554,77.609875,12.986316
14555,77.610961,12.985849
14556,77.609593,12.987940
14557,77.610194,12.987820
14558,77.611799,12.989360
14559,77.611429,12.989570
14560,77.611942,12.990302
14561,77.611978,12.990666
14562,77.612022,12.991038
14563,77.608513,12.989257
14564,77.608971,12.989337
14565,77.608714,12.989707
14566,77.608763,12.989301
14567,77.608207,12.990957
14568,77.606743,12.988326
14569,77.644697,12.950477
14570,77.644810,12.950590
14571,77.644718,12.950736
14572,77.644682,12.950743
14573,77.644543,12.950645
14574,77.644550,12.950552
14575,77.646385,12.947982
14576,77.643774,12.950669
14577,77.655671,12.960371
14578,77.657515,12.960323
14579,77.657266,12.960883
14580,77.655749,12.961112
14581,77.655788,12.961310
14582,77.655890,12.961619
14583,77.655997,12.961877
14584,77.657301,12.961648
14585,77.657342,12.961814
14586,77.656567,12.962815
14587,77.657582,12.962594
14588,77.561794,13.029111
14589,77.561073,13.029447
14590,77.560109,13.029433
14591,77.573804,12.978047
14592,77.601583,12.959828
14593,77.601064,12.959994
14594,77.604548,12.958706
14595,77.619610,12.972387
14596,77.565850,13.014112
14597,77.599960,12.960977
14598,77.593630,13.012678
14599,77.590545,13.027795
14600,77.590511,13.027922
14601,77.589393,13.026331
14602,77.590352,13.027628
14603,77.593963,13.011905
14604,77.590492,13.027978
14605,77.589017,13.026267
14606,77.637861,12.980283
14607,77.637192,12.980464
14608,77.587066,13.027624
14609,77.588427,13.028254
14610,77.588267,13.028229
14611,77.586963,13.028582
14612,77.587438,13.028160
14613,77.588346,13.027743
14614,77.590430,13.029261
14615,77.587011,13.028125
14616,77.588228,13.028678
14617,77.587392,13.028611
14618,77.586605,13.028091
14619,77.589214,13.028427
14620,77.652416,12.952356
14621,77.651909,12.952530
14622,77.604630,12.996639
14623,77.608630,12.999595
14624,77.611362,13.000010
14625,77.610917,13.001458
14626,77.610723,13.001371
14627,77.616034,13.001145
14628,77.614970,13.001432
14629,77.616174,13.001129
14630,77.616246,13.001751
14631,77.616228,13.001586
14632,77.617332,13.001463
14633,77.612141,13.002675
14634,77.599602,12.976700
14635,77.600952,12.979682
14636,77.637627,12.982266
14637,77.637450,12.982879
14638,77.620654,13.002106
14639,77.621212,13.002576
14640,77.607083,12.972331
14641,77.587374,12.990795
14642,77.576409,12.964170
14643,77.573692,12.940641
14644,77.573760,12.941760
14645,77.573752,12.943557
14646,77.573830,12.943560
14647,77.573826,12.944285
14648,77.573745,12.944283
14649,77.573703,12.945645
14650,77.573698,12.945878
14651,77.573683,12.946602
14652,77.573677,12.947376
14653,77.573671,12.947785
14654,77.588138,12.964378
14655,77.587486,12.964920
14656,77.615595,12.970755
14657,77.616146,12.970698
14658,77.617217,12.971179
14659,77.612380,12.971193
14660,77.611791,12.971284
14661,77.615442,12.971329
14662,77.614053,12.971832
14663,77.616944,12.972318
14664,77.616613,12.972382
14665,77.608094,12.968414
14666,77.607561,12.968621
14667,77.608858,12.968811
14668,77.607392,12.968838
14669,77.606659,12.969136
14670,77.607670,12.969490
14671,77.607323,12.969571
14672,77.633428,13.005824
14673,77.632769,13.006264
14674,77.632766,13.006335
14675,77.632775,13.006707
14676,77.632068,13.006773
14677,77.632828,13.007076
14678,77.632107,13.007154
14679,77.632861,13.007693
14680,77.632167,13.007754
14681,77.631666,13.007809
14682,77.632866,13.008068
14683,77.632325,13.008109
14684,77.628720,13.001350
14685,77.630767,13.001644
14686,77.632616,13.002030
14687,77.633049,13.002122
14688,77.628759,13.002351
14689,77.629011,13.002604
14690,77.628280,13.002786
14691,77.632151,13.002937
14692,77.629070,13.002952
14693,77.627613,13.002969
14694,77.630291,13.002982
14695,77.630569,13.002985
14696,77.631898,13.002992
14697,77.635132,13.003080
14698,77.628386,13.003130
14699,77.630703,13.003156
14700,77.632848,13.003229
14701,77.631842,13.003235
14702,77.632091,13.003287
14703,77.632342,13.003339
14704,77.628282,13.003454
14705,77.631509,13.003422
14706,77.630476,13.003481
14707,77.628034,13.003533
14708,77.631215,13.003528
14709,77.632313,13.003579
14710,77.633589,13.003623
14711,77.630989,13.003633
14712,77.633909,13.003680
14713,77.631523,13.003738
14714,77.630581,13.003782
14715,77.631382,13.003813
14716,77.634931,13.003850
14717,77.634188,13.003919
14718,77.631153,13.003925
14719,77.633871,13.003984
14720,77.628515,13.004067
14721,77.630679,13.004108
14722,77.628298,13.004131
14723,77.626675,13.004146
14724,77.632445,13.004194
14725,77.631312,13.004173
14726,77.626377,13.004230
14727,77.627917,13.004247
14728,77.628748,13.004366
14729,77.626446,13.004481
14730,77.628412,13.004473
14731,77.625968,13.004620
14732,77.626490,13.004622
14733,77.625765,13.005103
14734,77.626185,13.006161
14735,77.625154,13.006590
14736,77.624910,13.006682
14737,77.624843,13.006708
14738,77.625691,13.006856
14739,77.622703,13.006996
14740,77.625087,13.007129
14741,77.624707,13.007270
14742,77.624343,13.007425
14743,77.621805,13.007470
14744,77.645964,12.977321
14745,77.642873,12.978503
14746,77.644178,12.978548
14747,77.645712,12.978590
14748,77.637344,12.975404
14749,77.637036,12.975406
14750,77.637650,12.975417
14751,77.633981,12.981070
14752,77.635097,12.982352
14753,77.637503,12.982748
14754,77.637588,12.982928
14755,77.637303,12.978821
14756,77.639440,12.981569
14757,77.639413,12.981971
14758,77.639401,12.982368
14759,77.634174,12.982269
14760,77.634146,12.982413
14761,77.639651,12.981583
14762,77.639157,12.981950
14763,77.639626,12.981988
14764,77.639607,12.982380
14765,77.646980,12.973122
14766,77.646746,12.974035
14767,77.646863,12.975009
14768,77.646102,12.981155
14769,77.644245,12.985637
14770,77.636696,12.975394
14771,77.572171,12.980311
14772,77.622999,12.939472
14773,77.624246,12.940457
14774,77.655731,12.969604
14775,77.635328,12.986232
14776,77.635072,12.986448
14777,77.635474,12.986577
14778,77.635537,12.986794
14779,77.635146,12.986880
14780,77.635668,12.986882
14781,77.635962,12.986871
14782,77.636662,12.986938
14783,77.635428,12.987026
14784,77.634674,12.987039
14785,77.635713,12.987118
14786,77.636036,12.987191
14787,77.647907,12.981033
14788,77.641766,12.983362
14789,77.641399,12.983830
14790,77.641874,12.983910
14791,77.641341,12.984291
14792,77.650581,12.947381
14793,77.650766,12.947401
14794,77.651169,12.947440
14795,77.642220,12.979379
14796,77.645545,12.980106
14797,77.632611,12.972975
14798,77.628903,12.973954
14799,77.628289,12.974304
14800,77.631285,12.975138
14801,77.630308,12.975512
14802,77.628708,12.976092
14803,77.627242,12.976693
14804,77.628131,12.973196
14805,77.627833,12.973600
14806,77.607742,12.977585
14807,77.607509,12.977658
14808,77.640940,12.983724
14809,77.573399,12.989181
14810,77.573245,12.996852
14811,77.602808,12.940552
14812,77.602836,12.940822
14813,77.599754,12.971190
14814,77.599961,12.972092
14815,77.599188,12.972841
14816,77.612541,12.934434
14817,77.617246,12.936293
14818,77.618653,12.937771
14819,77.620287,12.940468
14820,77.617766,12.936576
14821,77.618369,12.937065
14822,77.626845,12.939472
14823,77.627151,12.938251
14824,77.627330,12.939605
14825,77.626861,12.940075
14826,77.626717,12.939872
14827,77.627257,12.939884
14828,77.626130,12.938404
14829,77.627840,12.938950
14830,77.627297,12.938803
14831,77.627453,12.938273
14832,77.628012,12.938340
14833,77.627576,12.938885
14834,77.627755,12.938318
14835,77.629666,12.939471
14836,77.630674,12.940314
14837,77.600293,12.976679
14838,77.600559,12.978086
14839,77.564725,12.996890
14840,77.563953,12.996698
14841,77.564660,12.996542
14842,77.565832,12.996710
14843,77.565354,12.997271
14844,77.565275,12.996794
14845,77.565994,12.996654
14846,77.612122,12.969639
14847,77.612042,12.969712
14848,77.605083,12.950785
14849,77.605500,12.950773
14850,77.560030,12.981399
14851,77.560189,12.981879
14852,77.561498,12.982683
14853,77.561197,12.982842
14854,77.560605,12.983233
14855,77.560317,12.983343
14856,77.558211,12.983552
14857,77.560199,12.983618
14858,77.558144,12.983661
14859,77.588488,12.943040
14860,77.569871,12.946585
14861,77.607100,12.931194
14862,77.596077,12.945673
14863,77.591932,12.946831
14864,77.592953,12.941064
14865,77.568063,12.969205
14866,77.574758,12.996847
14867,77.574659,12.996864
14868,77.573952,13.004611
14869,77.561819,13.005834
14870,77.557996,13.000523
14871,77.559362,13.001931
14872,77.559511,13.002263
14873,77.559652,13.002565
14874,77.560097,13.004983
14875,77.560114,13.005394
14876,77.560221,13.007367
14877,77.584480,12.997749
14878,77.584470,12.997802
14879,77.587599,12.996814
14880,77.578017,12.989401
14881,77.590239,12.951714
14882,77.585702,12.953938
14883,77.610373,13.022146
14884,77.610004,13.021177
14885,77.609606,13.021209
14886,77.610457,13.020660
14887,77.610650,13.022050
14888,77.610324,13.021022
14889,77.579804,12.948068
14890,77.580149,12.948500
14891,77.658507,13.010751
14892,77.627957,12.978138
14893,77.628238,12.977976
14894,77.593600,13.006832
14895,77.593676,13.007007
14896,77.593749,13.007172
14897,77.593817,13.007330
14898,77.592343,13.007562
14899,77.592435,13.007743
14900,77.592534,13.007939
14901,77.593887,13.008320
14902,77.594013,13.008670
14903,77.592959,13.008749
14904,77.594190,13.005865
14905,77.593743,13.006044
14906,77.595699,13.006458
14907,77.593972,13.006515
14908,77.594944,13.006557
14909,77.595317,13.006538
14910,77.593752,13.006594
14911,77.595026,13.006687
14912,77.593524,13.006697
14913,77.594538,13.006732
14914,77.594335,13.006825
14915,77.595975,13.006872
14916,77.594144,13.006895
14917,77.594849,13.007404
14918,77.594420,13.007553
14919,77.593119,13.009045
14920,77.594087,13.009060
14921,77.593309,13.009398
14922,77.593209,13.008637
14923,77.593315,13.008963
14924,77.595166,13.007277
14925,77.595505,13.007771
14926,77.598305,13.007955
14927,77.595047,13.008035
14928,77.594911,13.008110
14929,77.598499,13.008230
14930,77.594695,13.008217
14931,77.598362,13.008287
14932,77.598089,13.008391
14933,77.596041,13.008586
14934,77.598231,13.008654
14935,77.595818,13.008704
14936,77.596222,13.008771
14937,77.598377,13.008903
14938,77.595940,13.008911
14939,77.595380,13.008936
14940,77.596362,13.009018
14941,77.595157,13.009032
14942,77.597916,13.009125
14943,77.594991,13.009127
14944,77.596098,13.009154
14945,77.594956,13.009183
14946,77.597591,13.009249
14947,77.596503,13.009267
14948,77.597325,13.009353
14949,77.597208,13.009297
14950,77.597996,13.009348
14951,77.596271,13.009407
14952,77.597082,13.009481
14953,77.598058,13.009522
14954,77.595923,13.009545
14955,77.596797,13.009578
14956,77.598109,13.009617
14957,77.597770,13.009646
14958,77.596574,13.009699
14959,77.597496,13.009744
14960,77.597235,13.009854
14961,77.595669,13.009933
14962,77.596131,13.009887
14963,77.596976,13.009966
14964,77.595626,13.009973
14965,77.596703,13.010084
14966,77.595344,13.010137
14967,77.596365,13.010213
14968,77.594919,13.010338
14969,77.596830,13.010352
14970,77.595807,13.010424
14971,77.595474,13.010529
14972,77.595956,13.010764
14973,77.595047,13.010674
14974,77.598765,13.008143
14975,77.596279,13.008510
14976,77.599086,13.008688
14977,77.598882,13.008890
14978,77.596921,13.009423
14979,77.625552,12.943670
14980,77.659178,12.988284
14981,77.633393,12.935792
14982,77.633463,12.936127
14983,77.633619,12.930075
14984,77.633799,12.930551
14985,77.632968,12.930842
14986,77.633224,12.930946
14987,77.633426,12.930107
14988,77.586506,13.027224
14989,77.589252,12.976938
14990,77.588707,12.980976
14991,77.588508,12.981012
14992,77.588462,12.981429
14993,77.588637,12.981549
14994,77.588551,12.981767
14995,77.588623,12.982735
14996,77.655755,12.973921
14997,77.631557,13.000989
14998,77.630468,13.000860
14999,77.629524,13.000756
15000,77.631521,13.000556
15001,77.630769,13.000554
15002,77.622963,13.000981
15003,77.623171,13.001627
15004,77.631537,13.000670
15005,77.619840,12.972739
15006,77.618418,12.975069
15007,77.642213,12.962109
15008,77.643059,12.962025
15009,77.562893,12.936154
15010,77.572201,12.988464
15011,77.571902,12.989533
15012,77.638849,12.973565
15013,77.642898,12.977732
15014,77.626028,13.000262
15015,77.618252,12.952856
15016,77.612502,13.016943
15017,77.611128,12.990283
15018,77.611446,12.990457
15019,77.621450,12.994635
15020,77.566482,12.964073
15021,77.566380,12.964189
15022,77.566606,12.964493
15023,77.614844,12.983556
15024,77.579598,12.941640
15025,77.603045,12.948594
15026,77.603447,12.948716
15027,77.617531,13.003861
15028,77.613872,13.004372
15029,77.613946,13.004520
15030,77.612300,13.004865
15031,77.613668,13.004901
15032,77.613234,13.005190
15033,77.614267,13.005227
15034,77.613864,13.005391
15035,77.613351,13.005588
15036,77.613043,13.005700
15037,77.631165,13.006593
15038,77.622026,12.998114
15039,77.619523,12.997351
15040,77.620719,12.997861
15041,77.614064,13.002352
15042,77.614529,13.003497
15043,77.612223,13.003895
15044,77.614419,13.005546
15045,77.614165,13.005908
15046,77.614294,13.006171
15047,77.612420,13.006312
15048,77.613453,13.006484
15049,77.612470,13.006576
15050,77.615288,13.006612
15051,77.614511,13.006615
15052,77.613572,13.006735
15053,77.614992,13.006759
15054,77.614662,13.006923
15055,77.614670,13.006941
15056,77.618722,13.006953
15057,77.615110,13.006984
15058,77.613692,13.006987
15059,77.612586,13.007110
15060,77.617794,13.007131
15061,77.620796,13.007130
15062,77.614256,13.007156
15063,77.614786,13.007176
15064,77.615237,13.007198
15065,77.617605,13.007221
15066,77.620505,13.007227
15067,77.621232,13.007350
15068,77.613868,13.007361
15069,77.617686,13.007388
15070,77.614389,13.007386
15071,77.615349,13.007401
15072,77.617233,13.007415
15073,77.612703,13.007435
15074,77.619904,13.007434
15075,77.620921,13.007448
15076,77.617071,13.007503
15077,77.613482,13.007531
15078,77.619606,13.007531
15079,77.620659,13.007545
15080,77.617771,13.007562
15081,77.617306,13.007567
15082,77.616890,13.007600
15083,77.615463,13.007608
15084,77.614525,13.007621
15085,77.613169,13.007669
15086,77.615364,13.007663
15087,77.619997,13.007683
15088,77.616715,13.007695
15089,77.614074,13.007692
15090,77.619086,13.007705
15091,77.619055,13.007721
15092,77.621038,13.007706
15093,77.617861,13.007724
15094,77.617382,13.007730
15095,77.614286,13.007756
15096,77.619694,13.007784
15097,77.620757,13.007782
15098,77.616527,13.007796
15099,77.612847,13.007811
15100,77.618707,13.007827
15101,77.615481,13.007864
15102,77.617477,13.007898
15103,77.617949,13.007902
15104,77.616326,13.007905
15105,77.613714,13.007907
15106,77.619156,13.007974
15107,77.619766,13.008004
15108,77.618211,13.008019
15109,77.615593,13.008051
15110,77.614717,13.008070
15111,77.617571,13.008066
15112,77.618051,13.008078
15113,77.616427,13.008090
15114,77.617652,13.008223
15115,77.613943,13.008225
15116,77.617645,13.008224
15117,77.613918,13.008239
15118,77.615717,13.008249
15119,77.616527,13.008287
15120,77.617452,13.008296
15121,77.615993,13.008351
15122,77.617239,13.008374
15123,77.613642,13.008401
15124,77.616280,13.008399
15125,77.614076,13.008441
15126,77.617054,13.008443
15127,77.618701,13.008437
15128,77.615836,13.008445
15129,77.614950,13.008448
15130,77.616855,13.008510
15131,77.619346,13.008558
15132,77.616653,13.008578
15133,77.614192,13.008632
15134,77.616352,13.008699
15135,77.615645,13.008817
15136,77.614308,13.008825
15137,77.615188,13.008833
15138,77.618403,13.008841
15139,77.616394,13.008893
15140,77.613680,13.008934
15141,77.617987,13.008955
15142,77.616207,13.008963
15143,77.616180,13.008965
15144,77.614418,13.009006
15145,77.615300,13.009015
15146,77.616019,13.009024
15147,77.613833,13.009098
15148,77.615814,13.009099
15149,77.617379,13.009123
15150,77.614538,13.009203
15151,77.615417,13.009204
15152,77.614651,13.009387
15153,77.615017,13.009437
15154,77.616349,13.009455
15155,77.616150,13.009520
15156,77.614784,13.009567
15157,77.615955,13.009584
15158,77.614451,13.009766
15159,77.615259,13.009814
15160,77.614971,13.009917
15161,77.599304,13.020174
15162,77.599064,13.020297
15163,77.605739,12.998540
15164,77.621185,12.995937
15165,77.656461,12.996516
15166,77.598221,13.008089
15167,77.582544,12.965581
15168,77.572081,13.007538
15169,77.571812,13.008018
15170,77.608245,12.968816
15171,77.643093,12.994896
15172,77.647415,13.022217
15173,77.604434,13.024092
15174,77.604624,13.024483
15175,77.582382,12.969626
15176,77.569120,12.969334
15177,77.653523,13.029532
15178,77.584757,12.966366
15179,77.584566,12.966408
15180,77.582963,12.967225
15181,77.583470,12.968557
15182,77.583534,12.968708
15183,77.640005,13.015241
15184,77.581233,12.968991
15185,77.631207,12.975983
15186,77.647829,13.023033
15187,77.562161,12.966802
15188,77.642285,12.950538
15189,77.635947,12.974464
15190,77.644593,12.957276
15191,77.640299,12.970136
15192,77.657180,12.960840
15193,77.633471,13.025839
15194,77.629258,12.974529
15195,77.619537,13.014486
15196,77.649726,12.969079
15197,77.649500,12.969118
15198,77.649640,12.969721
15199,77.649850,12.969728
15200,77.649333,12.970586
15201,77.649659,12.970595
15202,77.649960,12.970606
15203,77.650011,12.971354
15204,77.649359,12.971238
15205,77.649709,12.971300
15206,77.651172,12.971602
15207,77.651122,12.972147
15208,77.562355,13.032073
15209,77.638510,12.973016
15210,77.639090,12.973064
15211,77.639741,12.973648
15212,77.639495,12.973656
15213,77.638634,12.974478
15214,77.639956,13.016015
15215,77.645792,12.958085
15216,77.592176,12.993014
15217,77.650663,13.022149
15218,77.654737,13.023278
15219,77.567323,12.944759
15220,77.638771,12.993581
15221,77.602921,13.012015
15222,77.647547,12.963296
15223,77.612353,13.028468
15224,77.569871,12.945838
15225,77.647832,13.016336
15226,77.624900,12.968216
15227,77.640172,12.969617
15228,77.652931,13.016868
15229,77.561784,12.946064
15230,77.658677,12.954997
15231,77.658971,13.015989
15232,77.640723,13.012245
15233,77.567081,12.949217
15234,77.581437,12.949493
15235,77.616251,12.984825
15236,77.613209,12.998800
15237,77.640982,13.012208
15238,77.641275,13.012280
15239,77.559245,12.958176
15240,77.652848,13.013725
15241,77.652380,13.013952
15242,77.657038,12.956781
15243,77.657647,12.956715
15244,77.600024,12.940298
15245,77.648623,13.011741
15246,77.603538,12.941028
15247,77.603763,12.941042
15248,77.651725,12.973806
15249,77.652721,12.975627
15250,77.562547,12.954099
15251,77.562310,12.954486
15252,77.562223,12.955578
15253,77.629525,13.017861
15254,77.607442,12.940272
15255,77.607416,12.942939
15256,77.566534,12.955641
15257,77.570516,12.950053
15258,77.657995,12.982196
15259,77.568364,12.949831
15260,77.568275,12.951803
15261,77.607359,12.931746
15262,77.608205,12.929959
15263,77.576335,12.957780
15264,77.591469,12.935201
15265,77.579801,12.938189
15266,77.577566,12.952736
15267,77.660581,12.977176
15268,77.634709,13.013014
15269,77.634375,13.010738
15270,77.633629,13.011102
15271,77.635126,13.005152
15272,77.653481,12.996544
15273,77.652228,12.996860
15274,77.652559,12.996910
15275,77.652902,12.996963
15276,77.652945,12.996969
15277,77.653223,12.997009
15278,77.652103,12.998013
15279,77.652398,12.998031
15280,77.653050,12.997961
15281,77.652703,12.998108
15282,77.656340,12.960765
15283,77.643437,12.962440
15284,77.643339,12.962451
15285,77.643596,12.963196
15286,77.643521,12.963219
15287,77.643746,12.963807
15288,77.643677,12.963819
15289,77.642796,12.994522
15290,77.562717,12.966659
15291,77.634818,12.978164
15292,77.633867,12.930631
15293,77.633933,12.930716
15294,77.629934,12.934684
15295,77.630068,12.934771
15296,77.628688,12.938236
15297,77.611859,13.033361
15298,77.600797,13.023913
15299,77.601166,13.023788
15300,77.601057,13.023519
15301,77.598030,13.024937
15302,77.597941,13.024153
15303,77.598115,13.026335
15304,77.586927,13.022587
15305,77.641171,12.979988
15306,77.641257,12.979096
15307,77.659874,12.963382
15308,77.625546,13.022796
15309,77.577305,12.992664
15310,77.630378,13.020893
15311,77.561360,12.997965
15312,77.561446,12.998599
15313,77.622565,12.997652
15314,77.587559,12.983477
15315,77.587968,12.984446
15316,77.575158,12.965325
15317,77.589063,12.943464
15318,77.597370,12.980695
15319,77.596293,12.981354
15320,77.597059,12.981029
15321,77.637051,13.026666
15322,77.571522,12.988358
15323,77.571709,12.988404
15324,77.571268,12.988639
15325,77.571398,12.988732
15326,77.623580,13.001157
15327,77.623884,13.001047
15328,77.655811,13.019262
15329,77.663072,13.003724
15330,77.607195,12.969280
15331,77.607365,12.969687
15332,77.591575,12.986490
15333,77.596896,12.980359
15334,77.596934,12.980518
15335,77.598804,12.983628
15336,77.594875,12.999957
15337,77.593207,13.005618
15338,77.593054,13.006021
15339,77.592371,13.007359
15340,77.594563,13.009339
15341,77.586551,13.014335
15342,77.583839,13.014668
15343,77.584408,13.014496
15344,77.583796,13.014502
15345,77.577998,12.983834
15346,77.578461,12.983873
15347,77.578453,12.983951
15348,77.581883,12.984205
15349,77.574287,12.980561
15350,77.616311,12.990913
15351,77.615623,12.981559
15352,77.612779,12.982769
15353,77.612877,12.982868
15354,77.641573,12.963452
15355,77.596802,13.027930
15356,77.598080,13.031338
15357,77.612746,13.019660
15358,77.560219,13.023776
15359,77.608072,13.009877
15360,77.607596,13.011211
15361,77.609705,13.011439
15362,77.610280,13.013271
15363,77.653558,13.021133
15364,77.640604,13.007964
15365,77.592988,12.993302
15366,77.578718,12.998521
15367,77.562949,12.994235
15368,77.562636,13.001221
15369,77.560871,13.001717
15370,77.560258,13.002787
15371,77.652708,13.013725
15372,77.578754,12.993052
15373,77.562750,12.968099
15374,77.560946,12.972881
15375,77.577981,12.969025
15376,77.577107,12.970978
15377,77.568395,12.969190
15378,77.583230,12.964243
15379,77.632705,12.976422
15380,77.566049,12.953269
15381,77.617464,12.943607
15382,77.613782,12.955960
15383,77.613658,12.956706
15384,77.560833,12.942362
15385,77.560963,12.942369
15386,77.575843,12.938657
15387,77.569426,12.934317
15388,77.579986,12.941642
15389,77.608228,12.930748
15390,77.617837,12.942418
15391,77.633582,12.936462
15392,77.627013,12.938720
15393,77.593842,12.930054
15394,77.593883,12.931254
15395,77.590960,12.932639
15396,77.636531,12.977558
15397,77.636640,12.972718
15398,77.636965,12.972729
15399,77.597072,12.982129
15400,77.657920,12.964699
15401,77.657300,12.964783
15402,77.657986,12.964870
15403,77.657392,12.965135
15404,77.657947,12.968173
15405,77.657219,12.968966
15406,77.656796,12.969025
15407,77.649491,12.944992
15408,77.650240,12.944816
15409,77.584172,12.954400
15410,77.646377,12.971244
15411,77.645551,12.972403
15412,77.619221,12.977404
15413,77.618793,12.976325
15414,77.599385,12.947528
15415,77.599158,12.947009
15416,77.609757,12.934054
15417,77.610616,12.933455
15418,77.609802,12.933587
15419,77.610490,12.933126
15420,77.635617,12.969739
15421,77.641021,12.967270
15422,77.640725,12.967325
15423,77.640164,12.967383
15424,77.641535,12.966085
15425,77.641423,12.968587
15426,77.639689,12.983804
15427,77.639669,12.984111
15428,77.642019,12.979993
15429,77.623837,12.974629
15430,77.594528,12.976024
15431,77.608064,12.973551
15432,77.619394,12.975250
15433,77.620149,12.975102
15434,77.619810,12.975169
15435,77.595081,12.966680
15436,77.626570,12.937658
15437,77.624399,12.940901
15438,77.624452,12.940953
15439,77.621832,12.943296
15440,77.621166,12.943875
15441,77.620902,12.944099
15442,77.620101,12.944716
15443,77.619220,12.945330
15444,77.618617,12.945823
15445,77.618481,12.945910
15446,77.618587,12.946032
15447,77.618871,12.946678
15448,77.619115,12.947130
15449,77.619185,12.947254
15450,77.619444,12.947744
15451,77.620057,12.948839
15452,77.621333,12.951384
15453,77.621489,12.951576
15454,77.621422,12.951617
15455,77.621624,12.951657
15456,77.621452,12.951698
15457,77.620162,12.952438
15458,77.607591,12.977505
15459,77.607637,12.977617
15460,77.605859,12.978080
15461,77.605905,12.978203
15462,77.604902,12.978390
15463,77.604943,12.978508
15464,77.605481,12.979847
15465,77.612768,12.980024
15466,77.613492,12.981334
15467,77.632035,13.022078
15468,77.633715,13.022074
15469,77.611502,13.002020
15470,77.611564,13.003141
15471,77.563204,12.996484
15472,77.658603,12.965842
15473,77.657614,12.965984
15474,77.656993,12.963478
15475,77.657094,12.963698
15476,77.658436,12.965858
15477,77.656409,12.963755
15478,77.655929,12.963964
15479,77.657218,12.963943
15480,77.656511,12.963966
15481,77.656891,12.964100
15482,77.655989,12.964196
15483,77.659129,12.964561
15484,77.658276,12.964661
15485,77.659132,12.964719
15486,77.658330,12.964831
15487,77.656555,12.969058
15488,77.655262,12.970103
15489,77.655471,12.971120
15490,77.659300,12.964418
15491,77.659329,12.964986
15492,77.659537,12.965009
15493,77.659680,12.964510
15494,77.659682,12.964929
15495,77.574385,12.935763
15496,77.574382,12.934981
15497,77.574211,12.935605
15498,77.574209,12.935041
15499,77.574019,12.935111
15500,77.574867,12.935749
15501,77.574830,12.934826
15502,77.589713,12.990349
15503,77.589774,12.989479
15504,77.590507,12.986971
15505,77.572282,12.980419
15506,77.573225,12.980506
15507,77.573366,12.978623
15508,77.571475,12.980186
15509,77.570922,12.980400
15510,77.570961,12.976812
15511,77.593757,12.980999
15512,77.577885,12.987754
15513,77.577923,12.987804
15514,77.577729,12.987858
15515,77.577739,12.987938
15516,77.570501,12.981537
15517,77.566000,12.981970
15518,77.564817,12.982060
15519,77.568237,12.982425
15520,77.562503,12.982494
15521,77.561730,12.982526
15522,77.568883,12.982484
15523,77.571151,12.983377
15524,77.644693,12.960246
15525,77.644613,12.959541
15526,77.570805,12.980378
15527,77.570233,12.960580
15528,77.570637,12.960588
15529,77.571119,12.960600
15530,77.571638,12.960619
15531,77.660436,12.946834
15532,77.659971,12.947556
15533,77.656339,12.942749
15534,77.655665,12.942760
15535,77.655121,12.942784
15536,77.656221,12.942989
15537,77.655680,12.942989
15538,77.656215,12.943327
15539,77.654927,12.943427
15540,77.655109,12.943962
15541,77.649174,12.960522
15542,77.649214,12.960922
15543,77.649257,12.961333
15544,77.644188,12.959769
15545,77.634090,13.001468
15546,77.634439,13.001478
15547,77.634101,13.002316
15548,77.634450,13.002477
15549,77.642933,12.987626
15550,77.629039,12.994968
15551,77.628749,12.995565
15552,77.627769,12.995031
15553,77.628088,12.995941
15554,77.627785,12.996038
15555,77.628091,12.996023
15556,77.629124,12.996283
15557,77.627280,12.996337
15558,77.628686,12.996358
15559,77.627946,12.996437
15560,77.627839,12.996428
15561,77.628029,12.996834
15562,77.630371,12.995917
15563,77.630657,12.996543
15564,77.562824,12.949070
15565,77.562981,12.949182
15566,77.562825,12.949156
15567,77.655805,13.019030
15568,77.578079,12.973105
15569,77.578559,12.974187
15570,77.640684,13.025385
15571,77.632614,13.027809
15572,77.662397,13.009315
15573,77.661984,13.015932
15574,77.658451,13.017747
15575,77.655179,13.018412
15576,77.633048,12.930399
15577,77.631834,12.932220
15578,77.630944,12.933077
15579,77.630151,12.933901
15580,77.630379,12.933657
15581,77.628714,12.935357
15582,77.628096,12.935964
15583,77.629615,12.934432
15584,77.625710,13.002190
15585,77.626402,13.004218
15586,77.626803,13.004508
15587,77.635990,12.961347
15588,77.608657,12.968343
15589,77.608406,12.967822
15590,77.608968,12.967130
15591,77.609017,12.969269
15592,77.607018,12.968943
15593,77.606872,12.968545
15594,77.606723,12.968082
15595,77.557720,13.018457
15596,77.558940,13.018199
15597,77.567622,13.014326
15598,77.566412,13.014099
15599,77.565690,13.014240
15600,77.641916,13.023518
15601,77.641783,13.022181
15602,77.631632,12.971405
15603,77.632063,12.970241
15604,77.632628,12.968714
15605,77.631431,12.968946
15606,77.632787,12.969372
15607,77.631470,13.029335
15608,77.631331,13.029278
15609,77.654462,13.019432
15610,77.654518,13.019549
15611,77.658483,13.017860
15612,77.635594,13.026829
15613,77.635036,12.972051
15614,77.631125,12.977464
15615,77.631822,12.975611
15616,77.632250,12.975475
15617,77.630903,12.975492
15618,77.629938,12.975756
15619,77.630110,12.976104
15620,77.630229,12.976724
15621,77.630735,12.976489
15622,77.627709,12.976074
15623,77.633680,13.001501
15624,77.633683,13.002177
15625,77.623799,13.001772
15626,77.595334,13.015936
15627,77.594999,13.015383
15628,77.594715,13.014841
15629,77.593842,13.013910
15630,77.593630,13.013851
15631,77.595843,13.016708
15632,77.595647,13.015993
15633,77.594864,13.014592
15634,77.594610,13.014720
15635,77.595374,13.014319
15636,77.596492,13.013737
15637,77.595908,13.012832
15638,77.594264,13.014188
15639,77.595112,13.013805
15640,77.595941,13.015538
15641,77.595858,13.015894
15642,77.595121,13.014455
15643,77.594621,13.015728
15644,77.594794,13.016637
15645,77.592832,13.015852
15646,77.593925,13.015839
15647,77.594359,13.015795
15648,77.593297,13.015200
15649,77.593429,13.015663
15650,77.593457,13.015813
15651,77.592819,13.015799
15652,77.594249,13.015495
15653,77.594116,13.015260
15654,77.592767,13.015590
15655,77.593355,13.015449
15656,77.595608,13.007922
15657,77.596033,13.007658
15658,77.596442,13.008394
15659,77.595550,13.007096
15660,77.596217,13.007989
15661,77.597237,13.007377
15662,77.596481,13.006592
15663,77.597014,13.007509
15664,77.596709,13.006465
15665,77.596936,13.006352
15666,77.597445,13.007143
15667,77.597955,13.007089
15668,77.597303,13.006926
15669,77.598989,13.005980
15670,77.598634,13.005446
15671,77.599594,13.006608
15672,77.598935,13.005259
15673,77.599782,13.006421
15674,77.599202,13.005104
15675,77.600163,13.006214
15676,77.599511,13.004935
15677,77.600125,13.005841
15678,77.599786,13.005324
15679,77.600398,13.004910
15680,77.599997,13.005631
15681,77.600605,13.005240
15682,77.600240,13.005475
15683,77.600602,13.005966
15684,77.600440,13.005746
15685,77.600787,13.005530
15686,77.601282,13.005227
15687,77.600627,13.005274
15688,77.600963,13.005063
15689,77.600440,13.004978
15690,77.600829,13.004760
15691,77.599663,13.003944
15692,77.600334,13.003785
15693,77.601226,13.002226
15694,77.600958,13.003137
15695,77.602761,13.003840
15696,77.602514,13.003965
15697,77.601868,13.004338
15698,77.602661,13.003605
15699,77.603196,13.004946
15700,77.603048,13.004542
15701,77.603758,13.004298
15702,77.603805,13.003524
15703,77.603765,13.004022
15704,77.602941,13.004275
15705,77.602804,13.003945
15706,77.603794,13.003662
15707,77.604618,13.004167
15708,77.603996,13.002996
15709,77.602525,13.005169
15710,77.602009,13.004256
15711,77.602246,13.004119
15712,77.602759,13.005085
15713,77.601697,13.006990
15714,77.602451,13.006682
15715,77.601919,13.006886
15716,77.602719,13.007335
15717,77.602259,13.006189
15718,77.601515,13.006675
15719,77.602105,13.007594
15720,77.601768,13.007118
15721,77.600554,13.007822
15722,77.600983,13.006918
15723,77.601267,13.007409
15724,77.601605,13.007926
15725,77.603391,13.005634
15726,77.603829,13.006908
15727,77.603980,13.006405
15728,77.603692,13.006484
15729,77.603166,13.006644
15730,77.603886,13.006091
15731,77.603591,13.006171
15732,77.603056,13.006329
15733,77.603769,13.005787
15734,77.603483,13.005871
15735,77.602928,13.006041
15736,77.602870,13.005890
15737,77.603350,13.007118
15738,77.604646,13.006089
15739,77.604465,13.005621
15740,77.604747,13.006305
15741,77.604575,13.005905
15742,77.604078,13.006041
15743,77.604173,13.006349
15744,77.604242,13.006595
15745,77.604282,13.006736
15746,77.604690,13.006198
15747,77.608067,13.004650
15748,77.607388,13.005331
15749,77.607219,13.005017
15750,77.606408,13.003459
15751,77.607635,13.003694
15752,77.606765,13.004143
15753,77.605746,13.004659
15754,77.605046,13.004984
15755,77.605481,13.005794
15756,77.605197,13.005904
15757,77.605028,13.005535
15758,77.605316,13.005494
15759,77.607039,13.004677
15760,77.607897,13.004275
15761,77.605550,13.005098
15762,77.606895,13.004397
15763,77.607760,13.003971
15764,77.606089,13.004156
15765,77.606633,13.003892
15766,77.606113,13.003568
15767,77.606350,13.004029
15768,77.604912,13.004694
15769,77.605870,13.004246
15770,77.604771,13.004442
15771,77.605709,13.003968
15772,77.604952,13.004000
15773,77.605102,13.004275
15774,77.605258,13.003884
15775,77.605390,13.004129
15776,77.607803,13.002987
15777,77.608180,13.003885
15778,77.608087,13.002916
15779,77.608329,13.003476
15780,77.608407,13.002844
15781,77.608571,13.003310
15782,77.610953,13.002029
15783,77.611277,13.002071
15784,77.609466,13.002490
15785,77.610870,13.001923
15786,77.609678,13.002230
15787,77.610799,13.001755
15788,77.610914,12.996397
15789,77.611256,12.996946
15790,77.611510,12.996338
15791,77.612112,12.996042
15792,77.612816,12.996854
15793,77.612011,12.997268
15794,77.611210,12.986396
15795,77.610457,12.986791
15796,77.630824,12.938560
15797,77.630789,12.939013
15798,77.631073,12.940201
15799,77.631790,12.938583
15800,77.631802,12.939701
15801,77.632074,12.939704
15802,77.631374,12.939695
15803,77.631781,12.940375
15804,77.631210,12.940254
15805,77.630649,12.939686
15806,77.630677,12.940172
15807,77.630633,12.940803
15808,77.631076,12.940833
15809,77.629892,12.941275
15810,77.629229,12.941629
15811,77.629787,12.941539
15812,77.630043,12.941506
15813,77.629810,12.941536
15814,77.629888,12.941978
15815,77.630115,12.942815
15816,77.630704,12.942549
15817,77.630499,12.941215
15818,77.630307,12.942759
15819,77.630679,12.940094
15820,77.629867,12.939793
15821,77.630638,12.939412
15822,77.629982,12.939500
15823,77.629982,12.938872
15824,77.628811,12.939622
15825,77.629033,12.939855
15826,77.630107,12.938442
15827,77.630696,12.935970
15828,77.631333,12.937021
15829,77.631140,12.936695
15830,77.631392,12.936547
15831,77.636807,12.931546
15832,77.637196,12.932612
15833,77.610442,12.939315
15834,77.609160,12.941694
15835,77.610696,12.942953
15836,77.612508,12.939797
15837,77.611419,12.941715
15838,77.610865,12.941391
15839,77.611577,12.941422
15840,77.610558,12.940535
15841,77.611159,12.940822
15842,77.611744,12.941132
15843,77.610730,12.940217
15844,77.611326,12.940512
15845,77.611918,12.940829
15846,77.611469,12.940246
15847,77.612070,12.940564
15848,77.611647,12.939931
15849,77.611799,12.939673
15850,77.612152,12.939608
15851,77.611508,12.942892
15852,77.613587,12.939271
15853,77.613096,12.940113
15854,77.610281,12.939599
15855,77.610909,12.939907
15856,77.610153,12.939383
15857,77.609109,12.941314
15858,77.608957,12.941578
15859,77.609788,12.941992
15860,77.609326,12.941381
15861,77.609946,12.941704
15862,77.610510,12.942009
15863,77.611089,12.942304
15864,77.611672,12.942602
15865,77.611761,12.942445
15866,77.612839,12.942185
15867,77.612909,12.942034
15868,77.612212,12.941651
15869,77.613916,12.941609
15870,77.612636,12.940903
15871,77.612796,12.940626
15872,77.613981,12.941225
15873,77.612486,12.941168
15874,77.612361,12.941388
15875,77.612943,12.940373
15876,77.614109,12.941018
15877,77.614588,12.940902
15878,77.614096,12.942184
15879,77.614647,12.941859
15880,77.614880,12.942253
15881,77.614497,12.941572
15882,77.614864,12.941353
15883,77.614564,12.941530
15884,77.614461,12.941320
15885,77.615035,12.941643
15886,77.613107,12.943055
15887,77.612561,12.943253
15888,77.609959,12.940195
15889,77.610577,12.940501
15890,77.609649,12.940773
15891,77.610274,12.941082
15892,77.609492,12.941069
15893,77.610119,12.941384
15894,77.610698,12.941684
15895,77.611233,12.942052
15896,77.611819,12.942342
15897,77.619098,12.958244
15898,77.619012,12.957434
15899,77.619181,12.957492
15900,77.619536,12.957548
15901,77.619640,12.957551
15902,77.619489,12.957914
15903,77.619196,12.957898
15904,77.619223,12.958281
15905,77.619202,12.958642
15906,77.618901,12.958252
15907,77.619574,12.958828
15908,77.619490,12.958184
15909,77.620079,12.956590
15910,77.619514,12.957293
15911,77.620430,12.956098
15912,77.620479,12.955827
15913,77.627160,12.948556
15914,77.626222,12.948728
15915,77.627063,12.947665
15916,77.626393,12.947868
15917,77.627025,12.947300
15918,77.626000,12.945558
15919,77.625994,12.945260
15920,77.626245,12.945171
15921,77.626985,12.945142
15922,77.627071,12.945675
15923,77.631659,12.994144
15924,77.631508,12.994182
15925,77.630546,12.994606
15926,77.630174,12.994727
15927,77.631851,12.994789
15928,77.631687,12.994838
15929,77.631514,12.994891
15930,77.631871,12.995532
15931,77.630476,12.995530
15932,77.631848,12.994153
15933,77.629874,12.994538
15934,77.629708,12.994567
15935,77.631546,12.995699
15936,77.631160,12.995755
15937,77.631499,12.995782
15938,77.631431,12.996266
15939,77.631055,12.996409
15940,77.631260,12.996930
15941,77.629590,12.996037
15942,77.629938,12.996445
15943,77.630057,12.996764
15944,77.638308,12.993335
15945,77.639766,12.993712
15946,77.639615,12.993727
15947,77.639456,12.993743
15948,77.639095,12.993715
15949,77.639282,12.993737
15950,77.638939,12.993999
15951,77.638585,12.994015
15952,77.639810,12.994226
15953,77.639648,12.994249
15954,77.639491,12.994266
15955,77.639296,12.994270
15956,77.639128,12.994285
15957,77.638955,12.994299
15958,77.638619,12.994306
15959,77.638789,12.994307
15960,77.639692,12.994943
15961,77.639864,12.994958
15962,77.639539,12.994961
15963,77.628091,12.995005
15964,77.639356,12.995006
15965,77.639182,12.995009
15966,77.639012,12.995027
15967,77.638876,12.995070
15968,77.638701,12.995088
15969,77.628811,12.995639
15970,77.628670,12.995953
15971,77.642338,12.993288
15972,77.641785,12.994488
15973,77.642931,12.994520
15974,77.601622,12.984614
15975,77.628562,12.994992
15976,77.628521,12.995463
15977,77.629193,12.996415
15978,77.629403,12.997007
15979,77.632037,12.998333
15980,77.628650,12.999176
15981,77.629953,12.995209
15982,77.628839,12.995381
15983,77.628961,12.995898
15984,77.631892,12.996690
15985,77.629647,12.996917
15986,77.632175,12.997417
15987,77.631972,12.997470
15988,77.631877,12.997756
15989,77.632219,12.997764
15990,77.632897,12.997914
15991,77.631963,12.998055
15992,77.632953,12.998089
15993,77.628221,12.998186
15994,77.632024,12.998240
15995,77.630771,12.997165
15996,77.630523,12.997284
15997,77.630268,12.997392
15998,77.629993,12.997499
15999,77.629430,12.997717
16000,77.630223,12.998079
16001,77.631316,12.998497
16002,77.631031,12.998525
16003,77.630722,12.998577
16004,77.630442,12.998630
16005,77.629860,12.998764
16006,77.645353,12.970914
16007,77.645313,12.971694
16008,77.645289,12.972286
16009,77.606404,12.967816
16010,77.623261,12.984785
16011,77.622405,12.984926
16012,77.624410,12.987132
16013,77.629615,12.996928
16014,77.629848,12.997555
16015,77.629926,12.998186
16016,77.629661,12.998286
16017,77.629131,12.998487
16018,77.633431,12.934753
16019,77.631132,12.997962
16020,77.610255,12.938376
16021,77.608749,12.941186
16022,77.649940,12.945411
16023,77.649741,12.945559
16024,77.650174,12.945839
16025,77.655295,12.952927
16026,77.654613,12.952934
16027,77.655355,12.953193
16028,77.654854,12.953295
16029,77.643074,12.992567
16030,77.642274,12.992673
16031,77.643468,12.994751
16032,77.641093,12.994629
16033,77.642374,12.995091
16034,77.641234,12.995203
16035,77.641482,12.995209
16036,77.642042,12.995204
16037,77.642397,12.995197
16038,77.642130,12.995562
16039,77.641606,12.995704
16040,77.642167,12.995711
16041,77.642510,12.995750
16042,77.638992,12.999497
16043,77.640106,13.000069
16044,77.637860,12.999966
16045,77.637921,13.000648
16046,77.637452,13.000663
16047,77.637168,13.000699
16048,77.637973,13.001351
16049,77.637170,13.001367
16050,77.639256,13.001445
16051,77.636382,13.001857
16052,77.637102,13.003465
16053,77.636404,13.003837
16054,77.631635,13.001748
16055,77.631623,13.001814
16056,77.630000,13.002062
16057,77.630340,13.002117
16058,77.633784,12.981825
16059,77.633283,12.981786
16060,77.628722,13.001265
16061,77.635339,13.012615
16062,77.564616,12.996312
16063,77.566012,12.996606
16064,77.563445,12.996543
16065,77.563065,12.996616
16066,77.562728,12.996632
16067,77.562274,12.996670
16068,77.561960,12.996731
16069,77.566490,12.996787
16070,77.567953,12.996762
16071,77.568478,12.996755
16072,77.561609,12.996811
16073,77.566459,12.996827
16074,77.569567,12.996751
16075,77.571250,12.996832
16076,77.571561,12.996835
16077,77.571249,12.996913
16078,77.571566,12.996918
16079,77.573051,12.996936
16080,77.561284,12.996944
16081,77.560389,12.997371
16082,77.559798,12.997621
16083,77.613847,12.929441
16084,77.612879,13.023525
16085,77.613582,13.025301
16086,77.613195,13.024262
16087,77.612889,13.024378
16088,77.612799,12.930250
16089,77.588626,12.967857
16090,77.593754,12.972334
16091,77.593885,12.972423
16092,77.594226,12.972460
16093,77.586633,12.973346
16094,77.586556,12.974071
16095,77.586667,12.976421
16096,77.586307,12.976517
16097,77.592428,12.953463
16098,77.592847,12.954996
16099,77.593037,12.955067
16100,77.592767,12.955079
16101,77.644957,12.964535
16102,77.651338,12.972129
16103,77.651390,12.971608
16104,77.651560,12.972110
16105,77.651622,12.971614
16106,77.645711,12.960759
16107,77.645435,12.960775
16108,77.646073,12.962637
16109,77.645654,12.962718
16110,77.645737,12.962986
16111,77.646091,12.962749
16112,77.644898,12.962263
16113,77.644934,12.962503
16114,77.647227,12.961942
16115,77.646796,12.962034
16116,77.645172,12.962227
16117,77.647238,12.962378
16118,77.645212,12.962471
16119,77.656896,12.980884
16120,77.657027,12.981476
16121,77.657911,12.981628
16122,77.642218,12.949297
16123,77.642944,12.948669
16124,77.643020,12.948509
16125,77.641201,12.950180
16126,77.642431,12.950435
16127,77.640849,12.950903
16128,77.641071,12.950459
16129,77.640847,12.950411
16130,77.592860,12.975031
16131,77.583800,13.009938
16132,77.595605,12.993433
16133,77.595920,12.993814
16134,77.595383,12.993828
16135,77.595314,12.993857
16136,77.595201,12.993866
16137,77.593500,13.011887
16138,77.588121,13.013476
16139,77.612972,12.982966
16140,77.614467,12.984626
16141,77.613066,12.985110
16142,77.613111,12.985228
16143,77.601195,12.985410
16144,77.612142,12.985448
16145,77.600444,12.985885
16146,77.600572,12.986184
16147,77.603309,12.984161
16148,77.603794,12.984381
16149,77.603585,12.984385
16150,77.602409,12.984633
16151,77.604844,12.984707
16152,77.604163,12.984830
16153,77.603699,12.985185
16154,77.604998,12.985461
16155,77.604852,12.986980
16156,77.604128,12.987022
16157,77.605147,12.987672
16158,77.604441,12.987677
16159,77.635873,12.930385
16160,77.635442,12.930706
16161,77.636273,12.931043
16162,77.633964,12.931483
16163,77.635845,12.931264
16164,77.635745,12.931314
16165,77.635494,12.931451
16166,77.635079,12.931670
16167,77.636401,12.931860
16168,77.634223,12.932108
16169,77.634093,12.932184
16170,77.636696,12.932251
16171,77.636635,12.932280
16172,77.636431,12.932387
16173,77.636092,12.932553
16174,77.637180,12.932563
16175,77.635692,12.932745
16176,77.623318,13.002090
16177,77.592614,12.967363
16178,77.653261,12.975282
16179,77.652672,12.975350
16180,77.653306,12.975527
16181,77.653287,12.975552
16182,77.618975,12.962496
16183,77.614758,12.966752
16184,77.614011,12.967059
16185,77.614297,12.967111
16186,77.614440,12.967141
16187,77.614651,12.967200
16188,77.614375,12.967483
16189,77.617708,12.965419
16190,77.618002,12.950376
16191,77.613370,12.957351
16192,77.614540,12.959058
16193,77.616267,12.961662
16194,77.616360,12.961692
16195,77.612513,12.961707
16196,77.609900,12.965037
16197,77.617694,12.965316
16198,77.617566,12.965345
16199,77.608073,12.973440
16200,77.615405,12.969067
16201,77.611219,12.974304
16202,77.611184,12.974426
16203,77.616000,12.986736
16204,77.617227,12.988527
16205,77.583998,13.003231
16206,77.578886,13.006677
16207,77.572610,12.987647
16208,77.572635,12.986911
16209,77.589700,12.988909
16210,77.588734,12.989088
16211,77.595888,12.993368
16212,77.593994,12.971853
16213,77.593988,12.971930
16214,77.594247,12.972022
16215,77.593719,12.971946
16216,77.594044,12.972113
16217,77.594132,12.972211
16218,77.594082,12.972152
16219,77.594070,12.972259
16220,77.628931,12.945715
16221,77.629371,12.945735
16222,77.633861,13.002313
16223,77.662079,13.013640
16224,77.660105,13.014290
16225,77.659476,13.014412
16226,77.627171,12.995320
16227,77.627237,12.995731
16228,77.626353,12.995927
16229,77.627307,12.996218
16230,77.609738,12.997674
16231,77.642813,12.981269
16232,77.606657,12.993758
16233,77.606708,12.993837
16234,77.605914,12.994063
16235,77.605935,12.994139
16236,77.604568,12.994602
16237,77.592013,12.956122
16238,77.630336,13.001480
16239,77.581520,12.964059
16240,77.579399,12.965128
16241,77.579856,12.965556
16242,77.579586,12.965646
16243,77.584577,12.966445
16244,77.579212,12.966520
16245,77.578264,12.966596
16246,77.578352,12.966735
16247,77.576518,12.967034
16248,77.571017,12.967904
16249,77.570951,12.968299
16250,77.570235,12.968551
16251,77.572210,12.968595
16252,77.571817,12.968614
16253,77.570849,12.968694
16254,77.573874,12.968897
16255,77.570835,12.968918
16256,77.572399,12.969307
16257,77.570219,12.969321
16258,77.574630,12.969335
16259,77.570780,12.969348
16260,77.574505,12.969377
16261,77.572239,12.969507
16262,77.574139,12.969497
16263,77.574053,12.969525
16264,77.573865,12.969569
16265,77.572001,12.969566
16266,77.572516,12.969611
16267,77.574587,12.969700
16268,77.570795,12.969744
16269,77.574750,12.969938
16270,77.574658,12.969978
16271,77.574171,12.970004
16272,77.574202,12.970204
16273,77.570290,12.971909
16274,77.571808,12.972022
16275,77.569468,12.972046
16276,77.573809,12.972585
16277,77.569774,12.972973
16278,77.571060,12.973000
16279,77.569579,12.973018
16280,77.570698,12.973313
16281,77.570330,12.973322
16282,77.569699,12.973582
16283,77.571078,12.973699
16284,77.571028,12.973884
16285,77.570722,12.973896
16286,77.654044,12.954596
16287,77.653711,12.954708
16288,77.564591,12.948955
16289,77.567703,12.947918
16290,77.566931,12.947919
16291,77.571541,12.948146
16292,77.575251,12.948187
16293,77.571474,12.948195
16294,77.570118,12.948184
16295,77.569216,12.948238
16296,77.572328,12.948214
16297,77.576775,12.948240
16298,77.576849,12.948240
16299,77.575618,12.948241
16300,77.574813,12.948238
16301,77.571459,12.948279
16302,77.571507,12.948339
16303,77.618785,12.952069
16304,77.618837,12.952254
16305,77.618082,12.952450
16306,77.617699,12.952822
16307,77.617813,12.953543
16308,77.617593,12.953663
16309,77.616496,12.954153
16310,77.616268,12.954250
16311,77.616510,12.955068
16312,77.616303,12.955070
16313,77.616320,12.955288
16314,77.616368,12.955783
16315,77.568863,12.951798
16316,77.569384,12.951813
16317,77.572299,12.956338
16318,77.576537,12.955230
16319,77.575824,12.955330
16320,77.575845,12.955409
16321,77.575505,12.955511
16322,77.576109,12.955529
16323,77.576562,12.955576
16324,77.575934,12.955748
16325,77.576430,12.955937
16326,77.576181,12.955944
16327,77.577185,12.955954
16328,77.576022,12.955968
16329,77.564078,12.954042
16330,77.582256,12.955206
16331,77.581576,12.955261
16332,77.560532,12.956929
16333,77.584914,12.956977
16334,77.584273,12.957202
16335,77.572600,12.965042
16336,77.583870,12.969201
16337,77.570632,12.970081
16338,77.573602,12.970113
16339,77.571172,12.970441
16340,77.570685,12.970507
16341,77.575122,12.970639
16342,77.575149,12.970691
16343,77.570696,12.970777
16344,77.574548,12.970885
16345,77.571473,12.971313
16346,77.578806,12.971400
16347,77.575614,12.971596
16348,77.575637,12.972145
16349,77.579014,12.972197
16350,77.576272,12.972221
16351,77.580103,12.957321
16352,77.578568,12.957648
16353,77.588240,12.940969
16354,77.562604,12.971906
16355,77.591784,12.956675
16356,77.591821,12.956810
16357,77.591451,12.956991
16358,77.591084,12.957059
16359,77.591146,12.957309
16360,77.655269,13.022284
16361,77.619442,12.958766
16362,77.643654,12.972607
16363,77.644437,12.972637
16364,77.643636,12.972979
16365,77.644412,12.973016
16366,77.643616,12.973410
16367,77.644385,12.973435
16368,77.643687,12.970871
16369,77.644545,12.970893
16370,77.643673,12.971659
16371,77.644518,12.971676
16372,77.618518,12.987658
16373,77.619368,12.988027
16374,77.619025,12.988122
16375,77.619407,12.988312
16376,77.619143,12.988368
16377,77.619468,12.988792
16378,77.618800,12.988972
16379,77.584944,12.966130
16380,77.586523,12.967235
16381,77.585364,12.966617
16382,77.584473,12.966048
16383,77.584704,12.966019
16384,77.585136,12.966788
16385,77.578060,12.967668
16386,77.578344,12.968160
16387,77.638680,12.973556
16388,77.637464,12.973647
16389,77.638483,12.973741
16390,77.637820,12.973967
16391,77.638661,12.974040
16392,77.639489,12.973237
16393,77.618776,12.987508
16394,77.618936,12.987892
16395,77.624759,12.932568
16396,77.624814,12.932975
16397,77.625393,12.932971
16398,77.624725,12.933204
16399,77.625467,12.933232
16400,77.630588,12.979868
16401,77.624472,12.942891
16402,77.624574,12.942956
16403,77.625925,12.943115
16404,77.625248,12.943381
16405,77.623726,12.943575
16406,77.625597,12.943603
16407,77.623921,12.943956
16408,77.622958,12.944315
16409,77.624576,12.944376
16410,77.622849,12.944421
16411,77.625247,12.944807
16412,77.622733,12.945513
16413,77.622831,12.945574
16414,77.621415,12.947500
16415,77.621494,12.947552
16416,77.622955,12.947546
16417,77.622509,12.948166
16418,77.621069,12.948191
16419,77.622055,12.948827
16420,77.621458,12.945661
16421,77.622289,12.946196
16422,77.620777,12.946191
16423,77.622379,12.946246
16424,77.623733,12.946456
16425,77.620359,12.946806
16426,77.621854,12.946859
16427,77.621936,12.946910
16428,77.623435,12.946905
16429,77.605275,12.951396
16430,77.605956,12.949745
16431,77.606102,12.957982
16432,77.605930,12.949845
16433,77.605277,12.952662
16434,77.600984,12.981410
16435,77.601272,12.982192
16436,77.599841,12.999777
16437,77.642875,12.950617
16438,77.642743,12.953954
16439,77.642327,12.954669
16440,77.643398,12.954700
16441,77.642381,12.954700
16442,77.642158,12.954685
16443,77.646806,12.981141
16444,77.646792,12.980774
16445,77.578772,12.949047
16446,77.598873,12.985588
16447,77.598940,12.985939
16448,77.618958,12.987403
16449,77.619137,12.987754
16450,77.623481,12.978396
16451,77.623493,12.978529
16452,77.566032,12.996703
16453,77.562444,13.004246
16454,77.587094,12.990844
16455,77.587772,12.991431
16456,77.586880,12.985894
16457,77.583787,12.987050
16458,77.582593,12.987347
16459,77.586675,12.985233
16460,77.585705,12.985327
16461,77.585801,12.985982
16462,77.561509,12.982572
16463,77.561679,12.982642
16464,77.601399,12.993051
16465,77.601226,12.993147
16466,77.602174,12.993163
16467,77.599462,12.995445
16468,77.566754,12.970412
16469,77.566485,12.970632
16470,77.566452,12.970643
16471,77.566411,12.970696
16472,77.566586,12.970706
16473,77.566569,12.970771
16474,77.566543,12.970793
16475,77.644645,12.980780
16476,77.644497,12.981234
16477,77.644650,12.981234
16478,77.644688,12.981596
16479,77.645591,12.982097
16480,77.644734,12.982271
16481,77.645763,12.982412
16482,77.615229,12.965411
16483,77.615663,12.965547
16484,77.602799,12.956046
16485,77.601534,12.956430
16486,77.602938,12.956443
16487,77.601670,12.956836
16488,77.560140,12.935352
16489,77.631744,12.969044
16490,77.622891,12.953463
16491,77.653497,13.022288
16492,77.573380,13.002826
16493,77.573047,13.002834
16494,77.632110,12.969157
16495,77.647854,13.019891
16496,77.621817,12.953688
16497,77.632427,12.969257
16498,77.654984,12.973241
16499,77.643075,12.994646
16500,77.644445,12.981569
16501,77.647606,12.980454
16502,77.646443,12.980520
16503,77.646733,12.980535
16504,77.647538,12.981088
16505,77.647649,12.981380
16506,77.648153,12.982468
16507,77.648082,12.967658
16508,77.647863,12.968444
16509,77.649299,12.969152
16510,77.649218,12.969958
16511,77.658860,12.971136
16512,77.659913,12.971524
16513,77.655422,12.974033
16514,77.635602,13.003483
16515,77.635749,13.003416
16516,77.647621,12.965169
16517,77.647454,12.964810
16518,77.647748,12.963982
16519,77.647600,12.962444
16520,77.646296,12.963197
16521,77.648238,12.964368
16522,77.648107,12.963946
16523,77.653601,12.972167
16524,77.653739,12.973731
16525,77.656171,12.973955
16526,77.656645,12.974576
16527,77.633392,12.970644
16528,77.633379,12.971145
16529,77.565120,12.978636
16530,77.566353,12.978532
16531,77.567513,12.978436
16532,77.647407,12.961859
16533,77.649124,12.959959
16534,77.647123,12.957450
16535,77.646402,12.958151
16536,77.646251,12.957863
16537,77.645673,12.957877
16538,77.645603,12.958541
16539,77.645444,12.958253
16540,77.645314,12.957984
16541,77.645463,12.957866
16542,77.645629,12.958175
16543,77.645773,12.958484
16544,77.646410,12.958405
16545,77.646322,12.958211
16546,77.646731,12.958269
16547,77.646632,12.958061
16548,77.646884,12.957943
16549,77.647316,12.958040
16550,77.614822,13.026784
16551,77.615691,13.026026
16552,77.616078,13.025911
16553,77.615655,13.024089
16554,77.615671,13.024961
16555,77.614955,13.025027
16556,77.615251,13.026418
16557,77.614879,13.025989
16558,77.615456,13.026242
16559,77.614845,13.025540
16560,77.615662,13.026054
16561,77.615064,13.025429
16562,77.600305,12.976766
16563,77.612157,12.984620
16564,77.612947,12.984500
16565,77.613464,12.984391
16566,77.612915,12.984881
16567,77.612305,12.985094
16568,77.613956,12.983935
16569,77.612877,12.984189
16570,77.616260,12.983626
16571,77.616567,12.983219
16572,77.652016,12.943109
16573,77.649864,12.943429
16574,77.650156,12.943385
16575,77.651639,12.943763
16576,77.651657,12.943520
16577,77.652485,12.943298
16578,77.649789,12.943189
16579,77.650598,12.942919
16580,77.620521,12.999971
16581,77.619974,12.999477
16582,77.580641,12.962506
16583,77.580565,12.962510
16584,77.581881,12.961624
16585,77.581893,12.961663
16586,77.583184,12.960738
16587,77.583147,12.960672
16588,77.583550,12.960378
16589,77.583603,12.960486
16590,77.586895,12.959200
16591,77.586828,12.959098
16592,77.589149,12.958475
16593,77.589112,12.958359
16594,77.592198,12.956118
16595,77.592167,12.956034
16596,77.592291,12.956037
16597,77.592259,12.955954
16598,77.594565,12.954288
16599,77.594488,12.954196
16600,77.598830,12.950957
16601,77.598754,12.950867
16602,77.613738,12.950492
16603,77.613788,12.950294
16604,77.621346,12.951423
16605,77.621420,12.951406
16606,77.626972,12.940733
16607,77.611858,12.963739
16608,77.611887,12.963319
16609,77.612269,12.963911
16610,77.612316,12.963376
16611,77.612282,12.964571
16612,77.611836,12.964952
16613,77.612098,12.964401
16614,77.611659,12.964734
16615,77.612550,12.964202
16616,77.612554,12.964512
16617,77.651890,12.991541
16618,77.562738,12.982595
16619,77.562931,12.982571
16620,77.562829,12.982456
16621,77.562624,12.982483
16622,77.588061,12.975367
16623,77.589647,12.935538
16624,77.589306,12.933900
16625,77.589427,12.934476
16626,77.641636,12.959600
16627,77.559172,12.988900
16628,77.557896,12.991021
16629,77.564395,12.975872
16630,77.641347,12.959005
16631,77.641006,12.959057
16632,77.656183,12.955090
16633,77.655790,12.955147
16634,77.656134,12.954817
16635,77.655760,12.954881
16636,77.655863,12.955426
16637,77.656233,12.955375
16638,77.655830,12.955728
16639,77.641248,12.959020
16640,77.641151,12.958181
16641,77.626597,12.965247
16642,77.626453,12.965947
16643,77.635662,13.028009
16644,77.628593,12.972239
16645,77.628349,12.972525
16646,77.649217,12.983733
16647,77.649372,12.983436
16648,77.645536,12.972807
16649,77.614769,12.976343
16650,77.614698,12.976367
16651,77.615234,12.979032
16652,77.615263,12.979093
16653,77.614668,12.979266
16654,77.614697,12.979321
16655,77.615323,12.978552
16656,77.615379,12.978532
16657,77.646775,13.025564
16658,77.646938,13.026135
16659,77.646581,13.026394
16660,77.648132,13.026048
16661,77.646668,13.026704
16662,77.648261,13.026336
16663,77.646859,13.027314
16664,77.648419,13.026951
16665,77.648449,13.027131
16666,77.648502,13.027349
16667,77.650337,13.027055
16668,77.648516,13.027401
16669,77.646744,13.027957
16670,77.646546,13.028228
16671,77.638947,12.956398
16672,77.638871,12.956055
16673,77.616687,12.957953
16674,77.616774,12.957944
16675,77.616815,12.957045
16676,77.616921,12.957057
16677,77.617640,12.953640
16678,77.617752,12.953583
16679,77.617954,12.943475
16680,77.649484,12.990293
16681,77.579506,12.936706
16682,77.584953,12.936593
16683,77.580040,12.936695
16684,77.583958,12.936618
16685,77.582702,12.936643
16686,77.580126,12.936694
16687,77.577527,12.936745
16688,77.576929,12.936757
16689,77.575360,12.936580
16690,77.573817,12.936830
16691,77.578778,12.938255
16692,77.579934,12.936802
16693,77.580120,12.936792
16694,77.580131,12.936608
16695,77.579952,12.947273
16696,77.579972,12.946179
16697,77.579982,12.945421
16698,77.579983,12.942123
16699,77.579992,12.940580
16700,77.580010,12.937543
16701,77.580041,12.936247
16702,77.580109,12.928742
16703,77.580053,12.933048
16704,77.583800,12.933089
16705,77.583733,12.933032
16706,77.582696,12.934088
16707,77.581927,12.934847
16708,77.581298,12.935479
16709,77.580508,12.936274
16710,77.580309,12.936466
16711,77.572970,12.940019
16712,77.572231,12.939579
16713,77.571510,12.939150
16714,77.569978,12.938239
16715,77.569383,12.937944
16716,77.579999,12.939390
16717,77.580030,12.931651
16718,77.580004,12.938567
16719,77.573875,12.985327
16720,77.639313,12.978282
16721,77.638034,12.978247
16722,77.638032,12.978341
16723,77.639311,12.978367
16724,77.607553,12.944056
16725,77.606186,12.943997
16726,77.584075,13.003008
16727,77.573856,12.935777
16728,77.573856,12.936286
16729,77.573898,12.936901
16730,77.573700,12.930979
16731,77.573688,12.930246
16732,77.566940,12.965299
16733,77.610968,12.967091
16734,77.552893,13.000310
16735,77.568966,12.996764
16736,77.571223,13.004992
16737,77.571272,13.002850
16738,77.569448,12.996991
16739,77.657710,12.963098
16740,77.660039,12.960933
16741,77.659756,12.960321
16742,77.657675,12.962969
16743,77.658658,12.962725
16744,77.658214,12.962196
16745,77.658508,12.962131
16746,77.657911,12.962264
16747,77.658038,12.961472
16748,77.657735,12.961542
16749,77.657982,12.962568
16750,77.659349,12.961529
16751,77.659529,12.962222
16752,77.659585,12.961455
16753,77.659869,12.961359
16754,77.659024,12.961632
16755,77.659781,12.961049
16756,77.658943,12.961315
16757,77.658374,12.960444
16758,77.658447,12.960768
16759,77.658532,12.961132
16760,77.658586,12.961122
16761,77.658903,12.962361
16762,77.659111,12.963238
16763,77.658781,12.963209
16764,77.658580,12.962435
16765,77.658336,12.961407
16766,77.658277,12.961158
16767,77.594660,12.971922
16768,77.598041,12.980680
16769,77.659475,12.943226
16770,77.650660,12.981391
16771,77.654757,12.976853
16772,77.658319,12.971951
16773,77.657433,12.973556
16774,77.655354,12.976235
16775,77.650692,12.981346
16776,77.650364,12.981864
16777,77.573804,12.940634
16778,77.600687,12.930336
16779,77.603043,12.929439
16780,77.604702,12.928083
16781,77.606726,12.933266
16782,77.643698,13.010218
16783,77.643137,13.010381
16784,77.655452,13.029314
16785,77.655151,13.026003
16786,77.655443,13.025386
16787,77.655749,13.025307
16788,77.655506,13.024509
16789,77.597133,12.986983
16790,77.596835,12.986641
16791,77.656341,12.954198
16792,77.606727,12.964761
16793,77.645021,12.980821
16794,77.645075,12.980150
16795,77.613944,12.963544
16796,77.613896,12.964013
16797,77.590193,12.933792
16798,77.566697,12.943612
16799,77.566703,12.943147
16800,77.652713,12.973797
16801,77.652404,12.973849
16802,77.650184,12.972630
16803,77.650147,12.972413
16804,77.648605,12.973806
16805,77.648843,12.973641
16806,77.649127,12.974429
16807,77.648283,12.973201
16808,77.648132,12.972850
16809,77.649920,12.972382
16810,77.650517,12.973020
16811,77.650682,12.973820
16812,77.645673,12.967948
16813,77.646770,12.971688
16814,77.646796,12.970951
16815,77.628096,12.970617
16816,77.627784,12.970320
16817,77.646107,12.967779
16818,77.646231,12.968218
16819,77.647005,12.967890
16820,77.647103,12.968281
16821,77.659565,13.010943
16822,77.660835,13.011578
16823,77.661637,13.010830
16824,77.659880,13.011102
16825,77.659426,13.008249
16826,77.657483,13.006213
16827,77.657874,13.006948
16828,77.647840,13.019443
16829,77.651544,13.018412
16830,77.568833,12.935786
16831,77.559503,12.983643
16832,77.561541,13.000971
16833,77.561455,13.000430
16834,77.560629,12.994995
16835,77.560226,12.996004
16836,77.560082,12.995636
16837,77.564196,12.991414
16838,77.563978,12.994110
16839,77.563915,12.993659
16840,77.561592,12.992945
16841,77.561635,12.993443
16842,77.630564,12.934480
16843,77.624781,13.004246
16844,77.625220,13.004100
16845,77.624843,13.003131
16846,77.625010,13.003507
16847,77.619657,12.942870
16848,77.619938,12.943493
16849,77.619713,12.942789
16850,77.631620,12.936944
16851,77.631078,12.935980
16852,77.629892,13.021497
16853,77.628750,13.021559
16854,77.621914,13.007412
16855,77.621464,13.006807
16856,77.621039,13.006294
16857,77.630372,13.026010
16858,77.630461,13.026165
16859,77.630627,13.026591
16860,77.631913,13.026781
16861,77.631847,13.027307
16862,77.631067,13.027540
16863,77.631147,13.027820
16864,77.632117,13.027517
16865,77.631744,13.027186
16866,77.623184,13.021602
16867,77.621625,13.021682
16868,77.620297,13.021730
16869,77.620302,13.021922
16870,77.622390,13.021566
16871,77.622470,13.021936
16872,77.621966,13.021638
16873,77.622090,13.022165
16874,77.622171,13.021609
16875,77.622304,13.022121
16876,77.621761,13.021664
16877,77.621886,13.022225
16878,77.621557,13.021691
16879,77.621679,13.022270
16880,77.621346,13.021728
16881,77.621381,13.021911
16882,77.620942,13.021827
16883,77.621171,13.022876
16884,77.620483,13.021909
16885,77.620519,13.022084
16886,77.620370,13.022336
16887,77.620248,13.022334
16888,77.620163,13.021943
16889,77.621730,13.026340
16890,77.621804,13.026763
16891,77.624910,13.021712
16892,77.625635,13.021647
16893,77.625081,13.022623
16894,77.625073,13.022982
16895,77.624228,13.025149
16896,77.624452,13.025004
16897,77.624835,13.023966
16898,77.624422,13.023600
16899,77.624909,13.023618
16900,77.625653,13.024294
16901,77.624812,13.024064
16902,77.625643,13.025265
16903,77.624556,13.025381
16904,77.628545,13.024283
16905,77.628711,13.025255
16906,77.630372,13.024886
16907,77.629370,13.025307
16908,77.630426,13.025147
16909,77.628497,13.024000
16910,77.627460,13.023067
16911,77.628314,13.022932
16912,77.624103,13.017732
16913,77.624513,13.019362
16914,77.624687,13.020055
16915,77.624693,13.020664
16916,77.624661,13.021188
16917,77.624103,13.020353
16918,77.624052,13.021209
16919,77.630008,13.026274
16920,77.629515,13.026034
16921,77.629910,13.025933
16922,77.629221,13.027185
16923,77.630157,13.026904
16924,77.630223,13.027179
16925,77.629365,13.027479
16926,77.629725,13.028284
16927,77.630427,13.028029
16928,77.628627,13.026746
16929,77.627997,13.026867
16930,77.624282,13.026796
16931,77.621263,13.027619
16932,77.621291,13.027281
16933,77.619673,13.027007
16934,77.619771,13.025296
16935,77.620326,13.025218
16936,77.619780,13.025332
16937,77.621878,13.024488
16938,77.620829,13.024612
16939,77.619669,13.024848
16940,77.617150,13.021938
16941,77.617162,13.022225
16942,77.617162,13.022939
16943,77.617124,13.023647
16944,77.617222,13.023685
16945,77.617778,13.023758
16946,77.617998,13.023798
16947,77.618579,13.023756
16948,77.618963,13.023704
16949,77.619471,13.023602
16950,77.620259,13.022892
16951,77.619405,13.022988
16952,77.575465,12.954031
16953,77.575365,12.953473
16954,77.577071,12.979436
16955,77.577124,12.978873
16956,77.657518,12.955846
16957,77.657214,12.955889
16958,77.657532,12.956065
16959,77.657259,12.956109
16960,77.657537,12.956308
16961,77.657302,12.956343
16962,77.657763,12.956702
16963,77.657679,12.955956
16964,77.658394,12.954624
16965,77.657792,12.954758
16966,77.658298,12.954948
16967,77.657854,12.955039
16968,77.657841,12.954980
16969,77.657533,12.955046
16970,77.659644,12.956774
16971,77.659331,12.956816
16972,77.659017,12.956858
16973,77.659028,12.957109
16974,77.659360,12.957066
16975,77.607398,12.997282
16976,77.606449,12.997531
16977,77.608130,12.998414
16978,77.607372,12.998619
16979,77.608262,12.998662
16980,77.607533,12.998854
16981,77.607928,12.998075
16982,77.607187,12.998379
16983,77.589014,13.023347
16984,77.586634,13.027739
16985,77.567762,12.949017
16986,77.567646,12.944304
16987,77.627070,12.949299
16988,77.626893,12.949455
16989,77.659376,12.963014
16990,77.605839,13.019752
16991,77.605976,13.020238
16992,77.604643,13.020495
16993,77.601507,13.022660
16994,77.596586,13.014601
16995,77.596803,13.014977
16996,77.596146,13.015295
16997,77.596111,13.015312
16998,77.595193,13.013481
16999,77.594033,13.013593
17000,77.594373,13.012897
17001,77.593927,13.013061
17002,77.595019,13.013234
17003,77.594673,13.012513
17004,77.594538,13.014071
17005,77.594308,13.013481
17006,77.594819,13.013950
17007,77.594585,13.013378
17008,77.594864,13.013286
17009,77.595662,13.013668
17010,77.595320,13.013090
17011,77.595922,13.013519
17012,77.595554,13.012977
17013,77.596237,13.013336
17014,77.595403,13.013817
17015,77.595637,13.014212
17016,77.599489,13.029400
17017,77.598551,13.029530
17018,77.601415,13.028846
17019,77.599574,13.029367
17020,77.601326,13.028519
17021,77.598935,13.026792
17022,77.603015,13.023731
17023,77.602006,13.024069
17024,77.603177,13.024131
17025,77.602220,13.024442
17026,77.603320,13.024498
17027,77.602422,13.024846
17028,77.603448,13.024818
17029,77.602540,13.025169
17030,77.602159,13.024400
17031,77.591502,13.029175
17032,77.592203,13.029135
17033,77.592655,13.029072
17034,77.591243,13.027732
17035,77.591655,13.027759
17036,77.590588,13.027643
17037,77.589895,13.029236
17038,77.589496,13.028975
17039,77.589567,13.028543
17040,77.588629,13.028846
17041,77.588680,13.028290
17042,77.588840,13.027061
17043,77.590422,13.028121
17044,77.588414,13.025011
17045,77.588690,13.026264
17046,77.588528,13.025488
17047,77.589280,13.025385
17048,77.589218,13.025056
17049,77.588587,13.025185
17050,77.588078,13.025093
17051,77.589449,13.025117
17052,77.589573,13.024563
17053,77.589674,13.025367
17054,77.590104,13.026251
17055,77.590401,13.026243
17056,77.590414,13.025299
17057,77.590347,13.024918
17058,77.589906,13.025346
17059,77.597332,13.015131
17060,77.596996,13.015325
17061,77.596822,13.015416
17062,77.596685,13.015487
17063,77.595924,13.015719
17064,77.596178,13.013918
17065,77.597928,13.025840
17066,77.598128,13.026083
17067,77.597121,13.026141
17068,77.597047,13.024457
17069,77.598975,13.026280
17070,77.599429,13.027934
17071,77.597942,13.027865
17072,77.597515,13.026863
17073,77.597500,13.027276
17074,77.605422,13.025706
17075,77.603888,13.026092
17076,77.605514,13.025910
17077,77.603965,13.026327
17078,77.605662,13.026250
17079,77.605817,13.026599
17080,77.605087,13.026869
17081,77.605981,13.026969
17082,77.605204,13.027203
17083,77.605269,13.025352
17084,77.604884,13.026308
17085,77.604984,13.026575
17086,77.604207,13.027139
17087,77.603324,13.027290
17088,77.603430,13.028826
17089,77.606969,13.028087
17090,77.604609,13.028873
17091,77.606254,13.027591
17092,77.604512,13.028250
17093,77.603526,13.028492
17094,77.603104,13.028613
17095,77.603611,13.028774
17096,77.603451,13.028224
17097,77.602160,13.029164
17098,77.604440,13.027966
17099,77.602084,13.028665
17100,77.600985,13.025757
17101,77.601819,13.025439
17102,77.599053,13.025059
17103,77.598726,13.025081
17104,77.599189,13.025560
17105,77.599185,13.026284
17106,77.598129,13.025851
17107,77.597072,13.024725
17108,77.598729,13.025171
17109,77.598071,13.025196
17110,77.598713,13.024617
17111,77.597996,13.024663
17112,77.598686,13.024357
17113,77.597967,13.024386
17114,77.598119,13.023310
17115,77.598386,13.024122
17116,77.597407,13.024171
17117,77.597412,13.023117
17118,77.597718,13.024161
17119,77.598201,13.023074
17120,77.597793,13.023189
17121,77.598086,13.024148
17122,77.598099,13.022757
17123,77.598533,13.024101
17124,77.597543,13.017955
17125,77.597177,13.017706
17126,77.597110,13.017747
17127,77.597555,13.018909
17128,77.597198,13.017995
17129,77.596922,13.018087
17130,77.596369,13.018231
17131,77.596258,13.016858
17132,77.596182,13.016053
17133,77.596719,13.015861
17134,77.596319,13.016303
17135,77.596806,13.016038
17136,77.597473,13.015900
17137,77.596897,13.016179
17138,77.597334,13.015543
17139,77.597656,13.016139
17140,77.596331,13.014719
17141,77.596156,13.016601
17142,77.597518,13.015453
17143,77.596873,13.015793
17144,77.596261,13.014583
17145,77.596530,13.015107
17146,77.597143,13.015861
17147,77.597083,13.015893
17148,77.597169,13.016047
17149,77.596992,13.015728
17150,77.636037,13.006232
17151,77.646360,12.987754
17152,77.645931,12.989169
17153,77.645839,12.988669
17154,77.646201,12.989126
17155,77.646099,12.987643
17156,77.645941,12.988122
17157,77.645648,12.989210
17158,77.646376,12.988464
17159,77.646736,12.989424
17160,77.647145,12.989408
17161,77.607736,13.027476
17162,77.606835,13.027818
17163,77.607728,13.027205
17164,77.606711,13.027559
17165,77.607663,13.026940
17166,77.606598,13.027317
17167,77.609107,13.026319
17168,77.606476,13.027054
17169,77.606309,13.026694
17170,77.607791,13.024829
17171,77.607582,13.024904
17172,77.607687,13.025163
17173,77.608064,13.026091
17174,77.607486,13.024667
17175,77.607804,13.026180
17176,77.607227,13.024763
17177,77.607549,13.026268
17178,77.606952,13.024854
17179,77.608479,13.029319
17180,77.608657,13.029775
17181,77.608932,13.029188
17182,77.607726,13.029588
17183,77.605349,13.029800
17184,77.605534,13.030841
17185,77.615282,13.029659
17186,77.606395,13.017465
17187,77.606454,13.017820
17188,77.605723,13.017915
17189,77.606395,13.018181
17190,77.605776,13.018269
17191,77.606335,13.018576
17192,77.605831,13.018637
17193,77.603254,13.016307
17194,77.603289,13.017125
17195,77.603586,13.016548
17196,77.603130,13.016746
17197,77.602693,13.016937
17198,77.602427,13.017398
17199,77.602127,13.016770
17200,77.601835,13.016189
17201,77.601314,13.016381
17202,77.603020,13.016475
17203,77.602094,13.016093
17204,77.602187,13.016058
17205,77.602130,13.014593
17206,77.602291,13.014966
17207,77.602736,13.015856
17208,77.602464,13.015956
17209,77.602013,13.015072
17210,77.601883,13.014771
17211,77.601770,13.015167
17212,77.602576,13.014857
17213,77.605155,13.015619
17214,77.605925,13.015764
17215,77.605168,13.015849
17216,77.607870,13.015904
17217,77.607722,13.014916
17218,77.605825,13.015010
17219,77.608583,13.013459
17220,77.608810,13.013361
17221,77.609032,13.013263
17222,77.609372,13.013124
17223,77.608937,13.012910
17224,77.608691,13.012711
17225,77.608464,13.011998
17226,77.608188,13.011326
17227,77.608137,13.011181
17228,77.607963,13.015144
17229,77.607609,13.014335
17230,77.607459,13.014363
17231,77.605985,13.014553
17232,77.605775,13.015284
17233,77.607325,13.013396
17234,77.607765,13.015163
17235,77.608004,13.012241
17236,77.607562,13.012412
17237,77.607175,13.012574
17238,77.608141,13.012476
17239,77.607671,13.012691
17240,77.607282,13.012879
17241,77.607875,13.013158
17242,77.607354,13.011919
17243,77.606258,13.012349
17244,77.606182,13.012082
17245,77.605789,13.012249
17246,77.605923,13.012513
17247,77.605689,13.011952
17248,77.606068,13.011792
17249,77.606771,13.013632
17250,77.606852,13.011804
17251,77.606974,13.012069
17252,77.607482,13.013330
17253,77.607733,13.013226
17254,77.606252,13.013769
17255,77.605453,13.014260
17256,77.605151,13.015373
17257,77.611742,13.015665
17258,77.610057,13.016447
17259,77.608815,13.025501
17260,77.610772,13.024971
17261,77.612856,13.024307
17262,77.612107,13.023869
17263,77.612592,13.023724
17264,77.611050,13.024530
17265,77.608687,13.025160
17266,77.612485,13.025162
17267,77.611027,13.025728
17268,77.613264,13.025241
17269,77.611151,13.026116
17270,77.611267,13.026485
17271,77.610906,13.025371
17272,77.610827,13.026663
17273,77.605116,13.010440
17274,77.604383,13.009710
17275,77.604533,13.010567
17276,77.603943,13.010826
17277,77.613315,13.014788
17278,77.614422,13.016438
17279,77.614898,13.018060
17280,77.614810,13.017797
17281,77.614637,13.019072
17282,77.614082,13.017455
17283,77.614329,13.018014
17284,77.614604,13.017890
17285,77.615319,13.017160
17286,77.614500,13.016026
17287,77.613961,13.018524
17288,77.613573,13.016671
17289,77.610498,13.016914
17290,77.612605,13.017174
17291,77.612738,13.019511
17292,77.611695,13.019832
17293,77.611772,13.020043
17294,77.612762,13.019883
17295,77.611783,13.020271
17296,77.612764,13.020092
17297,77.611858,13.020486
17298,77.609633,13.024529
17299,77.610995,13.024175
17300,77.610581,13.022933
17301,77.610773,13.023493
17302,77.609004,13.023998
17303,77.609274,13.025004
17304,77.608820,13.023486
17305,77.613710,13.025928
17306,77.611027,13.027056
17307,77.615238,13.028579
17308,77.615005,13.028226
17309,77.614773,13.027867
17310,77.615613,13.027408
17311,77.614092,13.027282
17312,77.613761,13.027416
17313,77.614147,13.028078
17314,77.614372,13.027942
17315,77.613406,13.028527
17316,77.613164,13.028673
17317,77.614460,13.029081
17318,77.613903,13.028221
17319,77.614192,13.029257
17320,77.613655,13.028376
17321,77.613096,13.027224
17322,77.612745,13.027437
17323,77.612511,13.027578
17324,77.613547,13.029826
17325,77.612932,13.028814
17326,77.612261,13.027730
17327,77.619741,13.012560
17328,77.620587,13.012493
17329,77.620166,13.011938
17330,77.620907,13.013758
17331,77.620656,13.013867
17332,77.621066,13.014622
17333,77.620094,13.015582
17334,77.619006,13.016059
17335,77.618900,13.015810
17336,77.619417,13.017444
17337,77.620011,13.016493
17338,77.620245,13.017065
17339,77.620801,13.018568
17340,77.620191,13.018743
17341,77.620747,13.018337
17342,77.620125,13.018513
17343,77.620679,13.018086
17344,77.620575,13.017821
17345,77.619944,13.018062
17346,77.620476,13.017575
17347,77.619834,13.017830
17348,77.620376,13.017313
17349,77.620851,13.018837
17350,77.620910,13.017092
17351,77.620047,13.018288
17352,77.620248,13.018952
17353,77.619207,13.017814
17354,77.618461,13.018009
17355,77.619378,13.017766
17356,77.617156,13.013331
17357,77.616733,13.013492
17358,77.618385,13.013955
17359,77.618287,13.013998
17360,77.618286,13.014215
17361,77.618409,13.014163
17362,77.617885,13.014381
17363,77.618678,13.012859
17364,77.618375,13.012965
17365,77.618750,13.013100
17366,77.618511,13.013203
17367,77.618220,13.012701
17368,77.619268,13.014538
17369,77.618702,13.014771
17370,77.618827,13.014749
17371,77.617896,13.014977
17372,77.617426,13.015177
17373,77.614907,13.014384
17374,77.616547,13.017178
17375,77.616591,13.016168
17376,77.616728,13.016593
17377,77.616272,13.016000
17378,77.615982,13.016615
17379,77.616417,13.016458
17380,77.616202,13.015766
17381,77.616871,13.016076
17382,77.616941,13.016528
17383,77.616203,13.016535
17384,77.615937,13.015709
17385,77.616033,13.016806
17386,77.615740,13.015822
17387,77.615635,13.015445
17388,77.618150,13.019326
17389,77.617721,13.019437
17390,77.617521,13.019489
17391,77.617629,13.019919
17392,77.618509,13.019751
17393,77.618648,13.020432
17394,77.618251,13.019797
17395,77.618390,13.020473
17396,77.618045,13.019838
17397,77.618179,13.020507
17398,77.617841,13.019879
17399,77.617973,13.020540
17400,77.612585,13.030025
17401,77.612363,13.029632
17402,77.611235,13.030167
17403,77.612269,13.029185
17404,77.611109,13.029939
17405,77.614694,13.029832
17406,77.615137,13.027032
17407,77.617319,13.026862
17408,77.617145,13.026969
17409,77.616091,13.026185
17410,77.616139,13.025868
17411,77.616265,13.025892
17412,77.616826,13.026166
17413,77.617314,13.026602
17414,77.618890,13.019690
17415,77.617230,13.019995
17416,77.616855,13.020084
17417,77.616759,13.019687
17418,77.617101,13.019598
17419,77.616931,13.019009
17420,77.614180,13.016096
17421,77.614053,13.015370
17422,77.613585,13.014772
17423,77.613582,13.014217
17424,77.614648,13.012374
17425,77.614119,13.011512
17426,77.614805,13.012269
17427,77.614427,13.012520
17428,77.614299,13.011433
17429,77.614931,13.012401
17430,77.615218,13.012164
17431,77.615512,13.011935
17432,77.615943,13.011756
17433,77.613924,13.011596
17434,77.613805,13.011888
17435,77.613693,13.011703
17436,77.613526,13.011748
17437,77.614591,13.010903
17438,77.613791,13.011237
17439,77.613781,13.011656
17440,77.613805,13.010806
17441,77.615277,13.010710
17442,77.615065,13.010857
17443,77.614810,13.010154
17444,77.606622,13.010141
17445,77.606694,13.010418
17446,77.606840,13.010748
17447,77.606406,13.011173
17448,77.606556,13.011561
17449,77.606129,13.011190
17450,77.606346,13.011674
17451,77.605951,13.011453
17452,77.605128,13.011536
17453,77.604558,13.012292
17454,77.604493,13.011998
17455,77.603034,13.011315
17456,77.603747,13.011394
17457,77.605002,13.011457
17458,77.604410,13.011428
17459,77.604445,13.010595
17460,77.617527,13.029874
17461,77.617595,13.029564
17462,77.601968,13.003960
17463,77.601851,13.003753
17464,77.601634,13.003361
17465,77.601652,13.003870
17466,77.602024,13.003656
17467,77.601800,13.002824
17468,77.602336,13.003771
17469,77.601819,13.003295
17470,77.602142,13.003870
17471,77.598792,13.008109
17472,77.598705,13.008029
17473,77.598773,13.007663
17474,77.598542,13.007819
17475,77.598231,13.007354
17476,77.597978,13.007499
17477,77.597981,13.008234
17478,77.597633,13.007697
17479,77.597774,13.008471
17480,77.597350,13.007858
17481,77.597820,13.009111
17482,77.596783,13.008191
17483,77.598403,13.009147
17484,77.599320,13.008350
17485,77.599580,13.008858
17486,77.599392,13.008083
17487,77.600271,13.008546
17488,77.600118,13.008272
17489,77.599773,13.007733
17490,77.600372,13.008126
17491,77.599847,13.008437
17492,77.599909,13.008541
17493,77.599216,13.007502
17494,77.598948,13.007026
17495,77.599535,13.007965
17496,77.600207,13.007295
17497,77.599744,13.006722
17498,77.612165,13.003098
17499,77.611543,13.004295
17500,77.611534,13.004074
17501,77.612232,13.004001
17502,77.609084,13.001525
17503,77.608503,13.001050
17504,77.608838,13.001665
17505,77.608104,13.000663
17506,77.608600,13.001785
17507,77.607897,13.000730
17508,77.608296,13.001919
17509,77.607659,13.002119
17510,77.608040,13.001999
17511,77.607655,13.000811
17512,77.608445,12.999661
17513,77.608713,13.000457
17514,77.608266,12.999711
17515,77.608516,13.000523
17516,77.607182,13.000063
17517,77.607446,13.000882
17518,77.607804,12.999862
17519,77.608075,13.000671
17520,77.597971,13.001598
17521,77.598344,13.002274
17522,77.598198,13.005154
17523,77.598450,13.005561
17524,77.598455,13.005018
17525,77.598726,13.005389
17526,77.598731,13.004827
17527,77.598999,13.005219
17528,77.599257,13.005074
17529,77.598839,13.004469
17530,77.598206,13.005714
17531,77.622174,13.018080
17532,77.622191,13.018210
17533,77.622541,13.020909
17534,77.622635,13.018109
17535,77.622412,13.018159
17536,77.622388,13.018037
17537,77.622704,13.017018
17538,77.622452,13.016771
17539,77.622237,13.016894
17540,77.622030,13.016997
17541,77.621940,13.016817
17542,77.622350,13.016604
17543,77.622618,13.017072
17544,77.621714,13.016098
17545,77.621289,13.015325
17546,77.621078,13.015394
17547,77.621654,13.016245
17548,77.622171,13.017303
17549,77.622681,13.019893
17550,77.615040,13.020752
17551,77.615290,13.020626
17552,77.615828,13.020500
17553,77.615720,13.019898
17554,77.616040,13.020095
17555,77.615886,13.019286
17556,77.615550,13.018781
17557,77.615077,13.019533
17558,77.615165,13.019974
17559,77.614724,13.019212
17560,77.614896,13.020025
17561,77.617469,13.023728
17562,77.617067,13.026377
17563,77.619175,13.024191
17564,77.619132,13.023682
17565,77.618993,13.024210
17566,77.618782,13.024215
17567,77.618775,13.023727
17568,77.618886,13.025703
17569,77.618918,13.025417
17570,77.618242,13.025285
17571,77.618283,13.023797
17572,77.617958,13.025257
17573,77.618532,13.025336
17574,77.616871,13.024146
17575,77.616099,13.025168
17576,77.616748,13.025151
17577,77.617097,13.024709
17578,77.617016,13.025145
17579,77.612843,13.014737
17580,77.612637,13.015246
17581,77.611948,13.015988
17582,77.612977,13.014635
17583,77.612595,13.016257
17584,77.612170,13.016356
17585,77.613319,13.009705
17586,77.611272,13.011619
17587,77.610949,13.008409
17588,77.612140,13.008221
17589,77.612279,13.008131
17590,77.612878,13.007891
17591,77.610665,13.010326
17592,77.609611,13.010561
17593,77.611101,13.011231
17594,77.610863,13.011412
17595,77.610691,13.011138
17596,77.610356,13.011379
17597,77.611048,13.010893
17598,77.610822,13.010720
17599,77.612125,13.028973
17600,77.611375,13.029423
17601,77.611099,13.029013
17602,77.611994,13.028775
17603,77.610906,13.028727
17604,77.611520,13.029666
17605,77.610566,13.019945
17606,77.610126,13.020152
17607,77.610641,13.019327
17608,77.609937,13.019684
17609,77.610504,13.019143
17610,77.609830,13.019437
17611,77.608849,13.019743
17612,77.608597,13.020065
17613,77.608267,13.019376
17614,77.621734,13.019924
17615,77.621156,13.018056
17616,77.621389,13.019388
17617,77.621650,13.019353
17618,77.622289,13.019260
17619,77.620412,13.020549
17620,77.622010,13.020734
17621,77.621448,13.020832
17622,77.622877,13.022514
17623,77.620541,13.022997
17624,77.620406,13.022471
17625,77.620851,13.022409
17626,77.621050,13.022364
17627,77.623035,13.022004
17628,77.617946,13.022364
17629,77.618068,13.023077
17630,77.617977,13.022613
17631,77.619372,13.022427
17632,77.616529,13.020997
17633,77.616718,13.021926
17634,77.616261,13.021010
17635,77.617678,13.020945
17636,77.617793,13.021131
17637,77.617472,13.021850
17638,77.616431,13.021936
17639,77.625837,13.012546
17640,77.624347,13.013119
17641,77.625701,13.013642
17642,77.626169,13.016008
17643,77.625943,13.014820
17644,77.626030,13.014287
17645,77.624701,13.014696
17646,77.624009,13.015085
17647,77.624636,13.014728
17648,77.623217,13.015921
17649,77.624237,13.015502
17650,77.627623,13.015465
17651,77.623990,13.015050
17652,77.623411,13.014183
17653,77.625012,13.014687
17654,77.624487,13.013728
17655,77.625339,13.014679
17656,77.624731,13.013575
17657,77.625767,13.014873
17658,77.604803,13.031326
17659,77.604117,13.031333
17660,77.604056,13.029995
17661,77.604115,13.029281
17662,77.604257,13.029961
17663,77.606150,13.029364
17664,77.604690,13.029626
17665,77.607178,13.028519
17666,77.604670,13.029432
17667,77.624663,13.013618
17668,77.624273,13.012947
17669,77.619924,13.008959
17670,77.619332,13.006878
17671,77.619682,13.007507
17672,77.619173,13.006898
17673,77.619487,13.007571
17674,77.617001,13.010337
17675,77.617422,13.011521
17676,77.616704,13.010447
17677,77.617081,13.011546
17678,77.616437,13.010543
17679,77.616795,13.011573
17680,77.619244,13.009895
17681,77.619455,13.009782
17682,77.619644,13.009682
17683,77.620073,13.010562
17684,77.619970,13.010580
17685,77.619734,13.010622
17686,77.619515,13.010661
17687,77.620365,13.010511
17688,77.619267,13.010704
17689,77.619453,13.011314
17690,77.619358,13.011008
17691,77.620343,13.010822
17692,77.618673,13.009716
17693,77.618809,13.010146
17694,77.618460,13.009795
17695,77.618590,13.010205
17696,77.618236,13.009879
17697,77.618384,13.010262
17698,77.618029,13.009956
17699,77.618171,13.010320
17700,77.617812,13.010037
17701,77.617947,13.010381
17702,77.619051,13.010080
17703,77.617677,13.010452
17704,77.618927,13.010478
17705,77.619211,13.011349
17706,77.618714,13.010548
17707,77.618972,13.011373
17708,77.618500,13.010619
17709,77.618751,13.011397
17710,77.618283,13.010691
17711,77.618524,13.011421
17712,77.618067,13.010761
17713,77.618299,13.011445
17714,77.619175,13.010396
17715,77.617815,13.010840
17716,77.617633,13.014188
17717,77.617440,13.014243
17718,77.623586,13.025740
17719,77.622456,13.025898
17720,77.622503,13.026241
17721,77.622179,13.025812
17722,77.622227,13.026276
17723,77.621922,13.025833
17724,77.622000,13.026305
17725,77.621656,13.025799
17726,77.621388,13.025835
17727,77.621471,13.026374
17728,77.621157,13.025953
17729,77.621227,13.026409
17730,77.622117,13.023906
17731,77.620728,13.024010
17732,77.620762,13.024630
17733,77.620893,13.019458
17734,77.620819,13.019064
17735,77.620333,13.019177
17736,77.619739,13.019289
17737,77.615000,13.011091
17738,77.615121,13.013954
17739,77.615437,13.014937
17740,77.612300,13.015306
17741,77.611810,13.015780
17742,77.611826,13.012954
17743,77.611499,13.011657
17744,77.610847,13.013341
17745,77.611295,13.012952
17746,77.610946,13.012832
17747,77.610197,13.013084
17748,77.611290,13.012497
17749,77.610108,13.012882
17750,77.643028,12.961305
17751,77.645475,12.980756
17752,77.659878,12.964369
17753,77.659886,12.964726
17754,77.659135,12.964836
17755,77.659125,12.964360
17756,77.660692,12.962979
17757,77.659856,12.963187
17758,77.657995,12.963866
17759,77.658080,12.963640
17760,77.658305,12.963357
17761,77.658909,12.963539
17762,77.659158,12.963536
17763,77.658897,12.964081
17764,77.659174,12.964085
17765,77.658625,12.963985
17766,77.658638,12.963649
17767,77.659437,12.963513
17768,77.659435,12.964173
17769,77.659866,12.964514
17770,77.626324,12.975345
17771,77.627439,12.972750
17772,77.627705,12.972336
17773,77.627989,12.973103
17774,77.628254,12.972740
17775,77.572748,12.986199
17776,77.604848,12.972758
17777,77.605141,12.972092
17778,77.608144,12.969485
17779,77.599590,12.971827
17780,77.598525,12.969617
17781,77.594377,12.972028
17782,77.575231,12.955934
17783,77.568727,12.943646
17784,77.576926,12.931074
17785,77.578176,12.935163
17786,77.568349,12.943641
17787,77.571840,12.955683
17788,77.571877,12.955915
17789,77.564834,12.933780
17790,77.575993,12.955904
17791,77.564904,12.934134
17792,77.586110,12.944752
17793,77.586170,12.937412
17794,77.581469,12.930855
17795,77.581472,12.931646
17796,77.581153,12.931648
17797,77.581144,12.930859
17798,77.586080,12.943726
17799,77.579592,12.942562
17800,77.575239,12.948367
17801,77.569348,12.934919
17802,77.587550,12.945528
17803,77.584568,12.941111
17804,77.587102,12.945547
17805,77.602846,12.943262
17806,77.583352,12.934639
17807,77.586131,12.945557
17808,77.590581,12.933107
17809,77.583375,12.935285
17810,77.575232,12.955793
17811,77.603529,12.943057
17812,77.592178,12.931205
17813,77.592571,12.931166
17814,77.590874,12.930723
17815,77.591135,12.931247
17816,77.589031,12.931341
17817,77.589196,12.931615
17818,77.589203,12.931319
17819,77.589330,12.931546
17820,77.590311,12.933047
17821,77.590097,12.933106
17822,77.590181,12.933466
17823,77.590496,12.932730
17824,77.590538,12.932924
17825,77.591504,12.932761
17826,77.590995,12.932846
17827,77.590131,12.934431
17828,77.590229,12.934033
17829,77.589746,12.934057
17830,77.588471,12.933920
17831,77.588582,12.934531
17832,77.603633,12.941847
17833,77.602819,12.944557
17834,77.602705,12.942177
17835,77.602763,12.942440
17836,77.602884,12.942944
17837,77.602916,12.943178
17838,77.602929,12.943425
17839,77.602150,12.939449
17840,77.643307,13.020945
17841,77.642955,13.015830
17842,77.643361,13.023331
17843,77.643276,13.020152
17844,77.643255,13.019725
17845,77.643210,13.018639
17846,77.643160,13.017523
17847,77.642561,13.012728
17848,77.642661,13.012155
17849,77.642867,13.011173
17850,77.642869,13.011585
17851,77.642604,13.012450
17852,77.642466,13.013815
17853,77.642434,13.013357
17854,77.642386,13.013654
17855,77.592500,12.928470
17856,77.580641,12.930766
17857,77.581618,12.930758
17858,77.581915,12.930847
17859,77.582299,12.930753
17860,77.582752,12.930745
17861,77.583199,12.930734
17862,77.644860,13.014942
17863,77.644682,13.014963
17864,77.646893,13.014713
17865,77.648029,13.014542
17866,77.643968,13.015068
17867,77.643579,13.015126
17868,77.604323,13.023260
17869,77.604549,13.025135
17870,77.605291,13.024678
17871,77.650340,12.974523
17872,77.650101,12.974587
17873,77.573901,12.945031
17874,77.567943,12.937340
17875,77.574580,12.998569
17876,77.580136,12.999071
17877,77.578048,13.008591
17878,77.570102,12.930274
17879,77.570101,12.929901
17880,77.580109,12.998730
17881,77.573553,12.986649
17882,77.573022,12.986689
17883,77.585163,12.936621
17884,77.621456,13.016874
17885,77.568933,13.011999
17886,77.567742,12.946031
17887,77.565947,12.945260
17888,77.564673,12.944772
17889,77.562510,12.944531
17890,77.561976,12.944519
17891,77.567561,12.951571
17892,77.567519,12.952805
17893,77.567504,12.953242
17894,77.567477,12.953845
17895,77.567592,12.950648
17896,77.567667,12.948427
17897,77.623271,13.021279
17898,77.621761,13.020314
17899,77.621103,13.017019
17900,77.646427,12.947178
17901,77.607039,12.971451
17902,77.633193,12.974885
17903,77.633475,12.974769
17904,77.633252,12.975066
17905,77.633518,12.974968
17906,77.642716,12.981188
17907,77.641378,12.981271
17908,77.634894,12.972305
17909,77.639533,12.962095
17910,77.637001,12.956524
17911,77.636299,12.956564
17912,77.635145,12.959849
17913,77.635706,12.959796
17914,77.636627,12.955564
17915,77.636849,12.956338
17916,77.637025,12.955911
17917,77.637149,12.956347
17918,77.639885,12.955246
17919,77.639969,12.956003
17920,77.640307,12.956001
17921,77.639705,12.953501
17922,77.640336,12.953577
17923,77.657335,12.956535
17924,77.634339,12.930162
17925,77.634098,12.929604
17926,77.634169,12.930335
17927,77.633879,12.929707
17928,77.634017,12.930488
17929,77.633687,12.929795
17930,77.625040,12.932446
17931,77.624565,12.932009
17932,77.624302,12.936409
17933,77.624370,12.936615
17934,77.624690,12.936283
17935,77.623963,12.936518
17936,77.624777,12.936479
17937,77.624124,12.936708
17938,77.624904,12.936714
17939,77.608674,12.943990
17940,77.612182,12.942816
17941,77.612998,12.942710
17942,77.612731,12.942819
17943,77.612835,12.943162
17944,77.612432,12.942850
17945,77.611806,12.943107
17946,77.611843,12.943414
17947,77.612159,12.943062
17948,77.612231,12.943345
17949,77.599327,12.964312
17950,77.598950,12.963549
17951,77.577199,13.029575
17952,77.594577,13.006285
17953,77.599424,13.001282
17954,77.576752,13.029629
17955,77.594342,13.005815
17956,77.598642,13.001015
17957,77.576801,13.029960
17958,77.579675,13.029704
17959,77.579656,13.031151
17960,77.573688,13.027181
17961,77.574176,13.027077
17962,77.572222,13.030122
17963,77.572863,13.029969
17964,77.652192,12.971960
17965,77.652508,12.971919
17966,77.652938,12.971157
17967,77.653302,12.970390
17968,77.632230,12.936593
17969,77.632483,12.934436
17970,77.633421,12.934138
17971,77.632274,12.935267
17972,77.631679,12.938465
17973,77.632851,12.937983
17974,77.631656,12.938333
17975,77.628850,12.936975
17976,77.627813,12.936907
17977,77.628580,12.936958
17978,77.631858,12.933205
17979,77.593074,13.006152
17980,77.593563,12.961389
17981,77.624786,12.934966
17982,77.602987,13.026381
17983,77.603468,13.026221
17984,77.572908,12.973827
17985,77.565512,12.977585
17986,77.565500,12.977322
17987,77.597110,12.981515
17988,77.644901,12.980813
17989,77.644906,12.981217
17990,77.644942,12.981609
17991,77.637271,12.955844
17992,77.636749,12.955991
17993,77.637131,12.958909
17994,77.637096,12.958576
17995,77.636824,12.958930
17996,77.636786,12.958606
17997,77.635661,12.959440
17998,77.645523,12.986133
17999,77.644113,12.985466
18000,77.656066,12.995986
18001,77.655123,12.994769
18002,77.654267,12.994830
18003,77.653551,12.994891
18004,77.636023,12.958906
18005,77.635594,12.958950
18006,77.635595,12.958960
18007,77.624069,12.993257
18008,77.624101,12.992642
18009,77.624585,12.992655
18010,77.624083,12.992981
18011,77.624850,12.993059
18012,77.625710,12.993650
18013,77.624814,12.993477
18014,77.624878,12.992695
18015,77.561360,13.028853
18016,77.561115,13.028295
18017,77.608453,12.937221
18018,77.612203,12.939623
18019,77.617244,12.937230
18020,77.609338,12.938557
18021,77.609763,12.937807
18022,77.609852,12.937622
18023,77.610478,12.937709
18024,77.561408,13.026350
18025,77.561485,13.028372
18026,77.579743,13.005926
18027,77.568951,13.008631
18028,77.578445,12.987449
18029,77.568192,12.996833
18030,77.563144,12.996604
18031,77.628360,12.978087
18032,77.571139,13.008635
18033,77.571342,12.999818
18034,77.575089,12.961211
18035,77.571957,12.936938
18036,77.594446,13.001314
18037,77.603015,12.984246
18038,77.572038,12.990103
18039,77.573193,12.978670
18040,77.607698,13.019702
18041,77.602204,13.022245
18042,77.598585,13.024093
18043,77.588973,13.026267
18044,77.574692,12.998937
18045,77.653030,12.996373
18046,77.625482,13.001638
18047,77.628241,12.935922
18048,77.637144,12.973208
18049,77.637127,12.973666
18050,77.637280,12.973218
18051,77.637267,12.972260
18052,77.637653,12.973478
18053,77.637668,12.973253
18054,77.637607,12.972392
18055,77.641713,12.961053
18056,77.647430,13.022852
18057,77.647344,13.022659
18058,77.625493,12.948178
18059,77.625305,12.947666
18060,77.616391,12.975755
18061,77.616921,12.977084
18062,77.617670,12.977023
18063,77.616732,12.976654
18064,77.616794,12.975617
18065,77.616986,12.977382
18066,77.617680,12.977966
18067,77.618176,12.977788
18068,77.618954,12.974905
18069,77.619208,12.975977
18070,77.647798,12.968431
18071,77.639351,12.974227
18072,77.639335,12.973517
18073,77.639495,12.973838
18074,77.639342,12.973842
18075,77.637536,12.973896
18076,77.638366,12.973313
18077,77.638198,12.973075
18078,77.637456,12.973461
18079,77.636098,12.974191
18080,77.638010,12.975058
18081,77.638203,12.974684
18082,77.596896,12.980247
18083,77.636645,12.974606
18084,77.599722,13.023424
18085,77.658741,13.024001
18086,77.659415,13.024845
18087,77.659655,13.025077
18088,77.660085,13.025515
18089,77.659481,13.024780
18090,77.659729,13.024999
18091,77.659759,13.024939
18092,77.660123,13.025302
18093,77.628568,12.999012
18094,77.627448,12.999760
18095,77.628361,12.998595
18096,77.627702,12.999590
18097,77.621061,12.927637
18098,77.602603,12.930965
18099,77.602215,12.929919
18100,77.602750,12.929611
18101,77.603182,12.930860
18102,77.603526,12.930805
18103,77.602510,12.929749
18104,77.602786,12.930585
18105,77.627005,12.937249
18106,77.626874,12.937281
18107,77.626937,12.937333
18108,77.611217,12.967286
18109,77.632007,12.935641
18110,77.632584,12.935458
18111,77.633107,12.934443
18112,77.657288,12.961585
18113,77.595407,13.029395
18114,77.628832,12.933357
18115,77.629330,12.933840
18116,77.629049,12.933135
18117,77.629582,12.933655
18118,77.589466,12.932623
18119,77.595024,12.931209
18120,77.595054,12.932036
18121,77.627970,12.931679
18122,77.627874,12.930887
18123,77.651223,13.022643
18124,77.653993,12.971944
18125,77.653537,12.971941
18126,77.638469,12.930049
18127,77.638196,12.930063
18128,77.644219,12.960297
18129,77.658891,13.007378
18130,77.659057,13.007021
18131,77.658825,13.019038
18132,77.655315,13.023687
18133,77.655579,13.024490
18134,77.652519,13.017188
18135,77.641673,12.963423
18136,77.587139,12.946006
18137,77.647637,12.969434
18138,77.576992,12.983370
18139,77.593670,12.992335
18140,77.593382,12.991693
18141,77.655377,12.997336
18142,77.655533,12.996464
18143,77.655664,12.995599
18144,77.646954,12.973520
18145,77.647009,12.972703
18146,77.657365,13.013729
18147,77.657103,13.013735
18148,77.656175,13.013264
18149,77.656245,13.013753
18150,77.567515,12.968852
18151,77.637939,12.978246
18152,77.629619,12.942020
18153,77.629790,12.942570
18154,77.630878,12.942467
18155,77.659888,13.019557
18156,77.659645,13.019183
18157,77.659378,13.019257
18158,77.659243,13.018895
18159,77.646701,12.977871
18160,77.646626,12.977869
18161,77.640113,13.029756
18162,77.639329,13.029389
18163,77.639286,13.028972
18164,77.639285,13.028600
18165,77.639227,13.028023
18166,77.651485,13.030921
18167,77.651348,13.029907
18168,77.659978,13.013174
18169,77.662592,13.007275
18170,77.631356,12.940263
18171,77.631332,12.938571
18172,77.608265,12.936618
18173,77.608888,12.935848
18174,77.608116,12.936308
18175,77.609043,12.936158
18176,77.609177,12.936448
18177,77.608366,12.936911
18178,77.636220,12.968397
18179,77.658934,13.012977
18180,77.660579,13.020329
18181,77.607560,12.930665
18182,77.654905,13.024653
18183,77.654201,13.024491
18184,77.655810,13.016019
18185,77.655795,13.015690
18186,77.655224,13.016165
18187,77.655212,13.015700
18188,77.656025,13.015686
18189,77.654878,13.015706
18190,77.655496,13.015695
18191,77.655521,13.016122
18192,77.655450,13.014988
18193,77.640773,13.027679
18194,77.640964,13.028779
18195,77.640490,13.027751
18196,77.656866,13.005949
18197,77.657705,13.006171
18198,77.640660,12.950581
18199,77.650131,13.007295
18200,77.623252,12.944748
18201,77.623343,12.944814
18202,77.655893,13.024422
18203,77.624498,12.931584
18204,77.613238,13.015323
18205,77.612928,13.015275
18206,77.641472,13.030980
18207,77.596747,13.029785
18208,77.596452,13.029834
18209,77.597992,13.029718
18210,77.599293,12.943549
18211,77.599323,12.944060
18212,77.660043,13.013440
18213,77.657255,12.969024
18214,77.650234,13.030595
18215,77.649571,13.027183
18216,77.650511,13.029043
18217,77.648988,13.029265
18218,77.650383,13.028073
18219,77.649063,13.029644
18220,77.653446,13.007249
18221,77.653318,13.006849
18222,77.653183,13.023405
18223,77.653649,13.023163
18224,77.653895,13.023023
18225,77.654661,13.030578
18226,77.655023,13.030118
18227,77.653363,13.028565
18228,77.654342,13.029913
18229,77.654606,13.029802
18230,77.654068,13.030037
18231,77.654436,13.030817
18232,77.653774,13.029436
18233,77.656288,13.014002
18234,77.654178,13.014099
18235,77.639269,12.954930
18236,77.590276,13.010570
18237,77.587365,13.014162
18238,77.658373,13.009212
18239,77.658055,13.009112
18240,77.654532,13.013741
18241,77.655571,13.013684
18242,77.575259,12.995755
18243,77.575068,12.995057
18244,77.574879,12.994357
18245,77.648051,13.025874
18246,77.646642,13.026203
18247,77.646597,13.026044
18248,77.614648,13.007817
18249,77.627337,12.946185
18250,77.649576,12.973205
18251,77.650315,13.014802
18252,77.650012,13.014177
18253,77.655101,13.020980
18254,77.654785,13.021139
18255,77.654956,13.020750
18256,77.654652,13.020915
18257,77.654835,13.020511
18258,77.654535,13.020662
18259,77.655163,13.021777
18260,77.561694,12.942799
18261,77.561285,12.942775
18262,77.656472,12.980735
18263,77.656488,12.980687
18264,77.653226,12.979271
18265,77.653126,12.979350
18266,77.654890,12.977343
18267,77.653144,12.979175
18268,77.650764,12.981378
18269,77.653053,12.979298
18270,77.653220,12.979228
18271,77.653086,12.979336
18272,77.640103,13.011414
18273,77.650206,13.009849
18274,77.650404,13.010229
18275,77.657265,13.022686
18276,77.656896,13.021854
18277,77.608627,12.941132
18278,77.595323,13.010147
18279,77.637369,13.006680
18280,77.630803,13.027621
18281,77.630663,13.026579
18282,77.565342,12.994899
18283,77.599469,13.027228
18284,77.623855,12.954246
18285,77.648825,13.025040
18286,77.648536,13.025118
18287,77.648735,13.025923
18288,77.649766,13.028094
18289,77.648948,13.008534
18290,77.564662,12.996234
18291,77.616440,13.012858
18292,77.616564,13.013130
18293,77.617657,13.012915
18294,77.617622,13.012476
18295,77.617335,13.012568
18296,77.617019,13.012662
18297,77.616818,13.011965
18298,77.651489,13.025294
18299,77.651364,13.025550
18300,77.651542,13.025506
18301,77.562027,13.025892
18302,77.561331,13.025786
18303,77.622179,12.949194
18304,77.627275,13.012640
18305,77.592433,13.029529
18306,77.592438,13.030000
18307,77.648563,13.011308
18308,77.653842,13.026361
18309,77.638537,13.016628
18310,77.638807,13.017455
18311,77.647721,12.946000
18312,77.647361,12.946253
18313,77.603782,13.004763
18314,77.603922,13.005263
18315,77.628122,12.945136
18316,77.628148,12.945851
18317,77.627299,12.945920
18318,77.658314,12.996456
18319,77.658418,12.997034
18320,77.644657,13.008836
18321,77.602201,12.977906
18322,77.602069,12.977937
18323,77.626149,12.975682
18324,77.590048,13.028853
18325,77.657703,13.030395
18326,77.659961,13.028997
18327,77.657204,13.029504
18328,77.629865,13.018040
18329,77.629374,13.018147
18330,77.658062,13.027080
18331,77.659170,13.026842
18332,77.660620,13.026159
18333,77.624055,13.010079
18334,77.623834,13.009777
18335,77.593527,12.992012
18336,77.597966,13.028715
18337,77.598593,13.028601
18338,77.599330,13.028433
18339,77.599485,13.028443
18340,77.600332,13.028289
18341,77.634025,13.012870
18342,77.634031,13.011876
18343,77.617930,13.026011
18344,77.617415,13.026028
18345,77.575705,12.935752
18346,77.575866,12.936778
18347,77.588077,13.022547
18348,77.587816,13.022649
18349,77.587062,13.022940
18350,77.590232,12.928960
18351,77.590248,12.929601
18352,77.568675,12.931141
18353,77.603338,13.005454
18354,77.630566,13.005625
18355,77.630733,13.006528
18356,77.561541,12.967576
18357,77.600234,12.942598
18358,77.599291,13.030206
18359,77.654052,12.994010
18360,77.606043,13.026118
18361,77.605894,13.025793
18362,77.599485,13.028889
18363,77.601542,13.028467
18364,77.563298,12.945270
18365,77.562994,12.945267
18366,77.563003,12.945750
18367,77.563008,12.946238
18368,77.563422,12.942195
18369,77.563424,12.942585
18370,77.563427,12.942927
18371,77.602370,13.028568
18372,77.653887,13.018104
18373,77.593144,13.010128
18374,77.592263,13.009537
18375,77.593941,13.010310
18376,77.593181,13.011413
18377,77.593630,13.010106
18378,77.592881,13.011214
18379,77.593332,13.009845
18380,77.592564,13.011004
18381,77.592759,13.010710
18382,77.591837,13.010120
18383,77.592478,13.009275
18384,77.591656,13.010401
18385,77.633456,13.020509
18386,77.632435,13.020571
18387,77.632101,13.020956
18388,77.580260,13.005530
18389,77.579935,13.004987
18390,77.597959,12.984997
18391,77.598733,12.984711
18392,77.601858,12.999195
18393,77.601583,12.998772
18394,77.625388,12.994874
18395,77.627368,13.007338
18396,77.564641,12.933847
18397,77.564442,12.934192
18398,77.564614,12.934192
18399,77.564633,12.934131
18400,77.565389,12.934140
18401,77.565336,12.933617
18402,77.565417,12.934422
18403,77.659725,13.008195
18404,77.659834,13.008742
18405,77.653659,13.005701
18406,77.653541,13.005112
18407,77.609050,13.002506
18408,77.609200,13.002213
18409,77.624284,12.986353
18410,77.624499,12.987881
18411,77.655441,12.944280
18412,77.612463,12.997049
18413,77.620109,13.011632
18414,77.640219,12.955205
18415,77.632207,13.013345
18416,77.632230,13.013661
18417,77.632474,13.013638
18418,77.651654,12.992100
18419,77.651655,12.992121
18420,77.656520,13.013736
18421,77.609054,12.930971
18422,77.609023,12.930500
18423,77.609243,12.930498
18424,77.608229,12.930556
18425,77.633011,13.006469
18426,77.633514,13.006379
18427,77.633543,13.006518
18428,77.633472,13.006103
18429,77.633342,13.005432
18430,77.633293,13.005104
18431,77.636029,12.974971
18432,77.636114,12.974958
18433,77.653493,12.956273
18434,77.641793,13.007258
18435,77.637671,13.010267
18436,77.638283,13.010242
18437,77.638288,13.010741
18438,77.601657,13.029804
18439,77.642188,13.027118
18440,77.607187,12.992345
18441,77.564271,12.948976
18442,77.649173,13.014377
18443,77.649138,13.014329
18444,77.649060,13.014354
18445,77.564425,12.952324
18446,77.564830,12.994402
18447,77.564310,12.994512
18448,77.570361,12.973584
18449,77.598480,12.957301
18450,77.626608,12.942002
18451,77.612743,13.021406
18452,77.577718,12.995659
18453,77.618891,12.943176
18454,77.638715,12.952893
18455,77.639034,12.953138
18456,77.639291,12.953330
18457,77.570221,12.969660
18458,77.560287,12.983696
18459,77.560287,12.983159
18460,77.619282,12.939092
18461,77.589706,13.019230
18462,77.588671,13.023686
18463,77.588419,13.023160
18464,77.588104,13.023289
18465,77.594302,13.008608
18466,77.560465,12.987809
18467,77.559802,12.987801
18468,77.632527,13.014704
18469,77.644895,12.948729
18470,77.644808,12.948595
18471,77.645268,12.949592
18472,77.644768,12.948605
18473,77.644899,12.948202
18474,77.646239,12.947657
18475,77.644976,12.948167
18476,77.620616,13.028654
18477,77.564101,12.934676
18478,77.564288,12.935416
18479,77.561500,12.970973
18480,77.561425,12.970634
18481,77.595876,13.006922
18482,77.596557,13.007347
18483,77.596270,13.007528
18484,77.650448,12.970912
18485,77.649979,12.970900
18486,77.588706,13.018293
18487,77.589755,13.017998
18488,77.614205,13.014124
18489,77.614176,13.013575
18490,77.613953,13.014148
18491,77.613965,13.013570
18492,77.648004,13.023610
18493,77.647692,13.023967
18494,77.647746,13.023971
18495,77.655496,13.027193
18496,77.654977,13.027328
18497,77.654676,13.028016
18498,77.654409,13.027062
18499,77.654657,13.026993
18500,77.655230,13.026276
18501,77.655306,13.026540
18502,77.654573,13.026732
18503,77.655079,13.028349
18504,77.654493,13.026466
18505,77.654411,13.026205
18506,77.653298,13.014928
18507,77.572225,12.998767
18508,77.573156,12.998653
18509,77.572226,12.998923
18510,77.572229,12.999281
18511,77.616418,13.019138
18512,77.616656,13.020432
18513,77.592491,13.016785
18514,77.592611,13.017165
18515,77.592750,13.017587
18516,77.645608,12.964387
18517,77.559575,13.003529
18518,77.642402,12.966581
18519,77.642325,12.966009
18520,77.596408,13.028493
18521,77.596787,13.028475
18522,77.596781,13.028904
18523,77.597102,13.029491
18524,77.597136,13.028888
18525,77.597574,12.952093
18526,77.640221,13.023293
18527,77.639734,13.023323
18528,77.593799,13.022865
18529,77.593387,13.022969
18530,77.594601,13.026149
18531,77.594904,13.027725
18532,77.612446,12.930912
18533,77.612979,12.930697
18534,77.628260,13.013603
18535,77.628193,13.012565
18536,77.627821,13.013785
18537,77.627545,13.012579
18538,77.622070,12.943072
18539,77.631439,13.000228
18540,77.623952,12.994462
18541,77.622449,12.991907
18542,77.621954,12.992026
18543,77.600572,12.937242
18544,77.600582,12.937323
18545,77.627128,12.940157
18546,77.626486,12.940030
18547,77.626255,12.940355
18548,77.626715,12.940514
18549,77.612693,13.008900
18550,77.612574,13.009017
18551,77.612136,13.009129
18552,77.611185,13.009291
18553,77.611764,13.008758
18554,77.611840,13.009169
18555,77.612064,13.010002
18556,77.612458,13.011319
18557,77.609474,13.018252
18558,77.628102,12.979235
18559,77.623820,12.982627
18560,77.623859,12.981919
18561,77.590560,13.027638
18562,77.609178,13.018152
18563,77.610238,13.018591
18564,77.637448,13.008687
18565,77.601534,13.029296
18566,77.606081,12.957867
18567,77.600004,13.023488
18568,77.600600,13.026255
18569,77.600685,13.026245
18570,77.599607,13.029709
18571,77.600263,13.030758
18572,77.595942,13.029901
18573,77.577815,12.968476
18574,77.578078,12.968920
18575,77.578326,12.969338
18576,77.602513,12.979284
18577,77.601487,12.965451
18578,77.649991,12.971066
18579,77.650487,12.971088
18580,77.579924,12.970928
18581,77.580270,12.971781
18582,77.579592,12.971317
18583,77.580011,12.971203
18584,77.631033,12.973347
18585,77.630984,12.973118
18586,77.648036,12.970668
18587,77.649022,12.970833
18588,77.653600,13.026067
18589,77.653248,13.026143
18590,77.653534,13.025804
18591,77.653181,13.025861
18592,77.637121,13.026452
18593,77.641129,13.025190
18594,77.641201,13.025363
18595,77.646063,13.023021
18596,77.646136,13.023189
18597,77.653745,13.024837
18598,77.651327,13.025335
18599,77.653142,13.025698
18600,77.652857,13.025752
18601,77.654138,13.026847
18602,77.654103,13.026565
18603,77.655066,13.026886
18604,77.656304,13.027012
18605,77.631094,13.023204
18606,77.631209,13.023628
18607,77.631120,13.023509
18608,77.633359,13.028501
18609,77.633308,13.028545
18610,77.631052,13.023528
18611,77.630756,13.022604
18612,77.631001,13.023536
18613,77.567334,12.940586
18614,77.620499,12.978576
18615,77.622888,12.977774
18616,77.614463,12.984613
18617,77.623944,12.978064
18618,77.623435,12.978099
18619,77.623680,12.976295
18620,77.624679,12.978611
18621,77.625917,12.938859
18622,77.626921,12.939155
18623,77.601270,12.985380
18624,77.601133,12.984922
18625,77.610025,12.938782
18626,77.609917,12.938731
18627,77.622744,12.937427
18628,77.629138,12.978976
18629,77.600298,12.958836
18630,77.599902,12.958934
18631,77.599488,12.959031
18632,77.598876,12.959179
18633,77.610993,12.931640
18634,77.610076,12.931998
18635,77.634697,12.930085
18636,77.633950,12.930753
18637,77.609073,12.978056
18638,77.609053,12.978201
18639,77.639866,12.927478
18640,77.625009,12.978516
18641,77.624931,12.977782
18642,77.625675,12.978570
18643,77.625278,12.977978
18644,77.609565,12.944098
18645,77.609620,12.944395
18646,77.626849,12.943577
18647,77.621842,12.941799
18648,77.598037,12.989901
18649,77.597613,12.989166
18650,77.614926,12.992620
18651,77.615355,12.992422
18652,77.610779,12.943327
18653,77.610838,12.943694
18654,77.626434,12.948676
18655,77.606468,12.944015
18656,77.596970,12.994752
18657,77.594395,13.001470
18658,77.626857,12.946739
18659,77.625438,12.995401
18660,77.600980,12.942478
18661,77.612178,12.998985
18662,77.611823,12.998523
18663,77.611578,12.998720
18664,77.610743,12.997193
18665,77.606094,12.998517
18666,77.605221,12.998626
18667,77.604823,12.998476
18668,77.599902,12.947933
18669,77.596722,13.002246
18670,77.596921,13.002565
18671,77.592071,12.955767
18672,77.595709,12.958262
18673,77.620353,13.001342
18674,77.619938,13.001528
18675,77.619604,13.002514
18676,77.620291,13.002169
18677,77.608951,12.950163
18678,77.601746,12.948415
18679,77.601626,12.948075
18680,77.630143,12.996732
18681,77.630387,12.997346
18682,77.587470,12.983003
18683,77.587342,12.983068
18684,77.631031,12.997749
18685,77.630759,12.997857
18686,77.630486,12.997967
18687,77.630319,12.998321
18688,77.630026,12.998425
18689,77.630144,12.998705
18690,77.585457,12.979683
18691,77.585387,12.979726
18692,77.600279,12.997113
18693,77.600035,12.997544
18694,77.599774,12.998087
18695,77.599242,12.997523
18696,77.600384,12.997718
18697,77.600572,12.997328
18698,77.612650,13.000155
18699,77.590308,12.965156
18700,77.605481,12.993507
18701,77.629300,12.998926
18702,77.628912,12.997918
18703,77.646826,12.945926
18704,77.646721,12.945838
18705,77.645717,12.946396
18706,77.597717,13.005018
18707,77.606024,12.998172
18708,77.593521,13.011639
18709,77.601987,13.002759
18710,77.597428,12.951922
18711,77.597507,12.952018
18712,77.592029,13.007782
18713,77.592097,13.007820
18714,77.643497,12.993898
18715,77.644037,12.993901
18716,77.594340,13.014344
18717,77.593911,13.014590
18718,77.593759,13.014674
18719,77.593158,13.014849
18720,77.598058,13.006528
18721,77.606177,13.005490
18722,77.606015,13.005174
18723,77.605878,13.004929
18724,77.623195,13.008737
18725,77.629111,13.011674
18726,77.628800,13.011765
18727,77.628110,13.011136
18728,77.619968,13.014213
18729,77.619728,13.013774
18730,77.619448,13.013020
18731,77.619260,13.012068
18732,77.595196,13.024112
18733,77.595200,13.024197
18734,77.595160,13.023957
18735,77.594458,12.947236
18736,77.594688,12.946943
18737,77.595088,12.946512
18738,77.595589,12.946004
18739,77.600970,13.007564
18740,77.595301,13.019090
18741,77.594535,13.019334
18742,77.594153,13.019456
18743,77.626845,13.009569
18744,77.627228,13.011105
18745,77.627978,13.010949
18746,77.627632,13.011025
18747,77.627043,13.011145
18748,77.597732,13.023024
18749,77.593527,13.023462
18750,77.593925,13.023342
18751,77.633496,13.006839
18752,77.633557,13.007873
18753,77.583746,12.971027
18754,77.591112,13.017154
18755,77.631193,13.009346
18756,77.620645,13.007177
18757,77.620338,13.006526
18758,77.598219,13.018616
18759,77.630840,13.009570
18760,77.631917,13.009748
18761,77.619606,13.011719
18762,77.615074,12.977478
18763,77.645351,12.949641
18764,77.656259,12.996522
18765,77.656110,12.996529
18766,77.655730,12.975918
18767,77.655684,12.975873
18768,77.594663,12.991500
18769,77.595148,12.990750
18770,77.594402,12.990731
18771,77.594938,12.991101
18772,77.629590,12.943016
18773,77.629845,12.943312
18774,77.629806,12.943860
18775,77.630677,13.012354
18776,77.630330,13.012316
18777,77.612108,12.965140
18778,77.636075,12.974731
18779,77.635985,12.974747
18780,77.641166,12.973862
18781,77.640626,12.970208
18782,77.641238,12.970244
18783,77.641934,12.970285
18784,77.643192,12.970312
18785,77.640297,12.970186
18786,77.640112,12.970136
18787,77.646927,12.974041
18788,77.645816,12.973992
18789,77.636331,12.969858
18790,77.636284,12.969842
18791,77.635931,12.969870
18792,77.635972,12.969873
18793,77.636269,12.969893
18794,77.620955,12.927686
18795,77.618188,12.936300
18796,77.618380,12.936600
18797,77.613719,12.936578
18798,77.613765,12.936837
18799,77.613806,12.937057
18800,77.623984,12.933188
18801,77.606201,12.966127
18802,77.606198,12.965040
18803,77.652010,12.979797
18804,77.651954,12.979750
18805,77.652474,12.979843
18806,77.652522,12.979879
18807,77.624600,12.953780
18808,77.624337,12.952790
18809,77.607193,12.930067
18810,77.607169,12.930597
18811,77.624969,12.942262
18812,77.612483,12.953890
18813,77.612807,12.953868
18814,77.608831,12.993352
18815,77.645742,12.948872
18816,77.645818,12.948931
18817,77.625482,13.013756
18818,77.625231,13.013335
18819,77.635508,13.008510
18820,77.634607,13.008447
18821,77.659481,12.987723
18822,77.659864,12.987888
18823,77.659537,12.988487
18824,77.593909,12.931667
18825,77.593681,12.931696
18826,77.594435,12.931601
18827,77.594224,12.931622
18828,77.594208,12.931498
18829,77.593861,12.931306
18830,77.593873,12.931416
18831,77.593890,12.931542
18832,77.593596,12.931343
18833,77.594461,12.931224
18834,77.593599,12.931451
18835,77.594468,12.931340
18836,77.593662,12.931569
18837,77.594458,12.931166
18838,77.594286,12.931191
18839,77.597204,12.930614
18840,77.596819,12.930702
18841,77.596841,12.930938
18842,77.597278,12.930839
18843,77.599585,12.931272
18844,77.599948,12.931252
18845,77.599943,12.931047
18846,77.599470,12.931066
18847,77.600075,12.930631
18848,77.613322,12.931535
18849,77.612349,12.930713
18850,77.612898,12.930494
18851,77.612522,12.931130
18852,77.613067,12.930907
18853,77.609960,12.931539
18854,77.611133,12.932071
18855,77.610088,12.932454
18856,77.611198,12.932393
18857,77.606737,12.931429
18858,77.607359,12.931427
18859,77.606758,12.931202
18860,77.601007,12.980238
18861,77.611166,12.980962
18862,77.610227,12.981407
18863,77.606810,12.933566
18864,77.607318,12.933566
18865,77.608967,12.937090
18866,77.608782,12.936695
18867,77.608125,12.937387
18868,77.600668,12.929965
18869,77.610603,12.935356
18870,77.609929,12.934859
18871,77.610456,12.935607
18872,77.610280,12.935851
18873,77.611093,12.936237
18874,77.609472,12.935509
18875,77.609484,12.936312
18876,77.609380,12.935943
18877,77.625983,12.939568
18878,77.625715,12.939337
18879,77.626318,12.939760
18880,77.626529,12.939032
18881,77.626022,12.939795
18882,77.625723,12.940048
18883,77.615598,12.942377
18884,77.615920,12.942339
18885,77.614739,12.942323
18886,77.615015,12.942196
18887,77.615168,12.942718
18888,77.615405,12.942686
18889,77.615263,12.942087
18890,77.617151,12.943515
18891,77.616351,12.943675
18892,77.616769,12.944020
18893,77.616960,12.943930
18894,77.616604,12.943625
18895,77.618390,12.944081
18896,77.618149,12.943718
18897,77.618068,12.943447
18898,77.622670,12.945607
18899,77.622033,12.945168
18900,77.622321,12.944927
18901,77.632274,12.937703
18902,77.632629,12.937535
18903,77.632840,12.937393
18904,77.632613,12.937501
18905,77.633010,12.937171
18906,77.632552,12.937377
18907,77.633096,12.937247
18908,77.633443,12.937254
18909,77.633315,12.936321
18910,77.634521,12.936261
18911,77.632861,12.935800
18912,77.633244,12.935719
18913,77.632712,12.936425
18914,77.631987,12.936681
18915,77.631774,12.936962
18916,77.632277,12.936705
18917,77.631500,12.937357
18918,77.632449,12.937111
18919,77.631898,12.937449
18920,77.631520,12.937718
18921,77.632012,12.937680
18922,77.631562,12.937862
18923,77.631956,12.937952
18924,77.631629,12.938187
18925,77.629330,12.938434
18926,77.630927,12.937904
18927,77.630883,12.938442
18928,77.627839,12.936614
18929,77.628260,12.936584
18930,77.628227,12.936934
18931,77.628872,12.936647
18932,77.628877,12.936415
18933,77.625247,12.933744
18934,77.625356,12.934053
18935,77.624949,12.933677
18936,77.625166,12.934172
18937,77.624556,12.933788
18938,77.624911,12.934348
18939,77.612223,12.930242
18940,77.612470,12.929863
18941,77.613533,12.939363
18942,77.611367,12.939771
18943,77.611485,12.940216
18944,77.611274,12.941976
18945,77.609330,12.942771
18946,77.610091,12.943095
18947,77.609733,12.943184
18948,77.609837,12.944032
18949,77.610110,12.944814
18950,77.610561,12.944750
18951,77.610590,12.944826
18952,77.610356,12.943917
18953,77.632687,12.933425
18954,77.635476,12.933976
18955,77.631238,12.937807
18956,77.631134,12.938443
18957,77.631086,12.939119
18958,77.630791,12.939126
18959,77.630832,12.940377
18960,77.630832,12.940819
18961,77.628626,12.941021
18962,77.618892,12.938504
18963,77.618318,12.938617
18964,77.609434,12.936979
18965,77.608782,12.937692
18966,77.608829,12.937527
18967,77.608753,12.937144
18968,77.608630,12.937176
18969,77.610653,12.932820
18970,77.613371,12.980163
18971,77.613511,12.980541
18972,77.614039,12.981059
18973,77.614170,12.984206
18974,77.600167,12.984722
18975,77.600868,12.984840
18976,77.601048,12.984948
18977,77.598543,12.984178
18978,77.606792,12.930358
18979,77.608296,12.931464
18980,77.646879,13.029372
18981,77.646800,13.029119
18982,77.645833,13.029189
18983,77.644300,13.029360
18984,77.645822,13.029124
18985,77.645863,13.029361
18986,77.645691,13.028380
18987,77.646180,13.027470
18988,77.646292,13.028273
18989,77.645642,13.027404
18990,77.645808,13.028359
18991,77.645897,13.027442
18992,77.646051,13.028316
18993,77.645567,13.028402
18994,77.645388,13.027445
18995,77.645597,13.028591
18996,77.645768,13.028817
18997,77.642933,13.029158
18998,77.645147,13.027528
18999,77.645342,13.028628
19000,77.644895,13.027591
19001,77.645114,13.028661
19002,77.644660,13.027664
19003,77.644860,13.028698
19004,77.644439,13.027727
19005,77.644624,13.028732
19006,77.644361,13.028771
19007,77.644186,13.027842
19008,77.643869,13.028842
19009,77.645725,13.028572
19010,77.643630,13.028877
19011,77.643623,13.029139
19012,77.607834,12.930949
19013,77.607407,12.930906
19014,77.613073,12.937645
19015,77.609478,12.937875
19016,77.609302,12.937836
19017,77.609143,12.938269
19018,77.609320,12.937553
19019,77.609853,12.938843
19020,77.608758,12.925802
19021,77.641883,12.959087
19022,77.642427,12.959397
19023,77.598924,12.985861
19024,77.599109,12.985800
19025,77.613614,12.984283
19026,77.614090,12.984099
19027,77.629372,12.942063
19028,77.636931,12.932786
19029,77.637051,12.933026
19030,77.643878,12.994799
19031,77.643521,12.994789
19032,77.643703,12.994787
19033,77.644039,12.994142
19034,77.643701,12.994148
19035,77.643717,12.993897
19036,77.643423,12.993196
19037,77.643730,12.993104
19038,77.643578,12.992474
19039,77.641550,12.994489
19040,77.641521,12.994536
19041,77.640372,12.994772
19042,77.641262,12.994603
19043,77.640437,12.993879
19044,77.640357,12.993479
19045,77.640008,12.993647
19046,77.640263,12.994191
19047,77.640780,12.994389
19048,77.640959,12.993279
19049,77.640739,12.993322
19050,77.640220,12.992988
19051,77.640295,12.993511
19052,77.642010,12.991841
19053,77.659701,12.987089
19054,77.658325,12.989402
19055,77.658325,12.988767
19056,77.626253,13.023576
19057,77.625872,13.023476
19058,77.626333,13.023393
19059,77.625919,13.023274
19060,77.626413,13.023190
19061,77.625967,13.023098
19062,77.626013,13.022885
19063,77.598738,13.025860
19064,77.598753,13.026276
19065,77.598722,13.024906
19066,77.637309,13.009168
19067,77.637382,13.009568
19068,77.598659,13.022840
19069,77.599082,13.022734
19070,77.599329,13.023510
19071,77.598545,13.027674
19072,77.620956,13.016132
19073,77.620444,13.015466
19074,77.620909,13.015450
19075,77.631954,13.026197
19076,77.620229,13.020570
19077,77.621785,13.020536
19078,77.621597,13.020562
19079,77.621571,13.020327
19080,77.624044,13.013971
19081,77.623364,13.012785
19082,77.623534,13.013190
19083,77.623807,13.013174
19084,77.628158,13.011682
19085,77.627723,13.012028
19086,77.633265,13.017531
19087,77.633844,13.017329
19088,77.625673,13.014903
19089,77.623773,13.014720
19090,77.624400,13.014330
19091,77.623880,13.014887
19092,77.624515,13.014517
19093,77.624958,13.015209
19094,77.625193,13.015716
19095,77.625315,13.015973
19096,77.625496,13.016469
19097,77.625879,13.016332
19098,77.625213,13.015103
19099,77.619186,13.025417
19100,77.651389,13.014281
19101,77.651398,13.014578
19102,77.651905,13.013703
19103,77.651965,13.014213
19104,77.652003,13.014421
19105,77.602643,13.026506
19106,77.660302,13.019360
19107,77.647482,13.014627
19108,77.603424,13.024742
19109,77.605630,13.022854
19110,77.605732,13.021362
19111,77.650432,13.007119
19112,77.648838,13.011272
19113,77.657508,13.016759
19114,77.658006,13.017837
19115,77.617523,13.028313
19116,77.616806,13.028004
19117,77.660674,13.008411
19118,77.659796,13.008555
19119,77.646859,13.028983
19120,77.647226,13.028615
19121,77.648049,13.029222
19122,77.647845,13.028462
19123,77.647742,13.029310
19124,77.647485,13.028551
19125,77.647727,13.028491
19126,77.647561,13.027986
19127,77.653915,13.024029
19128,77.653765,13.023601
19129,77.656166,13.025580
19130,77.656064,13.025206
19131,77.656400,13.025101
19132,77.657033,13.024747
19133,77.659662,13.025181
19134,77.638987,13.029961
19135,77.639776,13.030271
19136,77.639785,13.029820
19137,77.639705,13.029819
19138,77.639710,13.029394
19139,77.643183,13.030467
19140,77.642262,13.028045
19141,77.602425,13.032539
19142,77.656854,13.024179
19143,77.655774,13.028153
19144,77.655698,13.027889
19145,77.629651,13.002007
19146,77.629606,13.002302
19147,77.629568,13.002591
19148,77.603010,12.996634
19149,77.602064,12.995948
19150,77.601180,12.995568
19151,77.601191,12.995640
19152,77.599683,13.000348
19153,77.577062,12.983226
19154,77.613483,12.965026
19155,77.640349,13.028996
19156,77.640143,13.027825
19157,77.621414,12.974235
19158,77.621419,12.974882
19159,77.613334,12.975606
19160,77.613386,12.975727
19161,77.597136,13.014777
19162,77.561486,13.028921
19163,77.593812,13.018259
19164,77.592346,13.017719
19165,77.574491,12.932244
19166,77.573726,12.932312
19167,77.566395,12.973392
19168,77.566060,12.973444
19169,77.564866,12.973391
19170,77.563415,12.972335
19171,77.565190,12.972523
19172,77.566147,12.972575
19173,77.566605,12.972581
19174,77.559629,12.964644
19175,77.560427,12.963868
19176,77.644213,12.960211
19177,77.565361,12.971155
19178,77.565545,12.971062
19179,77.565807,12.971046
19180,77.566668,12.972290
19181,77.616036,12.975431
19182,77.616234,12.975407
19183,77.658659,13.024040
19184,77.658089,13.024224
19185,77.657532,13.024388
19186,77.657988,13.023953
19187,77.658185,13.024512
19188,77.658839,13.024258
19189,77.659040,13.024487
19190,77.657788,13.024932
19191,77.659010,13.024533
19192,77.659249,13.024785
19193,77.657465,13.025045
19194,77.657580,13.025399
19195,77.657365,13.024742
19196,77.660310,13.023086
19197,77.659928,13.023246
19198,77.660168,13.023734
19199,77.660122,13.022846
19200,77.659829,13.022240
19201,77.661061,13.022664
19202,77.659544,13.022344
19203,77.659322,13.022114
19204,77.566147,12.972803
19205,77.598461,13.022255
19206,77.598348,13.021918
19207,77.598919,13.022133
19208,77.599781,13.022023
19209,77.600508,13.021801
19210,77.598831,13.021791
19211,77.599366,13.021658
19212,77.604925,13.017347
19213,77.605332,13.018150
19214,77.604584,13.019972
19215,77.604590,13.017384
19216,77.602959,13.017206
19217,77.601956,13.017598
19218,77.563685,12.977510
19219,77.564607,12.977698
19220,77.650233,13.005842
19221,77.652635,13.004671
19222,77.652794,13.004941
19223,77.653029,13.005354
19224,77.653469,13.004827
19225,77.650098,13.005396
19226,77.561248,12.964056
19227,77.587752,12.985175
19228,77.588338,12.985147
19229,77.574875,12.960756
19230,77.606168,12.930044
19231,77.606039,12.930288
19232,77.605975,12.930578
19233,77.606770,12.930628
19234,77.617646,12.976446
19235,77.617235,12.976501
19236,77.599360,12.976447
19237,77.561144,13.007705
19238,77.585265,13.025517
19239,77.607457,13.002183
19240,77.607076,13.001003
19241,77.606805,13.000186
19242,77.588795,13.016733
19243,77.568041,12.985005
19244,77.655661,13.026670
19245,77.655443,13.025922
19246,77.614145,13.020824
19247,77.612761,13.021021
19248,77.563819,12.929223
19249,77.601363,13.006436
19250,77.602417,13.005848
19251,77.602472,13.006029
19252,77.602164,13.005361
19253,77.629741,12.939764
19254,77.629771,12.939481
19255,77.598094,13.022543
19256,77.597780,13.021377
19257,77.647754,13.012233
19258,77.567788,12.944976
19259,77.567802,12.944576
19260,77.571625,13.006833
19261,77.656195,12.993379
19262,77.592681,13.022980
19263,77.602461,13.007456
19264,77.602180,13.006787
19265,77.659513,12.967017
19266,77.659420,12.967065
19267,77.612760,13.019854
19268,77.613444,13.019776
19269,77.613478,13.019423
19270,77.661547,12.966844
19271,77.588219,12.984514
19272,77.594572,12.962356
19273,77.594859,12.962488
19274,77.648280,13.029043
19275,77.648104,13.028690
19276,77.577110,12.943662
19277,77.588628,12.995577
19278,77.589007,12.995496
19279,77.589081,12.995814
19280,77.596424,13.028962
19281,77.596779,13.028960
19282,77.622647,12.952344
19283,77.622022,12.951467
19284,77.637426,12.982959
19285,77.585728,13.028030
19286,77.566977,12.944691
19287,77.566267,12.944797
19288,77.636814,13.012933
19289,77.633277,13.012918
19290,77.633325,13.013835
19291,77.579882,12.972288
19292,77.657943,13.014424
19293,77.657861,13.014527
19294,77.659920,13.013814
19295,77.656170,13.014940
19296,77.657867,13.014462
19297,77.656693,13.014795
19298,77.656387,13.014867
19299,77.571200,12.933376
19300,77.570755,12.934118
19301,77.568281,12.963691
19302,77.565828,13.014201
19303,77.565575,13.014296
19304,77.560452,13.030182
19305,77.560656,13.029913
19306,77.561429,13.028887
19307,77.575748,12.975093
19308,77.575787,12.975412
19309,77.612067,13.001943
19310,77.584469,13.023336
19311,77.635741,13.018152
19312,77.635608,13.017448
19313,77.636340,13.017355
19314,77.635934,13.017413
19315,77.636058,13.018090
19316,77.572064,12.985098
19317,77.568786,12.982377
19318,77.570864,12.982186
19319,77.571136,12.982862
19320,77.570560,12.981204
19321,77.570352,12.981539
19322,77.568645,12.982782
19323,77.569165,12.982430
19324,77.568508,12.988133
19325,77.568399,12.987509
19326,77.569042,12.988148
19327,77.569069,12.987539
19328,77.568959,12.986268
19329,77.568874,12.985318
19330,77.566440,12.974034
19331,77.593426,13.005537
19332,77.560694,13.002386
19333,77.560723,13.002682
19334,77.594412,13.001417
19335,77.594532,13.001456
19336,77.599737,12.995455
19337,77.599716,12.995521
19338,77.574681,12.965869
19339,77.575040,12.966932
19340,77.655459,12.996360
19341,77.655539,12.996369
19342,77.655124,12.996476
19343,77.655557,12.996028
19344,77.655629,12.995719
19345,77.654538,12.995571
19346,77.654530,12.995643
19347,77.654379,12.995681
19348,77.654918,12.994976
19349,77.654296,12.995142
19350,77.654529,12.995138
19351,77.654371,12.995580
19352,77.654119,12.994843
19353,77.654885,12.994787
19354,77.654493,12.994828
19355,77.568079,12.948021
19356,77.594817,12.962383
19357,77.576056,12.970033
19358,77.576084,12.969594
19359,77.631939,12.936390
19360,77.568325,12.938620
19361,77.630786,12.937420
19362,77.629865,12.936937
19363,77.562257,12.934431
19364,77.631907,13.003504
19365,77.576420,12.970652
19366,77.576156,12.970190
19367,77.589647,12.995501
19368,77.607046,12.968932
19369,77.606509,12.969687
19370,77.606834,12.969479
19371,77.607063,12.968476
19372,77.607247,12.968407
19373,77.607533,12.968563
19374,77.606805,12.968359
19375,77.607820,12.968525
19376,77.607513,12.968473
19377,77.608592,12.968705
19378,77.608244,12.968896
19379,77.609401,12.968066
19380,77.609172,12.967722
19381,77.609135,12.967611
19382,77.608495,12.967977
19383,77.608565,12.968121
19384,77.609302,12.967840
19385,77.609352,12.967923
19386,77.608600,12.968204
19387,77.609596,12.967948
19388,77.609400,12.967509
19389,77.609269,12.967766
19390,77.609470,12.967693
19391,77.609481,12.969131
19392,77.618792,12.944960
19393,77.619406,12.944348
19394,77.619283,12.944751
19395,77.619197,12.944399
19396,77.619535,12.944322
19397,77.620027,12.943175
19398,77.620305,12.943055
19399,77.620684,12.944280
19400,77.620717,12.943769
19401,77.620743,12.941678
19402,77.620439,12.942173
19403,77.619878,12.941588
19404,77.618460,12.943047
19405,77.618471,12.943200
19406,77.618651,12.941250
19407,77.617767,12.941087
19408,77.617836,12.940497
19409,77.617925,12.940772
19410,77.617435,12.942441
19411,77.618756,12.940349
19412,77.565300,12.969903
19413,77.607707,12.930686
19414,77.607664,12.930922
19415,77.583793,13.010737
19416,77.577331,12.963605
19417,77.643058,13.017511
19418,77.617644,13.015697
19419,77.628022,12.995006
19420,77.578918,12.968472
19421,77.579426,12.968364
19422,77.630177,12.937736
19423,77.578932,12.963962
19424,77.622737,12.954194
19425,77.607517,12.966391
19426,77.632316,12.939235
19427,77.617520,12.953700
19428,77.614389,12.957609
19429,77.571512,12.992436
19430,77.628842,12.946588
19431,77.606753,12.971481
19432,77.599885,13.004467
19433,77.649966,13.025977
19434,77.611683,13.000909
19435,77.612612,13.023115
19436,77.563367,12.971929
19437,77.564625,12.975733
19438,77.566901,12.971672
19439,77.566769,12.971983
19440,77.576955,12.992338
19441,77.576738,12.993305
19442,77.565022,12.936683
19443,77.565248,12.937663
19444,77.564665,12.936937
19445,77.564828,12.937647
19446,77.563516,12.977479
19447,77.563377,12.977498
19448,77.562798,12.977743
19449,77.562879,12.977331
19450,77.576186,12.959314
19451,77.576694,12.960086
19452,77.576165,12.959980
19453,77.576813,12.960761
19454,77.576463,12.960810
19455,77.575278,12.961526
19456,77.610405,12.931059
19457,77.609874,12.931154
19458,77.563896,12.991452
19459,77.604061,13.026624
19460,77.657597,12.965827
19461,77.606863,13.019706
19462,77.606649,13.020609
19463,77.607036,13.020630
19464,77.607348,13.020607
19465,77.564026,12.973345
19466,77.564020,12.972993
19467,77.563390,12.972928
19468,77.564249,12.973376
19469,77.563406,12.972439
19470,77.564061,12.972424
19471,77.564360,12.971834
19472,77.564159,12.971395
19473,77.564850,12.971787
19474,77.560594,12.963880
19475,77.560543,12.963896
19476,77.561124,12.964152
19477,77.559212,12.961182
19478,77.594451,12.985467
19479,77.568315,12.991152
19480,77.575390,12.970006
19481,77.575601,12.970497
19482,77.575336,12.968850
19483,77.575879,12.969710
19484,77.599693,13.030044
19485,77.608390,13.026887
19486,77.608290,13.026525
19487,77.609222,13.026673
19488,77.628523,13.008803
19489,77.629453,13.009322
19490,77.629557,13.009254
19491,77.646849,13.030267
19492,77.648500,13.024544
19493,77.648395,13.024581
19494,77.648615,13.024204
19495,77.649936,13.027122
19496,77.609403,13.023364
19497,77.609150,13.022565
19498,77.610193,13.022669
19499,77.609293,13.022963
19500,77.600263,12.953758
19501,77.595827,12.959097
19502,77.635360,13.001460
19503,77.627703,12.946530
19504,77.628923,12.946486
19505,77.627379,12.946586
19506,77.611431,13.023646
19507,77.611455,13.022870
19508,77.613388,13.013350
19509,77.609096,12.937377
19510,77.609031,12.937073
19511,77.608947,12.937424
19512,77.608880,12.937116
19513,77.582502,12.987121
19514,77.583606,12.986878
19515,77.569100,12.965911
19516,77.569900,12.965488
19517,77.570086,12.965490
19518,77.560327,12.955379
19519,77.560844,12.955361
19520,77.565151,12.933496
19521,77.565048,12.933155
19522,77.564935,12.933530
19523,77.564842,12.933205
19524,77.630445,12.933714
19525,77.604874,13.015617
19526,77.605523,13.015540
19527,77.619835,13.023973
19528,77.620701,13.023823
19529,77.622698,13.023566
19530,77.623289,13.023496
19531,77.623320,13.022107
19532,77.634323,13.012559
19533,77.635315,13.012474
19534,77.632884,13.008477
19535,77.634589,13.008620
19536,77.622244,12.997428
19537,77.630711,13.008209
19538,77.630955,13.008096
19539,77.631208,13.007942
19540,77.631511,13.007714
19541,77.647423,13.030014
19542,77.644807,13.030762
19543,77.640095,13.030352
19544,77.639115,13.028970
19545,77.638527,13.028603
19546,77.559785,12.955760
19547,77.578423,12.936437
19548,77.579087,12.936134
19549,77.578414,12.936125
19550,77.579021,12.935776
19551,77.578575,12.931952
19552,77.579124,12.931930
19553,77.619314,13.016744
19554,77.618993,13.016664
19555,77.619459,13.016236
19556,77.620635,13.016106
19557,77.620230,13.016576
19558,77.620732,13.016299
19559,77.620356,13.016750
19560,77.620349,13.015838
19561,77.619662,13.017085
19562,77.619988,13.016962
19563,77.619484,13.016301
19564,77.617955,13.016457
19565,77.618574,13.016201
19566,77.617869,13.016232
19567,77.618517,13.016028
19568,77.618784,13.016512
19569,77.619082,13.016262
19570,77.620007,13.016222
19571,77.620361,13.016061
19572,77.621849,13.016635
19573,77.622265,13.016443
19574,77.621990,13.016183
19575,77.622230,13.016057
19576,77.621523,13.015072
19577,77.622167,13.016090
19578,77.622747,13.018632
19579,77.623201,13.018567
19580,77.623070,13.019133
19581,77.622403,13.020128
19582,77.623357,13.019977
19583,77.622466,13.020484
19584,77.623317,13.020426
19585,77.622430,13.020278
19586,77.623346,13.020176
19587,77.622505,13.020706
19588,77.623287,13.020618
19589,77.623250,13.020855
19590,77.639063,13.025125
19591,77.639033,13.024166
19592,77.639346,13.024109
19593,77.650758,13.017510
19594,77.651005,13.017033
19595,77.650105,13.017736
19596,77.648297,13.015354
19597,77.648911,13.015101
19598,77.646624,13.013608
19599,77.647150,13.013500
19600,77.646816,13.013017
19601,77.647170,13.012996
19602,77.646769,13.012746
19603,77.647153,13.012723
19604,77.646741,13.012458
19605,77.647133,13.012440
19606,77.646798,13.008404
19607,77.647090,13.008700
19608,77.644501,13.008017
19609,77.639649,13.006131
19610,77.640941,13.006347
19611,77.633988,13.004974
19612,77.633883,13.004285
19613,77.632822,13.004110
19614,77.632929,13.003492
19615,77.627692,13.003340
19616,77.628063,13.003229
19617,77.623302,13.014892
19618,77.623718,13.014646
19619,77.623405,13.015080
19620,77.623848,13.014839
19621,77.623372,13.016475
19622,77.623276,13.016196
19623,77.624101,13.016162
19624,77.624456,13.016009
19625,77.624023,13.015904
19626,77.624349,13.015764
19627,77.625230,13.016020
19628,77.624450,13.015718
19629,77.625078,13.015457
19630,77.625599,13.012100
19631,77.626636,13.011833
19632,77.625939,13.010151
19633,77.626394,13.010054
19634,77.625978,13.010421
19635,77.626456,13.010316
19636,77.626055,13.010908
19637,77.626569,13.010793
19638,77.626020,13.010662
19639,77.626502,13.010556
19640,77.626752,13.010866
19641,77.626455,13.009647
19642,77.624602,13.012455
19643,77.624942,13.012339
19644,77.625226,13.012602
19645,77.625464,13.012693
19646,77.573697,13.014610
19647,77.607719,12.996006
19648,77.606936,12.996027
19649,77.606783,12.995615
19650,77.607061,12.995743
19651,77.606945,12.995236
19652,77.607074,12.995415
19653,77.607224,12.995621
19654,77.607301,12.995259
19655,77.606693,12.995677
19656,77.593260,13.026343
19657,77.592893,13.024470
19658,77.593338,13.024403
19659,77.594174,13.024236
19660,77.593200,13.026357
19661,77.632914,12.937422
19662,77.633099,12.937747
19663,77.576435,12.970133
19664,77.576386,12.970057
19665,77.576351,12.970196
19666,77.576292,12.970109
19667,77.576235,12.969930
19668,77.576331,12.970086
19669,77.609935,12.995584
19670,77.610175,12.996034
19671,77.610766,12.995172
19672,77.611335,12.994794
19673,77.614275,12.995941
19674,77.613939,12.995507
19675,77.601656,12.989772
19676,77.601423,12.988436
19677,77.601884,12.989522
19678,77.614563,12.995961
19679,77.615012,12.996521
19680,77.572505,13.018876
19681,77.618827,12.995926
19682,77.611038,13.028624
19683,77.610685,13.028047
19684,77.609556,13.028045
19685,77.593013,13.006111
19686,77.656121,13.014238
19687,77.656310,13.014194
19688,77.654312,13.014645
19689,77.630224,12.943917
19690,77.625011,12.945886
19691,77.626158,12.947664
19692,77.625857,12.947754
19693,77.626242,12.947930
19694,77.625897,12.948054
19695,77.625728,12.949746
19696,77.625905,12.950199
19697,77.625401,12.948682
19698,77.628255,12.946465
19699,77.628276,12.947286
19700,77.628538,12.946068
19701,77.628200,12.946058
19702,77.628199,12.946098
19703,77.627543,12.945459
19704,77.627542,12.945139
19705,77.628135,12.945615
19706,77.627891,12.943137
19707,77.627864,12.944138
19708,77.628108,12.944129
19709,77.628589,12.944338
19710,77.628150,12.944335
19711,77.628174,12.944700
19712,77.628145,12.942593
19713,77.627718,12.942694
19714,77.628302,12.942879
19715,77.627781,12.942986
19716,77.626796,12.942626
19717,77.626980,12.943154
19718,77.627138,12.943338
19719,77.626691,12.943624
19720,77.626725,12.943886
19721,77.626570,12.944524
19722,77.626353,12.944502
19723,77.626152,12.944464
19724,77.626010,12.944698
19725,77.625833,12.944887
19726,77.626030,12.945178
19727,77.625654,12.945125
19728,77.627229,12.947078
19729,77.633312,12.938435
19730,77.629272,12.942433
19731,77.628110,12.936052
19732,77.626670,12.937673
19733,77.640281,13.019418
19734,77.651814,12.943170
19735,77.652689,12.944019
19736,77.632425,12.939019
19737,77.631964,12.939020
19738,77.630797,12.939640
19739,77.628009,12.940729
19740,77.627710,12.940680
19741,77.629710,12.942336
19742,77.629299,12.942429
19743,77.629483,12.942657
19744,77.630709,12.941139
19745,77.631324,12.941436
19746,77.630900,12.941434
19747,77.630496,12.943312
19748,77.630015,12.943287
19749,77.629870,12.943872
19750,77.629440,12.944848
19751,77.629549,12.945021
19752,77.628905,12.945027
19753,77.659627,13.023388
19754,77.658671,13.023884
19755,77.659778,13.023777
19756,77.658287,13.023439
19757,77.630264,12.941252
19758,77.630142,12.937909
19759,77.628118,12.944169
19760,77.655385,12.943809
19761,77.655538,12.944254
19762,77.658656,12.945574
19763,77.630502,12.942679
19764,77.656659,13.026480
19765,77.657443,13.026180
19766,77.658146,13.025964
19767,77.657865,13.025294
19768,77.656755,13.024199
19769,77.571614,12.981831
19770,77.637894,13.017552
19771,77.625089,13.023844
19772,77.629395,13.018445
19773,77.626786,13.021644
19774,77.638342,13.018520
19775,77.637627,13.020771
19776,77.629255,13.017460
19777,77.628057,13.017789
19778,77.625177,13.016591
19779,77.634231,13.020484
19780,77.634250,13.020888
19781,77.632340,13.020547
19782,77.630859,13.021471
19783,77.632903,12.929783
19784,77.633099,12.929868
19785,77.633179,12.929873
19786,77.631748,12.932103
19787,77.634047,13.018460
19788,77.633678,13.017777
19789,77.634002,13.018013
19790,77.633491,13.018127
19791,77.633054,13.018254
19792,77.634198,13.019912
19793,77.634461,13.021843
19794,77.634057,13.023274
19795,77.626181,13.014730
19796,77.626891,13.022831
19797,77.626810,13.022609
19798,77.626601,13.021672
19799,77.626474,13.021198
19800,77.626678,13.021189
19801,77.629234,12.930010
19802,77.639807,13.024024
19803,77.638729,13.024215
19804,77.637718,13.024945
19805,77.638727,13.024082
19806,77.637793,13.025357
19807,77.637861,13.024173
19808,77.633160,13.004111
19809,77.631095,13.007797
19810,77.630602,13.007984
19811,77.637209,12.932661
19812,77.636865,13.008210
19813,77.636624,13.008588
19814,77.636386,13.008591
19815,77.636409,13.008872
19816,77.635460,13.008853
19817,77.630886,13.006532
19818,77.634588,13.007021
19819,77.633501,13.007160
19820,77.632861,13.007214
19821,77.625399,13.012523
19822,77.626171,13.011136
19823,77.625592,13.011962
19824,77.625449,13.013240
19825,77.625816,13.013131
19826,77.626112,13.013019
19827,77.625862,13.013906
19828,77.628602,13.011063
19829,77.629317,13.011251
19830,77.629453,13.011762
19831,77.630399,13.013963
19832,77.630688,13.013591
19833,77.630257,13.013284
19834,77.630700,13.013303
19835,77.629535,13.014494
19836,77.629441,13.014777
19837,77.628773,13.014732
19838,77.635996,13.015593
19839,77.635142,13.015771
19840,77.636044,13.015859
19841,77.635200,13.016034
19842,77.636223,13.016804
19843,77.635502,13.016920
19844,77.638249,13.017134
19845,77.637869,13.017178
19846,77.631739,13.013821
19847,77.629533,13.020197
19848,77.629569,13.020499
19849,77.629133,13.019091
19850,77.629298,13.020230
19851,77.630537,13.016908
19852,77.629645,13.017058
19853,77.630821,13.015205
19854,77.631730,13.013553
19855,77.631247,13.013552
19856,77.630067,13.013564
19857,77.632729,13.005206
19858,77.633053,13.004865
19859,77.633113,13.005138
19860,77.628351,13.007801
19861,77.628374,13.007892
19862,77.626519,13.009120
19863,77.626511,13.008762
19864,77.627449,13.008055
19865,77.626166,13.007903
19866,77.625354,13.008255
19867,77.637135,13.001870
19868,77.637875,13.000269
19869,77.637438,13.000289
19870,77.637078,12.999953
19871,77.638587,13.001814
19872,77.638699,13.001365
19873,77.638053,13.002323
19874,77.638340,13.001358
19875,77.637606,13.002257
19876,77.637696,13.001347
19877,77.637396,13.002572
19878,77.637373,13.003305
19879,77.631819,12.933818
19880,77.634157,12.935204
19881,77.634975,12.935610
19882,77.627916,13.007177
19883,77.628210,13.010679
19884,77.628223,13.009349
19885,77.629258,13.006769
19886,77.629714,13.006861
19887,77.628513,13.007004
19888,77.627684,13.006741
19889,77.628980,13.006364
19890,77.629939,13.006652
19891,77.629738,13.006146
19892,77.629390,13.006228
19893,77.630710,13.006350
19894,77.630183,13.006143
19895,77.630652,13.006059
19896,77.637908,12.929028
19897,77.637707,12.929298
19898,77.629063,13.006543
19899,77.646439,12.948039
19900,77.653516,12.997947
19901,77.653676,12.997595
19902,77.654656,12.997451
19903,77.654567,12.997234
19904,77.627831,13.007896
19905,77.627700,13.007241
19906,77.654701,12.996555
19907,77.655872,12.997046
19908,77.655380,12.997442
19909,77.631090,13.010226
19910,77.630109,13.016319
19911,77.629387,13.016440
19912,77.647764,12.944954
19913,77.648881,12.943715
19914,77.646784,12.945786
19915,77.642927,12.948645
19916,77.644486,12.947282
19917,77.644448,12.947226
19918,77.644563,12.947225
19919,77.628618,12.944415
19920,77.643082,12.948539
19921,77.643108,12.948600
19922,77.643030,12.948694
19923,77.642918,12.948584
19924,77.627177,13.022092
19925,77.629590,13.025023
19926,77.626863,13.008146
19927,77.630125,13.012402
19928,77.633481,13.008134
19929,77.634028,13.008760
19930,77.633700,13.008697
19931,77.634578,13.008824
19932,77.632874,13.008739
19933,77.633036,13.009168
19934,77.634039,13.008558
19935,77.635766,13.005209
19936,77.635791,13.005848
19937,77.634479,13.004585
19938,77.634536,13.004871
19939,77.636710,13.003341
19940,77.636733,13.003661
19941,77.633303,12.936194
19942,77.637980,12.930163
19943,77.638180,12.930069
19944,77.633530,12.937152
19945,77.639562,13.011773
19946,77.638139,13.011979
19947,77.637523,13.012036
19948,77.638102,13.011690
19949,77.636365,13.012000
19950,77.633931,13.014133
19951,77.633077,13.014142
19952,77.631993,13.013347
19953,77.636424,13.009401
19954,77.636361,13.010060
19955,77.635277,13.010056
19956,77.636650,13.010107
19957,77.636607,13.009666
19958,77.633386,13.011799
19959,77.633308,13.012403
19960,77.633451,13.012411
19961,77.632696,13.012395
19962,77.633060,13.012386
19963,77.632419,13.012418
19964,77.632437,13.012966
19965,77.632184,13.012432
19966,77.632201,13.012973
19967,77.631963,13.012420
19968,77.631962,13.012976
19969,77.633477,12.936925
19970,77.629547,12.943834
19971,77.627414,12.943572
19972,77.627597,12.944027
19973,77.627713,12.943897
19974,77.627577,12.943544
19975,77.627310,12.945512
19976,77.627269,12.945137
19977,77.626257,12.949057
19978,77.626826,12.949511
19979,77.625691,12.947503
19980,77.625860,12.948108
19981,77.628187,13.011929
19982,77.627642,13.011280
19983,77.627700,13.011569
19984,77.628130,13.011486
19985,77.627314,13.011644
19986,77.629822,13.009741
19987,77.632238,13.009833
19988,77.631614,13.009416
19989,77.631074,13.009819
19990,77.630998,13.009119
19991,77.630080,13.008836
19992,77.630368,13.010212
19993,77.630762,13.009944
19994,77.630583,13.009721
19995,77.638446,13.009263
19996,77.637308,13.009221
19997,77.638362,13.009846
19998,77.635956,13.013786
19999,77.639005,13.014628
20000,77.639005,13.014043
20001,77.637737,13.018519
20002,77.637505,13.017630
20003,77.639918,13.016300
20004,77.639387,13.016390
20005,77.638923,13.017099
20006,77.640023,13.016989
20007,77.639384,13.017050
20008,77.627639,13.015598
20009,77.627292,13.013118
20010,77.627429,13.013648
20011,77.627777,13.013591
20012,77.629525,13.009768
20013,77.628711,13.009845
20014,77.631495,13.011302
20015,77.631584,13.010509
20016,77.633030,13.010423
20017,77.632992,13.010744
20018,77.634742,13.011666
20019,77.634761,13.011344
20020,77.629580,13.007583
20021,77.629585,13.007630
20022,77.629529,13.007226
20023,77.629597,13.007676
20024,77.644816,13.015026
20025,77.644806,13.014945
20026,77.649552,13.014045
20027,77.649641,13.014304
20028,77.639445,13.010328
20029,77.638680,13.010385
20030,77.644874,13.017801
20031,77.644980,13.017814
20032,77.643784,13.010480
20033,77.643744,13.011152
20034,77.642939,13.011268
20035,77.643775,13.011379
20036,77.641206,13.010515
20037,77.634885,13.008960
20038,77.635431,13.009029
20039,77.576612,12.968696
20040,77.576436,12.968801
20041,77.577905,12.968422
20042,77.575994,12.968994
20043,77.599877,13.020285
20044,77.599155,13.020610
20045,77.598168,13.017161
20046,77.571487,12.980592
20047,77.585958,12.976898
20048,77.585548,12.977182
20049,77.639127,13.006883
20050,77.647884,13.024337
20051,77.635740,13.004407
20052,77.635707,13.004792
20053,77.635018,13.004254
20054,77.635107,13.004752
20055,77.635485,13.004373
20056,77.635461,13.004764
20057,77.631548,13.004103
20058,77.631697,13.007798
20059,77.631759,13.007777
20060,77.632139,13.008162
20061,77.634880,13.005143
20062,77.634008,13.008292
20063,77.634269,13.007062
20064,77.632874,13.008232
20065,77.634308,13.007924
20066,77.634298,13.007390
20067,77.635553,13.022787
20068,77.635161,13.018258
20069,77.635354,13.022206
20070,77.635332,13.019037
20071,77.647137,13.007567
20072,77.646817,13.007269
20073,77.646751,13.007124
20074,77.647224,13.006560
20075,77.648765,13.006084
20076,77.649281,13.006005
20077,77.649009,13.005244
20078,77.648095,13.005398
20079,77.648449,13.005373
20080,77.648449,13.006137
20081,77.649164,13.005637
20082,77.631583,13.005934
20083,77.634570,13.005936
20084,77.634043,13.007418
20085,77.634037,13.007911
20086,77.633782,13.007888
20087,77.633198,13.007186
20088,77.634620,13.007362
20089,77.633745,13.007129
20090,77.634024,13.007093
20091,77.633251,13.007869
20092,77.636925,13.020106
20093,77.635880,13.018929
20094,77.634764,13.019142
20095,77.631370,13.020925
20096,77.631325,13.022083
20097,77.631631,13.022083
20098,77.630958,13.022093
20099,77.639394,13.006663
20100,77.638518,13.006595
20101,77.638134,13.006577
20102,77.638350,13.007085
20103,77.639086,13.007167
20104,77.636010,13.006285
20105,77.635265,13.005223
20106,77.635255,13.005888
20107,77.633121,13.005478
20108,77.626378,13.007125
20109,77.626388,13.007606
20110,77.631196,13.005802
20111,77.630699,13.007272
20112,77.631194,13.006818
20113,77.631571,13.005961
20114,77.631181,13.006719
20115,77.631160,13.006559
20116,77.641148,13.008608
20117,77.629700,13.010012
20118,77.628755,13.010141
20119,77.629233,13.012230
20120,77.629202,13.012785
20121,77.645024,13.006034
20122,77.644460,13.006093
20123,77.644309,13.005781
20124,77.644217,13.006929
20125,77.643565,13.007032
20126,77.647804,13.018278
20127,77.625786,13.020547
20128,77.630108,13.016663
20129,77.629527,13.016770
20130,77.634821,13.016877
20131,77.634687,13.016454
20132,77.636423,13.021069
20133,77.643383,13.023998
20134,77.634331,13.018413
20135,77.634424,13.019201
20136,77.634110,13.015929
20137,77.633157,13.004637
20138,77.633248,13.005113
20139,77.625330,13.007033
20140,77.639600,12.999007
20141,77.639278,12.999654
20142,77.638840,13.000430
20143,77.639093,13.000565
20144,77.639518,12.999773
20145,77.639762,12.999892
20146,77.638411,13.000158
20147,77.638455,13.001360
20148,77.638125,13.000163
20149,77.638181,13.001355
20150,77.627097,13.000951
20151,77.635457,13.002571
20152,77.593239,13.005520
20153,77.593307,13.005517
20154,77.593800,13.005182
20155,77.580056,12.951927
20156,77.580089,12.954614
20157,77.580052,12.949595
20158,77.580111,12.955162
20159,77.580075,12.953957
20160,77.580054,12.950559
20161,77.580051,12.949482
20162,77.579881,12.948143
20163,77.580074,12.948188
20164,77.579947,12.948186
20165,77.577668,12.945581
20166,77.578595,12.947027
20167,77.577282,12.947028
20168,77.577278,12.948247
20169,77.579963,12.948608
20170,77.579667,12.948358
20171,77.574676,12.945022
20172,77.576342,12.947808
20173,77.575247,12.944548
20174,77.579223,12.946189
20175,77.575407,12.936532
20176,77.575428,12.936798
20177,77.575429,12.936876
20178,77.575417,12.937590
20179,77.575415,12.938299
20180,77.575407,12.938998
20181,77.575390,12.939735
20182,77.575386,12.940606
20183,77.577757,12.942551
20184,77.577408,12.938289
20185,77.575850,12.938302
20186,77.575864,12.937581
20187,77.575836,12.938990
20188,77.578554,12.936817
20189,77.578551,12.937461
20190,77.578266,12.936820
20191,77.578277,12.937451
20192,77.576734,12.934943
20193,77.577323,12.935360
20194,77.578431,12.936727
20195,77.579265,12.938556
20196,77.579599,12.941410
20197,77.578902,12.940576
20198,77.578878,12.941638
20199,77.578538,12.940948
20200,77.577777,12.940932
20201,77.578533,12.941268
20202,77.577773,12.941255
20203,77.578198,12.931981
20204,77.578192,12.932830
20205,77.577284,12.944374
20206,77.577593,12.944486
20207,77.577069,12.931325
20208,77.576014,12.931284
20209,77.580081,12.930868
20210,77.580083,12.930773
20211,77.578198,12.930798
20212,77.576133,12.930825
20213,77.576208,12.930824
20214,77.578081,12.930800
20215,77.579653,12.930779
20216,77.580199,12.930770
20217,77.576102,12.930909
20218,77.576272,12.930407
20219,77.575823,12.931532
20220,77.575997,12.931157
20221,77.575744,12.931807
20222,77.575261,12.932406
20223,77.575380,12.930962
20224,77.574412,12.931342
20225,77.575436,12.931761
20226,77.575424,12.931466
20227,77.575394,12.931392
20228,77.583098,12.942819
20229,77.583200,12.943129
20230,77.583894,12.942671
20231,77.583938,12.942952
20232,77.583743,12.942607
20233,77.583440,12.942687
20234,77.581133,12.937628
20235,77.581061,12.937857
20236,77.580565,12.941485
20237,77.580100,12.941639
20238,77.581405,12.941689
20239,77.580771,12.941998
20240,77.580782,12.942499
20241,77.582839,12.943717
20242,77.582276,12.943634
20243,77.582183,12.943708
20244,77.582933,12.943732
20245,77.582842,12.943641
20246,77.583721,12.930819
20247,77.583912,12.932982
20248,77.584998,12.936542
20249,77.599195,12.929920
20250,77.598833,12.930729
20251,77.594748,12.932139
20252,77.592597,12.931448
20253,77.596167,12.944309
20254,77.592711,12.934689
20255,77.594519,12.944467
20256,77.586004,12.930241
20257,77.595060,12.929357
20258,77.587957,12.940195
20259,77.587452,12.940419
20260,77.587334,12.940544
20261,77.587537,12.944656
20262,77.593510,12.945529
20263,77.593079,12.945781
20264,77.589763,12.945756
20265,77.593963,12.943442
20266,77.593439,12.943508
20267,77.591241,12.943858
20268,77.592518,12.945512
20269,77.592339,12.945663
20270,77.593606,12.928638
20271,77.587504,12.935389
20272,77.587350,12.935835
20273,77.588992,12.944322
20274,77.587148,12.935498
20275,77.586356,12.938992
20276,77.590242,12.935496
20277,77.590754,12.944652
20278,77.590950,12.933629
20279,77.589102,12.934831
20280,77.587818,12.935132
20281,77.588585,12.942092
20282,77.574262,12.931922
20283,77.574206,12.931206
20284,77.574464,12.931912
20285,77.574399,12.930969
20286,77.574906,12.937604
20287,77.574920,12.938298
20288,77.591763,12.933162
20289,77.592315,12.932001
20290,77.592035,12.932011
20291,77.591710,12.932022
20292,77.591467,12.932257
20293,77.590423,12.932434
20294,77.591516,12.933036
20295,77.591035,12.933105
20296,77.590625,12.933319
20297,77.591027,12.933067
20298,77.591799,12.933726
20299,77.591795,12.933987
20300,77.591806,12.934273
20301,77.587446,12.934643
20302,77.585249,12.936031
20303,77.592089,12.931564
20304,77.592028,12.931575
20305,77.588511,12.931381
20306,77.588180,12.931392
20307,77.587592,12.932276
20308,77.589549,12.945757
20309,77.588998,12.945469
20310,77.575731,12.931857
20311,77.574409,12.931209
20312,77.574032,12.931200
20313,77.572957,12.932752
20314,77.572847,12.932072
20315,77.573189,12.931916
20316,77.575170,12.934028
20317,77.575260,12.933826
20318,77.575313,12.933661
20319,77.575299,12.933345
20320,77.577625,12.931087
20321,77.577072,12.931098
20322,77.576601,12.931067
20323,77.576108,12.931091
20324,77.575730,12.935897
20325,77.594540,12.943109
20326,77.593822,12.943988
20327,77.594528,12.944219
20328,77.590420,12.944232
20329,77.594188,12.931376
20330,77.594176,12.931263
20331,77.591075,12.936290
20332,77.590908,12.934440
20333,77.590876,12.935032
20334,77.578875,12.940155
20335,77.578901,12.939386
20336,77.574021,12.935605
20337,77.564309,12.980949
20338,77.567045,12.966556
20339,77.563974,12.967769
20340,77.567218,12.969157
20341,77.603695,12.960135
20342,77.601781,12.960006
20343,77.618348,12.979140
20344,77.615310,13.017607
20345,77.649927,12.944963
20346,77.656700,12.942956
20347,77.656721,12.943381
20348,77.648938,12.943310
20349,77.650176,12.944557
20350,77.648710,12.944533
20351,77.648711,12.944287
20352,77.648120,12.944872
20353,77.649123,12.944711
20354,77.648499,12.944743
20355,77.637109,12.929692
20356,77.612666,13.022645
20357,77.637638,13.017589
20358,77.635967,13.015427
20359,77.640314,13.014818
20360,77.640342,13.015218
20361,77.640835,13.015603
20362,77.641171,13.015117
20363,77.638479,13.026927
20364,77.639941,13.026983
20365,77.639989,13.027865
20366,77.639650,13.028591
20367,77.644784,13.029971
20368,77.644536,13.029970
20369,77.645224,13.029965
20370,77.646372,13.029653
20371,77.646499,13.030307
20372,77.646665,13.029395
20373,77.647273,13.029785
20374,77.649095,13.029934
20375,77.647509,13.030281
20376,77.642748,13.027424
20377,77.642725,13.027220
20378,77.643503,13.027382
20379,77.646493,13.025657
20380,77.647447,13.026916
20381,77.648369,13.026691
20382,77.648306,13.028280
20383,77.648174,13.027809
20384,77.643381,13.024088
20385,77.643332,13.024734
20386,77.643375,13.024491
20387,77.643373,13.024609
20388,77.645736,13.024830
20389,77.646347,13.024701
20390,77.655325,13.018737
20391,77.656762,13.019575
20392,77.656589,13.020380
20393,77.658480,13.021110
20394,77.659119,13.022203
20395,77.656640,13.022013
20396,77.657187,13.023293
20397,77.659442,13.022559
20398,77.658410,13.025908
20399,77.658116,13.025202
20400,77.657716,13.025825
20401,77.655905,13.023448
20402,77.656174,13.024350
20403,77.656474,13.024272
20404,77.656241,13.023527
20405,77.654580,13.023643
20406,77.654934,13.023526
20407,77.652032,13.022316
20408,77.652346,13.021817
20409,77.650110,13.025314
20410,77.650420,13.024064
20411,77.658115,13.015393
20412,77.657431,13.015630
20413,77.658234,13.016001
20414,77.658179,13.015707
20415,77.656307,13.014941
20416,77.656524,13.015577
20417,77.654344,13.015697
20418,77.654079,13.015810
20419,77.653942,13.015879
20420,77.653763,13.015955
20421,77.654361,13.017433
20422,77.654710,13.017526
20423,77.654616,13.016812
20424,77.654895,13.017575
20425,77.655169,13.016922
20426,77.655491,13.017725
20427,77.655943,13.017317
20428,77.656351,13.017117
20429,77.656075,13.017617
20430,77.656472,13.017416
20431,77.656662,13.017648
20432,77.656067,13.016652
20433,77.658416,13.017112
20434,77.651062,13.016913
20435,77.648749,13.014796
20436,77.638963,13.019763
20437,77.639283,13.019745
20438,77.639340,13.020812
20439,77.642471,13.027995
20440,77.642592,13.029207
20441,77.642553,13.029913
20442,77.642693,13.029878
20443,77.652027,13.027884
20444,77.652245,13.026512
20445,77.651892,13.026851
20446,77.652261,13.027854
20447,77.651651,13.028994
20448,77.651520,13.028326
20449,77.652900,13.029367
20450,77.652167,13.029487
20451,77.652028,13.028937
20452,77.651895,13.028248
20453,77.652701,13.028515
20454,77.652322,13.029209
20455,77.652828,13.029079
20456,77.653454,13.028060
20457,77.653669,13.027923
20458,77.653991,13.027819
20459,77.654475,13.028898
20460,77.652630,13.028223
20461,77.651761,13.027922
20462,77.651230,13.028378
20463,77.651346,13.029037
20464,77.650649,13.029991
20465,77.650147,13.030089
20466,77.657899,13.027272
20467,77.658019,13.027523
20468,77.658125,13.027776
20469,77.657789,13.028300
20470,77.659084,13.027351
20471,77.659739,13.028286
20472,77.658881,13.028712
20473,77.659108,13.027852
20474,77.659627,13.027634
20475,77.658272,13.028089
20476,77.658908,13.030346
20477,77.658639,13.029913
20478,77.656496,13.030421
20479,77.657386,13.029820
20480,77.646208,13.024197
20481,77.642665,13.015321
20482,77.642861,13.015323
20483,77.642835,13.015235
20484,77.642769,13.015337
20485,77.643594,13.015212
20486,77.649427,13.028142
20487,77.649542,13.028925
20488,77.649625,13.027439
20489,77.650133,13.027360
20490,77.649692,13.027734
20491,77.650397,13.027641
20492,77.644352,13.029592
20493,77.644290,13.029602
20494,77.656541,13.021812
20495,77.655869,13.025721
20496,77.648993,13.025588
20497,77.648905,13.025887
20498,77.651535,13.022546
20499,77.651647,13.022821
20500,77.648982,13.023536
20501,77.639190,13.026877
20502,77.654655,13.024735
20503,77.654780,13.025189
20504,77.650672,13.015203
20505,77.650749,13.015632
20506,77.650104,13.029807
20507,77.642497,13.013978
20508,77.646602,13.025454
20509,77.647368,13.025238
20510,77.652112,13.028336
20511,77.656222,13.016874
20512,77.655827,13.017070
20513,77.657884,13.019462
20514,77.657763,13.019434
20515,77.659006,13.019752
20516,77.657972,13.021335
20517,77.657492,13.021615
20518,77.655563,13.025890
20519,77.656408,13.024682
20520,77.656307,13.024315
20521,77.649720,13.030203
20522,77.649019,13.015304
20523,77.648366,13.015565
20524,77.648607,13.015022
20525,77.648236,13.015159
20526,77.656806,13.026155
20527,77.656120,13.024735
20528,77.656006,13.024393
20529,77.656707,13.024615
20530,77.656594,13.024241
20531,77.657608,13.026433
20532,77.657358,13.026801
20533,77.657978,13.026016
20534,77.656799,13.026691
20535,77.658932,13.024902
20536,77.658816,13.025396
20537,77.658664,13.025000
20538,77.659375,13.024929
20539,77.658966,13.024080
20540,77.661534,13.028507
20541,77.660120,13.016439
20542,77.659900,13.024041
20543,77.659385,13.023921
20544,77.659537,13.024289
20545,77.659715,13.025911
20546,77.659859,13.025351
20547,77.659043,13.025961
20548,77.659878,13.026910
20549,77.659831,13.027976
20550,77.660228,13.028331
20551,77.575970,13.024337
20552,77.572123,13.023696
20553,77.659536,13.018832
20554,77.659398,13.018437
20555,77.553704,12.926387
20556,77.619897,13.016038
20557,77.619811,13.014945
20558,77.621113,13.015382
20559,77.620776,13.014750
20560,77.621669,13.017422
20561,77.622110,13.019289
20562,77.621850,13.017465
20563,77.621772,13.017388
20564,77.621862,13.017317
20565,77.621726,13.016112
20566,77.619807,13.016561
20567,77.620067,13.017154
20568,77.619563,13.016408
20569,77.619415,13.016474
20570,77.619086,13.016253
20571,77.619130,13.016356
20572,77.619184,13.016443
20573,77.618765,13.016149
20574,77.619396,13.016120
20575,77.618338,13.015488
20576,77.615057,13.017256
20577,77.615184,13.015427
20578,77.616989,13.014209
20579,77.619362,13.015636
20580,77.617909,13.014665
20581,77.615359,13.013880
20582,77.619664,13.016610
20583,77.617081,13.016998
20584,77.614889,13.018539
20585,77.615444,13.017963
20586,77.613845,13.018083
20587,77.614887,13.015407
20588,77.619371,13.014914
20589,77.614085,13.016364
20590,77.615655,13.013788
20591,77.615283,13.018082
20592,77.615915,13.014510
20593,77.618470,13.015694
20594,77.614256,13.015308
20595,77.618916,13.014725
20596,77.619730,13.014774
20597,77.619492,13.016668
20598,77.615714,13.017458
20599,77.615495,13.014276
20600,77.618191,13.015516
20601,77.619835,13.017022
20602,77.620619,13.014493
20603,77.619750,13.017301
20604,77.617357,13.016338
20605,77.617697,13.015825
20606,77.619221,13.016562
20607,77.619464,13.015861
20608,77.622067,13.015931
20609,77.619100,13.015735
20610,77.619052,13.015517
20611,77.620463,13.014215
20612,77.619572,13.017378
20613,77.617231,13.015970
20614,77.616972,13.015271
20615,77.619267,13.015402
20616,77.624336,13.020653
20617,77.623482,13.021230
20618,77.623705,13.019343
20619,77.619008,13.018797
20620,77.619606,13.018679
20621,77.623043,13.017876
20622,77.623203,13.017810
20623,77.623201,13.017664
20624,77.621759,13.016454
20625,77.622041,13.016298
20626,77.621907,13.016016
20627,77.621882,13.016030
20628,77.621384,13.015207
20629,77.621352,13.015246
20630,77.620637,13.014828
20631,77.620715,13.014951
20632,77.616386,13.015488
20633,77.616791,13.015815
20634,77.617617,13.015632
20635,77.617139,13.015761
20636,77.617449,13.016564
20637,77.617846,13.016181
20638,77.617269,13.016621
20639,77.616474,13.016671
20640,77.615211,13.017342
20641,77.616442,13.016881
20642,77.616182,13.016981
20643,77.616293,13.017263
20644,77.616400,13.017594
20645,77.616658,13.017494
20646,77.623623,13.020609
20647,77.621219,13.021225
20648,77.619147,13.021365
20649,77.616156,13.019214
20650,77.620045,13.020577
20651,77.623692,13.019793
20652,77.620661,13.015459
20653,77.621173,13.016618
20654,77.623860,13.018707
20655,77.624550,13.019568
20656,77.620963,13.016717
20657,77.619883,13.019827
20658,77.624589,13.019783
20659,77.620608,13.021340
20660,77.624086,13.020630
20661,77.614637,13.020863
20662,77.622919,13.019720
20663,77.624348,13.018643
20664,77.621020,13.020434
20665,77.620404,13.019531
20666,77.620946,13.019860
20667,77.621516,13.021157
20668,77.616373,13.020454
20669,77.620189,13.019563
20670,77.615534,13.020538
20671,77.623574,13.020854
20672,77.623682,13.020023
20673,77.615419,13.019938
20674,77.614753,13.021418
20675,77.614332,13.021499
20676,77.623939,13.019108
20677,77.620616,13.016624
20678,77.624116,13.020036
20679,77.623695,13.019111
20680,77.623682,13.019594
20681,77.620221,13.019824
20682,77.624092,13.018681
20683,77.620045,13.020921
20684,77.624073,13.020844
20685,77.624467,13.019119
20686,77.620974,13.020059
20687,77.622836,13.019158
20688,77.624170,13.019119
20689,77.620892,13.021299
20690,77.621144,13.020855
20691,77.619417,13.020587
20692,77.620549,13.015967
20693,77.619769,13.020582
20694,77.620506,13.020859
20695,77.623644,13.020394
20696,77.622996,13.018592
20697,77.619752,13.021273
20698,77.594079,12.945708
20699,77.594226,12.945988
20700,77.593108,12.945419
20701,77.593690,12.946286
20702,77.593266,12.945671
20703,77.600340,12.945652
20704,77.601057,12.945442
20705,77.600949,12.945469
20706,77.601093,12.945900
20707,77.603323,12.943361
20708,77.603512,12.944164
20709,77.603538,12.943312
20710,77.603731,12.944107
20711,77.603822,12.943211
20712,77.604020,12.943925
20713,77.601762,12.939335
20714,77.601950,12.940264
20715,77.602036,12.940730
20716,77.601605,12.939371
20717,77.601778,12.940293
20718,77.601865,12.940757
20719,77.601465,12.939400
20720,77.601622,12.940320
20721,77.601277,12.939438
20722,77.601395,12.939836
20723,77.601327,12.930652
20724,77.601446,12.931147
20725,77.601628,12.930635
20726,77.601769,12.931094
20727,77.602876,12.930910
20728,77.605163,12.948733
20729,77.605256,12.949227
20730,77.609762,12.943441
20731,77.610392,12.943311
20732,77.609654,12.942692
20733,77.609791,12.943170
20734,77.608935,12.942577
20735,77.608728,12.942573
20736,77.608473,12.943996
20737,77.608264,12.943616
20738,77.607309,12.939509
20739,77.607725,12.939476
20740,77.607357,12.939753
20741,77.607735,12.939740
20742,77.607414,12.940008
20743,77.607739,12.939988
20744,77.612227,12.940285
20745,77.610103,12.939929
20746,77.610706,12.940262
20747,77.602449,12.947815
20748,77.602374,12.946961
20749,77.602360,12.947216
20750,77.602603,12.948390
20751,77.620965,13.006317
20752,77.619444,13.007873
20753,77.619527,13.008121
20754,77.621479,13.007854
20755,77.617676,13.006935
20756,77.619140,13.006366
20757,77.615622,13.008097
20758,77.618052,13.007370
20759,77.618308,13.007982
20760,77.618514,13.006973
20761,77.618908,13.007766
20762,77.618941,13.006927
20763,77.619283,13.007639
20764,77.620122,13.006614
20765,77.620344,13.007058
20766,77.620199,13.006768
20767,77.619611,13.007014
20768,77.619857,13.006914
20769,77.620079,13.007375
20770,77.619999,13.007208
20771,77.620548,13.006959
20772,77.619605,13.008878
20773,77.619692,13.008445
20774,77.619764,13.009027
20775,77.620073,13.009151
20776,77.619705,13.008847
20777,77.620432,13.008738
20778,77.618191,13.008899
20779,77.618488,13.009491
20780,77.618278,13.009568
20781,77.617783,13.009011
20782,77.617585,13.009536
20783,77.617376,13.009544
20784,77.617122,13.009624
20785,77.616986,13.008695
20786,77.617192,13.009181
20787,77.616755,13.008767
20788,77.616568,13.009383
20789,77.616697,13.009868
20790,77.616580,13.010179
20791,77.616354,13.010257
20792,77.616188,13.010314
20793,77.620844,13.014157
20794,77.620343,13.014011
20795,77.619986,13.013326
20796,77.620195,13.014083
20797,77.620749,13.013226
20798,77.620003,13.012537
20799,77.620088,13.012988
20800,77.620661,13.012810
20801,77.619886,13.011981
20802,77.620308,13.012515
20803,77.618974,13.012842
20804,77.618776,13.012136
20805,77.618583,13.013327
20806,77.618418,13.013039
20807,77.618021,13.013255
20808,77.618319,13.012867
20809,77.618042,13.013011
20810,77.618708,13.013546
20811,77.618113,13.013415
20812,77.618577,13.013838
20813,77.618912,13.013907
20814,77.619044,13.014141
20815,77.617936,13.014649
20816,77.617807,13.013671
20817,77.618143,13.014274
20818,77.617636,13.013931
20819,77.617398,13.013239
20820,77.618011,13.014329
20821,77.617286,13.013281
20822,77.617544,13.013765
20823,77.617710,13.013120
20824,77.616867,13.013029
20825,77.616996,13.013392
20826,77.616358,13.011227
20827,77.615778,13.011505
20828,77.615459,13.010174
20829,77.614508,13.010442
20830,77.614780,13.010818
20831,77.614788,13.011903
20832,77.615262,13.011517
20833,77.614483,13.011348
20834,77.614963,13.012132
20835,77.615076,13.012302
20836,77.615435,13.011813
20837,77.616072,13.012884
20838,77.615604,13.012122
20839,77.615892,13.012871
20840,77.615490,13.012645
20841,77.615162,13.012794
20842,77.615228,13.012927
20843,77.615254,13.012221
20844,77.615099,13.012667
20845,77.614971,13.014000
20846,77.615160,13.014575
20847,77.618901,13.013182
20848,77.615554,13.012801
20849,77.618253,13.013637
20850,77.618680,13.012554
20851,77.614229,13.013278
20852,77.614544,13.013191
20853,77.616179,13.010766
20854,77.615610,13.012954
20855,77.616282,13.011032
20856,77.614054,13.012874
20857,77.615512,13.011106
20858,77.618646,13.013437
20859,77.614985,13.012486
20860,77.614590,13.013344
20861,77.617938,13.013459
20862,77.615431,13.012503
20863,77.614186,13.013046
20864,77.614469,13.012945
20865,77.617967,13.013163
20866,77.619082,13.013625
20867,77.631937,12.997201
20868,77.630924,12.997489
20869,77.631012,12.997708
20870,77.631935,12.997971
20871,77.631207,12.998218
20872,77.631996,12.998163
20873,77.631279,12.998405
20874,77.630826,12.996007
20875,77.630696,12.996066
20876,77.631036,12.995912
20877,77.630055,12.996091
20878,77.630066,12.994887
20879,77.630281,12.995489
20880,77.629714,12.995743
20881,77.629351,12.996023
20882,77.630412,12.995406
20883,77.629712,12.995886
20884,77.629308,12.995454
20885,77.629420,12.995634
20886,77.629986,12.995340
20887,77.629763,12.994853
20888,77.627744,12.997329
20889,77.632216,12.995456
20890,77.631816,12.994799
20891,77.632031,12.995507
20892,77.629411,12.998381
20893,77.629177,12.997813
20894,77.629032,12.997047
20895,77.629873,12.996833
20896,77.630116,12.997451
20897,77.629385,12.996071
20898,77.624516,12.994037
20899,77.622249,12.994776
20900,77.622022,12.994487
20901,77.622296,12.994996
20902,77.622360,12.995442
20903,77.622470,12.995551
20904,77.622665,12.995504
20905,77.622772,12.995944
20906,77.622705,12.996752
20907,77.619820,12.996681
20908,77.615307,12.993446
20909,77.616407,12.993125
20910,77.614953,12.994441
20911,77.614636,12.993978
20912,77.614622,12.995765
20913,77.614266,12.995288
20914,77.629043,12.995551
20915,77.624831,13.007616
20916,77.625122,13.007546
20917,77.629851,13.005459
20918,77.629925,13.005748
20919,77.633175,13.005868
20920,77.631366,13.005133
20921,77.631542,13.005111
20922,77.631685,13.005065
20923,77.632216,13.004942
20924,77.632278,13.005287
20925,77.633184,13.005466
20926,77.632977,13.005162
20927,77.633041,13.005497
20928,77.632669,13.005217
20929,77.632737,13.005563
20930,77.631835,13.005370
20931,77.631732,13.005391
20932,77.631813,13.005767
20933,77.631297,13.005482
20934,77.631363,13.005778
20935,77.631430,13.005454
20936,77.631545,13.005947
20937,77.633304,13.004646
20938,77.633386,13.005088
20939,77.634421,13.004267
20940,77.634844,13.004252
20941,77.634924,13.004798
20942,77.634702,13.004255
20943,77.634806,13.004820
20944,77.633525,13.004063
20945,77.631821,13.003668
20946,77.633899,13.011266
20947,77.630981,13.013840
20948,77.630942,13.014483
20949,77.631242,13.013844
20950,77.633896,13.014296
20951,77.633460,13.014290
20952,77.636046,13.013047
20953,77.636208,13.013737
20954,77.636602,13.014028
20955,77.635522,13.013520
20956,77.634184,13.013605
20957,77.633579,13.012899
20958,77.633596,13.013832
20959,77.632672,13.012191
20960,77.632419,13.012026
20961,77.630624,13.011094
20962,77.630585,13.011781
20963,77.630091,13.010489
20964,77.631708,13.009028
20965,77.632029,13.009387
20966,77.631725,13.008538
20967,77.631843,13.008674
20968,77.629346,13.007729
20969,77.629494,13.008175
20970,77.629092,13.007783
20971,77.629240,13.008257
20972,77.628143,13.008026
20973,77.626801,13.007195
20974,77.626333,13.008047
20975,77.623619,13.009448
20976,77.624937,13.008598
20977,77.631370,13.012982
20978,77.631916,13.010197
20979,77.632168,13.012121
20980,77.632904,13.011744
20981,77.632880,13.008582
20982,77.629529,13.008289
20983,77.629051,13.008438
20984,77.630556,13.007877
20985,77.629687,12.997617
20986,77.629549,12.997668
20987,77.634191,13.011004
20988,77.633633,13.011237
20989,77.629904,13.008556
20990,77.635165,13.011493
20991,77.634469,13.011064
20992,77.634829,13.010624
20993,77.634132,13.009681
20994,77.636224,13.011279
20995,77.634248,13.008788
20996,77.634453,13.011567
20997,77.631061,13.008685
20998,77.633318,13.010164
20999,77.633577,13.011827
21000,77.633402,13.011211
21001,77.634315,13.010473
21002,77.634495,13.009724
21003,77.630483,13.008943
21004,77.634153,13.011294
21005,77.629692,13.008841
21006,77.630183,13.009601
21007,77.629877,13.008556
21008,77.634190,13.009274
21009,77.636730,13.010822
21010,77.636494,13.011214
21011,77.636036,13.010883
21012,77.636039,13.011153
21013,77.634413,13.010336
21014,77.635207,13.010492
21015,77.627894,13.010197
21016,77.627449,13.010263
21017,77.627037,13.010325
21018,77.627113,13.010623
21019,77.627958,13.010466
21020,77.627517,13.010547
21021,77.627923,13.010314
21022,77.627481,13.010393
21023,77.627073,13.010468
21024,77.627830,13.009906
21025,77.627349,13.009832
21026,77.626929,13.009900
21027,77.627767,13.009634
21028,77.627317,13.009698
21029,77.626896,13.009770
21030,77.627385,13.009987
21031,77.626964,13.010049
21032,77.627863,13.010052
21033,77.627413,13.010120
21034,77.626994,13.010180
21035,77.626340,13.008742
21036,77.621677,13.009520
21037,77.621872,13.009906
21038,77.622131,13.011955
21039,77.622143,13.011645
21040,77.622161,13.011613
21041,77.622727,13.011477
21042,77.623775,13.014061
21043,77.622593,13.014408
21044,77.623763,13.015690
21045,77.622887,13.014321
21046,77.622613,13.013472
21047,77.622726,13.013424
21048,77.622252,13.013316
21049,77.622456,13.013694
21050,77.622670,13.014378
21051,77.622319,13.008823
21052,77.622829,13.008555
21053,77.622590,13.009539
21054,77.622830,13.009977
21055,77.630897,13.012962
21056,77.630856,13.013574
21057,77.630392,13.014337
21058,77.629692,13.013358
21059,77.630408,13.013815
21060,77.629067,13.013893
21061,77.628587,13.014050
21062,77.628625,13.012621
21063,77.629610,13.011684
21064,77.629906,13.012302
21065,77.629852,13.012884
21066,77.629717,13.012127
21067,77.629806,13.011673
21068,77.632949,13.011170
21069,77.635081,13.009349
21070,77.635054,13.009654
21071,77.633918,13.009658
21072,77.633980,13.009255
21073,77.635116,13.008480
21074,77.635105,13.008731
21075,77.634863,13.008465
21076,77.634841,13.008674
21077,77.629142,13.007156
21078,77.628639,13.007475
21079,77.626969,13.007133
21080,77.627387,13.007469
21081,77.628678,13.006453
21082,77.628743,13.006641
21083,77.629542,13.006190
21084,77.629794,13.006675
21085,77.630952,13.007093
21086,77.630821,13.007186
21087,77.629706,13.005512
21088,77.629790,13.005774
21089,77.630277,13.005680
21090,77.630341,13.006000
21091,77.630406,13.005655
21092,77.630482,13.006088
21093,77.629968,13.005739
21094,77.630042,13.006113
21095,77.629669,13.005797
21096,77.629765,13.006136
21097,77.629821,13.005768
21098,77.629897,13.006089
21099,77.636675,13.005398
21100,77.636082,13.005304
21101,77.636698,13.006335
21102,77.634292,13.006373
21103,77.634332,13.006709
21104,77.635280,13.006279
21105,77.634507,13.005301
21106,77.635473,13.005867
21107,77.634585,13.005151
21108,77.630463,13.006944
21109,77.630420,13.006575
21110,77.630572,13.006551
21111,77.622788,12.993584
21112,77.628632,12.998025
21113,77.627831,12.996848
21114,77.627222,12.996808
21115,77.631923,12.997040
21116,77.631388,12.997345
21117,77.631315,12.997130
21118,77.631063,12.997201
21119,77.631914,12.996930
21120,77.627475,13.013842
21121,77.622585,13.010096
21122,77.621852,13.009917
21123,77.622072,13.010299
21124,77.619454,13.002166
21125,77.626803,13.011781
21126,77.620881,13.011504
21127,77.615633,13.004124
21128,77.620117,13.001858
21129,77.631376,13.009593
21130,77.627206,13.012663
21131,77.618537,12.999083
21132,77.617269,12.998274
21133,77.635467,13.002871
21134,77.622729,12.993226
21135,77.623024,13.006884
21136,77.625757,13.011561
21137,77.625580,13.011065
21138,77.617292,12.997609
21139,77.617504,13.005313
21140,77.622629,12.991953
21141,77.633686,13.012524
21142,77.631681,13.009947
21143,77.633707,13.012891
21144,77.618005,12.999202
21145,77.618689,12.999485
21146,77.628509,13.011843
21147,77.618983,13.008329
21148,77.628375,13.011347
21149,77.635832,13.002859
21150,77.635869,13.029842
21151,77.634870,13.030254
21152,77.629566,13.022274
21153,77.629711,13.022771
21154,77.629445,13.019057
21155,77.635596,13.019806
21156,77.635529,13.019330
21157,77.633607,13.015215
21158,77.632730,13.015340
21159,77.632752,13.015650
21160,77.634653,13.014982
21161,77.634713,13.015320
21162,77.634778,13.015423
21163,77.634060,13.015059
21164,77.634963,13.016391
21165,77.633644,13.015464
21166,77.620044,13.023938
21167,77.619876,13.022943
21168,77.614999,13.019269
21169,77.619792,13.023656
21170,77.619953,13.024763
21171,77.630917,13.026247
21172,77.621310,13.024536
21173,77.621755,13.022753
21174,77.622421,13.022597
21175,77.617083,13.021935
21176,77.616385,13.022698
21177,77.616638,13.022568
21178,77.620138,13.023922
21179,77.621865,13.023068
21180,77.619252,13.021778
21181,77.616949,13.021350
21182,77.620040,13.022921
21183,77.613780,13.017799
21184,77.615656,13.019038
21185,77.620243,13.023904
21186,77.617757,13.020577
21187,77.620221,13.024696
21188,77.618026,13.022892
21189,77.621391,13.025077
21190,77.617162,13.022443
21191,77.617539,13.018866
21192,77.616418,13.022223
21193,77.615453,13.018525
21194,77.617162,13.022579
21195,77.631672,13.025965
21196,77.616084,13.020476
21197,77.619970,13.022929
21198,77.614192,13.017691
21199,77.648660,12.967240
21200,77.648917,12.967446
21201,77.651523,12.967106
21202,77.655927,12.969210
21203,77.656078,12.967821
21204,77.647875,12.963733
21205,77.646164,12.963052
21206,77.649036,12.964860
21207,77.648776,12.964312
21208,77.653806,12.955316
21209,77.653739,12.954997
21210,77.655849,12.955656
21211,77.655873,12.954860
21212,77.638623,12.957664
21213,77.639121,12.953537
21214,77.643678,12.956839
21215,77.616793,13.020983
21216,77.616851,13.021309
21217,77.615689,13.020524
21218,77.615758,13.020826
21219,77.616501,13.020745
21220,77.618775,13.022845
21221,77.619401,13.022757
21222,77.619893,13.021980
21223,77.619964,13.022579
21224,77.630843,13.026980
21225,77.630218,13.027162
21226,77.617834,13.021939
21227,77.616129,13.018924
21228,77.615855,13.019004
21229,77.616069,13.018709
21230,77.615766,13.018816
21231,77.616015,13.018511
21232,77.615680,13.018625
21233,77.615957,13.018300
21234,77.615611,13.018419
21235,77.614881,13.018727
21236,77.614361,13.018667
21237,77.614505,13.018636
21238,77.619641,13.027171
21239,77.620313,13.027174
21240,77.617054,13.018442
21241,77.617168,13.018955
21242,77.617600,13.021820
21243,77.617217,13.021335
21244,77.617329,13.021889
21245,77.631275,13.027192
21246,77.630983,13.027265
21247,77.617504,13.020567
21248,77.616600,13.020601
21249,77.617601,13.020752
21250,77.616988,13.020768
21251,77.620953,13.025429
21252,77.620726,13.025792
21253,77.620894,13.023230
21254,77.621018,13.023979
21255,77.620391,13.023421
21256,77.620441,13.023871
21257,77.622612,13.022565
21258,77.622646,13.022948
21259,77.622488,13.022916
21260,77.622625,13.022053
21261,77.622729,13.022544
21262,77.621132,13.021780
21263,77.621281,13.022352
21264,77.620627,13.022450
21265,77.620754,13.022960
21266,77.620963,13.022916
21267,77.621034,13.023227
21268,77.621239,13.023165
21269,77.621661,13.023109
21270,77.621590,13.022789
21271,77.622782,13.028835
21272,77.622857,13.028692
21273,77.622867,13.028634
21274,77.619533,13.027977
21275,77.626223,13.029937
21276,77.625668,13.029320
21277,77.625089,13.029727
21278,77.624301,13.029798
21279,77.623379,13.029998
21280,77.623583,13.029252
21281,77.623664,13.029931
21282,77.623027,13.028927
21283,77.623107,13.029955
21284,77.622920,13.029400
21285,77.622670,13.028820
21286,77.622686,13.029520
21287,77.622226,13.028777
21288,77.622219,13.029526
21289,77.622461,13.028798
21290,77.622461,13.029523
21291,77.622582,13.028498
21292,77.622568,13.028808
21293,77.622311,13.028431
21294,77.622059,13.028344
21295,77.622048,13.028761
21296,77.621147,13.028114
21297,77.621154,13.028670
21298,77.624080,13.024674
21299,77.624003,13.024871
21300,77.623488,13.024979
21301,77.623948,13.025238
21302,77.623527,13.025309
21303,77.631479,13.021404
21304,77.630977,13.021412
21305,77.631355,13.021556
21306,77.634467,13.023136
21307,77.634727,13.022419
21308,77.634935,13.022986
21309,77.636203,13.021279
21310,77.635558,13.021400
21311,77.635779,13.021356
21312,77.635963,13.021999
21313,77.634609,13.021140
21314,77.634676,13.021539
21315,77.634010,13.021167
21316,77.634077,13.021611
21317,77.634289,13.021153
21318,77.634346,13.021536
21319,77.634899,13.021130
21320,77.634979,13.021506
21321,77.630266,13.023287
21322,77.629758,13.023330
21323,77.630886,13.024497
21324,77.630939,13.024782
21325,77.623880,13.022635
21326,77.623872,13.023404
21327,77.625853,13.023548
21328,77.625397,13.023436
21329,77.625275,13.023661
21330,77.625781,13.023806
21331,77.623988,13.023987
21332,77.624159,13.024935
21333,77.624411,13.024771
21334,77.623097,13.022744
21335,77.622547,13.023810
21336,77.622220,13.024410
21337,77.624514,13.024408
21338,77.616279,13.022133
21339,77.616429,13.022094
21340,77.617571,13.021218
21341,77.616863,13.029569
21342,77.617578,13.029644
21343,77.617542,13.028354
21344,77.616269,13.029223
21345,77.616877,13.028522
21346,77.616123,13.029005
21347,77.618871,13.028505
21348,77.619311,13.026969
21349,77.616826,13.027985
21350,77.618837,13.028623
21351,77.617802,13.028414
21352,77.618577,13.028520
21353,77.618317,13.028432
21354,77.618184,13.027748
21355,77.618046,13.028357
21356,77.617676,13.027700
21357,77.617606,13.028182
21358,77.617928,13.027724
21359,77.617802,13.028271
21360,77.618718,13.027803
21361,77.618455,13.027773
21362,77.619006,13.027867
21363,77.618805,13.028709
21364,77.615252,13.027646
21365,77.615716,13.028275
21366,77.614399,13.029300
21367,77.614727,13.029786
21368,77.614990,13.029471
21369,77.614239,13.026579
21370,77.615508,13.028407
21371,77.615465,13.027501
21372,77.614985,13.028740
21373,77.615263,13.029138
21374,77.616147,13.026894
21375,77.615860,13.027166
21376,77.616029,13.027356
21377,77.615792,13.027549
21378,77.616325,13.027114
21379,77.615764,13.026423
21380,77.616552,13.027392
21381,77.615905,13.026307
21382,77.616725,13.027276
21383,77.618393,13.026095
21384,77.617624,13.026601
21385,77.617321,13.026565
21386,77.617964,13.026444
21387,77.617358,13.026353
21388,77.616643,13.025149
21389,77.616636,13.025303
21390,77.616494,13.026001
21391,77.616753,13.025527
21392,77.616667,13.026086
21393,77.615675,13.025178
21394,77.614957,13.025194
21395,77.615242,13.025320
21396,77.615676,13.025291
21397,77.615044,13.024151
21398,77.614929,13.024649
21399,77.615307,13.024349
21400,77.614911,13.024376
21401,77.614936,13.024746
21402,77.615666,13.024691
21403,77.618520,13.025638
21404,77.619202,13.025895
21405,77.621094,13.024568
21406,77.622800,13.022035
21407,77.622875,13.022660
21408,77.622277,13.023003
21409,77.617795,13.024759
21410,77.617697,13.026020
21411,77.615415,13.021064
21412,77.615965,13.023243
21413,77.615103,13.020720
21414,77.615534,13.022225
21415,77.615098,13.022652
21416,77.615055,13.021348
21417,77.619827,13.015909
21418,77.621466,13.020563
21419,77.620477,13.020773
21420,77.620995,13.020225
21421,77.622166,13.020569
21422,77.623167,13.019803
21423,77.622376,13.019944
21424,77.624104,13.020237
21425,77.623661,13.020242
21426,77.618762,13.022976
21427,77.613744,13.016640
21428,77.617508,13.021323
21429,77.617494,13.022517
21430,77.622214,13.022655
21431,77.616215,13.022788
21432,77.617510,13.022109
21433,77.621457,13.022308
21434,77.619900,13.025823
21435,77.618715,13.022500
21436,77.633184,13.026066
21437,77.621255,13.023957
21438,77.621972,13.022706
21439,77.622293,13.023095
21440,77.617142,13.023090
21441,77.624105,13.022075
21442,77.622080,13.017461
21443,77.622336,13.017204
21444,77.622507,13.018011
21445,77.622500,13.017127
21446,77.622630,13.017444
21447,77.622575,13.017092
21448,77.622700,13.017358
21449,77.621281,13.016946
21450,77.621504,13.017617
21451,77.626442,13.015876
21452,77.624182,13.016413
21453,77.624572,13.016276
21454,77.623548,13.015323
21455,77.623010,13.015259
21456,77.622898,13.015310
21457,77.623236,13.015186
21458,77.623554,13.015783
21459,77.623081,13.015461
21460,77.623290,13.015893
21461,77.617528,13.022388
21462,77.616190,13.022995
21463,77.619425,13.028261
21464,77.619329,13.028678
21465,77.619395,13.028370
21466,77.618930,13.028223
21467,77.616357,13.029812
21468,77.616080,13.029949
21469,77.616016,13.029800
21470,77.618175,13.027301
21471,77.618133,13.027743
21472,77.618658,13.027168
21473,77.621422,13.028107
21474,77.621445,13.028705
21475,77.594487,13.010244
21476,77.594735,13.010687
21477,77.595124,13.011604
21478,77.595250,13.011607
21479,77.594199,13.011581
21480,77.594502,13.011588
21481,77.594200,13.010905
21482,77.594117,13.010478
21483,77.594054,13.010393
21484,77.594388,13.010746
21485,77.594033,13.010858
21486,77.618212,12.974078
21487,77.623735,12.975315
21488,77.627759,12.978353
21489,77.623128,12.987170
21490,77.623590,12.986638
21491,77.623969,12.986574
21492,77.623128,12.986705
21493,77.623483,12.986235
21494,77.628322,12.974711
21495,77.625843,12.973116
21496,77.626229,12.972510
21497,77.620163,12.974715
21498,77.627365,12.978592
21499,77.615637,12.982560
21500,77.561242,12.931075
21501,77.561247,12.932074
21502,77.561663,12.931975
21503,77.561572,12.931068
21504,77.561897,12.930705
21505,77.561880,12.933565
21506,77.561498,12.933953
21507,77.561965,12.933874
21508,77.562857,12.941451
21509,77.561810,12.941436
21510,77.560572,12.946878
21511,77.563193,12.942926
21512,77.563184,12.943225
21513,77.564868,12.946023
21514,77.564716,12.940982
21515,77.564697,12.941340
21516,77.563540,12.937375
21517,77.564302,12.937112
21518,77.563192,12.937610
21519,77.562978,12.937042
21520,77.563102,12.937371
21521,77.563404,12.937255
21522,77.563029,12.936501
21523,77.563546,12.936798
21524,77.563381,12.936355
21525,77.562053,12.938194
21526,77.561984,12.937882
21527,77.562321,12.934687
21528,77.562838,12.934493
21529,77.565662,12.933956
21530,77.565614,12.933553
21531,77.563566,12.933077
21532,77.564528,12.931678
21533,77.564706,12.932232
21534,77.564646,12.932252
21535,77.564871,12.932175
21536,77.565030,12.932617
21537,77.564570,12.932747
21538,77.564767,12.932684
21539,77.562350,12.930849
21540,77.562354,12.931777
21541,77.565016,12.929610
21542,77.565140,12.930114
21543,77.568868,12.931592
21544,77.568839,12.931121
21545,77.569199,12.931562
21546,77.569178,12.931092
21547,77.568241,12.932401
21548,77.568410,12.932975
21549,77.568309,12.932641
21550,77.569195,12.934944
21551,77.569091,12.934974
21552,77.567565,12.935739
21553,77.568412,12.935806
21554,77.567889,12.938623
21555,77.569164,12.940603
21556,77.565850,12.944272
21557,77.565906,12.946022
21558,77.567520,12.947330
21559,77.568397,12.949030
21560,77.560289,12.940652
21561,77.560698,12.940628
21562,77.560549,12.946523
21563,77.560524,12.946079
21564,77.562357,12.946072
21565,77.562449,12.946509
21566,77.561262,12.947114
21567,77.561768,12.947732
21568,77.562334,12.947716
21569,77.565592,12.943765
21570,77.565929,12.943725
21571,77.564341,12.935719
21572,77.564602,12.935356
21573,77.564378,12.934594
21574,77.565046,12.935269
21575,77.564913,12.934870
21576,77.564851,12.934653
21577,77.562744,12.934239
21578,77.565611,12.936460
21579,77.616587,12.959122
21580,77.616680,12.959110
21581,77.615700,12.954486
21582,77.614452,12.953721
21583,77.615343,12.953444
21584,77.614523,12.952948
21585,77.616354,12.952875
21586,77.616423,12.953605
21587,77.615077,12.952768
21588,77.613992,12.951560
21589,77.616563,12.950189
21590,77.616574,12.950403
21591,77.621898,12.949355
21592,77.621943,12.949439
21593,77.622242,12.949973
21594,77.622001,12.949283
21595,77.622455,12.950025
21596,77.625326,12.951153
21597,77.624691,12.951285
21598,77.624822,12.952041
21599,77.624769,12.951709
21600,77.617711,12.951265
21601,77.617040,12.951407
21602,77.624641,12.950939
21603,77.623206,12.951202
21604,77.622442,12.951384
21605,77.620257,12.949200
21606,77.621719,12.950779
21607,77.621382,12.951312
21608,77.622255,12.954561
21609,77.622209,12.954291
21610,77.622695,12.955020
21611,77.615459,12.953813
21612,77.614828,12.954005
21613,77.614770,12.953639
21614,77.614417,12.953855
21615,77.617741,12.952124
21616,77.617909,12.952589
21617,77.615613,12.951392
21618,77.617099,12.951964
21619,77.614782,12.951295
21620,77.626993,12.966578
21621,77.627190,12.967825
21622,77.627931,12.970886
21623,77.625091,12.965991
21624,77.625175,12.966048
21625,77.626328,12.965549
21626,77.626617,12.965323
21627,77.628912,12.968076
21628,77.615221,12.953110
21629,77.615841,12.953517
21630,77.615753,12.953267
21631,77.635400,12.970618
21632,77.634281,12.970777
21633,77.635032,12.970171
21634,77.631286,12.969346
21635,77.631602,12.969450
21636,77.631956,12.969566
21637,77.627678,12.967792
21638,77.660154,12.955266
21639,77.569882,12.944994
21640,77.572947,12.940561
21641,77.570777,12.938714
21642,77.573909,12.943533
21643,77.574073,12.943701
21644,77.574900,12.937278
21645,77.578902,12.938954
21646,77.579627,12.938010
21647,77.571188,12.937661
21648,77.569585,12.937317
21649,77.569276,12.937203
21650,77.569305,12.936274
21651,77.570197,12.936115
21652,77.571717,12.935370
21653,77.570668,12.935434
21654,77.571755,12.936192
21655,77.571015,12.936495
21656,77.571097,12.935216
21657,77.571341,12.935391
21658,77.570361,12.934798
21659,77.570280,12.934189
21660,77.570202,12.931639
21661,77.569511,12.931065
21662,77.570087,12.931488
21663,77.570063,12.931031
21664,77.571825,12.938714
21665,77.571760,12.936156
21666,77.572208,12.936141
21667,77.571747,12.935980
21668,77.572183,12.935917
21669,77.572342,12.932773
21670,77.572800,12.932654
21671,77.571476,12.933062
21672,77.572016,12.932969
21673,77.571668,12.931225
21674,77.571477,12.930278
21675,77.571463,12.929796
21676,77.571743,12.930275
21677,77.571968,12.930273
21678,77.571943,12.929738
21679,77.573176,12.931494
21680,77.572785,12.931825
21681,77.573182,12.931698
21682,77.573702,12.931133
21683,77.570503,12.931369
21684,77.571138,12.931125
21685,77.570107,12.930593
21686,77.574118,12.935771
21687,77.574118,12.935605
21688,77.574067,12.931897
21689,77.575356,12.931999
21690,77.575024,12.931378
21691,77.574849,12.931835
21692,77.574800,12.931363
21693,77.575872,12.935735
21694,77.577359,12.935583
21695,77.579613,12.933678
21696,77.580050,12.933680
21697,77.579657,12.930871
21698,77.577066,12.932397
21699,77.645759,13.005904
21700,77.646295,13.005770
21701,77.647506,13.006322
21702,77.647234,13.005453
21703,77.648748,13.005280
21704,77.649010,13.006044
21705,77.649560,13.005145
21706,77.649776,13.005920
21707,77.649369,13.005273
21708,77.654209,12.996865
21709,77.654161,12.997164
21710,77.653355,12.997503
21711,77.653717,12.994972
21712,77.656154,12.995522
21713,77.656072,12.996366
21714,77.655763,12.996382
21715,77.655910,12.995845
21716,77.655903,12.996101
21717,77.655671,12.996097
21718,77.655911,12.995969
21719,77.655957,12.996253
21720,77.655684,12.995969
21721,77.655713,12.995834
21722,77.655700,12.995239
21723,77.656822,12.995927
21724,77.656834,12.996885
21725,77.656803,12.997166
21726,77.656808,12.997554
21727,77.654345,12.997049
21728,77.654529,12.996370
21729,77.654283,12.995973
21730,77.653465,12.996538
21731,77.653583,12.995682
21732,77.653620,12.996606
21733,77.654015,12.995709
21734,77.653898,12.996724
21735,77.653117,12.996405
21736,77.655418,12.997096
21737,77.654939,12.997324
21738,77.655197,12.997360
21739,77.655260,12.997062
21740,77.655054,12.995203
21741,77.654362,12.996005
21742,77.654276,12.995567
21743,77.652144,12.996224
21744,77.654003,12.996766
21745,77.653925,12.997341
21746,77.653632,12.997541
21747,77.653749,12.996663
21748,77.654316,12.997798
21749,77.654280,12.997513
21750,77.654318,12.996988
21751,77.652881,12.996301
21752,77.641675,12.993238
21753,77.641688,12.993417
21754,77.642922,12.994335
21755,77.643220,12.994261
21756,77.644049,12.994433
21757,77.643701,12.994433
21758,77.641953,12.993914
21759,77.642132,12.994515
21760,77.642128,12.994200
21761,77.641857,12.993528
21762,77.641862,12.993752
21763,77.642346,12.993445
21764,77.642595,12.995051
21765,77.643553,12.994903
21766,77.642161,12.995202
21767,77.642285,12.995713
21768,77.642195,12.994887
21769,77.642275,12.995200
21770,77.642060,12.994775
21771,77.641484,12.993235
21772,77.641738,12.993992
21773,77.641521,12.994006
21774,77.641380,12.995206
21775,77.641492,12.995701
21776,77.641601,12.995207
21777,77.641677,12.995558
21778,77.641717,12.995207
21779,77.641785,12.995559
21780,77.641824,12.995206
21781,77.641890,12.995560
21782,77.641926,12.995205
21783,77.641989,12.995561
21784,77.641136,12.994817
21785,77.641401,12.994924
21786,77.641162,12.994929
21787,77.641427,12.994994
21788,77.641937,12.994789
21789,77.641381,12.994786
21790,77.641963,12.994885
21791,77.641990,12.994989
21792,77.642016,12.995091
21793,77.641451,12.995091
21794,77.641603,12.994647
21795,77.640784,12.992724
21796,77.640902,12.993287
21797,77.640798,12.995575
21798,77.641267,12.995350
21799,77.640900,12.994859
21800,77.641112,12.994710
21801,77.641027,12.994222
21802,77.641001,12.994654
21803,77.640275,12.994595
21804,77.641014,12.994023
21805,77.639944,12.993014
21806,77.638423,12.994317
21807,77.637956,12.993568
21808,77.637476,12.993595
21809,77.638262,12.994537
21810,77.638110,12.994669
21811,77.638332,12.994765
21812,77.638150,12.994797
21813,77.638346,12.994834
21814,77.638224,12.994433
21815,77.636983,13.000495
21816,77.639322,12.998960
21817,77.639892,12.999957
21818,77.640474,12.998489
21819,77.639702,12.999865
21820,77.640076,12.998775
21821,77.638490,12.998842
21822,77.638562,12.998994
21823,77.638214,12.998361
21824,77.638781,12.999983
21825,77.638661,12.998757
21826,77.638131,12.997667
21827,77.637354,13.000920
21828,77.637529,13.001355
21829,77.637427,13.000090
21830,77.637592,13.001352
21831,77.637609,13.001019
21832,77.637714,13.003127
21833,77.637936,13.002604
21834,77.638034,13.002960
21835,77.637546,13.001355
21836,77.637107,13.001622
21837,77.636381,13.001623
21838,77.637083,13.002671
21839,77.636807,13.002467
21840,77.644199,12.994283
21841,77.581896,12.940956
21842,77.580498,12.939877
21843,77.582706,12.935314
21844,77.645598,13.009066
21845,77.645289,13.008517
21846,77.645558,13.008208
21847,77.645186,13.008386
21848,77.643995,13.007432
21849,77.644060,13.007688
21850,77.643794,13.007985
21851,77.644823,13.009685
21852,77.644433,13.009085
21853,77.641373,13.007069
21854,77.641607,13.006961
21855,77.641611,13.007081
21856,77.641609,13.008090
21857,77.641629,13.007362
21858,77.641337,13.007330
21859,77.641652,13.007622
21860,77.641356,13.007587
21861,77.641330,13.007234
21862,77.641374,13.007939
21863,77.641670,13.006412
21864,77.639281,13.005769
21865,77.639280,13.006289
21866,77.642241,13.007537
21867,77.642237,13.008113
21868,77.642569,13.008112
21869,77.649773,13.013846
21870,77.649897,13.014216
21871,77.648768,13.013239
21872,77.650771,13.014621
21873,77.650925,13.015073
21874,77.650167,13.014123
21875,77.650013,13.013706
21876,77.650270,13.013488
21877,77.650682,13.014641
21878,77.650427,13.014034
21879,77.649612,13.014314
21880,77.649731,13.014627
21881,77.650149,13.014476
21882,77.644377,13.011080
21883,77.643198,13.012458
21884,77.642915,13.012470
21885,77.643222,13.012622
21886,77.643846,13.014170
21887,77.643147,13.014124
21888,77.642572,13.014256
21889,77.642517,13.014058
21890,77.643165,13.014772
21891,77.643296,13.014788
21892,77.642729,13.014857
21893,77.643243,13.009916
21894,77.644084,13.010482
21895,77.648272,13.013197
21896,77.648503,13.014826
21897,77.648161,13.014931
21898,77.648366,13.013980
21899,77.648724,13.013891
21900,77.648212,13.014012
21901,77.647215,13.013778
21902,77.647277,13.014040
21903,77.647461,13.013210
21904,77.647093,13.013260
21905,77.647436,13.012981
21906,77.647420,13.012707
21907,77.642703,13.011961
21908,77.642148,13.011845
21909,77.642559,13.011190
21910,77.641972,13.011667
21911,77.641892,13.011635
21912,77.641112,13.011419
21913,77.641516,13.008032
21914,77.641424,13.008640
21915,77.638988,13.008697
21916,77.639859,13.010050
21917,77.639399,13.009955
21918,77.640789,13.010001
21919,77.641931,13.009917
21920,77.641305,13.009760
21921,77.641023,13.009767
21922,77.641801,13.010127
21923,77.641846,13.010437
21924,77.641587,13.010103
21925,77.641062,13.010144
21926,77.641320,13.010013
21927,77.641662,13.010590
21928,77.641634,13.010813
21929,77.641793,13.010827
21930,77.641289,13.010768
21931,77.641748,13.011600
21932,77.636993,13.005656
21933,77.636948,13.009163
21934,77.637338,13.008979
21935,77.637105,13.009014
21936,77.637805,13.007494
21937,77.637802,13.007737
21938,77.638075,13.007053
21939,77.637757,13.007016
21940,77.637684,13.006980
21941,77.637367,13.007003
21942,77.637756,13.006765
21943,77.637700,13.006648
21944,77.637373,13.006631
21945,77.637396,13.006490
21946,77.639316,13.007072
21947,77.638309,13.006812
21948,77.638103,13.006792
21949,77.638316,13.009041
21950,77.638667,13.009599
21951,77.638661,13.009646
21952,77.638158,13.009634
21953,77.638071,13.010054
21954,77.638473,13.010171
21955,77.638016,13.010452
21956,77.638034,13.010758
21957,77.639602,13.010612
21958,77.639603,13.010815
21959,77.640062,13.010680
21960,77.638739,13.010947
21961,77.637982,13.011023
21962,77.638048,13.011381
21963,77.637681,13.011070
21964,77.637752,13.011426
21965,77.640239,13.010791
21966,77.640230,13.010891
21967,77.638776,13.012402
21968,77.639209,13.012367
21969,77.639200,13.012721
21970,77.638487,13.012376
21971,77.638543,13.012710
21972,77.641951,13.013136
21973,77.641779,13.013181
21974,77.642082,13.012637
21975,77.641769,13.012747
21976,77.641993,13.012439
21977,77.642175,13.012835
21978,77.641052,13.013842
21979,77.638051,13.013580
21980,77.638098,13.013813
21981,77.638628,13.013557
21982,77.638637,13.013811
21983,77.639147,13.013790
21984,77.638212,13.013837
21985,77.637311,13.012562
21986,77.640287,13.014450
21987,77.640741,13.014483
21988,77.639599,13.014061
21989,77.639610,13.014515
21990,77.640091,13.014081
21991,77.637513,13.014166
21992,77.637699,13.014833
21993,77.591700,12.947732
21994,77.591813,12.947350
21995,77.591970,12.947247
21996,77.592178,12.947500
21997,77.592324,12.947418
21998,77.591580,12.946845
21999,77.591826,12.946683
22000,77.590572,12.945148
22001,77.590881,12.945711
22002,77.591812,12.945240
22003,77.591637,12.944798
22004,77.591180,12.944187
22005,77.591675,12.944288
22006,77.591411,12.943622
22007,77.586797,12.945244
22008,77.586808,12.945550
22009,77.587715,12.945541
22010,77.587500,12.944299
22011,77.587957,12.944284
22012,77.588239,12.945096
22013,77.588331,12.944509
22014,77.588298,12.942601
22015,77.589949,12.934894
22016,77.587378,12.934093
22017,77.589942,12.933504
22018,77.589889,12.933161
22019,77.591050,12.933256
22020,77.658427,13.005996
22021,77.657920,13.005738
22022,77.658094,13.006097
22023,77.657801,13.005965
22024,77.658646,13.006527
22025,77.655944,13.004839
22026,77.655962,13.005173
22027,77.656277,13.007790
22028,77.656081,13.006676
22029,77.657203,13.006334
22030,77.656954,13.006444
22031,77.657128,13.006820
22032,77.657761,13.009649
22033,77.657966,13.009720
22034,77.658346,13.009899
22035,77.659292,13.009867
22036,77.658557,13.009270
22037,77.658547,13.009597
22038,77.655935,13.008341
22039,77.655703,13.008024
22040,77.655662,13.007532
22041,77.654982,13.007831
22042,77.654717,13.007067
22043,77.654436,13.007219
22044,77.655138,13.007280
22045,77.654668,13.007486
22046,77.655509,13.006987
22047,77.654626,13.005989
22048,77.654392,13.006208
22049,77.654180,13.005076
22050,77.655677,13.005127
22051,77.655290,13.005220
22052,77.651378,13.013800
22053,77.650818,13.013876
22054,77.650081,13.007960
22055,77.650222,13.008154
22056,77.649743,13.008371
22057,77.646631,13.007428
22058,77.646694,13.007071
22059,77.646469,13.007140
22060,77.647039,13.007041
22061,77.647283,13.006970
22062,77.648110,13.007137
22063,77.647777,13.007176
22064,77.647719,13.007047
22065,77.647434,13.007307
22066,77.647591,13.007648
22067,77.647758,13.008500
22068,77.647597,13.008087
22069,77.648773,13.009290
22070,77.648558,13.009379
22071,77.648272,13.008797
22072,77.648214,13.008145
22073,77.649943,13.008727
22074,77.649450,13.008948
22075,77.648739,13.008833
22076,77.648025,13.009109
22077,77.652666,13.006262
22078,77.653351,13.006232
22079,77.652741,13.006461
22080,77.652814,13.006659
22081,77.653294,13.006656
22082,77.654053,13.006800
22083,77.653383,13.007052
22084,77.651356,13.011227
22085,77.648387,13.010810
22086,77.648437,13.011052
22087,77.650735,13.010110
22088,77.650072,13.009635
22089,77.648413,13.012261
22090,77.648449,13.012592
22091,77.649948,13.012475
22092,77.649716,13.012513
22093,77.648891,13.012340
22094,77.648902,13.012834
22095,77.650015,13.009999
22096,77.650166,13.010392
22097,77.651137,13.013229
22098,77.651184,13.012420
22099,77.651244,13.012566
22100,77.650886,13.012776
22101,77.652199,13.011626
22102,77.652087,13.011729
22103,77.652681,13.012402
22104,77.651941,13.013999
22105,77.652781,13.012856
22106,77.652964,13.013037
22107,77.652969,13.014620
22108,77.653430,13.013220
22109,77.652268,13.013451
22110,77.653702,13.014515
22111,77.652828,13.014378
22112,77.652421,13.014535
22113,77.654185,13.013148
22114,77.653981,13.013154
22115,77.653974,13.012910
22116,77.654167,13.014969
22117,77.653766,13.013918
22118,77.656128,13.014556
22119,77.656260,13.013837
22120,77.655603,13.013907
22121,77.654843,13.013921
22122,77.655776,13.012860
22123,77.655817,13.013075
22124,77.655885,13.013531
22125,77.656369,13.013400
22126,77.657547,13.014288
22127,77.657592,13.014553
22128,77.657391,13.013936
22129,77.657123,13.014020
22130,77.656818,13.013722
22131,77.656948,13.014728
22132,77.657705,13.013111
22133,77.658234,13.014674
22134,77.658053,13.015016
22135,77.649686,13.013253
22136,77.640996,12.998288
22137,77.588937,12.934864
22138,77.590989,12.942582
22139,77.661518,13.013398
22140,77.661604,13.010646
22141,77.660358,13.009181
22142,77.659328,13.009375
22143,77.617780,12.945215
22144,77.617727,12.945036
22145,77.624407,12.932557
22146,77.624748,12.932537
22147,77.618582,12.945943
22148,77.617601,12.945843
22149,77.617278,12.945963
22150,77.618588,12.945082
22151,77.618243,12.945184
22152,77.626609,12.938760
22153,77.617974,12.944179
22154,77.622293,12.942875
22155,77.653995,12.971296
22156,77.655301,12.971103
22157,77.655077,12.971323
22158,77.654918,12.971523
22159,77.657886,12.971558
22160,77.657807,12.970977
22161,77.658436,12.971479
22162,77.657259,12.971551
22163,77.657172,12.970972
22164,77.657356,12.973129
22165,77.657128,12.973012
22166,77.657115,12.973035
22167,77.656892,12.972918
22168,77.657445,12.972859
22169,77.657254,12.972775
22170,77.656968,12.973322
22171,77.653243,12.973809
22172,77.653095,12.973655
22173,77.653516,12.974169
22174,77.653101,12.974240
22175,77.651454,12.975259
22176,77.651672,12.975390
22177,77.651485,12.975427
22178,77.651289,12.974809
22179,77.651601,12.975025
22180,77.652890,12.974772
22181,77.652576,12.974812
22182,77.653581,12.974581
22183,77.653207,12.974633
22184,77.650883,12.973287
22185,77.650584,12.973350
22186,77.649436,12.974326
22187,77.649305,12.973963
22188,77.649639,12.973714
22189,77.649312,12.973846
22190,77.648864,12.974526
22191,77.646611,12.986312
22192,77.641402,12.983796
22193,77.645811,12.980139
22194,77.645786,12.980326
22195,77.645887,12.979933
22196,77.645858,12.980145
22197,77.646511,12.989349
22198,77.648127,12.987716
22199,77.647617,12.987745
22200,77.644778,12.988017
22201,77.644416,12.988214
22202,77.644339,12.988142
22203,77.645013,12.987874
22204,77.644250,12.988040
22205,77.644983,12.987767
22206,77.645973,12.988487
22207,77.658396,12.982744
22208,77.658341,12.982433
22209,77.658041,12.982476
22210,77.658283,12.982159
22211,77.657771,12.981936
22212,77.657586,12.981935
22213,77.658149,12.981616
22214,77.658264,12.981842
22215,77.656052,12.981811
22216,77.657204,12.982069
22217,77.657178,12.982374
22218,77.657215,12.982617
22219,77.657232,12.982864
22220,77.657228,12.983139
22221,77.657008,12.983209
22222,77.656648,12.983285
22223,77.654910,12.983501
22224,77.654873,12.983877
22225,77.655186,12.983531
22226,77.654703,12.983858
22227,77.655446,12.983553
22228,77.655216,12.984171
22229,77.655158,12.983892
22230,77.654012,12.984022
22231,77.653945,12.983405
22232,77.656261,12.979840
22233,77.656285,12.979743
22234,77.656285,12.980022
22235,77.656361,12.980625
22236,77.656339,12.980684
22237,77.658464,12.977881
22238,77.602071,12.938845
22239,77.602143,12.938825
22240,77.563318,12.977613
22241,77.601823,12.985563
22242,77.610211,12.994316
22243,77.613389,12.959817
22244,77.612671,12.959893
22245,77.613323,12.959539
22246,77.612640,12.959611
22247,77.612610,12.959349
22248,77.613315,12.959274
22249,77.612216,12.959219
22250,77.601864,12.976637
22251,77.599061,12.976583
22252,77.599352,12.976616
22253,77.606635,12.977814
22254,77.614431,12.975253
22255,77.608078,12.975154
22256,77.575247,12.934314
22257,77.594964,13.019197
22258,77.616350,13.005783
22259,77.602187,12.941590
22260,77.651204,12.947275
22261,77.651194,12.947376
22262,77.621859,13.002993
22263,77.622057,13.003348
22264,77.560998,12.982518
22265,77.596931,12.969698
22266,77.618737,13.001371
22267,77.620173,13.000245
22268,77.623754,13.001656
22269,77.624027,13.001561
22270,77.616865,13.002121
22271,77.630171,13.021529
22272,77.647103,12.961764
22273,77.646599,12.961845
22274,77.624868,13.030041
22275,77.644084,12.992924
22276,77.640527,12.999299
22277,77.645879,12.988632
22278,77.646159,12.989028
22279,77.646287,12.989198
22280,77.562684,12.933448
22281,77.561929,12.933747
22282,77.646849,12.945808
22283,77.624091,12.998775
22284,77.623623,12.999008
22285,77.622979,13.004218
22286,77.622578,13.004420
22287,77.623943,13.002164
22288,77.623551,13.002308
22289,77.623259,13.002849
22290,77.623155,13.002477
22291,77.623352,13.003250
22292,77.626300,13.037710
22293,77.604321,12.964763
22294,77.604262,12.963718
22295,77.620079,13.002753
22296,77.606619,12.964413
22297,77.596115,12.960029
22298,77.583087,12.971673
22299,77.569203,12.996852
22300,77.568585,12.996834
22301,77.591380,12.976048
22302,77.613703,12.963952
22303,77.602715,13.012232
22304,77.603661,13.012158
22305,77.609046,13.016640
22306,77.609428,13.016447
22307,77.603987,13.011401
22308,77.604044,13.010781
22309,77.604098,13.011408
22310,77.604143,13.010743
22311,77.604194,13.011414
22312,77.604246,13.010697
22313,77.604276,13.011420
22314,77.604350,13.010646
22315,77.561653,13.020916
22316,77.561490,13.020287
22317,77.561550,13.022354
22318,77.560519,13.019991
22319,77.562372,13.021774
22320,77.561777,13.025847
22321,77.560547,13.027016
22322,77.560267,13.027141
22323,77.606182,13.010651
22324,77.606536,13.010651
22325,77.606833,13.011465
22326,77.606156,13.009579
22327,77.606224,13.010228
22328,77.605926,13.009596
22329,77.606005,13.010292
22330,77.605774,13.010348
22331,77.605651,13.009608
22332,77.605506,13.010392
22333,77.605394,13.009615
22334,77.571557,13.029973
22335,77.608902,13.019137
22336,77.608805,13.018810
22337,77.609376,13.021498
22338,77.565504,13.008819
22339,77.565516,13.008307
22340,77.565780,13.008316
22341,77.565973,13.007884
22342,77.602993,13.007167
22343,77.601489,13.007295
22344,77.601843,13.007834
22345,77.601094,13.008122
22346,77.600818,13.007666
22347,77.600497,13.007133
22348,77.600374,13.007025
22349,77.601753,13.006523
22350,77.602014,13.006358
22351,77.602224,13.005606
22352,77.600839,13.008367
22353,77.600009,13.007496
22354,77.600608,13.008561
22355,77.601294,13.008059
22356,77.599124,13.006573
22357,77.599329,13.006805
22358,77.598601,13.008782
22359,77.597900,13.009936
22360,77.597637,13.010109
22361,77.597390,13.010239
22362,77.595583,13.010883
22363,77.595395,13.012686
22364,77.595009,13.012581
22365,77.594174,13.013204
22366,77.593963,13.013941
22367,77.594394,13.013780
22368,77.593971,13.015005
22369,77.592715,13.015384
22370,77.593262,13.015112
22371,77.593630,13.014939
22372,77.578941,13.028235
22373,77.578858,13.027818
22374,77.578142,13.025944
22375,77.578038,13.025041
22376,77.594252,13.015091
22377,77.594473,13.016592
22378,77.594199,13.015989
22379,77.594184,13.016522
22380,77.593593,13.015804
22381,77.593577,13.016020
22382,77.593175,13.015831
22383,77.604771,13.012289
22384,77.603733,13.012575
22385,77.603339,13.012617
22386,77.602969,13.014294
22387,77.602727,13.013287
22388,77.602636,13.012894
22389,77.602438,13.012962
22390,77.602529,13.013338
22391,77.602781,13.014357
22392,77.602212,13.012941
22393,77.602325,13.013389
22394,77.602010,13.012954
22395,77.607352,13.009471
22396,77.604782,13.010512
22397,77.608870,13.011048
22398,77.608566,13.009730
22399,77.609187,13.010301
22400,77.609401,13.010956
22401,77.608289,13.009809
22402,77.608403,13.010397
22403,77.608162,13.010439
22404,77.607972,13.010524
22405,77.607471,13.010654
22406,77.607711,13.010612
22407,77.609201,13.011784
22408,77.609747,13.011493
22409,77.606379,13.012610
22410,77.607087,13.012346
22411,77.607455,13.012185
22412,77.606732,13.011513
22413,77.606496,13.012865
22414,77.606294,13.012972
22415,77.606623,13.013171
22416,77.606695,13.013392
22417,77.607382,13.013105
22418,77.605415,13.012068
22419,77.606744,13.014544
22420,77.606638,13.014159
22421,77.606589,13.013692
22422,77.606010,13.014300
22423,77.605066,13.014498
22424,77.604739,13.014514
22425,77.605125,13.014054
22426,77.605012,13.014932
22427,77.605003,13.015152
22428,77.605313,13.015120
22429,77.606691,13.014327
22430,77.605986,13.014465
22431,77.603044,13.014493
22432,77.602969,13.015021
22433,77.603221,13.014456
22434,77.603425,13.014436
22435,77.603623,13.014436
22436,77.603580,13.012992
22437,77.602937,13.013235
22438,77.603135,13.013184
22439,77.603371,13.013105
22440,77.606752,13.016323
22441,77.606069,13.015768
22442,77.606838,13.016953
22443,77.606843,13.017125
22444,77.606287,13.017179
22445,77.608723,13.015499
22446,77.609272,13.016077
22447,77.609938,13.016213
22448,77.609759,13.015878
22449,77.610023,13.015329
22450,77.609572,13.015528
22451,77.611358,13.015037
22452,77.612125,13.014378
22453,77.612153,13.014709
22454,77.611526,13.015287
22455,77.609793,13.015431
22456,77.609464,13.016723
22457,77.605625,13.027444
22458,77.606114,13.027272
22459,77.605719,13.027722
22460,77.605516,13.027124
22461,77.605313,13.027527
22462,77.604382,13.027759
22463,77.601495,13.029143
22464,77.600277,13.027946
22465,77.598836,13.029492
22466,77.599026,13.030274
22467,77.599877,13.030348
22468,77.608854,13.021748
22469,77.608194,13.021293
22470,77.606918,13.020622
22471,77.606962,13.021366
22472,77.606341,13.021604
22473,77.606306,13.021290
22474,77.605759,13.021652
22475,77.605266,13.021693
22476,77.606896,13.021558
22477,77.604683,13.020729
22478,77.605854,13.020517
22479,77.606526,13.018596
22480,77.606083,13.020039
22481,77.606559,13.019945
22482,77.606548,13.019659
22483,77.605437,13.018953
22484,77.605401,13.018680
22485,77.605365,13.018403
22486,77.605889,13.019022
22487,77.606564,13.018908
22488,77.605340,13.016714
22489,77.605215,13.016082
22490,77.602824,13.016880
22491,77.602717,13.016623
22492,77.603302,13.016364
22493,77.599155,13.019900
22494,77.599047,13.019705
22495,77.599270,13.021113
22496,77.600123,13.020750
22497,77.599207,13.020879
22498,77.600003,13.020506
22499,77.600078,13.022673
22500,77.600532,13.022539
22501,77.599948,13.022256
22502,77.599831,13.022746
22503,77.599901,13.022927
22504,77.604262,13.023776
22505,77.601941,13.024491
22506,77.604115,13.026810
22507,77.603673,13.030050
22508,77.603954,13.030009
22509,77.587849,13.028194
22510,77.587798,13.028662
22511,77.589840,13.018719
22512,77.590180,13.018294
22513,77.589728,13.018515
22514,77.594424,13.027819
22515,77.594150,13.026236
22516,77.598168,13.027905
22517,77.598067,13.028462
22518,77.598540,13.028253
22519,77.597799,13.028383
22520,77.598667,13.027340
22521,77.597520,13.026643
22522,77.597122,13.026632
22523,77.598010,13.026733
22524,77.598595,13.026898
22525,77.598301,13.030061
22526,77.598538,13.029206
22527,77.598257,13.029237
22528,77.598273,13.029580
22529,77.598024,13.030099
22530,77.596184,13.024377
22531,77.596066,13.023985
22532,77.595975,13.023714
22533,77.595867,13.023335
22534,77.597094,13.024895
22535,77.596874,13.024950
22536,77.596647,13.024999
22537,77.596456,13.024316
22538,77.596027,13.024415
22539,77.596166,13.025089
22540,77.595945,13.025137
22541,77.595533,13.024526
22542,77.595437,13.023877
22543,77.595703,13.023801
22544,77.594475,13.023724
22545,77.595035,13.023562
22546,77.596114,13.023248
22547,77.589500,13.017658
22548,77.589597,13.017942
22549,77.589419,13.017421
22550,77.585649,13.022608
22551,77.587275,13.022176
22552,77.590071,13.025330
22553,77.590659,13.025275
22554,77.590681,13.025966
22555,77.589667,13.025647
22556,77.589314,13.025668
22557,77.589837,13.022783
22558,77.589051,13.026708
22559,77.589359,13.026712
22560,77.589782,13.027052
22561,77.589822,13.027015
22562,77.590708,13.027194
22563,77.587007,13.029533
22564,77.588045,13.029082
22565,77.588146,13.027612
22566,77.588726,13.027493
22567,77.589086,13.027419
22568,77.590686,13.027304
22569,77.591587,13.027354
22570,77.588276,13.032305
22571,77.586783,13.029640
22572,77.606203,13.026471
22573,77.605425,13.024905
22574,77.607288,13.015206
22575,77.607277,13.015523
22576,77.606687,13.015559
22577,77.607454,13.015191
22578,77.599600,13.026530
22579,77.598994,13.025544
22580,77.598980,13.025078
22581,77.596407,13.026769
22582,77.597498,13.028714
22583,77.597494,13.029448
22584,77.597794,13.029446
22585,77.599078,13.028783
22586,77.599146,13.029463
22587,77.598663,13.028871
22588,77.597973,13.028991
22589,77.599322,13.028720
22590,77.593566,13.028161
22591,77.654748,13.005160
22592,77.653003,12.998082
22593,77.654312,12.970260
22594,77.651621,12.968798
22595,77.651714,12.968657
22596,77.657579,12.969141
22597,77.657324,12.968934
22598,77.657724,12.970958
22599,77.658590,13.006403
22600,77.659565,12.989308
22601,77.658604,12.989535
22602,77.658523,12.988861
22603,77.659736,13.010150
22604,77.659762,13.010510
22605,77.656339,13.016132
22606,77.656959,13.015847
22607,77.658923,13.027195
22608,77.655417,13.028215
22609,77.655139,13.027285
22610,77.655807,13.028313
22611,77.655978,13.024942
22612,77.656210,13.023334
22613,77.656459,13.023263
22614,77.657418,13.022387
22615,77.657132,13.021702
22616,77.655578,13.020767
22617,77.655235,13.021095
22618,77.657268,13.014644
22619,77.657216,13.014067
22620,77.661246,13.012875
22621,77.659981,13.015098
22622,77.609456,12.933076
22623,77.608334,12.940837
22624,77.607663,12.949868
22625,77.608838,12.949695
22626,77.609256,12.951842
22627,77.609197,12.949648
22628,77.609279,12.950064
22629,77.610049,12.950669
22630,77.609930,12.949907
22631,77.609889,12.949528
22632,77.608674,12.949729
22633,77.610900,12.949416
22634,77.611006,12.950274
22635,77.610731,12.949430
22636,77.610814,12.950296
22637,77.610970,12.950929
22638,77.611127,12.951602
22639,77.612962,12.950772
22640,77.613135,12.951811
22641,77.612544,12.950573
22642,77.612043,12.949958
22643,77.650463,12.972796
22644,77.650370,12.972446
22645,77.628611,12.944645
22646,77.628618,12.944921
22647,77.628396,12.945137
22648,77.628402,12.945837
22649,77.628297,12.940713
22650,77.628043,12.943877
22651,77.627171,12.944654
22652,77.626889,12.944190
22653,77.620736,12.953138
22654,77.620692,12.952936
22655,77.616613,12.951615
22656,77.617050,12.951562
22657,77.633959,12.975355
22658,77.634043,12.975712
22659,77.606030,13.005970
22660,77.608399,13.003661
22661,77.608125,13.003754
22662,77.603777,13.006743
22663,77.611904,12.998670
22664,77.612319,12.998348
22665,77.611108,12.997867
22666,77.610849,12.998011
22667,77.612690,12.987554
22668,77.612982,12.974604
22669,77.635899,12.962247
22670,77.636079,12.963064
22671,77.640696,12.967643
22672,77.639769,12.966804
22673,77.612683,13.008585
22674,77.612474,13.008059
22675,77.612298,13.007616
22676,77.611565,13.008303
22677,77.611436,13.007726
22678,77.613731,13.005053
22679,77.611465,12.986927
22680,77.618081,12.997951
22681,77.619532,12.988831
22682,77.619679,12.988756
22683,77.619814,12.987460
22684,77.619830,12.987321
22685,77.621895,12.974750
22686,77.624316,12.986555
22687,77.625729,12.992935
22688,77.625557,12.992918
22689,77.624867,12.992835
22690,77.628746,13.003053
22691,77.628799,13.002430
22692,77.622421,13.009305
22693,77.618762,13.009186
22694,77.619057,13.009032
22695,77.618787,13.008725
22696,77.621093,13.007979
22697,77.620495,13.009273
22698,77.614094,13.010217
22699,77.612654,13.010505
22700,77.612983,13.010652
22701,77.612529,13.010824
22702,77.630340,13.008714
22703,77.631265,13.008959
22704,77.636066,13.005038
22705,77.636472,13.005100
22706,77.639163,13.006627
22707,77.633935,13.004651
22708,77.642080,13.007411
22709,77.645663,13.007159
22710,77.645784,13.007823
22711,77.647333,13.007349
22712,77.648146,13.006615
22713,77.646727,12.989159
22714,77.647462,12.988594
22715,77.647462,12.988419
22716,77.647462,12.988071
22717,77.642188,12.994391
22718,77.640477,12.994147
22719,77.593487,12.964739
22720,77.593488,12.965091
22721,77.596622,12.961342
22722,77.595943,12.961389
22723,77.602840,12.984549
22724,77.599756,12.997411
22725,77.599477,12.997916
22726,77.601060,12.997306
22727,77.602555,13.002834
22728,77.601209,13.003579
22729,77.601613,13.004154
22730,77.601591,13.003398
22731,77.599781,13.004245
22732,77.600035,13.004174
22733,77.599976,13.006531
22734,77.598525,13.006272
22735,77.595451,13.006625
22736,77.593684,13.007851
22737,77.596458,13.002775
22738,77.597987,13.002476
22739,77.587169,12.997040
22740,77.582929,12.997749
22741,77.583173,12.998240
22742,77.583135,12.998427
22743,77.583136,12.998907
22744,77.579454,13.002033
22745,77.578852,13.000395
22746,77.575579,13.001034
22747,77.563816,13.004305
22748,77.570457,13.004515
22749,77.568237,13.002506
22750,77.567576,13.001885
22751,77.567600,13.002514
22752,77.574234,13.004203
22753,77.572803,13.000045
22754,77.572768,13.001034
22755,77.573525,12.999451
22756,77.573472,13.000611
22757,77.573956,12.997481
22758,77.573215,12.997455
22759,77.574822,12.996463
22760,77.575153,12.998080
22761,77.577337,12.997609
22762,77.577345,12.998090
22763,77.577126,12.998087
22764,77.577402,12.995685
22765,77.572495,12.988730
22766,77.573052,12.989126
22767,77.573363,12.987286
22768,77.573406,12.987714
22769,77.573888,12.986161
22770,77.563991,12.962959
22771,77.563819,12.963738
22772,77.564190,12.963806
22773,77.564344,12.963315
22774,77.564420,12.963069
22775,77.565102,12.963267
22776,77.565365,12.963351
22777,77.565014,12.963505
22778,77.564699,12.963429
22779,77.564608,12.963742
22780,77.567605,12.962654
22781,77.569045,12.963870
22782,77.569194,12.964969
22783,77.567248,12.964167
22784,77.567192,12.964782
22785,77.566234,12.964757
22786,77.566454,12.966547
22787,77.566497,12.965278
22788,77.566593,12.966548
22789,77.566640,12.965284
22790,77.568110,12.966973
22791,77.563685,12.965662
22792,77.564029,12.965510
22793,77.564174,12.966023
22794,77.564205,12.966361
22795,77.565842,12.966538
22796,77.568299,12.986215
22797,77.568952,12.986769
22798,77.568898,12.987531
22799,77.569800,12.987571
22800,77.569006,12.988425
22801,77.568834,12.988744
22802,77.568492,12.991140
22803,77.568758,12.991125
22804,77.565160,12.990679
22805,77.565734,12.993813
22806,77.565712,12.994178
22807,77.565707,12.994508
22808,77.563943,12.992860
22809,77.565118,12.997466
22810,77.565001,12.996841
22811,77.562442,12.984559
22812,77.562388,12.983794
22813,77.561387,12.990283
22814,77.561159,12.990875
22815,77.559290,12.998966
22816,77.561819,13.000948
22817,77.562179,13.003704
22818,77.587487,12.944049
22819,77.587493,12.943745
22820,77.597572,12.944848
22821,77.600664,12.951773
22822,77.601146,12.950829
22823,77.601082,12.950438
22824,77.600475,12.950764
22825,77.600306,12.950491
22826,77.599918,12.950318
22827,77.603251,12.961182
22828,77.598183,12.959181
22829,77.598063,12.960440
22830,77.599074,12.960140
22831,77.598248,12.961031
22832,77.599261,12.960722
22833,77.598257,12.959393
22834,77.598878,12.959197
22835,77.595894,12.960016
22836,77.595835,12.959469
22837,77.580852,12.961616
22838,77.580911,12.961817
22839,77.581072,12.962226
22840,77.591551,12.959761
22841,77.593876,12.957817
22842,77.592986,12.961611
22843,77.567022,12.951162
22844,77.566399,12.951182
22845,77.565772,12.952637
22846,77.562567,12.938056
22847,77.562571,12.938451
22848,77.565478,12.937670
22849,77.567653,12.934033
22850,77.580648,12.956997
22851,77.580449,12.956100
22852,77.580519,12.956419
22853,77.580784,12.956321
22854,77.580592,12.956398
22855,77.575247,12.960617
22856,77.584194,12.958610
22857,77.603312,12.941261
22858,77.592706,12.934509
22859,77.566569,12.949993
22860,77.567608,12.950048
22861,77.629434,12.971832
22862,77.629959,12.972768
22863,77.636795,13.008560
22864,77.645198,13.010194
22865,77.640083,13.009179
22866,77.639068,13.010348
22867,77.609953,13.010879
22868,77.609519,13.011033
22869,77.611928,13.010803
22870,77.611676,13.010928
22871,77.611413,13.011012
22872,77.610903,13.010218
22873,77.611075,13.010147
22874,77.610764,13.008928
22875,77.611858,13.011530
22876,77.642782,12.994757
22877,77.639336,13.000690
22878,77.639614,13.000829
22879,77.637617,13.000925
22880,77.637947,13.000931
22881,77.637169,13.000904
22882,77.637444,13.000426
22883,77.629636,12.995803
22884,77.621976,12.974188
22885,77.631352,12.974385
22886,77.609584,13.017327
22887,77.609248,13.017436
22888,77.610153,13.016631
22889,77.610313,13.017661
22890,77.610061,13.017106
22891,77.611081,13.017055
22892,77.610638,13.017150
22893,77.611359,13.017665
22894,77.610903,13.016714
22895,77.611278,13.016981
22896,77.610321,13.016970
22897,77.610422,13.016741
22898,77.609548,13.030551
22899,77.610130,13.026614
22900,77.609262,13.027289
22901,77.609244,13.026839
22902,77.610494,13.026525
22903,77.608132,13.025776
22904,77.608847,13.025590
22905,77.608937,13.024559
22906,77.608769,13.024039
22907,77.609192,13.023954
22908,77.611154,13.024865
22909,77.610874,13.023828
22910,77.610208,13.024035
22911,77.611613,13.025173
22912,77.611354,13.024082
22913,77.611936,13.024646
22914,77.611731,13.023978
22915,77.611634,13.023518
22916,77.608734,13.022687
22917,77.608635,13.022361
22918,77.609728,13.022363
22919,77.608924,13.020721
22920,77.611006,13.022365
22921,77.611482,13.023222
22922,77.612634,13.022924
22923,77.612581,13.027536
22924,77.612324,13.027011
22925,77.612592,13.026875
22926,77.613139,13.026604
22927,77.613269,13.026547
22928,77.613506,13.026941
22929,77.614685,13.027758
22930,77.614275,13.027762
22931,77.611858,13.010589
22932,77.612121,13.011438
22933,77.612756,13.011215
22934,77.612888,13.011607
22935,77.612325,13.013270
22936,77.612835,13.012199
22937,77.613112,13.012983
22938,77.613819,13.012336
22939,77.613710,13.013036
22940,77.614189,13.012642
22941,77.612078,13.012469
22942,77.607826,13.012031
22943,77.607786,13.012946
22944,77.609997,13.012735
22945,77.611337,13.013632
22946,77.613391,13.012894
22947,77.613390,13.013030
22948,77.612977,13.014151
22949,77.612373,13.013871
22950,77.612609,13.013716
22951,77.610939,13.014389
22952,77.611334,13.014145
22953,77.611372,13.014341
22954,77.611049,13.014538
22955,77.612341,13.014357
22956,77.612119,13.015099
22957,77.612491,13.014760
22958,77.611660,13.015523
22959,77.613641,13.016214
22960,77.613601,13.015453
22961,77.613757,13.014739
22962,77.613885,13.015411
22963,77.610852,13.016589
22964,77.610585,13.016443
22965,77.610496,13.016271
22966,77.610272,13.015809
22967,77.605931,13.015936
22968,77.611520,13.016307
22969,77.611807,13.016190
22970,77.611999,13.016082
22971,77.612070,13.017373
22972,77.612346,13.017272
22973,77.613049,13.016830
22974,77.613134,13.016527
22975,77.613752,13.016190
22976,77.614045,13.016125
22977,77.613824,13.015727
22978,77.613921,13.016153
22979,77.614026,13.014679
22980,77.611928,13.018335
22981,77.612693,13.018288
22982,77.611957,13.018554
22983,77.611429,13.018702
22984,77.613564,13.018432
22985,77.613269,13.018523
22986,77.612974,13.018831
22987,77.612695,13.018884
22988,77.612351,13.019286
22989,77.612717,13.019213
22990,77.610951,13.019134
22991,77.611221,13.019043
22992,77.611256,13.019112
22993,77.610874,13.020049
22994,77.609800,13.019370
22995,77.610082,13.020056
22996,77.610522,13.020776
22997,77.610915,13.020356
22998,77.611018,13.020532
22999,77.611101,13.020671
23000,77.613501,13.020003
23001,77.612746,13.020762
23002,77.613704,13.021198
23003,77.613556,13.021243
23004,77.612748,13.021303
23005,77.611477,13.021744
23006,77.610847,13.020784
23007,77.611207,13.021854
23008,77.614315,13.020137
23009,77.614402,13.020841
23010,77.614269,13.021495
23011,77.613759,13.021536
23012,77.613630,13.020893
23013,77.614457,13.019320
23014,77.614611,13.020081
23015,77.613980,13.019270
23016,77.613348,13.018852
23017,77.614070,13.018922
23018,77.614664,13.027664
23019,77.612082,13.028903
23020,77.612473,13.028665
23021,77.612244,13.028283
23022,77.613101,13.029713
23023,77.613716,13.029719
23024,77.614131,13.030446
23025,77.614677,13.028955
23026,77.637496,13.015184
23027,77.638720,13.014867
23028,77.638786,13.015167
23029,77.638872,13.015457
23030,77.638978,13.015866
23031,77.638254,13.013568
23032,77.638208,13.013243
23033,77.638429,13.013050
23034,77.638498,13.013563
23035,77.638391,13.012725
23036,77.638640,13.013021
23037,77.638935,13.016555
23038,77.639056,13.016451
23039,77.631683,13.022773
23040,77.632034,13.022746
23041,77.632195,13.022989
23042,77.629546,13.024653
23043,77.631677,13.029243
23044,77.631900,13.029860
23045,77.631256,13.028114
23046,77.616667,13.026565
23047,77.616376,13.026864
23048,77.616242,13.027011
23049,77.617099,13.026218
23050,77.617378,13.026227
23051,77.617913,13.022126
23052,77.617625,13.013641
23053,77.618114,13.014882
23054,77.618280,13.015136
23055,77.620297,13.021321
23056,77.620935,13.023477
23057,77.620647,13.023511
23058,77.622523,13.023063
23059,77.620605,13.024865
23060,77.618321,13.027535
23061,77.618651,13.027557
23062,77.624012,13.026838
23063,77.624534,13.028098
23064,77.622947,13.023771
23065,77.622952,13.023536
23066,77.623360,13.024289
23067,77.623234,13.022813
23068,77.626824,13.010192
23069,77.626600,13.010244
23070,77.628629,13.010634
23071,77.627094,13.011760
23072,77.628547,13.010851
23073,77.627533,13.012178
23074,77.627190,13.012207
23075,77.625108,13.016338
23076,77.625410,13.016234
23077,77.625699,13.014421
23078,77.630396,13.014166
23079,77.630661,13.014180
23080,77.628068,13.010950
23081,77.631242,13.016804
23082,77.630655,13.019618
23083,77.631767,13.021428
23084,77.631661,13.021801
23085,77.638044,13.024968
23086,77.638740,13.024863
23087,77.646781,13.028725
23088,77.646791,13.028181
23089,77.645264,13.029741
23090,77.646096,13.029667
23091,77.635811,13.027505
23092,77.636567,13.027371
23093,77.633783,13.010305
23094,77.633643,13.010886
23095,77.634872,13.008843
23096,77.642347,13.013372
23097,77.643909,13.014614
23098,77.638377,13.019386
23099,77.591794,12.934797
23100,77.591853,12.935094
23101,77.559879,12.954995
23102,77.651472,13.029661
23103,77.651106,13.029331
23104,77.652170,13.024039
23105,77.626101,13.029217
23106,77.649144,13.011434
23107,77.647891,13.009100
23108,77.653706,13.013522
23109,77.655847,13.013679
23110,77.561432,12.969274
23111,77.561239,12.968834
23112,77.561094,12.968505
23113,77.561255,12.969570
23114,77.562726,12.967418
23115,77.562361,12.973924
23116,77.561622,12.973962
23117,77.561854,12.971560
23118,77.562596,12.976874
23119,77.561331,12.987774
23120,77.562095,12.994894
23121,77.562082,12.994591
23122,77.561626,12.930565
23123,77.562144,12.931851
23124,77.560986,12.950062
23125,77.562232,12.951918
23126,77.563123,12.952608
23127,77.564067,12.954359
23128,77.561682,12.954457
23129,77.559299,12.961416
23130,77.560124,13.003845
23131,77.560124,13.003368
23132,77.561900,13.000385
23133,77.561804,12.999783
23134,77.561334,12.972867
23135,77.566316,12.955646
23136,77.565586,12.952464
23137,77.566642,12.961773
23138,77.567172,12.963303
23139,77.567189,12.963241
23140,77.629385,12.930606
23141,77.607817,13.027016
23142,77.581264,12.985349
23143,77.581421,12.985449
23144,77.580936,12.985860
23145,77.579210,12.986928
23146,77.579627,12.986431
23147,77.613515,12.970591
23148,77.616653,12.972548
23149,77.617415,12.972560
23150,77.593112,12.958491
23151,77.570562,12.964223
23152,77.571088,12.964261
23153,77.571646,12.964314
23154,77.572158,12.964360
23155,77.572790,12.964408
23156,77.573676,12.964473
23157,77.643189,13.020154
23158,77.601557,12.965985
23159,77.602013,12.966068
23160,77.609441,12.974726
23161,77.592161,12.930767
23162,77.643323,13.021768
23163,77.637114,13.025052
23164,77.637276,13.022743
23165,77.636981,13.026107
23166,77.637050,13.026302
23167,77.637018,13.025496
23168,77.644994,12.985788
23169,77.645033,12.985699
23170,77.603756,12.966264
23171,77.656091,13.019626
23172,77.576969,12.964377
23173,77.576945,12.964317
23174,77.648080,12.987158
23175,77.613253,12.975354
23176,77.613924,12.975160
23177,77.579966,12.950564
23178,77.579967,12.950639
23179,77.579580,13.007703
23180,77.578617,13.006353
23181,77.578554,13.003728
23182,77.578447,13.003733
23183,77.578441,13.004695
23184,77.578443,13.005355
23185,77.578561,13.006178
23186,77.578513,13.002629
23187,77.610292,12.970408
23188,77.610287,12.970424
23189,77.622848,12.942473
23190,77.622809,12.942422
23191,77.578444,13.006596
23192,77.600679,12.930195
23193,77.596681,12.955977
23194,77.613485,13.016697
23195,77.575241,12.973603
23196,77.621111,13.026780
23197,77.621790,13.026682
23198,77.623693,13.026427
23199,77.625361,13.026201
23200,77.625631,13.026165
23201,77.569457,12.993033
23202,77.627869,13.025808
23203,77.628783,13.025673
23204,77.625028,13.026241
23205,77.596612,12.944055
23206,77.609379,12.998691
23207,77.629685,13.023553
23208,77.630401,13.024579
23209,77.630463,13.024872
23210,77.628845,13.021543
23211,77.629570,13.023366
23212,77.650666,13.029419
23213,77.651487,13.029897
23214,77.643810,12.992434
23215,77.644016,12.993042
23216,77.625210,12.945737
23217,77.603687,12.984000
23218,77.603547,12.984077
23219,77.579295,12.994815
23220,77.579342,12.995638
23221,77.635701,13.022088
23222,77.635544,13.021129
23223,77.635570,13.021531
23224,77.635265,13.021599
23225,77.636020,13.021555
23226,77.636353,13.021078
23227,77.633803,12.970766
23228,77.633793,12.970855
23229,77.634032,12.970930
23230,77.636179,13.018667
23231,77.635071,13.017830
23232,77.578682,13.006160
23233,77.585467,12.991648
23234,77.643245,13.019486
23235,77.643501,12.991423
23236,77.643366,12.990818
23237,77.641444,13.024237
23238,77.641687,13.024726
23239,77.629890,13.020943
23240,77.597904,12.987135
23241,77.597523,12.986577
23242,77.597227,12.984500
23243,77.598363,12.998140
23244,77.598150,12.998233
23245,77.589567,12.995457
23246,77.589809,12.995197
23247,77.589571,12.995026
23248,77.591584,12.988179
23249,77.606432,12.991274
23250,77.608763,12.992851
23251,77.599780,13.001230
23252,77.656802,13.013581
23253,77.630794,12.939262
23254,77.614450,12.991635
23255,77.612281,12.992917
23256,77.612412,12.992838
23257,77.656762,12.960150
23258,77.656821,12.960173
23259,77.656147,12.959349
23260,77.656187,12.960074
23261,77.641723,12.963375
23262,77.573684,12.943050
23263,77.573208,12.943065
23264,77.602697,12.942116
23265,77.602758,12.941870
23266,77.602739,12.941567
23267,77.602685,12.941287
23268,77.602694,12.940843
23269,77.602662,12.940560
23270,77.587980,12.995857
23271,77.587686,12.996641
23272,77.645092,13.014456
23273,77.645341,13.010385
23274,77.660210,12.992650
23275,77.609912,12.965022
23276,77.613981,12.966487
23277,77.571023,13.029078
23278,77.571523,13.027861
23279,77.572097,13.024351
23280,77.627370,12.977543
23281,77.627448,12.977464
23282,77.571337,13.028393
23283,77.571292,13.028480
23284,77.571322,13.028276
23285,77.594071,12.991829
23286,77.635411,12.967539
23287,77.635758,12.967768
23288,77.659799,13.013879
23289,77.659788,13.013813
23290,77.574040,12.959909
23291,77.600283,12.960876
23292,77.592823,12.994757
23293,77.592731,12.994373
23294,77.593285,12.994329
23295,77.563609,12.975540
23296,77.582683,13.004184
23297,77.569608,12.987563
23298,77.600577,13.002546
23299,77.649066,12.959740
23300,77.587632,12.975720
23301,77.594306,12.992312
23302,77.593636,12.992340
23303,77.594235,12.992140
23304,77.593650,12.992290
23305,77.588906,12.993538
23306,77.573651,12.967351
23307,77.574197,12.967645
23308,77.585207,12.969706
23309,77.571388,12.993417
23310,77.578564,12.961292
23311,77.577981,12.961275
23312,77.630301,13.022283
23313,77.572799,13.001882
23314,77.572265,13.001882
23315,77.614395,12.997060
23316,77.614713,12.997500
23317,77.615014,12.997965
23318,77.615736,12.998920
23319,77.615854,12.999124
23320,77.616023,12.999586
23321,77.616069,13.000019
23322,77.613759,12.972306
23323,77.601430,12.985629
23324,77.602767,12.985321
23325,77.626942,12.937197
23326,77.612654,13.025930
23327,77.612818,13.026305
23328,77.634600,12.983764
23329,77.634268,12.983734
23330,77.570570,12.999257
23331,77.586050,12.932408
23332,77.573969,12.936828
23333,77.586124,12.932401
23334,77.653614,13.019748
23335,77.571978,12.985303
23336,77.571903,12.986444
23337,77.571818,12.986828
23338,77.570727,12.986565
23339,77.571295,12.986519
23340,77.571307,12.986113
23341,77.570729,12.986212
23342,77.570940,12.986174
23343,77.570821,12.985658
23344,77.571089,12.986148
23345,77.570974,12.985619
23346,77.571250,12.986119
23347,77.571135,12.985578
23348,77.571296,12.986312
23349,77.571001,12.986318
23350,77.607498,13.017278
23351,77.606371,13.017171
23352,77.614051,12.931495
23353,77.601147,12.966869
23354,77.608241,12.981623
23355,77.630472,13.025380
23356,77.601549,12.966262
23357,77.596226,13.023650
23358,77.654727,12.976963
23359,77.654685,12.976923
23360,77.605664,13.023061
23361,77.607320,13.022412
23362,77.576637,13.024700
23363,77.576741,13.025225
23364,77.576301,13.024920
23365,77.649247,12.959716
23366,77.591028,13.019744
23367,77.590301,13.023907
23368,77.570332,12.981635
23369,77.570632,12.981285
23370,77.570447,12.981622
23371,77.570201,12.982025
23372,77.569863,12.982528
23373,77.569218,12.982374
23374,77.613855,12.968391
23375,77.613833,12.968600
23376,77.568504,12.993311
23377,77.568891,12.993231
23378,77.598083,12.966085
23379,77.654483,12.977056
23380,77.654529,12.977089
23381,77.609480,12.991563
23382,77.595143,12.964665
23383,77.595009,12.965088
23384,77.595208,12.965921
23385,77.658077,13.028996
23386,77.624033,12.995015
23387,77.624007,12.994797
23388,77.623589,12.994891
23389,77.612319,12.950418
23390,77.604832,13.015288
23391,77.606033,13.023978
23392,77.606166,13.024306
23393,77.606747,13.023848
23394,77.606666,13.023705
23395,77.606904,13.023981
23396,77.607829,13.024374
23397,77.607431,13.023880
23398,77.607739,13.024235
23399,77.608035,13.024003
23400,77.608139,13.024290
23401,77.601003,12.990386
23402,77.601127,12.990564
23403,77.614810,12.962059
23404,77.612704,12.960181
23405,77.612976,12.963968
23406,77.601107,12.986658
23407,77.601906,12.986546
23408,77.602845,12.986693
23409,77.602893,12.986567
23410,77.606242,12.968474
23411,77.565220,13.005683
23412,77.609435,12.942194
23413,77.610139,12.938070
23414,77.610122,12.938361
23415,77.609786,12.938798
23416,77.578879,12.963707
23417,77.569815,12.964129
23418,77.565556,12.962730
23419,77.560748,12.961543
23420,77.562006,12.961603
23421,77.564403,12.962241
23422,77.564809,12.962367
23423,77.564186,12.962290
23424,77.566130,12.962910
23425,77.565193,12.962482
23426,77.567473,12.963233
23427,77.566632,12.962922
23428,77.565978,12.962714
23429,77.569605,12.964062
23430,77.563213,12.961847
23431,77.561999,12.961745
23432,77.564398,12.962358
23433,77.569554,12.964175
23434,77.569293,12.964085
23435,77.657727,12.956395
23436,77.657957,12.956363
23437,77.607898,12.951513
23438,77.611176,12.974215
23439,77.608158,12.971565
23440,77.566678,12.996288
23441,77.606230,12.973478
23442,77.564300,12.979646
23443,77.571243,13.009241
23444,77.571278,13.009264
23445,77.589842,12.971766
23446,77.582549,12.999058
23447,77.610870,12.993863
23448,77.610916,12.993916
23449,77.611343,12.993535
23450,77.611391,12.993605
23451,77.660894,12.984043
23452,77.595115,12.985247
23453,77.592100,12.987785
23454,77.592038,12.988727
23455,77.596019,12.988795
23456,77.595531,12.988360
23457,77.593777,12.986912
23458,77.594986,12.987044
23459,77.590504,12.967826
23460,77.578093,12.989525
23461,77.578431,12.989321
23462,77.573688,12.965052
23463,77.643358,12.991084
23464,77.642876,12.987312
23465,77.606762,12.978121
23466,77.606849,12.977881
23467,77.574039,12.948172
23468,77.573777,12.947934
23469,77.588469,12.981537
23470,77.622930,13.023538
23471,77.623547,13.022920
23472,77.627590,13.008333
23473,77.619507,12.947703
23474,77.577408,12.956564
23475,77.612138,13.001584
23476,77.612135,13.001708
23477,77.618127,12.994442
23478,77.618072,12.994419
23479,77.562083,13.028300
23480,77.625585,13.021177
23481,77.627957,13.021081
23482,77.626058,13.021131
23483,77.626522,13.021123
23484,77.626583,13.021123
23485,77.623015,12.972230
23486,77.622472,12.973100
23487,77.622413,12.973071
23488,77.603785,12.987424
23489,77.603923,12.987540
23490,77.579053,13.006333
23491,77.578505,13.006557
23492,77.578584,13.006286
23493,77.578810,13.006604
23494,77.626344,12.979574
23495,77.600054,13.008780
23496,77.605693,12.992299
23497,77.604669,12.992545
23498,77.575709,13.001030
23499,77.660277,12.968950
23500,77.626325,12.949924
23501,77.626618,12.950205
23502,77.617913,12.984981
23503,77.618004,12.985131
23504,77.618164,12.985359
23505,77.626260,12.950812
23506,77.617326,12.983760
23507,77.616890,12.984042
23508,77.616921,12.983434
23509,77.616569,12.983705
23510,77.613616,12.983600
23511,77.614690,12.983380
23512,77.616765,12.986254
23513,77.617095,12.986690
23514,77.616971,12.986529
23515,77.616690,12.986689
23516,77.617469,12.986667
23517,77.617184,12.986830
23518,77.617675,12.986178
23519,77.617539,12.985945
23520,77.616762,12.987836
23521,77.616868,12.987993
23522,77.617803,12.987162
23523,77.617555,12.987312
23524,77.617676,12.986964
23525,77.617962,12.986796
23526,77.617962,12.987398
23527,77.618278,12.987184
23528,77.618790,12.987398
23529,77.618520,12.986985
23530,77.619523,12.987544
23531,77.617611,12.989049
23532,77.617511,12.988915
23533,77.617766,12.988732
23534,77.618463,12.989638
23535,77.613034,12.987294
23536,77.612442,12.986985
23537,77.612296,12.987118
23538,77.612433,12.987478
23539,77.611829,12.987702
23540,77.612166,12.987577
23541,77.611777,12.987579
23542,77.611679,12.988033
23543,77.612987,12.988512
23544,77.608434,12.990187
23545,77.608579,12.990745
23546,77.608737,12.990121
23547,77.608774,12.990380
23548,77.609757,12.988712
23549,77.609352,12.988208
23550,77.609390,12.988417
23551,77.608524,12.988363
23552,77.609891,12.989343
23553,77.610171,12.989274
23554,77.609868,12.989232
23555,77.610206,12.989152
23556,77.609848,12.989140
23557,77.610177,12.989075
23558,77.610309,12.989805
23559,77.610265,12.989543
23560,77.610717,12.989719
23561,77.563517,12.967303
23562,77.563021,12.966570
23563,77.562674,12.966074
23564,77.562532,12.965867
23565,77.561829,12.964858
23566,77.560407,12.963005
23567,77.560222,12.962774
23568,77.559221,12.961455
23569,77.611282,12.989603
23570,77.611390,12.990232
23571,77.611702,12.990161
23572,77.611533,12.989551
23573,77.611912,12.989302
23574,77.612067,12.989446
23575,77.611993,12.989248
23576,77.612378,12.989391
23577,77.612271,12.989085
23578,77.612591,12.989344
23579,77.612427,12.988993
23580,77.612393,12.989024
23581,77.612204,12.988626
23582,77.611623,12.988081
23583,77.612191,12.989132
23584,77.611963,12.989268
23585,77.611488,12.988190
23586,77.611297,12.987749
23587,77.611243,12.988376
23588,77.611026,12.987931
23589,77.611166,12.988406
23590,77.610974,12.987962
23591,77.610732,12.988871
23592,77.610535,12.988906
23593,77.610844,12.989693
23594,77.613532,12.984727
23595,77.613661,12.985012
23596,77.613804,12.985302
23597,77.611802,12.985098
23598,77.611797,12.985581
23599,77.612515,12.983787
23600,77.612438,12.983758
23601,77.612480,12.984042
23602,77.613024,12.983998
23603,77.612689,12.984258
23604,77.611927,12.983552
23605,77.611673,12.983636
23606,77.611506,12.983441
23607,77.611583,12.983685
23608,77.610935,12.982983
23609,77.611146,12.983184
23610,77.611588,12.982800
23611,77.611599,12.982334
23612,77.611531,12.982643
23613,77.611680,12.982582
23614,77.611749,12.982729
23615,77.611862,12.983002
23616,77.611890,12.982658
23617,77.611981,12.982909
23618,77.612846,12.980269
23619,77.612953,12.980605
23620,77.613166,12.980667
23621,77.613152,12.979872
23622,77.618783,12.977854
23623,77.618129,12.976691
23624,77.619577,12.974776
23625,77.619671,12.975196
23626,77.625793,12.949913
23627,77.625500,12.950020
23628,77.622760,12.950870
23629,77.622173,12.950938
23630,77.612606,12.973977
23631,77.612669,12.973960
23632,77.626467,12.949808
23633,77.626800,12.950088
23634,77.626646,12.949664
23635,77.626914,12.949904
23636,77.620265,12.953010
23637,77.613922,12.966502
23638,77.614027,12.966275
23639,77.571103,12.979885
23640,77.602786,12.975526
23641,77.602620,12.975365
23642,77.591732,12.983508
23643,77.592341,12.983155
23644,77.594732,12.981998
23645,77.594856,12.981936
23646,77.601799,12.976518
23647,77.613439,12.974474
23648,77.613689,12.975228
23649,77.613545,12.974793
23650,77.613979,12.974643
23651,77.615317,12.975548
23652,77.626037,12.946850
23653,77.626116,12.947076
23654,77.625588,12.946311
23655,77.617992,12.974545
23656,77.618279,12.974478
23657,77.624453,12.946768
23658,77.624343,12.946799
23659,77.624234,12.946842
23660,77.624298,12.946687
23661,77.625797,12.946592
23662,77.625780,12.946330
23663,77.610153,12.974557
23664,77.602880,12.984977
23665,77.603580,12.984972
23666,77.603113,12.984949
23667,77.603098,12.984799
23668,77.603988,12.985659
23669,77.604253,12.985642
23670,77.604432,12.985672
23671,77.604468,12.986030
23672,77.604626,12.985695
23673,77.627616,12.946541
23674,77.627572,12.946317
23675,77.603229,12.984435
23676,77.603290,12.984762
23677,77.603268,12.984663
23678,77.603603,12.984585
23679,77.603841,12.984554
23680,77.622296,12.949003
23681,77.603803,12.984121
23682,77.603795,12.984329
23683,77.604656,12.984681
23684,77.604916,12.985048
23685,77.605223,12.984971
23686,77.604742,12.985409
23687,77.604726,12.985081
23688,77.604819,12.985425
23689,77.604839,12.985686
23690,77.606279,12.984400
23691,77.605852,12.984471
23692,77.610590,12.982640
23693,77.610200,12.982710
23694,77.603197,12.989259
23695,77.602956,12.989266
23696,77.602976,12.988321
23697,77.603426,12.988603
23698,77.603457,12.989579
23699,77.605513,12.988160
23700,77.605720,12.988636
23701,77.606138,12.988396
23702,77.605785,12.988448
23703,77.605736,12.988276
23704,77.606137,12.988130
23705,77.607060,12.987849
23706,77.606687,12.988802
23707,77.605947,12.989135
23708,77.605998,12.989339
23709,77.607096,12.987363
23710,77.609178,12.985994
23711,77.609797,12.985911
23712,77.610230,12.985100
23713,77.609892,12.984951
23714,77.609885,12.984695
23715,77.609496,12.984754
23716,77.609338,12.983984
23717,77.608253,12.984953
23718,77.607766,12.984693
23719,77.607129,12.985030
23720,77.606684,12.986033
23721,77.605820,12.986033
23722,77.605408,12.986064
23723,77.607024,12.985982
23724,77.606232,12.986857
23725,77.605917,12.986316
23726,77.606212,12.986305
23727,77.605452,12.986501
23728,77.605997,12.986545
23729,77.604549,12.986537
23730,77.605270,12.986984
23731,77.603550,12.986351
23732,77.603847,12.986354
23733,77.603148,12.986808
23734,77.603164,12.987019
23735,77.603048,12.987602
23736,77.603398,12.987856
23737,77.606516,12.987564
23738,77.609466,12.987345
23739,77.609803,12.987289
23740,77.610540,12.986984
23741,77.617501,12.985584
23742,77.617614,12.985753
23743,77.607388,12.986222
23744,77.607291,12.985801
23745,77.607036,12.986052
23746,77.607337,12.986004
23747,77.658405,13.023641
23748,77.657765,13.023450
23749,77.658120,13.023305
23750,77.658201,13.023270
23751,77.660382,13.010418
23752,77.621213,12.947805
23753,77.621022,12.947692
23754,77.622668,12.945172
23755,77.622856,12.944883
23756,77.622919,12.938197
23757,77.622690,12.937882
23758,77.622127,12.938152
23759,77.632182,12.938188
23760,77.632131,12.938042
23761,77.632586,12.937888
23762,77.628184,12.939484
23763,77.627901,12.939412
23764,77.630589,12.943112
23765,77.630572,12.938525
23766,77.625669,12.940585
23767,77.629853,12.941786
23768,77.629262,12.941896
23769,77.629215,12.939710
23770,77.629241,12.939417
23771,77.626900,12.945138
23772,77.626894,12.944653
23773,77.658839,13.022325
23774,77.658250,13.020500
23775,77.658415,13.020748
23776,77.658519,13.020339
23777,77.658670,13.020594
23778,77.658756,13.020194
23779,77.658961,13.020569
23780,77.659009,13.020065
23781,77.659196,13.020456
23782,77.659716,13.018453
23783,77.659116,13.018466
23784,77.656777,13.018727
23785,77.657569,13.019106
23786,77.660544,13.016287
23787,77.659668,13.016604
23788,77.660235,13.016714
23789,77.659829,13.016866
23790,77.659469,13.015617
23791,77.659627,13.016009
23792,77.657234,13.016741
23793,77.659827,13.014813
23794,77.659463,13.013294
23795,77.657591,13.013714
23796,77.657633,13.013991
23797,77.657558,13.013497
23798,77.657338,13.013510
23799,77.628504,12.943706
23800,77.629345,12.943746
23801,77.628831,12.946604
23802,77.628258,12.946606
23803,77.627020,12.948843
23804,77.630408,12.943503
23805,77.628581,12.947008
23806,77.628268,12.946988
23807,77.622113,12.954591
23808,77.622210,12.955105
23809,77.626815,12.948861
23810,77.626327,12.942256
23811,77.620851,12.992873
23812,77.621141,12.992481
23813,77.620823,12.993002
23814,77.620626,12.993247
23815,77.621138,12.993296
23816,77.620037,12.994164
23817,77.620273,12.994564
23818,77.620998,12.994213
23819,77.620414,12.994426
23820,77.620957,12.994404
23821,77.621110,12.993876
23822,77.621278,12.993902
23823,77.612838,12.990403
23824,77.612965,12.990333
23825,77.610865,12.991018
23826,77.611330,12.990932
23827,77.611525,12.990734
23828,77.611656,12.990371
23829,77.610982,12.990316
23830,77.611035,12.990531
23831,77.609055,12.990626
23832,77.608906,12.990717
23833,77.609001,12.991127
23834,77.609106,12.991394
23835,77.608518,12.990743
23836,77.608244,12.990737
23837,77.609398,12.991143
23838,77.609651,12.991041
23839,77.609496,12.991647
23840,77.608856,12.991786
23841,77.608574,12.991739
23842,77.608774,12.992468
23843,77.608164,12.991696
23844,77.608467,12.991712
23845,77.608006,12.991549
23846,77.607775,12.991580
23847,77.607190,12.992516
23848,77.607554,12.992309
23849,77.607195,12.992782
23850,77.607516,12.992778
23851,77.607172,12.991882
23852,77.606806,12.991900
23853,77.617939,12.956944
23854,77.619438,12.957341
23855,77.617248,12.960944
23856,77.617196,12.961685
23857,77.617868,12.961819
23858,77.617749,12.961781
23859,77.617702,12.961286
23860,77.606176,12.990910
23861,77.607133,12.990737
23862,77.606601,12.990832
23863,77.612036,12.994971
23864,77.611828,12.994640
23865,77.611896,12.995053
23866,77.612152,12.995470
23867,77.613729,12.994749
23868,77.613368,12.994995
23869,77.613297,12.995037
23870,77.614540,12.994743
23871,77.614694,12.995017
23872,77.615504,12.995668
23873,77.616661,12.995738
23874,77.616639,12.995821
23875,77.616631,12.995938
23876,77.616745,12.996317
23877,77.616307,12.996467
23878,77.615940,12.996589
23879,77.616508,12.997054
23880,77.607425,12.990769
23881,77.607913,12.990706
23882,77.608231,12.990644
23883,77.608221,12.990925
23884,77.608364,12.991166
23885,77.607428,12.991221
23886,77.604511,12.990921
23887,77.605073,12.990987
23888,77.605551,12.991526
23889,77.605393,12.991971
23890,77.604635,12.991722
23891,77.605101,12.992201
23892,77.605506,12.992458
23893,77.605737,12.992756
23894,77.606500,12.993110
23895,77.606156,12.992288
23896,77.603836,12.991221
23897,77.603059,12.991174
23898,77.606490,12.994680
23899,77.616656,12.969872
23900,77.617868,12.957251
23901,77.618564,12.957307
23902,77.618554,12.957377
23903,77.617962,12.955483
23904,77.618010,12.955413
23905,77.618983,12.955409
23906,77.618930,12.955139
23907,77.617659,12.957218
23908,77.617885,12.998708
23909,77.617488,12.998749
23910,77.616676,12.998398
23911,77.616416,12.998496
23912,77.616040,12.997458
23913,77.616341,12.998114
23914,77.615285,12.998340
23915,77.615882,12.998119
23916,77.615659,12.998211
23917,77.615730,12.998362
23918,77.615952,12.999343
23919,77.617311,12.999247
23920,77.617075,12.999244
23921,77.618198,12.999601
23922,77.618517,12.999542
23923,77.615946,12.993248
23924,77.616046,12.993598
23925,77.616951,12.993998
23926,77.616952,12.993645
23927,77.616717,12.994509
23928,77.616795,12.994318
23929,77.620401,12.995359
23930,77.620680,12.995508
23931,77.615871,12.964913
23932,77.615121,12.964700
23933,77.620019,12.958779
23934,77.620041,12.958632
23935,77.619466,12.958693
23936,77.617219,12.955942
23937,77.615186,12.963809
23938,77.615939,12.964122
23939,77.616084,12.963819
23940,77.616195,12.964229
23941,77.603657,12.994108
23942,77.603072,12.993588
23943,77.603713,12.993665
23944,77.604619,12.993773
23945,77.604688,12.993994
23946,77.603341,12.994276
23947,77.603324,12.994530
23948,77.603466,12.994984
23949,77.603092,12.994782
23950,77.603191,12.995075
23951,77.603830,12.995441
23952,77.604280,12.995313
23953,77.605542,12.996779
23954,77.604309,12.996872
23955,77.604028,12.996244
23956,77.603980,12.997115
23957,77.603664,12.996526
23958,77.605930,12.997802
23959,77.605824,12.997112
23960,77.606144,12.997792
23961,77.606382,12.998940
23962,77.606410,12.999289
23963,77.606158,12.998965
23964,77.606244,12.998112
23965,77.605933,12.999482
23966,77.606422,12.999973
23967,77.607355,13.000009
23968,77.607615,13.000824
23969,77.608006,12.999794
23970,77.608264,13.000616
23971,77.608265,13.001165
23972,77.608737,13.000880
23973,77.609906,12.999652
23974,77.610263,12.999423
23975,77.610769,12.999809
23976,77.611329,12.999383
23977,77.612037,12.998828
23978,77.612776,12.998265
23979,77.612427,12.998510
23980,77.612893,12.998389
23981,77.612548,12.998185
23982,77.611795,12.998207
23983,77.612113,12.998021
23984,77.612010,12.998588
23985,77.611649,12.998290
23986,77.611234,12.997598
23987,77.611424,12.997966
23988,77.611941,12.997724
23989,77.611362,12.997848
23990,77.611874,12.997610
23991,77.611328,12.997800
23992,77.611135,12.997918
23993,77.611735,12.997372
23994,77.610078,12.998427
23995,77.610587,12.998178
23996,77.610248,12.998370
23997,77.610332,12.998581
23998,77.610455,12.998259
23999,77.610636,12.998614
24000,77.609801,12.998507
24001,77.610171,12.998634
24002,77.609915,12.998736
24003,77.609118,12.999122
24004,77.609458,12.997813
24005,77.608966,12.998967
24006,77.609181,12.998872
24007,77.608333,12.997080
24008,77.608631,12.997547
24009,77.608144,12.996503
24010,77.608452,12.997016
24011,77.609426,12.997180
24012,77.609954,12.996882
24013,77.607485,12.996837
24014,77.620226,12.956589
24015,77.620203,12.956100
24016,77.617629,12.957432
24017,77.618175,12.957676
24018,77.618493,12.958145
24019,77.618510,12.957977
24020,77.602583,12.998086
24021,77.602295,12.997118
24022,77.617354,12.957764
24023,77.617425,12.957160
24024,77.615670,12.957434
24025,77.615335,12.957465
24026,77.615701,12.957714
24027,77.615364,12.957747
24028,77.616278,12.957358
24029,77.613261,12.961288
24030,77.613231,12.960942
24031,77.612702,12.961332
24032,77.612598,12.960182
24033,77.609556,12.995679
24034,77.609882,12.996201
24035,77.612883,12.996144
24036,77.612711,12.996239
24037,77.612829,12.996173
24038,77.612617,12.995807
24039,77.614953,12.996572
24040,77.615451,12.996624
24041,77.618343,12.998491
24042,77.618348,12.998805
24043,77.618748,12.998666
24044,77.613119,12.960255
24045,77.613157,12.960591
24046,77.612695,12.960099
24047,77.613436,12.960020
24048,77.612052,12.963344
24049,77.612339,12.962559
24050,77.618903,12.999413
24051,77.620892,12.998515
24052,77.621317,12.998709
24053,77.620890,12.999052
24054,77.618742,12.997008
24055,77.618655,12.997361
24056,77.618616,12.997630
24057,77.618319,12.997427
24058,77.618452,12.997882
24059,77.610583,12.999478
24060,77.611119,12.999075
24061,77.610856,12.999276
24062,77.610745,12.999126
24063,77.611380,12.998880
24064,77.612339,12.999170
24065,77.612500,12.999292
24066,77.612862,12.998416
24067,77.613181,12.999568
24068,77.613194,12.999853
24069,77.613671,13.000024
24070,77.614273,12.999960
24071,77.613805,13.000250
24072,77.614240,13.000037
24073,77.603693,12.997328
24074,77.604306,12.997567
24075,77.604401,12.997872
24076,77.604030,12.998036
24077,77.606651,12.994982
24078,77.611716,13.003627
24079,77.612196,13.003585
24080,77.611542,13.004258
24081,77.612248,13.004174
24082,77.612277,13.004514
24083,77.611572,13.004563
24084,77.611942,13.005785
24085,77.611738,13.005111
24086,77.612310,13.005013
24087,77.612043,13.005059
24088,77.612045,13.004973
24089,77.612011,13.005525
24090,77.612345,13.005499
24091,77.612172,13.005741
24092,77.612360,13.005722
24093,77.612246,13.004129
24094,77.612375,13.004123
24095,77.614292,12.961220
24096,77.606327,13.005847
24097,77.605564,13.005758
24098,77.611912,13.001910
24099,77.610750,13.002133
24100,77.612074,13.002170
24101,77.611849,13.003116
24102,77.612189,13.003503
24103,77.612621,13.003471
24104,77.612460,13.003103
24105,77.612973,13.003488
24106,77.612606,13.002144
24107,77.612822,13.003056
24108,77.613509,13.002297
24109,77.613774,13.003133
24110,77.612731,13.003868
24111,77.612755,13.004043
24112,77.612493,13.004841
24113,77.612581,13.005492
24114,77.612595,13.005793
24115,77.612976,13.004757
24116,77.613179,13.005654
24117,77.612528,13.005015
24118,77.613011,13.004929
24119,77.612546,13.005123
24120,77.613036,13.005051
24121,77.613114,13.005408
24122,77.613002,13.004885
24123,77.613345,13.004803
24124,77.613591,13.005496
24125,77.613428,13.005012
24126,77.613618,13.005486
24127,77.613771,13.005860
24128,77.613815,13.005839
24129,77.613896,13.006023
24130,77.612385,13.006065
24131,77.613691,13.006400
24132,77.613775,13.006581
24133,77.612246,13.007473
24134,77.612656,13.007983
24135,77.612510,13.007601
24136,77.611508,13.008011
24137,77.612382,13.007828
24138,77.612196,13.007895
24139,77.612102,13.007651
24140,77.611921,13.007625
24141,77.612833,12.958374
24142,77.612890,12.958797
24143,77.612727,12.955280
24144,77.612158,12.955422
24145,77.612099,12.955217
24146,77.611534,12.955367
24147,77.613013,12.970982
24148,77.612492,12.959171
24149,77.613113,12.969803
24150,77.613099,12.970116
24151,77.610133,12.965273
24152,77.610529,12.965021
24153,77.614241,12.955392
24154,77.613573,12.958291
24155,77.613655,12.958787
24156,77.604654,12.960910
24157,77.604767,12.960415
24158,77.605788,12.964713
24159,77.605669,12.964743
24160,77.613698,12.956943
24161,77.613416,12.957014
24162,77.604088,12.972396
24163,77.605633,12.967126
24164,77.606023,13.003923
24165,77.606241,13.003818
24166,77.606615,13.003859
24167,77.606841,13.003754
24168,77.605605,13.003756
24169,77.606618,13.003381
24170,77.607459,13.003305
24171,77.603386,13.003465
24172,77.603249,13.003306
24173,77.602757,13.002524
24174,77.603448,13.004404
24175,77.603481,13.004501
24176,77.603470,13.004860
24177,77.603590,13.005235
24178,77.604921,13.006000
24179,77.604682,13.005564
24180,77.603183,13.006695
24181,77.602853,13.006820
24182,77.609318,13.001929
24183,77.609610,13.001689
24184,77.609420,13.001367
24185,77.609664,13.001767
24186,77.609432,13.001831
24187,77.609591,13.002043
24188,77.618145,13.006718
24189,77.618498,13.006975
24190,77.618323,13.006656
24191,77.618604,13.006756
24192,77.619157,13.006566
24193,77.619069,13.006391
24194,77.619302,13.006873
24195,77.618968,13.006631
24196,77.619099,13.006909
24197,77.618795,13.006688
24198,77.618877,13.006934
24199,77.618697,13.006956
24200,77.619799,13.007469
24201,77.619981,13.006859
24202,77.620137,13.007148
24203,77.613793,13.001124
24204,77.613359,13.001858
24205,77.612781,13.001678
24206,77.615025,13.001703
24207,77.615059,13.001993
24208,77.616378,13.002606
24209,77.615877,13.003166
24210,77.616013,13.003516
24211,77.615663,13.003656
24212,77.615705,13.003743
24213,77.615310,13.004256
24214,77.614168,13.002605
24215,77.613991,13.002668
24216,77.612700,13.000579
24217,77.612476,13.000610
24218,77.611459,13.000102
24219,77.603425,12.962772
24220,77.603337,12.962479
24221,77.605753,12.965437
24222,77.606220,12.965398
24223,77.618008,12.956243
24224,77.613364,12.955182
24225,77.607631,12.967700
24226,77.607810,12.968109
24227,77.609888,12.969035
24228,77.609936,12.969229
24229,77.604569,12.967337
24230,77.604034,12.967231
24231,77.564370,12.966419
24232,77.564304,12.965990
24233,77.564493,12.965194
24234,77.564932,12.966582
24235,77.564877,12.966141
24236,77.565087,12.966613
24237,77.565024,12.966093
24238,77.565245,12.966652
24239,77.565171,12.966078
24240,77.564696,12.966171
24241,77.565379,12.966678
24242,77.619571,13.003939
24243,77.618080,13.005075
24244,77.618190,13.005310
24245,77.617632,13.005589
24246,77.617897,13.005487
24247,77.617207,13.005759
24248,77.615277,13.004819
24249,77.615610,13.004681
24250,77.614953,13.005636
24251,77.615056,13.005860
24252,77.615120,13.007001
24253,77.615320,13.006893
24254,77.616242,13.007765
24255,77.616342,13.007896
24256,77.618221,13.007233
24257,77.618384,13.007173
24258,77.621072,13.007007
24259,77.620574,13.005173
24260,77.614207,13.007609
24261,77.566172,12.962296
24262,77.566722,12.962487
24263,77.563763,12.966153
24264,77.565302,12.965938
24265,77.565489,12.966693
24266,77.565478,12.965891
24267,77.565527,12.966095
24268,77.565206,12.965503
24269,77.564663,12.966013
24270,77.565260,12.965789
24271,77.564574,12.965583
24272,77.565233,12.965657
24273,77.564604,12.965726
24274,77.564639,12.965918
24275,77.564137,12.965894
24276,77.564614,12.965776
24277,77.564094,12.965742
24278,77.564586,12.965643
24279,77.564057,12.965609
24280,77.564555,12.965494
24281,77.563800,12.964592
24282,77.563757,12.964399
24283,77.563960,12.965233
24284,77.564472,12.965096
24285,77.564004,12.965412
24286,77.564514,12.965297
24287,77.563904,12.965009
24288,77.564432,12.964903
24289,77.563852,12.964803
24290,77.566911,12.961003
24291,77.566895,12.960886
24292,77.566338,12.960985
24293,77.565740,12.966200
24294,77.566015,12.966168
24295,77.566078,12.965255
24296,77.565861,12.965236
24297,77.566750,12.961436
24298,77.566633,12.960940
24299,77.563452,12.963625
24300,77.565155,12.964010
24301,77.564238,12.963651
24302,77.565100,12.963869
24303,77.565290,12.963588
24304,77.564073,12.962677
24305,77.565449,12.963078
24306,77.565643,12.963141
24307,77.564126,12.962496
24308,77.564712,12.962666
24309,77.564662,12.962848
24310,77.564504,12.962803
24311,77.566285,12.961939
24312,77.566732,12.961949
24313,77.567063,12.961899
24314,77.566791,12.961763
24315,77.565551,12.964364
24316,77.566184,12.964321
24317,77.567311,12.963608
24318,77.567116,12.963774
24319,77.567290,12.963790
24320,77.567041,12.964539
24321,77.567213,12.964553
24322,77.563060,12.961949
24323,77.566163,12.964949
24324,77.565682,12.965004
24325,77.566304,12.966546
24326,77.566355,12.965272
24327,77.566435,12.964777
24328,77.566306,12.966216
24329,77.566465,12.966211
24330,77.566606,12.966211
24331,77.566862,12.966220
24332,77.570287,12.972639
24333,77.570670,12.972633
24334,77.571034,12.972154
24335,77.570828,12.972134
24336,77.570286,12.972158
24337,77.566673,12.964777
24338,77.565872,12.965869
24339,77.565591,12.964563
24340,77.566015,12.964517
24341,77.567075,12.964138
24342,77.567141,12.963576
24343,77.567100,12.965762
24344,77.567686,12.965803
24345,77.567113,12.965634
24346,77.567632,12.965549
24347,77.566806,12.963105
24348,77.566725,12.963595
24349,77.571160,12.972126
24350,77.571141,12.971959
24351,77.571407,12.971968
24352,77.572147,12.971788
24353,77.571393,12.972080
24354,77.571730,12.971904
24355,77.570716,12.971742
24356,77.570701,12.971442
24357,77.570959,12.971409
24358,77.571423,12.972314
24359,77.571857,12.972284
24360,77.572196,12.972627
24361,77.573467,12.971390
24362,77.574217,12.971753
24363,77.573640,12.971748
24364,77.573708,12.971490
24365,77.573892,12.972054
24366,77.574301,12.971934
24367,77.573831,12.971874
24368,77.574017,12.972522
24369,77.573910,12.972116
24370,77.574077,12.972179
24371,77.574563,12.972013
24372,77.574612,12.972152
24373,77.574960,12.971845
24374,77.575038,12.972083
24375,77.575162,12.972449
24376,77.574885,12.972164
24377,77.575437,12.972119
24378,77.575261,12.971740
24379,77.575224,12.971624
24380,77.575345,12.971705
24381,77.575326,12.971520
24382,77.575645,12.971584
24383,77.575748,12.971827
24384,77.575675,12.972196
24385,77.576120,12.971890
24386,77.576335,12.971777
24387,77.576158,12.971394
24388,77.566303,12.963845
24389,77.566467,12.963809
24390,77.576918,12.972184
24391,77.577053,12.972097
24392,77.577132,12.972063
24393,77.576939,12.971814
24394,77.577217,12.972435
24395,77.576737,12.972306
24396,77.576879,12.972230
24397,77.577295,12.972416
24398,77.577409,12.972747
24399,77.577154,12.971342
24400,77.577283,12.971544
24401,77.577445,12.971425
24402,77.577608,12.971754
24403,77.576636,12.970545
24404,77.576799,12.970836
24405,77.576907,12.971067
24406,77.576706,12.970674
24407,77.577279,12.970721
24408,77.576776,12.971126
24409,77.577039,12.970837
24410,77.577203,12.971120
24411,77.576972,12.971037
24412,77.577058,12.971203
24413,77.576343,12.970518
24414,77.576758,12.970246
24415,77.576687,12.970101
24416,77.576078,12.970021
24417,77.575842,12.969731
24418,77.575991,12.970280
24419,77.575870,12.970011
24420,77.576349,12.969423
24421,77.576433,12.969576
24422,77.576481,12.969335
24423,77.576633,12.969582
24424,77.576986,12.969001
24425,77.577313,12.969459
24426,77.577432,12.969687
24427,77.577228,12.968827
24428,77.577353,12.969046
24429,77.577837,12.969785
24430,77.577480,12.969344
24431,77.577929,12.969876
24432,77.577679,12.970004
24433,77.577727,12.970091
24434,77.577252,12.970000
24435,77.577310,12.969842
24436,77.577019,12.970231
24437,77.577339,12.970075
24438,77.577690,12.970385
24439,77.577774,12.970535
24440,77.577887,12.970263
24441,77.577966,12.970420
24442,77.577451,12.970277
24443,77.577242,12.970567
24444,77.577312,12.970532
24445,77.560530,12.967482
24446,77.560658,12.967720
24447,77.560666,12.967383
24448,77.560824,12.967576
24449,77.562380,12.966551
24450,77.561900,12.967137
24451,77.562531,12.966708
24452,77.562600,12.966877
24453,77.562860,12.967596
24454,77.563031,12.967459
24455,77.560952,13.029611
24456,77.561132,13.029943
24457,77.563542,12.970031
24458,77.563775,12.969950
24459,77.561319,13.025474
24460,77.561843,13.025500
24461,77.560100,12.969645
24462,77.560726,12.969499
24463,77.560053,12.969431
24464,77.560639,12.969275
24465,77.561168,13.026355
24466,77.561195,13.026944
24467,77.561572,12.972347
24468,77.575030,12.961109
24469,77.575729,12.960674
24470,77.574760,12.960451
24471,77.575177,12.959600
24472,77.575739,12.959443
24473,77.575782,12.959845
24474,77.575805,12.960029
24475,77.575615,12.960074
24476,77.576024,12.961222
24477,77.575899,12.960856
24478,77.577663,12.959743
24479,77.578538,12.959622
24480,77.578856,12.959865
24481,77.578217,12.959661
24482,77.577663,12.960014
24483,77.578674,12.960115
24484,77.578119,12.958976
24485,77.578490,12.959316
24486,77.578677,12.958000
24487,77.579450,12.957440
24488,77.579389,12.957245
24489,77.578139,12.957890
24490,77.578297,12.957853
24491,77.578017,12.957526
24492,77.578191,12.957449
24493,77.578430,12.957332
24494,77.578607,12.957638
24495,77.578490,12.957313
24496,77.578183,12.957000
24497,77.578295,12.957374
24498,77.580080,12.956802
24499,77.579253,12.956985
24500,77.580096,12.956990
24501,77.579539,12.957129
24502,77.579412,12.957320
24503,77.579592,12.957276
24504,77.581056,12.956224
24505,77.581027,12.956188
24506,77.581121,12.955866
24507,77.581264,12.956261
24508,77.581243,12.955777
24509,77.581617,12.955651
24510,77.581289,12.955409
24511,77.581843,12.956217
24512,77.581735,12.955248
24513,77.582167,12.956195
24514,77.582082,12.955220
24515,77.582464,12.957546
24516,77.582142,12.957054
24517,77.582968,12.957029
24518,77.583153,12.957480
24519,77.582413,12.958244
24520,77.584337,12.957394
24521,77.584979,12.957160
24522,77.584405,12.957603
24523,77.585050,12.957391
24524,77.584154,12.956820
24525,77.583964,12.956936
24526,77.584267,12.959167
24527,77.584329,12.959480
24528,77.585085,12.958500
24529,77.585315,12.959424
24530,77.578481,12.961713
24531,77.578295,12.961712
24532,77.578491,12.961816
24533,77.579131,12.961788
24534,77.579700,12.962265
24535,77.577627,12.962390
24536,77.566539,12.972839
24537,77.565281,12.970891
24538,77.564966,12.970937
24539,77.565522,12.970952
24540,77.578524,12.962173
24541,77.580530,12.962205
24542,77.581034,12.962127
24543,77.577735,12.962870
24544,77.577742,12.963336
24545,77.582172,12.962372
24546,77.582104,12.961582
24547,77.582550,12.961220
24548,77.582731,12.961558
24549,77.582583,12.961631
24550,77.582762,12.962222
24551,77.582638,12.962188
24552,77.583054,12.961720
24553,77.583320,12.962433
24554,77.583981,12.963256
24555,77.583391,12.963168
24556,77.584308,12.963326
24557,77.584513,12.963362
24558,77.583427,12.962965
24559,77.583326,12.963502
24560,77.583383,12.963222
24561,77.582928,12.963148
24562,77.582899,12.962880
24563,77.582932,12.962668
24564,77.582432,12.962805
24565,77.582409,12.963022
24566,77.581966,12.963040
24567,77.581112,12.963092
24568,77.579780,12.963227
24569,77.579609,12.964232
24570,77.579622,12.964378
24571,77.578345,12.964408
24572,77.578033,12.963867
24573,77.577918,12.964454
24574,77.577840,12.964286
24575,77.572607,12.968430
24576,77.572776,12.968358
24577,77.573228,12.969246
24578,77.572934,12.968292
24579,77.573365,12.969172
24580,77.573097,12.968983
24581,77.572921,12.969074
24582,77.573428,12.969138
24583,77.573631,12.969520
24584,77.573258,12.969230
24585,77.573455,12.969746
24586,77.573610,12.969039
24587,77.573268,12.969826
24588,77.573730,12.968573
24589,77.574337,12.968333
24590,77.574440,12.968583
24591,77.575093,12.968906
24592,77.574520,12.970041
24593,77.574583,12.969682
24594,77.563242,12.971435
24595,77.563236,12.971563
24596,77.563422,12.971564
24597,77.563235,12.971747
24598,77.563238,12.971929
24599,77.561146,12.971709
24600,77.561121,12.971547
24601,77.573538,12.970720
24602,77.573776,12.970584
24603,77.573324,12.970095
24604,77.573642,12.970423
24605,77.573499,12.971362
24606,77.573243,12.970753
24607,77.573281,12.970740
24608,77.572936,12.970133
24609,77.573162,12.971300
24610,77.573295,12.971539
24611,77.572590,12.971461
24612,77.572814,12.971415
24613,77.572353,12.971458
24614,77.572585,12.971436
24615,77.572079,12.971515
24616,77.561617,12.971608
24617,77.563995,12.970650
24618,77.563376,12.970180
24619,77.576629,12.955910
24620,77.577096,12.957194
24621,77.577467,12.957146
24622,77.576045,12.958089
24623,77.576044,12.958433
24624,77.576042,12.957886
24625,77.576115,12.957778
24626,77.574335,12.959060
24627,77.571562,12.957669
24628,77.572141,12.957102
24629,77.572187,12.956916
24630,77.573530,12.956206
24631,77.571610,12.955714
24632,77.571745,12.955201
24633,77.570768,12.956014
24634,77.570753,12.956426
24635,77.568085,12.956178
24636,77.568591,12.956180
24637,77.584739,12.955847
24638,77.584800,12.956022
24639,77.563010,12.968474
24640,77.562853,12.968077
24641,77.561634,12.955361
24642,77.561174,12.955351
24643,77.580852,12.958493
24644,77.580653,12.957786
24645,77.580780,12.959323
24646,77.580665,12.959098
24647,77.567283,12.962608
24648,77.567183,12.962022
24649,77.562369,12.968180
24650,77.562696,12.968015
24651,77.563160,12.968221
24652,77.563637,12.967996
24653,77.563220,12.968359
24654,77.563487,12.968247
24655,77.567643,12.962160
24656,77.567469,12.962620
24657,77.567476,12.962241
24658,77.568223,12.963554
24659,77.568296,12.963376
24660,77.568649,12.963719
24661,77.568457,12.963039
24662,77.568338,12.963335
24663,77.569097,12.963556
24664,77.568727,12.963449
24665,77.569094,12.962859
24666,77.569268,12.962778
24667,77.568643,12.964737
24668,77.569033,12.964778
24669,77.569118,12.964110
24670,77.568857,12.964077
24671,77.568773,12.964747
24672,77.569513,12.964158
24673,77.572204,12.962045
24674,77.567220,12.966996
24675,77.567266,12.966270
24676,77.567243,12.966625
24677,77.567494,12.966992
24678,77.567527,12.966485
24679,77.567522,12.966632
24680,77.567233,12.966784
24681,77.567510,12.966792
24682,77.568139,12.966261
24683,77.568339,12.966867
24684,77.568354,12.967144
24685,77.568422,12.967743
24686,77.568071,12.967765
24687,77.568883,12.967489
24688,77.568716,12.967516
24689,77.568947,12.966786
24690,77.568997,12.967230
24691,77.569449,12.965819
24692,77.569485,12.965433
24693,77.568816,12.965481
24694,77.569068,12.965279
24695,77.569008,12.965000
24696,77.569095,12.969153
24697,77.569084,12.968854
24698,77.568088,12.969586
24699,77.568452,12.969507
24700,77.569184,12.969725
24701,77.569238,12.969955
24702,77.569012,12.971703
24703,77.569215,12.972453
24704,77.569675,12.972529
24705,77.569765,12.972246
24706,77.570287,12.972220
24707,77.570291,12.971676
24708,77.569581,12.971439
24709,77.568798,12.971036
24710,77.569072,12.971120
24711,77.568883,12.971204
24712,77.569087,12.971138
24713,77.569748,12.970827
24714,77.569899,12.970824
24715,77.569892,12.970404
24716,77.569828,12.970374
24717,77.568659,12.970822
24718,77.568796,12.970699
24719,77.570643,12.970410
24720,77.571492,12.970605
24721,77.571144,12.970307
24722,77.570533,12.970806
24723,77.570630,12.970792
24724,77.570676,12.971118
24725,77.571016,12.971042
24726,77.571047,12.971228
24727,77.571420,12.970627
24728,77.571573,12.971292
24729,77.571885,12.970601
24730,77.572193,12.970585
24731,77.560737,12.968845
24732,77.560977,12.969633
24733,77.561117,12.969601
24734,77.561145,12.969741
24735,77.560806,12.968646
24736,77.560883,12.968802
24737,77.562460,12.969450
24738,77.563406,12.969229
24739,77.561735,12.969122
24740,77.570780,12.969418
24741,77.571302,12.969370
24742,77.571038,12.969430
24743,77.570597,12.969350
24744,77.571569,12.969315
24745,77.571616,12.969495
24746,77.571656,12.969651
24747,77.570652,12.969766
24748,77.570702,12.970072
24749,77.572444,12.969989
24750,77.572737,12.969934
24751,77.572545,12.969970
24752,77.572156,12.970165
24753,77.572505,12.970126
24754,77.572722,12.968668
24755,77.572263,12.968830
24756,77.572008,12.968490
24757,77.572194,12.968464
24758,77.571797,12.968379
24759,77.571632,12.968636
24760,77.571491,12.967980
24761,77.571265,12.968450
24762,77.571299,12.967999
24763,77.570946,12.967672
24764,77.570755,12.967457
24765,77.570759,12.967255
24766,77.571543,12.967778
24767,77.571614,12.967341
24768,77.571861,12.967233
24769,77.571894,12.967511
24770,77.572640,12.967835
24771,77.573082,12.967543
24772,77.572860,12.967609
24773,77.573395,12.967548
24774,77.572599,12.967695
24775,77.573549,12.967071
24776,77.573192,12.967190
24777,77.573560,12.967099
24778,77.573796,12.967067
24779,77.572717,12.967816
24780,77.572773,12.968017
24781,77.573446,12.966820
24782,77.573602,12.966750
24783,77.572219,12.967092
24784,77.572245,12.966799
24785,77.572278,12.966793
24786,77.572484,12.966272
24787,77.573156,12.966171
24788,77.573270,12.966494
24789,77.572639,12.965888
24790,77.572871,12.965876
24791,77.573276,12.965879
24792,77.573269,12.965658
24793,77.573713,12.965661
24794,77.573220,12.964838
24795,77.572600,12.964827
24796,77.572083,12.964828
24797,77.573759,12.965005
24798,77.574155,12.964977
24799,77.571199,12.964391
24800,77.571171,12.965022
24801,77.570835,12.965542
24802,77.571034,12.966244
24803,77.569469,12.968056
24804,77.569490,12.968343
24805,77.569233,12.968086
24806,77.569227,12.968360
24807,77.569825,12.968011
24808,77.570234,12.968353
24809,77.581041,12.966006
24810,77.580904,12.965632
24811,77.581240,12.965217
24812,77.580827,12.965251
24813,77.580861,12.965459
24814,77.580671,12.965516
24815,77.560830,12.970233
24816,77.559984,12.970343
24817,77.561014,12.970038
24818,77.561091,12.970639
24819,77.560539,12.971816
24820,77.560580,12.972135
24821,77.581815,12.967500
24822,77.582033,12.967870
24823,77.582340,12.968401
24824,77.580826,12.965242
24825,77.580729,12.965267
24826,77.581135,12.965588
24827,77.581240,12.965914
24828,77.581856,12.965858
24829,77.581670,12.966023
24830,77.581891,12.965929
24831,77.581392,12.964764
24832,77.581428,12.965041
24833,77.581482,12.965269
24834,77.581699,12.965228
24835,77.581640,12.965239
24836,77.579497,12.965388
24837,77.580229,12.965119
24838,77.579903,12.964960
24839,77.579898,12.964672
24840,77.579446,12.965112
24841,77.579243,12.964538
24842,77.579234,12.965189
24843,77.579370,12.965753
24844,77.579159,12.965504
24845,77.580046,12.965448
24846,77.580272,12.965373
24847,77.579998,12.965367
24848,77.580255,12.965273
24849,77.580133,12.965306
24850,77.580162,12.965411
24851,77.579884,12.965915
24852,77.579848,12.966105
24853,77.578990,12.965906
24854,77.579152,12.965855
24855,77.578777,12.965371
24856,77.578874,12.965637
24857,77.579345,12.966089
24858,77.579456,12.966178
24859,77.575193,12.967445
24860,77.575383,12.967781
24861,77.576286,12.968396
24862,77.576195,12.968210
24863,77.575937,12.968203
24864,77.577286,12.967839
24865,77.577770,12.967165
24866,77.577838,12.967759
24867,77.578278,12.968044
24868,77.583554,12.965519
24869,77.583649,12.965717
24870,77.583757,12.965872
24871,77.583573,12.965746
24872,77.583404,12.965940
24873,77.583071,12.966050
24874,77.582541,12.966278
24875,77.582809,12.966175
24876,77.582878,12.966320
24877,77.582373,12.965996
24878,77.582104,12.966570
24879,77.582506,12.966401
24880,77.582622,12.966343
24881,77.581613,12.966376
24882,77.581718,12.966555
24883,77.581936,12.966845
24884,77.582036,12.966924
24885,77.581662,12.967218
24886,77.581843,12.967185
24887,77.582992,12.968034
24888,77.582457,12.968355
24889,77.582534,12.968531
24890,77.582025,12.968638
24891,77.582297,12.969271
24892,77.582197,12.968564
24893,77.582305,12.968803
24894,77.583058,12.968912
24895,77.583304,12.969308
24896,77.583443,12.968752
24897,77.583967,12.968244
24898,77.584280,12.968765
24899,77.584074,12.968429
24900,77.588630,12.943599
24901,77.579247,12.967680
24902,77.579385,12.967936
24903,77.579652,12.968227
24904,77.579911,12.968707
24905,77.579869,12.968735
24906,77.579933,12.968851
24907,77.579397,12.967589
24908,77.579583,12.967930
24909,77.580046,12.967227
24910,77.580224,12.967613
24911,77.580646,12.967117
24912,77.580622,12.966911
24913,77.580951,12.967675
24914,77.581233,12.967500
24915,77.580444,12.968004
24916,77.580629,12.967871
24917,77.580867,12.967767
24918,77.580983,12.967972
24919,77.581148,12.968037
24920,77.581095,12.967940
24921,77.581165,12.967904
24922,77.581275,12.968579
24923,77.581434,12.968900
24924,77.581538,12.969137
24925,77.581387,12.968802
24926,77.581559,12.968722
24927,77.581513,12.968646
24928,77.581610,12.968820
24929,77.562990,12.955595
24930,77.580938,12.969432
24931,77.580880,12.969332
24932,77.580316,12.969145
24933,77.580446,12.969352
24934,77.580537,12.969651
24935,77.565461,12.955413
24936,77.565930,12.955292
24937,77.565141,12.955456
24938,77.564488,12.955600
24939,77.564974,12.956309
24940,77.564959,12.956218
24941,77.565273,12.956157
24942,77.563435,12.970917
24943,77.564020,12.970896
24944,77.565443,12.956577
24945,77.578391,12.971972
24946,77.578885,12.971840
24947,77.579077,12.971757
24948,77.578642,12.971916
24949,77.578788,12.971872
24950,77.579353,12.972540
24951,77.579202,12.972136
24952,77.579542,12.972029
24953,77.579445,12.971653
24954,77.579461,12.971490
24955,77.579125,12.971874
24956,77.579281,12.971809
24957,77.579258,12.971733
24958,77.579929,12.971902
24959,77.579784,12.971265
24960,77.579411,12.970907
24961,77.579861,12.970732
24962,77.579325,12.970735
24963,77.579956,12.970912
24964,77.579055,12.970804
24965,77.578828,12.970371
24966,77.578481,12.970599
24967,77.578713,12.970721
24968,77.578181,12.970838
24969,77.578281,12.971073
24970,77.578028,12.970754
24971,77.577879,12.970475
24972,77.577736,12.971174
24973,77.577476,12.970737
24974,77.577197,12.970923
24975,77.577314,12.971133
24976,77.577508,12.971350
24977,77.577704,12.971445
24978,77.577517,12.971808
24979,77.577723,12.972336
24980,77.577389,12.972249
24981,77.577667,12.972194
24982,77.577917,12.972576
24983,77.577836,12.972320
24984,77.577852,12.972598
24985,77.578405,12.972410
24986,77.578494,12.972661
24987,77.578026,12.972203
24988,77.578419,12.972057
24989,77.577910,12.971599
24990,77.577962,12.971735
24991,77.579057,12.971671
24992,77.579011,12.971326
24993,77.578950,12.971160
24994,77.581063,12.971711
24995,77.580855,12.971197
24996,77.578257,12.969560
24997,77.578290,12.969359
24998,77.578505,12.969817
24999,77.578683,12.969667
25000,77.578599,12.969739
25001,77.578750,12.969970
25002,77.578805,12.969909
25003,77.579023,12.969901
25004,77.578967,12.969741
25005,77.578899,12.969595
25006,77.578672,12.968896
25007,77.578425,12.968971
25008,77.578230,12.969898
25009,77.578272,12.969973
25010,77.575781,12.972537
25011,77.575913,12.972817
25012,77.576363,12.972494
25013,77.576465,12.972462
25014,77.575811,12.970922
25015,77.575802,12.970679
25016,77.575654,12.970769
25017,77.575812,12.970399
25018,77.575479,12.971070
25019,77.575313,12.970636
25020,77.575371,12.970616
25021,77.575090,12.970577
25022,77.574929,12.971503
25023,77.575098,12.971443
25024,77.575064,12.971121
25025,77.575017,12.970995
25026,77.580383,12.970595
25027,77.580483,12.970847
25028,77.580795,12.970939
25029,77.580826,12.970595
25030,77.580779,12.970459
25031,77.580519,12.970690
25032,77.580738,12.970740
25033,77.580964,12.970549
25034,77.581309,12.970691
25035,77.581285,12.970249
25036,77.580531,12.969994
25037,77.580868,12.969896
25038,77.581087,12.970344
25039,77.581618,12.970536
25040,77.581830,12.969934
25041,77.582041,12.970338
25042,77.581983,12.970202
25043,77.582061,12.970157
25044,77.582622,12.970530
25045,77.582632,12.970953
25046,77.582051,12.969811
25047,77.582136,12.969957
25048,77.582735,12.969586
25049,77.582903,12.969532
25050,77.580384,12.969104
25051,77.580345,12.969007
25052,77.583133,12.967156
25053,77.583324,12.967082
25054,77.583003,12.966944
25055,77.582826,12.966880
25056,77.582875,12.966962
25057,77.583405,12.966962
25058,77.583409,12.966857
25059,77.583382,12.966656
25060,77.583584,12.966541
25061,77.583910,12.966323
25062,77.583977,12.966056
25063,77.583981,12.967163
25064,77.584090,12.967382
25065,77.583424,12.967454
25066,77.583610,12.967837
25067,77.578931,12.968495
25068,77.579368,12.968270
25069,77.563756,13.009601
25070,77.563632,13.009785
25071,77.565141,13.010087
25072,77.566652,13.009105
25073,77.565274,13.009187
25074,77.565776,13.008804
25075,77.566947,13.008741
25076,77.566943,13.008109
25077,77.567087,13.008016
25078,77.567247,13.007403
25079,77.565960,13.007467
25080,77.565030,13.007513
25081,77.565033,13.008076
25082,77.564386,13.008076
25083,77.563421,13.007593
25084,77.563422,13.007906
25085,77.560187,13.024078
25086,77.560129,13.023872
25087,77.560525,13.023965
25088,77.560475,13.023778
25089,77.560411,13.020495
25090,77.560162,13.020386
25091,77.560311,13.020932
25092,77.560920,13.019913
25093,77.560563,13.019641
25094,77.560485,13.019950
25095,77.560318,13.019985
25096,77.560710,13.019403
25097,77.560668,13.019098
25098,77.562319,13.019911
25099,77.562034,13.020041
25100,77.561898,13.019802
25101,77.562114,13.020157
25102,77.562244,13.019945
25103,77.562340,13.020141
25104,77.562115,13.019713
25105,77.561608,13.020263
25106,77.561849,13.020833
25107,77.612468,13.008619
25108,77.612861,13.008544
25109,77.612614,13.008598
25110,77.612917,13.008874
25111,77.613023,13.009388
25112,77.612643,13.009477
25113,77.613259,13.009334
25114,77.612369,13.008639
25115,77.612481,13.009038
25116,77.610909,13.008105
25117,77.610890,13.008701
25118,77.612222,13.008501
25119,77.611644,13.008776
25120,77.611615,13.008594
25121,77.612264,13.008659
25122,77.612394,13.009059
25123,77.612534,13.009499
25124,77.611277,13.010166
25125,77.611961,13.009621
25126,77.612031,13.008705
25127,77.612211,13.009582
25128,77.612225,13.009690
25129,77.612148,13.008682
25130,77.612230,13.009102
25131,77.612208,13.008670
25132,77.612308,13.009079
25133,77.612407,13.009531
25134,77.620492,13.008318
25135,77.620453,13.008191
25136,77.620366,13.007930
25137,77.620309,13.008408
25138,77.620252,13.008257
25139,77.620179,13.008015
25140,77.620105,13.008461
25141,77.620063,13.008320
25142,77.619985,13.008080
25143,77.619920,13.008539
25144,77.619862,13.008387
25145,77.619784,13.008174
25146,77.619658,13.008278
25147,77.620651,13.008125
25148,77.620700,13.008278
25149,77.620844,13.008061
25150,77.620932,13.008287
25151,77.620897,13.008573
25152,77.620838,13.008369
25153,77.621129,13.008174
25154,77.620805,13.008850
25155,77.620887,13.009115
25156,77.620638,13.009445
25157,77.619067,13.008360
25158,77.619244,13.008960
25159,77.618919,13.008686
25160,77.618848,13.008426
25161,77.618578,13.008788
25162,77.618113,13.008212
25163,77.618326,13.008138
25164,77.618834,13.007928
25165,77.619709,13.009894
25166,77.620112,13.009725
25167,77.619790,13.010106
25168,77.620100,13.010000
25169,77.605783,13.021910
25170,77.605344,13.021961
25171,77.605702,13.022560
25172,77.605637,13.022400
25173,77.605895,13.022284
25174,77.604763,13.022936
25175,77.603498,13.023086
25176,77.604068,13.022890
25177,77.603189,13.022870
25178,77.603863,13.022592
25179,77.606289,13.022816
25180,77.606969,13.021835
25181,77.606009,13.021321
25182,77.606072,13.021878
25183,77.606043,13.021629
25184,77.606369,13.021859
25185,77.604807,13.021281
25186,77.606077,13.021103
25187,77.605016,13.019917
25188,77.605285,13.019883
25189,77.605210,13.019268
25190,77.605474,13.019232
25191,77.605112,13.019289
25192,77.607452,13.019805
25193,77.606666,13.019947
25194,77.606126,13.020196
25195,77.608305,13.021737
25196,77.608637,13.021695
25197,77.607142,13.020966
25198,77.607454,13.020843
25199,77.607553,13.020808
25200,77.607771,13.023476
25201,77.607444,13.023741
25202,77.607115,13.023511
25203,77.607289,13.023745
25204,77.607926,13.024348
25205,77.608113,13.025031
25206,77.606293,13.024522
25207,77.606090,13.024668
25208,77.606626,13.025304
25209,77.606786,13.025682
25210,77.603636,13.025320
25211,77.604292,13.025175
25212,77.603562,13.025103
25213,77.603821,13.025034
25214,77.605050,13.025004
25215,77.608480,13.023558
25216,77.608369,13.023581
25217,77.608529,13.024088
25218,77.608681,13.024540
25219,77.608599,13.023528
25220,77.609430,13.023915
25221,77.609450,13.022455
25222,77.609155,13.021586
25223,77.608534,13.021991
25224,77.609096,13.025051
25225,77.609208,13.025395
25226,77.610542,13.024296
25227,77.610658,13.024634
25228,77.610000,13.024111
25229,77.611711,13.024709
25230,77.612026,13.023611
25231,77.612321,13.024499
25232,77.612071,13.025332
25233,77.612220,13.025679
25234,77.613321,13.025336
25235,77.613593,13.025227
25236,77.613675,13.025194
25237,77.619144,13.008618
25238,77.602630,12.960280
25239,77.602976,12.960186
25240,77.604450,12.963629
25241,77.560115,13.014227
25242,77.560082,13.007900
25243,77.575608,12.980752
25244,77.575619,12.981006
25245,77.574594,12.981635
25246,77.575028,12.981536
25247,77.606537,13.009529
25248,77.607396,13.009569
25249,77.607435,13.009797
25250,77.607485,13.010015
25251,77.606573,13.009728
25252,77.606610,13.009934
25253,77.607590,13.009478
25254,77.607663,13.009991
25255,77.607733,13.010450
25256,77.607949,13.010444
25257,77.607546,13.010944
25258,77.608071,13.010862
25259,77.606477,13.010171
25260,77.606462,13.009970
25261,77.607055,13.010434
25262,77.571669,12.980619
25263,77.571781,12.980634
25264,77.571594,12.980981
25265,77.571388,12.981013
25266,77.607311,13.010677
25267,77.607350,13.010810
25268,77.607501,13.010769
25269,77.607423,13.011260
25270,77.607114,13.010888
25271,77.607260,13.011305
25272,77.607995,13.009907
25273,77.610651,13.009198
25274,77.610416,13.009255
25275,77.610719,13.009490
25276,77.608932,13.009692
25277,77.608973,13.010043
25278,77.609101,13.009625
25279,77.609112,13.009796
25280,77.609321,13.009595
25281,77.609317,13.009770
25282,77.609191,13.010007
25283,77.609889,13.009941
25284,77.609253,13.010158
25285,77.609792,13.010131
25286,77.609720,13.010300
25287,77.610634,13.010333
25288,77.610709,13.010300
25289,77.610714,13.010564
25290,77.610755,13.010643
25291,77.611289,13.011053
25292,77.611862,13.010048
25293,77.612351,13.009940
25294,77.612428,13.010211
25295,77.612551,13.010217
25296,77.612963,13.010146
25297,77.613395,13.010089
25298,77.613046,13.010382
25299,77.613121,13.010591
25300,77.613289,13.010967
25301,77.613156,13.011037
25302,77.613707,13.012909
25303,77.571549,12.982054
25304,77.571283,12.981001
25305,77.571275,12.981102
25306,77.571535,12.981124
25307,77.571397,12.981880
25308,77.571427,12.981971
25309,77.572204,12.982475
25310,77.570851,12.980487
25311,77.571398,12.980943
25312,77.571820,12.981015
25313,77.572390,12.981838
25314,77.575048,12.973455
25315,77.573219,12.973409
25316,77.573091,12.972856
25317,77.573613,12.973124
25318,77.574062,12.973020
25319,77.575105,12.972920
25320,77.575284,12.972829
25321,77.575430,12.973133
25322,77.575807,12.973607
25323,77.575967,12.973345
25324,77.576006,12.973470
25325,77.575612,12.972940
25326,77.575695,12.972902
25327,77.575818,12.973165
25328,77.575867,12.972828
25329,77.576126,12.973284
25330,77.576530,12.972982
25331,77.576224,12.973253
25332,77.576291,12.973469
25333,77.577165,12.973434
25334,77.577080,12.973165
25335,77.566512,12.990263
25336,77.567268,12.990239
25337,77.567882,12.990044
25338,77.567413,12.989971
25339,77.567883,12.989951
25340,77.567561,12.989953
25341,77.603144,13.011040
25342,77.603898,13.010845
25343,77.603832,13.011396
25344,77.603867,13.010856
25345,77.603812,13.010652
25346,77.602993,13.010843
25347,77.604125,13.011037
25348,77.604222,13.011030
25349,77.604319,13.011030
25350,77.604432,13.011057
25351,77.604897,13.011135
25352,77.603728,13.011694
25353,77.604184,13.011706
25354,77.605401,13.010680
25355,77.605737,13.010354
25356,77.605253,13.010426
25357,77.605145,13.009633
25358,77.607229,13.011654
25359,77.608287,13.011554
25360,77.568780,12.989036
25361,77.568659,12.989253
25362,77.567885,12.989647
25363,77.568010,12.989663
25364,77.568327,12.989678
25365,77.568441,12.989678
25366,77.568335,12.989824
25367,77.568063,12.990123
25368,77.568346,12.990096
25369,77.568350,12.990458
25370,77.568456,12.989825
25371,77.568469,12.990085
25372,77.568468,12.990543
25373,77.574116,12.973549
25374,77.574173,12.974179
25375,77.572364,12.972992
25376,77.608225,13.012742
25377,77.608230,13.012982
25378,77.608448,13.014144
25379,77.608622,13.014764
25380,77.608402,13.014774
25381,77.608484,13.014492
25382,77.608899,13.014456
25383,77.608592,13.014483
25384,77.608370,13.014663
25385,77.608923,13.014614
25386,77.608465,13.014323
25387,77.608880,13.014315
25388,77.608331,13.014508
25389,77.608099,13.014250
25390,77.607607,13.013279
25391,77.607926,13.014285
25392,77.608091,13.015131
25393,77.608259,13.014221
25394,77.608977,13.013766
25395,77.608501,13.015102
25396,77.608655,13.015094
25397,77.608639,13.014934
25398,77.608871,13.014916
25399,77.607294,13.014411
25400,77.607695,13.014758
25401,77.607490,13.014776
25402,77.607146,13.013470
25403,77.607411,13.014377
25404,77.606918,13.014496
25405,77.607217,13.014433
25406,77.606739,13.013645
25407,77.606831,13.013941
25408,77.609499,13.014257
25409,77.609808,13.014891
25410,77.610670,13.014463
25411,77.610818,13.014672
25412,77.609631,13.013979
25413,77.609871,13.014522
25414,77.609819,13.014376
25415,77.609884,13.013276
25416,77.609755,13.013649
25417,77.610010,13.013553
25418,77.609890,13.014158
25419,77.609959,13.014330
25420,77.610029,13.014510
25421,77.610183,13.014246
25422,77.610309,13.014554
25423,77.610981,13.014901
25424,77.610343,13.015287
25425,77.610088,13.014945
25426,77.610589,13.014696
25427,77.611012,13.015180
25428,77.611385,13.015073
25429,77.611365,13.015493
25430,77.611500,13.015779
25431,77.611644,13.016078
25432,77.611102,13.015633
25433,77.611241,13.015901
25434,77.611388,13.016199
25435,77.610866,13.015705
25436,77.611007,13.016011
25437,77.611121,13.016281
25438,77.610560,13.015769
25439,77.610754,13.016136
25440,77.610912,13.016455
25441,77.610256,13.016369
25442,77.610715,13.016990
25443,77.610981,13.016870
25444,77.611187,13.016779
25445,77.611007,13.017313
25446,77.611165,13.017248
25447,77.611396,13.017153
25448,77.611264,13.017460
25449,77.611517,13.017345
25450,77.611078,13.017479
25451,77.611244,13.017417
25452,77.611281,13.016394
25453,77.611786,13.017491
25454,77.607569,13.015934
25455,77.607255,13.014935
25456,77.607486,13.015530
25457,77.606892,13.015547
25458,77.606955,13.016240
25459,77.572566,12.972944
25460,77.569348,12.973102
25461,77.569524,12.973607
25462,77.570855,12.972995
25463,77.570877,12.973302
25464,77.570433,12.974018
25465,77.570749,12.973966
25466,77.570062,12.974725
25467,77.605013,13.014984
25468,77.605041,13.014702
25469,77.605424,13.014770
25470,77.605734,13.014818
25471,77.605889,13.014839
25472,77.605461,13.014535
25473,77.605845,13.014140
25474,77.606181,13.013819
25475,77.606008,13.014159
25476,77.605761,13.014568
25477,77.606071,13.015284
25478,77.606058,13.015017
25479,77.606057,13.014652
25480,77.605774,13.015193
25481,77.605873,13.015285
25482,77.604800,13.014980
25483,77.605765,13.015555
25484,77.606199,13.015633
25485,77.606422,13.014222
25486,77.606527,13.014624
25487,77.606820,13.014766
25488,77.605709,13.015997
25489,77.605251,13.016265
25490,77.605778,13.016186
25491,77.605982,13.016438
25492,77.605786,13.016644
25493,77.606138,13.017195
25494,77.606435,13.017064
25495,77.606839,13.017012
25496,77.606138,13.016562
25497,77.606292,13.016551
25498,77.606473,13.016678
25499,77.606523,13.017054
25500,77.568892,12.991128
25501,77.569043,12.990056
25502,77.568997,12.991131
25503,77.569108,12.991137
25504,77.568883,12.989050
25505,77.569080,12.989543
25506,77.569157,12.988627
25507,77.569264,12.991730
25508,77.569599,12.991159
25509,77.569921,12.987586
25510,77.571544,12.988827
25511,77.570413,12.989554
25512,77.570654,12.988511
25513,77.570816,12.988608
25514,77.570898,12.988673
25515,77.571266,12.989204
25516,77.570593,12.989477
25517,77.570767,12.989408
25518,77.570922,12.989353
25519,77.604751,13.017105
25520,77.604789,13.017361
25521,77.602963,13.014270
25522,77.603162,13.014223
25523,77.603171,13.014283
25524,77.603378,13.014227
25525,77.603579,13.014195
25526,77.603796,13.014162
25527,77.604142,13.014124
25528,77.603466,13.012603
25529,77.603545,13.013011
25530,77.603708,13.012375
25531,77.604153,13.012218
25532,77.604217,13.012935
25533,77.604729,13.012480
25534,77.604511,13.012957
25535,77.604782,13.012476
25536,77.604532,13.012147
25537,77.604901,13.011981
25538,77.605060,13.012219
25539,77.605252,13.012550
25540,77.605222,13.012150
25541,77.605417,13.012489
25542,77.605675,13.012569
25543,77.605744,13.012778
25544,77.605904,13.013078
25545,77.605760,13.012786
25546,77.605638,13.012883
25547,77.605754,13.013182
25548,77.605569,13.012954
25549,77.605932,13.012538
25550,77.605960,13.012172
25551,77.618539,13.025076
25552,77.619002,13.025127
25553,77.619420,13.025386
25554,77.619365,13.025085
25555,77.620568,13.024658
25556,77.620711,13.025542
25557,77.620363,13.023883
25558,77.620458,13.024471
25559,77.619690,13.022557
25560,77.619725,13.022961
25561,77.618774,13.023082
25562,77.618211,13.022582
25563,77.618162,13.022208
25564,77.616664,13.022685
25565,77.617163,13.022696
25566,77.617300,13.022703
25567,77.617328,13.022586
25568,77.617700,13.022240
25569,77.617436,13.022324
25570,77.619528,13.021300
25571,77.619603,13.021731
25572,77.619989,13.021965
25573,77.619965,13.021761
25574,77.620045,13.021300
25575,77.620569,13.020525
25576,77.620632,13.020735
25577,77.619709,13.020583
25578,77.620143,13.020161
25579,77.619867,13.020197
25580,77.619658,13.020011
25581,77.567892,12.988552
25582,77.568294,12.988556
25583,77.568527,12.988324
25584,77.568642,12.988395
25585,77.568448,12.987789
25586,77.569056,12.987835
25587,77.569680,12.987859
25588,77.567303,12.985368
25589,77.567317,12.985606
25590,77.567491,12.986391
25591,77.566993,12.986369
25592,77.567483,12.986628
25593,77.567027,12.986628
25594,77.567477,12.986922
25595,77.567071,12.986925
25596,77.568114,12.983128
25597,77.567881,12.983076
25598,77.567853,12.983860
25599,77.567692,12.982376
25600,77.619001,13.020643
25601,77.619616,13.019868
25602,77.619773,13.019453
25603,77.620140,13.019375
25604,77.620111,13.019218
25605,77.619907,13.019032
25606,77.619659,13.018070
25607,77.618708,13.018868
25608,77.618907,13.017892
25609,77.618970,13.018088
25610,77.619156,13.017634
25611,77.620935,13.019045
25612,77.620830,13.016919
25613,77.620633,13.017024
25614,77.621068,13.017034
25615,77.620980,13.016815
25616,77.620674,13.019731
25617,77.620923,13.019682
25618,77.621104,13.019651
25619,77.621158,13.019818
25620,77.618896,13.016694
25621,77.618950,13.016080
25622,77.620167,13.015514
25623,77.620232,13.015688
25624,77.620610,13.015300
25625,77.568344,12.985313
25626,77.569160,12.987543
25627,77.569203,12.986877
25628,77.569398,12.987554
25629,77.569415,12.986950
25630,77.581220,12.984717
25631,77.580927,12.985660
25632,77.570278,12.982380
25633,77.571354,12.985012
25634,77.570987,12.985278
25635,77.571794,12.984709
25636,77.581326,12.988751
25637,77.581833,12.988323
25638,77.620831,13.015453
25639,77.620717,13.015218
25640,77.619284,13.015445
25641,77.619686,13.015515
25642,77.619461,13.015374
25643,77.619397,13.015137
25644,77.619084,13.014654
25645,77.618489,13.014721
25646,77.618590,13.014769
25647,77.618642,13.014920
25648,77.618464,13.015418
25649,77.618711,13.015348
25650,77.617814,13.014409
25651,77.618312,13.015899
25652,77.618872,13.015820
25653,77.618780,13.015600
25654,77.620215,13.013296
25655,77.620400,13.013985
25656,77.620561,13.013624
25657,77.619848,13.013981
25658,77.619625,13.014061
25659,77.619523,13.013856
25660,77.620118,13.013310
25661,77.620086,13.013045
25662,77.619070,13.013132
25663,77.619158,13.013335
25664,77.619017,13.012970
25665,77.619168,13.012914
25666,77.618963,13.012803
25667,77.619135,13.012735
25668,77.619461,13.012040
25669,77.619512,13.012280
25670,77.619702,13.012005
25671,77.619760,13.012293
25672,77.617959,13.012193
25673,77.618200,13.012085
25674,77.617944,13.012109
25675,77.616922,13.012324
25676,77.617318,13.012221
25677,77.617605,13.012918
25678,77.618093,13.013728
25679,77.618243,13.013622
25680,77.617882,13.013048
25681,77.617590,13.009064
25682,77.617406,13.008668
25683,77.617594,13.008560
25684,77.617998,13.008483
25685,77.617739,13.009388
25686,77.617829,13.009733
25687,77.617741,13.009516
25688,77.616970,13.009251
25689,77.616116,13.008024
25690,77.616224,13.008215
25691,77.615768,13.009116
25692,77.613492,13.008751
25693,77.613973,13.008309
25694,77.615810,13.010482
25695,77.614214,13.010619
25696,77.614056,13.010708
25697,77.614026,13.010573
25698,77.614651,13.011265
25699,77.615016,13.011689
25700,77.615173,13.011948
25701,77.614968,13.012865
25702,77.615653,13.013040
25703,77.616361,13.012615
25704,77.616219,13.012672
25705,77.615561,13.014499
25706,77.615785,13.014818
25707,77.615704,13.014540
25708,77.614611,13.014762
25709,77.614974,13.015081
25710,77.614814,13.014670
25711,77.614228,13.014121
25712,77.614257,13.014206
25713,77.613922,13.014154
25714,77.613971,13.014451
25715,77.613740,13.014188
25716,77.613809,13.014723
25717,77.613324,13.014654
25718,77.613719,13.013569
25719,77.614383,13.013592
25720,77.614451,13.013874
25721,77.614543,13.013587
25722,77.614619,13.013863
25723,77.613044,13.013868
25724,77.613376,13.013864
25725,77.612776,13.014830
25726,77.612241,13.015587
25727,77.611511,13.014042
25728,77.610558,13.013435
25729,77.611058,13.013702
25730,77.610885,13.013329
25731,77.611195,13.012752
25732,77.610067,13.012349
25733,77.611257,13.012063
25734,77.610544,13.012280
25735,77.610697,13.012680
25736,77.611670,13.011596
25737,77.611851,13.012215
25738,77.611996,13.011482
25739,77.612078,13.011781
25740,77.611924,13.012533
25741,77.612133,13.013338
25742,77.609046,13.011871
25743,77.609147,13.012133
25744,77.609282,13.011726
25745,77.608588,13.011643
25746,77.608648,13.010319
25747,77.607786,13.019188
25748,77.608370,13.019066
25749,77.608148,13.018721
25750,77.608377,13.018678
25751,77.608983,13.018204
25752,77.609121,13.018804
25753,77.609763,13.018823
25754,77.609678,13.018492
25755,77.608769,13.018257
25756,77.608717,13.017975
25757,77.608873,13.020371
25758,77.611191,13.019899
25759,77.611244,13.020014
25760,77.611016,13.019983
25761,77.611070,13.020097
25762,77.610908,13.020153
25763,77.572572,12.990265
25764,77.573544,12.989715
25765,77.573861,12.989609
25766,77.573152,12.989185
25767,77.572268,12.986637
25768,77.572646,12.986641
25769,77.573009,12.986460
25770,77.573271,12.986671
25771,77.573543,12.986586
25772,77.573888,12.986546
25773,77.574493,12.986514
25774,77.574943,12.986585
25775,77.573851,12.986163
25776,77.574867,12.984145
25777,77.576254,12.983928
25778,77.576191,12.985146
25779,77.574850,12.985013
25780,77.573106,12.985305
25781,77.573087,12.985636
25782,77.572949,12.984814
25783,77.573407,12.984867
25784,77.574389,12.984936
25785,77.574381,12.985351
25786,77.612608,13.017503
25787,77.612669,13.017751
25788,77.613062,13.017662
25789,77.613369,13.017600
25790,77.613716,13.019017
25791,77.612708,13.019080
25792,77.613379,13.018981
25793,77.612685,13.018439
25794,77.612982,13.018382
25795,77.612697,13.018188
25796,77.612884,13.018185
25797,77.614023,13.018752
25798,77.614705,13.018589
25799,77.614598,13.018181
25800,77.614359,13.016057
25801,77.614179,13.017664
25802,77.614335,13.017599
25803,77.613766,13.015427
25804,77.615875,13.015374
25805,77.615970,13.015692
25806,77.616131,13.015603
25807,77.616938,13.017046
25808,77.617044,13.017367
25809,77.616117,13.017701
25810,77.615585,13.017901
25811,77.616367,13.019156
25812,77.616309,13.018924
25813,77.616606,13.019093
25814,77.616552,13.018848
25815,77.616665,13.019316
25816,77.616996,13.019219
25817,77.617279,13.019141
25818,77.616724,13.019511
25819,77.617049,13.019420
25820,77.617323,13.019341
25821,77.617750,13.018813
25822,77.617850,13.019183
25823,77.617896,13.018805
25824,77.617967,13.019100
25825,77.617690,13.018069
25826,77.618233,13.019046
25827,77.618423,13.018815
25828,77.618481,13.019039
25829,77.616809,13.019893
25830,77.617163,13.019790
25831,77.617390,13.019720
25832,77.617300,13.020233
25833,77.617473,13.020184
25834,77.616868,13.020584
25835,77.617127,13.020401
25836,77.617002,13.020049
25837,77.618617,13.020437
25838,77.618644,13.020636
25839,77.618362,13.020478
25840,77.618398,13.020638
25841,77.618369,13.017717
25842,77.610661,13.018426
25843,77.610634,13.018956
25844,77.610848,13.018871
25845,77.611615,13.020494
25846,77.614077,13.019960
25847,77.614570,13.019882
25848,77.613402,13.019635
25849,77.613890,13.019499
25850,77.614703,13.020508
25851,77.614007,13.021526
25852,77.613879,13.020852
25853,77.614511,13.021470
25854,77.614820,13.021623
25855,77.615323,13.021484
25856,77.614930,13.020807
25857,77.621051,13.021515
25858,77.611776,13.022480
25859,77.611582,13.021957
25860,77.575867,12.975402
25861,77.579444,12.980316
25862,77.579437,12.980122
25863,77.579367,12.980000
25864,77.579522,12.979587
25865,77.576465,12.977885
25866,77.576271,12.977881
25867,77.574325,12.978146
25868,77.574437,12.978353
25869,77.574451,12.977906
25870,77.574131,12.978727
25871,77.574155,12.978427
25872,77.574253,12.978744
25873,77.574263,12.978500
25874,77.577839,12.978088
25875,77.577855,12.978629
25876,77.577821,12.977464
25877,77.575449,12.985679
25878,77.575648,12.985700
25879,77.575316,12.990300
25880,77.575204,12.989942
25881,77.587342,12.990128
25882,77.589757,12.989311
25883,77.590549,12.990415
25884,77.590364,12.989697
25885,77.591679,12.988287
25886,77.591883,12.986352
25887,77.592091,12.986869
25888,77.592130,12.986367
25889,77.591930,12.986464
25890,77.592389,12.986710
25891,77.586882,12.986026
25892,77.586878,12.985539
25893,77.586635,12.981680
25894,77.588348,12.976383
25895,77.588311,12.976469
25896,77.588440,12.976425
25897,77.588038,12.977836
25898,77.587662,12.977693
25899,77.597719,12.972471
25900,77.597787,12.973094
25901,77.603103,12.973901
25902,77.602664,12.982397
25903,77.602563,12.982079
25904,77.599101,12.987253
25905,77.599354,12.987884
25906,77.599471,12.989100
25907,77.599914,12.988915
25908,77.599373,12.988864
25909,77.599807,12.988674
25910,77.599263,12.988614
25911,77.599706,12.988430
25912,77.601730,12.987593
25913,77.601507,12.987122
25914,77.601691,12.987101
25915,77.602136,12.988927
25916,77.601873,12.988779
25917,77.600257,12.986628
25918,77.600495,12.987488
25919,77.600844,12.987418
25920,77.600180,12.986492
25921,77.600859,12.986261
25922,77.601232,12.986641
25923,77.601206,12.986429
25924,77.601874,12.986093
25925,77.600361,12.986231
25926,77.600255,12.985971
25927,77.600901,12.986252
25928,77.600869,12.986117
25929,77.600751,12.985808
25930,77.600704,12.985725
25931,77.600518,12.986059
25932,77.600808,12.985950
25933,77.601115,12.985856
25934,77.601337,12.985789
25935,77.601061,12.985671
25936,77.601264,12.985589
25937,77.600092,12.985216
25938,77.600262,12.985582
25939,77.600413,12.985900
25940,77.600743,12.985669
25941,77.600587,12.985416
25942,77.600437,12.985098
25943,77.600486,12.985611
25944,77.600649,12.985520
25945,77.600431,12.985498
25946,77.600284,12.985161
25947,77.601080,12.985476
25948,77.600948,12.985212
25949,77.600855,12.985010
25950,77.598953,12.986028
25951,77.601433,12.986161
25952,77.601867,12.986025
25953,77.602194,12.986000
25954,77.601817,12.985483
25955,77.602349,12.985454
25956,77.602409,12.985770
25957,77.602329,12.985272
25958,77.602780,12.985720
25959,77.602747,12.985450
25960,77.603156,12.985404
25961,77.603139,12.985064
25962,77.603042,12.984489
25963,77.602469,12.984927
25964,77.602181,12.985262
25965,77.602155,12.984865
25966,77.601956,12.985247
25967,77.601941,12.984823
25968,77.603075,12.986664
25969,77.603499,12.986605
25970,77.602481,12.986638
25971,77.602398,12.987133
25972,77.601932,12.986967
25973,77.602278,12.987412
25974,77.602394,12.987599
25975,77.602479,12.987844
25976,77.602582,12.986640
25977,77.602450,12.987527
25978,77.602661,12.987479
25979,77.602030,12.987905
25980,77.602674,12.988376
25981,77.602661,12.988513
25982,77.602097,12.988556
25983,77.601721,12.988376
25984,77.601761,12.988558
25985,77.602799,12.989525
25986,77.602552,12.989000
25987,77.602862,12.988900
25988,77.602509,12.989207
25989,77.602402,12.988999
25990,77.597133,12.990248
25991,77.598938,12.990757
25992,77.598625,12.990021
25993,77.554711,12.975656
25994,77.554705,12.975540
25995,77.587141,12.991526
25996,77.587336,12.990590
25997,77.599941,12.981018
25998,77.606723,12.966217
25999,77.560257,12.974738
26000,77.560217,12.974741
26001,77.560194,12.973981
26002,77.559697,12.974764
26003,77.560217,12.973198
26004,77.560486,12.974343
26005,77.561038,12.974351
26006,77.561233,12.973718
26007,77.560989,12.973384
26008,77.560697,12.973803
26009,77.560648,12.973199
26010,77.561673,12.974963
26011,77.561939,12.974613
26012,77.562723,12.973898
26013,77.561793,12.973944
26014,77.561785,12.973660
26015,77.561997,12.973945
26016,77.562002,12.973658
26017,77.562173,12.973652
26018,77.562159,12.973110
26019,77.561975,12.973112
26020,77.561782,12.973120
26021,77.587361,12.968066
26022,77.565415,12.975602
26023,77.565352,12.975270
26024,77.565313,12.975225
26025,77.566043,12.975195
26026,77.565383,12.975435
26027,77.566060,12.975352
26028,77.564849,12.976275
26029,77.565416,12.976156
26030,77.565472,12.976748
26031,77.564779,12.976576
26032,77.564903,12.976990
26033,77.564927,12.976852
26034,77.567069,12.978473
26035,77.567013,12.978073
26036,77.566953,12.978483
26037,77.567013,12.978862
26038,77.566737,12.979278
26039,77.566687,12.978660
26040,77.565850,12.979339
26041,77.565809,12.978891
26042,77.565286,12.979379
26043,77.565246,12.978797
26044,77.565702,12.979639
26045,77.565056,12.979691
26046,77.565754,12.980198
26047,77.564772,12.980285
26048,77.564616,12.980830
26049,77.567115,12.980481
26050,77.565968,12.980643
26051,77.565952,12.980405
26052,77.564578,12.981346
26053,77.567177,12.981004
26054,77.566000,12.981150
26055,77.564555,12.978625
26056,77.564201,12.976851
26057,77.562334,12.972882
26058,77.562671,12.972963
26059,77.562830,12.972966
26060,77.562943,12.972875
26061,77.562963,12.975738
26062,77.562927,12.976453
26063,77.562749,12.976350
26064,77.562755,12.975707
26065,77.577972,13.000153
26066,77.614676,12.953545
26067,77.614366,12.953641
26068,77.614388,12.953738
26069,77.614368,12.954261
26070,77.615522,12.954549
26071,77.615438,12.954316
26072,77.613997,12.953729
26073,77.614356,12.953613
26074,77.618310,12.954620
26075,77.618139,12.954089
26076,77.617508,12.954584
26077,77.617167,12.954593
26078,77.618415,12.954638
26079,77.618461,12.954791
26080,77.618984,12.954623
26081,77.619511,12.953912
26082,77.619158,12.952905
26083,77.619309,12.953347
26084,77.619387,12.953559
26085,77.619858,12.954551
26086,77.617802,12.955252
26087,77.617499,12.951895
26088,77.617833,12.953022
26089,77.618500,12.952400
26090,77.618720,12.953113
26091,77.618704,12.952272
26092,77.618972,12.952994
26093,77.617931,12.953968
26094,77.618448,12.953826
26095,77.614894,12.952911
26096,77.615594,12.952711
26097,77.615811,12.952704
26098,77.614954,12.952868
26099,77.615040,12.952590
26100,77.620565,12.946496
26101,77.620304,12.946354
26102,77.616476,12.946919
26103,77.616169,12.946967
26104,77.616391,12.946650
26105,77.616185,12.946670
26106,77.616940,12.948355
26107,77.616629,12.948478
26108,77.616892,12.948208
26109,77.616545,12.948327
26110,77.616846,12.948071
26111,77.616510,12.948187
26112,77.616800,12.947930
26113,77.616488,12.948042
26114,77.616461,12.947876
26115,77.616707,12.947644
26116,77.616435,12.947730
26117,77.616662,12.947501
26118,77.616391,12.947587
26119,77.616614,12.947351
26120,77.616359,12.947440
26121,77.616567,12.947203
26122,77.616299,12.947268
26123,77.616258,12.947117
26124,77.613633,12.950065
26125,77.613718,12.949725
26126,77.613876,12.949723
26127,77.613606,12.953261
26128,77.614074,12.952849
26129,77.613535,12.953062
26130,77.613904,12.952403
26131,77.613380,12.952590
26132,77.616028,12.953214
26133,77.618233,12.947796
26134,77.618382,12.948077
26135,77.617053,12.946995
26136,77.617353,12.946851
26137,77.616873,12.947574
26138,77.613988,12.949589
26139,77.614349,12.949597
26140,77.619353,12.948404
26141,77.619287,12.948296
26142,77.618658,12.947892
26143,77.618657,12.947558
26144,77.618783,12.947809
26145,77.618806,12.947472
26146,77.618919,12.947713
26147,77.618938,12.947396
26148,77.619060,12.947613
26149,77.617449,12.947660
26150,77.617280,12.947738
26151,77.617600,12.947580
26152,77.614615,12.950004
26153,77.614996,12.950049
26154,77.616787,12.954431
26155,77.616516,12.955277
26156,77.614315,12.952307
26157,77.614639,12.952197
26158,77.616624,12.945348
26159,77.616781,12.945051
26160,77.616924,12.945385
26161,77.617904,12.945499
26162,77.617772,12.947454
26163,77.618069,12.947329
26164,77.614176,12.951982
26165,77.614923,12.951607
26166,77.618238,12.947227
26167,77.618538,12.947077
26168,77.614647,12.949725
26169,77.617336,12.947304
26170,77.617286,12.946679
26171,77.618472,12.949760
26172,77.609395,12.944111
26173,77.609379,12.943742
26174,77.609885,12.944516
26175,77.610196,12.944798
26176,77.610147,12.944607
26177,77.609763,12.944782
26178,77.603512,12.941265
26179,77.603754,12.941253
26180,77.608697,12.942367
26181,77.609167,12.942344
26182,77.609407,12.942473
26183,77.608727,12.950486
26184,77.609317,12.950407
26185,77.608604,12.942806
26186,77.608864,12.951347
26187,77.608384,12.951404
26188,77.608395,12.951265
26189,77.603630,12.949120
26190,77.608391,12.950236
26191,77.608443,12.950602
26192,77.608588,12.950590
26193,77.606125,12.950613
26194,77.608790,12.950976
26195,77.608293,12.951035
26196,77.605006,12.950209
26197,77.606753,12.941548
26198,77.607862,12.951126
26199,77.608893,12.951531
26200,77.608313,12.951604
26201,77.603655,12.951204
26202,77.603327,12.951296
26203,77.609678,12.949536
26204,77.611358,12.941825
26205,77.611940,12.942129
26206,77.611366,12.954963
26207,77.611518,12.954922
26208,77.611819,12.955055
26209,77.612411,12.955150
26210,77.612698,12.955150
26211,77.613718,12.954854
26212,77.612980,12.955047
26213,77.613154,12.955544
26214,77.613268,12.954981
26215,77.603185,12.951593
26216,77.612488,12.951453
26217,77.613028,12.951351
26218,77.613552,12.951262
26219,77.612625,12.952107
26220,77.612043,12.950985
26221,77.612989,12.952046
26222,77.612722,12.950801
26223,77.612850,12.950217
26224,77.613097,12.950354
26225,77.613724,12.950538
26226,77.613193,12.951099
26227,77.613190,12.951324
26228,77.613289,12.950615
26229,77.613387,12.951152
26230,77.613501,12.950670
26231,77.612512,12.950751
26232,77.612937,12.950852
26233,77.612837,12.950290
26234,77.612763,12.950606
26235,77.612730,12.951758
26236,77.613078,12.951544
26237,77.613579,12.951431
26238,77.613612,12.951561
26239,77.613115,12.951697
26240,77.613441,12.951919
26241,77.613518,12.952147
26242,77.610945,12.951613
26243,77.610869,12.951046
26244,77.611106,12.950870
26245,77.618500,12.944548
26246,77.619876,12.944206
26247,77.620178,12.944050
26248,77.613194,12.954816
26249,77.608202,12.943577
26250,77.615086,12.940423
26251,77.617235,12.948148
26252,77.617396,12.948072
26253,77.617077,12.948220
26254,77.615434,12.951774
26255,77.617288,12.946473
26256,77.617121,12.946562
26257,77.618690,12.948508
26258,77.619272,12.948033
26259,77.617245,12.945256
26260,77.618019,12.947684
26261,77.617324,12.949191
26262,77.617413,12.949353
26263,77.617788,12.949108
26264,77.619707,12.954573
26265,77.617580,12.946306
26266,77.617909,12.946171
26267,77.615109,12.950478
26268,77.618074,12.946054
26269,77.608330,12.939903
26270,77.608585,12.939865
26271,77.608364,12.940086
26272,77.608613,12.940046
26273,77.609644,12.949965
26274,77.610296,12.951655
26275,77.607356,12.950419
26276,77.608292,12.939692
26277,77.608495,12.939655
26278,77.608254,12.939488
26279,77.608482,12.939460
26280,77.603433,12.943828
26281,77.603651,12.943780
26282,77.605213,12.949704
26283,77.609301,12.942377
26284,77.603282,12.948503
26285,77.603133,12.948803
26286,77.603189,12.948971
26287,77.609434,12.943090
26288,77.607822,12.950821
26289,77.608266,12.950771
26290,77.608047,12.950797
26291,77.608127,12.940311
26292,77.608396,12.940298
26293,77.608421,12.944586
26294,77.609065,12.951875
26295,77.608849,12.950468
26296,77.607986,12.950296
26297,77.607744,12.940266
26298,77.608496,12.949862
26299,77.607550,12.950382
26300,77.619506,12.951630
26301,77.619587,12.951820
26302,77.619056,12.951319
26303,77.562943,12.977121
26304,77.562931,12.976700
26305,77.561916,12.977089
26306,77.562090,12.977066
26307,77.561176,12.977305
26308,77.561176,12.976939
26309,77.561427,12.977074
26310,77.561779,12.976392
26311,77.561405,12.976411
26312,77.561150,12.976034
26313,77.560273,12.976039
26314,77.561169,12.983169
26315,77.560954,12.983149
26316,77.562166,12.983192
26317,77.561684,12.983162
26318,77.562369,12.982902
26319,77.563488,12.984009
26320,77.563857,12.984043
26321,77.563645,12.983712
26322,77.563401,12.984286
26323,77.563298,12.984109
26324,77.564792,12.983728
26325,77.565984,12.984324
26326,77.566217,12.984280
26327,77.563353,12.985228
26328,77.564952,12.985521
26329,77.563925,12.985326
26330,77.564034,12.984952
26331,77.563549,12.985262
26332,77.563681,12.984838
26333,77.563548,12.984376
26334,77.563631,12.984209
26335,77.566440,12.985264
26336,77.566900,12.985758
26337,77.566893,12.985643
26338,77.567128,12.985634
26339,77.566561,12.988284
26340,77.564628,12.988775
26341,77.565084,12.988761
26342,77.565792,12.988749
26343,77.566557,12.988704
26344,77.566154,12.988939
26345,77.566150,12.988713
26346,77.560665,12.989080
26347,77.560423,12.988869
26348,77.560854,12.988920
26349,77.563866,12.986355
26350,77.564554,12.986509
26351,77.563411,12.986332
26352,77.564452,12.986739
26353,77.563891,12.987137
26354,77.564227,12.987213
26355,77.562071,12.987755
26356,77.562073,12.987140
26357,77.561649,12.988310
26358,77.561675,12.987784
26359,77.561694,12.988312
26360,77.561688,12.988548
26361,77.562295,12.988091
26362,77.562554,12.988077
26363,77.562311,12.988510
26364,77.563091,12.988477
26365,77.560489,12.985856
26366,77.560223,12.984777
26367,77.561661,12.985437
26368,77.561067,12.985378
26369,77.561689,12.985161
26370,77.561063,12.985081
26371,77.561713,12.984936
26372,77.561099,12.984857
26373,77.563828,12.990323
26374,77.564304,12.990310
26375,77.564283,12.990106
26376,77.564104,12.990123
26377,77.591679,12.957122
26378,77.591776,12.957231
26379,77.591198,12.956013
26380,77.590763,12.955058
26381,77.591108,12.956044
26382,77.590831,12.956187
26383,77.590975,12.956680
26384,77.591395,12.956574
26385,77.591727,12.957328
26386,77.591968,12.958409
26387,77.591579,12.957606
26388,77.591695,12.958085
26389,77.590572,12.960174
26390,77.592489,12.960393
26391,77.592591,12.960751
26392,77.592103,12.961718
26393,77.592621,12.961673
26394,77.592861,12.961145
26395,77.593031,12.961090
26396,77.586895,12.957612
26397,77.585648,12.959318
26398,77.585461,12.958538
26399,77.586773,12.960220
26400,77.586900,12.960728
26401,77.585822,12.961278
26402,77.585861,12.961562
26403,77.588167,12.959317
26404,77.588037,12.958819
26405,77.585800,12.965725
26406,77.586073,12.965457
26407,77.596015,12.969875
26408,77.597440,12.972501
26409,77.597980,12.971127
26410,77.567795,12.992640
26411,77.567880,12.992639
26412,77.570742,12.992381
26413,77.569966,12.992840
26414,77.569720,12.992348
26415,77.567871,12.990549
26416,77.567844,12.990952
26417,77.568019,12.990957
26418,77.568467,12.990761
26419,77.568493,12.992081
26420,77.568478,12.992343
26421,77.568932,12.992206
26422,77.568415,12.991145
26423,77.568445,12.991351
26424,77.569058,12.991954
26425,77.568845,12.991464
26426,77.569905,12.992347
26427,77.570453,12.992347
26428,77.567909,12.994635
26429,77.568421,12.994653
26430,77.569394,12.994009
26431,77.568751,12.993929
26432,77.568368,13.001902
26433,77.568361,13.002270
26434,77.568653,13.001907
26435,77.568649,13.002282
26436,77.568230,13.002732
26437,77.568222,13.002965
26438,77.569778,13.001912
26439,77.569778,13.002241
26440,77.569292,13.003279
26441,77.568971,13.003286
26442,77.588025,12.963343
26443,77.588170,12.963220
26444,77.589147,12.963259
26445,77.589039,12.963377
26446,77.589613,12.964919
26447,77.589269,12.965025
26448,77.589633,12.965018
26449,77.589296,12.965120
26450,77.589655,12.965116
26451,77.589356,12.965202
26452,77.589339,12.965302
26453,77.589731,12.965426
26454,77.590317,12.965347
26455,77.590312,12.964859
26456,77.590232,12.965167
26457,77.590200,12.964875
26458,77.590454,12.965141
26459,77.590423,12.964841
26460,77.590565,12.965129
26461,77.590535,12.964821
26462,77.590681,12.965114
26463,77.590644,12.964806
26464,77.590792,12.965101
26465,77.590755,12.964783
26466,77.592851,12.962357
26467,77.592838,12.963025
26468,77.593159,12.963029
26469,77.593148,12.963312
26470,77.593151,12.963508
26471,77.593250,12.964000
26472,77.592205,12.965996
26473,77.592189,12.965637
26474,77.570987,12.996960
26475,77.568171,13.005264
26476,77.600269,12.972326
26477,77.600202,12.971838
26478,77.582383,13.006964
26479,77.582091,13.006418
26480,77.602524,12.966844
26481,77.602364,12.967092
26482,77.602643,12.966917
26483,77.602459,12.967218
26484,77.602973,12.968102
26485,77.602379,12.967825
26486,77.597870,12.964038
26487,77.598386,12.963806
26488,77.594632,12.964484
26489,77.594419,12.962322
26490,77.597792,12.961922
26491,77.597483,12.961727
26492,77.596916,12.961800
26493,77.597513,12.961822
26494,77.597655,12.961590
26495,77.596560,12.960373
26496,77.596948,12.960336
26497,77.596564,12.960150
26498,77.596564,12.959837
26499,77.596792,12.959810
26500,77.596114,12.959411
26501,77.596167,12.959633
26502,77.595659,12.959504
26503,77.595685,12.959705
26504,77.595341,12.959566
26505,77.595430,12.960057
26506,77.597202,12.960768
26507,77.597327,12.960740
26508,77.598838,12.959012
26509,77.598393,12.959121
26510,77.597384,12.958912
26511,77.597869,12.958773
26512,77.597540,12.958529
26513,77.597797,12.958465
26514,77.596838,12.958762
26515,77.596183,12.959092
26516,77.594568,12.959127
26517,77.601925,12.957591
26518,77.603093,12.957207
26519,77.600060,12.957870
26520,77.600932,12.957623
26521,77.600432,12.957470
26522,77.600838,12.957342
26523,77.599377,12.957142
26524,77.599602,12.957597
26525,77.599733,12.955432
26526,77.596477,12.957087
26527,77.596441,12.956944
26528,77.600454,12.960084
26529,77.601888,12.959950
26530,77.599611,12.961027
26531,77.599898,12.960864
26532,77.602273,12.965560
26533,77.579667,13.002187
26534,77.579190,13.002289
26535,77.578889,13.002489
26536,77.579365,13.002792
26537,77.582743,13.003296
26538,77.582745,13.002886
26539,77.574333,13.003208
26540,77.574343,13.003927
26541,77.579430,13.003707
26542,77.581661,13.003095
26543,77.581937,13.003080
26544,77.581317,13.002752
26545,77.581165,13.002757
26546,77.581474,13.002746
26547,77.579359,13.002336
26548,77.579499,13.002788
26549,77.579502,13.002276
26550,77.637752,12.992642
26551,77.637716,12.992450
26552,77.638138,12.992570
26553,77.638080,12.992340
26554,77.638421,12.992503
26555,77.638377,12.992243
26556,77.621266,12.992991
26557,77.621404,12.992309
26558,77.621379,12.992433
26559,77.621253,12.992398
26560,77.621494,12.993055
26561,77.621647,12.992220
26562,77.621165,12.992962
26563,77.621145,12.993211
26564,77.621285,12.993229
26565,77.621270,12.993286
26566,77.621665,12.993402
26567,77.621193,12.993584
26568,77.621573,12.993676
26569,77.621070,12.994000
26570,77.621243,12.994016
26571,77.622299,12.993237
26572,77.622294,12.992672
26573,77.622683,12.992604
26574,77.623013,12.991904
26575,77.623239,12.993165
26576,77.623209,12.992779
26577,77.624095,12.992756
26578,77.624526,12.992646
26579,77.624532,12.992176
26580,77.624428,12.992643
26581,77.624426,12.992218
26582,77.624336,12.992638
26583,77.624340,12.992242
26584,77.624106,12.991936
26585,77.625489,12.993130
26586,77.625702,12.993154
26587,77.625762,12.992706
26588,77.624623,12.993998
26589,77.624534,12.993794
26590,77.623460,12.994103
26591,77.623881,12.994001
26592,77.624636,12.995297
26593,77.624731,12.995421
26594,77.622166,12.994254
26595,77.622149,12.993734
26596,77.622457,12.994219
26597,77.622443,12.993716
26598,77.622556,12.993746
26599,77.622574,12.994048
26600,77.622720,12.994038
26601,77.622107,12.994695
26602,77.621768,12.994585
26603,77.621725,12.994255
26604,77.621524,12.994625
26605,77.621477,12.994306
26606,77.621412,12.995186
26607,77.621658,12.995212
26608,77.621623,12.994810
26609,77.622038,12.995099
26610,77.622066,12.995283
26611,77.621811,12.995202
26612,77.621840,12.995395
26613,77.622597,12.995204
26614,77.622558,12.995021
26615,77.622764,12.994970
26616,77.621593,12.995537
26617,77.622108,12.995687
26618,77.622839,12.995712
26619,77.621099,12.998606
26620,77.626204,13.007609
26621,77.626008,13.007163
26622,77.626544,13.008089
26623,77.626599,13.007611
26624,77.627246,13.007490
26625,77.627286,13.007884
26626,77.627159,13.007060
26627,77.627380,13.007043
26628,77.628956,13.007386
26629,77.629054,13.007792
26630,77.628796,13.006921
26631,77.628885,13.007197
26632,77.629921,13.007399
26633,77.630273,13.007327
26634,77.630496,13.007178
26635,77.630223,13.006607
26636,77.630234,13.007064
26637,77.630092,13.006628
26638,77.630139,13.006895
26639,77.630226,13.006376
26640,77.630162,13.006037
26641,77.630102,13.005714
26642,77.629991,13.005386
26643,77.629647,13.005801
26644,77.629624,13.005698
26645,77.629452,13.005641
26646,77.629511,13.005828
26647,77.629608,13.006177
26648,77.629430,13.006218
26649,77.629347,13.005859
26650,77.629295,13.005700
26651,77.630200,13.006259
26652,77.630680,13.006183
26653,77.630682,13.005601
26654,77.630849,13.006519
26655,77.630821,13.005576
26656,77.630877,13.005860
26657,77.630956,13.005551
26658,77.631027,13.005839
26659,77.631886,13.005919
26660,77.631788,13.005052
26661,77.631972,13.005598
26662,77.632209,13.005677
26663,77.632139,13.005312
26664,77.632074,13.004997
26665,77.632425,13.005630
26666,77.632352,13.005274
26667,77.632462,13.005254
26668,77.632400,13.004937
26669,77.632552,13.005238
26670,77.632493,13.004942
26671,77.632938,13.004926
26672,77.632398,13.005790
26673,77.632953,13.005516
26674,77.633423,13.005081
26675,77.633459,13.005252
26676,77.633513,13.005065
26677,77.633455,13.004690
26678,77.633805,13.005010
26679,77.633769,13.004815
26680,77.633958,13.004793
26681,77.634183,13.004621
26682,77.634255,13.004613
26683,77.634174,13.004278
26684,77.634218,13.004930
26685,77.634274,13.005192
26686,77.633573,13.005551
26687,77.633784,13.005503
26688,77.633611,13.005842
26689,77.633844,13.005731
26690,77.633721,13.006049
26691,77.633754,13.006194
26692,77.634903,13.005903
26693,77.634861,13.005431
26694,77.635900,13.004814
26695,77.635874,13.005038
26696,77.635940,13.004429
26697,77.632372,13.007736
26698,77.632379,13.007955
26699,77.632576,13.007719
26700,77.632585,13.008089
26701,77.632447,13.007730
26702,77.632430,13.007439
26703,77.632868,13.007402
26704,77.632138,13.007464
26705,77.634256,13.006981
26706,77.635269,13.007786
26707,77.635288,13.007585
26708,77.637795,13.007926
26709,77.637761,13.007287
26710,77.638038,13.007301
26711,77.636108,13.005661
26712,77.636377,13.005688
26713,77.635791,13.002559
26714,77.638009,13.002471
26715,77.638071,13.002262
26716,77.638412,13.002357
26717,77.638152,13.001989
26718,77.638490,13.002100
26719,77.638250,13.001660
26720,77.638601,13.001754
26721,77.636922,13.002126
26722,77.637118,13.002127
26723,77.637330,13.001836
26724,77.636865,13.001377
26725,77.637224,13.000683
26726,77.637197,13.000457
26727,77.638148,13.000648
26728,77.638429,13.000644
26729,77.632143,12.998221
26730,77.632196,12.998395
26731,77.632291,12.998196
26732,77.632340,12.998352
26733,77.632447,12.998171
26734,77.632485,12.998283
26735,77.632592,12.998147
26736,77.632618,12.998257
26737,77.632730,12.998124
26738,77.632764,12.998230
26739,77.631898,12.997858
26740,77.632841,12.997674
26741,77.632365,12.997875
26742,77.632867,12.997789
26743,77.573889,12.999470
26744,77.572302,13.000242
26745,77.571781,13.000225
26746,77.572438,13.000077
26747,77.573138,12.999854
26748,77.573264,12.999854
26749,77.572324,12.999672
26750,77.572547,12.999671
26751,77.574081,12.998931
26752,77.572646,12.998927
26753,77.572650,12.999272
26754,77.572643,12.998648
26755,77.575756,12.998599
26756,77.575457,12.998613
26757,77.575131,12.998361
26758,77.574700,12.998338
26759,77.574640,12.997554
26760,77.574053,12.996776
26761,77.573590,12.996779
26762,77.574840,12.998065
26763,77.575209,12.997466
26764,77.575515,12.997543
26765,77.575530,12.998132
26766,77.575961,12.997591
26767,77.576172,12.996869
26768,77.575740,12.996535
26769,77.576674,12.997893
26770,77.576898,12.997609
26771,77.576943,12.996712
26772,77.571710,13.002661
26773,77.571277,13.002642
26774,77.572232,13.002226
26775,77.571724,13.002220
26776,77.573066,13.001991
26777,77.572810,13.002393
26778,77.572525,13.001867
26779,77.572546,13.001390
26780,77.572759,13.001508
26781,77.573786,13.000644
26782,77.573888,13.001034
26783,77.630821,12.997276
26784,77.631560,12.996213
26785,77.631642,12.996396
26786,77.631401,12.996506
26787,77.631766,12.996336
26788,77.630616,12.997239
26789,77.630722,12.996868
26790,77.631166,12.996691
26791,77.629784,12.997848
26792,77.630083,12.997726
26793,77.629363,12.997743
26794,77.629163,12.997229
26795,77.629575,12.998838
26796,77.628828,12.997587
26797,77.628481,12.997506
26798,77.628521,12.997117
26799,77.628908,12.996606
26800,77.630942,12.996201
26801,77.631119,12.996112
26802,77.629997,12.995870
26803,77.629516,12.995776
26804,77.632422,12.995393
26805,77.629646,12.994888
26806,77.630410,12.994647
26807,77.628701,12.994983
26808,77.628625,12.995459
26809,77.628492,12.995954
26810,77.628492,12.995800
26811,77.628563,12.995596
26812,77.628106,12.996203
26813,77.628351,12.996824
26814,77.627699,12.997092
26815,77.627701,12.997217
26816,77.627830,12.997093
26817,77.627831,12.997184
26818,77.628417,12.998110
26819,77.628279,12.997732
26820,77.628063,12.997476
26821,77.628195,12.997440
26822,77.628320,12.997401
26823,77.628182,12.997319
26824,77.638925,12.993649
26825,77.638888,12.999170
26826,77.639107,12.998911
26827,77.633458,13.001479
26828,77.632125,13.000954
26829,77.631594,13.001347
26830,77.632250,13.001354
26831,77.630402,13.001172
26832,77.630839,13.001254
26833,77.627121,12.998815
26834,77.626258,13.000404
26835,77.622005,12.999645
26836,77.622307,12.999541
26837,77.623852,13.001404
26838,77.623914,13.001601
26839,77.624908,13.001854
26840,77.624787,13.001517
26841,77.622981,13.003542
26842,77.623050,13.003642
26843,77.628370,13.002769
26844,77.628314,13.002487
26845,77.628659,13.002715
26846,77.628561,13.001993
26847,77.629055,13.002848
26848,77.629238,13.002845
26849,77.625877,13.006315
26850,77.625530,13.005479
26851,77.626227,13.005228
26852,77.626144,13.004986
26853,77.625502,13.004957
26854,77.625555,13.005114
26855,77.626584,13.005093
26856,77.626488,13.004857
26857,77.622557,13.005541
26858,77.622404,13.005191
26859,77.622967,13.005359
26860,77.621292,13.007321
26861,77.621186,13.007115
26862,77.621633,13.007812
26863,77.621538,13.007570
26864,77.621278,13.007914
26865,77.621204,13.007718
26866,77.630905,13.003044
26867,77.630947,13.002656
26868,77.631236,13.003100
26869,77.631285,13.002804
26870,77.630363,13.001975
26871,77.630708,13.002039
26872,77.632079,13.003874
26873,77.632358,13.003815
26874,77.632498,13.003793
26875,77.632411,13.003569
26876,77.577819,13.000675
26877,77.578825,13.000155
26878,77.577593,13.000333
26879,77.577741,13.000345
26880,77.578234,13.000365
26881,77.577609,12.999897
26882,77.578157,12.999862
26883,77.578520,12.999854
26884,77.577004,12.999651
26885,77.577338,12.999660
26886,77.579349,13.000348
26887,77.579368,13.000757
26888,77.579301,12.999712
26889,77.579249,13.001206
26890,77.578907,13.001265
26891,77.576412,12.998972
26892,77.576412,12.999431
26893,77.579650,12.999101
26894,77.579661,12.999399
26895,77.580150,12.999373
26896,77.580312,13.000828
26897,77.580302,13.000542
26898,77.580988,13.000232
26899,77.580971,12.999913
26900,77.581234,13.001246
26901,77.581080,13.001250
26902,77.581250,13.001519
26903,77.581586,13.001501
26904,77.578181,13.001405
26905,77.578270,13.001850
26906,77.576962,13.001055
26907,77.577235,13.001514
26908,77.567645,13.007383
26909,77.567641,13.007126
26910,77.568745,13.007328
26911,77.568742,13.006966
26912,77.569873,13.006831
26913,77.574134,13.005415
26914,77.574138,13.004933
26915,77.574615,13.006316
26916,77.575396,13.005421
26917,77.575374,13.004895
26918,77.575631,13.004884
26919,77.573111,13.006741
26920,77.572308,13.006724
26921,77.576836,13.007012
26922,77.576481,13.007040
26923,77.571831,13.003385
26924,77.571852,13.003769
26925,77.580701,12.996254
26926,77.581316,12.996020
26927,77.581226,12.997188
26928,77.581287,12.997343
26929,77.582306,12.995843
26930,77.582089,12.995595
26931,77.581897,12.995368
26932,77.581811,12.995699
26933,77.582255,12.995079
26934,77.582036,12.995252
26935,77.581074,12.998676
26936,77.581079,12.998883
26937,77.581471,12.998670
26938,77.581463,12.998914
26939,77.568292,13.001202
26940,77.568713,13.001204
26941,77.577138,12.998813
26942,77.578251,12.996800
26943,77.578664,12.996779
26944,77.577091,12.996172
26945,77.577283,12.996176
26946,77.577391,12.996167
26947,77.576798,12.995591
26948,77.577123,12.995533
26949,77.575966,12.994877
26950,77.576029,12.995162
26951,77.577411,12.993927
26952,77.577058,12.994310
26953,77.576868,12.992866
26954,77.576616,12.992714
26955,77.576920,12.992648
26956,77.576686,12.992507
26957,77.579880,12.991688
26958,77.579628,12.991803
26959,77.578425,12.990515
26960,77.573192,12.993016
26961,77.573634,12.992357
26962,77.573514,12.992371
26963,77.571813,12.992916
26964,77.572202,12.991036
26965,77.573323,12.991742
26966,77.580603,12.995252
26967,77.580948,12.995172
26968,77.570422,13.005947
26969,77.580260,12.992402
26970,77.580022,12.992538
26971,77.574667,12.994402
26972,77.574771,12.994770
26973,77.574854,12.994135
26974,77.574521,12.991457
26975,77.575260,12.991015
26976,77.576525,13.002822
26977,77.575580,13.002009
26978,77.608531,12.950235
26979,77.608569,12.950232
26980,77.632769,12.938447
26981,77.632689,12.938572
26982,77.612328,12.934268
26983,77.622732,12.942569
26984,77.622686,12.942527
26985,77.622738,12.942481
26986,77.627609,13.008560
26987,77.634795,13.009325
26988,77.623252,13.023761
26989,77.638745,13.013552
26990,77.638712,13.013220
26991,77.623355,13.019068
26992,77.638358,13.019141
26993,77.626160,13.008420
26994,77.625705,13.008535
26995,77.626275,13.008237
26996,77.626500,13.008081
26997,77.627041,13.008195
26998,77.627287,13.007941
26999,77.638955,13.013544
27000,77.638917,13.013178
27001,77.639013,13.012704
27002,77.639048,13.013165
27003,77.630521,13.025141
27004,77.631048,13.025061
27005,77.634765,13.009622
27006,77.626616,13.013868
27007,77.627102,13.013706
27008,77.625987,13.013493
27009,77.635137,13.013231
27010,77.635156,13.012988
27011,77.634959,13.013246
27012,77.634931,13.013011
27013,77.634742,13.013264
27014,77.634512,13.013278
27015,77.634487,13.013040
27016,77.634299,13.013295
27017,77.634276,13.013064
27018,77.626527,13.009473
27019,77.626565,13.009623
27020,77.631141,13.024327
27021,77.630460,13.024436
27022,77.631057,13.024340
27023,77.630979,13.023886
27024,77.630770,13.023911
27025,77.623741,13.012997
27026,77.627141,13.010744
27027,77.627544,13.010654
27028,77.626146,13.008729
27029,77.626343,13.009058
27030,77.626517,13.009049
27031,77.627052,13.008799
27032,77.627040,13.009058
27033,77.628973,13.012728
27034,77.628963,13.012439
27035,77.630431,13.013291
27036,77.630451,13.012939
27037,77.633259,13.008253
27038,77.633478,13.008262
27039,77.633741,13.007886
27040,77.633733,13.008278
27041,77.630059,13.008131
27042,77.622076,13.013509
27043,77.624300,13.021200
27044,77.624327,13.020749
27045,77.637328,13.016956
27046,77.622919,13.017513
27047,77.622458,13.017679
27048,77.636909,13.008077
27049,77.630762,13.020857
27050,77.638653,13.014344
27051,77.638657,13.014061
27052,77.629402,13.013219
27053,77.629694,13.013236
27054,77.631720,13.013276
27055,77.630695,13.009309
27056,77.630814,13.008795
27057,77.622943,13.014574
27058,77.622718,13.014679
27059,77.623065,13.014828
27060,77.623162,13.015032
27061,77.623334,13.014949
27062,77.621928,13.021642
27063,77.621873,13.021248
27064,77.638183,13.017540
27065,77.638147,13.017143
27066,77.628349,13.009829
27067,77.628013,13.009613
27068,77.628293,13.009566
27069,77.631163,13.016497
27070,77.630380,13.016935
27071,77.630315,13.016634
27072,77.637813,13.016964
27073,77.637835,13.017048
27074,77.621184,13.016728
27075,77.622124,13.013042
27076,77.621951,13.012623
27077,77.637381,13.017470
27078,77.637240,13.016992
27079,77.634543,13.021820
27080,77.638488,13.022339
27081,77.638332,13.021900
27082,77.637570,13.013639
27083,77.637521,13.013421
27084,77.625290,13.012231
27085,77.625115,13.012648
27086,77.631445,13.019814
27087,77.631235,13.019825
27088,77.631914,13.009260
27089,77.632239,13.009047
27090,77.626137,13.012633
27091,77.626521,13.012518
27092,77.623486,13.012742
27093,77.623501,13.012305
27094,77.623766,13.012298
27095,77.635705,13.012633
27096,77.623542,13.023713
27097,77.631632,13.025330
27098,77.632203,13.025281
27099,77.631551,13.025074
27100,77.634209,13.014697
27101,77.634184,13.014245
27102,77.591628,12.954361
27103,77.631093,13.020525
27104,77.631084,13.020898
27105,77.638462,13.020973
27106,77.634857,13.009766
27107,77.634827,13.010007
27108,77.635126,13.009797
27109,77.635093,13.010058
27110,77.634095,13.009873
27111,77.627753,13.019141
27112,77.627909,13.019006
27113,77.637236,13.009625
27114,77.637257,13.009810
27115,77.633407,13.012910
27116,77.633391,13.012663
27117,77.630100,13.019929
27118,77.630632,13.019892
27119,77.628457,13.010337
27120,77.628779,13.010301
27121,77.630949,13.014362
27122,77.630732,13.014361
27123,77.627874,13.010098
27124,77.628102,13.010064
27125,77.628385,13.009998
27126,77.632883,13.008418
27127,77.632243,13.008696
27128,77.632111,13.008517
27129,77.638448,13.017504
27130,77.633577,13.009627
27131,77.633598,13.009428
27132,77.627453,13.009460
27133,77.628594,13.009195
27134,77.628172,13.009058
27135,77.637584,13.015158
27136,77.637778,13.015744
27137,77.631241,13.015075
27138,77.623919,13.015624
27139,77.623810,13.015408
27140,77.637526,13.011036
27141,77.637502,13.010606
27142,77.636797,13.008457
27143,77.625098,13.013036
27144,77.628031,13.008063
27145,77.624741,13.008707
27146,77.623015,13.009874
27147,77.622775,13.009442
27148,77.638659,13.009725
27149,77.638867,13.009805
27150,77.636331,13.010867
27151,77.636353,13.011122
27152,77.636615,13.010833
27153,77.636636,13.011032
27154,77.631205,13.022529
27155,77.622875,13.018047
27156,77.634428,13.010512
27157,77.627105,13.011807
27158,77.627584,13.012172
27159,77.627167,13.012085
27160,77.627569,13.012049
27161,77.627142,13.011971
27162,77.627546,13.011921
27163,77.627655,13.012573
27164,77.626483,13.012381
27165,77.627183,13.012170
27166,77.621922,13.012358
27167,77.621725,13.011371
27168,77.625907,13.009992
27169,77.626413,13.009915
27170,77.627832,13.012950
27171,77.626469,13.015226
27172,77.626841,13.015028
27173,77.625642,13.011198
27174,77.631751,13.014152
27175,77.631365,13.014171
27176,77.624560,13.012858
27177,77.627355,13.009860
27178,77.628321,13.009698
27179,77.632279,13.009529
27180,77.632988,13.018004
27181,77.632841,13.017309
27182,77.633752,13.020207
27183,77.634214,13.020194
27184,77.630845,13.010419
27185,77.630688,13.010213
27186,77.638681,13.010422
27187,77.638441,13.010463
27188,77.637958,13.016101
27189,77.638137,13.016707
27190,77.635131,13.008994
27191,77.622399,13.017174
27192,77.637735,13.017922
27193,77.631072,13.014785
27194,77.631063,13.014483
27195,77.637339,13.012850
27196,77.633781,13.008713
27197,77.633760,13.008921
27198,77.633353,13.009197
27199,77.633380,13.008954
27200,77.626112,13.014532
27201,77.625866,13.014631
27202,77.637081,13.021237
27203,77.637131,13.020161
27204,77.621716,13.009076
27205,77.621528,13.009273
27206,77.621371,13.008173
27207,77.621536,13.008027
27208,77.621679,13.007799
27209,77.621775,13.008028
27210,77.624848,13.008322
27211,77.629221,13.008775
27212,77.635158,13.008480
27213,77.635174,13.008295
27214,77.635821,13.013093
27215,77.628443,13.008246
27216,77.628926,13.008127
27217,77.633393,13.017019
27218,77.633549,13.017432
27219,77.623615,13.011763
27220,77.625573,13.024518
27221,77.636804,13.009655
27222,77.624720,13.014901
27223,77.633631,13.011834
27224,77.621522,13.017029
27225,77.621703,13.016950
27226,77.626736,13.012589
27227,77.637960,13.013247
27228,77.626229,13.013944
27229,77.635424,13.015215
27230,77.635490,13.015570
27231,77.625911,13.023293
27232,77.625658,13.023204
27233,77.628656,13.009543
27234,77.629459,13.009472
27235,77.636917,13.020489
27236,77.622191,13.019906
27237,77.623368,13.019780
27238,77.624523,13.025236
27239,77.624793,13.025208
27240,77.583655,12.941966
27241,77.567486,12.945059
27242,77.567054,12.944988
27243,77.569514,12.949164
27244,77.570052,12.949176
27245,77.579822,12.938562
27246,77.567800,12.944727
27247,77.567174,12.944776
27248,77.567216,12.944443
27249,77.575922,12.940600
27250,77.575237,12.950242
27251,77.575693,12.949893
27252,77.578130,12.946295
27253,77.577601,12.950102
27254,77.573676,12.943799
27255,77.581888,12.940440
27256,77.581673,12.940449
27257,77.568940,12.949836
27258,77.566878,12.954784
27259,77.568256,12.952518
27260,77.568830,12.952498
27261,77.572280,12.949283
27262,77.573672,12.949283
27263,77.567640,12.949227
27264,77.584405,12.939042
27265,77.584519,12.939040
27266,77.574910,12.939044
27267,77.569912,12.951644
27268,77.570415,12.951656
27269,77.567074,12.949727
27270,77.566826,12.954246
27271,77.567464,12.954281
27272,77.568523,12.950428
27273,77.572205,12.938946
27274,77.572206,12.938714
27275,77.573693,12.942745
27276,77.573129,12.942743
27277,77.568882,12.951150
27278,77.581560,12.949724
27279,77.581626,12.950195
27280,77.581490,12.949752
27281,77.580428,12.949935
27282,77.580063,12.953414
27283,77.580066,12.953560
27284,77.580466,12.953476
27285,77.580059,12.953211
27286,77.580328,12.952827
27287,77.582993,12.954694
27288,77.582903,12.954173
27289,77.583205,12.954657
27290,77.582219,12.954281
27291,77.580843,12.949874
27292,77.580831,12.949599
27293,77.582185,12.952765
27294,77.582104,12.952328
27295,77.582138,12.952537
27296,77.583244,12.952312
27297,77.581079,12.953251
27298,77.580487,12.953399
27299,77.581122,12.953364
27300,77.580503,12.953517
27301,77.575735,12.954247
27302,77.575258,12.954261
27303,77.581811,12.950765
27304,77.582133,12.950722
27305,77.572264,12.953991
27306,77.573338,12.953979
27307,77.576881,12.954943
27308,77.576495,12.954994
27309,77.579601,12.952770
27310,77.576345,12.953268
27311,77.576766,12.953267
27312,77.580054,12.950947
27313,77.580343,12.950943
27314,77.580902,12.949867
27315,77.580967,12.950325
27316,77.583553,12.953653
27317,77.583483,12.953317
27318,77.577940,12.953046
27319,77.583391,12.953923
27320,77.583633,12.953156
27321,77.578311,12.952052
27322,77.622830,13.014336
27323,77.613826,12.973684
27324,77.608772,12.977122
27325,77.608797,12.977244
27326,77.608716,12.977275
27327,77.608672,12.977155
27328,77.602388,12.979205
27329,77.602501,12.979170
27330,77.614389,12.975396
27331,77.625126,12.965902
27332,77.563005,12.991227
27333,77.562257,12.991297
27334,77.561130,12.991422
27335,77.562220,12.991053
27336,77.562583,12.991027
27337,77.563486,12.991433
27338,77.563480,12.991131
27339,77.562154,12.990648
27340,77.561478,12.990706
27341,77.562408,12.990414
27342,77.562357,12.990240
27343,77.564126,12.991420
27344,77.564143,12.991227
27345,77.564708,12.993185
27346,77.564298,12.991991
27347,77.565114,12.991855
27348,77.564801,12.991359
27349,77.564409,12.992544
27350,77.564200,12.992577
27351,77.564496,12.992926
27352,77.564312,12.992970
27353,77.563152,12.992165
27354,77.563784,12.992030
27355,77.562702,12.993540
27356,77.563169,12.993458
27357,77.563162,12.994195
27358,77.563107,12.993867
27359,77.562966,12.994411
27360,77.563327,12.994365
27361,77.563235,12.995144
27362,77.563216,12.994802
27363,77.564036,12.994549
27364,77.563725,12.995285
27365,77.564595,12.995122
27366,77.564984,12.995059
27367,77.563199,12.995400
27368,77.564337,12.994083
27369,77.564293,12.993612
27370,77.564509,12.994055
27371,77.564453,12.993592
27372,77.565338,12.995606
27373,77.564965,12.993982
27374,77.565548,12.995613
27375,77.565611,12.995123
27376,77.565399,12.995143
27377,77.565853,12.994851
27378,77.565830,12.995314
27379,77.565281,12.994636
27380,77.565535,12.994588
27381,77.565224,12.994394
27382,77.565744,12.993488
27383,77.564546,12.995962
27384,77.564300,12.996013
27385,77.564201,12.991442
27386,77.564212,12.991500
27387,77.565663,12.996727
27388,77.564912,12.996343
27389,77.560221,12.992944
27390,77.560284,12.992522
27391,77.560204,12.993963
27392,77.560538,12.992013
27393,77.561011,12.992108
27394,77.561234,12.991851
27395,77.561451,12.992088
27396,77.561439,12.991887
27397,77.560342,12.993959
27398,77.560383,12.994489
27399,77.560475,12.995026
27400,77.560207,12.995082
27401,77.560146,12.994725
27402,77.559828,12.994254
27403,77.560073,12.994217
27404,77.560157,12.997833
27405,77.560080,12.997516
27406,77.560616,12.997262
27407,77.560600,12.999458
27408,77.560532,12.999123
27409,77.560848,12.999409
27410,77.560765,12.999063
27411,77.561365,13.000992
27412,77.560956,13.000497
27413,77.561044,13.001031
27414,77.560172,13.000054
27415,77.565169,13.007506
27416,77.565155,13.007207
27417,77.565404,13.007494
27418,77.565381,13.006982
27419,77.565738,13.005223
27420,77.565945,13.005629
27421,77.566192,13.004608
27422,77.566747,13.004611
27423,77.566765,13.003872
27424,77.566511,13.003877
27425,77.567184,13.003686
27426,77.563925,13.004253
27427,77.562653,13.003277
27428,77.562296,13.003146
27429,77.561233,13.003294
27430,77.561325,13.003282
27431,77.561409,13.002916
27432,77.561403,13.003070
27433,77.561235,13.005315
27434,77.561442,13.005082
27435,77.561442,13.005320
27436,77.560818,13.007715
27437,77.560619,13.003549
27438,77.560759,13.003994
27439,77.560051,13.003414
27440,77.560038,13.003321
27441,77.560746,13.002679
27442,77.560797,13.002972
27443,77.562485,13.001853
27444,77.562633,13.002604
27445,77.562928,13.002689
27446,77.563621,13.001282
27447,77.564361,13.001305
27448,77.565088,13.000334
27449,77.565148,13.000406
27450,77.565433,13.000414
27451,77.566013,13.000032
27452,77.565994,13.000320
27453,77.564744,13.000690
27454,77.565423,13.000697
27455,77.566155,13.000713
27456,77.565411,13.000997
27457,77.564966,13.000981
27458,77.565399,13.001358
27459,77.564896,13.001478
27460,77.565393,13.001490
27461,77.566833,13.001218
27462,77.563258,12.999870
27463,77.563219,12.999641
27464,77.562280,13.000014
27465,77.565361,13.002300
27466,77.564811,13.002305
27467,77.565351,13.002690
27468,77.564798,13.002684
27469,77.564658,13.002819
27470,77.566264,13.003221
27471,77.565734,13.003210
27472,77.565893,13.002566
27473,77.565882,13.002972
27474,77.561674,12.954642
27475,77.561038,12.954637
27476,77.560516,12.953591
27477,77.560655,12.954073
27478,77.560705,12.953530
27479,77.560830,12.953969
27480,77.560776,12.953779
27481,77.561701,12.953648
27482,77.561070,12.953690
27483,77.561144,12.953990
27484,77.562024,12.953757
27485,77.562035,12.953368
27486,77.562105,12.955175
27487,77.562613,12.955198
27488,77.563432,12.954706
27489,77.562444,12.953264
27490,77.563240,12.953449
27491,77.562531,12.952983
27492,77.563279,12.953207
27493,77.563372,12.953087
27494,77.560445,12.941405
27495,77.560426,12.940988
27496,77.560605,12.941815
27497,77.561006,12.941835
27498,77.561758,12.942017
27499,77.562239,12.942048
27500,77.561934,12.942895
27501,77.561903,12.943208
27502,77.560807,12.943883
27503,77.560377,12.943980
27504,77.562479,12.945720
27505,77.561268,12.947194
27506,77.562312,12.946970
27507,77.573374,12.953208
27508,77.582310,12.954775
27509,77.607964,12.981541
27510,77.608281,12.981604
27511,77.564990,12.955142
27512,77.564904,12.954684
27513,77.565492,12.954626
27514,77.566151,12.954500
27515,77.565358,12.954304
27516,77.566097,12.954183
27517,77.566864,12.953838
27518,77.566852,12.953432
27519,77.565506,12.953832
27520,77.564888,12.953354
27521,77.564608,12.953460
27522,77.564858,12.953294
27523,77.565340,12.942847
27524,77.565716,12.942724
27525,77.565112,12.938927
27526,77.564957,12.938499
27527,77.564820,12.938079
27528,77.564244,12.937864
27529,77.564258,12.937632
27530,77.561804,12.938139
27531,77.561783,12.937918
27532,77.563883,12.951288
27533,77.564385,12.951363
27534,77.563096,12.950131
27535,77.563357,12.950020
27536,77.562929,12.950827
27537,77.563630,12.950716
27538,77.565522,12.951114
27539,77.565244,12.950473
27540,77.564944,12.950449
27541,77.566640,12.949766
27542,77.567081,12.949523
27543,77.566667,12.949480
27544,77.566672,12.947285
27545,77.564232,12.947230
27546,77.563904,12.947225
27547,77.565294,12.945268
27548,77.565317,12.944431
27549,77.565579,12.944439
27550,77.565050,12.944429
27551,77.566300,12.943638
27552,77.566628,12.944743
27553,77.566699,12.944053
27554,77.566066,12.945259
27555,77.567018,12.944797
27556,77.563875,12.944430
27557,77.564258,12.944433
27558,77.561821,12.951651
27559,77.562227,12.951650
27560,77.563149,12.940801
27561,77.563269,12.940797
27562,77.626986,13.012383
27563,77.626446,13.012242
27564,77.625522,13.012670
27565,77.600008,12.976593
27566,77.659883,12.989474
27567,77.658069,12.981319
27568,77.563279,12.930582
27569,77.563703,12.930487
27570,77.561130,12.929956
27571,77.560784,12.931858
27572,77.561019,12.931814
27573,77.559848,12.933082
27574,77.560316,12.935686
27575,77.561101,12.935651
27576,77.561403,12.935586
27577,77.561513,12.935727
27578,77.561668,12.936478
27579,77.561621,12.936217
27580,77.562415,12.934888
27581,77.562567,12.935282
27582,77.563279,12.935015
27583,77.565162,12.937291
27584,77.567085,12.935944
27585,77.567563,12.935903
27586,77.566512,12.934451
27587,77.566581,12.934625
27588,77.566850,12.934578
27589,77.564595,12.934476
27590,77.565102,12.934137
27591,77.565063,12.933899
27592,77.565674,12.934101
27593,77.565265,12.932803
27594,77.562517,12.932880
27595,77.562619,12.933167
27596,77.566606,12.931735
27597,77.567105,12.931577
27598,77.561603,12.931377
27599,77.561726,12.931377
27600,77.561899,12.931384
27601,77.561817,12.931946
27602,77.607969,13.027781
27603,77.604495,13.029921
27604,77.604431,13.029365
27605,77.603374,13.025955
27606,77.603804,13.025838
27607,77.603091,13.026671
27608,77.603346,13.026579
27609,77.605196,13.028636
27610,77.605408,13.029165
27611,77.606552,13.027901
27612,77.606266,13.027189
27613,77.606378,13.025405
27614,77.606540,13.025783
27615,77.608261,13.025557
27616,77.608786,13.025420
27617,77.607907,13.026380
27618,77.608135,13.026332
27619,77.609350,13.025791
27620,77.611323,13.028397
27621,77.610750,13.027356
27622,77.610859,13.028763
27623,77.610621,13.028367
27624,77.605999,13.029901
27625,77.606514,13.029784
27626,77.633963,13.022689
27627,77.633796,13.022049
27628,77.633668,13.021173
27629,77.633738,13.021691
27630,77.613476,13.026607
27631,77.613610,13.026883
27632,77.613730,13.026509
27633,77.613860,13.026763
27634,77.609748,13.029475
27635,77.613804,13.026787
27636,77.606154,12.994128
27637,77.605885,12.994246
27638,77.606424,12.995151
27639,77.606581,12.995444
27640,77.611840,13.028287
27641,77.612130,13.028091
27642,77.612298,13.029061
27643,77.612600,13.028876
27644,77.612426,13.029226
27645,77.612714,13.029067
27646,77.612340,13.027682
27647,77.608736,13.029239
27648,77.608886,13.029729
27649,77.609218,13.029665
27650,77.612843,13.027377
27651,77.612861,13.026736
27652,77.613935,13.027073
27653,77.615352,13.028506
27654,77.615559,13.028777
27655,77.615387,13.026764
27656,77.598652,13.027114
27657,77.598555,13.027497
27658,77.597512,13.027143
27659,77.598286,13.027345
27660,77.598686,13.026976
27661,77.614087,13.025904
27662,77.613605,13.025798
27663,77.613793,13.025669
27664,77.613681,13.025473
27665,77.614525,13.027046
27666,77.614388,13.027002
27667,77.615224,13.028075
27668,77.612365,13.026046
27669,77.615131,13.028412
27670,77.615392,13.028250
27671,77.615356,13.026529
27672,77.616478,13.026985
27673,77.599169,13.026888
27674,77.599240,13.026285
27675,77.598073,13.026516
27676,77.598380,13.026526
27677,77.598601,13.026274
27678,77.598596,13.026544
27679,77.599816,13.027063
27680,77.599876,13.026535
27681,77.600348,13.026547
27682,77.601287,13.026080
27683,77.601461,13.026793
27684,77.601550,13.025978
27685,77.601697,13.026458
27686,77.599811,13.025192
27687,77.599819,13.025591
27688,77.599658,13.027788
27689,77.598335,13.028297
27690,77.599521,13.028122
27691,77.598931,13.028814
27692,77.598974,13.029048
27693,77.597980,13.029438
27694,77.597266,13.028860
27695,77.597296,13.028027
27696,77.596035,13.029591
27697,77.596297,13.029578
27698,77.596144,13.029357
27699,77.595967,13.029145
27700,77.596357,13.029102
27701,77.599173,13.029721
27702,77.599224,13.029870
27703,77.595537,13.026680
27704,77.596254,13.026239
27705,77.596314,13.026519
27706,77.595448,13.025330
27707,77.595636,13.025290
27708,77.590989,13.026298
27709,77.591321,13.026319
27710,77.591069,13.026123
27711,77.590674,13.025870
27712,77.590908,13.025866
27713,77.590656,13.025622
27714,77.590882,13.025610
27715,77.589705,13.025372
27716,77.589800,13.026414
27717,77.589347,13.025945
27718,77.589641,13.025939
27719,77.589172,13.026287
27720,77.589133,13.025886
27721,77.588826,13.025450
27722,77.589484,13.027155
27723,77.590139,13.027338
27724,77.590329,13.027620
27725,77.590787,13.027680
27726,77.591057,13.028838
27727,77.588959,13.028344
27728,77.589007,13.027930
27729,77.589040,13.027753
27730,77.589144,13.029094
27731,77.588490,13.027753
27732,77.587882,13.027848
27733,77.587540,13.029287
27734,77.587301,13.028754
27735,77.587058,13.029509
27736,77.586759,13.028874
27737,77.587885,13.028742
27738,77.588189,13.029358
27739,77.586868,13.026222
27740,77.586693,13.025487
27741,77.601736,13.028429
27742,77.602620,13.028497
27743,77.602564,13.028320
27744,77.602868,13.028418
27745,77.602821,13.028258
27746,77.602703,13.027995
27747,77.602756,13.028156
27748,77.602875,13.029897
27749,77.601725,13.030084
27750,77.600079,13.030589
27751,77.616295,13.025532
27752,77.590851,12.931963
27753,77.590919,12.932225
27754,77.588327,12.930088
27755,77.618828,13.026216
27756,77.591351,12.934444
27757,77.590880,12.934914
27758,77.591062,12.930281
27759,77.590183,12.931103
27760,77.590548,12.930890
27761,77.590291,12.930746
27762,77.590415,12.930965
27763,77.590194,12.930705
27764,77.590235,12.930777
27765,77.590156,12.934428
27766,77.590143,12.934185
27767,77.590451,12.934027
27768,77.587562,12.935474
27769,77.589031,12.930969
27770,77.588814,12.930542
27771,77.586361,12.936364
27772,77.585159,12.937520
27773,77.585423,12.937338
27774,77.619487,13.025712
27775,77.619552,13.027388
27776,77.620361,13.027323
27777,77.619749,13.027809
27778,77.620477,13.027812
27779,77.618837,13.027343
27780,77.619059,13.027331
27781,77.618882,13.027552
27782,77.617789,13.027711
27783,77.617841,13.027435
27784,77.620842,13.027800
27785,77.613363,13.029947
27786,77.613831,13.030760
27787,77.597755,12.932250
27788,77.597778,12.932570
27789,77.598535,12.932306
27790,77.598487,12.931943
27791,77.600061,12.930072
27792,77.593034,12.931658
27793,77.590554,12.932987
27794,77.590460,12.932585
27795,77.591037,12.932481
27796,77.602019,12.931051
27797,77.601838,12.930435
27798,77.621085,13.030216
27799,77.568807,12.930820
27800,77.568977,12.931924
27801,77.568818,12.931597
27802,77.569152,12.931872
27803,77.569062,12.931574
27804,77.568044,12.933358
27805,77.567840,12.933387
27806,77.568070,12.933477
27807,77.568804,12.933377
27808,77.567839,12.934523
27809,77.568245,12.934386
27810,77.568718,12.934272
27811,77.568309,12.934653
27812,77.568682,12.934961
27813,77.567425,12.935203
27814,77.567352,12.934812
27815,77.571088,12.935536
27816,77.571381,12.935389
27817,77.572130,12.935662
27818,77.571895,12.935685
27819,77.577004,12.936756
27820,77.576999,12.936619
27821,77.576574,12.936136
27822,77.576533,12.935833
27823,77.577200,12.935597
27824,77.577178,12.935377
27825,77.577367,12.935673
27826,77.577687,12.935553
27827,77.577706,12.935778
27828,77.577511,12.935568
27829,77.577825,12.935549
27830,77.577781,12.935220
27831,77.576697,12.934725
27832,77.577169,12.934949
27833,77.577152,12.934735
27834,77.573715,12.931909
27835,77.574890,12.931368
27836,77.575195,12.931240
27837,77.573704,12.931220
27838,77.575154,12.930290
27839,77.572454,12.933165
27840,77.577957,12.931830
27841,77.577953,12.931603
27842,77.580177,12.932307
27843,77.583217,12.931133
27844,77.583214,12.930828
27845,77.582236,12.935853
27846,77.582232,12.935914
27847,77.582140,12.935854
27848,77.582134,12.935576
27849,77.581699,12.935076
27850,77.581554,12.934952
27851,77.607064,12.929763
27852,77.607123,12.930076
27853,77.607297,12.929713
27854,77.607345,12.930047
27855,77.607791,12.930419
27856,77.607334,12.930936
27857,77.608807,12.930986
27858,77.608863,12.931297
27859,77.608227,12.930712
27860,77.608540,12.930692
27861,77.609632,12.931445
27862,77.609929,12.931400
27863,77.608965,12.932104
27864,77.608939,12.931919
27865,77.613151,12.931114
27866,77.612866,12.931704
27867,77.612514,12.930184
27868,77.589091,12.954598
27869,77.588892,12.954097
27870,77.589802,12.954356
27871,77.589703,12.953941
27872,77.590593,12.955098
27873,77.613617,12.936159
27874,77.593384,12.954546
27875,77.593665,12.954308
27876,77.653295,13.028370
27877,77.653139,13.026712
27878,77.657185,13.026259
27879,77.656838,13.025415
27880,77.656389,13.027275
27881,77.655845,13.027115
27882,77.655981,13.027598
27883,77.654809,13.028548
27884,77.608353,12.937384
27885,77.608045,12.937154
27886,77.607866,12.936633
27887,77.608095,12.936568
27888,77.607817,12.936491
27889,77.608066,12.936403
27890,77.609539,12.934931
27891,77.609250,12.936632
27892,77.654393,13.028292
27893,77.657492,12.964083
27894,77.659750,12.959907
27895,77.658830,12.960019
27896,77.659407,12.970106
27897,77.659466,12.970012
27898,77.592056,12.951460
27899,77.592723,12.951545
27900,77.590279,12.946711
27901,77.591334,12.946293
27902,77.591275,12.946080
27903,77.588711,12.945371
27904,77.588968,12.945745
27905,77.588975,12.946078
27906,77.588649,12.944479
27907,77.588921,12.944864
27908,77.588682,12.944395
27909,77.590253,12.945858
27910,77.589404,12.945304
27911,77.591203,12.944886
27912,77.659680,12.964269
27913,77.659904,12.964932
27914,77.656720,12.957633
27915,77.657179,12.957805
27916,77.657535,12.957735
27917,77.657706,12.956165
27918,77.658620,12.956239
27919,77.659576,12.956043
27920,77.659690,12.955979
27921,77.659192,12.957948
27922,77.658938,12.957978
27923,77.659158,12.957537
27924,77.659042,12.957543
27925,77.592925,12.947522
27926,77.593231,12.947276
27927,77.591870,12.946139
27928,77.592007,12.946360
27929,77.592142,12.945928
27930,77.592319,12.946198
27931,77.592313,12.945795
27932,77.592682,12.945277
27933,77.592478,12.944634
27934,77.592984,12.944382
27935,77.593006,12.944516
27936,77.590531,12.943369
27937,77.592360,12.944220
27938,77.592418,12.944410
27939,77.593085,12.944210
27940,77.593078,12.943915
27941,77.593212,12.944206
27942,77.593210,12.944031
27943,77.594227,12.944509
27944,77.595358,12.944370
27945,77.595182,12.942951
27946,77.589655,12.941110
27947,77.589749,12.941227
27948,77.589960,12.940941
27949,77.590301,12.941089
27950,77.587196,12.939993
27951,77.586629,12.939683
27952,77.599909,12.939864
27953,77.599861,12.939592
27954,77.600091,12.939831
27955,77.600053,12.939611
27956,77.601611,12.940454
27957,77.601801,12.940410
27958,77.601827,12.940553
27959,77.601938,12.939295
27960,77.602118,12.940236
27961,77.602187,12.940706
27962,77.602214,12.940855
27963,77.602236,12.940996
27964,77.602227,12.941159
27965,77.599598,12.942705
27966,77.599496,12.942244
27967,77.600520,12.942552
27968,77.601061,12.942865
27969,77.601371,12.942782
27970,77.602059,12.943133
27971,77.602159,12.943436
27972,77.602820,12.942678
27973,77.603112,12.942696
27974,77.597153,12.944301
27975,77.599338,12.944299
27976,77.598814,12.944170
27977,77.600112,12.943592
27978,77.600126,12.943892
27979,77.600493,12.945614
27980,77.600710,12.946033
27981,77.602221,12.947871
27982,77.602266,12.948048
27983,77.600493,12.947802
27984,77.600571,12.948222
27985,77.600984,12.948310
27986,77.601420,12.948218
27987,77.601920,12.949057
27988,77.602005,12.949357
27989,77.601991,12.949980
27990,77.601973,12.949730
27991,77.601664,12.949931
27992,77.600453,12.949177
27993,77.600554,12.949523
27994,77.600292,12.949233
27995,77.600104,12.949299
27996,77.600231,12.949632
27997,77.599961,12.949349
27998,77.596270,12.949990
27999,77.596357,12.949856
28000,77.596311,12.949733
28001,77.596108,12.949627
28002,77.596447,12.949656
28003,77.596529,12.949505
28004,77.600047,12.950066
28005,77.599660,12.950419
28006,77.600162,12.950290
28007,77.599836,12.950270
28008,77.599701,12.950380
28009,77.601017,12.950859
28010,77.600923,12.950448
28011,77.600699,12.950774
28012,77.602926,12.951692
28013,77.600907,12.951568
28014,77.601470,12.951448
28015,77.601324,12.951731
28016,77.600974,12.952238
28017,77.601300,12.952165
28018,77.600676,12.952469
28019,77.600993,12.952398
28020,77.600423,12.951812
28021,77.642137,13.026152
28022,77.642420,13.026096
28023,77.642777,13.026076
28024,77.642433,13.026313
28025,77.642651,13.026322
28026,77.642186,13.026653
28027,77.642652,13.026643
28028,77.640312,13.027788
28029,77.640282,13.027429
28030,77.644126,13.028805
28031,77.643986,13.028118
28032,77.653332,13.029582
28033,77.653413,13.029901
28034,77.653595,13.029806
28035,77.654848,13.029694
28036,77.654486,13.029540
28037,77.654723,13.029452
28038,77.634581,12.983937
28039,77.633800,12.983789
28040,77.634238,12.983872
28041,77.623051,12.987172
28042,77.623064,12.987506
28043,77.623497,12.987502
28044,77.623487,12.987159
28045,77.623769,12.987151
28046,77.623992,12.987144
28047,77.623998,12.987322
28048,77.623773,12.987329
28049,77.624231,12.987137
28050,77.624434,12.987247
28051,77.624843,12.987131
28052,77.624392,12.987023
28053,77.624336,12.986675
28054,77.624369,12.986878
28055,77.624113,12.986895
28056,77.624080,12.986569
28057,77.624087,12.986767
28058,77.623911,12.986579
28059,77.623931,12.986792
28060,77.623939,12.986576
28061,77.623917,12.986350
28062,77.624011,12.986351
28063,77.624007,12.986060
28064,77.623715,12.986212
28065,77.623916,12.986332
28066,77.623712,12.986343
28067,77.623681,12.987153
28068,77.623684,12.986928
28069,77.623479,12.986686
28070,77.623687,12.986839
28071,77.623802,12.986589
28072,77.623673,12.986601
28073,77.623339,12.987163
28074,77.623321,12.986696
28075,77.622845,12.986715
28076,77.622458,12.985714
28077,77.622974,12.985630
28078,77.650715,13.029122
28079,77.636017,12.987111
28080,77.629270,12.982336
28081,77.629457,12.982251
28082,77.629612,12.982181
28083,77.626397,12.979259
28084,77.627048,12.979087
28085,77.627106,12.979253
28086,77.626944,12.978731
28087,77.647021,13.028141
28088,77.647136,13.028436
28089,77.647374,13.028042
28090,77.647477,13.028411
28091,77.647564,13.029360
28092,77.649151,13.028513
28093,77.649722,13.028100
28094,77.649820,13.028940
28095,77.650028,13.028095
28096,77.650112,13.028800
28097,77.650633,13.028718
28098,77.650994,13.028657
28099,77.643600,13.029587
28100,77.622043,12.975593
28101,77.622313,12.975591
28102,77.622676,12.975519
28103,77.621846,12.975446
28104,77.622308,12.975503
28105,77.623171,12.975773
28106,77.622126,12.975291
28107,77.621866,12.975230
28108,77.621877,12.975044
28109,77.622335,12.975044
28110,77.622339,12.974756
28111,77.622183,12.974757
28112,77.622948,12.975014
28113,77.622933,12.974729
28114,77.623690,12.974843
28115,77.623883,12.974808
28116,77.624011,12.974584
28117,77.624775,12.980617
28118,77.625470,12.980575
28119,77.627014,12.979967
28120,77.627213,12.979900
28121,77.627109,12.979476
28122,77.626478,12.980500
28123,77.626927,12.980382
28124,77.627063,12.980913
28125,77.627463,12.980809
28126,77.627313,12.980283
28127,77.627643,12.979601
28128,77.627955,12.979518
28129,77.628323,12.980585
28130,77.628454,12.980043
28131,77.628084,12.981224
28132,77.628576,12.981166
28133,77.628531,12.981432
28134,77.626632,12.981487
28135,77.627226,12.981338
28136,77.590638,12.995099
28137,77.590608,12.994818
28138,77.589460,12.995610
28139,77.588557,12.996065
28140,77.588444,12.995576
28141,77.586184,12.996771
28142,77.586588,12.996650
28143,77.624083,12.982638
28144,77.624583,12.981343
28145,77.624591,12.981760
28146,77.622135,12.979535
28147,77.621214,12.978216
28148,77.621180,12.978022
28149,77.621733,12.977359
28150,77.622898,12.977622
28151,77.622099,12.977550
28152,77.623135,12.977784
28153,77.623148,12.978312
28154,77.623654,12.977772
28155,77.623698,12.978081
28156,77.625175,12.977214
28157,77.624727,12.977275
28158,77.625830,12.976910
28159,77.621167,12.976682
28160,77.621644,12.976609
28161,77.643563,13.027131
28162,77.642899,13.027191
28163,77.624637,12.978891
28164,77.629145,12.978224
28165,77.629017,12.977911
28166,77.626889,12.976482
28167,77.626715,12.976201
28168,77.627292,12.975843
28169,77.627323,12.975908
28170,77.627551,12.975932
28171,77.629789,12.976415
28172,77.630033,12.976307
28173,77.630719,12.975835
28174,77.630334,12.974953
28175,77.639524,13.028880
28176,77.630242,12.974736
28177,77.630770,12.973385
28178,77.630861,12.973575
28179,77.631630,12.974657
28180,77.632325,12.973612
28181,77.625892,12.975141
28182,77.626352,12.974881
28183,77.626769,12.974618
28184,77.626607,12.974499
28185,77.626784,12.974241
28186,77.624959,12.974730
28187,77.633945,12.973595
28188,77.634345,12.972703
28189,77.634354,12.974478
28190,77.633807,12.974977
28191,77.633808,12.974762
28192,77.633774,12.975289
28193,77.633721,12.974988
28194,77.634005,12.975546
28195,77.621915,12.956574
28196,77.622064,12.956634
28197,77.637785,12.974114
28198,77.638653,12.974173
28199,77.638492,12.974164
28200,77.639098,12.972959
28201,77.630747,12.974138
28202,77.631980,12.976924
28203,77.631887,12.976645
28204,77.632905,12.978101
28205,77.593968,13.005952
28206,77.593811,13.005565
28207,77.594183,13.007646
28208,77.594715,13.009279
28209,77.594612,13.007487
28210,77.594792,13.007895
28211,77.594601,13.006441
28212,77.594709,13.006659
28213,77.595050,13.007323
28214,77.594832,13.006607
28215,77.594915,13.006767
28216,77.596418,13.007086
28217,77.596198,13.006747
28218,77.595938,13.006265
28219,77.596749,13.007670
28220,77.596351,13.008229
28221,77.597076,13.007474
28222,77.597738,13.007637
28223,77.598052,13.007935
28224,77.598210,13.006802
28225,77.597220,13.006212
28226,77.597592,13.006775
28227,77.597700,13.006963
28228,77.597702,13.006477
28229,77.597958,13.006367
28230,77.598173,13.006246
28231,77.598277,13.006410
28232,77.598401,13.006602
28233,77.599359,13.007740
28234,77.599450,13.007374
28235,77.600538,13.006002
28236,77.600741,13.006305
28237,77.600339,13.006114
28238,77.601205,13.006188
28239,77.601147,13.006540
28240,77.601583,13.005430
28241,77.601527,13.005303
28242,77.602154,13.004963
28243,77.601945,13.005080
28244,77.602110,13.005390
28245,77.602327,13.005275
28246,77.602611,13.005731
28247,77.602857,13.005864
28248,77.602840,13.005058
28249,77.602942,13.005285
28250,77.602558,13.006929
28251,77.602031,13.007090
28252,77.602270,13.006983
28253,77.599540,13.003660
28254,77.600138,13.003592
28255,77.600368,13.004090
28256,77.600255,13.003111
28257,77.601000,13.003214
28258,77.602470,13.003702
28259,77.602240,13.003170
28260,77.600492,13.002363
28261,77.600944,13.002385
28262,77.600840,13.002133
28263,77.601126,13.001531
28264,77.601277,13.001824
28265,77.594988,13.001660
28266,77.595544,13.001224
28267,77.596056,13.001369
28268,77.596576,13.000491
28269,77.596423,12.999707
28270,77.597376,13.000340
28271,77.597298,12.999981
28272,77.597260,12.999535
28273,77.597149,12.998923
28274,77.597432,12.998573
28275,77.599002,13.000027
28276,77.630076,12.969178
28277,77.630372,12.968458
28278,77.629953,12.968542
28279,77.629820,12.971931
28280,77.629793,12.971809
28281,77.630115,12.971822
28282,77.630070,12.971707
28283,77.629980,12.971474
28284,77.630170,12.971965
28285,77.630206,12.971402
28286,77.630402,12.971975
28287,77.632020,12.972609
28288,77.602753,12.999362
28289,77.623985,12.956752
28290,77.624190,12.956842
28291,77.622068,12.955129
28292,77.622126,12.955445
28293,77.628528,12.962129
28294,77.627426,12.970838
28295,77.627253,12.971107
28296,77.627977,12.970012
28297,77.598793,12.997343
28298,77.599329,12.995332
28299,77.602904,12.995164
28300,77.602902,12.994472
28301,77.603016,12.994030
28302,77.601512,12.993852
28303,77.601881,12.993767
28304,77.602143,12.992960
28305,77.596807,12.990974
28306,77.597021,12.990726
28307,77.594807,12.994068
28308,77.592476,12.994080
28309,77.592699,12.994037
28310,77.593173,12.993912
28311,77.592903,12.993980
28312,77.593067,12.994716
28313,77.592989,12.994346
28314,77.592714,12.994248
28315,77.592542,12.993318
28316,77.592494,12.993076
28317,77.589427,12.993059
28318,77.589367,12.992728
28319,77.637237,12.956982
28320,77.569639,13.029996
28321,77.633383,12.970995
28322,77.633712,12.971033
28323,77.624253,12.969425
28324,77.625367,12.969753
28325,77.625232,12.969660
28326,77.625259,12.969484
28327,77.624447,12.969220
28328,77.624544,12.968982
28329,77.624557,12.969304
28330,77.624663,12.969095
28331,77.624638,12.968521
28332,77.624030,12.968940
28333,77.624198,12.968643
28334,77.625051,12.968491
28335,77.625372,12.968616
28336,77.625480,12.968841
28337,77.625582,12.968619
28338,77.625639,12.968921
28339,77.625726,12.968685
28340,77.626167,12.968715
28341,77.623529,12.968656
28342,77.623692,12.968401
28343,77.623361,12.968572
28344,77.623568,12.968253
28345,77.623224,12.968502
28346,77.623439,12.968201
28347,77.626543,12.968778
28348,77.627031,12.968997
28349,77.627590,12.968556
28350,77.626545,12.965770
28351,77.626714,12.965864
28352,77.627173,12.966117
28353,77.634728,12.965280
28354,77.634968,12.965315
28355,77.635636,12.964567
28356,77.635897,12.964794
28357,77.636089,12.964578
28358,77.636545,12.964564
28359,77.636591,12.964013
28360,77.637081,12.963985
28361,77.635488,12.963100
28362,77.635884,12.963430
28363,77.635863,12.963077
28364,77.636216,12.963425
28365,77.636193,12.963057
28366,77.567742,13.007929
28367,77.568137,13.007915
28368,77.568621,13.008201
28369,77.636592,12.958628
28370,77.636617,12.958951
28371,77.639023,12.961879
28372,77.637143,12.959427
28373,77.636540,12.959490
28374,77.637192,12.959779
28375,77.636429,12.959860
28376,77.637451,12.960352
28377,77.637359,12.959532
28378,77.636969,12.960406
28379,77.636914,12.959969
28380,77.572977,13.014631
28381,77.573509,13.013501
28382,77.573902,13.013495
28383,77.572290,13.021998
28384,77.576310,13.030474
28385,77.577022,13.028583
28386,77.577017,13.028407
28387,77.576051,13.028963
28388,77.577945,13.027215
28389,77.577983,13.027520
28390,77.577786,13.027243
28391,77.577817,13.027555
28392,77.576323,13.029057
28393,77.576373,13.029805
28394,77.578919,13.026778
28395,77.578943,13.027030
28396,77.577923,13.026914
28397,77.578452,13.027483
28398,77.578175,13.027530
28399,77.575927,13.029563
28400,77.579701,13.027328
28401,77.579703,13.027627
28402,77.576361,13.024695
28403,77.577446,13.022504
28404,77.578077,13.022354
28405,77.578110,13.008681
28406,77.578119,13.008934
28407,77.582018,13.011381
28408,77.580640,13.026023
28409,77.572102,13.029020
28410,77.597613,13.023804
28411,77.601440,13.023692
28412,77.601319,13.023423
28413,77.601012,13.023388
28414,77.601292,13.023280
28415,77.594813,13.013302
28416,77.594499,13.012627
28417,77.594301,13.012716
28418,77.596091,13.010318
28419,77.595970,13.010010
28420,77.598974,13.009179
28421,77.599096,13.009391
28422,77.595423,13.025211
28423,77.588232,13.023573
28424,77.588812,13.023283
28425,77.596357,13.024963
28426,77.596630,13.024905
28427,77.596311,13.024737
28428,77.596608,13.024665
28429,77.596260,13.024504
28430,77.596556,13.024465
28431,77.596674,13.025206
28432,77.596390,13.025175
28433,77.596644,13.025084
28434,77.590906,13.025271
28435,77.590878,13.024682
28436,77.591105,13.025272
28437,77.591212,13.024771
28438,77.595737,13.016323
28439,77.595080,13.016553
28440,77.592889,13.016076
28441,77.595530,13.008859
28442,77.595712,13.009183
28443,77.595359,13.009381
28444,77.595964,13.009612
28445,77.595606,13.009815
28446,77.587741,13.021762
28447,77.587944,13.021669
28448,77.598752,13.021509
28449,77.602954,13.012177
28450,77.602859,13.011417
28451,77.602821,13.011285
28452,77.602877,13.011758
28453,77.602950,13.011276
28454,77.595142,13.013180
28455,77.595511,13.013755
28456,77.594900,13.024028
28457,77.594780,13.023636
28458,77.602416,13.014525
28459,77.602603,13.014439
28460,77.593484,13.014212
28461,77.593859,13.014844
28462,77.593538,13.014681
28463,77.593435,13.014482
28464,77.588851,13.025138
28465,77.588753,13.024687
28466,77.601552,13.023854
28467,77.601629,13.024068
28468,77.597113,13.008632
28469,77.597360,13.008463
28470,77.597926,13.008815
28471,77.591846,13.016545
28472,77.594407,13.015008
28473,77.594535,13.014941
28474,77.601463,13.024517
28475,77.601136,13.024613
28476,77.601426,13.024425
28477,77.602074,13.024216
28478,77.596716,13.024250
28479,77.596501,13.023571
28480,77.596391,13.023218
28481,77.596717,13.023124
28482,77.599010,13.007837
28483,77.601383,13.022737
28484,77.601184,13.022225
28485,77.600794,13.022505
28486,77.601057,13.022399
28487,77.592043,13.009838
28488,77.589618,13.019065
28489,77.590298,13.018546
28490,77.590001,13.018632
28491,77.586683,13.023202
28492,77.587109,13.023064
28493,77.586602,13.022968
28494,77.587013,13.022812
28495,77.601912,13.022411
28496,77.601780,13.021992
28497,77.595896,13.014071
28498,77.596881,13.009364
28499,77.597136,13.009200
28500,77.594223,13.009451
28501,77.596227,13.010639
28502,77.596503,13.010522
28503,77.597111,13.010272
28504,77.598202,13.009820
28505,77.594801,13.017070
28506,77.595157,13.010230
28507,77.594763,13.009263
28508,77.590627,13.019192
28509,77.590264,13.019001
28510,77.590449,13.019328
28511,77.589990,13.019113
28512,77.590178,13.019447
28513,77.591534,13.023810
28514,77.591831,13.023876
28515,77.595952,13.014916
28516,77.595719,13.015013
28517,77.595602,13.008818
28518,77.595214,13.007941
28519,77.595357,13.007857
28520,77.599095,13.023671
28521,77.595207,13.009010
28522,77.601814,13.012994
28523,77.601942,13.013492
28524,77.589832,13.022939
28525,77.589483,13.022735
28526,77.589307,13.023867
28527,77.602355,13.016657
28528,77.602263,13.018233
28529,77.601756,13.022507
28530,77.602236,13.023635
28531,77.602002,13.023086
28532,77.601448,13.023319
28533,77.590333,13.022292
28534,77.590793,13.022006
28535,77.590308,13.022012
28536,77.595563,13.024520
28537,77.586070,13.020364
28538,77.586909,13.019986
28539,77.600624,13.023174
28540,77.600388,13.022585
28541,77.589185,13.019443
28542,77.602842,13.012874
28543,77.595261,13.017288
28544,77.595318,13.016730
28545,77.596475,13.009750
28546,77.591121,13.021334
28547,77.590629,13.021093
28548,77.591126,13.021068
28549,77.595256,13.015242
28550,77.585968,13.019206
28551,77.586328,13.019056
28552,77.602751,13.017262
28553,77.586303,13.021187
28554,77.586053,13.021311
28555,77.586341,13.021335
28556,77.586151,13.021428
28557,77.595773,13.024467
28558,77.601615,13.024901
28559,77.602051,13.024743
28560,77.596213,13.025321
28561,77.598966,13.023960
28562,77.599054,13.024418
28563,77.590520,13.025290
28564,77.590483,13.024921
28565,77.573966,12.993759
28566,77.573954,12.993820
28567,77.608376,13.014504
28568,77.608357,13.014506
28569,77.635608,12.965119
28570,77.635869,12.965364
28571,77.602700,13.011769
28572,77.578091,12.999763
28573,77.581952,12.997696
28574,77.632450,13.008568
28575,77.638436,13.017351
28576,77.638665,13.016889
28577,77.582956,12.954700
28578,77.583497,12.956002
28579,77.582995,12.955010
28580,77.583697,12.954558
28581,77.613238,12.954986
28582,77.555052,12.965774
28583,77.571822,12.990365
28584,77.571728,12.990529
28585,77.571755,12.990272
28586,77.571699,12.990479
28587,77.572084,12.991032
28588,77.655641,13.030540
28589,77.572652,13.007828
28590,77.572705,13.007804
28591,77.572734,13.007851
28592,77.572669,13.007880
28593,77.569376,12.949919
28594,77.612556,12.951778
28595,77.612351,12.951814
28596,77.612418,12.952114
28597,77.612194,12.951842
28598,77.617742,12.946240
28599,77.601646,12.940600
28600,77.637674,13.015442
28601,77.629987,13.007575
28602,77.629966,13.007520
28603,77.609011,12.950446
28604,77.627802,13.009785
28605,77.628039,13.009745
28606,77.628062,13.009859
28607,77.624912,12.968173
28608,77.608766,12.986073
28609,77.608703,12.986003
28610,77.560326,13.023078
28611,77.560269,13.023096
28612,77.559911,13.023858
28613,77.560236,13.023824
28614,77.560337,13.023435
28615,77.560395,13.023416
28616,77.560519,13.022798
28617,77.560501,13.022742
28618,77.618384,12.947154
28619,77.616323,12.952621
28620,77.615113,12.952849
28621,77.649633,13.023411
28622,77.649915,13.023361
28623,77.614468,12.952846
28624,77.614940,12.952410
28625,77.608822,12.951225
28626,77.572818,12.992951
28627,77.572847,12.992136
28628,77.572847,12.992215
28629,77.612595,12.950164
28630,77.599928,12.950162
28631,77.629753,13.008220
28632,77.605853,13.003664
28633,77.605796,13.003685
28634,77.608911,13.002664
28635,77.608940,13.002612
28636,77.612998,12.951356
28637,77.612638,12.951424
28638,77.589363,13.024586
28639,77.595929,13.024432
28640,77.595673,13.025168
28641,77.596234,13.024366
28642,77.596516,13.024306
28643,77.596247,13.023644
28644,77.588952,13.017847
28645,77.589011,13.017827
28646,77.589661,13.018550
28647,77.589519,13.018841
28648,77.590990,13.019758
28649,77.590934,13.019778
28650,77.590886,13.021837
28651,77.590395,13.022610
28652,77.590458,13.022611
28653,77.581196,12.998379
28654,77.594340,12.931183
28655,77.612813,12.951391
28656,77.612940,12.951864
28657,77.591414,12.934850
28658,77.591949,13.016946
28659,77.592054,13.017348
28660,77.622702,13.008212
28661,77.622763,13.008272
28662,77.618643,13.008769
28663,77.618705,13.008750
28664,77.619233,13.008916
28665,77.619515,13.008987
28666,77.619417,13.009002
28667,77.621377,13.022835
28668,77.593717,13.014601
28669,77.599115,12.999599
28670,77.606804,12.966325
28671,77.603248,12.973025
28672,77.595861,12.983192
28673,77.595747,12.983248
28674,77.595692,12.983188
28675,77.589581,12.985980
28676,77.576936,12.980664
28677,77.576968,12.980521
28678,77.587050,12.976137
28679,77.590828,12.977739
28680,77.590735,12.977846
28681,77.610099,12.981036
28682,77.609373,12.974674
28683,77.607934,12.975085
28684,77.607925,12.974956
28685,77.590657,12.977914
28686,77.614756,12.976291
28687,77.581807,13.012929
28688,77.612373,13.015395
28689,77.610826,13.014240
28690,77.581070,12.962221
28691,77.581048,12.962166
28692,77.643117,13.010017
28693,77.581945,12.979634
28694,77.655613,12.969558
28695,77.655980,12.969503
28696,77.608984,13.023452
28697,77.601187,12.986196
28698,77.600199,13.007284
28699,77.600165,13.007235
28700,77.600664,13.006983
28701,77.600633,13.006932
28702,77.564825,12.981807
28703,77.618808,12.997359
28704,77.618872,12.997385
28705,77.618851,12.992895
28706,77.618905,12.992921
28707,77.611474,13.024777
28708,77.608929,12.942358
28709,77.609173,12.942380
28710,77.632475,13.008678
28711,77.632471,13.008614
28712,77.632468,13.008563
28713,77.629808,13.017721
28714,77.628232,13.009150
28715,77.607962,12.949963
28716,77.624751,13.010984
28717,77.595321,13.023483
28718,77.595588,13.023411
28719,77.587667,13.022331
28720,77.587317,13.022290
28721,77.587296,13.022235
28722,77.606224,13.029849
28723,77.608440,13.014657
28724,77.608379,13.014662
28725,77.608609,13.014642
28726,77.653740,13.022112
28727,77.653918,13.022020
28728,77.652762,13.023081
28729,77.653035,13.023130
28730,77.652809,13.023266
28731,77.652907,13.023843
28732,77.653502,13.023532
28733,77.645667,13.024532
28734,77.646053,13.024476
28735,77.648073,13.024013
28736,77.648362,13.023225
28737,77.651406,13.022296
28738,77.651701,13.022191
28739,77.651928,13.022084
28740,77.652125,13.021955
28741,77.652533,13.021660
28742,77.653218,13.021215
28743,77.654416,13.021292
28744,77.654127,13.021441
28745,77.654295,13.021062
28746,77.654019,13.021201
28747,77.654171,13.020823
28748,77.653862,13.020959
28749,77.654047,13.020578
28750,77.653828,13.020671
28751,77.653915,13.020321
28752,77.653665,13.020435
28753,77.654139,13.021931
28754,77.653966,13.021608
28755,77.653954,13.024131
28756,77.655017,13.025011
28757,77.655200,13.024579
28758,77.655286,13.024939
28759,77.655788,13.024445
28760,77.655756,13.015691
28761,77.655746,13.015499
28762,77.656002,13.015394
28763,77.655177,13.015369
28764,77.655886,13.022744
28765,77.655270,13.022947
28766,77.655699,13.022858
28767,77.655986,13.023428
28768,77.655471,13.022681
28769,77.654554,13.022167
28770,77.654717,13.022587
28771,77.654930,13.022977
28772,77.654296,13.022375
28773,77.654894,13.023379
28774,77.655444,13.023011
28775,77.656381,13.018178
28776,77.656658,13.018039
28777,77.653406,13.015940
28778,77.653659,13.015421
28779,77.653829,13.015400
28780,77.656144,13.018654
28781,77.655962,13.018282
28782,77.653145,13.015960
28783,77.652933,13.015635
28784,77.652692,13.015630
28785,77.653311,13.015222
28786,77.652702,13.015333
28787,77.656740,13.014839
28788,77.656893,13.015418
28789,77.656477,13.013739
28790,77.656451,13.013522
28791,77.657083,13.013509
28792,77.651619,13.011800
28793,77.648871,13.011585
28794,77.646590,13.010445
28795,77.646866,13.010662
28796,77.656406,13.008003
28797,77.643975,13.009542
28798,77.644237,13.009375
28799,77.639072,13.007876
28800,77.639243,13.007880
28801,77.641760,13.010958
28802,77.640568,13.011208
28803,77.639101,13.011555
28804,77.639052,13.011335
28805,77.639421,13.013299
28806,77.639136,13.013282
28807,77.588801,13.024908
28808,77.642949,13.010798
28809,77.642617,13.010760
28810,77.642788,13.011971
28811,77.643129,13.011978
28812,77.643177,13.014536
28813,77.643491,13.014531
28814,77.639748,13.015766
28815,77.639672,13.015286
28816,77.642336,13.016105
28817,77.642900,13.016056
28818,77.652336,13.013531
28819,77.651812,13.013507
28820,77.652707,13.014177
28821,77.648969,13.012342
28822,77.648947,13.012061
28823,77.648106,13.014763
28824,77.647827,13.014850
28825,77.647952,13.015264
28826,77.647975,13.015472
28827,77.648026,13.015693
28828,77.650926,13.017186
28829,77.650751,13.017061
28830,77.650900,13.017236
28831,77.651204,13.017473
28832,77.627792,13.008809
28833,77.606418,13.027628
28834,77.652975,13.013300
28835,77.639835,13.014071
28836,77.639854,13.014373
28837,77.641071,13.014440
28838,77.640860,13.014462
28839,77.641059,13.014340
28840,77.641273,13.014325
28841,77.640935,13.014352
28842,77.641765,13.014525
28843,77.641936,13.014496
28844,77.642470,13.015357
28845,77.642366,13.014708
28846,77.640750,13.015025
28847,77.641372,13.015082
28848,77.639986,13.015090
28849,77.640392,13.015507
28850,77.639106,13.023571
28851,77.649912,13.020393
28852,77.624616,12.936037
28853,77.630898,12.937149
28854,77.631067,12.937015
28855,77.632347,12.936870
28856,77.632735,12.936720
28857,77.632765,12.937287
28858,77.632628,12.936945
28859,77.633762,12.936456
28860,77.633768,12.936695
28861,77.634801,12.934743
28862,77.634609,12.935384
28863,77.635062,12.934822
28864,77.634944,12.935178
28865,77.635061,12.933528
28866,77.634367,12.933945
28867,77.634731,12.933323
28868,77.635440,12.933140
28869,77.629787,12.932628
28870,77.630027,12.932824
28871,77.629881,12.932432
28872,77.630173,12.932657
28873,77.629795,12.936106
28874,77.630057,12.936213
28875,77.569242,12.947534
28876,77.588542,13.023417
28877,77.574230,12.936895
28878,77.574364,12.936817
28879,77.607110,12.986711
28880,77.628452,12.978047
28881,77.613405,12.953969
28882,77.565203,12.962259
28883,77.573768,12.951189
28884,77.573759,12.949858
28885,77.635581,13.008023
28886,77.637503,13.010778
28887,77.580162,12.933691
28888,77.572406,13.014672
28889,77.572346,13.014667
28890,77.572349,13.014590
28891,77.572410,13.014594
28892,77.552340,12.951189
28893,77.591758,12.957210
28894,77.591697,12.957142
28895,77.631957,12.996669
28896,77.631899,12.996688
28897,77.629643,12.994195
28898,77.629702,12.994185
28899,77.639411,12.992270
28900,77.639471,12.992259
28901,77.658390,12.960516
28902,77.657603,12.960558
28903,77.659788,12.960392
28904,77.659708,13.029198
28905,77.659571,13.028957
28906,77.658918,13.029741
28907,77.659399,13.030424
28908,77.659719,13.029939
28909,77.658488,13.029985
28910,77.658159,13.029307
28911,77.657212,13.028177
28912,77.658646,13.027939
28913,77.658761,13.027681
28914,77.659457,13.027433
28915,77.659369,13.027304
28916,77.660057,13.027178
28917,77.660742,13.027074
28918,77.614838,12.954145
28919,77.614866,12.954259
28920,77.638988,13.029633
28921,77.638767,13.029619
28922,77.635219,13.029706
28923,77.635347,13.030068
28924,77.622420,13.025719
28925,77.621931,13.028750
28926,77.621937,13.028498
28927,77.621692,13.028728
28928,77.621695,13.028459
28929,77.621126,13.028666
28930,77.621101,13.028881
28931,77.621254,13.028685
28932,77.621224,13.028884
28933,77.624709,13.028664
28934,77.631257,13.026705
28935,77.631808,13.026517
28936,77.630882,13.028213
28937,77.630010,13.028919
28938,77.629553,13.029053
28939,77.629680,13.029654
28940,77.629915,13.030195
28941,77.624815,13.029750
28942,77.625423,13.026193
28943,77.625524,13.026179
28944,77.576909,13.028371
28945,77.616861,12.945238
28946,77.617216,12.949030
28947,77.569607,12.987055
28948,77.578065,12.999916
28949,77.623206,13.014728
28950,77.623617,13.014496
28951,77.620058,13.009278
28952,77.620065,13.009218
28953,77.636991,13.009962
28954,77.618858,12.949395
28955,77.626567,12.966176
28956,77.563767,12.991534
28957,77.605303,13.028900
28958,77.645369,12.958640
28959,77.644952,12.958830
28960,77.661563,12.979314
28961,77.661575,12.979434
28962,77.615328,12.953386
28963,77.606467,13.014403
28964,77.631907,13.005742
28965,77.631959,13.005731
28966,77.631285,13.007518
28967,77.631277,13.007459
28968,77.655116,13.018123
28969,77.655641,13.018226
28970,77.616881,13.020418
28971,77.634513,12.936094
28972,77.573841,13.002889
28973,77.608475,12.991857
28974,77.590376,13.018726
28975,77.590315,13.018757
28976,77.591044,13.020821
28977,77.591115,13.020800
28978,77.591056,13.020818
28979,77.590727,13.022007
28980,77.590573,13.022287
28981,77.590637,13.022285
28982,77.561010,12.929961
28983,77.560975,12.930009
28984,77.563692,12.930434
28985,77.563702,12.930482
28986,77.565063,12.929801
28987,77.566654,12.929928
28988,77.627837,13.007987
28989,77.627833,13.007929
28990,77.628119,13.007929
28991,77.628105,13.007872
28992,77.610629,13.001311
28993,77.610680,13.001343
28994,77.611402,13.000788
28995,77.611359,13.000744
28996,77.611450,13.000709
28997,77.611497,13.000750
28998,77.616884,12.995791
28999,77.616937,12.995819
29000,77.616890,12.995874
29001,77.616838,12.995845
29002,77.601476,13.006614
29003,77.601444,13.006564
29004,77.602462,13.005997
29005,77.602684,13.005442
29006,77.602855,13.005859
29007,77.603418,13.005719
29008,77.603928,13.005450
29009,77.603926,13.005390
29010,77.604445,13.005578
29011,77.604419,13.005520
29012,77.605235,13.005348
29013,77.605205,13.005294
29014,77.605604,13.004725
29015,77.605675,13.004693
29016,77.606002,13.004191
29017,77.606058,13.004169
29018,77.618756,12.948621
29019,77.618268,12.945985
29020,77.587596,13.022189
29021,77.587620,13.022237
29022,77.587604,13.022191
29023,77.587714,13.022256
29024,77.577256,12.994550
29025,77.577754,12.989524
29026,77.617596,12.972822
29027,77.616339,12.973106
29028,77.617617,12.972921
29029,77.584711,12.995754
29030,77.650889,13.005263
29031,77.650821,13.004956
29032,77.653432,13.006296
29033,77.654186,13.006069
29034,77.656188,13.004960
29035,77.656197,13.005160
29036,77.647471,13.007702
29037,77.647297,13.007396
29038,77.647887,13.007581
29039,77.655323,12.970401
29040,77.655813,12.970289
29041,77.642929,12.965408
29042,77.642965,12.965831
29043,77.656516,12.956996
29044,77.640996,12.966961
29045,77.640920,12.966730
29046,77.641706,12.995702
29047,77.640338,12.962048
29048,77.643080,12.994841
29049,77.656343,12.971143
29050,77.639844,12.967085
29051,77.640162,12.966977
29052,77.640721,12.994102
29053,77.640240,12.967648
29054,77.639856,12.967720
29055,77.647391,12.961781
29056,77.656671,12.964343
29057,77.656060,12.964528
29058,77.639298,12.962574
29059,77.641289,12.994926
29060,77.645885,12.988917
29061,77.646055,12.988879
29062,77.645058,12.988076
29063,77.644716,12.988145
29064,77.646333,12.980098
29065,77.646717,12.980164
29066,77.645189,12.981535
29067,77.645168,12.981207
29068,77.654386,12.982952
29069,77.654373,12.983183
29070,77.651477,12.974434
29071,77.649596,12.973322
29072,77.653041,12.973021
29073,77.653297,12.972996
29074,77.653278,12.974070
29075,77.651493,12.975808
29076,77.652430,12.975591
29077,77.652622,12.975070
29078,77.652909,12.975021
29079,77.653252,12.975198
29080,77.653504,12.975178
29081,77.653226,12.974968
29082,77.653488,12.974926
29083,77.617552,12.949258
29084,77.601724,13.023184
29085,77.580426,12.950321
29086,77.626215,12.963930
29087,77.626027,12.964303
29088,77.617773,13.008488
29089,77.617797,13.008542
29090,77.618222,13.008448
29091,77.618247,13.008503
29092,77.620339,13.009385
29093,77.620301,13.009412
29094,77.622143,13.011303
29095,77.622084,13.011313
29096,77.622183,13.011945
29097,77.622136,13.011954
29098,77.622425,13.012600
29099,77.622368,13.012617
29100,77.622599,13.013178
29101,77.622654,13.013157
29102,77.623021,13.014287
29103,77.623220,13.014755
29104,77.623237,13.014711
29105,77.622525,13.008246
29106,77.622652,13.008378
29107,77.593198,13.016051
29108,77.588893,13.017591
29109,77.588836,13.017610
29110,77.588712,13.017320
29111,77.588769,13.017300
29112,77.589212,13.018096
29113,77.589270,13.018073
29114,77.589461,13.018334
29115,77.589517,13.018308
29116,77.629041,13.007740
29117,77.629028,13.007683
29118,77.624039,13.016188
29119,77.623984,13.016212
29120,77.623938,13.015937
29121,77.623883,13.015959
29122,77.623768,13.015688
29123,77.623805,13.015671
29124,77.623585,13.015300
29125,77.623552,13.015320
29126,77.623442,13.015059
29127,77.623409,13.015077
29128,77.623333,13.014874
29129,77.620315,13.026983
29130,77.620481,13.027514
29131,77.620604,13.028040
29132,77.620670,13.028655
29133,77.620803,13.029432
29134,77.610039,13.014849
29135,77.585582,12.992343
29136,77.585544,12.992555
29137,77.585478,12.992338
29138,77.585446,12.992555
29139,77.598509,12.962696
29140,77.613460,13.005128
29141,77.631960,13.009766
29142,77.631922,13.009750
29143,77.630967,13.010854
29144,77.630963,13.010777
29145,77.631299,13.010460
29146,77.631286,13.010433
29147,77.631300,13.010469
29148,77.631842,13.005368
29149,77.631901,13.005356
29150,77.627369,12.967147
29151,77.607265,12.949930
29152,77.607470,12.949900
29153,77.649364,12.947140
29154,77.650005,12.946739
29155,77.649386,12.947204
29156,77.648079,12.953523
29157,77.650485,12.954604
29158,77.650759,12.954495
29159,77.650370,12.954352
29160,77.650650,12.954241
29161,77.658340,12.953650
29162,77.658138,12.953346
29163,77.657847,12.953392
29164,77.625651,13.012086
29165,77.626042,13.012803
29166,77.626156,13.013018
29167,77.626267,13.013201
29168,77.626650,13.013857
29169,77.626761,13.014021
29170,77.627184,13.014542
29171,77.627702,13.015587
29172,77.627730,13.015797
29173,77.627951,13.017053
29174,77.628087,13.017603
29175,77.628128,13.017769
29176,77.628191,13.018261
29177,77.628286,13.018812
29178,77.628694,13.021073
29179,77.602470,13.022139
29180,77.602627,13.022649
29181,77.591450,13.016196
29182,77.591382,13.016223
29183,77.591409,13.016361
29184,77.591492,13.016358
29185,77.628779,12.938265
29186,77.611480,12.935880
29187,77.609966,12.934625
29188,77.611484,12.935515
29189,77.611354,12.935727
29190,77.575256,12.969210
29191,77.575355,12.969383
29192,77.575654,12.969841
29193,77.575904,12.970336
29194,77.576140,12.970790
29195,77.576372,12.971275
29196,77.576571,12.971644
29197,77.577077,12.972468
29198,77.577220,12.972842
29199,77.577547,12.973323
29200,77.578216,12.974284
29201,77.609677,12.937951
29202,77.641333,12.970206
29203,77.602758,12.974987
29204,77.575242,12.966835
29205,77.572093,13.023929
29206,77.572580,13.018914
29207,77.586134,13.021952
29208,77.586675,13.022147
29209,77.579507,12.986202
29210,77.579675,12.986405
29211,77.579778,12.986549
29212,77.580230,12.987283
29213,77.580193,12.987311
29214,77.633650,12.973182
29215,77.615236,12.935927
29216,77.607655,12.944000
29217,77.607569,12.944005
29218,77.601542,12.974847
29219,77.601487,12.974461
29220,77.612953,12.966747
29221,77.567250,12.966518
29222,77.567246,12.966579
29223,77.659298,13.027188
29224,77.659576,13.027071
29225,77.659917,13.027061
29226,77.607838,13.017503
29227,77.604161,12.992111
29228,77.592113,12.955614
29229,77.592024,12.955644
29230,77.647367,12.981093
29231,77.628811,12.978466
29232,77.645084,12.985822
29233,77.645128,12.985725
29234,77.604685,13.021308
29235,77.560289,12.975641
29236,77.573460,12.989416
29237,77.576848,12.950513
29238,77.576847,12.951809
29239,77.576775,12.949022
29240,77.632012,12.994740
29241,77.655006,12.994984
29242,77.655813,12.995584
29243,77.624260,12.987927
29244,77.624265,12.986002
29245,77.608363,12.970303
29246,77.608583,12.970919
29247,77.608686,12.969903
29248,77.609095,12.969823
29249,77.609145,12.970738
29250,77.632247,12.934221
29251,77.604420,12.966783
29252,77.604689,12.966773
29253,77.603070,12.967894
29254,77.603217,12.967550
29255,77.603117,12.967515
29256,77.602990,12.967797
29257,77.602695,12.966948
29258,77.599686,12.964557
29259,77.603546,12.961708
29260,77.606329,12.994053
29261,77.576890,12.997978
29262,77.617035,12.961898
29263,77.619448,12.972651
29264,77.627907,12.940043
29265,77.618055,13.026029
29266,77.596740,12.943430
29267,77.658401,13.025097
29268,77.658640,13.025696
29269,77.659070,13.025247
29270,77.570482,13.005453
29271,77.568941,13.002521
29272,77.593564,13.027973
29273,77.593274,13.026414
29274,77.641200,12.993247
29275,77.603053,12.985509
29276,77.615009,12.998063
29277,77.614977,12.998014
29278,77.615029,12.997988
29279,77.615061,12.998038
29280,77.637122,12.961391
29281,77.627860,12.939737
29282,77.628129,12.939789
29283,77.579569,12.968072
29284,77.621087,12.993313
29285,77.565509,12.997266
29286,77.617839,12.978568
29287,77.617208,12.978662
29288,77.615480,12.976071
29289,77.593970,12.972174
29290,77.620024,12.999510
29291,77.620551,12.998402
29292,77.620674,12.998144
29293,77.620786,12.997888
29294,77.620883,12.997625
29295,77.620946,12.997483
29296,77.621194,12.996939
29297,77.579113,12.986830
29298,77.596999,12.984250
29299,77.605438,12.978345
29300,77.605095,12.964740
29301,77.605327,13.026780
29302,77.602024,12.930029
29303,77.630632,13.025437
29304,77.630743,13.025419
29305,77.577215,12.968188
29306,77.577089,12.967940
29307,77.635697,12.961509
29308,77.635743,12.961789
29309,77.585901,12.959315
29310,77.628291,12.962397
29311,77.595775,12.983083
29312,77.598968,12.994247
29313,77.602489,12.979386
29314,77.602424,12.979315
29315,77.586714,12.959261
29316,77.602851,12.944412
29317,77.602763,12.944414
29318,77.602863,12.944340
29319,77.602776,12.944336
29320,77.602732,12.944597
29321,77.619581,12.972117
29322,77.628784,12.978376
29323,77.632248,12.976741
29324,77.632217,12.976762
29325,77.632924,12.978101
29326,77.632959,12.978194
29327,77.632898,12.978193
29328,77.572020,12.957319
29329,77.572102,12.957242
29330,77.572034,12.957240
29331,77.576848,12.949023
29332,77.615212,12.935787
29333,77.612853,12.934589
29334,77.622018,12.930333
29335,77.577982,13.025972
29336,77.633303,12.938567
29337,77.609918,12.976879
29338,77.607443,12.975312
29339,77.580084,12.944126
29340,77.591551,12.954433
29341,77.591033,12.953050
29342,77.591115,12.953017
29343,77.588602,12.959211
29344,77.588434,12.958690
29345,77.628755,12.978400
29346,77.635170,13.013415
29347,77.599147,12.984218
29348,77.618467,12.977939
29349,77.637914,12.993418
29350,77.593587,12.959564
29351,77.639890,13.024889
29352,77.624925,12.944601
29353,77.624804,12.944778
29354,77.625774,12.942743
29355,77.602189,12.939806
29356,77.602286,12.941150
29357,77.602593,12.942153
29358,77.602193,12.940223
29359,77.602275,12.940692
29360,77.602301,12.940843
29361,77.605365,13.024587
29362,77.576154,12.995498
29363,77.576183,12.995440
29364,77.604051,13.006668
29365,77.603707,13.003344
29366,77.596753,13.026841
29367,77.575229,12.995631
29368,77.575215,12.995574
29369,77.574461,12.994414
29370,77.574400,12.994421
29371,77.572938,12.996848
29372,77.573319,12.996890
29373,77.574792,12.995155
29374,77.574798,12.995078
29375,77.567041,12.966597
29376,77.567036,12.966645
29377,77.600230,12.971684
29378,77.600204,12.971854
29379,77.569883,12.966099
29380,77.569063,12.965921
29381,77.594498,13.015601
29382,77.594663,13.015518
29383,77.595487,13.016411
29384,77.587597,12.961154
29385,77.585830,12.961328
29386,77.618658,12.996697
29387,77.618596,12.996672
29388,77.618530,12.996443
29389,77.618591,12.996470
29390,77.626144,13.037684
29391,77.575348,12.973345
29392,77.624958,12.948707
29393,77.620139,12.946666
29394,77.624162,12.952467
29395,77.624103,12.952479
29396,77.647966,13.008463
29397,77.647967,13.008357
29398,77.653616,12.945960
29399,77.653677,12.945947
29400,77.628185,12.981597
29401,77.560998,13.022506
29402,77.594500,13.024137
29403,77.585468,12.991358
29404,77.564656,12.979432
29405,77.593867,12.972067
29406,77.619507,12.971522
29407,77.585512,13.027411
29408,77.639040,12.982833
29409,77.638917,12.983432
29410,77.563614,12.982470
29411,77.569929,12.938087
29412,77.569828,12.938150
29413,77.613255,12.963473
29414,77.612644,12.964204
29415,77.612643,12.963923
29416,77.614498,12.961013
29417,77.617104,12.961919
29418,77.616834,12.962592
29419,77.616174,12.963639
29420,77.616848,12.963719
29421,77.589842,12.959957
29422,77.614065,12.958880
29423,77.589831,12.960516
29424,77.614547,12.959105
29425,77.615674,12.959195
29426,77.613523,12.963501
29427,77.613477,12.963962
29428,77.593765,12.958273
29429,77.593910,12.958725
29430,77.594295,12.958896
29431,77.587019,12.957260
29432,77.611828,12.956242
29433,77.612977,12.956038
29434,77.588191,12.959772
29435,77.587959,12.959830
29436,77.593598,12.961427
29437,77.593648,12.960850
29438,77.636959,12.931475
29439,77.593957,12.957260
29440,77.614246,12.955482
29441,77.614682,12.955422
29442,77.587574,12.953983
29443,77.594417,12.962569
29444,77.594108,12.962548
29445,77.614088,12.950804
29446,77.594450,12.963567
29447,77.618832,12.955654
29448,77.618804,12.955672
29449,77.574470,12.979585
29450,77.570381,12.983878
29451,77.567246,12.981877
29452,77.569212,12.983933
29453,77.619689,12.957830
29454,77.618624,12.958727
29455,77.619316,12.958860
29456,77.617609,12.955811
29457,77.617900,12.955851
29458,77.617828,12.956101
29459,77.617784,12.956235
29460,77.618530,12.957591
29461,77.618765,12.957597
29462,77.601161,12.988143
29463,77.597185,12.985587
29464,77.597481,12.985744
29465,77.617779,12.960415
29466,77.604132,12.987276
29467,77.603937,12.987922
29468,77.625346,12.947308
29469,77.625577,12.947249
29470,77.566207,12.957078
29471,77.566042,12.956700
29472,77.605082,12.989327
29473,77.604834,12.993967
29474,77.625730,12.949158
29475,77.625585,12.948195
29476,77.626138,12.949717
29477,77.626017,12.949265
29478,77.565544,12.961660
29479,77.565522,12.961432
29480,77.565825,12.961426
29481,77.587091,12.945097
29482,77.587562,12.945054
29483,77.571830,12.955632
29484,77.571752,12.955239
29485,77.587615,12.945793
29486,77.588067,12.945954
29487,77.590748,12.941865
29488,77.567062,12.962609
29489,77.566743,12.962146
29490,77.566958,12.962161
29491,77.567965,12.963446
29492,77.568029,12.962690
29493,77.591735,12.935384
29494,77.592187,12.935150
29495,77.593669,12.945156
29496,77.594044,12.945397
29497,77.593853,12.945117
29498,77.592756,12.944572
29499,77.592881,12.944893
29500,77.593676,12.944805
29501,77.597764,12.963811
29502,77.598223,12.963605
29503,77.598127,12.963400
29504,77.598294,12.963755
29505,77.602078,12.964684
29506,77.567256,12.961785
29507,77.575721,12.960436
29508,77.590675,12.944319
29509,77.590862,12.944728
29510,77.591192,12.944590
29511,77.589874,12.944285
29512,77.588845,12.944073
29513,77.589052,12.944075
29514,77.591447,12.944627
29515,77.591977,12.944356
29516,77.592055,12.944655
29517,77.591884,12.944385
29518,77.591945,12.944585
29519,77.578496,12.961870
29520,77.578134,12.961907
29521,77.571533,12.942632
29522,77.571512,12.943063
29523,77.580157,12.964656
29524,77.567139,12.944250
29525,77.567000,12.943866
29526,77.569509,12.964671
29527,77.566710,12.943357
29528,77.566395,12.943363
29529,77.599115,12.955532
29530,77.576895,12.961249
29531,77.576527,12.961315
29532,77.566085,12.962897
29533,77.565508,12.963965
29534,77.565814,12.962813
29535,77.565620,12.963471
29536,77.604775,12.955943
29537,77.604400,12.956031
29538,77.604458,12.956157
29539,77.604447,12.956491
29540,77.604882,12.956388
29541,77.599526,12.957684
29542,77.625829,12.968042
29543,77.603257,12.957675
29544,77.635171,12.967983
29545,77.635261,12.968650
29546,77.626509,12.969568
29547,77.627015,12.969813
29548,77.626498,12.969743
29549,77.627016,12.969978
29550,77.626468,12.969955
29551,77.626690,12.970064
29552,77.577682,12.960748
29553,77.578058,12.960748
29554,77.599825,12.957886
29555,77.634208,12.972626
29556,77.634208,12.971930
29557,77.582715,12.961104
29558,77.627685,12.972053
29559,77.627906,12.971704
29560,77.631888,12.973011
29561,77.632171,12.972967
29562,77.639020,12.954719
29563,77.577668,12.960437
29564,77.578081,12.960456
29565,77.578735,12.957233
29566,77.609334,12.984780
29567,77.609241,12.984436
29568,77.584415,12.957634
29569,77.578794,12.956953
29570,77.580025,12.956503
29571,77.583722,12.957285
29572,77.582976,12.957593
29573,77.577510,12.957606
29574,77.577891,12.957510
29575,77.583934,12.957592
29576,77.583468,12.956476
29577,77.583740,12.956763
29578,77.598572,12.944728
29579,77.584857,12.955807
29580,77.584999,12.956178
29581,77.583860,12.955497
29582,77.584412,12.958259
29583,77.584517,12.958599
29584,77.602692,12.945060
29585,77.557429,13.034734
29586,77.557377,13.034647
29587,77.576537,12.955480
29588,77.576288,12.955517
29589,77.585389,12.959580
29590,77.585530,12.960024
29591,77.622186,12.946536
29592,77.623214,12.947201
29593,77.622617,12.945893
29594,77.564946,12.998057
29595,77.582028,12.998513
29596,77.624045,12.969507
29597,77.623625,12.969540
29598,77.581947,12.998505
29599,77.582017,12.998580
29600,77.582022,12.998507
29601,77.581940,12.998570
29602,77.585350,12.943637
29603,77.587055,12.943673
29604,77.588186,12.943713
29605,77.598407,13.003336
29606,77.603518,12.950128
29607,77.603330,12.949603
29608,77.603271,12.949213
29609,77.603305,12.949397
29610,77.602656,12.948823
29611,77.602757,12.949101
29612,77.574674,12.975563
29613,77.575367,12.981846
29614,77.582467,12.984605
29615,77.582170,12.984782
29616,77.612239,12.952121
29617,77.564958,12.969128
29618,77.618914,12.934554
29619,77.626841,12.939775
29620,77.626700,12.940026
29621,77.630298,13.007036
29622,77.624063,12.946245
29623,77.624187,12.946009
29624,77.624293,12.946298
29625,77.624099,12.946362
29626,77.624069,12.946058
29627,77.624171,12.946338
29628,77.624197,12.946038
29629,77.624402,12.945923
29630,77.624128,12.946222
29631,77.622835,12.949249
29632,77.622431,12.948818
29633,77.625373,12.950392
29634,77.625196,12.949839
29635,77.624972,12.950472
29636,77.624795,12.949875
29637,77.624565,12.950554
29638,77.624540,12.950114
29639,77.582407,12.959294
29640,77.582164,12.959241
29641,77.578985,12.964195
29642,77.573242,12.996461
29643,77.613124,12.973854
29644,77.600853,13.023055
29645,77.600960,13.022992
29646,77.598270,13.017377
29647,77.598770,13.018342
29648,77.599856,13.020220
29649,77.595498,13.011758
29650,77.595807,13.012446
29651,77.618144,13.003574
29652,77.618109,13.003610
29653,77.618183,13.003674
29654,77.618119,13.003658
29655,77.618216,13.003633
29656,77.618209,13.003598
29657,77.617596,13.003835
29658,77.597720,13.016209
29659,77.595521,13.011896
29660,77.598700,13.018382
29661,77.649254,13.013784
29662,77.571587,13.008505
29663,77.570309,13.008546
29664,77.571638,13.008539
29665,77.571141,13.008528
29666,77.622281,12.952610
29667,77.618433,12.951018
29668,77.619292,12.951783
29669,77.616633,12.951831
29670,77.617079,12.951780
29671,77.616640,12.951993
29672,77.617097,12.951949
29673,77.617531,12.952044
29674,77.617974,12.951925
29675,77.617699,12.950264
29676,77.617669,12.950608
29677,77.617842,12.950516
29678,77.617976,12.950762
29679,77.617808,12.950852
29680,77.618014,12.951059
29681,77.617589,12.950278
29682,77.618607,12.950916
29683,77.617880,12.950812
29684,77.617751,12.950565
29685,77.617531,12.954242
29686,77.623837,12.969361
29687,77.624079,12.968974
29688,77.579946,12.948135
29689,77.643313,13.009242
29690,77.643344,13.009124
29691,77.643436,13.009190
29692,77.634593,13.023504
29693,77.635061,13.023366
29694,77.634282,13.022571
29695,77.634411,13.021858
29696,77.636924,13.022323
29697,77.565709,12.956168
29698,77.565619,12.955951
29699,77.577284,12.956244
29700,77.577375,12.956300
29701,77.577231,12.956343
29702,77.578537,12.955599
29703,77.577732,12.956044
29704,77.567648,12.937800
29705,77.567698,12.937864
29706,77.569242,12.937827
29707,77.568773,12.937807
29708,77.568364,12.937789
29709,77.567915,12.937770
29710,77.567715,12.937761
29711,77.565127,12.964465
29712,77.560679,12.956039
29713,77.563718,12.962136
29714,77.568849,12.993721
29715,77.569447,12.993809
29716,77.567054,12.988002
29717,77.571456,12.989196
29718,77.571567,12.989088
29719,77.571612,12.989041
29720,77.611039,12.995577
29721,77.610989,12.995568
29722,77.611003,12.995521
29723,77.611047,12.995535
29724,77.628162,12.936100
29725,77.629613,12.937562
29726,77.630138,12.937999
29727,77.630412,12.938030
29728,77.632484,12.935811
29729,77.634386,12.936064
29730,77.634439,12.935851
29731,77.625696,12.940167
29732,77.625509,12.940372
29733,77.627653,12.939229
29734,77.627400,12.939302
29735,77.627134,12.939280
29736,77.629503,12.939455
29737,77.629479,12.939744
29738,77.631840,12.940234
29739,77.631538,12.940139
29740,77.631309,12.939369
29741,77.631499,12.939370
29742,77.631805,12.939443
29743,77.632553,12.938806
29744,77.631969,12.938812
29745,77.569127,12.968365
29746,77.573248,12.968931
29747,77.569858,12.965186
29748,77.626418,12.941735
29749,77.629699,12.941034
29750,77.629716,12.941148
29751,77.629250,12.943053
29752,77.629294,12.943815
29753,77.628292,12.943562
29754,77.627227,12.943743
29755,77.626294,12.943816
29756,77.626283,12.942954
29757,77.626299,12.943286
29758,77.610212,12.942792
29759,77.610473,12.942348
29760,77.609814,12.942586
29761,77.610069,12.942144
29762,77.610758,12.942504
29763,77.612429,12.942284
29764,77.612558,12.942718
29765,77.612743,12.942670
29766,77.608634,12.940281
29767,77.601046,12.967015
29768,77.600673,12.966608
29769,77.602827,12.967583
29770,77.619276,12.945401
29771,77.578258,13.000497
29772,77.577348,12.999164
29773,77.577034,12.999067
29774,77.641056,12.966296
29775,77.640386,12.966492
29776,77.637599,12.962879
29777,77.565040,12.984011
29778,77.565545,12.983949
29779,77.587661,12.976127
29780,77.587065,12.975764
29781,77.587596,12.975722
29782,77.587601,12.975689
29783,77.621861,12.974232
29784,77.619919,12.975665
29785,77.587393,12.976003
29786,77.608367,12.937077
29787,77.584015,12.935824
29788,77.615000,12.940350
29789,77.565875,12.946567
29790,77.624114,12.992064
29791,77.625267,12.992121
29792,77.622714,12.995700
29793,77.622227,12.995824
29794,77.587209,12.963433
29795,77.585754,12.962452
29796,77.625201,12.974327
29797,77.627169,12.969960
29798,77.576252,12.960303
29799,77.575580,12.960082
29800,77.576268,12.960338
29801,77.576729,12.960262
29802,77.575234,12.960622
29803,77.619472,12.941913
29804,77.619790,12.941626
29805,77.619858,12.941774
29806,77.657353,12.969351
29807,77.657002,12.969685
29808,77.657457,12.970395
29809,77.657482,12.970541
29810,77.657537,12.970801
29811,77.657290,12.970580
29812,77.655378,12.970665
29813,77.654921,12.970723
29814,77.605407,12.989766
29815,77.605901,12.989756
29816,77.606491,12.987352
29817,77.606540,12.987787
29818,77.579378,12.995609
29819,77.566553,12.947917
29820,77.563381,12.952104
29821,77.563701,12.952042
29822,77.600920,12.950887
29823,77.605108,12.949248
29824,77.605012,12.948742
29825,77.602816,12.952824
29826,77.560275,12.985846
29827,77.618253,12.933536
29828,77.618240,12.934142
29829,77.563587,12.945272
29830,77.563458,12.944391
29831,77.563227,12.952680
29832,77.562997,12.951601
29833,77.610355,12.937666
29834,77.610000,12.938300
29835,77.616307,12.936782
29836,77.573294,13.027547
29837,77.573352,13.027366
29838,77.573215,13.027397
29839,77.573268,13.027385
29840,77.562946,12.980088
29841,77.615220,12.993262
29842,77.615866,12.993066
29843,77.607513,12.991100
29844,77.616228,12.933882
29845,77.629938,12.968458
29846,77.630130,12.969193
29847,77.614988,13.002399
29848,77.616207,13.005395
29849,77.615863,13.004582
29850,77.615502,13.003720
29851,77.574476,12.953131
29852,77.655112,12.994978
29853,77.658092,12.981257
29854,77.617878,12.985661
29855,77.563367,12.936875
29856,77.563870,12.936821
29857,77.610332,12.984363
29858,77.610084,12.984328
29859,77.648746,12.963949
29860,77.569178,13.007860
29861,77.568652,13.007874
29862,77.566364,13.004131
29863,77.561303,13.019592
29864,77.561418,13.019723
29865,77.562733,13.022412
29866,77.562744,13.022099
29867,77.560080,13.024339
29868,77.560391,13.024247
29869,77.643208,13.018569
29870,77.611684,13.004939
29871,77.613526,12.970076
29872,77.614917,12.972394
29873,77.615385,12.972406
29874,77.574073,12.953149
29875,77.577922,13.000352
29876,77.579885,13.001225
29877,77.579862,13.000854
29878,77.581980,13.000133
29879,77.581704,12.999674
29880,77.641559,12.958965
29881,77.635635,12.969082
29882,77.639494,12.973816
29883,77.639818,12.973807
29884,77.655000,12.943068
29885,77.656049,12.942754
29886,77.656035,12.942442
29887,77.652609,12.952538
29888,77.652615,12.952068
29889,77.652616,12.952034
29890,77.577118,12.958647
29891,77.562644,12.929622
29892,77.653443,12.952868
29893,77.653675,12.952604
29894,77.560393,12.930395
29895,77.613189,13.001189
29896,77.644655,12.959909
29897,77.644382,12.959917
29898,77.646370,12.961999
29899,77.646084,12.960992
29900,77.646657,13.028578
29901,77.646168,13.028664
29902,77.610077,12.997511
29903,77.644313,13.029053
29904,77.643315,13.029188
29905,77.643320,13.029043
29906,77.653346,13.023744
29907,77.566504,13.001217
29908,77.574913,12.938743
29909,77.634400,13.015398
29910,77.634079,13.015354
29911,77.636020,13.015724
29912,77.636445,13.015597
29913,77.636348,13.015320
29914,77.635866,13.014865
29915,77.603013,12.982288
29916,77.562284,13.028935
29917,77.562245,13.028949
29918,77.622378,13.005619
29919,77.622961,13.005001
29920,77.593521,13.018203
29921,77.594270,13.017908
29922,77.592532,13.016773
29923,77.592032,13.016701
29924,77.611364,13.019436
29925,77.611532,13.019738
29926,77.607745,13.018972
29927,77.607973,13.018930
29928,77.594149,13.013808
29929,77.608820,13.021412
29930,77.576891,12.968692
29931,77.577060,12.968947
29932,77.582421,12.965229
29933,77.582349,12.964882
29934,77.582177,12.964876
29935,77.582474,12.964884
29936,77.575465,12.968461
29937,77.575601,12.968699
29938,77.562985,12.944481
29939,77.638964,13.010083
29940,77.638964,13.009890
29941,77.639645,13.010314
29942,77.632858,13.012153
29943,77.635939,12.971675
29944,77.635981,12.971694
29945,77.625786,13.002160
29946,77.596818,12.980250
29947,77.599283,12.957987
29948,77.599085,12.958032
29949,77.593495,13.006647
29950,77.593119,13.006798
29951,77.573139,12.999789
29952,77.572301,13.000218
29953,77.602539,12.985301
29954,77.602521,12.985298
29955,77.602757,12.985535
29956,77.602543,12.985557
29957,77.571459,13.000214
29958,77.573136,12.999941
29959,77.598641,12.984456
29960,77.598155,12.984637
29961,77.562825,12.955591
29962,77.562820,12.955256
29963,77.567764,12.962655
29964,77.567734,12.963344
29965,77.564438,13.035246
29966,77.627646,12.975976
29967,77.570699,12.959688
29968,77.649760,12.945818
29969,77.649478,12.946006
29970,77.649093,12.946172
29971,77.648886,12.946267
29972,77.599188,13.003726
29973,77.599482,13.003550
29974,77.600710,13.003369
29975,77.600422,13.003101
29976,77.600835,13.003302
29977,77.600746,13.002970
29978,77.625550,12.947552
29979,77.625701,12.948012
29980,77.625443,12.948914
29981,77.625636,12.948873
29982,77.626671,12.949633
29983,77.626526,12.949452
29984,77.656737,12.959932
29985,77.657142,12.960113
29986,77.652840,13.026272
29987,77.653278,13.026286
29988,77.652856,13.026372
29989,77.657762,13.027999
29990,77.658143,13.027826
29991,77.657305,13.028551
29992,77.578280,12.958312
29993,77.578392,12.958062
29994,77.659477,13.029361
29995,77.659099,13.028730
29996,77.582501,12.955615
29997,77.582887,12.955568
29998,77.603508,13.029113
29999,77.655005,13.028504
30000,77.655565,13.028763
30001,77.655904,13.028655
30002,77.656541,13.026161
30003,77.656846,13.026363
30004,77.597591,13.028264
30005,77.597657,13.027997
30006,77.597792,13.028666
30007,77.601062,13.025133
30008,77.600815,13.025214
30009,77.561343,13.023369
30010,77.654661,13.023853
30011,77.654691,13.023129
30012,77.658536,13.009842
30013,77.640498,12.967695
30014,77.640962,12.967574
30015,77.622660,13.019776
30016,77.623148,13.019670
30017,77.642088,12.966665
30018,77.642028,12.966374
30019,77.624234,12.944156
30020,77.624356,12.943982
30021,77.649796,12.966872
30022,77.650040,12.966744
30023,77.647840,12.966257
30024,77.648019,12.966174
30025,77.648120,12.966381
30026,77.647961,12.966056
30027,77.622634,12.944645
30028,77.623091,12.944957
30029,77.620909,13.024599
30030,77.621714,13.024211
30031,77.640886,12.965518
30032,77.649108,13.011219
30033,77.626428,12.944643
30034,77.642212,13.012095
30035,77.642247,13.011854
30036,77.644331,13.008582
30037,77.621437,12.942573
30038,77.628130,12.945356
30039,77.627769,12.945376
30040,77.628402,12.945411
30041,77.628544,12.945412
30042,77.567041,12.934035
30043,77.563206,13.009311
30044,77.643392,13.017372
30045,77.643151,13.017376
30046,77.642377,13.016381
30047,77.642599,13.016354
30048,77.659635,12.956457
30049,77.659690,12.956757
30050,77.653574,12.956602
30051,77.653842,12.956475
30052,77.657077,12.954971
30053,77.657454,12.954923
30054,77.659410,12.957493
30055,77.659902,12.957427
30056,77.645610,12.971590
30057,77.645925,12.971591
30058,77.648689,12.971450
30059,77.648545,12.972156
30060,77.649395,12.972051
30061,77.656545,12.957712
30062,77.657115,12.955216
30063,77.657387,12.955162
30064,77.619224,13.025651
30065,77.618782,13.025103
30066,77.618817,13.024898
30067,77.599542,12.931498
30068,77.576582,13.029789
30069,77.576525,13.029125
30070,77.562530,12.967697
30071,77.562834,12.967563
30072,77.614818,13.025509
30073,77.594904,13.024276
30074,77.616563,13.024083
30075,77.616447,13.024078
30076,77.617979,13.024632
30077,77.615018,13.025361
30078,77.614531,13.027423
30079,77.614667,13.027372
30080,77.603139,12.946273
30081,77.591095,12.945939
30082,77.591017,12.945689
30083,77.591053,12.945805
30084,77.590772,12.945873
30085,77.611642,12.986509
30086,77.612053,12.986331
30087,77.608575,12.987261
30088,77.608792,12.987320
30089,77.612308,12.987947
30090,77.612776,12.987829
30091,77.608277,12.986327
30092,77.646652,12.978625
30093,77.611401,12.989576
30094,77.595497,12.945846
30095,77.595970,12.944116
30096,77.590707,12.945405
30097,77.590504,12.945495
30098,77.590630,12.946447
30099,77.591009,12.946364
30100,77.615450,12.942861
30101,77.607736,12.943729
30102,77.608201,12.943749
30103,77.656914,12.964224
30104,77.625336,12.932737
30105,77.624958,12.932718
30106,77.625362,12.932845
30107,77.624863,12.932790
30108,77.628482,12.936041
30109,77.628293,12.935965
30110,77.628143,12.930832
30111,77.628226,12.931210
30112,77.624452,12.933194
30113,77.624439,12.932844
30114,77.616782,12.962712
30115,77.612631,12.963413
30116,77.612677,12.963107
30117,77.617931,12.961503
30118,77.617696,12.961454
30119,77.561161,12.964137
30120,77.566733,12.960725
30121,77.608102,13.010967
30122,77.608542,13.010823
30123,77.620529,12.948965
30124,77.620477,12.948933
30125,77.623823,12.943663
30126,77.618460,12.950039
30127,77.626326,12.949725
30128,77.620083,12.996112
30129,77.622625,12.996494
30130,77.638295,13.007679
30131,77.638283,13.007397
30132,77.609861,13.017885
30133,77.609738,13.017939
30134,77.609632,13.017750
30135,77.608265,13.016323
30136,77.608294,13.016729
30137,77.608089,13.016706
30138,77.608070,13.016916
30139,77.637400,13.013178
30140,77.631365,13.013825
30141,77.618240,13.008487
30142,77.618623,13.008709
30143,77.626805,13.008783
30144,77.610377,12.950882
30145,77.610195,12.950642
30146,77.604901,12.998255
30147,77.605208,12.998273
30148,77.605306,12.998988
30149,77.606692,12.999269
30150,77.629655,13.023504
30151,77.629683,13.023549
30152,77.636580,13.023687
30153,77.600785,12.939260
30154,77.600947,12.939515
30155,77.601406,12.940149
30156,77.601752,12.940774
30157,77.601884,12.940904
30158,77.601975,12.941037
30159,77.604142,13.016002
30160,77.603841,13.015562
30161,77.604388,13.015420
30162,77.603749,13.015365
30163,77.607494,13.016981
30164,77.638079,12.957045
30165,77.638025,12.956786
30166,77.638355,12.956760
30167,77.629685,13.013528
30168,77.629821,13.013834
30169,77.629348,13.013895
30170,77.629637,13.014025
30171,77.630297,12.996675
30172,77.630197,12.996438
30173,77.631857,12.936453
30174,77.631524,12.938577
30175,77.631060,12.937420
30176,77.610083,13.015982
30177,77.610608,13.015306
30178,77.562982,12.956284
30179,77.658699,13.015435
30180,77.658887,13.015392
30181,77.658651,13.015120
30182,77.658958,13.015049
30183,77.655105,13.013711
30184,77.628683,12.978325
30185,77.656239,12.968995
30186,77.581897,12.961682
30187,77.638623,13.002567
30188,77.640045,13.000038
30189,77.639201,13.001406
30190,77.569947,12.982090
30191,77.569303,12.982924
30192,77.570079,12.982546
30193,77.569049,12.981269
30194,77.569697,12.981192
30195,77.570307,12.982081
30196,77.569986,12.982528
30197,77.569094,12.981212
30198,77.570464,12.981630
30199,77.570899,12.980426
30200,77.572677,12.984038
30201,77.642773,12.967837
30202,77.643183,12.967854
30203,77.635951,12.968389
30204,77.635634,12.969584
30205,77.589808,12.995146
30206,77.591351,12.995230
30207,77.589706,12.995141
30208,77.570522,12.974650
30209,77.637958,13.019441
30210,77.601948,12.938707
30211,77.574652,12.980974
30212,77.560249,12.982851
30213,77.575914,12.975724
30214,77.607857,13.025104
30215,77.618378,12.975084
30216,77.653006,13.023503
30217,77.621600,12.934277
30218,77.622355,12.934442
30219,77.581724,12.998270
30220,77.581720,12.998672
30221,77.598434,12.980735
30222,77.581424,12.978863
30223,77.636218,12.931071
30224,77.586284,13.019794
30225,77.590819,13.019398
30226,77.620292,13.021477
30227,77.569921,12.930593
30228,77.613814,12.931971
30229,77.629542,12.973297
30230,77.645111,12.961019
30231,77.630031,12.979318
30232,77.571477,12.984956
30233,77.612253,13.029451
30234,77.568848,12.952160
30235,77.610899,12.931262
30236,77.563801,12.989299
30237,77.564159,12.989254
30238,77.621071,12.942517
30239,77.576251,12.973242
30240,77.607923,12.951689
30241,77.626083,12.977310
30242,77.632325,12.973702
30243,77.632438,12.973699
30244,77.632852,12.973917
30245,77.631322,12.974902
30246,77.624348,12.978054
30247,77.624247,12.977773
30248,77.658644,12.963401
30249,77.658554,12.963987
30250,77.657912,12.963635
30251,77.630879,13.012402
30252,77.630229,13.010395
30253,77.633426,13.011036
30254,77.635190,13.013233
30255,77.637733,13.011002
30256,77.638212,13.013071
30257,77.637891,13.010257
30258,77.638170,13.010053
30259,77.595808,12.987842
30260,77.618276,12.940456
30261,77.618516,12.940402
30262,77.618474,12.940221
30263,77.657598,12.981548
30264,77.599436,12.941364
30265,77.556340,12.998571
30266,77.613899,12.969728
30267,77.635990,12.961439
30268,77.598758,12.929780
30269,77.562195,12.954476
30270,77.568938,12.949901
30271,77.605362,13.027655
30272,77.653295,13.015643
30273,77.653331,13.016080
30274,77.654738,13.016524
30275,77.654415,13.016661
30276,77.658787,13.016041
30277,77.658870,13.016318
30278,77.656228,13.013647
30279,77.656197,13.017869
30280,77.567667,12.951576
30281,77.567503,12.955182
30282,77.567435,12.957086
30283,77.568543,12.957118
30284,77.569620,12.957157
30285,77.571642,12.957226
30286,77.565961,12.957149
30287,77.653393,12.956015
30288,77.654221,12.959338
30289,77.626307,12.947510
30290,77.653314,13.019870
30291,77.661192,13.016744
30292,77.569615,12.957211
30293,77.652702,13.020322
30294,77.577977,12.998714
30295,77.577146,12.999031
30296,77.577259,12.998528
30297,77.589934,12.959431
30298,77.591131,12.959284
30299,77.592893,12.960729
30300,77.592723,12.960771
30301,77.651455,13.018066
30302,77.655545,13.018922
30303,77.655461,13.018958
30304,77.655649,13.019229
30305,77.655748,13.019183
30306,77.654824,13.018935
30307,77.578117,13.027185
30308,77.636453,13.014714
30309,77.596166,13.028003
30310,77.587782,13.027722
30311,77.589484,13.029096
30312,77.586948,13.029561
30313,77.603437,12.961141
30314,77.587982,12.996064
30315,77.618585,12.941614
30316,77.618871,12.941650
30317,77.618530,12.941786
30318,77.603468,13.006838
30319,77.603998,13.005773
30320,77.601227,13.006750
30321,77.599609,13.007589
30322,77.607479,12.977542
30323,77.607707,12.977465
30324,77.588096,12.984677
30325,77.638161,13.028942
30326,77.602434,12.939890
30327,77.602364,12.939827
30328,77.602446,12.986255
30329,77.583423,12.987089
30330,77.583432,12.987135
30331,77.602739,12.988581
30332,77.612803,13.011355
30333,77.612553,13.011444
30334,77.626582,13.013812
30335,77.591301,12.932118
30336,77.591259,12.931816
30337,77.590442,12.933933
30338,77.601581,13.029477
30339,77.562075,12.971798
30340,77.562769,12.968304
30341,77.562967,12.968045
30342,77.635520,13.006265
30343,77.634834,13.004815
30344,77.634618,13.006336
30345,77.634580,13.006370
30346,77.634570,13.006482
30347,77.623563,12.946536
30348,77.596716,13.002160
30349,77.605085,13.018990
30350,77.601265,12.999949
30351,77.598857,12.998728
30352,77.598795,13.019822
30353,77.605045,13.018724
30354,77.605028,13.018449
30355,77.594071,13.014836
30356,77.593238,13.016350
30357,77.616062,12.954452
30358,77.616149,12.955803
30359,77.569639,12.955165
30360,77.568326,12.954096
30361,77.567895,12.948181
30362,77.568046,12.948089
30363,77.567783,12.947332
30364,77.567790,12.947193
30365,77.567787,12.947263
30366,77.567699,12.947266
30367,77.567700,12.947815
30368,77.567825,12.947687
30369,77.567988,12.947691
30370,77.568084,12.947899
30371,77.567724,12.948072
30372,77.570116,12.948272
30373,77.571494,12.951480
30374,77.568537,12.950148
30375,77.597193,12.986926
30376,77.618414,12.944180
30377,77.626920,12.944634
30378,77.637733,13.006080
30379,77.637760,13.005760
30380,77.624192,12.933193
30381,77.629885,12.972070
30382,77.562803,12.950873
30383,77.640813,12.978422
30384,77.593838,13.005233
30385,77.594005,13.005117
30386,77.565660,12.951992
30387,77.609455,13.021548
30388,77.566111,12.951180
30389,77.566120,12.951284
30390,77.611559,13.020297
30391,77.611494,13.020098
30392,77.574235,12.947067
30393,77.619432,12.955557
30394,77.619367,12.955454
30395,77.619244,12.954924
30396,77.620236,12.954946
30397,77.620159,12.955398
30398,77.617991,12.955462
30399,77.634471,13.010014
30400,77.634499,13.009571
30401,77.635503,13.030002
30402,77.635354,13.029656
30403,77.616428,12.965132
30404,77.634719,13.030061
30405,77.648885,13.028896
30406,77.627028,13.008318
30407,77.573740,12.964612
30408,77.573748,12.964478
30409,77.605130,13.026424
30410,77.571278,13.004641
30411,77.567140,13.005576
30412,77.570704,13.005546
30413,77.619448,12.975240
30414,77.656910,12.980835
30415,77.578600,12.961162
30416,77.578097,12.961073
30417,77.578014,12.962812
30418,77.582930,12.962036
30419,77.583667,12.962624
30420,77.583084,12.962486
30421,77.583611,12.962995
30422,77.583359,12.962579
30423,77.617093,12.995890
30424,77.617061,12.995795
30425,77.616981,12.995617
30426,77.617012,12.995685
30427,77.615464,12.993793
30428,77.570375,12.993149
30429,77.564424,12.991962
30430,77.636117,12.964603
30431,77.636614,12.964036
30432,77.637887,12.963110
30433,77.572724,12.943686
30434,77.571027,12.944994
30435,77.570998,12.945013
30436,77.569486,12.946067
30437,77.579928,12.943646
30438,77.624021,13.007431
30439,77.624301,13.007323
30440,77.618165,12.960649
30441,77.603338,13.006587
30442,77.603301,13.006593
30443,77.600858,13.006839
30444,77.601143,13.006670
30445,77.600949,13.006334
30446,77.599303,13.006822
30447,77.599752,13.007389
30448,77.596796,13.007121
30449,77.596820,13.007209
30450,77.589475,13.023714
30451,77.636772,13.015203
30452,77.613548,13.015461
30453,77.654280,12.959333
30454,77.654288,12.959441
30455,77.654235,12.959444
30456,77.598575,13.021197
30457,77.582354,12.961612
30458,77.607062,12.950505
30459,77.576464,12.955247
30460,77.620439,13.001659
30461,77.597698,13.022881
30462,77.590235,13.024840
30463,77.589862,13.024907
30464,77.591568,13.024896
30465,77.591840,13.025081
30466,77.608677,12.931682
30467,77.596095,13.014492
30468,77.596410,13.014301
30469,77.658749,12.984172
30470,77.658977,12.984426
30471,77.593119,12.950253
30472,77.605720,12.994052
30473,77.610261,12.973471
30474,77.602611,12.975391
30475,77.597381,12.980669
30476,77.616885,12.934130
30477,77.609732,12.934356
30478,77.609685,12.934347
30479,77.597003,12.944985
30480,77.593957,13.010630
30481,77.599173,13.008881
30482,77.576550,12.959374
30483,77.570001,13.003550
30484,77.569588,13.006459
30485,77.613750,12.931689
30486,77.613866,12.931655
30487,77.563112,12.950721
30488,77.563703,12.950893
30489,77.563243,12.950600
30490,77.588312,12.963046
30491,77.621036,13.007823
30492,77.621069,13.007987
30493,77.618794,13.005142
30494,77.638681,12.961021
30495,77.638666,12.960933
30496,77.635861,12.961384
30497,77.635876,12.961469
30498,77.638622,12.960878
30499,77.638580,12.960942
30500,77.638589,12.961032
30501,77.657105,12.991251
30502,77.657151,12.991167
30503,77.563876,12.978575
30504,77.597151,12.982727
30505,77.597438,12.984236
30506,77.569314,12.950982
30507,77.567623,12.949726
30508,77.566644,12.960937
30509,77.624807,12.942595
30510,77.624954,12.942680
30511,77.578885,12.934027
30512,77.637636,12.982182
30513,77.604773,12.973835
30514,77.604729,12.973617
30515,77.597964,12.973816
30516,77.657486,12.960048
30517,77.628807,12.976263
30518,77.629391,12.976368
30519,77.638316,13.011324
30520,77.638236,13.010743
30521,77.637718,13.010772
30522,77.659321,13.029446
30523,77.626927,13.022123
30524,77.619611,13.012573
30525,77.606806,12.930089
30526,77.629888,12.974652
30527,77.655485,13.015394
30528,77.659580,13.014866
30529,77.653752,13.015901
30530,77.653554,13.016245
30531,77.639291,13.028889
30532,77.580340,12.950883
30533,77.611921,12.987908
30534,77.610253,12.983904
30535,77.639097,13.029435
30536,77.570822,12.974559
30537,77.608203,12.951111
30538,77.607837,12.950935
30539,77.608149,12.950908
30540,77.561398,12.930016
30541,77.565742,12.943757
30542,77.597974,12.973497
30543,77.593086,12.946628
30544,77.572580,12.945494
30545,77.597967,12.971357
30546,77.600728,12.931032
30547,77.600731,12.931091
30548,77.596032,13.001020
30549,77.634323,13.012269
30550,77.606621,12.941926
30551,77.631367,13.012148
30552,77.631426,13.011920
30553,77.557847,12.990959
30554,77.631946,13.012186
30555,77.633573,13.012239
30556,77.595702,13.007014
30557,77.595884,13.007308
30558,77.595183,13.006279
30559,77.608235,12.974998
30560,77.608254,12.975113
30561,77.607412,12.975208
30562,77.653448,13.014547
30563,77.595414,13.007163
30564,77.595970,13.007697
30565,77.562239,12.987101
30566,77.581684,12.970954
30567,77.593085,12.934497
30568,77.582864,12.959064
30569,77.587346,12.931421
30570,77.643696,13.008217
30571,77.643848,13.008202
30572,77.644114,13.008973
30573,77.631886,13.005581
30574,77.654484,12.956447
30575,77.596841,12.960107
30576,77.645383,13.010796
30577,77.595696,12.962312
30578,77.595664,12.962090
30579,77.642780,13.011600
30580,77.642890,13.011487
30581,77.656636,12.957370
30582,77.641571,13.009470
30583,77.640996,13.010003
30584,77.640966,13.010604
30585,77.641573,13.010578
30586,77.633934,13.006119
30587,77.634154,13.005453
30588,77.657867,12.955926
30589,77.638538,13.006771
30590,77.655260,13.025437
30591,77.655137,13.025018
30592,77.655314,13.025652
30593,77.659152,13.026629
30594,77.658670,13.026679
30595,77.658772,13.026668
30596,77.658695,13.026272
30597,77.659004,13.026644
30598,77.658937,13.026178
30599,77.657419,12.957669
30600,77.641551,13.012315
30601,77.641301,13.014731
30602,77.640816,13.013107
30603,77.640786,13.013344
30604,77.640855,13.012469
30605,77.655360,13.019359
30606,77.655464,13.019522
30607,77.656207,13.020235
30608,77.656391,13.020125
30609,77.655605,13.019414
30610,77.641068,12.970191
30611,77.641249,12.970068
30612,77.640472,13.014512
30613,77.588167,12.945685
30614,77.567606,12.931306
30615,77.659776,13.028170
30616,77.659730,13.028158
30617,77.583670,12.962589
30618,77.647483,13.013443
30619,77.660231,13.025610
30620,77.660016,13.026201
30621,77.660208,13.025869
30622,77.651107,13.011056
30623,77.654766,13.022559
30624,77.654471,13.020558
30625,77.658118,13.023100
30626,77.569131,12.935347
30627,77.605003,13.019483
30628,77.617979,12.985834
30629,77.618252,12.985459
30630,77.616007,13.013679
30631,77.616228,13.014430
30632,77.616536,13.014355
30633,77.616323,13.013582
30634,77.617373,13.016899
30635,77.625877,12.981926
30636,77.625043,12.981837
30637,77.625246,12.981856
30638,77.625465,12.981886
30639,77.625663,12.981903
30640,77.624809,12.981786
30641,77.619162,13.014947
30642,77.616357,13.016251
30643,77.627357,12.981851
30644,77.627551,12.981811
30645,77.627990,12.981711
30646,77.627527,12.981736
30647,77.627970,12.981633
30648,77.606837,12.993783
30649,77.614915,13.017307
30650,77.577660,12.935338
30651,77.600705,13.011211
30652,77.605443,13.008730
30653,77.608749,13.007759
30654,77.605547,13.009052
30655,77.574739,12.984931
30656,77.612134,13.028601
30657,77.645127,12.981648
30658,77.648453,13.007621
30659,77.648414,13.007624
30660,77.648968,13.006753
30661,77.648903,13.006763
30662,77.649148,13.006413
30663,77.649085,13.006418
30664,77.648448,13.007621
30665,77.615630,13.019511
30666,77.615352,13.019623
30667,77.616590,13.018494
30668,77.617465,13.019504
30669,77.617665,13.019367
30670,77.614002,13.029588
30671,77.611573,13.024749
30672,77.609219,13.023949
30673,77.610944,13.024189
30674,77.572957,12.984613
30675,77.588742,13.027076
30676,77.589834,13.026983
30677,77.605209,12.967054
30678,77.605963,13.016619
30679,77.606399,13.017168
30680,77.605063,13.017333
30681,77.604994,13.015550
30682,77.623616,12.977555
30683,77.613749,12.994777
30684,77.589139,13.024833
30685,77.595654,13.024950
30686,77.591872,13.029132
30687,77.571828,13.028325
30688,77.627362,12.980082
30689,77.640386,12.994440
30690,77.629739,12.982125
30691,77.646281,12.988283
30692,77.646753,12.988281
30693,77.647028,12.989116
30694,77.626104,12.978749
30695,77.624634,12.978642
30696,77.564839,12.965834
30697,77.621468,12.978190
30698,77.569516,12.968521
30699,77.576351,12.947700
30700,77.607711,12.988106
30701,77.643526,12.991642
30702,77.643485,12.991503
30703,77.643336,12.991587
30704,77.643496,12.991541
30705,77.643607,12.991880
30706,77.643518,12.991612
30707,77.643679,12.992078
30708,77.643663,12.992033
30709,77.643773,12.992329
30710,77.608818,12.985882
30711,77.642994,12.995017
30712,77.631460,12.974847
30713,77.578315,12.951304
30714,77.577964,12.951302
30715,77.575085,12.945539
30716,77.571680,12.967581
30717,77.572537,12.967522
30718,77.573006,12.967226
30719,77.566152,12.965083
30720,77.633925,12.974962
30721,77.633950,12.975180
30722,77.577941,13.027066
30723,77.610633,13.014993
30724,77.610524,13.014611
30725,77.611213,13.013947
30726,77.611162,13.013856
30727,77.612026,13.015883
30728,77.628041,12.976563
30729,77.626920,12.976011
30730,77.656081,12.969485
30731,77.656089,12.969550
30732,77.637915,12.974716
30733,77.654312,12.970783
30734,77.613915,12.955568
30735,77.613844,12.955706
30736,77.610852,13.017143
30737,77.612318,13.015475
30738,77.614187,13.017985
30739,77.622046,12.976527
30740,77.627135,12.977268
30741,77.626508,12.977578
30742,77.622875,12.975410
30743,77.619088,12.957447
30744,77.615883,12.953725
30745,77.583808,12.967078
30746,77.598132,12.957661
30747,77.602880,12.959271
30748,77.600692,12.957534
30749,77.577495,12.938977
30750,77.577416,12.937774
30751,77.577683,12.954362
30752,77.577861,12.954608
30753,77.584030,12.953983
30754,77.560074,12.933062
30755,77.560176,12.933640
30756,77.559958,12.933672
30757,77.560108,12.933650
30758,77.560019,12.933067
30759,77.634057,13.015554
30760,77.612777,12.963423
30761,77.560756,12.931745
30762,77.561025,12.931715
30763,77.560726,12.931625
30764,77.561045,12.931599
30765,77.562254,12.934576
30766,77.612437,13.009048
30767,77.563702,12.936227
30768,77.565349,12.936163
30769,77.614279,13.018688
30770,77.614453,13.019239
30771,77.615109,13.017686
30772,77.560979,12.998688
30773,77.618883,13.008064
30774,77.613667,13.021555
30775,77.618706,13.008514
30776,77.625072,13.008980
30777,77.560069,12.998856
30778,77.619544,13.008986
30779,77.621313,13.007551
30780,77.621422,13.007680
30781,77.626160,13.007939
30782,77.627579,13.008247
30783,77.599639,13.028217
30784,77.598702,13.029164
30785,77.599215,13.028748
30786,77.599265,13.029085
30787,77.598558,13.028608
30788,77.626732,13.008777
30789,77.626605,13.008439
30790,77.628707,13.011051
30791,77.627779,13.008187
30792,77.627807,13.008378
30793,77.628103,13.008377
30794,77.629634,13.008258
30795,77.625313,13.012932
30796,77.605897,13.005614
30797,77.606158,13.005499
30798,77.602047,13.005023
30799,77.601920,13.004801
30800,77.571284,12.960133
30801,77.622142,13.009770
30802,77.621914,13.009355
30803,77.597811,13.006659
30804,77.623124,13.008902
30805,77.600976,13.005830
30806,77.619298,13.013558
30807,77.642062,13.016443
30808,77.630423,13.026664
30809,77.571833,13.007540
30810,77.564802,13.009929
30811,77.567634,13.010142
30812,77.565294,13.009596
30813,77.648717,13.015432
30814,77.648881,13.015380
30815,77.648649,13.015225
30816,77.648736,13.015170
30817,77.620809,12.995410
30818,77.611290,12.951596
30819,77.571634,13.006663
30820,77.641858,13.028621
30821,77.641370,13.029009
30822,77.653306,13.026430
30823,77.651929,13.027126
30824,77.652141,13.027084
30825,77.565983,13.008111
30826,77.617533,12.950416
30827,77.615558,12.950664
30828,77.563314,13.004627
30829,77.577466,13.008640
30830,77.630266,12.995743
30831,77.630782,12.995366
30832,77.630637,12.995208
30833,77.581138,13.007931
30834,77.563817,13.004252
30835,77.563820,13.004169
30836,77.657999,13.013060
30837,77.660306,13.008897
30838,77.594542,13.009581
30839,77.563273,13.004122
30840,77.563508,13.004302
30841,77.563510,13.004129
30842,77.651809,13.029857
30843,77.652361,13.029495
30844,77.570459,13.003542
30845,77.572228,13.002396
30846,77.579040,13.029566
30847,77.579065,13.029592
30848,77.561950,12.986378
30849,77.561550,12.986358
30850,77.568671,13.005077
30851,77.648115,13.006198
30852,77.648592,13.006540
30853,77.645055,13.006448
30854,77.646319,13.006312
30855,77.647047,13.005450
30856,77.566381,13.003689
30857,77.566379,13.003887
30858,77.564359,12.989018
30859,77.565237,13.004665
30860,77.565235,13.004700
30861,77.580233,12.984418
30862,77.580021,12.984442
30863,77.576504,12.978402
30864,77.575586,13.002315
30865,77.576140,12.996078
30866,77.576123,12.996221
30867,77.576263,12.996087
30868,77.579781,13.000542
30869,77.580496,13.003750
30870,77.580169,13.003765
30871,77.576178,12.997152
30872,77.575931,12.997167
30873,77.575933,12.997258
30874,77.575812,12.997232
30875,77.581165,12.997210
30876,77.581079,12.996997
30877,77.589231,13.038847
30878,77.624084,12.932254
30879,77.624157,12.932736
30880,77.630999,12.975721
30881,77.630627,12.975615
30882,77.629764,12.975823
30883,77.611873,13.018037
30884,77.604914,13.015166
30885,77.605970,13.014641
30886,77.605984,13.014591
30887,77.604665,13.009697
30888,77.604978,13.009653
30889,77.607765,13.020284
30890,77.607920,13.020236
30891,77.608350,13.021234
30892,77.629879,12.942838
30893,77.629716,12.942886
30894,77.626717,12.950264
30895,77.635885,13.012051
30896,77.661329,13.029036
30897,77.657129,13.029344
30898,77.657828,13.028603
30899,77.657605,13.029454
30900,77.560785,12.963877
30901,77.560968,12.963698
30902,77.613735,13.009619
30903,77.611254,13.011613
30904,77.611203,13.011595
30905,77.620749,13.017753
30906,77.620673,13.017507
30907,77.620581,13.020435
30908,77.613433,13.010461
30909,77.613435,13.010414
30910,77.625302,12.992720
30911,77.609139,13.010098
30912,77.615174,13.011382
30913,77.593164,12.993877
30914,77.593082,12.993567
30915,77.593095,12.993614
30916,77.581306,12.972940
30917,77.594602,12.967088
30918,77.594954,12.967289
30919,77.618852,13.025918
30920,77.655899,13.024752
30921,77.652133,13.028650
30922,77.613953,12.973766
30923,77.614349,12.975276
30924,77.606628,12.977955
30925,77.609114,12.978179
30926,77.613926,12.973658
30927,77.613855,12.973788
30928,77.606694,12.977934
30929,77.615392,13.002350
30930,77.614842,13.002353
30931,77.614535,13.002359
30932,77.601942,12.987061
30933,77.601910,12.986573
30934,77.601914,12.986631
30935,77.608042,12.975057
30936,77.607965,12.975185
30937,77.616080,13.001906
30938,77.619649,12.999783
30939,77.618948,13.000166
30940,77.617212,13.002010
30941,77.629691,12.934460
30942,77.629653,12.934500
30943,77.625416,12.939754
30944,77.625485,12.939819
30945,77.625421,12.939906
30946,77.625365,12.939850
30947,77.620201,12.949105
30948,77.661580,12.966781
30949,77.640817,12.978337
30950,77.640917,12.978340
30951,77.640913,12.978424
30952,77.600335,12.968000
30953,77.645818,12.982467
30954,77.645986,12.982502
30955,77.646763,12.982532
30956,77.646727,12.982739
30957,77.645980,12.982613
30958,77.645928,12.982488
30959,77.646100,12.982364
30960,77.646586,12.978621
30961,77.646594,12.978536
30962,77.646441,12.979259
30963,77.646510,12.979266
30964,77.646071,12.980765
30965,77.641239,12.970200
30966,77.641330,12.970252
30967,77.641001,12.977673
30968,77.636752,12.978291
30969,77.636667,12.978292
30970,77.636655,12.978218
30971,77.636740,12.978213
30972,77.594697,12.971848
30973,77.646440,12.947959
30974,77.572749,13.014697
30975,77.572841,13.014704
30976,77.572757,13.014616
30977,77.568561,13.034088
30978,77.568635,13.034098
30979,77.562764,12.937542
30980,77.585673,12.990994
30981,77.586149,12.990989
30982,77.586157,12.991039
30983,77.586317,12.990986
30984,77.562894,12.937789
30985,77.632168,13.000516
30986,77.619617,13.004053
30987,77.619693,13.004050
30988,77.614345,12.951359
30989,77.614579,12.951664
30990,77.614609,12.951088
30991,77.620176,13.029048
30992,77.630722,13.022684
30993,77.630646,13.022732
30994,77.658781,12.971096
30995,77.653963,13.024947
30996,77.653942,13.024865
30997,77.637393,12.982860
30998,77.637469,12.982884
30999,77.572263,12.974561
31000,77.561409,12.996892
31001,77.592029,12.930231
31002,77.571961,13.028388
31003,77.576957,13.027322
31004,77.560122,12.992925
31005,77.560491,12.992006
31006,77.562952,12.990906
31007,77.631083,12.981595
31008,77.631129,12.981432
31009,77.656631,12.980737
31010,77.584107,13.014567
31011,77.584109,13.014496
31012,77.583840,13.014570
31013,77.583841,13.014501
31014,77.599566,12.990519
31015,77.595644,12.993596
31016,77.595704,12.993547
31017,77.595662,12.993741
31018,77.595800,12.993759
31019,77.595820,12.993689
31020,77.588607,12.990466
31021,77.592327,12.983119
31022,77.592602,12.986927
31023,77.569347,12.998328
31024,77.569227,13.007830
31025,77.619499,12.971658
31026,77.619495,12.971822
31027,77.619476,12.972304
31028,77.619548,12.972553
31029,77.569554,12.981169
31030,77.581844,12.979699
31031,77.581628,12.979719
31032,77.581870,12.979539
31033,77.649024,12.959836
31034,77.580110,13.028170
31035,77.645050,13.013986
31036,77.645005,13.017819
31037,77.592033,12.930824
31038,77.588265,12.984437
31039,77.591261,12.947621
31040,77.560583,12.982606
31041,77.592012,12.988758
31042,77.621711,13.004034
31043,77.625341,13.005958
31044,77.572817,12.973501
31045,77.612154,13.002009
31046,77.586969,13.014261
31047,77.586948,13.014222
31048,77.586559,13.014377
31049,77.587337,13.014102
31050,77.587317,13.014063
31051,77.588159,13.013501
31052,77.588246,13.013562
31053,77.591856,13.008061
31054,77.591910,13.008086
31055,77.578635,13.006569
31056,77.618854,12.946646
31057,77.618915,12.946619
31058,77.618678,12.945947
31059,77.620270,12.949070
31060,77.611093,12.974336
31061,77.611164,12.974317
31062,77.611112,12.974442
31063,77.610303,12.970401
31064,77.609722,12.970557
31065,77.593863,12.980911
31066,77.593754,12.980790
31067,77.593645,12.980884
31068,77.616712,12.995772
31069,77.616717,12.995698
31070,77.616774,12.995732
31071,77.614513,12.991690
31072,77.614475,12.991709
31073,77.612476,12.996425
31074,77.617226,13.000530
31075,77.586310,13.029354
31076,77.586395,13.029325
31077,77.576062,12.931179
31078,77.621292,12.941386
31079,77.620968,12.950483
31080,77.621028,12.950456
31081,77.620760,12.950098
31082,77.620812,12.950060
31083,77.569627,12.971738
31084,77.564738,12.981997
31085,77.564991,12.982252
31086,77.564296,12.979819
31087,77.564407,12.979826
31088,77.564298,12.979750
31089,77.607918,12.944026
31090,77.607641,12.944046
31091,77.607880,12.944041
31092,77.607885,12.944006
31093,77.615540,12.997044
31094,77.639048,12.999527
31095,77.597722,13.016248
31096,77.596562,13.013701
31097,77.597411,13.015094
31098,77.597719,13.016137
31099,77.597212,13.014736
31100,77.595742,13.012463
31101,77.596302,13.013296
31102,77.595988,13.012800
31103,77.601197,12.960470
31104,77.601508,12.960593
31105,77.601293,12.960361
31106,77.602845,12.943434
31107,77.603318,12.943362
31108,77.603254,12.943372
31109,77.598365,13.017595
31110,77.600564,13.021783
31111,77.600708,13.022234
31112,77.600652,13.022254
31113,77.638918,12.960910
31114,77.638925,12.960998
31115,77.581144,12.973187
31116,77.617001,12.996291
31117,77.616922,12.996236
31118,77.616756,12.996053
31119,77.616888,12.996195
31120,77.583866,12.963869
31121,77.583948,12.963667
31122,77.582745,12.963429
31123,77.629323,12.934849
31124,77.629265,12.934795
31125,77.572848,13.014622
31126,77.641982,12.996935
31127,77.641926,12.996891
31128,77.641394,12.997708
31129,77.641708,12.997236
31130,77.642691,12.995842
31131,77.642679,12.995852
31132,77.571143,13.008472
31133,77.569157,13.008716
31134,77.569237,13.005499
31135,77.569159,13.008622
31136,77.569451,12.996890
31137,77.569440,12.996804
31138,77.571355,12.999276
31139,77.571409,12.996943
31140,77.571412,12.996793
31141,77.571490,12.993423
31142,77.571502,12.992907
31143,77.571523,12.992394
31144,77.571491,12.993364
31145,77.571390,12.993361
31146,77.570364,12.993290
31147,77.569820,12.993282
31148,77.617483,12.972849
31149,77.590218,12.946769
31150,77.659056,13.017738
31151,77.659019,13.017635
31152,77.651522,12.992114
31153,77.651571,12.992052
31154,77.611284,12.963225
31155,77.602462,12.947195
31156,77.560829,12.935327
31157,77.560707,12.935322
31158,77.560770,12.935193
31159,77.560704,12.935227
31160,77.560721,12.935209
31161,77.560693,12.935250
31162,77.560755,12.935195
31163,77.560389,12.935639
31164,77.560691,12.935266
31165,77.602535,12.947789
31166,77.627161,13.001052
31167,77.627188,13.000996
31168,77.586081,12.943650
31169,77.576848,12.951200
31170,77.576848,12.949683
31171,77.576774,12.949678
31172,77.638557,13.002696
31173,77.637371,12.982942
31174,77.637432,12.982717
31175,77.631401,12.981568
31176,77.643220,13.010017
31177,77.642638,13.012724
31178,77.573859,12.936951
31179,77.572949,12.936858
31180,77.571949,12.936862
31181,77.573898,12.936829
31182,77.573855,12.935320
31183,77.571841,12.936922
31184,77.571855,12.936864
31185,77.571850,12.936941
31186,77.560566,12.997286
31187,77.560510,12.997165
31188,77.582671,12.933023
31189,77.582260,12.932932
31190,77.580169,12.932972
31191,77.580588,12.932961
31192,77.582641,12.932924
31193,77.630238,12.980465
31194,77.630199,12.980494
31195,77.572462,13.014676
31196,77.611874,12.976230
31197,77.611832,12.976104
31198,77.595685,12.994603
31199,77.635136,12.929656
31200,77.635488,12.930033
31201,77.580091,12.943701
31202,77.579989,12.943698
31203,77.582933,12.943684
31204,77.608718,12.966655
31205,77.581408,12.943706
31206,77.581937,12.943706
31207,77.616063,13.000490
31208,77.616064,13.000532
31209,77.584858,12.995396
31210,77.584890,12.995240
31211,77.584994,12.995258
31212,77.627683,13.015447
31213,77.602105,12.939050
31214,77.602188,12.939032
31215,77.637496,12.982984
31216,77.641588,12.961878
31217,77.641363,12.958403
31218,77.641441,12.958395
31219,77.643289,12.961072
31220,77.643223,12.961137
31221,77.641705,12.962462
31222,77.641624,12.962461
31223,77.630256,13.024253
31224,77.616563,13.002265
31225,77.629591,13.020970
31226,77.578697,12.980498
31227,77.600596,13.025859
31228,77.553834,12.979847
31229,77.634784,13.001424
31230,77.635072,13.001410
31231,77.604493,12.988910
31232,77.579952,12.948362
31233,77.579950,12.948287
31234,77.580049,12.948363
31235,77.580063,12.948287
31236,77.573679,12.948366
31237,77.573671,12.948167
31238,77.573782,12.948165
31239,77.573784,12.948367
31240,77.622409,12.973130
31241,77.560305,12.984781
31242,77.625332,12.992891
31243,77.598164,12.986257
31244,77.606202,12.988474
31245,77.606137,12.988444
31246,77.606169,12.988432
31247,77.605641,12.985490
31248,77.601910,12.980339
31249,77.600765,12.980845
31250,77.600623,12.980364
31251,77.570578,12.992991
31252,77.590551,12.954114
31253,77.591906,12.953663
31254,77.579689,12.947895
31255,77.579396,12.948282
31256,77.599537,12.990435
31257,77.571355,13.008522
31258,77.571354,13.008470
31259,77.633990,12.931653
31260,77.634180,12.931549
31261,77.635394,12.930936
31262,77.635567,12.931261
31263,77.635643,12.931370
31264,77.578678,13.006444
31265,77.578833,13.006455
31266,77.578729,13.006516
31267,77.578782,13.006377
31268,77.601984,12.938698
31269,77.641430,12.958249
31270,77.641341,12.958266
31271,77.641426,12.958121
31272,77.641424,12.958080
31273,77.641312,12.958083
31274,77.611023,12.980795
31275,77.609766,12.981707
31276,77.569706,12.996806
31277,77.628682,12.978288
31278,77.564499,12.971056
31279,77.590656,13.010025
31280,77.590590,13.009988
31281,77.585219,12.963938
31282,77.580069,12.955282
31283,77.579993,12.955169
31284,77.618241,12.987824
31285,77.613956,12.990609
31286,77.614488,12.991619
31287,77.578740,12.987043
31288,77.649836,12.961189
31289,77.649738,12.960762
31290,77.649616,12.960380
31291,77.647847,12.960965
31292,77.647961,12.960782
31293,77.647911,12.960749
31294,77.647396,12.960200
31295,77.647329,12.960147
31296,77.647143,12.960252
31297,77.647732,12.960159
31298,77.647714,12.959991
31299,77.647072,13.024169
31300,77.606699,12.986232
31301,77.609110,12.984460
31302,77.604079,12.998327
31303,77.601891,12.999257
31304,77.574119,13.006247
31305,77.571744,13.002221
31306,77.571785,13.002221
31307,77.615405,12.953636
31308,77.601063,12.963611
31309,77.601121,12.963627
31310,77.601115,12.963344
31311,77.601210,12.963368
31312,77.599291,12.965163
31313,77.586179,12.991011
31314,77.585705,12.991130
31315,77.585040,12.993295
31316,77.585270,12.993420
31317,77.585066,12.993833
31318,77.585006,12.993456
31319,77.585208,12.994012
31320,77.584698,12.996191
31321,77.584799,12.996190
31322,77.588790,12.986365
31323,77.588779,12.986778
31324,77.598023,12.961860
31325,77.601565,12.960156
31326,77.601614,12.960576
31327,77.605715,12.950190
31328,77.578134,12.994578
31329,77.635487,12.963427
31330,77.635109,12.964281
31331,77.635095,12.964659
31332,77.647142,12.971998
31333,77.647734,12.968857
31334,77.647127,12.971919
31335,77.646907,12.973121
31336,77.645156,12.985256
31337,77.646663,12.978542
31338,77.594577,12.958469
31339,77.594470,12.958649
31340,77.594785,12.960729
31341,77.585073,12.954097
31342,77.596313,12.964999
31343,77.586255,12.965844
31344,77.658592,12.971453
31345,77.658679,12.971431
31346,77.569707,12.955145
31347,77.599350,12.973376
31348,77.595962,12.968746
31349,77.595883,12.968435
31350,77.595468,12.968317
31351,77.595512,12.968516
31352,77.595316,12.968559
31353,77.591338,12.989533
31354,77.591517,12.989182
31355,77.596799,12.964835
31356,77.581724,12.986512
31357,77.570774,12.975335
31358,77.574764,12.980817
31359,77.586812,12.965494
31360,77.586670,12.965619
31361,77.589220,12.963329
31362,77.584117,12.961521
31363,77.584091,12.961474
31364,77.587424,12.966913
31365,77.587367,12.967475
31366,77.574560,12.974842
31367,77.573278,12.978577
31368,77.573409,12.978487
31369,77.581014,12.973066
31370,77.581258,12.973267
31371,77.586476,12.965886
31372,77.586530,12.965715
31373,77.584040,12.961513
31374,77.592823,12.989658
31375,77.648017,12.987002
31376,77.647959,12.986877
31377,77.648062,12.986925
31378,77.648069,12.987025
31379,77.649255,12.966172
31380,77.649635,12.965944
31381,77.648928,12.966387
31382,77.630606,13.025559
31383,77.630567,13.025359
31384,77.632332,13.027623
31385,77.614876,12.992619
31386,77.615739,12.994407
31387,77.615283,12.993524
31388,77.631766,13.027205
31389,77.632468,13.027613
31390,77.630493,13.025463
31391,77.615216,12.993379
31392,77.615264,12.993355
31393,77.616033,12.994878
31394,77.616163,12.995122
31395,77.616210,12.995100
31396,77.580089,12.955232
31397,77.579841,12.955183
31398,77.580160,12.955163
31399,77.607345,12.993598
31400,77.607291,12.993526
31401,77.607181,12.993441
31402,77.609740,12.992759
31403,77.609718,12.992680
31404,77.606960,12.994812
31405,77.576845,12.982776
31406,77.576804,12.983218
31407,77.576916,12.981166
31408,77.576970,12.980663
31409,77.592528,12.938491
31410,77.592557,12.938512
31411,77.587440,12.975816
31412,77.587421,12.975773
31413,77.587157,12.975684
31414,77.587143,12.976041
31415,77.587203,12.976063
31416,77.587290,12.975671
31417,77.587049,12.975926
31418,77.633288,12.973143
31419,77.633074,12.973830
31420,77.588332,12.984594
31421,77.588384,12.984661
31422,77.588260,12.984541
31423,77.561481,12.964402
31424,77.573189,12.980498
31425,77.572746,12.980290
31426,77.609717,12.934302
31427,77.609720,12.934673
31428,77.564232,12.947397
31429,77.564410,12.947284
31430,77.573914,12.940632
31431,77.626290,13.021127
31432,77.625820,13.021134
31433,77.598832,12.963315
31434,77.598563,12.963700
31435,77.598405,12.963295
31436,77.569244,12.982760
31437,77.568988,12.982812
31438,77.640657,12.983309
31439,77.640936,12.983315
31440,77.623089,12.981524
31441,77.622952,12.981633
31442,77.620246,12.975682
31443,77.620058,12.974718
31444,77.622871,12.981943
31445,77.577933,12.953451
31446,77.573773,12.953178
31447,77.573594,12.953189
31448,77.573858,12.953169
31449,77.573474,12.953200
31450,77.565337,12.953312
31451,77.604141,12.992202
31452,77.604289,12.992197
31453,77.604115,12.992138
31454,77.604175,12.992143
31455,77.604245,12.992264
31456,77.607033,12.993616
31457,77.574590,12.959902
31458,77.619785,12.999743
31459,77.585817,12.955933
31460,77.586277,12.955822
31461,77.594426,12.981969
31462,77.594372,12.981638
31463,77.598726,12.976297
31464,77.580214,12.987395
31465,77.581940,12.984296
31466,77.581805,12.984911
31467,77.585690,12.984622
31468,77.593139,12.988428
31469,77.633326,13.027217
31470,77.568378,12.993335
31471,77.604043,12.994869
31472,77.635329,13.014556
31473,77.636168,13.014375
31474,77.571917,12.958934
31475,77.571896,12.959063
31476,77.571939,12.958125
31477,77.572082,12.957322
31478,77.567397,12.957211
31479,77.567433,12.957134
31480,77.567303,12.957112
31481,77.567373,12.957083
31482,77.618937,12.978049
31483,77.619269,12.977427
31484,77.619100,12.977621
31485,77.619151,12.977646
31486,77.572945,12.996934
31487,77.573761,12.965053
31488,77.620176,13.026584
31489,77.619914,13.025887
31490,77.620131,13.026606
31491,77.573787,12.966031
31492,77.573892,12.966417
31493,77.574816,12.968372
31494,77.573847,12.966450
31495,77.574395,12.967566
31496,77.574693,12.968132
31497,77.574550,12.967861
31498,77.571279,13.028381
31499,77.600495,12.930219
31500,77.600427,12.928696
31501,77.600609,12.928693
31502,77.600538,12.931147
31503,77.600541,12.931048
31504,77.651440,12.974258
31505,77.651460,12.974438
31506,77.651454,12.974323
31507,77.651447,12.974366
31508,77.651462,12.974362
31509,77.651454,12.974403
31510,77.651470,12.974399
31511,77.651995,12.973743
31512,77.651643,12.975221
31513,77.651650,12.975394
31514,77.651619,12.975226
31515,77.651595,12.975100
31516,77.651616,12.975097
31517,77.651602,12.975139
31518,77.651624,12.975135
31519,77.651610,12.975180
31520,77.651610,12.975071
31521,77.651646,12.975370
31522,77.651668,12.975366
31523,77.651640,12.975343
31524,77.651663,12.975337
31525,77.651634,12.975310
31526,77.651657,12.975303
31527,77.651630,12.975284
31528,77.651653,12.975280
31529,77.651624,12.975252
31530,77.651647,12.975248
31531,77.651306,12.974881
31532,77.651560,12.974828
31533,77.651574,12.975031
31534,77.651536,12.974834
31535,77.651562,12.974965
31536,77.651586,12.974961
31537,77.651556,12.974938
31538,77.651581,12.974933
31539,77.651550,12.974903
31540,77.651574,12.974898
31541,77.644964,12.958851
31542,77.645384,12.958669
31543,77.645232,12.958702
31544,77.644982,12.958816
31545,77.644991,12.958839
31546,77.645245,12.958730
31547,77.631012,13.023593
31548,77.631188,13.023534
31549,77.597400,13.023868
31550,77.597656,13.023951
31551,77.597603,13.023968
31552,77.598430,13.022490
31553,77.598528,13.022454
31554,77.598407,13.022429
31555,77.598508,13.022396
31556,77.603051,12.950132
31557,77.595222,13.001709
31558,77.576852,12.952813
31559,77.577351,12.956219
31560,77.576905,12.954855
31561,77.577407,12.956553
31562,77.577358,12.956543
31563,77.577306,12.956325
31564,77.577439,12.956992
31565,77.619852,12.975771
31566,77.622391,12.987605
31567,77.622408,12.987645
31568,77.622323,12.987607
31569,77.622400,12.987616
31570,77.622330,12.987681
31571,77.622514,12.987337
31572,77.574104,12.990276
31573,77.622357,12.946647
31574,77.623025,12.947079
31575,77.623445,12.946456
31576,77.622782,12.946005
31577,77.640748,12.961476
31578,77.640499,12.960959
31579,77.638520,13.002761
31580,77.635212,13.003042
31581,77.635182,13.003082
31582,77.624772,13.010902
31583,77.624802,13.011035
31584,77.564300,12.980019
31585,77.570105,12.982917
31586,77.570139,12.982147
31587,77.571154,12.982722
31588,77.603597,12.936898
31589,77.603401,12.936924
31590,77.603413,12.936855
31591,77.571602,12.948282
31592,77.575579,12.948320
31593,77.575478,12.948324
31594,77.575434,12.948241
31595,77.571609,12.948202
31596,77.568197,12.964835
31597,77.594670,12.962187
31598,77.573313,12.984943
31599,77.573316,12.984837
31600,77.609567,12.932397
31601,77.609367,12.930957
31602,77.649393,12.959781
31603,77.629559,12.977402
31604,77.614712,13.025293
31605,77.636813,13.021717
31606,77.637084,13.021690
31607,77.635882,13.021770
31608,77.635852,13.021558
31609,77.635767,13.023230
31610,77.635672,13.023102
31611,77.635694,13.023254
31612,77.631317,13.029309
31613,77.567613,12.952811
31614,77.588355,12.985193
31615,77.587592,12.985238
31616,77.587204,12.985510
31617,77.587204,12.985362
31618,77.587271,12.985254
31619,77.586854,12.985480
31620,77.650981,13.015588
31621,77.651020,13.015868
31622,77.650904,13.019253
31623,77.649177,13.018512
31624,77.569970,12.951646
31625,77.564624,12.953556
31626,77.562618,12.954259
31627,77.562367,12.954260
31628,77.562229,12.955180
31629,77.588471,12.945738
31630,77.588491,12.945702
31631,77.570136,12.960577
31632,77.589053,12.945472
31633,77.592895,12.950052
31634,77.569291,12.969284
31635,77.565908,12.963564
31636,77.564382,12.970860
31637,77.564196,12.970638
31638,77.575093,12.930117
31639,77.575081,12.930288
31640,77.575063,12.929772
31641,77.577985,12.940573
31642,77.577981,12.940787
31643,77.579380,12.980097
31644,77.602109,12.942574
31645,77.601822,12.942698
31646,77.601548,12.942786
31647,77.587300,12.940121
31648,77.605198,12.949524
31649,77.605211,12.949677
31650,77.575352,12.991445
31651,77.583623,12.987046
31652,77.583388,12.986925
31653,77.582580,12.987103
31654,77.582960,12.987254
31655,77.627084,12.937459
31656,77.628202,12.936133
31657,77.628325,12.935978
31658,77.594432,12.963158
31659,77.594619,12.963142
31660,77.577927,12.993783
31661,77.577877,12.993744
31662,77.580151,12.994843
31663,77.604805,12.956056
31664,77.637315,12.932928
31665,77.624270,12.952803
31666,77.624431,12.953506
31667,77.586968,12.997203
31668,77.635636,12.965145
31669,77.635610,12.965459
31670,77.635770,12.965271
31671,77.638812,12.957510
31672,77.637170,12.963475
31673,77.637635,12.962913
31674,77.579327,12.993034
31675,77.579433,12.993323
31676,77.579317,12.993232
31677,77.634607,12.963113
31678,77.641623,12.958959
31679,77.641595,12.958963
31680,77.564150,13.004254
31681,77.642251,12.957674
31682,77.641541,12.958111
31683,77.567140,13.005676
31684,77.568582,13.002962
31685,77.568589,13.002739
31686,77.564115,13.004502
31687,77.644992,12.957850
31688,77.645131,12.958144
31689,77.644913,12.957878
31690,77.645040,12.958138
31691,77.644629,12.957819
31692,77.644888,12.957855
31693,77.646975,12.962568
31694,77.570419,12.951678
31695,77.568366,13.001990
31696,77.568652,13.001994
31697,77.613359,12.939661
31698,77.614204,12.940597
31699,77.614159,12.940094
31700,77.613927,12.940478
31701,77.613871,12.939938
31702,77.613647,12.940336
31703,77.613592,12.939787
31704,77.613376,12.940181
31705,77.609619,12.940370
31706,77.567426,13.003685
31707,77.566594,13.003875
31708,77.612952,12.973765
31709,77.612899,12.973580
31710,77.583094,12.998105
31711,77.630336,12.968557
31712,77.632213,12.973143
31713,77.632136,12.972817
31714,77.633654,12.975492
31715,77.634058,12.975531
31716,77.650272,12.974002
31717,77.650235,12.973515
31718,77.565398,12.977022
31719,77.618464,12.989539
31720,77.618284,12.988873
31721,77.617923,12.988848
31722,77.618067,12.989050
31723,77.655722,12.969542
31724,77.588604,12.990511
31725,77.657301,12.972641
31726,77.607311,12.996577
31727,77.607163,12.995066
31728,77.607133,12.995024
31729,77.606722,12.995720
31730,77.607316,12.995279
31731,77.607095,12.995443
31732,77.615375,12.996506
31733,77.615548,12.996774
31734,77.617079,12.999273
31735,77.609834,12.996950
31736,77.609958,12.997161
31737,77.609355,12.998671
31738,77.615349,13.004985
31739,77.615687,13.004853
31740,77.654272,12.994923
31741,77.654253,12.994923
31742,77.626127,13.000162
31743,77.626274,12.999978
31744,77.616055,12.937992
31745,77.616268,12.937882
31746,77.616502,12.937496
31747,77.616263,12.937583
31748,77.616128,12.938589
31749,77.616251,12.938648
31750,77.616324,12.938964
31751,77.617462,12.938768
31752,77.646242,12.982667
31753,77.646447,12.982469
31754,77.646057,12.982403
31755,77.645815,12.982480
31756,77.645984,12.982517
31757,77.600680,12.956885
31758,77.630517,12.997010
31759,77.648621,13.006799
31760,77.628608,13.008781
31761,77.610523,12.938466
31762,77.610305,12.938280
31763,77.599618,12.931496
31764,77.599618,12.931785
31765,77.591329,13.023779
31766,77.595805,13.023988
31767,77.595763,13.023995
31768,77.596298,13.023809
31769,77.596312,13.023853
31770,77.596012,13.023909
31771,77.589868,13.019549
31772,77.587312,13.020811
31773,77.589267,13.019633
31774,77.596161,13.026829
31775,77.599132,13.029129
31776,77.595401,13.031159
31777,77.589055,13.025707
31778,77.598965,13.024798
31779,77.563246,12.938459
31780,77.626601,12.967853
31781,77.627165,12.966692
31782,77.627393,12.966300
31783,77.626673,12.967850
31784,77.627104,12.967829
31785,77.627246,12.967821
31786,77.627664,12.967793
31787,77.646849,12.974038
31788,77.612582,13.005475
31789,77.655452,12.995611
31790,77.655465,12.996826
31791,77.655429,12.997030
31792,77.654902,12.995146
31793,77.654987,12.995167
31794,77.594511,12.976035
31795,77.590462,12.974963
31796,77.604528,13.025079
31797,77.604438,13.025159
31798,77.598540,13.028412
31799,77.598104,13.028291
31800,77.604658,13.025108
31801,77.604728,13.025089
31802,77.603856,13.029487
31803,77.603567,13.029550
31804,77.584713,12.996558
31805,77.610716,13.016658
31806,77.631335,13.021810
31807,77.631217,13.022345
31808,77.631328,13.013286
31809,77.616557,13.025655
31810,77.617360,13.019020
31811,77.633061,13.017737
31812,77.638867,13.020161
31813,77.639248,13.018624
31814,77.639264,13.019135
31815,77.639444,13.019122
31816,77.629338,13.020543
31817,77.649115,13.028333
31818,77.630946,13.010065
31819,77.635965,13.008863
31820,77.635950,13.009141
31821,77.634154,13.011749
31822,77.633862,13.011701
31823,77.655516,13.019288
31824,77.651545,13.025521
31825,77.651435,13.025536
31826,77.634372,12.975267
31827,77.618649,12.989638
31828,77.618643,12.989527
31829,77.592472,13.010129
31830,77.597409,13.015725
31831,77.609324,12.937013
31832,77.609373,12.937337
31833,77.577210,12.943658
31834,77.570358,12.993349
31835,77.592073,12.986266
31836,77.656724,12.954075
31837,77.656806,12.954141
31838,77.645924,12.982504
31839,77.646074,12.982675
31840,77.577388,13.019954
31841,77.578077,13.019608
31842,77.575661,13.026487
31843,77.575704,13.026474
31844,77.575632,13.026420
31845,77.575710,13.026423
31846,77.575710,13.026597
31847,77.575625,13.026442
31848,77.657770,12.977708
31849,77.560615,12.982706
31850,77.620996,13.021265
31851,77.645890,12.982134
31852,77.601486,12.935947
31853,77.623171,12.931572
31854,77.623052,12.931624
31855,77.626771,13.015744
31856,77.625567,13.014064
31857,77.627536,13.015508
31858,77.593114,13.006067
31859,77.568435,12.993376
31860,77.660939,12.947240
31861,77.570335,12.974723
31862,77.570755,12.974647
31863,77.584843,13.023550
31864,77.584543,13.023628
31865,77.563122,13.006701
31866,77.562921,13.006707
31867,77.563041,13.006639
31868,77.563016,13.006850
31869,77.562927,13.006693
31870,77.564493,13.006660
31871,77.564569,13.006660
31872,77.560140,12.986525
31873,77.628403,12.972856
31874,77.617938,13.025952
31875,77.618086,13.026034
31876,77.583717,12.930726
31877,77.583865,12.930718
31878,77.583866,12.930777
31879,77.591902,13.007971
31880,77.559709,13.001245
31881,77.651556,12.976027
31882,77.651807,12.975975
31883,77.651605,12.976225
31884,77.651853,12.976176
31885,77.653202,12.974748
31886,77.645473,12.981039
31887,77.622166,12.975040
31888,77.582228,13.009092
31889,77.576597,13.009368
31890,77.571902,12.998621
31891,77.564549,13.005679
31892,77.620647,13.028440
31893,77.616733,13.028102
31894,77.615672,13.028725
31895,77.616067,13.027767
31896,77.615685,13.028780
31897,77.615889,13.028886
31898,77.564319,12.963393
31899,77.564020,12.963316
31900,77.562576,12.971437
31901,77.625845,12.948057
31902,77.577339,12.971966
31903,77.577140,12.971228
31904,77.577360,12.971114
31905,77.577421,12.971076
31906,77.559073,13.018975
31907,77.560093,13.019539
31908,77.560131,13.019601
31909,77.575276,13.006297
31910,77.576065,12.975363
31911,77.576083,12.975168
31912,77.574784,12.975546
31913,77.578548,13.004695
31914,77.574142,12.999421
31915,77.643224,12.968208
31916,77.572350,12.980211
31917,77.574794,12.980493
31918,77.574984,12.980629
31919,77.578520,12.987377
31920,77.578508,12.987286
31921,77.577974,12.987693
31922,77.581907,12.984220
31923,77.601792,12.976639
31924,77.570906,12.975294
31925,77.570641,12.974766
31926,77.597090,12.984156
31927,77.602768,12.931637
31928,77.569130,12.982312
31929,77.559351,13.007928
31930,77.612366,12.934455
31931,77.612410,12.934367
31932,77.612303,12.934315
31933,77.612258,12.934403
31934,77.615319,12.935840
31935,77.615280,12.935893
31936,77.607726,12.944044
31937,77.607594,12.943904
31938,77.620182,12.972753
31939,77.620224,12.972647
31940,77.615067,12.976240
31941,77.619815,12.972608
31942,77.657952,13.020684
31943,77.614309,12.968427
31944,77.614241,12.968479
31945,77.612277,12.969689
31946,77.614521,12.968534
31947,77.656278,13.021997
31948,77.606012,12.968434
31949,77.606099,12.968265
31950,77.606223,12.968299
31951,77.606678,12.966207
31952,77.590783,12.977704
31953,77.590710,12.977810
31954,77.597138,12.964827
31955,77.650499,12.955554
31956,77.596861,12.964595
31957,77.608763,12.966665
31958,77.608366,12.967902
31959,77.608318,12.967693
31960,77.611232,12.967140
31961,77.610856,12.967618
31962,77.610806,12.967211
31963,77.646821,13.028176
31964,77.646911,13.028492
31965,77.647988,13.028314
31966,77.647872,13.027896
31967,77.648899,13.023204
31968,77.588314,12.961045
31969,77.588263,12.960991
31970,77.575865,12.962281
31971,77.577652,12.959031
31972,77.574511,12.959791
31973,77.573807,12.957287
31974,77.573792,12.957211
31975,77.573555,12.957264
31976,77.573581,12.957344
31977,77.601946,12.995427
31978,77.601945,12.995483
31979,77.562100,12.971791
31980,77.607617,12.999922
31981,77.578129,13.009297
31982,77.625337,12.992805
31983,77.624237,12.987316
31984,77.624248,12.987614
31985,77.624077,12.987616
31986,77.624070,12.987320
31987,77.623779,12.987558
31988,77.613286,12.934914
31989,77.613150,12.935180
31990,77.597242,12.984530
31991,77.584414,13.022979
31992,77.571907,12.986371
31993,77.581309,12.935861
31994,77.584930,12.928644
31995,77.581311,12.936670
31996,77.621906,12.973927
31997,77.617748,12.974602
31998,77.617824,12.975266
31999,77.573772,12.953104
32000,77.591503,13.016215
32001,77.585926,12.959394
32002,77.607752,12.989516
32003,77.607466,12.989520
32004,77.609794,13.012306
32005,77.610052,13.012507
32006,77.563381,12.967721
32007,77.563029,12.967919
32008,77.602552,12.946142
32009,77.602440,12.946474
32010,77.561948,13.028232
32011,77.648480,12.943613
32012,77.648643,12.943854
32013,77.646986,12.990281
32014,77.646889,12.990294
32015,77.583749,12.957927
32016,77.582465,12.958338
32017,77.584581,13.023617
32018,77.620603,12.952209
32019,77.620573,12.952150
32020,77.573775,12.948989
32021,77.619797,12.934990
32022,77.579989,12.943625
32023,77.580091,12.943627
32024,77.571064,12.993396
32025,77.579991,13.009218
32026,77.580446,13.009186
32027,77.553060,12.998285
32028,77.622381,12.973188
32029,77.625372,12.974993
32030,77.625296,12.975050
32031,77.594809,12.962464
32032,77.643294,13.020614
32033,77.643181,13.017983
32034,77.631340,12.981620
32035,77.628659,12.978425
32036,77.613899,12.966567
32037,77.613890,12.966511
32038,77.573239,12.996998
32039,77.573245,12.996789
32040,77.620885,12.955336
32041,77.621210,12.956972
32042,77.620987,12.955910
32043,77.620864,12.955307
32044,77.621041,12.956164
32045,77.621127,12.956580
32046,77.580031,12.955243
32047,77.580021,12.955167
32048,77.567511,12.985783
32049,77.597745,12.971240
32050,77.597245,12.971167
32051,77.583810,13.014368
32052,77.631237,13.029493
32053,77.631077,13.029601
32054,77.587692,12.962477
32055,77.575352,12.936875
32056,77.575354,12.936799
32057,77.573463,12.940632
32058,77.573644,12.940570
32059,77.573816,12.939778
32060,77.594357,13.015941
32061,77.594415,13.015986
32062,77.579464,13.014722
32063,77.579446,13.014226
32064,77.602497,12.946092
32065,77.585250,12.966057
32066,77.585192,12.965577
32067,77.579907,12.955262
32068,77.573615,12.923599
32069,77.631298,13.017051
32070,77.569332,12.990139
32071,77.568029,12.989809
32072,77.620182,12.949072
32073,77.635700,13.020538
32074,77.632278,13.024861
32075,77.631913,13.024521
32076,77.622303,13.028784
32077,77.614933,12.994069
32078,77.614812,12.993855
32079,77.614466,12.975369
32080,77.655380,12.955450
32081,77.568145,12.982034
32082,77.568140,12.982278
32083,77.637698,13.017235
32084,77.637649,13.017099
32085,77.638446,13.016119
32086,77.638259,13.016169
32087,77.638304,13.016365
32088,77.638211,13.016032
32089,77.638872,13.016593
32090,77.638569,13.016642
32091,77.640047,13.015473
32092,77.642871,13.012622
32093,77.642906,13.014575
32094,77.643178,13.014511
32095,77.570044,12.964545
32096,77.568347,12.960494
32097,77.641963,13.011709
32098,77.641781,13.012452
32099,77.635699,13.014269
32100,77.637909,13.012527
32101,77.638034,13.013581
32102,77.636521,13.012410
32103,77.636178,13.012500
32104,77.635705,13.005056
32105,77.635510,13.004769
32106,77.635958,13.007914
32107,77.636493,13.008410
32108,77.635982,13.008340
32109,77.635543,13.008278
32110,77.640571,13.011196
32111,77.640415,13.011151
32112,77.640284,13.011473
32113,77.640156,13.011164
32114,77.639901,13.011212
32115,77.639887,13.011147
32116,77.639949,13.011439
32117,77.638435,13.005746
32118,77.639452,13.006428
32119,77.637621,13.007217
32120,77.637401,13.007226
32121,77.637387,13.007096
32122,77.637134,13.007135
32123,77.637418,13.006205
32124,77.638295,13.007965
32125,77.621538,12.976846
32126,77.621528,12.976633
32127,77.621866,12.976612
32128,77.621724,12.976753
32129,77.621168,12.977037
32130,77.621105,12.976684
32131,77.643376,13.007738
32132,77.637421,13.009808
32133,77.637374,13.007507
32134,77.637385,13.007757
32135,77.650501,13.008707
32136,77.650051,13.008924
32137,77.573244,12.996935
32138,77.600859,12.976661
32139,77.586981,12.981581
32140,77.612831,12.974033
32141,77.630530,12.974217
32142,77.607366,12.931147
32143,77.655914,12.955126
32144,77.608321,12.951829
32145,77.608315,12.951655
32146,77.604948,12.952586
32147,77.620276,12.975871
32148,77.620227,12.975881
32149,77.620293,12.976002
32150,77.653111,12.995611
32151,77.615798,12.997881
32152,77.659894,12.989108
32153,77.659813,12.987981
32154,77.631013,13.026460
32155,77.630765,13.026076
32156,77.630677,13.025937
32157,77.630535,13.025565
32158,77.632438,13.027554
32159,77.650832,13.016675
32160,77.561138,13.018734
32161,77.560136,13.019145
32162,77.560050,13.018909
32163,77.561413,13.018680
32164,77.602887,12.986583
32165,77.602866,12.986638
32166,77.610045,12.980965
32167,77.640531,12.984037
32168,77.640619,12.984061
32169,77.640520,12.984122
32170,77.640595,12.984151
32171,77.580534,13.009237
32172,77.580561,13.009178
32173,77.609798,12.934644
32174,77.609850,12.934715
32175,77.592969,13.024869
32176,77.593019,13.024969
32177,77.568311,12.963588
32178,77.642825,13.015615
32179,77.642916,13.015603
32180,77.576904,12.948320
32181,77.656826,12.964803
32182,77.576870,12.943558
32183,77.586793,12.981685
32184,77.586753,12.981666
32185,77.586727,12.981666
32186,77.573675,12.948990
32187,77.615030,12.929576
32188,77.614985,12.929538
32189,77.633858,13.029971
32190,77.633928,13.030281
32191,77.591207,12.953895
32192,77.591546,12.953783
32193,77.580075,12.948128
32194,77.612579,12.934359
32195,77.619639,13.003907
32196,77.619783,13.004244
32197,77.619705,13.004277
32198,77.572495,13.014528
32199,77.643084,13.017968
32200,77.637403,13.000918
32201,77.606458,12.965096
32202,77.636832,13.020832
32203,77.570065,12.974037
32204,77.659297,13.008641
32205,77.659505,13.008480
32206,77.659463,13.008242
32207,77.563917,12.996342
32208,77.629139,13.015871
32209,77.629371,13.016399
32210,77.629565,13.015930
32211,77.642417,13.013928
32212,77.642428,13.013986
32213,77.642485,13.013916
32214,77.641940,13.014045
32215,77.634468,12.931327
32216,77.634152,12.931565
32217,77.634978,12.931047
32218,77.656769,13.007764
32219,77.657267,13.007802
32220,77.654067,13.006210
32221,77.626826,12.937243
32222,77.627056,12.937194
32223,77.643677,12.956386
32224,77.643742,12.956386
32225,77.637413,12.982788
32226,77.656276,13.019888
32227,77.610219,12.983769
32228,77.609599,12.983893
32229,77.606605,12.990367
32230,77.609141,12.984033
32231,77.607355,12.984500
32232,77.607507,12.984853
32233,77.607553,12.985103
32234,77.607693,12.984262
32235,77.588384,12.967778
32236,77.580428,12.953328
32237,77.616116,13.001242
32238,77.616208,13.002209
32239,77.615027,13.002398
32240,77.616985,12.956210
32241,77.578488,13.014810
32242,77.597536,12.964188
32243,77.598561,12.963811
32244,77.598491,12.963472
32245,77.624711,12.942548
32246,77.580565,12.971046
32247,77.569209,12.948170
32248,77.568444,12.948158
32249,77.631065,13.026446
32250,77.597284,12.984424
32251,77.597199,12.984327
32252,77.563879,13.000718
32253,77.562700,13.007076
32254,77.563015,13.007068
32255,77.565547,13.009817
32256,77.565921,13.010009
32257,77.565675,13.009163
32258,77.565687,13.009513
32259,77.565162,13.005628
32260,77.565162,13.005686
32261,77.565742,13.005610
32262,77.565220,13.005625
32263,77.565207,13.005308
32264,77.639296,12.978281
32265,77.660036,13.025465
32266,77.660105,13.025410
32267,77.605749,12.973890
32268,77.569093,13.011682
32269,77.597153,12.984396
32270,77.586095,13.019461
32271,77.585737,13.019612
32272,77.605993,12.957913
32273,77.604288,13.027448
32274,77.597111,13.025828
32275,77.595595,13.027147
32276,77.599340,13.025243
32277,77.599337,13.025564
32278,77.598254,13.026285
32279,77.597126,13.026409
32280,77.606006,12.958016
32281,77.636948,13.026684
32282,77.639708,13.029569
32283,77.639708,13.029525
32284,77.629422,12.931064
32285,77.629466,12.931106
32286,77.621184,13.020014
32287,77.619802,13.012983
32288,77.574498,12.959754
32289,77.574576,12.959730
32290,77.574655,12.959724
32291,77.607491,12.944000
32292,77.607620,12.944121
32293,77.576775,12.948155
32294,77.609667,12.934847
32295,77.609640,12.934756
32296,77.619268,12.987217
32297,77.619297,12.987238
32298,77.585084,12.993875
32299,77.590406,12.975014
32300,77.573766,12.940313
32301,77.603661,12.966238
32302,77.566953,12.947168
32303,77.634489,13.029674
32304,77.634336,13.029497
32305,77.614047,13.004302
32306,77.613871,13.003977
32307,77.613992,13.004199
32308,77.635760,13.014445
32309,77.614738,12.991552
32310,77.614893,12.991489
32311,77.626944,12.970911
32312,77.627106,12.970632
32313,77.626689,12.970799
32314,77.627417,12.970601
32315,77.626694,12.968807
32316,77.626543,12.968735
32317,77.634370,12.962633
32318,77.634648,12.962627
32319,77.635696,12.963087
32320,77.635623,12.962738
32321,77.654956,12.971877
32322,77.592371,13.019184
32323,77.593463,13.011973
32324,77.634208,12.972500
32325,77.633986,12.971661
32326,77.639929,12.955646
32327,77.640262,12.955599
32328,77.649401,12.964527
32329,77.649312,12.965087
32330,77.644376,12.960772
32331,77.644701,12.960823
32332,77.656001,12.964900
32333,77.580058,13.026611
32334,77.560669,12.983296
32335,77.636473,13.019796
32336,77.585238,12.943018
32337,77.595681,12.945816
32338,77.595704,12.945894
32339,77.616687,12.969824
32340,77.607199,12.993555
32341,77.607239,12.993540
32342,77.607277,12.993624
32343,77.637902,12.958493
32344,77.637848,12.958498
32345,77.634964,12.960404
32346,77.632706,13.028071
32347,77.615836,13.017817
32348,77.615983,13.025170
32349,77.612599,13.023224
32350,77.611782,13.023964
32351,77.607882,13.019960
32352,77.608049,13.017818
32353,77.608142,13.018379
32354,77.604193,13.027088
32355,77.607842,13.026167
32356,77.607073,13.025701
32357,77.609071,13.023433
32358,77.577427,12.939789
32359,77.577270,12.940575
32360,77.577439,12.940555
32361,77.577178,12.940557
32362,77.621696,13.007143
32363,77.626811,13.009572
32364,77.619072,13.004254
32365,77.618961,13.003969
32366,77.620834,13.007113
32367,77.629277,13.016095
32368,77.615495,13.029425
32369,77.561630,13.028672
32370,77.576211,12.923552
32371,77.576321,12.923553
32372,77.657177,13.007539
32373,77.659100,13.010157
32374,77.659108,13.009863
32375,77.620295,13.026922
32376,77.620227,13.026938
32377,77.557931,12.990966
32378,77.601873,12.937211
32379,77.601608,12.937251
32380,77.601828,12.937006
32381,77.601556,12.937050
32382,77.610100,12.934709
32383,77.610157,12.934691
32384,77.609895,12.934681
32385,77.610899,12.935110
32386,77.611196,12.936018
32387,77.609898,12.934879
32388,77.611386,12.936038
32389,77.611237,12.935988
32390,77.611350,12.935788
32391,77.610082,12.935039
32392,77.610126,12.934701
32393,77.610268,12.934913
32394,77.611090,12.935666
32395,77.610987,12.935858
32396,77.569352,12.963039
32397,77.613905,13.013570
32398,77.607541,13.015696
32399,77.607832,13.015644
32400,77.607716,13.010449
32401,77.613712,13.014193
32402,77.611265,13.014405
32403,77.611156,13.014251
32404,77.618627,13.022277
32405,77.618559,13.021857
32406,77.621813,13.021192
32407,77.621751,13.020779
32408,77.603362,13.012519
32409,77.603252,13.012164
32410,77.588536,13.029535
32411,77.588442,13.028256
32412,77.600661,12.997855
32413,77.599786,13.027287
32414,77.603468,13.026710
32415,77.567739,12.996836
32416,77.634308,13.006255
32417,77.643183,12.992765
32418,77.637396,12.993226
32419,77.643126,12.993363
32420,77.643136,12.993158
32421,77.642643,12.993014
32422,77.638008,13.006271
32423,77.638050,13.005814
32424,77.635310,13.005881
32425,77.635082,13.005895
32426,77.635032,13.005238
32427,77.614596,12.966807
32428,77.614736,12.966844
32429,77.614538,12.967020
32430,77.613469,12.964129
32431,77.613030,12.963449
32432,77.614143,12.958893
32433,77.614502,12.958846
32434,77.612807,12.959115
32435,77.612091,12.950496
32436,77.612324,12.950490
32437,77.611965,12.950498
32438,77.613058,12.950609
32439,77.613678,12.950717
32440,77.602627,12.945054
32441,77.606657,12.941515
32442,77.606557,12.941742
32443,77.629570,12.944155
32444,77.630331,12.943668
32445,77.629952,12.943641
32446,77.629956,12.943479
32447,77.629853,12.943057
32448,77.629564,12.943456
32449,77.630837,12.939774
32450,77.630498,12.940801
32451,77.630521,12.940309
32452,77.629751,12.941337
32453,77.629475,12.941368
32454,77.629742,12.941276
32455,77.629439,12.941184
32456,77.630906,12.942409
32457,77.629360,12.939799
32458,77.629797,12.939856
32459,77.630116,12.939172
32460,77.630159,12.939491
32461,77.659989,12.961751
32462,77.623722,12.948415
32463,77.625384,12.945812
32464,77.626902,12.944372
32465,77.626634,12.944364
32466,77.629193,12.945135
32467,77.629661,12.945146
32468,77.599044,12.941275
32469,77.598939,12.941431
32470,77.599869,12.940324
32471,77.603363,12.950282
32472,77.603412,12.950265
32473,77.603301,12.940947
32474,77.600991,12.941395
32475,77.600244,12.941490
32476,77.628264,12.946835
32477,77.628661,12.946864
32478,77.630028,12.944342
32479,77.629538,12.944572
32480,77.629479,12.944574
32481,77.630171,12.943084
32482,77.628892,12.944635
32483,77.628616,12.944827
32484,77.628896,12.944825
32485,77.627094,12.939165
32486,77.596715,12.943579
32487,77.596499,12.943568
32488,77.599301,12.944588
32489,77.600497,12.943730
32490,77.599226,12.942484
32491,77.599285,12.942753
32492,77.600812,12.945803
32493,77.600723,12.945538
32494,77.608862,12.944529
32495,77.627976,13.002585
32496,77.605813,12.943981
32497,77.605819,12.944047
32498,77.620915,13.026132
32499,77.624097,13.029840
32500,77.624056,13.029528
32501,77.631905,13.003931
32502,77.625648,13.028110
32503,77.625739,13.028515
32504,77.630756,13.003462
32505,77.630499,13.003547
32506,77.632418,13.004076
32507,77.632155,13.004151
32508,77.624658,13.024843
32509,77.628638,13.026244
32510,77.654690,13.024723
32511,77.654625,13.024700
32512,77.627854,12.948257
32513,77.650658,13.017762
32514,77.650845,13.017589
32515,77.649979,13.029830
32516,77.639039,13.029450
32517,77.638965,13.029509
32518,77.601833,13.024002
32519,77.601954,13.023957
32520,77.562396,12.990233
32521,77.564471,12.991394
32522,77.564442,12.991178
32523,77.569586,12.989375
32524,77.569619,12.988439
32525,77.614558,12.940887
32526,77.614104,12.935320
32527,77.613955,12.935587
32528,77.610047,12.932810
32529,77.608697,12.931802
32530,77.647287,13.030547
32531,77.654283,13.027094
32532,77.617501,12.957799
32533,77.617418,12.957979
32534,77.617329,12.957971
32535,77.648050,13.023906
32536,77.647634,13.023689
32537,77.647496,13.024202
32538,77.647609,13.023550
32539,77.653839,13.021662
32540,77.652657,13.016621
32541,77.638661,13.016857
32542,77.629750,13.023789
32543,77.629828,13.023727
32544,77.630195,13.023699
32545,77.646653,13.007772
32546,77.646741,13.008081
32547,77.600340,13.022598
32548,77.600281,13.022413
32549,77.599686,13.022319
32550,77.619024,13.020908
32551,77.619462,13.020934
32552,77.617929,13.020920
32553,77.604805,13.019944
32554,77.604735,13.019432
32555,77.618465,13.019525
32556,77.617997,13.019645
32557,77.617889,13.019393
32558,77.617945,13.019589
32559,77.605579,13.022237
32560,77.596003,13.025350
32561,77.590226,13.029317
32562,77.595373,13.026725
32563,77.588736,13.026807
32564,77.589577,13.027016
32565,77.628507,13.014971
32566,77.628545,13.014944
32567,77.578280,13.029910
32568,77.578376,13.030298
32569,77.578229,13.027935
32570,77.608379,13.012902
32571,77.608696,13.013410
32572,77.604327,13.010657
32573,77.604154,13.009758
32574,77.604181,13.009899
32575,77.604409,13.009858
32576,77.604215,13.010077
32577,77.604439,13.010029
32578,77.604257,13.010291
32579,77.604477,13.010247
32580,77.592677,13.014925
32581,77.593033,13.014973
32582,77.593192,13.014934
32583,77.596267,13.014061
32584,77.596050,13.014193
32585,77.602964,13.003451
32586,77.601564,13.000542
32587,77.601473,13.001492
32588,77.598945,12.999078
32589,77.609882,12.997604
32590,77.655876,12.963762
32591,77.656336,12.963564
32592,77.656726,12.960473
32593,77.656658,12.960171
32594,77.657231,12.960584
32595,77.657205,12.960379
32596,77.656987,12.960624
32597,77.656952,12.960425
32598,77.657000,12.960874
32599,77.656925,12.960649
32600,77.657137,12.960609
32601,77.655870,12.959702
32602,77.655491,12.959741
32603,77.658158,12.964291
32604,77.656101,12.964757
32605,77.657111,12.964313
32606,77.657063,12.964454
32607,77.656772,12.964054
32608,77.656588,12.964148
32609,77.656199,12.964493
32610,77.656101,12.964147
32611,77.656179,12.965161
32612,77.656141,12.964982
32613,77.565921,12.983916
32614,77.561556,12.983377
32615,77.584411,12.968640
32616,77.584297,12.968309
32617,77.566153,12.975204
32618,77.574870,12.984531
32619,77.646875,12.964432
32620,77.646668,12.964499
32621,77.654670,12.955184
32622,77.657583,12.956500
32623,77.658087,12.956109
32624,77.628869,12.973059
32625,77.607038,12.988841
32626,77.606860,12.989731
32627,77.606945,12.990322
32628,77.606601,12.990216
32629,77.606536,12.989839
32630,77.606432,12.989562
32631,77.608096,12.989495
32632,77.612365,12.986018
32633,77.609122,12.985707
32634,77.609149,12.985802
32635,77.603367,12.986889
32636,77.603566,12.987669
32637,77.624313,12.947560
32638,77.624498,12.947465
32639,77.604184,12.990111
32640,77.659671,12.957984
32641,77.659460,12.958009
32642,77.657597,12.957488
32643,77.657386,12.957535
32644,77.657577,12.957356
32645,77.657355,12.957402
32646,77.657532,12.957092
32647,77.657298,12.957138
32648,77.657560,12.957224
32649,77.657324,12.957266
32650,77.657155,12.957034
32651,77.657289,12.957604
32652,77.657164,12.957626
32653,77.657273,12.957017
32654,77.657505,12.956984
32655,77.657482,12.956876
32656,77.657023,12.956943
32657,77.656686,12.957101
32658,77.657032,12.957045
32659,77.657047,12.957124
32660,77.656952,12.958432
32661,77.657202,12.957934
32662,77.656859,12.958041
32663,77.657061,12.957820
32664,77.656808,12.957904
32665,77.657169,12.957656
32666,77.656755,12.957755
32667,77.656348,12.957637
32668,77.657103,12.957381
32669,77.656672,12.957493
32670,77.657022,12.956937
32671,77.656237,12.957402
32672,77.656549,12.957098
32673,77.656186,12.957248
32674,77.656510,12.956975
32675,77.656154,12.957101
32676,77.655703,12.954595
32677,77.655491,12.954645
32678,77.653704,12.954857
32679,77.654244,12.956201
32680,77.654507,12.956998
32681,77.654503,12.956880
32682,77.654277,12.956877
32683,77.563175,12.943533
32684,77.582713,12.987867
32685,77.582028,12.987719
32686,77.606276,12.968146
32687,77.560845,12.954997
32688,77.603409,12.950251
32689,77.654753,12.953032
32690,77.562028,12.953609
32691,77.562545,12.953651
32692,77.565211,12.952029
32693,77.571737,12.935792
32694,77.571195,12.935888
32695,77.563457,12.932799
32696,77.572285,12.951506
32697,77.581876,12.961609
32698,77.576137,12.952290
32699,77.576139,12.952039
32700,77.575077,12.945592
32701,77.578470,12.958272
32702,77.605282,12.949704
32703,77.595711,12.943246
32704,77.580824,12.962339
32705,77.582348,12.935851
32706,77.582308,12.934575
32707,77.583318,12.954637
32708,77.592883,12.951694
32709,77.627508,12.940626
32710,77.650101,12.944846
32711,77.650031,12.944560
32712,77.652839,12.952083
32713,77.613610,12.949597
32714,77.616490,12.952597
32715,77.617369,12.951338
32716,77.618298,12.954824
32717,77.618040,12.954861
32718,77.618670,12.955367
32719,77.615873,12.960295
32720,77.616238,12.960309
32721,77.613184,12.956139
32722,77.613081,12.955566
32723,77.613173,12.955821
32724,77.657766,12.982457
32725,77.657744,12.983345
32726,77.657847,12.983617
32727,77.657943,12.984418
32728,77.656823,12.981851
32729,77.656805,12.981629
32730,77.655525,12.983992
32731,77.655570,12.984325
32732,77.654256,12.983679
32733,77.654360,12.983847
32734,77.654718,12.983459
32735,77.654601,12.983856
32736,77.654848,12.983495
32737,77.654847,12.983219
32738,77.622156,12.974873
32739,77.621872,12.974895
32740,77.622157,12.974756
32741,77.622156,12.975040
32742,77.584069,13.002591
32743,77.584059,13.002715
32744,77.612704,13.000633
32745,77.613372,13.000575
32746,77.574601,12.984434
32747,77.602796,12.988519
32748,77.602761,12.988185
32749,77.574567,12.984621
32750,77.627048,12.968319
32751,77.617889,12.951689
32752,77.569273,12.964196
32753,77.569217,12.964754
32754,77.568275,12.964704
32755,77.568707,12.964073
32756,77.568915,12.964759
32757,77.568992,12.964094
32758,77.568302,12.964408
32759,77.568674,12.964418
32760,77.568820,12.964427
32761,77.568955,12.964441
32762,77.569081,12.964453
32763,77.569247,12.964476
32764,77.569139,12.964802
32765,77.606617,12.961576
32766,77.593451,13.011862
32767,77.593416,13.011874
32768,77.634505,13.029930
32769,77.634568,13.029881
32770,77.597019,12.964946
32771,77.612491,12.934515
32772,77.626626,12.968264
32773,77.595138,12.962397
32774,77.595281,12.962374
32775,77.602847,12.943343
32776,77.602927,12.943342
32777,77.602840,12.943573
32778,77.602923,12.943571
32779,77.641120,12.973861
32780,77.641035,12.973860
32781,77.642363,12.961412
32782,77.621547,12.951712
32783,77.621469,12.951752
32784,77.621528,12.951667
32785,77.636958,13.021074
32786,77.590475,12.944755
32787,77.590622,12.944704
32788,77.644190,13.014581
32789,77.641743,12.961710
32790,77.642104,12.960514
32791,77.638665,12.960746
32792,77.638596,12.960436
32793,77.577386,12.976109
32794,77.660193,12.965659
32795,77.660133,12.965209
32796,77.563733,12.991436
32797,77.618753,12.965482
32798,77.618754,12.965409
32799,77.619708,12.972584
32800,77.611166,12.967246
32801,77.567180,12.956099
32802,77.586957,12.965366
32803,77.616562,12.993544
32804,77.616286,12.993601
32805,77.565844,12.957071
32806,77.606583,12.966187
32807,77.606750,12.966031
32808,77.655646,12.954995
32809,77.624747,13.024343
32810,77.622950,13.014305
32811,77.610322,13.000901
32812,77.610628,13.000554
32813,77.610160,13.000925
32814,77.610239,13.000995
32815,77.610873,13.000275
32816,77.613683,12.931821
32817,77.613776,12.931827
32818,77.564930,12.983752
32819,77.564984,12.983221
32820,77.659837,12.987941
32821,77.660282,12.988160
32822,77.611957,13.028475
32823,77.611257,13.029248
32824,77.614564,13.028469
32825,77.614688,13.028405
32826,77.614850,13.028680
32827,77.615188,13.028501
32828,77.614795,13.028217
32829,77.614846,13.028314
32830,77.615013,13.028595
32831,77.615067,13.028687
32832,77.614805,13.028705
32833,77.614620,13.028299
32834,77.649049,13.010370
32835,77.649059,13.010637
32836,77.615226,13.028026
32837,77.614997,13.028211
32838,77.650353,13.014225
32839,77.616913,13.028602
32840,77.616827,13.028412
32841,77.649139,13.030014
32842,77.648390,13.025160
32843,77.648424,13.024571
32844,77.648383,13.024530
32845,77.648694,13.025701
32846,77.647500,13.025617
32847,77.609395,13.024495
32848,77.609638,13.024532
32849,77.609197,13.024619
32850,77.609209,13.024658
32851,77.616277,13.022699
32852,77.616091,13.022190
32853,77.616101,13.022714
32854,77.616028,13.022590
32855,77.615928,13.022265
32856,77.616648,13.022426
32857,77.616635,13.022218
32858,77.617163,13.022461
32859,77.617369,13.021878
32860,77.617623,13.021815
32861,77.617533,13.020947
32862,77.617401,13.021267
32863,77.617382,13.020954
32864,77.617210,13.021251
32865,77.617188,13.020964
32866,77.617012,13.021237
32867,77.617207,13.021209
32868,77.614573,13.024595
32869,77.614924,13.024569
32870,77.614585,13.024712
32871,77.614643,13.024797
32872,77.616428,13.024965
32873,77.616731,13.024915
32874,77.608260,13.017820
32875,77.608794,13.017752
32876,77.609191,13.018147
32877,77.609599,13.017057
32878,77.608968,13.017240
32879,77.609169,13.017190
32880,77.609965,13.016732
32881,77.608253,13.015874
32882,77.636983,12.957011
32883,77.636949,12.956743
32884,77.636860,12.956494
32885,77.636898,12.956749
32886,77.636367,12.956814
32887,77.636328,12.956560
32888,77.636505,12.956797
32889,77.636468,12.956543
32890,77.636633,12.956782
32891,77.636598,12.956527
32892,77.636766,12.956765
32893,77.636727,12.956511
32894,77.608572,13.015780
32895,77.608545,13.015576
32896,77.609398,13.011668
32897,77.609809,13.012156
32898,77.657116,13.029318
32899,77.656239,13.029914
32900,77.657036,13.029363
32901,77.656896,13.029080
32902,77.656980,13.029044
32903,77.656031,13.029854
32904,77.656029,13.025841
32905,77.655018,13.028577
32906,77.655799,13.028699
32907,77.655367,13.029237
32908,77.611378,13.011682
32909,77.611492,13.012417
32910,77.610802,13.011721
32911,77.610937,13.012019
32912,77.610591,13.012143
32913,77.611222,13.011916
32914,77.657011,13.029106
32915,77.657072,13.029073
32916,77.656965,13.029015
32917,77.657030,13.028977
32918,77.612360,13.013382
32919,77.612523,13.013773
32920,77.612376,13.013424
32921,77.613390,13.013048
32922,77.612849,13.013516
32923,77.613137,13.014047
32924,77.657955,13.028520
32925,77.657939,13.028816
32926,77.658067,13.028755
32927,77.611805,13.018367
32928,77.614375,13.019428
32929,77.614482,13.019896
32930,77.614361,13.019915
32931,77.614267,13.019460
32932,77.609448,13.010399
32933,77.609689,13.010375
32934,77.608029,13.010719
32935,77.608492,13.010577
32936,77.616771,13.009740
32937,77.613985,13.009887
32938,77.615174,13.010588
32939,77.615654,13.010573
32940,77.615282,13.010382
32941,77.621450,13.024523
32942,77.621427,13.024239
32943,77.623250,13.026161
32944,77.617988,13.009455
32945,77.621444,13.023144
32946,77.624803,13.022332
32947,77.623076,13.021847
32948,77.625992,13.011232
32949,77.625788,13.011031
32950,77.626954,13.010755
32951,77.643020,13.029796
32952,77.633978,13.009911
32953,77.633949,13.010018
32954,77.618026,13.021511
32955,77.618050,13.021206
32956,77.618313,13.021780
32957,77.618316,13.021232
32958,77.618314,13.021598
32959,77.618684,13.021591
32960,77.619924,13.021291
32961,77.619914,13.021015
32962,77.624360,13.020187
32963,77.620561,13.020322
32964,77.620668,13.020117
32965,77.620678,13.019913
32966,77.621440,13.020134
32967,77.620065,13.019001
32968,77.619433,13.019094
32969,77.619662,13.018927
32970,77.618528,13.018239
32971,77.618922,13.018337
32972,77.619266,13.018026
32973,77.621395,13.014232
32974,77.630097,13.029537
32975,77.630331,13.029987
32976,77.622252,13.016302
32977,77.618453,13.014598
32978,77.618034,13.014765
32979,77.618882,13.012514
32980,77.619120,13.012493
32981,77.619792,13.013077
32982,77.620227,13.012855
32983,77.618055,13.012533
32984,77.618019,13.012447
32985,77.618280,13.012424
32986,77.617972,13.012362
32987,77.618257,13.012336
32988,77.617963,13.012272
32989,77.618234,13.012246
32990,77.631067,13.023872
32991,77.623753,13.017981
32992,77.624143,13.017882
32993,77.625410,13.018688
32994,77.624893,13.013474
32995,77.624839,13.013359
32996,77.624550,13.013430
32997,77.624780,13.013340
32998,77.625192,13.011970
32999,77.637936,13.012780
33000,77.645869,13.005878
33001,77.590609,12.967115
33002,77.565473,13.014138
33003,77.571880,12.973478
33004,77.571815,12.974116
33005,77.571833,12.973894
33006,77.571720,12.974240
33007,77.571056,12.974222
33008,77.571071,12.973882
33009,77.571070,12.974383
33010,77.605200,12.965105
33011,77.590226,12.963219
33012,77.590532,12.963176
33013,77.590440,12.964124
33014,77.590396,12.963700
33015,77.590648,12.965262
33016,77.590641,12.965119
33017,77.590760,12.965270
33018,77.590746,12.965106
33019,77.590134,12.964886
33020,77.590161,12.965176
33021,77.590337,12.965154
33022,77.645087,13.023243
33023,77.646365,13.014773
33024,77.648440,13.015796
33025,77.647770,13.016006
33026,77.648171,13.014962
33027,77.647878,13.015056
33028,77.570426,12.973980
33029,77.568906,12.972539
33030,77.569573,12.972297
33031,77.569205,12.972421
33032,77.569715,12.973657
33033,77.569848,12.973557
33034,77.571433,12.972457
33035,77.571089,12.972499
33036,77.574573,12.973516
33037,77.572986,12.973159
33038,77.568452,12.971343
33039,77.570762,12.971733
33040,77.568514,12.969935
33041,77.570039,12.972731
33042,77.570287,12.972445
33043,77.570669,12.970622
33044,77.570657,12.970459
33045,77.569782,12.970173
33046,77.569830,12.970827
33047,77.569664,12.970836
33048,77.569385,12.970442
33049,77.569513,12.969177
33050,77.569523,12.968877
33051,77.568806,12.968844
33052,77.568792,12.969171
33053,77.569353,12.969268
33054,77.578196,12.931850
33055,77.586168,12.967704
33056,77.659293,12.959107
33057,77.565661,12.955029
33058,77.565710,12.954989
33059,77.618847,12.952261
33060,77.618968,12.951662
33061,77.618848,12.952217
33062,77.618831,12.952067
33063,77.609826,12.932743
33064,77.563849,12.991390
33065,77.563745,12.991515
33066,77.559692,12.984544
33067,77.570801,12.966050
33068,77.570488,12.966014
33069,77.571525,12.965206
33070,77.568903,12.965026
33071,77.568924,12.964778
33072,77.598748,12.961689
33073,77.598702,12.961530
33074,77.598676,12.961324
33075,77.598422,12.961590
33076,77.570579,12.969510
33077,77.570828,12.967961
33078,77.570666,12.967800
33079,77.569303,12.966543
33080,77.569296,12.966747
33081,77.569144,12.966530
33082,77.569153,12.966759
33083,77.569234,12.967626
33084,77.569243,12.967060
33085,77.569238,12.966748
33086,77.569243,12.966920
33087,77.568965,12.966946
33088,77.568981,12.967086
33089,77.569244,12.967206
33090,77.568853,12.967244
33091,77.608139,12.943056
33092,77.572837,12.965379
33093,77.612909,12.973904
33094,77.639684,13.005869
33095,77.606796,12.964604
33096,77.606855,12.965129
33097,77.608244,12.975991
33098,77.608360,12.975951
33099,77.605296,12.952913
33100,77.605177,12.952512
33101,77.605267,12.952514
33102,77.605926,12.957505
33103,77.606199,12.959174
33104,77.606784,12.964394
33105,77.605196,12.952920
33106,77.605595,12.950672
33107,77.605228,12.951926
33108,77.606012,12.957487
33109,77.606287,12.959164
33110,77.606867,12.965455
33111,77.605732,12.950325
33112,77.606460,12.960740
33113,77.601677,12.958165
33114,77.601626,12.957986
33115,77.635939,13.016178
33116,77.559746,12.936354
33117,77.592709,13.024703
33118,77.592932,13.024672
33119,77.592856,13.024683
33120,77.643013,13.029161
33121,77.643130,13.029172
33122,77.643293,13.024126
33123,77.641667,13.016966
33124,77.641607,13.016671
33125,77.642459,13.029225
33126,77.642350,13.028439
33127,77.642553,13.028409
33128,77.644332,13.029355
33129,77.579382,12.995671
33130,77.649077,13.027259
33131,77.648790,13.028548
33132,77.560811,13.005316
33133,77.569437,12.996764
33134,77.597521,12.969796
33135,77.603816,12.984089
33136,77.585219,12.941651
33137,77.585137,12.941653
33138,77.568501,12.982698
33139,77.573600,12.952991
33140,77.573770,12.952988
33141,77.646397,13.006610
33142,77.646329,13.006349
33143,77.645864,13.006418
33144,77.646114,13.006381
33145,77.646102,13.006337
33146,77.643020,12.979151
33147,77.602692,12.948352
33148,77.573594,12.953302
33149,77.603322,12.981954
33150,77.600140,12.971087
33151,77.600235,12.971434
33152,77.591491,12.954001
33153,77.591407,12.954044
33154,77.612547,13.002127
33155,77.562565,12.975629
33156,77.637234,13.016060
33157,77.636138,13.016361
33158,77.637399,13.016016
33159,77.639262,13.022075
33160,77.639133,13.022271
33161,77.564894,13.001351
33162,77.592220,13.007476
33163,77.568688,12.949716
33164,77.568948,12.949726
33165,77.636527,12.962310
33166,77.636350,12.962354
33167,77.636470,12.962660
33168,77.636278,12.962115
33169,77.636136,12.962467
33170,77.636039,12.962198
33171,77.635835,12.962634
33172,77.635763,12.962272
33173,77.637369,12.961516
33174,77.637261,12.961325
33175,77.637347,12.961230
33176,77.640150,12.968499
33177,77.639361,12.966551
33178,77.638973,12.966896
33179,77.638831,12.966615
33180,77.639101,12.966337
33181,77.639860,12.967541
33182,77.640255,12.967778
33183,77.640477,12.967514
33184,77.641464,12.965815
33185,77.640508,12.965673
33186,77.640461,12.965480
33187,77.640083,12.965574
33188,77.640127,12.964258
33189,77.639771,12.966072
33190,77.639675,12.965840
33191,77.634638,12.962848
33192,77.635525,12.962315
33193,77.576292,12.940596
33194,77.575981,12.939850
33195,77.635950,12.969402
33196,77.635991,12.969407
33197,77.564407,12.979900
33198,77.563999,12.997017
33199,77.564718,12.996850
33200,77.562719,12.999948
33201,77.562692,12.999768
33202,77.580985,12.969800
33203,77.582364,12.968403
33204,77.582125,12.968930
33205,77.642339,12.959669
33206,77.642120,12.960011
33207,77.561732,12.984748
33208,77.561506,12.984717
33209,77.602838,12.943152
33210,77.602909,12.943130
33211,77.570853,12.945119
33212,77.582706,12.984291
33213,77.565414,13.014293
33214,77.565707,13.014014
33215,77.565628,13.014069
33216,77.579755,12.994112
33217,77.577585,12.992763
33218,77.577712,12.992507
33219,77.577778,12.992393
33220,77.615907,12.961558
33221,77.615902,12.962059
33222,77.615605,12.961656
33223,77.615605,12.962059
33224,77.615289,12.961653
33225,77.615289,12.962059
33226,77.615906,12.961662
33227,77.614998,12.962059
33228,77.615167,12.963605
33229,77.615173,12.963805
33230,77.614067,12.966126
33231,77.614179,12.966439
33232,77.623247,13.014226
33233,77.597253,12.981108
33234,77.575849,13.027754
33235,77.575503,13.027627
33236,77.596767,12.964763
33237,77.596885,12.965032
33238,77.564588,12.977595
33239,77.564748,12.977579
33240,77.588551,12.959625
33241,77.588541,12.959582
33242,77.590799,13.010122
33243,77.590509,13.010114
33244,77.609995,12.994514
33245,77.601820,12.995886
33246,77.610396,12.970135
33247,77.610347,12.970129
33248,77.593024,13.024383
33249,77.593265,13.015118
33250,77.564857,12.935254
33251,77.620655,13.019310
33252,77.620858,13.019276
33253,77.621006,13.019248
33254,77.599531,12.990532
33255,77.574063,12.977476
33256,77.574199,12.977555
33257,77.615172,12.935835
33258,77.614862,12.936507
33259,77.614924,12.936450
33260,77.615271,12.935945
33261,77.565323,13.008829
33262,77.565334,13.008193
33263,77.624709,12.976427
33264,77.624366,12.976252
33265,77.623983,12.974241
33266,77.624945,12.974170
33267,77.563424,12.962053
33268,77.563480,12.961934
33269,77.563166,12.961980
33270,77.566138,12.991290
33271,77.566135,12.991440
33272,77.570610,13.029026
33273,77.590890,12.955036
33274,77.569684,12.950484
33275,77.569669,12.950707
33276,77.594556,12.981929
33277,77.602920,12.943237
33278,77.569698,12.955297
33279,77.635964,12.969246
33280,77.636005,12.969248
33281,77.573816,12.933874
33282,77.573827,12.934043
33283,77.573841,12.934280
33284,77.573851,12.934761
33285,77.573855,12.935162
33286,77.574384,12.935604
33287,77.575431,12.936573
33288,77.576759,12.971898
33289,77.576717,12.971927
33290,77.577579,12.970668
33291,77.577384,12.970305
33292,77.628042,13.021546
33293,77.597046,12.965012
33294,77.605569,12.998583
33295,77.605818,12.998874
33296,77.605034,12.995390
33297,77.604782,12.995523
33298,77.605376,12.996205
33299,77.581193,12.988893
33300,77.629798,13.025505
33301,77.609734,12.934190
33302,77.607439,12.935531
33303,77.593397,13.005468
33304,77.562290,13.029089
33305,77.562336,13.029074
33306,77.576911,13.027384
33307,77.588874,12.941392
33308,77.587094,12.990605
33309,77.614249,12.967334
33310,77.612894,12.962089
33311,77.612272,12.965291
33312,77.611670,12.965346
33313,77.611825,12.965614
33314,77.612094,12.964369
33315,77.656573,13.016580
33316,77.648946,13.013220
33317,77.653006,13.014891
33318,77.652964,13.015352
33319,77.655481,13.015341
33320,77.653485,13.015931
33321,77.653325,13.016582
33322,77.651978,13.017117
33323,77.651927,13.016651
33324,77.651786,13.016936
33325,77.651660,13.017171
33326,77.651472,13.015774
33327,77.652140,13.015782
33328,77.651314,13.015772
33329,77.653147,13.016358
33330,77.651380,13.016442
33331,77.653338,13.016347
33332,77.593573,13.014003
33333,77.571753,12.959788
33334,77.571723,12.960531
33335,77.571721,12.960616
33336,77.571670,12.960668
33337,77.565372,13.006632
33338,77.565383,13.006872
33339,77.636912,13.020734
33340,77.636761,12.930790
33341,77.636694,12.930676
33342,77.636505,12.930769
33343,77.636986,12.930673
33344,77.636921,12.930563
33345,77.637154,12.930437
33346,77.649171,13.013358
33347,77.648976,13.013390
33348,77.649469,13.014777
33349,77.573534,13.027995
33350,77.573459,13.028059
33351,77.604682,12.984861
33352,77.604440,12.985345
33353,77.603567,12.984241
33354,77.603758,12.984119
33355,77.592301,13.019244
33356,77.645315,12.949521
33357,77.645395,12.949570
33358,77.566638,12.956058
33359,77.567174,12.954507
