u,v,metres
0,294,895.406
1,3863,155.685
1,7919,39.204
1,9447,10.445
2,4,115.556
2,7916,78.213
2,17581,48.819
3,7915,79.481
3,7916,43.100
4,2,115.556
4,12,38.190
4,9196,21.375
5,6,39.365
5,10,192.877
5,12,38.097
5,8002,49.487
6,5,39.365
6,7,44.176
6,9,192.621
7,6,44.176
7,9197,114.186
7,9198,19.859
8,7917,41.189
8,7934,56.577
8,11642,44.453
9,6,192.621
9,10,37.093
9,7917,44.267
9,11642,41.922
10,5,192.877
10,9,37.093
10,11,40.447
10,7915,42.434
11,10,40.447
11,12,192.915
11,7916,38.577
12,4,38.190
12,5,38.097
12,11,192.915
13,5781,117.062
13,5802,27.926
13,16097,85.023
14,5782,27.382
14,5953,77.250
14,6035,221.646
15,4052,78.406
16,6558,64.662
16,17364,42.183
17,6500,42.993
17,6589,150.719
18,6460,98.792
18,6465,5.427
18,6603,88.448
19,6487,33.200
19,12176,119.141
19,13216,159.112
20,6498,215.342
20,15028,94.623
20,17351,90.436
21,6565,111.971
22,17766,59.931
23,12584,12.751
23,17680,20.381
23,17681,16.061
24,7604,51.947
24,12183,32.525
24,13423,9.686
25,7732,19.546
26,14,178.945
26,5783,23.988
27,11693,16.135
27,11694,10.607
27,11904,418.077
27,17816,83.468
28,86,105.211
28,8044,192.447
28,11610,163.628
29,80,379.752
29,8043,259.334
29,11745,133.042
29,12559,96.419
30,3031,179.082
30,3231,26.202
31,3334,157.846
31,3336,89.968
31,14855,10.732
32,3251,162.565
32,3253,59.267
32,3344,113.045
33,10076,4.613
34,14686,27.083
34,15021,45.104
34,17694,43.683
35,648,82.232
35,12932,41.455
36,9894,71.390
36,12042,47.117
37,10277,48.026
37,10468,25.515
38,6506,256.933
38,11722,9.931
38,16526,227.853
39,5366,88.698
39,5368,23.183
40,10486,620.597
41,3313,73.530
41,9388,194.558
42,41,85.834
42,3306,100.838
43,772,64.172
43,3347,3.823
43,3492,55.923
44,616,65.762
44,667,70.504
44,11964,37.178
45,3377,44.256
46,15322,34.959
47,14499,14.957
47,17683,16.377
48,12451,19.990
48,14504,7.935
49,2813,99.404
49,3409,93.262
49,14517,8.876
50,51,45.221
50,17241,4.314
51,3310,50.584
51,17694,35.895
52,53,22.325
52,14685,16.774
53,9329,9.064
53,11612,122.937
54,11718,12.743
54,17133,54.623
55,747,29.062
55,12522,76.499
55,12662,38.419
56,719,74.202
56,4060,130.238
57,4053,206.973
57,14768,105.966
58,11721,8.767
58,16525,6.026
58,17158,235.017
59,67,40.910
59,113,21.732
59,11701,10.853
60,21,26.561
60,13434,8.989
60,13911,65.854
61,15,39.229
61,6533,120.241
62,11750,15.920
62,17715,26.468
63,17627,72.513
64,302,288.160
64,2987,199.506
65,9468,6.823
65,9469,25.692
65,12558,19.390
66,6739,113.542
66,6842,121.933
67,68,92.503
68,3090,251.133
68,11703,13.785
69,5976,103.016
69,7734,12.311
70,11710,20.930
71,6845,129.735
72,179,77.091
72,13945,36.311
73,7563,18.394
73,7586,22.676
73,13951,74.027
74,7508,35.951
74,7510,60.660
74,17680,23.258
75,6411,54.644
75,6426,89.459
75,6655,61.080
76,6390,85.827
76,6426,40.575
76,17844,19.021
77,6317,74.651
77,6357,87.357
77,15399,96.083
77,16835,22.934
78,6317,18.035
78,9302,378.515
79,81,194.318
79,3033,123.209
79,10554,215.778
80,29,379.752
80,3031,8.379
80,9378,165.209
81,79,194.318
81,12239,103.114
81,15746,114.471
82,84,97.665
82,3051,144.542
82,8042,98.526
82,8049,321.900
83,3056,95.371
83,3095,94.616
83,17376,42.896
84,82,97.665
84,86,100.110
84,3058,163.011
84,12105,136.184
85,9378,186.708
85,12187,90.104
86,28,105.211
86,84,100.110
86,12106,140.783
86,16740,89.891
87,8044,68.108
87,9683,22.405
87,17765,25.283
88,89,438.178
88,90,214.545
88,12564,22.162
89,88,438.178
89,8041,182.405
89,11598,87.234
90,88,214.545
90,9467,102.168
90,12235,217.000
91,8036,70.128
91,11687,126.254
91,12849,141.841
92,2999,133.016
92,3012,246.656
92,9654,43.939
93,498,87.231
93,503,155.205
93,2979,136.846
94,3004,44.752
94,13140,105.923
94,15638,31.814
95,495,130.772
95,2992,116.284
95,2993,185.991
96,101,88.992
96,12564,14.553
97,3006,90.932
97,3010,181.266
97,17826,13.737
98,2855,68.609
98,2872,54.756
98,2966,43.998
98,15107,183.278
99,3015,59.645
99,3039,193.537
99,12237,38.286
100,2855,117.624
100,3039,29.603
100,11744,75.700
101,96,88.992
101,2999,69.222
101,3013,197.013
102,14824,15.335
102,15035,6.847
103,17602,8.229
103,17603,10.569
104,1147,57.621
104,17144,28.552
105,2854,169.455
105,17029,33.886
106,47,9.308
107,6571,114.407
107,6699,72.698
107,6715,141.831
107,13232,148.705
108,109,284.590
108,110,128.236
108,3097,263.853
109,108,284.590
109,6567,64.899
109,6571,33.166
110,108,128.236
110,6693,23.517
110,6701,8.858
111,6703,39.388
111,12573,11.134
111,17370,37.654
112,6897,14.430
112,14581,31.363
113,59,21.732
113,6877,111.343
114,6917,50.779
115,114,108.515
116,6926,139.859
116,7394,419.911
116,14584,37.906
117,6866,177.429
117,6877,105.123
117,6884,39.528
117,16038,24.161
118,6851,52.079
118,6856,86.245
118,16803,65.927
118,17155,40.452
119,6846,66.634
119,6871,174.608
119,7436,22.796
120,121,69.623
120,7529,87.713
120,8063,38.247
121,120,69.623
121,7536,66.282
121,8060,47.048
121,10403,83.878
122,172,90.190
122,5971,85.249
122,5975,60.333
122,7733,149.407
123,299,202.670
123,313,168.793
123,1550,141.706
124,13333,11.745
125,5370,26.448
126,124,23.320
127,134,67.059
127,5773,242.465
128,125,18.610
128,5625,47.706
129,130,21.498
129,5804,25.882
130,5362,15.763
130,5855,70.869
131,132,51.717
131,5791,95.410
131,16097,27.556
132,131,51.717
132,133,211.770
132,13333,67.336
133,132,211.770
133,134,81.231
133,135,62.038
134,124,183.396
134,133,81.231
135,133,62.038
135,5793,28.692
135,14650,45.927
136,5377,28.252
136,7717,9.821
136,14649,10.715
137,138,593.007
138,9417,15.060
139,16345,11.611
140,5902,53.875
140,7726,61.988
140,17299,65.745
141,5834,69.665
141,5868,77.869
141,5902,31.932
142,5850,39.260
142,5852,30.704
142,16065,118.641
143,5846,121.350
143,5850,52.564
143,14107,26.315
144,5839,8.715
144,5876,63.357
144,9492,13.233
145,72,80.523
145,6007,90.941
145,7727,15.247
146,147,74.207
146,5882,25.344
146,5890,52.437
146,17301,32.779
147,146,74.207
147,159,83.497
147,5905,68.945
147,5923,81.489
148,5917,27.431
148,5923,3.361
148,5929,33.187
149,150,83.624
149,5916,101.060
149,5917,55.153
150,149,83.624
150,5906,68.619
150,5914,61.884
150,7729,82.757
151,5774,118.000
151,5777,22.755
152,159,72.344
152,5901,49.043
152,5909,30.550
152,5930,58.394
153,158,78.459
153,159,163.945
153,161,56.311
153,5941,169.906
154,5788,27.064
154,11769,150.347
155,157,65.138
155,5951,116.837
155,13412,9.515
156,158,63.713
156,5900,151.342
156,5919,41.347
156,13412,294.035
157,160,74.726
157,175,108.939
158,153,78.459
158,156,63.713
158,159,175.659
158,14106,236.186
159,147,83.497
159,152,72.344
159,153,163.945
159,158,175.659
160,166,53.165
160,5966,103.965
160,13414,8.776
161,153,56.311
161,5926,74.628
161,5934,165.506
161,5940,37.045
162,5997,53.010
162,6000,31.897
162,7737,15.002
163,5944,100.288
163,13238,38.127
163,13416,8.566
164,167,67.372
164,5944,81.317
165,5925,81.465
165,5937,69.636
165,5940,81.519
165,7737,82.631
166,5932,12.914
166,5965,99.370
167,164,67.372
167,168,97.951
167,5959,65.633
167,5974,31.133
168,167,97.951
168,174,100.025
168,5948,58.434
168,5963,50.981
169,5942,87.899
169,5950,31.918
169,5961,104.065
169,11828,77.027
170,5968,83.584
170,5974,97.961
170,7736,22.439
171,5776,135.055
171,5779,21.660
172,122,90.190
172,171,49.100
173,174,73.803
173,5975,64.244
173,7731,127.035
173,10020,119.730
174,168,100.025
174,173,73.803
174,5968,49.316
174,11828,150.181
175,157,108.939
175,5946,57.819
175,5951,67.732
175,5966,75.344
176,5992,28.490
176,6025,36.282
176,6031,21.715
177,178,74.120
177,6006,40.282
177,6007,182.170
177,6408,96.916
178,177,74.120
178,5991,90.121
178,5999,214.409
178,6007,159.633
179,72,77.091
179,180,64.831
179,5987,38.049
179,13217,28.817
180,179,64.831
180,5995,33.583
180,6380,25.268
181,14624,55.501
181,15587,37.106
182,4217,45.996
182,13344,10.785
183,6312,25.502
183,17054,25.727
184,9323,14.823
184,11819,319.294
185,3124,418.755
186,7390,221.177
186,10555,7.583
187,14752,49.871
188,6923,424.359
189,3100,418.360
189,17815,13.957
189,17816,9.135
189,17818,531.849
190,191,122.509
190,3100,58.579
191,190,122.509
191,192,57.988
191,11616,103.359
192,191,57.988
192,11616,76.302
193,192,570.696
193,3167,367.525
194,0,361.880
195,196,241.303
196,7384,139.515
196,14750,10.968
197,15032,5.160
197,15651,86.715
198,8596,175.034
198,15651,32.809
198,16677,88.419
199,9983,96.100
200,17270,5.919
201,17781,36.407
202,203,69.458
203,310,889.242
203,11685,12.310
204,11679,17.659
204,17798,649.616
205,6935,202.520
205,14956,6.958
205,17655,172.969
206,207,98.394
206,11154,56.325
207,206,98.394
207,209,122.097
208,9697,46.196
208,14211,237.662
208,14617,138.258
209,207,122.097
209,12289,16.070
209,12313,236.319
211,14619,79.417
212,213,63.199
212,6946,130.942
213,7073,37.072
214,14996,10.321
214,16650,329.074
215,8571,177.804
215,11959,42.647
216,1869,42.135
216,11959,32.624
217,1864,39.573
217,1868,80.681
217,15698,29.132
218,17744,17.245
219,1868,48.416
219,15697,55.805
220,4135,17.603
220,4214,80.130
220,15098,255.129
221,4200,24.825
221,4202,16.448
221,15977,53.691
222,4129,96.765
222,4172,14.710
222,4207,30.642
223,9297,29.076
223,12092,16.890
224,635,106.164
224,4238,35.109
224,4270,104.058
225,226,110.421
225,3510,72.672
225,4170,73.246
225,4180,99.032
226,225,110.421
226,3515,67.047
226,16747,63.837
227,35,14.871
228,227,392.713
229,230,196.624
229,231,61.981
229,3324,291.812
229,3556,35.524
230,229,196.624
230,3540,32.948
230,3545,275.961
231,229,61.981
231,2754,8.001
232,16652,219.558
232,17738,106.657
233,234,100.288
233,17273,50.123
234,17688,10.276
235,236,38.968
235,3325,143.118
235,17688,36.044
236,235,38.968
236,15906,189.185
237,3321,234.081
237,15906,179.291
237,17438,54.103
238,16652,10.010
239,1076,66.088
239,1614,91.203
240,943,155.604
240,12193,6.785
241,435,191.414
241,439,127.585
241,1210,85.790
241,16961,115.054
242,385,159.266
242,944,76.981
242,12145,118.775
243,288,112.583
243,1067,70.584
244,393,125.094
244,1452,45.518
245,527,71.432
245,1077,107.633
245,16579,161.499
246,1128,131.531
246,1149,55.281
246,1161,115.987
246,14820,0.605
247,1161,104.901
247,2889,75.727
247,13141,81.219
248,299,241.020
248,399,229.031
249,487,87.635
249,511,105.229
249,1148,8.465
250,251,70.862
250,2284,102.123
250,9457,21.998
251,250,70.862
251,2286,85.919
251,2287,76.979
252,2278,63.135
252,2279,20.146
253,1218,518.467
253,2156,25.540
253,2251,479.393
254,408,140.709
254,1499,61.215
255,9292,62.852
256,11623,34.271
257,255,46.320
258,329,95.989
258,467,136.298
258,474,106.905
258,11627,14.198
259,14528,45.602
259,14529,55.833
259,17712,9.045
260,8016,9.216
260,12779,132.168
260,13294,49.163
261,8030,8.998
261,10758,220.290
261,12778,165.352
262,1402,5.319
262,10687,68.315
262,13302,65.904
263,1376,28.220
263,14458,76.477
263,17261,106.089
264,10829,106.481
264,17261,24.616
265,266,75.714
265,10808,81.176
265,10823,190.214
265,14476,45.146
266,265,75.714
266,1366,59.976
267,312,16.643
267,398,145.450
268,285,109.277
268,1183,129.668
269,1591,32.702
269,1668,108.804
269,16590,72.720
270,9275,86.137
270,16601,134.779
271,1809,93.223
271,1966,36.942
271,2013,66.969
271,14909,122.050
272,430,203.097
272,979,118.850
272,1025,95.570
272,10552,58.364
273,268,175.535
273,274,144.608
273,1625,166.376
274,273,144.608
274,1174,70.515
274,1184,28.636
275,372,130.212
275,927,155.152
275,16830,94.913
276,956,234.807
276,1056,131.421
277,278,91.090
277,988,62.919
278,17222,129.214
279,996,77.928
279,1024,87.901
279,2124,42.830
280,440,300.667
281,2701,117.339
281,13367,9.981
282,13364,12.251
282,13448,66.474
283,11849,22.027
283,16426,86.097
284,16621,311.434
285,488,234.959
285,14872,17.441
286,14577,398.958
286,14600,14.310
286,14899,148.933
287,1286,224.776
287,16516,7.865
288,362,154.370
288,415,101.016
289,17586,8.050
290,1341,237.874
290,1709,222.267
291,1700,100.152
291,1732,150.545
291,1738,164.564
291,1953,57.374
292,2741,73.606
292,2756,73.528
292,14850,12.726
293,10553,392.563
294,295,458.144
295,210,396.734
296,297,1091.939
297,9312,429.195
298,9320,359.581
299,123,202.670
299,248,241.020
299,403,151.502
300,17224,5.056
300,17850,9.930
301,1100,61.425
301,16643,122.616
302,2996,252.123
302,9470,21.587
302,17747,67.338
303,320,7.225
304,1553,142.563
304,14813,15.106
305,1551,62.960
305,15063,20.840
306,367,26.670
307,324,143.647
307,1074,92.957
308,12336,9.667
308,15243,669.022
309,315,38.222
309,15242,78.530
310,321,77.932
311,14887,8.799
311,17836,208.170
312,267,16.643
312,363,239.807
312,14886,141.303
313,123,168.793
313,1554,161.580
313,12334,254.769
314,12477,78.944
314,17833,41.680
315,317,23.405
316,318,150.022
316,7017,50.604
317,314,60.232
317,322,57.622
318,319,22.939
319,303,59.236
319,323,23.602
320,321,59.039
320,11676,32.413
321,7016,8.977
322,316,17.703
323,304,49.407
323,14844,83.963
324,304,74.322
325,11570,42.979
326,325,510.048
327,328,504.437
328,11564,34.053
329,258,95.989
329,331,412.427
330,3073,215.842
330,11902,245.463
330,12555,118.778
331,329,412.427
331,12554,53.585
332,12554,75.734
332,15238,79.514
333,11077,120.299
333,11084,21.689
334,11041,7.727
334,12227,79.979
335,11038,28.559
335,16209,11.193
336,335,54.920
336,11036,76.500
336,16210,34.536
337,11301,98.291
337,11445,48.369
338,11447,85.029
338,11450,182.474
339,12730,78.101
339,12731,53.282
339,16929,11.439
340,12453,37.123
341,340,462.393
342,13510,1.985
343,1311,43.148
343,2491,107.165
343,13492,11.268
344,2311,11.191
344,14986,16.876
345,347,6.485
345,4003,271.225
345,9458,15.726
346,13375,8.714
346,17243,107.175
347,345,6.485
347,9475,19.713
347,9476,22.756
348,9476,422.325
349,2652,29.801
349,13354,7.933
350,13442,37.273
351,12165,29.854
352,3832,23.460
353,2586,27.943
354,355,36.652
355,9294,38.599
356,9446,12.586
357,3705,221.857
357,8178,14.371
357,8862,135.969
358,8406,473.643
358,8408,273.196
358,8915,20.938
359,1422,143.994
359,12207,34.504
360,361,155.474
360,377,48.617
361,360,155.474
361,942,261.982
361,12205,199.845
362,359,123.827
362,416,66.998
363,306,22.511
363,14830,19.628
364,363,109.812
364,946,139.930
365,364,28.130
365,366,84.913
366,367,53.424
367,524,18.391
367,12553,33.202
368,240,69.475
368,950,126.309
369,8534,41.275
369,12949,59.502
370,922,43.120
370,1456,62.288
371,370,155.392
371,374,141.906
371,1457,78.808
372,376,204.670
372,928,69.805
372,15211,25.010
373,407,139.238
373,408,141.169
374,371,141.906
374,383,149.470
374,419,144.563
374,420,256.114
375,376,272.655
375,956,322.497
375,1293,101.024
376,1291,15.137
377,390,189.442
378,377,85.338
378,1422,311.760
379,380,48.674
379,384,253.800
379,1292,29.084
380,379,48.674
380,17122,46.204
381,382,171.242
381,383,66.626
381,384,180.971
382,381,171.242
382,383,162.271
382,544,141.434
382,928,84.762
383,374,149.470
383,381,66.626
383,382,162.271
384,381,180.971
384,545,64.281
384,1496,52.596
385,947,78.688
385,1060,152.496
385,1463,88.449
386,1333,128.948
386,1344,73.091
386,14606,12.506
387,1364,39.214
388,389,83.424
388,1338,59.999
388,1340,115.711
389,388,83.424
389,1746,28.449
390,371,122.470
391,1131,99.652
391,1510,46.806
391,14873,18.521
392,1183,89.510
392,1504,86.223
393,366,224.989
393,16942,27.879
394,937,127.231
394,11613,47.809
395,365,78.456
395,932,72.063
396,243,343.251
396,1094,259.004
397,398,208.396
397,407,253.478
398,397,208.396
398,11613,11.938
398,11615,42.520
399,397,249.447
400,267,140.868
400,402,67.900
401,402,172.947
401,404,67.615
402,399,208.118
402,400,67.900
402,401,172.947
403,299,151.502
403,404,227.164
403,405,34.777
404,248,142.721
404,403,227.164
405,403,34.777
405,406,226.773
405,11905,183.771
406,405,226.773
406,1561,41.736
406,12089,132.409
407,254,138.077
408,409,73.765
408,949,60.607
409,418,20.445
409,949,121.765
410,1620,117.873
410,1720,156.979
411,412,10.282
411,1065,61.493
412,1049,118.142
412,1063,67.026
413,1012,59.589
413,1107,175.327
414,998,30.872
414,1012,89.185
414,1049,39.600
415,288,101.016
415,416,136.208
415,1006,16.753
416,411,69.966
416,415,136.208
416,12208,121.694
417,17837,10.698
417,17838,15.413
418,933,99.319
418,17588,12.133
418,17837,218.824
419,374,144.563
419,544,311.827
419,12949,19.063
420,374,256.114
420,378,104.487
421,1484,101.890
421,1495,22.453
422,425,189.462
422,12145,180.513
422,14604,114.784
422,14605,128.582
423,424,62.497
423,1065,56.794
423,12208,80.529
424,423,62.497
424,425,91.320
425,422,189.462
425,424,91.320
425,1422,142.121
425,14600,268.394
426,286,115.109
426,14604,10.241
427,953,37.273
427,962,18.548
428,955,17.306
428,1214,142.909
428,14155,68.530
429,1014,103.988
429,14920,12.922
429,16973,37.292
430,272,203.097
430,1227,55.982
430,1229,65.098
430,2048,45.035
431,2019,4.102
431,2038,45.371
431,2042,44.114
432,968,5.070
432,1187,66.627
432,1214,44.060
433,1196,238.261
433,1202,131.536
433,11888,92.151
434,2219,14.949
434,14452,9.883
435,241,191.414
435,439,137.944
435,2258,20.841
435,12958,110.510
436,2394,120.540
436,14931,13.413
436,15753,42.957
437,2141,49.549
437,2358,112.713
437,13198,77.240
437,14421,109.681
438,2136,48.612
438,2185,168.725
438,2499,22.899
439,241,127.585
439,435,137.944
439,2179,103.847
439,2186,233.306
440,17562,237.125
440,17563,318.962
441,3154,94.431
442,445,75.857
443,442,67.301
443,3243,213.789
443,11652,29.017
444,9313,271.392
445,3242,146.299
446,445,81.814
447,446,186.213
447,17775,13.292
447,17845,171.292
448,8599,25.684
448,8672,126.370
448,8696,157.833
448,13754,115.217
449,14947,5.279
449,14949,13.370
450,6930,54.168
450,6932,233.827
451,8585,145.073
451,11906,87.308
452,8592,78.518
452,8668,222.133
452,8672,209.449
452,16307,65.625
453,17254,23.948
454,7861,81.509
455,8661,70.121
456,13392,52.427
457,456,465.324
458,459,116.393
458,17041,229.876
459,458,116.393
459,473,56.157
460,11630,352.817
461,460,251.627
462,10979,43.227
462,10980,42.281
463,462,198.034
463,1370,72.015
464,465,110.060
464,1370,370.976
465,257,29.086
465,9290,128.060
466,10975,189.363
466,16686,121.647
467,10189,162.188
467,10990,26.378
467,11788,8.023
468,11810,76.416
468,14628,85.877
468,16929,105.211
469,473,167.756
469,3070,166.751
469,14144,123.897
470,11016,56.674
470,15162,14.464
470,15700,84.926
471,3084,35.128
471,11025,39.595
471,17501,5.922
472,11015,217.147
472,17499,32.179
473,459,56.157
473,469,167.756
473,10975,106.442
474,258,106.905
474,11790,71.113
475,1531,59.672
475,17259,11.883
475,17260,9.045
476,1412,87.067
476,10847,90.475
477,17256,92.908
478,477,34.173
478,1409,112.334
479,9684,77.211
480,14681,91.827
480,17262,13.886
481,11339,82.547
481,11381,171.257
482,11194,181.698
482,11282,78.169
483,1416,692.201
484,1395,51.261
484,1531,57.970
485,10966,55.123
486,1176,67.266
486,1179,11.568
486,1579,28.994
487,249,87.635
487,510,93.322
487,14818,20.107
488,1144,84.420
488,17190,33.419
488,17250,18.713
489,507,65.531
489,2981,108.649
490,496,113.621
490,11748,174.477
491,494,139.403
491,2989,73.218
491,2991,117.539
492,493,12.916
492,514,71.759
492,1574,74.200
493,492,12.916
493,16645,21.256
493,16646,17.695
494,491,139.403
494,11686,14.463
495,95,130.772
495,500,159.533
495,2997,119.098
496,502,112.059
496,2991,162.838
496,12255,70.928
497,519,59.287
497,1157,46.328
497,14816,15.161
498,93,87.231
498,2988,115.048
498,15638,23.802
499,502,24.528
499,503,94.941
499,2988,59.438
500,495,159.533
500,3004,12.080
500,13140,55.319
501,502,65.274
501,2995,65.623
502,499,24.528
502,501,65.274
503,2984,44.576
504,247,275.573
504,513,159.704
504,2979,59.501
505,506,118.742
505,513,47.619
505,1568,83.608
505,1572,66.208
506,505,118.742
506,1169,44.747
506,1569,57.767
507,516,50.076
507,2985,16.876
508,1095,55.439
508,1110,109.607
509,1080,86.666
509,1087,60.647
510,493,90.787
510,1576,59.335
510,14817,16.955
511,249,105.229
511,512,113.063
511,1568,121.700
512,511,113.063
512,515,19.362
512,1562,50.064
513,504,159.704
513,505,47.619
513,1578,73.654
514,518,86.920
514,1567,57.148
515,512,19.362
515,516,133.209
515,1567,49.605
516,507,50.076
516,515,133.209
516,518,102.646
517,497,105.254
517,518,111.956
518,516,102.646
518,520,43.099
519,1157,59.603
519,11751,57.409
520,489,76.027
520,1157,145.666
521,17223,141.027
521,17226,6.283
522,311,130.611
522,17226,250.947
523,305,113.156
523,1086,29.735
524,367,18.391
524,936,71.048
524,1544,124.265
525,1069,13.721
525,1073,38.124
525,1112,107.329
526,1116,118.640
526,15599,61.478
527,940,121.737
527,1112,166.157
527,1450,56.365
528,270,67.909
528,1713,81.317
529,12657,51.104
529,14484,70.223
530,531,11.417
531,532,9.693
531,17761,69.160
532,8166,22.045
533,9595,24.473
533,14831,17.728
533,16449,28.802
534,533,17.897
535,16448,11.877
535,17604,204.019
536,12657,56.042
536,15145,16.749
537,11967,70.425
537,16447,49.494
537,16454,6.530
538,1151,190.437
538,1165,26.093
538,1902,93.708
539,542,117.455
539,1181,60.955
540,1135,84.433
540,1138,138.358
541,16505,7.431
542,539,117.455
542,1163,29.437
542,16916,6.589
543,1902,78.280
543,17028,24.167
544,275,123.452
544,382,141.434
545,384,64.281
545,1423,75.530
545,1494,51.476
546,547,67.076
546,930,69.330
546,938,85.108
546,1494,32.893
547,420,80.627
547,546,67.076
548,990,14.132
548,17122,222.549
549,599,14.949
549,914,38.235
549,16884,42.675
550,7198,284.274
550,8575,47.475
551,552,99.033
552,14585,23.600
553,610,86.094
553,683,42.702
553,15430,31.576
554,589,53.236
554,823,62.000
554,4593,35.528
555,905,78.271
555,15431,54.865
555,17416,49.534
556,799,103.116
556,810,24.244
557,4080,26.302
557,4089,8.927
557,4114,64.412
558,706,69.845
558,783,65.325
558,4580,5.380
559,848,10.720
559,13873,2.417
559,16325,73.955
560,5237,25.412
560,5256,23.696
560,13874,17.859
561,775,12.800
561,854,43.279
561,869,43.028
562,647,47.439
562,3525,59.398
562,15972,4.560
563,695,65.906
563,12547,17.452
563,12551,79.137
564,763,37.402
564,11549,151.607
565,4583,19.848
565,16356,14.662
565,16362,33.386
566,869,21.952
567,692,52.460
567,4055,51.623
568,4640,120.756
568,15202,146.971
569,854,30.153
569,4397,41.286
569,4465,30.680
570,771,6.225
570,892,36.417
570,16921,103.149
571,682,30.377
571,901,132.262
571,4187,39.680
571,4208,116.378
572,720,40.817
572,4773,32.251
572,4783,20.476
572,4803,33.059
573,4628,49.126
573,9411,9.413
573,16395,47.809
574,642,12.133
574,872,129.358
574,4465,37.497
575,580,30.925
575,875,53.904
575,17710,43.178
576,808,96.676
576,4355,15.897
576,4373,53.650
577,592,45.998
577,809,20.158
577,4752,63.930
578,617,48.099
579,684,31.698
579,16445,37.095
580,575,30.925
580,684,58.902
580,707,42.370
580,742,101.638
581,817,27.242
581,4838,14.655
581,14095,23.492
582,5349,66.553
582,6080,27.108
582,6081,6.580
583,675,128.914
583,4073,70.158
584,848,26.134
584,5276,42.725
584,5285,102.383
585,809,94.080
586,910,50.263
586,4792,25.678
586,11773,38.898
587,626,25.143
587,4057,55.018
587,13221,67.714
588,723,16.568
588,912,42.078
588,4421,18.319
589,554,53.236
589,861,65.661
589,4597,44.499
589,4599,78.536
590,714,107.911
590,719,75.659
590,749,47.397
591,594,47.111
591,4101,17.039
591,14967,45.657
592,577,45.998
592,691,14.700
592,896,59.629
593,617,44.415
593,4643,52.709
593,16252,21.399
594,591,47.111
594,615,28.448
594,17673,16.013
595,696,48.468
596,681,11.756
596,904,38.329
596,4373,149.005
597,863,26.549
597,4715,42.993
597,4748,92.087
598,875,100.195
598,4306,72.066
598,4310,27.110
599,549,14.949
599,707,143.070
599,780,17.933
600,872,39.233
600,4442,88.997
600,4481,81.844
601,6138,2.606
601,6223,37.392
601,6228,74.396
602,702,76.363
602,847,34.263
602,4623,10.277
603,859,62.997
603,4326,5.757
603,16361,72.812
604,902,73.464
604,4475,22.598
604,15429,30.106
605,4832,22.178
605,4840,110.402
605,4854,14.793
606,844,45.054
606,845,91.625
606,17388,3.786
607,639,92.485
607,762,56.675
607,15714,64.436
608,665,55.999
608,770,88.648
608,775,67.016
609,713,27.017
609,825,18.214
609,880,107.926
609,4636,30.083
610,553,86.094
611,5352,51.352
612,778,18.308
613,6255,98.489
613,6260,17.065
613,17326,20.153
614,4727,15.945
614,10021,33.859
614,13034,48.012
615,594,28.448
615,15039,36.342
615,15040,30.046
616,44,65.762
616,878,42.135
616,3350,79.250
617,578,48.099
617,593,44.415
617,4644,22.357
618,785,99.282
618,9961,36.417
618,17635,26.801
619,632,37.482
620,4724,45.138
620,13034,121.636
620,16985,10.587
621,893,21.823
621,4425,45.769
621,17385,11.798
622,860,85.709
622,4297,7.130
622,4573,23.626
623,737,16.952
623,5221,10.932
623,5249,64.382
624,874,27.342
624,4186,14.166
624,14631,27.127
625,5731,60.474
625,5737,130.023
625,5745,24.232
626,587,25.143
626,4060,44.230
626,17313,51.613
627,769,60.144
627,830,19.758
627,5234,16.592
628,4119,64.102
628,14990,37.304
628,15932,41.173
628,16745,24.083
629,651,85.169
629,675,77.959
629,12532,31.887
629,12537,30.474
630,788,25.552
630,4540,26.415
630,4563,62.519
630,16355,13.909
631,781,49.246
631,897,68.259
631,16746,42.294
632,619,37.482
632,703,101.860
632,4854,30.581
632,4887,62.208
633,720,74.373
633,4874,22.096
634,4360,37.448
634,13316,14.707
634,15109,14.249
635,224,106.164
635,4133,65.146
635,17572,45.797
636,55,47.266
636,12529,65.756
637,746,13.803
638,660,29.776
638,813,55.208
638,4391,31.563
639,607,92.485
639,749,26.158
639,11829,102.143
639,17313,49.914
640,690,113.402
640,815,89.728
640,4468,47.028
640,13086,25.177
641,10474,60.891
641,12736,129.331
641,13774,66.328
642,574,12.133
642,4389,111.537
642,4481,81.415
643,809,50.193
643,4849,58.598
644,10474,221.393
644,10484,74.913
644,13981,200.870
645,657,183.108
645,806,101.153
645,4306,15.979
646,16921,39.957
647,562,47.439
647,781,87.678
648,10456,25.197
648,10457,16.046
649,876,93.092
649,4322,38.137
649,4323,16.503
649,16361,87.445
650,4865,36.879
650,4886,30.924
650,4889,33.161
651,629,85.169
651,12536,24.727
651,12539,25.301
651,12540,42.573
652,758,33.042
652,4830,17.636
652,4849,33.343
653,816,7.755
653,4567,45.517
653,4623,78.474
654,4112,85.707
654,14560,93.381
654,14631,87.637
655,657,102.562
655,914,48.246
655,16701,54.152
656,890,47.932
656,4530,43.684
656,4560,30.165
657,645,183.108
657,655,102.562
657,918,586.764
657,14077,56.468
658,899,64.926
658,12538,79.675
658,17137,15.885
659,5057,30.884
659,5101,72.772
659,5159,53.045
660,638,29.776
660,10516,35.598
660,16226,40.058
661,807,92.273
661,820,26.103
661,4091,60.216
662,9504,54.672
662,12660,38.589
663,743,46.690
663,4831,41.657
663,13036,25.526
664,728,116.455
664,891,63.237
664,4074,160.329
665,608,55.999
665,726,19.533
665,11542,31.277
666,4906,13.011
666,4921,21.278
666,5087,67.338
667,44,70.504
667,3486,38.851
667,9386,108.220
668,5723,124.127
669,773,177.222
669,4113,84.728
669,15641,26.326
670,3104,45.467
670,17167,65.639
670,17168,21.441
671,835,70.840
671,6258,18.404
671,6260,3.807
672,3099,15.596
672,17538,5.129
673,5097,74.016
673,6195,7.435
673,6205,52.299
674,824,168.421
674,849,48.532
674,4403,31.425
675,629,77.959
675,17135,27.558
676,4549,56.266
676,4553,47.636
676,16284,12.545
677,12521,43.885
677,12530,26.257
677,12534,30.704
677,12537,30.834
678,3341,117.028
678,14759,23.328
679,731,30.531
679,4708,19.643
680,12446,37.183
680,16283,53.001
680,17387,19.021
681,596,11.756
681,4334,94.202
681,4347,57.557
681,11920,84.199
682,571,30.377
682,4111,83.098
682,4115,66.839
683,553,42.702
683,815,32.062
683,16244,1.493
684,579,31.698
684,580,58.902
684,806,42.255
684,875,40.251
685,722,36.079
685,833,55.077
685,4643,29.066
686,15406,9.110
686,15411,75.757
686,17168,14.210
687,4563,31.091
687,4614,39.855
687,4620,53.923
688,720,44.244
689,4056,41.587
689,11829,73.020
690,640,113.402
690,4439,89.806
690,4649,25.825
691,592,14.700
691,4846,34.298
691,4847,45.811
692,689,46.316
693,751,117.053
693,9420,5.459
693,10022,899.471
694,9423,132.151
694,11883,46.245
694,13902,62.309
695,563,65.906
695,846,64.387
695,900,54.200
695,13242,39.809
696,595,48.468
696,717,31.992
696,732,17.388
697,814,80.097
697,824,25.137
697,840,51.419
698,5102,4.081
698,5125,28.738
699,714,15.029
699,12664,30.830
699,15835,35.550
700,5207,29.273
700,5221,26.936
700,5244,39.504
701,831,54.382
701,894,68.280
701,5066,52.653
701,16675,57.750
702,602,76.363
703,632,101.860
703,768,11.020
703,4865,80.479
704,4881,63.133
704,4887,47.504
704,9408,29.438
705,4578,14.828
705,4623,36.956
705,4629,217.816
706,558,69.845
706,752,52.647
706,4612,39.018
707,580,42.370
707,599,143.070
707,806,56.223
707,12645,316.380
708,5280,37.880
708,5290,19.217
708,13874,81.934
709,5060,62.406
709,5085,73.695
709,14688,71.319
710,10070,55.217
710,13774,34.811
710,15064,13.595
711,12990,37.308
711,14090,28.690
711,14091,83.906
712,879,15.719
713,609,27.017
714,590,107.911
714,699,15.029
714,15714,13.770
715,724,74.589
715,4182,145.533
715,12170,60.112
716,765,33.843
716,4609,58.882
716,4613,28.625
716,16353,31.284
717,696,31.992
717,790,58.763
717,4637,30.835
718,5719,37.267
718,5723,56.938
718,5737,20.694
719,590,75.659
719,12055,102.708
719,12523,42.961
720,572,40.817
720,633,74.373
720,688,44.244
720,4883,24.433
721,809,11.469
721,4705,88.269
722,685,36.079
722,883,140.327
722,4645,14.432
723,588,16.568
723,746,21.020
723,776,130.788
724,715,74.589
724,4113,37.015
724,4187,16.022
725,4861,9.924
725,4862,37.494
725,16755,17.519
726,665,19.533
727,816,116.895
727,10062,74.805
727,17417,12.163
728,664,116.455
728,14764,39.411
728,15748,45.200
729,844,100.515
729,845,44.542
729,851,19.743
730,918,55.236
730,4611,189.717
730,4615,59.479
731,679,30.531
731,4707,50.077
731,4727,24.270
732,696,17.388
732,865,37.858
732,4651,24.119
733,785,139.817
733,883,53.034
733,4464,134.836
734,3504,22.841
734,3513,20.474
734,16742,28.520
735,801,65.814
735,3513,27.267
735,16742,22.433
736,789,104.288
736,4447,68.203
736,4530,3.835
737,623,16.952
737,5245,29.878
737,16319,28.927
738,847,91.932
739,780,14.490
739,834,450.558
740,812,51.037
740,884,60.826
740,4834,33.557
740,4874,28.463
741,770,17.811
741,4422,42.033
741,16283,51.461
742,580,101.638
742,4329,34.028
742,4334,289.048
743,663,46.690
743,911,43.729
743,4834,40.549
743,4883,25.811
744,773,34.262
744,4182,32.949
744,12152,31.396
745,9418,163.287
745,12990,28.527
745,14092,108.591
746,637,13.803
746,723,21.020
746,895,28.697
747,54,85.177
747,12522,24.112
748,830,16.265
748,5222,58.050
748,5234,20.605
749,590,47.397
749,639,26.158
749,4060,61.066
750,872,198.236
750,892,24.612
750,4442,146.336
751,693,117.053
751,6218,33.443
751,6253,63.625
752,706,52.647
752,4622,66.752
752,16353,21.485
753,5279,19.498
753,5284,5.881
753,5330,41.428
754,15431,18.792
755,15505,9.922
755,16985,42.819
756,881,12.302
756,5262,75.802
756,13874,46.095
757,4739,45.974
758,643,49.319
758,652,33.042
759,772,304.138
759,842,199.752
759,3488,12.004
760,12549,21.468
760,12550,56.188
760,12552,16.437
761,4342,89.288
761,4363,71.341
761,4583,8.683
762,607,56.675
762,692,86.428
763,564,37.402
763,4041,115.070
763,4045,61.748
764,10070,129.448
764,12729,122.553
764,12734,122.239
765,716,33.843
765,839,103.891
765,4598,12.157
766,836,32.141
766,4852,55.450
766,13886,3.113
767,915,41.991
767,13829,2.378
767,13830,11.281
768,703,11.020
768,884,51.786
768,10037,31.914
769,627,60.144
769,800,13.322
769,903,48.441
770,608,88.648
770,741,17.811
770,902,13.783
771,570,6.225
771,4446,66.247
771,16257,33.309
772,43,64.172
772,759,304.138
772,14741,24.708
773,669,177.222
773,744,34.262
773,4106,16.047
774,26,343.942
775,561,12.800
775,608,67.016
775,845,31.799
776,723,130.788
776,787,32.666
776,4462,79.136
777,5274,67.109
777,5276,60.651
777,5741,28.632
778,612,18.308
778,886,91.213
778,4836,32.713
779,17165,11.753
779,17380,70.754
780,599,17.933
780,739,14.490
780,914,26.897
781,631,49.246
781,647,87.678
781,3504,39.622
782,3248,119.700
782,3343,58.823
782,15715,66.576
783,558,65.325
783,4627,243.097
784,837,27.149
784,850,48.762
784,4376,126.002
785,618,99.282
785,733,139.817
785,4632,28.743
785,4645,39.258
786,822,26.515
786,4597,62.717
786,13027,29.256
787,776,32.666
787,13312,106.975
788,630,25.552
788,4614,14.833
788,4619,46.555
789,736,104.288
789,4377,43.448
789,4389,65.492
789,4416,16.085
790,717,58.763
791,758,49.046
791,4832,54.029
792,815,66.405
793,3486,70.930
794,801,108.151
794,3521,71.225
794,4116,4.417
795,3341,72.523
795,15406,65.614
795,15407,34.426
795,17380,45.914
796,857,51.756
796,5109,41.123
796,16319,12.526
797,4125,40.572
797,4166,34.063
797,4176,42.269
798,4792,64.082
798,4871,45.517
798,14098,14.715
799,556,103.116
799,840,58.057
799,12446,11.307
800,769,13.322
800,830,74.502
800,5225,37.107
801,735,65.814
801,794,108.151
801,16743,10.230
802,5343,47.283
802,6075,13.909
802,6107,18.910
803,831,83.728
803,4897,27.328
803,5062,21.983
804,3488,82.618
804,16747,172.687
805,819,31.903
805,4047,97.383
805,12545,58.955
805,12546,54.231
806,645,101.153
806,684,42.255
806,707,56.223
807,661,92.273
807,4087,30.180
807,15037,10.262
807,15039,63.856
808,576,96.676
809,577,20.158
809,585,94.080
809,721,11.469
809,17786,289.812
810,556,24.244
810,908,51.363
810,17387,17.352
811,856,28.930
811,4660,51.818
811,4671,67.740
812,740,51.037
812,4831,32.478
812,14095,65.729
813,638,55.208
813,10515,74.483
813,10520,77.607
813,16706,40.633
814,697,80.097
815,640,89.728
815,683,32.062
815,792,66.405
815,16245,107.622
816,653,7.755
816,727,116.895
816,4594,38.680
817,581,27.242
817,4838,41.893
817,4848,65.420
817,10037,28.466
818,835,12.570
818,888,40.009
818,17070,16.125
819,805,31.903
819,4039,30.721
819,12550,75.541
820,661,26.103
820,4037,40.863
820,4107,23.397
821,843,106.945
821,852,47.446
821,4748,34.083
822,786,26.515
822,4612,48.996
822,4626,52.310
823,554,62.000
823,861,56.902
823,5174,146.734
824,674,168.421
824,697,25.137
824,4403,43.024
825,609,18.214
825,15515,34.826
826,11881,13.230
826,11883,22.917
827,6090,26.996
827,6091,31.556
827,6140,46.226
828,5327,29.253
828,6107,31.725
828,14088,4.962
829,5332,38.231
829,13872,59.751
829,14084,23.183
830,627,19.758
830,748,16.265
830,800,74.502
831,701,54.382
831,803,83.728
831,4906,39.264
832,4434,58.662
832,4455,69.983
832,4462,18.226
833,685,55.077
833,4639,33.897
833,14005,101.914
834,739,450.558
834,17572,27.050
835,671,70.840
835,818,12.570
835,15210,69.895
836,766,32.141
836,4845,20.414
836,4849,24.476
837,784,27.149
837,4337,59.785
837,4376,138.052
838,4557,62.147
839,765,103.891
839,907,35.815
839,10062,1.696
840,697,51.419
840,799,58.057
840,4468,86.294
841,879,20.372
842,759,199.752
842,878,156.013
842,3490,13.476
843,821,106.945
843,906,49.661
843,15505,56.101
844,606,45.054
844,729,100.515
844,868,47.966
844,17385,20.481
845,606,91.625
845,729,44.542
845,775,31.799
846,695,64.387
846,11730,88.500
846,12549,27.129
846,12551,49.289
847,602,34.263
847,738,91.932
847,4592,20.313
848,559,10.720
848,584,26.134
848,5282,108.807
849,674,48.532
849,919,23.366
849,4400,50.569
849,4467,19.011
850,784,48.762
850,4342,2.585
850,16370,23.797
851,729,19.743
852,821,47.446
852,906,101.849
852,915,154.837
853,4058,180.936
853,9502,97.098
853,17137,8.134
854,561,43.279
854,569,30.153
854,11542,32.324
855,877,31.067
855,17339,15.820
856,811,28.930
856,4664,6.455
856,16476,114.016
857,796,51.756
857,5099,17.336
857,5230,39.417
858,5702,22.193
858,6068,24.022
859,603,62.997
859,4330,51.572
859,4331,34.372
860,622,85.709
860,873,86.545
860,4579,16.200
861,589,65.661
861,823,56.902
861,4627,9.183
862,4038,40.215
862,12150,50.647
862,15726,27.135
863,597,26.549
863,4721,60.063
863,12259,31.069
864,6250,14.164
864,6267,19.743
864,6274,47.980
865,732,37.858
865,879,67.449
865,4692,68.728
866,895,64.591
866,17787,174.292
867,12536,19.765
867,12539,55.378
867,17137,48.602
868,844,47.966
869,561,43.028
869,566,21.952
869,16920,13.398
870,5066,6.774
870,5088,71.369
870,14688,12.375
871,5346,16.988
871,6075,35.179
871,15146,48.289
872,574,129.358
872,600,39.233
872,750,198.236
873,860,86.545
873,4388,105.756
873,4578,26.314
874,624,27.342
874,4162,80.007
874,15927,70.144
875,575,53.904
875,598,100.195
875,684,40.251
875,4308,22.803
876,649,93.092
877,855,31.067
877,12492,7.111
877,17340,96.300
878,616,42.135
878,842,156.013
878,11964,73.762
879,712,15.719
879,841,20.372
879,865,67.449
880,609,107.926
880,889,22.354
880,4632,35.335
880,4633,36.238
881,756,12.302
881,5189,23.516
881,5233,65.644
882,5086,113.187
882,5088,37.262
882,5110,55.930
882,5130,20.938
883,722,140.327
883,733,53.034
884,740,60.826
884,768,51.786
884,14095,42.720
885,4303,35.594
885,4570,45.254
885,4618,24.544
886,778,91.213
886,4846,15.514
887,4959,4.786
887,4971,13.822
887,5091,71.828
888,818,40.009
888,9428,101.532
888,13084,62.338
889,880,22.354
890,656,47.932
890,4377,76.763
891,664,63.237
891,6518,13.094
891,6520,151.730
892,570,36.417
892,750,24.612
892,898,88.664
893,621,21.823
893,4402,21.040
893,16257,65.398
894,701,68.280
894,5059,80.768
894,5062,13.436
895,746,28.697
895,866,64.591
895,4692,31.637
896,592,59.629
896,13886,33.539
897,631,68.259
897,3513,39.102
897,13932,30.839
898,787,125.646
898,892,88.664
898,9414,10.593
899,658,64.926
899,4067,7.255
899,12530,50.483
900,695,54.200
900,11729,91.273
901,571,132.262
901,4164,28.220
901,4176,33.775
902,604,73.464
902,770,13.783
902,4492,84.728
903,769,48.441
903,5251,15.522
903,5252,7.245
904,596,38.329
904,4478,96.092
904,4493,35.843
905,555,78.271
905,4370,46.737
905,17417,68.695
906,843,49.661
906,852,101.849
906,915,54.641
906,13037,45.171
907,839,35.815
907,4569,37.601
907,4588,27.107
907,4621,96.038
908,810,51.363
909,4830,26.392
909,4835,39.020
910,586,50.263
910,4772,40.668
910,9445,21.882
911,743,43.729
911,4776,71.380
911,4859,22.794
912,588,42.078
913,3470,308.722
913,3490,101.847
913,14467,168.303
914,549,38.235
914,655,48.246
914,780,26.897
915,767,41.991
915,852,154.837
915,906,54.641
916,6168,3.779
916,6182,84.767
916,6240,23.019
917,4423,47.450
917,4425,21.981
917,4435,121.530
918,657,586.764
918,730,55.236
918,4618,55.936
919,849,23.366
919,4398,19.656
919,4449,48.641
920,369,65.482
920,419,62.067
921,12948,355.672
922,369,44.969
922,9291,111.075
923,9295,36.765
924,11634,162.380
925,12947,440.808
926,927,680.440
926,962,101.107
926,15345,363.665
927,275,155.152
927,926,680.440
928,372,69.805
928,382,84.762
928,1292,214.439
929,395,97.211
929,1506,37.599
930,546,69.330
930,1423,47.409
930,1485,8.465
931,950,173.203
931,1455,34.363
932,951,153.526
932,1451,78.231
933,240,132.155
933,950,52.708
933,15140,204.918
934,1455,44.918
934,1458,107.007
935,936,39.890
935,1452,40.775
935,10556,0.675
936,524,71.048
936,935,39.890
936,1543,58.321
937,929,53.643
937,946,111.049
938,420,68.535
938,546,85.108
939,395,66.262
939,941,55.360
940,244,97.087
940,1449,62.703
940,1548,60.285
941,939,55.360
941,1506,47.161
941,15648,27.295
942,243,167.316
942,361,261.982
942,1448,161.942
943,939,95.301
944,1424,88.020
944,1425,67.748
945,523,104.756
945,1452,291.117
946,364,139.930
946,937,111.049
946,11614,120.513
947,385,78.688
947,1423,118.926
947,1424,66.315
948,942,67.940
948,951,168.319
949,408,60.607
949,409,121.765
949,1499,146.331
949,12212,41.140
950,931,173.203
950,933,52.708
950,17588,90.869
951,932,153.526
951,948,168.319
951,1448,74.362
951,12192,71.001
952,965,66.675
952,17005,9.895
953,427,37.273
953,955,140.304
953,963,57.801
953,1221,73.397
954,955,58.058
954,963,131.658
954,970,50.948
955,428,17.306
955,953,140.304
955,954,58.058
956,375,322.497
956,11605,201.482
957,971,59.660
957,972,90.406
957,973,20.051
957,17006,56.013
958,960,74.238
958,961,89.185
958,974,103.086
959,10050,19.788
959,14156,59.500
959,17003,33.366
960,958,74.238
960,963,48.018
960,970,118.836
961,958,89.185
961,969,64.966
961,14157,73.363
962,926,101.107
962,1216,75.160
963,953,57.801
963,954,131.658
963,960,48.018
964,1293,161.622
964,14157,35.059
964,15211,270.292
965,375,103.654
965,952,66.675
966,965,88.683
966,17004,72.439
967,17440,89.229
968,432,5.070
968,1185,97.042
968,17001,72.449
969,427,271.162
969,961,64.966
970,954,50.948
970,960,118.836
970,974,68.428
971,957,59.660
971,14156,9.948
971,17005,96.939
972,957,90.406
972,17004,57.247
972,17005,46.986
973,957,20.051
974,958,103.086
974,970,68.428
974,17006,38.049
975,1033,143.810
975,1041,30.965
975,1066,140.766
976,1018,88.688
976,1255,47.216
977,15417,70.965
978,1271,109.414
978,1278,8.030
978,14300,64.184
979,272,118.850
979,1022,28.767
979,1040,79.376
980,1252,11.085
980,1526,104.579
981,987,76.225
981,994,50.444
981,1046,62.881
982,985,97.603
982,2303,141.392
982,2347,11.632
983,1269,59.799
983,16509,72.808
983,16510,6.625
984,1002,105.424
984,2135,93.384
984,2172,51.392
985,982,97.603
985,1029,101.157
985,1240,64.560
985,12952,135.591
986,996,76.154
986,1002,122.510
986,1031,29.707
987,981,76.225
987,1008,114.185
987,1021,75.099
987,1026,29.959
988,277,62.919
988,1064,36.186
988,13122,45.317
989,1066,103.888
989,14919,52.963
989,16732,151.349
990,276,81.770
990,1054,25.303
991,1055,82.492
991,1630,59.283
991,1655,124.002
991,15777,34.481
992,11585,45.459
993,995,67.629
993,1241,40.683
993,1260,22.627
994,981,50.444
994,14306,64.763
995,993,67.629
995,1235,68.706
995,14303,34.979
996,279,77.928
996,986,76.154
996,1002,75.940
996,2069,153.853
997,1028,26.309
997,14306,42.687
998,414,30.872
998,1063,102.734
998,1503,50.198
998,1509,48.281
999,1016,87.460
999,14882,75.507
1000,1247,66.878
1000,1249,32.299
1000,17812,14.183
1001,1361,53.394
1001,1492,73.878
1001,16221,45.604
1001,16229,88.220
1002,984,105.424
1002,986,122.510
1002,996,75.940
1002,1224,13.041
1003,1004,88.608
1003,1022,67.777
1003,1037,91.623
1004,1003,88.608
1004,1052,52.781
1004,1227,89.782
1004,1522,38.466
1005,1268,47.356
1005,1281,52.265
1005,14300,52.851
1006,415,16.753
1006,1049,58.649
1006,1062,70.629
1007,1226,84.553
1007,2303,138.189
1007,2377,60.935
1007,2394,86.492
1008,987,114.185
1008,1020,58.668
1008,1238,26.611
1009,1251,117.393
1009,1262,127.146
1009,1525,38.465
1009,1526,76.887
1010,1262,36.815
1010,1528,51.513
1011,1045,49.246
1011,1234,54.574
1011,1249,95.965
1011,1260,47.426
1012,413,59.589
1012,414,89.185
1012,1512,110.410
1012,12025,35.306
1013,1028,30.021
1013,1045,135.593
1013,1251,119.607
1014,1273,54.072
1014,1289,45.890
1014,14919,14.370
1015,1027,126.356
1015,1031,24.298
1015,1239,57.236
1016,999,87.460
1016,1036,19.180
1016,17828,60.685
1017,2006,126.677
1017,2132,68.045
1017,2172,68.145
1017,2185,62.212
1018,976,88.688
1018,1236,9.065
1018,1237,49.286
1019,1051,48.823
1019,11583,7.741
1019,14916,292.444
1020,1008,58.668
1020,1256,55.676
1021,987,75.099
1021,1263,28.292
1021,1520,37.744
1022,979,28.767
1022,1003,67.777
1022,1276,61.620
1023,1241,35.894
1023,1281,49.549
1023,1288,63.749
1023,1522,188.069
1024,279,87.901
1024,1244,79.811
1024,1246,24.705
1025,272,95.570
1025,1275,218.756
1025,2027,127.053
1026,987,29.959
1026,1239,32.392
1026,1527,43.046
1027,1015,126.356
1027,1034,39.671
1027,1043,110.127
1028,997,26.309
1028,1013,30.021
1028,1261,110.401
1029,985,101.157
1029,1238,79.363
1030,1059,87.220
1030,1061,44.161
1030,1064,195.124
1030,16272,141.773
1031,986,29.707
1031,1015,24.298
1031,1265,33.517
1032,1062,84.603
1032,1067,59.625
1033,975,143.810
1033,16732,99.355
1033,16974,34.151
1034,1027,39.671
1034,1246,95.463
1034,1250,36.754
1035,1052,38.125
1035,1231,54.841
1035,1237,15.019
1036,1016,19.180
1036,1057,41.749
1036,1501,89.825
1037,1003,91.623
1037,1278,65.588
1038,1057,93.976
1038,12209,15.507
1039,1257,57.616
1039,1261,49.331
1039,17509,27.032
1040,979,79.376
1040,1048,109.589
1040,1269,91.092
1040,10552,109.500
1041,975,30.965
1041,11605,126.118
1041,16974,144.024
1042,1053,27.408
1042,14607,13.605
1043,1027,110.127
1043,1228,21.091
1043,1242,57.698
1044,1199,58.575
1044,15424,119.081
1044,16732,18.551
1045,1011,49.246
1045,1013,135.593
1045,1058,64.377
1046,981,62.881
1046,1257,31.219
1046,1263,43.537
1046,14306,41.885
1047,2050,77.857
1047,2069,34.172
1047,2090,21.213
1048,1040,109.589
1048,1276,96.659
1048,16816,5.432
1049,412,118.142
1049,414,39.600
1049,1006,58.649
1050,10033,50.924
1051,1019,48.823
1051,1056,89.278
1052,1004,52.781
1052,1035,38.125
1052,1521,35.654
1053,386,123.597
1054,990,25.303
1055,289,130.787
1055,991,82.492
1056,277,92.666
1056,1051,89.278
1057,1036,41.749
1057,1038,93.976
1057,1503,21.874
1058,1045,64.377
1058,1261,38.702
1058,1523,38.082
1059,1030,87.220
1059,1471,48.060
1059,1474,36.859
1060,548,110.788
1060,1464,50.748
1061,1030,44.161
1061,1468,36.831
1061,1474,113.333
1062,1006,70.629
1062,1032,84.603
1062,12025,60.907
1063,998,102.734
1063,1038,73.809
1064,988,36.186
1064,1030,195.124
1064,1473,42.117
1065,411,61.493
1065,423,56.794
1065,12211,133.603
1066,975,140.766
1066,989,103.888
1067,1032,59.625
1067,1079,154.480
1068,509,31.478
1068,1105,80.913
1069,525,13.721
1069,1078,38.279
1069,1097,99.951
1070,301,242.693
1070,1560,47.575
1071,16575,75.656
1072,245,65.592
1072,1090,176.724
1073,525,38.124
1073,1085,76.561
1073,1116,47.185
1074,1552,131.541
1074,15616,69.375
1075,1081,76.616
1075,1099,43.050
1075,14876,68.480
1076,391,278.125
1077,245,107.633
1077,1106,60.991
1077,1109,59.291
1078,1069,38.279
1078,1084,117.619
1078,1117,27.647
1079,413,33.203
1079,1113,176.299
1079,12025,60.687
1080,509,86.666
1080,1097,65.581
1080,1109,30.020
1081,1075,76.616
1081,1108,114.358
1081,1113,58.511
1082,1091,106.259
1082,14875,34.869
1083,1111,97.522
1083,17772,93.557
1084,1078,117.619
1084,1097,53.432
1084,14818,32.646
1085,1073,76.561
1085,1089,47.385
1085,1117,42.164
1086,523,29.735
1086,1090,61.430
1086,16579,33.268
1087,1097,99.046
1087,14817,17.775
1088,1100,118.052
1088,1110,69.049
1089,1085,47.385
1089,1093,23.186
1089,1116,79.414
1090,1072,176.724
1090,1086,61.430
1090,1096,140.859
1091,1082,106.259
1091,12135,55.888
1092,1099,34.779
1092,1101,51.402
1092,14877,41.058
1093,1089,23.186
1093,1104,124.378
1093,1546,19.602
1094,1108,172.369
1095,1072,21.931
1095,1106,97.442
1096,1071,174.253
1096,1090,140.859
1097,1069,99.951
1097,1080,65.581
1097,1084,53.432
1097,1087,99.046
1098,526,9.787
1098,15589,66.256
1099,1075,43.050
1099,1092,34.779
1100,508,51.286
1100,1096,173.312
1101,1092,51.402
1102,1542,65.294
1102,1546,125.435
1102,1547,47.067
1102,14819,37.808
1103,301,108.846
1103,14816,43.838
1103,16783,156.827
1104,1093,124.378
1104,1098,19.344
1105,1068,80.913
1105,1088,34.474
1106,1077,60.991
1106,1095,97.442
1106,1110,52.644
1107,14879,44.360
1108,1081,114.358
1108,1091,33.327
1108,1114,45.621
1109,1077,59.291
1109,1080,30.020
1109,1112,83.980
1110,1068,46.572
1110,1088,69.049
1110,1106,52.644
1111,1083,97.522
1111,1545,69.100
1111,15400,39.851
1112,525,107.329
1112,527,166.157
1112,1109,83.980
1112,15400,78.729
1113,1079,176.299
1113,1081,58.511
1113,1115,73.585
1114,393,443.227
1114,1108,45.621
1114,15597,54.190
1115,1113,73.585
1116,526,118.640
1116,1073,47.185
1116,1089,79.414
1117,1078,27.647
1117,1085,42.164
1117,1547,27.976
1118,1180,48.333
1118,1182,55.035
1118,1604,68.196
1119,1132,46.104
1119,1167,71.359
1119,1175,167.159
1119,1566,61.299
1120,1136,38.825
1120,1143,44.509
1120,1168,50.087
1121,1124,44.533
1121,1125,47.692
1121,1607,5.231
1122,1142,116.087
1123,1129,50.701
1123,1134,64.612
1123,1150,11.982
1124,1121,44.533
1124,1172,48.062
1124,1600,30.729
1125,1121,47.692
1125,1134,51.507
1125,13143,6.906
1126,1565,52.900
1126,1590,30.978
1127,1168,33.929
1128,246,131.531
1128,1145,69.206
1128,1181,111.060
1128,16916,64.675
1129,1123,50.701
1129,1170,22.837
1129,1592,36.517
1130,1596,161.459
1130,1652,30.226
1131,1500,46.648
1131,1505,53.059
1132,1119,46.104
1132,1145,62.985
1132,16916,57.056
1133,1604,58.581
1134,1123,64.612
1134,1125,51.507
1134,1599,47.410
1135,1163,127.745
1135,16917,39.758
1136,1120,38.825
1136,1144,55.473
1136,1570,38.243
1137,1172,40.974
1137,1177,51.862
1137,1606,41.300
1137,16923,46.405
1138,540,138.358
1138,1165,86.376
1138,1566,80.709
1139,1151,122.490
1140,1155,48.371
1140,1180,102.799
1140,1592,61.347
1141,1158,10.290
1141,1165,105.844
1142,12124,115.126
1142,16917,137.317
1143,1120,44.509
1143,1153,73.893
1143,1156,77.915
1144,1136,55.473
1144,1153,54.879
1145,1128,69.206
1145,1132,62.985
1145,1178,56.642
1145,1606,64.932
1146,1156,65.079
1146,1184,80.565
1147,1157,72.927
1147,2974,16.423
1148,249,8.465
1148,15609,34.154
1148,15610,67.843
1149,246,55.281
1149,1176,113.097
1149,1563,47.828
1150,1123,11.982
1150,1160,187.885
1150,1602,53.699
1151,538,190.437
1151,1139,122.490
1151,1182,139.512
1152,1876,34.858
1152,1893,78.113
1152,1905,55.018
1153,1143,73.893
1153,1146,79.406
1154,1180,120.019
1154,1890,46.927
1154,1892,22.251
1155,1140,48.371
1155,1170,44.070
1155,1604,45.576
1156,1143,77.915
1156,1146,65.079
1156,1573,72.532
1157,497,46.328
1157,519,59.603
1157,520,145.666
1157,1147,72.927
1158,540,63.936
1158,1164,77.119
1159,273,92.429
1159,1174,149.296
1160,1150,187.885
1160,1159,97.438
1161,246,115.987
1161,247,104.901
1161,1166,130.547
1162,1179,56.378
1162,1184,69.050
1162,1573,23.881
1163,542,29.437
1163,1135,127.745
1163,1566,8.438
1164,105,22.437
1165,538,26.093
1165,1138,86.376
1165,1141,105.844
1166,1161,130.547
1166,1169,135.784
1166,1572,37.951
1167,1119,71.359
1168,1120,50.087
1168,1127,33.929
1168,1571,55.364
1169,506,44.747
1169,1166,135.784
1169,14821,126.003
1170,1129,22.837
1170,1155,44.070
1170,1171,85.831
1171,1170,85.831
1171,1594,27.295
1171,13143,77.291
1172,1124,48.062
1172,1137,40.974
1172,13143,37.685
1173,1594,4.500
1174,274,70.515
1174,1159,149.296
1174,1597,26.714
1175,1119,167.159
1175,1598,81.736
1175,16923,4.929
1176,486,67.266
1176,1149,113.097
1176,1564,43.400
1177,1137,51.862
1177,1564,27.985
1177,1605,43.512
1178,1145,56.642
1178,1563,22.966
1178,1605,63.655
1179,486,11.568
1179,1162,56.378
1179,1565,46.821
1180,1118,48.333
1180,1140,102.799
1180,1154,120.019
1180,1601,59.790
1181,1122,97.127
1181,1128,111.060
1182,1118,55.035
1182,1151,139.512
1182,1601,48.517
1182,1876,68.342
1183,268,129.668
1183,392,89.510
1183,1507,54.230
1184,274,28.636
1184,1162,69.050
1185,968,97.042
1185,1188,148.064
1185,9653,248.897
1186,1191,6.573
1186,1203,52.043
1186,15427,39.137
1186,17513,64.166
1187,432,66.627
1187,1195,122.594
1187,1202,85.667
1188,1185,148.064
1188,1195,44.684
1188,1197,93.856
1189,1192,317.425
1189,1203,87.326
1189,14925,48.957
1190,1206,52.094
1190,1518,198.275
1190,11609,52.605
1191,1186,6.573
1191,1200,45.403
1191,17513,91.731
1192,1189,317.425
1192,1205,67.610
1193,1192,9.654
1193,1197,327.931
1194,1206,115.594
1194,1519,42.587
1194,12958,102.635
1194,14930,56.557
1195,1187,122.594
1195,1188,44.684
1195,1202,37.524
1196,433,238.261
1196,1201,192.826
1196,17506,9.132
1197,1188,93.856
1197,1193,327.931
1198,15737,15.321
1199,1044,58.575
1200,1191,45.403
1200,1519,34.772
1200,11609,50.919
1200,14928,60.972
1201,1196,192.826
1201,1518,41.431
1202,433,131.536
1202,1187,85.667
1202,1195,37.524
1203,1186,52.043
1203,1189,87.326
1203,14926,57.917
1204,1205,121.775
1204,17513,141.062
1205,1201,66.193
1205,1204,121.775
1206,1190,52.094
1206,1194,115.594
1207,1208,92.095
1207,15346,8.561
1207,15504,299.935
1208,1207,92.095
1208,15339,131.964
1208,15343,101.036
1209,15684,22.823
1210,241,85.790
1210,1213,104.115
1210,1215,104.166
1211,1222,189.165
1211,14753,240.825
1211,15514,135.666
1212,1219,36.018
1212,10049,34.595
1212,16263,39.129
1213,1210,104.115
1213,1215,74.943
1213,17505,12.961
1214,428,142.909
1214,432,44.060
1214,15737,133.046
1215,1210,104.166
1215,1213,74.943
1215,1219,52.379
1216,1221,33.092
1216,15337,61.572
1216,16953,43.571
1217,14452,171.275
1217,14753,107.562
1217,15343,13.807
1218,253,518.467
1218,14453,90.820
1219,1212,36.018
1219,1215,52.379
1219,16961,53.240
1220,16263,47.930
1221,953,73.397
1221,1216,33.092
1222,1211,189.165
1222,16263,21.975
1223,1242,62.772
1223,1243,15.386
1223,1264,12.025
1224,1002,13.041
1224,1240,111.953
1224,12952,55.911
1225,17508,63.658
1226,1007,84.553
1226,1252,61.313
1226,1262,140.304
1227,430,55.982
1227,1004,89.782
1227,1231,66.332
1228,1043,21.091
1229,430,65.098
1229,1231,60.578
1229,2119,21.862
1230,977,74.703
1230,1251,36.910
1231,1035,54.841
1231,1227,66.332
1231,1229,60.578
1232,1253,59.728
1233,1256,44.975
1234,1011,54.574
1235,995,68.706
1235,1521,68.612
1235,17510,96.886
1236,1018,9.065
1236,1244,118.863
1236,1253,35.041
1237,1018,49.286
1237,1035,15.019
1237,1259,94.818
1238,1008,26.611
1238,1029,79.363
1238,1252,164.133
1239,1015,57.236
1239,1026,32.392
1239,1527,70.945
1240,985,64.560
1240,1224,111.953
1240,1265,52.675
1241,993,40.683
1241,1023,35.894
1241,16971,107.486
1242,1043,57.698
1242,1223,62.772
1242,17509,21.819
1243,1223,15.386
1243,1257,40.314
1243,1263,33.818
1244,1024,79.811
1244,1236,118.863
1244,2119,37.727
1245,15268,63.349
1245,17509,40.033
1246,1024,24.705
1246,1034,95.463
1246,1248,36.711
1246,1524,25.626
1247,1258,37.276
1247,16972,70.154
1248,1246,36.711
1249,1000,32.299
1249,1011,95.965
1250,1034,36.754
1250,1253,5.510
1250,1255,85.932
1251,1009,117.393
1251,1013,119.607
1251,1230,36.910
1252,980,11.085
1252,1226,61.313
1252,1238,164.133
1253,1232,59.728
1253,1236,35.041
1253,1250,5.510
1254,1262,32.286
1254,15753,42.733
1255,976,47.216
1255,1250,85.932
1256,1020,55.676
1256,1233,44.975
1256,1265,65.308
1257,1039,57.616
1257,1046,31.219
1257,1243,40.314
1258,429,47.731
1258,16973,87.956
1259,1237,94.818
1260,993,22.627
1260,1011,47.426
1260,16928,57.641
1261,1028,110.401
1261,1039,49.331
1261,1058,38.702
1262,1009,127.146
1262,1010,36.815
1262,1226,140.304
1262,1254,32.286
1263,1021,28.292
1263,1046,43.537
1263,1243,33.818
1264,1223,12.025
1265,1031,33.517
1265,1240,52.675
1265,1256,65.308
1266,1283,33.252
1267,1273,46.373
1267,1285,39.602
1267,1289,56.013
1268,1005,47.356
1268,1279,25.965
1268,1289,65.379
1269,983,59.799
1269,1040,91.092
1269,1280,122.546
1270,14300,33.049
1271,978,109.414
1271,1274,68.696
1271,1284,258.522
1271,16816,45.431
1272,1277,37.953
1272,17507,52.278
1273,1267,46.373
1273,1272,48.866
1274,1271,68.696
1274,1286,115.531
1274,1486,98.917
1274,13109,57.901
1275,1025,218.756
1275,2100,29.489
1275,2129,9.931
1276,1022,61.620
1276,1048,96.659
1276,1278,39.583
1277,1272,37.953
1278,978,8.030
1278,1037,65.588
1278,1276,39.583
1279,1268,25.965
1279,1288,76.661
1279,16926,16.266
1280,983,72.939
1280,1269,122.546
1281,1005,52.265
1281,1023,49.549
1281,1282,30.026
1282,1281,30.026
1283,1266,33.252
1284,287,147.276
1284,1271,258.522
1284,14916,14.482
1285,1267,39.602
1285,1483,49.893
1286,1274,115.531
1286,1320,70.709
1286,16514,5.891
1287,1483,32.562
1287,1490,22.558
1287,17507,77.431
1288,1023,63.749
1288,1279,76.661
1288,16971,37.489
1289,1014,45.890
1289,1267,56.013
1289,1268,65.379
1290,16249,28.550
1290,16516,67.724
1291,1294,61.309
1291,12178,120.416
1292,379,29.084
1292,928,214.439
1293,375,101.024
1293,964,161.622
1293,1516,111.064
1294,379,31.581
1294,1292,18.731
1295,3573,200.041
1295,3868,184.853
1295,17848,9.229
1296,2604,102.489
1296,2651,24.835
1296,2667,183.899
1296,2671,49.947
1297,1354,15.034
1297,2420,77.302
1297,16408,47.713
1298,2544,149.853
1298,2588,89.108
1298,13382,11.061
1299,1326,56.060
1299,1365,20.034
1299,16221,32.080
1299,16223,22.575
1300,2703,63.618
1300,17633,42.286
1300,17847,8.996
1301,1304,21.766
1301,1334,37.130
1301,1479,44.727
1302,2265,197.697
1302,2282,48.835
1302,17522,45.984
1303,1325,57.299
1303,16237,47.203
1303,16444,50.189
1304,1301,21.766
1304,1312,157.017
1304,16214,84.188
1305,2606,2.504
1305,2648,207.517
1305,15672,25.992
1306,1321,4.449
1306,2594,71.844
1307,2605,64.690
1307,2657,43.041
1307,2660,67.168
1307,2671,22.393
1308,2705,81.303
1308,2733,142.165
1308,2746,26.852
1309,2576,100.633
1309,2598,100.017
1310,1313,79.872
1310,1324,24.994
1310,1363,27.183
1311,343,43.148
1311,2492,66.937
1311,13374,204.571
1312,1304,157.017
1312,1323,18.021
1312,16237,2.797
1313,1310,79.872
1313,1340,16.067
1314,1323,79.761
1314,16238,27.672
1314,16514,27.649
1315,2722,86.430
1315,2738,28.688
1315,2750,71.766
1315,2762,60.737
1316,1725,47.179
1316,1762,86.829
1316,16694,34.884
1317,1319,38.503
1317,1324,49.526
1317,1492,32.562
1318,1327,17.205
1318,1355,20.382
1318,16220,33.126
1319,1317,38.503
1319,1361,97.981
1319,1753,183.307
1320,1280,49.747
1320,16513,6.981
1321,1306,4.449
1321,2584,20.797
1321,2603,29.290
1321,13470,204.165
1322,1338,106.243
1322,1353,85.371
1322,1363,87.704
1323,1312,18.021
1323,1314,79.761
1323,1331,73.811
1324,1310,24.994
1324,1317,49.526
1324,1342,77.839
1325,1303,57.299
1325,1356,101.387
1326,1299,56.060
1326,1363,33.614
1326,1492,90.642
1327,1318,17.205
1328,16216,27.449
1329,1331,30.703
1329,1355,129.137
1329,1365,24.254
1330,2604,65.438
1330,2685,117.975
1330,14339,11.191
1331,1323,73.811
1331,1329,30.703
1331,1359,120.826
1332,1778,163.385
1332,1785,109.558
1332,1979,129.230
1332,1980,51.288
1333,426,47.777
1333,14605,9.224
1334,1301,37.130
1334,1347,29.881
1334,1351,121.691
1334,1487,24.728
1335,1358,52.962
1336,2664,166.064
1336,2678,156.548
1337,1348,321.040
1337,2765,103.818
1337,12130,106.981
1338,388,59.999
1338,1322,106.243
1338,1358,46.562
1339,1290,63.401
1339,16444,30.401
1340,388,115.711
1340,1313,16.067
1340,1342,15.148
1341,389,68.770
1341,16694,156.224
1342,1324,77.839
1342,1340,15.148
1343,1745,71.001
1343,1756,18.607
1343,1813,81.445
1344,386,73.091
1344,1481,49.640
1344,13125,49.902
1345,2668,34.564
1345,2715,109.399
1345,13444,5.074
1346,2413,95.306
1346,2439,43.777
1346,14942,19.235
1347,1334,29.881
1347,1475,19.035
1347,1479,27.073
1348,1337,321.040
1348,2711,237.499
1348,2738,156.364
1348,17275,9.717
1349,1042,51.999
1349,1482,43.275
1350,349,193.609
1350,2623,202.946
1350,13470,7.898
1351,1334,121.691
1351,1481,25.336
1351,1491,69.929
1351,12218,33.466
1352,2696,46.891
1352,13444,79.094
1353,1322,85.371
1353,1364,23.868
1353,17031,8.212
1354,1297,15.034
1354,13374,10.056
1354,15677,46.384
1355,1318,20.382
1355,1329,129.137
1355,1359,21.999
1356,1349,85.512
1357,1480,85.263
1357,13125,20.935
1357,13126,24.016
1358,1335,52.962
1358,1338,46.562
1358,1491,34.141
1359,1331,120.826
1359,1355,21.999
1359,16513,23.010
1360,2629,336.635
1360,17480,52.098
1360,17609,9.879
1361,1001,53.394
1361,1745,26.909
1361,1808,116.546
1362,2235,13.371
1362,2279,109.178
1362,2282,171.432
1363,1310,27.183
1363,1322,87.704
1363,1326,33.614
1364,387,39.214
1364,1353,23.868
1364,1487,23.712
1365,1299,20.034
1365,1329,24.254
1365,16224,109.796
1366,10805,9.317
1366,10813,56.344
1366,12617,16.244
1367,12493,11.124
1368,1371,389.445
1368,10811,67.409
1368,10819,72.184
1369,1372,433.682
1369,10973,72.063
1369,12249,346.741
1370,17752,159.354
1371,1368,389.445
1371,10973,46.633
1371,10974,172.790
1372,1369,433.682
1372,10974,200.171
1372,14682,10.789
1373,10807,31.017
1373,10809,11.331
1373,10811,52.660
1374,1431,19.287
1374,1447,96.059
1374,1539,120.808
1375,9321,34.744
1375,10228,66.768
1375,10714,539.562
1376,263,28.220
1376,1378,45.247
1376,1382,30.561
1377,10598,19.164
1377,10878,6.002
1377,10881,103.954
1378,1376,45.247
1378,11836,125.767
1378,12189,75.833
1379,10804,143.547
1379,10821,20.320
1379,12243,183.536
1380,10055,76.514
1380,10676,176.435
1380,10679,40.834
1380,12231,47.424
1381,1383,88.916
1381,1436,50.465
1382,1376,30.561
1382,12191,135.966
1382,14454,79.815
1383,1381,88.916
1383,1400,62.501
1383,1439,63.746
1384,1391,35.681
1384,1435,46.941
1384,1442,50.360
1385,1390,277.197
1385,1399,71.164
1385,15284,329.206
1386,1420,150.102
1386,10803,50.739
1386,15313,82.698
1387,1391,187.851
1387,1447,80.003
1387,14438,231.469
1388,9320,8.952
1388,9556,285.076
1388,10081,216.262
1389,9657,12.881
1389,10168,86.054
1389,10803,130.866
1390,1385,277.197
1391,1384,35.681
1391,1387,187.851
1391,1419,61.163
1392,10825,164.444
1392,10834,150.573
1392,12231,116.528
1393,9693,70.763
1393,10680,116.515
1393,12233,73.352
1393,12234,173.794
1394,1415,11.039
1394,17647,21.143
1395,484,51.261
1395,1397,66.328
1395,1538,12.226
1396,1413,44.296
1396,10578,100.345
1396,10921,201.852
1397,1395,66.328
1397,1404,63.203
1397,1436,38.129
1399,1385,71.164
1399,1421,34.522
1399,1439,19.192
1400,1383,62.501
1400,1440,41.354
1400,12200,136.184
1401,10609,36.984
1401,10620,150.574
1401,17750,144.397
1402,262,5.319
1402,10688,68.240
1402,10802,75.865
1403,14745,1651.362
1404,1397,63.203
1404,1421,17.898
1404,10054,40.461
1405,12615,157.461
1406,10559,169.067
1406,10562,8.561
1406,10618,33.214
1407,10613,161.073
1407,10650,11.019
1407,10652,46.424
1407,15262,14.773
1408,10564,176.864
1408,13287,31.000
1408,13288,126.908
1409,10840,126.038
1409,12188,38.490
1410,10800,186.155
1410,12620,183.055
1411,10739,28.373
1411,10741,66.849
1411,13287,119.949
1412,476,87.067
1412,12200,105.090
1412,17259,56.915
1413,1396,44.296
1413,10943,37.679
1413,14700,123.289
1414,1535,72.867
1414,1537,25.730
1414,1539,13.604
1415,1394,11.039
1415,10559,64.051
1415,10608,27.481
1416,483,692.201
1416,11537,97.926
1416,17647,77.108
1417,10822,65.161
1417,10823,80.013
1417,11843,94.112
1418,10676,2.885
1418,10830,126.853
1418,16820,95.397
1419,1391,61.163
1419,1421,53.031
1419,1442,55.607
1420,1386,150.102
1420,10802,47.684
1420,12618,417.749
1421,1399,34.522
1421,1404,17.898
1421,1419,53.031
1422,242,97.494
1422,425,142.121
1423,545,75.530
1423,930,47.409
1423,947,118.926
1424,944,88.020
1424,947,66.315
1424,1497,83.210
1424,10043,35.163
1425,421,16.376
1425,1497,95.244
1426,10922,105.144
1426,10941,116.890
1426,10943,37.455
1427,1434,73.503
1427,10851,50.590
1427,11868,29.607
1428,1431,27.718
1428,1443,43.811
1428,1534,22.981
1429,1436,29.686
1430,10586,254.337
1430,10863,12.460
1430,15265,102.197
1431,1374,19.287
1431,1428,27.718
1431,1437,78.828
1432,1440,51.275
1432,10848,46.433
1432,10853,71.684
1433,1438,47.851
1433,10848,24.457
1433,10850,59.983
1434,1427,73.503
1434,11868,58.322
1434,12198,31.129
1435,1384,46.941
1436,1381,50.465
1436,1397,38.129
1436,1429,29.686
1437,1431,78.828
1438,1433,47.851
1438,10849,19.914
1438,10851,60.455
1439,1383,63.746
1439,1399,19.192
1439,10054,31.246
1440,1400,41.354
1440,1432,51.275
1440,10849,47.441
1441,11155,72.866
1442,1384,50.360
1442,1419,55.607
1442,1535,17.478
1443,1428,43.811
1444,10581,36.291
1444,10588,30.188
1444,10592,74.580
1445,1530,63.187
1445,10588,105.460
1445,10594,151.405
1446,10581,29.800
1446,10582,41.854
1446,16967,135.653
1447,1374,102.309
1447,1387,80.003
1447,14439,336.562
1448,942,161.942
1448,951,74.362
1448,1451,159.507
1449,940,62.703
1450,527,56.365
1451,396,91.158
1451,1448,159.507
1452,244,45.518
1452,935,40.775
1452,945,291.117
1453,11680,263.927
1454,14824,12.167
1454,15035,12.372
1455,931,34.363
1455,934,44.918
1455,1458,92.712
1456,1457,154.577
1456,11635,196.621
1457,371,78.808
1457,1456,154.577
1457,11635,55.490
1458,368,192.433
1458,1455,92.712
1459,1466,21.431
1459,1470,53.924
1459,1472,44.859
1460,1462,67.807
1460,1471,34.282
1460,1474,46.471
1461,1467,98.918
1462,1460,67.807
1462,1467,30.050
1462,1468,142.938
1463,385,88.449
1463,1466,31.246
1463,13124,17.266
1464,1060,50.748
1464,1468,128.600
1464,15171,37.888
1465,1473,31.031
1466,1459,21.431
1466,1463,31.246
1466,1469,60.798
1467,1461,98.918
1467,1462,30.050
1467,13124,28.553
1468,1061,36.831
1468,1462,142.938
1468,1464,128.600
1469,1466,60.798
1470,1459,53.924
1471,1059,48.060
1471,1460,34.282
1471,14606,148.041
1472,1459,44.859
1473,1064,42.117
1473,1465,31.031
1473,14608,201.680
1474,1059,36.859
1474,1061,113.333
1474,1460,46.471
1475,1347,19.035
1475,1477,34.083
1475,1478,6.840
1476,16237,33.143
1477,1475,34.083
1477,12217,47.132
1477,13125,61.099
1478,1475,6.840
1478,1481,105.533
1479,1301,44.727
1479,1347,27.073
1479,12217,29.035
1480,1357,85.263
1480,16216,18.979
1481,1344,49.640
1481,1351,25.336
1481,1478,105.533
1482,1349,43.275
1482,16214,46.518
1482,16215,43.324
1483,1285,49.893
1483,1287,32.562
1484,421,101.890
1484,1485,18.033
1484,1497,13.936
1485,930,8.465
1485,1484,18.033
1485,1495,103.374
1486,1274,98.917
1487,1334,24.728
1487,1364,23.712
1487,1498,52.266
1488,16816,51.739
1489,16223,45.730
1490,1287,22.558
1491,1351,69.929
1491,1358,34.141
1491,17031,103.315
1492,1001,73.878
1492,1317,32.562
1492,1326,90.642
1493,1494,47.866
1494,545,51.476
1494,546,32.893
1494,1493,47.866
1494,1496,77.104
1495,547,80.459
1495,1485,103.374
1496,938,30.404
1496,1494,77.104
1497,1424,83.210
1497,1425,95.244
1497,1484,13.936
1498,1487,52.266
1499,949,146.331
1499,12213,23.760
1500,1131,46.648
1500,1507,19.865
1500,1510,90.747
1501,1036,89.825
1501,1503,27.410
1501,1512,69.114
1502,15589,42.795
1502,15596,25.104
1503,998,50.198
1503,1057,21.874
1503,1501,27.410
1504,1511,130.576
1504,16580,77.154
1505,285,69.685
1505,1507,120.115
1506,929,37.599
1506,941,47.161
1506,15140,69.874
1507,1183,54.230
1507,1500,19.865
1507,1505,120.115
1508,1660,66.546
1508,1675,37.779
1509,998,48.281
1510,392,72.689
1510,1500,90.747
1511,1504,130.576
1512,1012,110.410
1512,1501,69.114
1512,14880,116.479
1513,969,165.901
1514,15338,81.527
1515,15508,3.967
1516,1293,111.064
1517,16830,36.688
1518,241,104.361
1518,1190,198.275
1519,1194,42.587
1519,1200,34.772
1519,11608,51.489
1519,14929,57.677
1520,1021,37.744
1520,1527,32.701
1521,1052,35.654
1521,1235,68.612
1521,1522,62.249
1522,1004,38.466
1522,1023,188.069
1522,1521,62.249
1523,1058,38.082
1523,14304,63.607
1524,1246,25.626
1525,1009,38.465
1525,15416,10.694
1526,980,104.579
1526,1009,76.887
1527,1026,43.046
1527,1239,70.945
1527,1520,32.701
1528,16532,14.584
1529,1531,49.428
1529,1532,53.767
1529,1540,35.008
1530,1445,63.187
1530,15284,196.742
1530,16967,10.471
1531,475,59.672
1531,484,57.970
1531,1529,49.428
1532,1529,53.767
1532,1540,93.132
1532,17041,23.562
1533,17256,222.711
1533,17258,338.838
1534,1428,22.981
1535,1414,72.867
1535,1442,17.478
1535,1537,84.610
1536,15283,69.352
1537,1414,25.730
1537,1535,84.610
1537,1538,28.859
1538,1395,12.226
1538,1537,28.859
1538,17042,37.010
1539,1374,120.808
1539,1414,13.604
1539,16738,42.600
1540,1529,35.008
1540,1532,93.132
1541,14829,113.947
1542,1102,65.294
1542,17250,35.990
1543,936,58.321
1544,945,58.178
1545,1111,69.100
1545,1548,47.622
1546,1093,19.602
1546,1102,125.435
1546,1547,110.895
1547,1102,47.067
1547,1117,27.976
1547,1546,110.895
1548,940,60.285
1548,1545,47.622
1548,17772,80.532
1549,15668,57.751
1549,17223,212.457
1549,17835,62.137
1550,123,141.706
1550,1555,68.352
1550,1561,51.625
1551,1071,121.450
1552,15614,38.690
1553,15034,11.451
1554,313,161.580
1554,1556,49.862
1554,1558,59.929
1555,1550,68.352
1555,1556,95.429
1555,1561,65.740
1556,1555,95.429
1556,1558,54.659
1557,1559,45.357
1557,16394,43.172
1558,1554,59.929
1558,12477,177.178
1559,401,15.261
1559,1557,45.357
1560,1070,47.575
1560,12474,72.952
1560,15606,10.163
1561,406,41.736
1561,1550,51.625
1561,1555,65.740
1562,512,50.064
1562,1578,85.479
1562,13144,190.892
1563,1149,47.828
1563,1178,22.966
1563,1564,117.224
1564,1176,43.400
1564,1177,27.985
1564,1563,117.224
1564,1600,37.758
1565,1126,52.900
1565,1179,46.821
1565,1600,39.677
1565,1607,28.113
1566,1119,61.299
1566,1138,80.709
1566,1163,8.438
1567,514,57.148
1567,515,49.605
1567,1574,80.029
1568,505,83.608
1568,511,121.700
1568,1569,110.865
1568,1578,81.798
1569,506,57.767
1569,1568,110.865
1569,15609,103.975
1570,1136,38.243
1570,1571,36.160
1570,17190,76.770
1571,1168,55.364
1571,1570,36.160
1571,13142,35.201
1571,15610,30.267
1572,505,66.208
1572,1166,37.951
1572,1575,35.231
1573,1156,72.532
1573,1162,23.881
1573,1579,68.829
1574,492,74.200
1574,1567,80.029
1574,1576,64.058
1575,1572,35.231
1576,511,54.415
1576,1574,64.058
1577,1579,17.063
1578,513,73.654
1578,1562,85.479
1578,1568,81.798
1579,486,28.994
1579,1573,68.829
1579,1577,17.063
1580,17027,102.506
1580,17028,83.575
1581,3848,521.964
1581,3851,87.014
1583,17732,19.351
1584,353,285.673
1585,1587,135.223
1585,11866,169.508
1586,3977,124.060
1586,13496,7.822
1587,1585,135.223
1587,3961,177.924
1588,1583,64.887
1588,1589,90.513
1589,3970,17.244
1589,11866,86.319
1590,1126,30.978
1590,1599,8.457
1590,1607,49.281
1591,269,32.702
1591,1603,157.391
1591,1890,25.661
1592,1129,36.517
1592,1140,61.347
1592,1596,16.745
1593,1130,46.311
1593,1603,40.736
1594,1171,27.295
1594,1173,4.500
1594,16923,72.926
1595,1597,53.626
1596,1130,161.459
1596,1592,16.745
1596,1603,164.654
1597,1174,26.714
1597,1595,53.626
1597,1602,29.295
1598,1175,81.736
1599,1134,47.410
1599,1590,8.457
1599,1602,79.649
1600,1124,30.729
1600,1564,37.758
1600,1565,39.677
1601,1180,59.790
1601,1182,48.517
1601,1892,64.014
1602,1150,53.699
1602,1597,29.295
1602,1599,79.649
1603,1591,157.391
1603,1593,40.736
1603,1596,164.654
1604,1118,68.196
1604,1133,58.581
1604,1155,45.576
1605,1177,43.512
1605,1178,63.655
1605,1606,55.131
1606,1137,41.300
1606,1145,64.932
1606,1605,55.131
1607,1121,5.231
1607,1565,28.113
1607,1590,49.281
1608,1615,27.060
1608,1628,39.067
1608,1682,43.698
1609,1627,24.257
1610,1612,48.836
1610,1622,82.633
1610,1643,62.235
1611,1634,94.414
1611,1643,57.753
1611,17449,49.920
1612,1610,48.836
1612,1672,65.525
1613,1645,16.339
1613,1659,67.931
1613,1668,107.804
1614,410,250.047
1614,1684,86.044
1615,1608,27.060
1615,1617,33.366
1615,1683,54.319
1616,1656,72.333
1617,1615,33.366
1617,1628,28.180
1617,1666,25.216
1618,270,93.778
1618,1680,32.428
1619,1636,74.926
1620,1665,260.465
1620,1705,97.653
1621,1648,29.092
1621,1661,60.350
1621,14900,43.076
1622,1610,82.633
1622,1624,53.016
1622,1672,72.019
1623,1683,37.014
1624,1622,53.016
1624,1670,103.272
1624,1676,8.000
1625,1634,44.867
1625,1646,112.012
1626,1681,69.831
1626,1688,47.839
1626,12185,10.141
1627,1609,24.257
1627,1641,56.368
1627,1667,16.031
1628,1608,39.067
1628,1617,28.180
1628,1679,75.315
1629,410,211.185
1629,1685,55.377
1630,991,59.283
1630,9464,83.051
1631,1643,133.528
1631,1685,92.083
1632,1635,56.637
1633,1651,54.298
1633,1663,40.210
1633,1678,92.896
1634,1611,94.414
1634,1625,44.867
1634,1638,132.516
1634,1643,43.360
1635,1632,56.637
1635,16886,39.337
1636,1619,74.926
1636,1669,30.620
1636,16586,9.355
1637,1640,42.949
1637,16886,60.893
1638,1634,132.516
1638,1646,18.935
1638,1671,64.556
1639,1660,83.006
1640,1637,42.949
1640,1653,18.445
1640,1666,35.249
1641,1627,56.368
1641,1670,20.791
1641,16588,39.321
1642,1673,28.819
1642,1682,163.285
1643,1610,62.235
1643,1611,57.753
1643,1631,133.528
1643,1634,43.360
1644,1688,65.326
1645,1613,16.339
1645,1656,44.806
1645,1667,40.062
1646,1629,78.362
1646,1638,18.935
1647,1656,16.685
1647,15392,25.452
1647,16585,111.063
1648,1621,29.092
1648,15304,54.178
1648,15805,54.263
1649,15699,48.053
1650,1688,31.868
1651,1633,54.298
1652,1160,37.700
1652,1672,95.000
1653,1640,18.445
1653,1662,62.905
1653,1683,58.948
1654,12186,58.347
1654,16914,34.293
1655,991,124.002
1655,1665,98.085
1656,1616,72.333
1656,1645,44.806
1656,1647,16.685
1657,15805,44.865
1658,1663,41.391
1658,1689,30.575
1659,1613,67.931
1659,1676,41.059
1659,1686,102.437
1660,1508,66.546
1660,1639,83.006
1660,1684,30.754
1661,1621,60.350
1661,15777,26.382
1661,15805,31.752
1662,1653,62.905
1663,1633,40.210
1663,1658,41.391
1663,1670,97.425
1663,1683,84.375
1664,16892,31.087
1665,1620,260.465
1665,1655,98.085
1665,1684,21.177
1666,1617,25.216
1666,1640,35.249
1667,1627,16.031
1667,1645,40.062
1667,1676,82.186
1668,1613,107.804
1668,1686,40.416
1669,1636,30.620
1669,16594,6.136
1670,1624,103.272
1670,1641,20.791
1670,1663,97.425
1671,1638,64.556
1672,1612,65.525
1672,1622,72.019
1672,1652,95.000
1673,1618,51.411
1673,1677,115.770
1673,1691,47.000
1674,1679,37.479
1674,12186,40.840
1674,16763,45.076
1675,239,34.829
1676,1624,8.000
1676,1659,41.059
1676,1667,82.186
1677,1673,115.770
1677,15699,31.278
1678,1633,92.896
1678,1849,70.561
1678,1862,81.161
1679,1628,75.315
1679,1674,37.479
1680,1618,32.428
1681,1626,69.831
1682,1608,43.698
1682,1642,163.285
1682,16892,23.955
1683,1615,54.319
1683,1623,37.014
1683,1653,58.948
1683,1663,84.375
1684,1614,86.044
1684,1660,30.754
1684,1665,21.177
1685,1629,55.377
1685,1631,92.083
1685,16886,27.404
1686,1593,4.488
1686,1659,102.437
1687,16892,18.085
1688,1626,47.839
1688,1644,65.326
1688,1650,31.868
1689,1658,30.575
1689,15699,37.420
1690,16693,52.748
1691,1673,47.000
1691,1697,75.859
1691,16914,107.331
1692,1696,27.370
1692,1724,32.409
1692,1739,50.358
1693,1696,37.062
1693,1722,138.865
1693,1726,16.031
1694,1705,54.303
1694,1718,107.912
1694,16691,69.485
1695,1720,217.062
1695,1728,61.319
1695,16691,29.573
1696,1692,27.370
1696,1693,37.062
1696,16918,40.298
1697,1691,75.859
1697,1706,66.390
1697,1712,109.545
1697,1715,57.209
1698,1704,25.765
1698,15799,87.939
1698,15819,47.711
1699,1714,23.130
1699,1719,38.108
1699,1724,86.867
1700,291,100.152
1700,1742,92.014
1700,1951,25.717
1701,1727,75.725
1701,1735,54.556
1701,17592,8.944
1702,14901,92.369
1703,1714,83.919
1703,1717,26.439
1703,1724,51.841
1703,1727,50.944
1704,1698,25.765
1704,14578,163.116
1705,1694,54.303
1705,9463,114.638
1706,1697,66.390
1706,1715,80.391
1706,14895,15.924
1707,1719,41.338
1707,1737,22.714
1707,16692,31.104
1708,1733,112.800
1708,1736,38.054
1708,1737,25.785
1709,290,222.267
1709,1722,126.965
1709,16693,45.305
1710,1912,6.980
1710,14894,82.879
1710,17592,28.615
1711,1741,29.618
1712,1697,109.545
1713,1706,21.472
1713,14894,13.890
1714,1699,23.130
1714,1703,83.919
1714,1721,37.504
1715,1697,57.209
1715,14901,21.248
1716,1718,88.819
1716,16691,77.225
1716,17434,11.142
1717,1703,26.439
1717,1735,32.694
1717,1740,51.635
1718,1694,107.912
1718,9463,29.771
1718,17248,8.821
1719,1699,38.108
1719,1707,41.338
1719,14897,11.502
1720,1654,19.533
1720,1695,217.062
1721,1714,37.504
1721,14896,61.246
1722,1693,138.865
1722,1709,126.965
1722,1733,67.945
1723,1727,12.990
1723,14896,33.621
1724,1692,32.409
1724,1699,86.867
1724,1703,51.841
1724,1740,14.447
1725,1316,47.179
1725,1767,48.551
1725,1772,30.169
1726,1693,16.031
1726,1734,57.340
1726,15826,40.556
1727,1701,75.725
1727,1703,50.944
1727,1723,12.990
1727,14895,58.614
1728,1695,61.319
1728,1716,112.603
1728,14897,19.870
1729,1737,50.590
1730,1732,244.206
1730,11970,92.557
1730,17592,3.452
1731,1738,230.482
1731,1769,45.508
1731,1772,11.140
1732,291,150.545
1732,1730,244.206
1732,1734,128.800
1733,1708,112.800
1733,1722,67.945
1733,15799,69.829
1734,1726,57.340
1734,1732,128.800
1734,15826,23.709
1735,1701,54.556
1735,1717,32.694
1735,1741,64.814
1736,1708,38.054
1737,1707,22.714
1737,1708,25.785
1737,1729,50.590
1738,291,164.564
1738,1731,230.482
1738,16693,24.243
1739,1692,50.358
1740,1717,51.635
1740,1724,14.447
1740,1741,13.032
1741,1711,29.618
1741,1735,64.814
1741,1740,13.032
1742,1700,92.014
1742,1743,46.567
1742,1946,93.151
1743,1742,46.567
1743,1760,99.257
1743,1771,107.744
1744,1747,10.182
1744,1748,44.591
1744,1754,33.697
1745,1343,71.001
1745,1361,26.909
1745,1752,57.733
1746,1319,172.995
1746,1749,42.314
1747,1744,10.182
1747,1753,82.222
1747,1766,63.554
1748,1744,44.591
1748,1750,40.875
1748,1762,10.144
1749,1746,42.314
1749,15312,39.564
1749,16198,90.806
1750,1748,40.875
1750,1754,44.564
1750,16198,3.206
1751,16694,49.512
1752,1745,57.733
1753,1319,183.307
1753,1747,82.222
1753,1757,103.302
1754,1744,33.697
1754,1750,44.564
1755,1756,58.469
1756,1343,18.607
1756,1755,58.469
1756,1757,68.494
1757,1753,103.302
1757,1756,68.494
1757,1804,68.869
1758,1759,26.592
1758,1766,39.683
1758,1781,75.103
1759,1758,26.592
1759,1765,31.035
1759,1784,73.369
1760,1743,99.257
1760,1775,84.348
1760,12107,6.624
1761,1776,40.804
1761,1780,16.563
1762,1316,86.829
1762,1748,10.144
1762,17021,57.515
1763,1775,32.224
1763,1776,11.600
1763,1779,32.878
1764,1769,58.807
1764,1770,34.444
1764,1780,27.856
1765,1759,31.035
1765,1773,25.297
1765,1776,61.061
1766,1747,63.554
1766,1758,39.683
1766,17020,32.163
1767,1725,48.551
1768,17017,15.157
1768,17020,81.074
1769,1731,45.508
1769,1764,58.807
1769,1771,37.265
1770,1764,34.444
1771,1743,107.744
1771,1769,37.265
1771,1779,84.897
1772,1725,30.169
1772,1731,11.140
1772,17017,55.146
1773,1765,25.297
1773,1775,137.527
1773,1783,30.482
1774,1783,91.154
1774,1785,38.320
1774,1805,22.395
1775,1760,84.348
1775,1763,32.224
1775,1773,137.527
1776,1761,40.804
1776,1763,11.600
1776,1765,61.061
1777,1778,59.196
1778,1332,163.385
1778,1777,59.196
1778,12107,50.328
1779,1763,32.878
1779,1771,84.897
1779,1780,36.505
1780,1761,16.563
1780,1764,27.856
1780,1779,36.505
1781,1758,75.103
1781,1782,83.139
1781,1784,20.936
1782,1781,83.139
1782,1804,28.169
1782,1805,28.696
1782,1811,90.558
1783,1773,30.482
1783,1774,91.154
1783,1785,126.309
1784,1759,73.369
1784,1781,20.936
1784,1786,19.585
1785,1332,109.558
1785,1774,38.320
1785,1783,126.309
1786,1784,19.585
1787,1796,13.328
1787,1815,29.456
1788,1791,41.642
1788,1813,52.684
1788,14903,79.750
1789,1790,49.455
1789,1814,105.792
1789,1820,15.540
1790,1789,49.455
1790,1816,62.189
1790,1979,16.351
1791,1788,41.642
1791,1808,60.499
1791,14902,70.348
1792,1820,60.868
1793,1819,6.695
1794,1806,95.897
1794,1812,18.406
1794,1820,20.533
1795,1813,48.247
1796,1787,13.328
1796,1809,54.097
1796,1812,40.722
1797,1802,30.997
1797,14904,111.446
1797,14905,71.728
1798,1799,17.012
1798,1815,17.121
1798,14909,28.770
1799,1798,17.012
1799,1821,32.898
1799,17619,28.167
1800,1801,7.879
1800,1810,33.481
1800,14908,104.354
1801,1800,7.879
1801,1805,168.551
1801,1814,26.017
1802,1797,30.997
1802,1810,13.255
1802,1811,115.027
1803,1821,10.470
1804,1757,68.869
1804,1782,28.169
1804,1811,58.454
1805,1774,22.395
1805,1782,28.696
1805,1801,168.551
1806,1794,95.897
1806,1819,12.409
1806,1821,23.377
1807,1050,104.735
1807,14907,17.593
1808,1791,60.499
1808,16508,62.263
1809,271,93.223
1809,1796,54.097
1809,1816,41.140
1809,1999,33.133
1810,1800,33.481
1810,1802,13.255
1810,14907,90.412
1811,1782,90.558
1811,1802,115.027
1811,1804,58.454
1812,1794,18.406
1812,1796,40.722
1812,1816,56.229
1813,1343,81.445
1813,1788,52.684
1813,1795,48.247
1814,1789,105.792
1814,1801,26.017
1814,17619,105.894
1815,1787,29.456
1815,1798,17.121
1815,1819,23.639
1816,1790,62.189
1816,1809,41.140
1816,1812,56.229
1816,1983,32.787
1817,14903,16.774
1817,17138,40.176
1818,14906,49.230
1819,1793,6.695
1819,1806,12.409
1819,1815,23.639
1820,1789,15.540
1820,1792,60.868
1820,1794,20.533
1821,1799,32.898
1821,1803,10.470
1821,1806,23.377
1822,1857,93.448
1823,1830,67.286
1823,1842,73.287
1823,15743,64.697
1824,1836,67.283
1824,1845,22.504
1824,16604,27.824
1825,1834,54.726
1825,1882,22.039
1825,1900,13.020
1826,1837,40.989
1826,1856,57.635
1826,1860,125.644
1827,1837,51.380
1827,1838,52.670
1827,1853,21.290
1828,1834,25.584
1828,1851,54.885
1828,1857,62.495
1829,1836,22.397
1829,1859,37.958
1829,15742,48.320
1830,1823,67.286
1830,1843,62.312
1830,1846,62.839
1831,1862,32.357
1831,15752,26.536
1831,16595,56.614
1832,1849,7.572
1832,1863,55.462
1832,15728,20.587
1833,16594,97.424
1834,1825,54.726
1834,1828,25.584
1835,1859,39.323
1836,1824,67.283
1836,1829,22.397
1836,1850,32.581
1837,1826,40.989
1837,1827,51.380
1837,1857,70.093
1838,1827,52.670
1838,1853,54.580
1838,1861,49.787
1839,1841,33.721
1840,1858,16.802
1841,1839,33.721
1841,1858,64.546
1841,1861,6.586
1842,1823,73.287
1842,1860,40.393
1842,13111,39.594
1843,1830,62.312
1843,1844,28.540
1843,1858,41.752
1844,1843,28.540
1845,1824,22.504
1846,1830,62.839
1846,15293,48.882
1847,1855,116.866
1847,15887,38.089
1847,17452,52.803
1848,1852,64.383
1848,1853,80.921
1848,1854,24.512
1849,1678,70.561
1849,1832,7.572
1849,16595,66.404
1850,1836,32.581
1850,1858,92.243
1850,1859,25.582
1851,1828,54.885
1851,1884,46.891
1851,1900,10.176
1852,1848,64.383
1852,15392,49.264
1853,1827,21.290
1853,1838,54.580
1853,1848,80.921
1854,1848,24.512
1855,1847,116.866
1855,1882,104.552
1855,17745,158.419
1856,1826,57.635
1857,1822,93.448
1857,1828,62.495
1857,1837,70.093
1858,1840,16.802
1858,1841,64.546
1858,1843,41.752
1858,1850,92.243
1859,1829,37.958
1859,1835,39.323
1859,1850,25.582
1860,1826,125.644
1860,1842,40.393
1860,15887,26.460
1861,1838,49.787
1861,1841,6.586
1861,16595,50.698
1862,1669,41.076
1862,1831,32.357
1863,1832,55.462
1863,15738,37.895
1863,15742,17.573
1864,217,39.573
1864,1873,31.138
1864,16778,16.653
1865,1846,18.304
1866,1867,43.334
1866,1870,71.170
1866,2788,50.833
1867,1866,43.334
1867,1868,40.730
1867,14870,58.457
1868,217,80.681
1868,219,48.416
1868,1867,40.730
1869,216,42.135
1869,1872,4.961
1869,14890,56.590
1870,1866,71.170
1870,2784,65.895
1870,9307,16.087
1871,14994,140.698
1872,1869,4.961
1873,1864,31.138
1873,14847,45.120
1873,16887,33.463
1874,15698,22.421
1874,16741,43.102
1875,1880,42.864
1876,1152,34.858
1876,1182,68.342
1876,1878,85.061
1877,1883,8.254
1877,15584,25.650
1878,1876,85.061
1878,1892,90.341
1878,1893,35.589
1879,1885,92.093
1879,1891,42.434
1879,1901,79.453
1880,1875,42.864
1880,1883,94.440
1880,16593,85.648
1881,1885,39.595
1881,1886,34.923
1881,13112,36.385
1882,1825,22.039
1882,1855,104.552
1882,1897,146.171
1883,1877,8.254
1883,1880,94.440
1883,1889,49.236
1884,1851,46.891
1884,1888,253.156
1884,1898,38.044
1885,1879,92.093
1885,1881,39.595
1885,1898,83.416
1886,1881,34.923
1886,1887,78.853
1886,1894,89.676
1887,1886,78.853
1887,1891,34.268
1887,1893,12.522
1888,1884,253.156
1888,1889,57.671
1888,1901,21.593
1889,1883,49.236
1889,1888,57.671
1889,1895,63.102
1890,1154,46.927
1890,1591,25.661
1890,1896,24.756
1891,1879,42.434
1891,1887,34.268
1891,16591,23.629
1892,1154,22.251
1892,1601,64.014
1892,1878,90.341
1893,1152,78.113
1893,1878,35.589
1893,1887,12.522
1894,1886,89.676
1894,1898,72.503
1894,16590,20.904
1895,1889,63.102
1895,1904,12.465
1895,14869,153.604
1896,1890,24.756
1897,1882,146.171
1898,1884,38.044
1898,1885,83.416
1898,1894,72.503
1899,1901,42.639
1899,1905,100.277
1900,1825,13.020
1900,1851,10.176
1900,15584,182.023
1901,1879,79.453
1901,1888,21.593
1901,1899,42.639
1902,538,93.708
1902,543,78.280
1902,1903,318.217
1903,1902,318.217
1903,13114,61.849
1903,14868,138.534
1904,1895,12.465
1904,1906,47.282
1904,1907,40.020
1905,1152,55.018
1905,1899,100.277
1906,1904,47.282
1906,15582,35.748
1906,17432,30.283
1907,1904,40.020
1908,1920,68.869
1908,1942,34.267
1908,11970,95.521
1909,1910,117.079
1909,1916,167.596
1909,1921,100.285
1910,1909,117.079
1910,1942,43.030
1910,17832,43.399
1911,1918,48.451
1911,10061,60.561
1911,14684,69.666
1912,1710,6.980
1912,10061,52.404
1912,14893,88.372
1913,1917,78.160
1914,11971,92.131
1915,215,103.627
1915,1921,169.193
1916,1909,167.596
1916,1919,46.246
1916,15676,37.477
1917,1913,78.160
1917,1920,43.991
1917,11971,19.422
1918,1911,48.451
1919,1916,46.246
1919,17125,55.560
1920,1908,68.869
1920,1917,43.991
1920,1921,49.106
1921,1909,100.285
1921,1915,169.193
1921,1920,49.106
1922,1927,69.518
1923,1925,68.726
1923,1935,57.538
1923,1939,139.252
1924,1929,34.557
1924,1935,206.687
1924,1937,53.526
1925,1923,68.726
1925,1938,176.661
1925,1952,18.318
1926,1941,59.845
1927,1922,69.518
1927,1929,53.814
1927,1930,73.649
1928,1937,42.237
1928,1943,112.766
1928,14849,37.894
1929,1924,34.557
1929,1927,53.814
1929,1934,42.828
1930,1927,73.649
1930,1938,62.687
1930,1942,101.720
1931,15734,42.084
1932,1934,60.759
1932,1936,102.449
1932,1937,11.539
1933,1937,112.354
1934,1929,42.828
1934,1932,60.759
1934,1944,98.705
1935,1923,57.538
1935,1924,206.687
1935,14850,114.127
1936,1932,102.449
1936,1943,43.274
1936,17831,41.251
1937,1924,53.526
1937,1928,42.237
1937,1932,11.539
1937,1933,112.354
1938,1925,176.661
1938,1930,62.687
1938,1940,263.296
1939,1923,139.252
1940,1938,263.296
1940,1952,112.362
1940,1953,18.122
1941,1926,59.845
1942,1908,34.267
1942,1910,43.030
1942,1930,101.720
1943,1928,112.766
1943,1936,43.274
1943,14848,41.903
1944,1934,98.705
1944,17831,14.217
1944,17832,48.989
1945,1947,20.849
1945,1948,17.504
1945,14853,273.001
1946,1742,93.151
1946,1950,125.727
1946,1955,69.204
1947,1945,20.849
1947,1962,48.009
1947,12108,73.112
1948,1945,17.504
1948,1958,49.583
1948,1961,36.734
1949,1958,54.232
1949,1965,33.315
1949,1980,10.481
1950,1946,125.727
1950,1963,35.541
1950,12108,17.146
1951,1700,25.717
1951,1953,102.588
1952,1925,18.318
1952,1940,112.362
1952,1959,127.413
1953,291,57.374
1953,1940,18.122
1953,1951,102.588
1954,1993,39.709
1954,17578,84.198
1955,1946,69.204
1955,1959,71.227
1955,1960,86.760
1955,14348,25.614
1956,1958,27.873
1957,1960,111.822
1957,1962,32.265
1957,14852,203.219
1958,1948,49.583
1958,1949,54.232
1958,1956,27.873
1959,1952,127.413
1959,1955,71.227
1959,17456,46.109
1960,1955,86.760
1960,1957,111.822
1960,14851,224.834
1961,1948,36.734
1962,1947,48.009
1962,1957,32.265
1962,1963,83.686
1963,1950,35.541
1963,1962,83.686
1964,13351,154.529
1965,1949,33.315
1965,1968,41.018
1965,1970,138.243
1966,271,36.942
1966,1969,84.604
1966,1973,10.596
1967,1996,29.126
1968,1965,41.018
1968,1993,48.911
1968,2000,66.179
1969,1966,84.604
1970,1965,138.243
1970,1982,10.080
1970,1997,52.243
1971,1988,63.063
1971,1996,24.669
1971,1997,11.248
1972,1989,47.947
1973,1966,10.596
1973,1984,55.914
1973,2002,62.183
1974,13475,90.226
1975,1981,40.867
1975,1999,48.866
1975,17620,25.645
1976,1991,69.123
1977,1979,45.915
1977,1980,131.082
1977,1982,39.254
1977,1987,40.874
1978,1984,19.304
1978,13474,20.892
1979,1332,129.230
1979,1790,16.351
1979,1977,45.915
1980,1332,51.288
1980,1949,10.481
1980,1977,131.082
1981,1975,40.867
1981,1986,31.968
1981,1990,25.303
1982,1970,10.080
1982,1977,39.254
1982,1998,27.357
1983,1816,32.787
1983,1999,39.069
1984,1973,55.914
1984,1978,19.304
1984,17620,134.577
1985,1989,29.057
1985,1995,40.169
1985,17620,35.582
1986,1981,31.968
1987,1977,40.874
1988,1971,63.063
1988,1996,57.793
1988,13352,69.514
1989,1972,47.947
1989,1985,29.057
1989,1992,20.194
1990,1981,25.303
1990,1998,28.257
1991,1976,69.123
1991,1993,51.586
1991,17009,63.002
1992,1989,20.194
1992,1994,52.190
1992,13366,65.959
1993,1954,39.709
1993,1968,48.911
1993,1991,51.586
1994,1992,52.190
1995,1985,40.169
1996,1967,29.126
1996,1971,24.669
1996,1988,57.793
1996,1998,72.277
1997,1970,52.243
1997,1971,11.248
1997,2000,95.773
1998,1982,27.357
1998,1990,28.257
1998,1996,72.277
1999,1809,33.133
1999,1975,48.866
1999,1983,39.069
2000,1968,66.179
2000,1997,95.773
2001,2022,28.423
2001,2035,81.693
2001,16997,28.075
2002,1973,62.183
2002,2023,110.083
2002,13106,30.221
2003,2027,142.227
2003,2041,58.415
2003,16997,58.275
2004,2024,120.066
2004,2026,57.973
2004,10033,68.494
2005,2011,23.928
2005,2020,44.331
2005,2040,60.542
2006,1017,126.677
2006,2207,43.318
2006,2225,29.564
2006,13356,162.904
2007,2015,48.198
2008,2011,62.181
2008,2032,40.720
2008,2045,54.334
2008,17458,48.185
2009,2068,11.480
2009,2113,122.602
2009,2225,110.215
2010,2018,36.922
2010,2021,42.183
2010,2029,46.682
2010,2039,48.230
2011,2005,23.928
2011,2008,62.181
2011,2120,5.900
2012,2032,38.101
2012,13108,10.694
2013,271,66.969
2014,1807,58.802
2014,2027,80.265
2014,17587,17.975
2015,2007,48.198
2015,2021,25.001
2015,2026,25.659
2016,2028,53.438
2017,2074,62.547
2017,2171,40.266
2017,2173,45.219
2018,2010,36.922
2018,2025,48.458
2018,2038,58.576
2019,431,4.102
2019,2022,121.506
2019,2109,55.700
2020,2005,44.331
2020,2021,72.364
2020,2033,6.735
2021,2010,42.183
2021,2015,25.001
2021,2020,72.364
2022,2001,28.423
2022,2019,121.506
2022,2100,74.219
2022,2123,82.935
2023,2002,110.083
2023,13107,36.611
2023,13450,34.859
2024,2004,120.066
2025,2018,48.458
2025,2039,33.380
2025,2042,21.327
2026,2004,57.973
2026,2015,25.659
2026,2029,42.200
2027,1025,127.053
2027,2003,142.227
2027,2014,80.265
2027,2034,71.981
2028,2016,53.438
2029,2010,46.682
2029,2026,42.200
2029,2039,98.395
2030,2591,67.708
2030,13356,10.988
2031,2045,4.298
2031,13107,54.066
2031,13364,99.344
2032,2008,40.720
2032,2012,38.101
2032,2033,49.340
2033,2020,6.735
2033,2032,49.340
2033,13106,47.144
2034,1050,81.341
2034,14298,41.866
2035,2001,81.693
2035,2042,62.115
2035,16997,72.102
2036,13450,6.248
2036,13475,13.720
2037,2073,45.032
2037,2113,21.005
2037,2132,59.565
2038,431,45.371
2038,2018,58.576
2038,2097,57.150
2038,2120,109.164
2039,2010,48.230
2039,2025,33.380
2039,2029,98.395
2039,2041,70.335
2040,2005,60.542
2041,2003,58.415
2041,2039,70.335
2041,16998,34.099
2042,431,44.114
2042,2025,21.327
2042,2035,62.115
2043,2095,93.195
2044,2085,23.124
2044,2098,46.437
2044,2115,26.900
2044,2116,42.168
2045,2008,54.334
2045,2031,4.298
2045,2056,43.333
2046,2063,100.055
2046,2096,26.464
2046,2126,46.588
2047,2096,135.896
2048,430,45.035
2048,2114,89.756
2048,2129,39.718
2049,2097,35.188
2050,1047,77.857
2050,2065,75.423
2050,2124,16.581
2051,2058,66.579
2051,2063,66.073
2051,2083,42.825
2052,2064,34.797
2052,2067,57.014
2052,2092,32.702
2053,2071,5.889
2053,2094,29.634
2053,2114,38.107
2054,2062,102.311
2055,2128,75.967
2056,2045,43.333
2056,2057,13.871
2056,2110,98.448
2057,2056,13.871
2057,13350,39.158
2057,13363,111.762
2058,2051,66.579
2058,2059,68.315
2058,2123,7.208
2059,2058,68.315
2059,2112,52.728
2059,14302,35.077
2060,2068,53.866
2061,2083,56.515
2061,2089,54.992
2061,2097,33.617
2062,2054,102.311
2062,2065,19.858
2062,2118,53.218
2063,2046,100.055
2063,2051,66.073
2063,2072,32.765
2064,2052,34.797
2064,2082,67.110
2064,2084,12.727
2065,2050,75.423
2065,2062,19.858
2065,2094,102.718
2066,2107,49.160
2067,2052,57.014
2067,2098,32.035
2067,13360,102.927
2068,2009,11.480
2068,2060,53.866
2068,2171,40.327
2069,996,153.853
2069,1047,34.172
2069,2133,35.013
2070,2093,25.360
2070,13349,40.894
2071,2053,5.889
2071,2099,66.331
2071,2129,87.894
2072,2063,32.765
2072,2077,39.848
2072,2089,70.934
2073,2037,45.032
2073,2078,56.905
2073,2133,19.657
2074,2017,62.547
2074,2080,71.417
2074,2084,19.837
2075,2082,35.252
2075,2089,58.200
2075,2111,51.293
2076,2091,19.724
2076,2112,73.730
2076,2123,43.429
2077,2072,39.848
2077,2111,19.652
2077,2126,69.170
2078,2073,56.905
2078,2086,87.711
2078,2090,53.892
2078,2101,64.858
2079,2101,20.589
2079,2113,41.193
2079,2117,80.607
2080,2074,71.417
2080,2081,22.865
2080,2126,63.323
2081,2080,22.865
2081,2082,11.259
2081,2111,95.650
2082,2064,67.110
2082,2075,35.252
2082,2081,11.259
2083,2051,42.825
2083,2061,56.515
2083,2109,35.714
2084,2064,12.727
2084,2074,19.837
2084,2107,24.333
2085,2044,23.124
2085,2104,37.670
2085,2128,75.544
2086,2078,87.711
2086,2103,37.850
2086,14302,13.826
2087,2095,32.261
2087,2106,93.602
2087,17458,41.121
2088,2122,54.921
2089,2061,54.992
2089,2072,70.934
2089,2075,58.200
2089,2104,66.813
2090,1047,21.213
2090,2078,53.892
2090,2118,47.942
2091,2076,19.724
2091,2099,7.760
2091,2100,74.068
2092,2052,32.702
2092,2098,58.621
2092,2104,39.011
2093,2070,25.360
2093,2108,20.914
2093,2115,54.929
2094,2053,29.634
2094,2065,102.718
2094,2127,99.561
2095,2043,93.195
2095,2087,32.261
2095,2116,21.475
2096,2046,26.464
2096,2047,135.896
2096,2101,8.240
2097,2038,57.150
2097,2049,35.188
2097,2061,33.617
2097,2109,57.498
2098,2044,46.437
2098,2067,32.035
2098,2092,58.621
2098,2102,15.935
2099,2071,66.331
2099,2091,7.760
2099,2125,137.979
2100,1275,29.489
2100,2022,74.219
2100,2091,74.068
2101,2078,64.858
2101,2079,20.589
2101,2096,8.240
2102,2098,15.935
2102,2108,51.960
2103,2086,37.850
2104,2085,37.670
2104,2089,66.813
2104,2092,39.011
2105,2673,118.898
2105,2697,106.726
2106,2087,93.602
2107,2066,49.160
2107,2084,24.333
2107,2122,37.146
2108,2093,20.914
2108,2102,51.960
2108,13361,43.498
2109,2019,55.700
2109,2083,35.714
2109,2097,57.498
2110,2056,98.448
2111,2075,51.293
2111,2077,19.652
2111,2081,95.650
2112,2059,52.728
2112,2076,73.730
2112,14301,40.377
2113,2009,122.602
2113,2037,21.005
2113,2079,41.193
2114,2048,89.756
2114,2053,38.107
2114,2119,41.310
2115,2044,26.900
2115,2093,54.929
2116,2044,42.168
2116,2095,21.475
2116,13362,121.202
2117,2079,80.607
2118,2062,53.218
2118,2090,47.942
2118,14301,48.232
2119,1229,21.862
2119,1244,37.727
2119,2114,41.310
2120,2011,5.900
2120,2038,109.164
2120,2128,82.029
2121,2124,112.001
2121,2127,9.678
2122,2088,54.921
2122,2107,37.146
2122,13359,83.820
2123,2022,82.935
2123,2058,7.208
2123,2076,43.429
2124,279,42.830
2124,2050,16.581
2124,2121,112.001
2125,2099,137.979
2126,2046,46.588
2126,2077,69.170
2126,2080,63.323
2127,2094,99.561
2127,2121,9.678
2128,2055,75.967
2128,2085,75.544
2128,2120,82.029
2129,1275,9.931
2129,2048,39.718
2129,2071,87.894
2130,2142,9.486
2130,2160,33.011
2130,2217,92.967
2131,2191,15.755
2132,1017,68.045
2132,2037,59.565
2132,2133,125.161
2133,2069,35.013
2133,2073,19.657
2133,2132,125.161
2134,2145,68.528
2134,2146,69.065
2134,2169,64.309
2135,984,93.384
2135,2159,51.548
2135,2184,13.632
2136,438,48.612
2136,2226,62.365
2136,2537,6.545
2137,2210,38.478
2137,2214,40.948
2138,2142,18.828
2139,2156,122.059
2139,2212,58.157
2139,2256,18.084
2140,2632,35.929
2140,13355,10.224
2141,437,49.549
2141,2159,115.641
2141,2194,62.299
2142,2130,9.486
2142,2138,18.828
2142,2206,47.913
2143,2144,87.724
2143,2194,22.640
2143,2537,41.687
2144,2143,87.724
2145,2134,68.528
2145,2188,28.241
2145,2200,205.419
2146,2134,69.065
2146,2149,57.358
2146,2270,74.120
2146,16303,26.929
2147,2164,16.428
2147,2178,141.002
2147,2215,39.669
2148,2218,73.894
2149,2146,57.358
2149,2169,66.307
2149,2174,38.390
2149,2197,38.485
2150,2162,31.845
2150,2204,52.682
2150,2211,47.549
2151,2174,35.473
2151,2197,38.639
2151,2212,40.879
2152,2159,52.783
2152,12952,30.309
2152,14421,0.456
2153,2189,58.829
2154,2179,53.699
2154,2190,25.291
2154,2193,89.504
2155,2169,43.414
2155,2174,72.862
2155,2208,35.145
2156,253,25.540
2156,2139,122.059
2156,2216,45.549
2157,2216,32.222
2158,2168,43.680
2158,2191,42.906
2158,2202,44.339
2159,2135,51.548
2159,2141,115.641
2159,2152,52.783
2160,2130,33.011
2160,2183,100.949
2160,2218,14.876
2161,2174,45.536
2161,2208,73.710
2161,2212,35.956
2161,14159,79.124
2162,2150,31.845
2162,2187,33.527
2162,2202,19.605
2163,2215,54.900
2163,2222,39.615
2163,14158,54.916
2164,2147,16.428
2164,2200,52.477
2164,14158,57.588
2165,2167,17.244
2165,2178,77.229
2166,2197,60.596
2166,2256,62.218
2166,17690,46.352
2167,2165,17.244
2167,2190,80.910
2167,2193,27.152
2168,2158,43.680
2168,2200,49.047
2168,2208,80.727
2169,2134,64.309
2169,2149,66.307
2169,2155,43.414
2170,2175,35.078
2170,2191,44.827
2170,2198,63.468
2170,2202,45.689
2171,2017,40.266
2171,2068,40.327
2171,15271,76.317
2172,984,51.392
2172,1017,68.145
2172,2176,69.469
2173,2017,45.219
2173,2180,42.279
2173,13348,73.160
2174,2149,38.390
2174,2151,35.473
2174,2155,72.862
2174,2161,45.536
2175,2170,35.078
2175,2204,18.308
2176,2172,69.469
2176,2182,30.657
2176,2185,79.896
2177,2218,94.646
2178,2147,141.002
2178,2165,77.229
2178,2189,5.071
2179,439,103.847
2179,2154,53.699
2179,2240,33.645
2180,2173,42.279
2180,2228,68.249
2180,13358,121.524
2181,2196,20.573
2182,2176,30.657
2182,2184,41.632
2182,2209,65.622
2183,2160,100.949
2183,2210,143.509
2183,2220,19.418
2184,2135,13.632
2184,2182,41.632
2184,2194,111.109
2185,438,168.725
2185,1017,62.212
2185,2176,79.896
2186,439,233.306
2186,2196,37.652
2186,2214,45.879
2187,2162,33.527
2187,2222,96.208
2187,2227,36.729
2188,2145,28.241
2188,2240,67.043
2188,16268,31.032
2189,2153,58.829
2189,2178,5.071
2189,2190,9.145
2190,2154,25.291
2190,2167,80.910
2190,2189,9.145
2191,2131,15.755
2191,2158,42.906
2191,2170,44.827
2191,2224,19.571
2192,2211,51.832
2193,2154,89.504
2193,2167,27.152
2193,16268,14.214
2194,2141,62.299
2194,2143,22.640
2194,2184,111.109
2195,2219,53.502
2196,2181,20.573
2196,2186,37.652
2196,2203,36.804
2197,2149,38.485
2197,2151,38.639
2197,2166,60.596
2198,2170,63.468
2198,2221,48.193
2198,14159,75.528
2199,2226,28.736
2200,2145,205.419
2200,2164,52.477
2200,2168,49.047
2200,2227,58.554
2201,2207,189.781
2201,2499,72.907
2201,2538,46.586
2201,2543,28.836
2202,2158,44.339
2202,2162,19.605
2202,2170,45.689
2203,2196,36.804
2203,2210,100.935
2203,2215,44.854
2204,2150,52.682
2204,2175,18.308
2204,17142,42.661
2205,2225,104.682
2206,2142,47.913
2206,2214,213.982
2206,2219,101.027
2207,2006,43.318
2207,2201,189.781
2207,13347,156.106
2208,2155,35.145
2208,2161,73.710
2208,2168,80.727
2209,2182,65.622
2209,2223,31.495
2209,2226,38.743
2210,2137,38.478
2210,2183,143.509
2210,2203,100.935
2211,2150,47.549
2211,2192,51.832
2211,2220,101.135
2212,2139,58.157
2212,2151,40.879
2212,2161,35.956
2212,2216,122.382
2213,13355,100.000
2213,14307,24.036
2214,2137,40.948
2214,2186,45.879
2214,2206,213.982
2215,2147,39.669
2215,2163,54.900
2215,2203,44.854
2216,2156,45.549
2216,2157,32.222
2216,2212,122.382
2217,2130,92.967
2218,2148,73.894
2218,2160,14.876
2218,2177,94.646
2219,434,14.949
2219,2195,53.502
2219,2206,101.027
2220,2183,19.418
2220,2211,101.135
2220,2222,82.802
2221,2198,48.193
2221,2224,41.184
2221,14159,28.217
2222,2163,39.615
2222,2187,96.208
2222,2220,82.802
2223,2209,31.495
2224,2191,19.571
2224,2221,41.184
2225,2006,29.564
2225,2009,110.215
2225,2205,104.682
2226,2136,62.365
2226,2199,28.736
2226,2209,38.743
2227,2187,36.729
2227,2200,58.554
2227,14158,43.733
2228,2180,68.249
2228,13358,60.680
2229,2248,92.947
2229,2260,116.934
2229,17690,102.656
2230,2255,106.135
2231,2237,26.504
2231,2244,46.778
2231,14933,63.790
2231,14934,134.659
2232,2237,46.558
2232,2244,23.615
2232,2258,114.998
2233,2234,88.655
2233,2242,154.715
2233,2249,10.287
2234,2233,88.655
2234,2238,33.471
2234,2254,20.756
2235,1362,13.371
2235,2251,55.032
2235,2263,64.851
2236,15415,78.679
2236,16265,58.860
2237,2231,26.504
2237,2232,46.558
2237,2261,57.004
2238,2234,33.471
2238,2267,40.966
2238,2272,30.024
2239,2243,19.210
2239,2245,74.751
2239,2263,42.777
2240,2179,33.645
2240,2188,67.043
2240,2250,53.544
2241,2392,31.648
2241,2393,31.401
2241,14936,10.179
2242,2233,154.715
2242,2250,77.274
2242,2253,169.782
2242,2257,60.545
2243,2239,19.210
2243,2260,82.007
2243,2264,37.009
2244,2231,46.778
2244,2232,23.615
2244,2257,80.665
2245,2239,74.751
2246,2248,39.698
2247,2252,55.715
2248,2229,92.947
2248,2246,39.698
2248,2255,26.303
2249,2233,10.287
2249,2259,10.883
2249,14935,101.977
2250,2240,53.544
2250,2242,77.274
2250,2257,50.622
2251,253,479.393
2251,2235,55.032
2251,14312,163.795
2252,2247,55.715
2253,2242,169.782
2253,2267,91.545
2253,16303,69.321
2254,2234,20.756
2254,2259,76.328
2254,14937,44.961
2255,2230,106.135
2255,2248,26.303
2255,2256,61.504
2256,2139,18.084
2256,2166,62.218
2256,2255,61.504
2257,2242,60.545
2257,2244,80.665
2257,2250,50.622
2258,435,20.841
2258,2232,114.998
2258,2261,82.036
2259,2249,10.883
2259,2254,76.328
2259,15426,35.813
2260,2229,116.934
2260,2243,82.007
2260,14160,60.491
2261,2237,57.004
2261,2258,82.036
2261,14932,80.814
2262,2335,44.793
2262,2375,84.740
2262,2387,5.071
2263,2235,64.851
2263,2239,42.777
2263,2265,106.487
2264,2243,37.009
2264,2271,65.855
2264,2273,40.215
2265,1302,197.697
2265,2263,106.487
2265,2273,76.241
2266,14939,65.437
2267,2238,40.966
2267,2253,91.545
2267,2269,23.692
2268,2273,193.898
2268,14941,19.044
2268,17032,80.745
2269,2267,23.692
2269,14939,245.417
2269,15686,141.331
2270,2146,74.120
2270,15686,48.046
2270,17690,32.145
2271,2264,65.855
2271,14940,266.983
2271,15685,70.751
2272,2238,30.024
2272,14938,39.256
2273,2264,40.215
2273,2265,76.241
2273,2268,193.898
2274,2277,32.506
2274,2288,48.732
2274,17007,32.897
2275,2276,56.904
2275,14945,12.823
2275,17008,41.383
2276,2275,56.904
2276,2287,38.072
2276,17007,55.582
2277,2274,32.506
2277,2280,90.208
2277,2285,51.017
2277,15291,50.639
2278,252,63.135
2278,2283,23.238
2278,2289,136.619
2279,252,20.146
2279,1362,109.178
2279,2281,163.487
2280,2277,90.208
2280,2283,73.945
2280,2286,125.900
2281,2279,163.487
2281,2282,108.783
2281,2289,69.548
2282,1302,48.835
2282,1362,171.432
2282,2281,108.783
2283,2278,23.238
2283,2280,73.945
2283,17533,72.912
2284,2456,37.228
2284,17010,99.783
2285,2277,51.017
2285,2289,35.289
2285,17008,97.442
2285,17533,48.071
2286,251,85.919
2286,2280,125.900
2286,2288,28.991
2287,251,76.979
2287,2276,38.072
2287,2288,78.725
2288,2274,48.732
2288,2286,28.991
2288,2287,78.725
2289,2278,136.619
2289,2281,69.548
2289,2285,35.289
2289,14943,100.511
2290,2305,9.136
2290,2320,69.289
2290,2355,48.120
2291,2358,76.114
2292,2316,28.055
2292,2398,10.122
2292,2408,102.920
2293,2315,52.339
2293,2324,16.474
2293,2379,157.619
2294,2381,31.977
2294,2385,86.982
2294,16970,13.273
2295,2308,21.261
2295,2332,40.125
2295,2333,33.385
2296,2349,77.545
2297,2309,26.182
2297,2333,55.065
2297,2350,67.448
2297,13188,44.561
2298,2315,71.638
2298,2360,64.559
2298,2378,34.722
2299,2378,104.339
2299,2380,31.077
2299,2405,41.948
2300,2339,15.570
2300,2389,55.901
2300,2404,48.243
2301,2327,99.621
2301,2365,83.450
2301,2381,19.852
2302,2340,22.265
2302,2372,59.264
2302,15695,23.343
2303,982,141.392
2303,1007,138.189
2303,16970,64.491
2304,2337,35.185
2304,2342,11.127
2304,2362,80.742
2305,2290,9.136
2305,2310,73.438
2305,2356,37.278
2306,2310,45.672
2306,2356,78.350
2306,2390,23.411
2306,2403,23.911
2307,2363,61.967
2308,2295,21.261
2308,2309,26.942
2308,2344,38.076
2309,2297,26.182
2309,2308,26.942
2309,13189,90.340
2310,2305,73.438
2310,2306,45.672
2310,2336,22.585
2311,2353,45.426
2312,2449,51.461
2312,13439,81.427
2312,13440,70.414
2313,2321,76.010
2313,2360,95.915
2313,2380,84.972
2314,2341,10.380
2314,2407,69.907
2314,13190,26.410
2315,2293,52.339
2315,2298,71.638
2315,2388,150.153
2316,2292,28.055
2316,2326,21.402
2316,13191,54.221
2317,2320,128.782
2317,2384,5.512
2317,2401,41.576
2318,2371,41.488
2318,2407,56.930
2318,2524,36.228
2319,2325,86.275
2319,2396,25.758
2319,11649,58.403
2320,2290,69.289
2320,2317,128.782
2320,2343,19.243
2321,2313,76.010
2321,2376,114.349
2322,2334,61.493
2322,2337,4.615
2322,2355,69.227
2323,2355,25.429
2323,2364,31.241
2323,2370,52.455
2324,2293,16.474
2324,2352,185.102
2324,17123,9.231
2325,2319,86.275
2325,2451,51.618
2325,2452,124.962
2325,13186,37.948
2326,2316,21.402
2326,2345,100.474
2326,13192,56.111
2327,2301,99.621
2327,2334,88.899
2327,2337,31.412
2328,2403,29.580
2329,2377,49.944
2330,2381,70.048
2331,2347,16.057
2331,2406,28.153
2331,2409,43.940
2332,2295,40.125
2332,2341,60.748
2332,2344,20.024
2333,2295,33.385
2333,2297,55.065
2333,2366,69.744
2334,2322,61.493
2334,2327,88.899
2334,2364,55.536
2335,2262,44.793
2335,2391,79.906
2335,2392,24.387
2336,2310,22.585
2336,2387,39.342
2336,2403,50.199
2337,2304,35.185
2337,2322,4.615
2337,2327,31.412
2338,2371,152.880
2338,2452,118.289
2338,2526,26.591
2338,2541,94.336
2339,2300,15.570
2339,2356,39.212
2339,2361,41.046
2340,2302,22.265
2340,2354,99.944
2340,2375,19.439
2341,2314,10.380
2341,2332,60.748
2341,2357,60.563
2342,2304,11.127
2342,2343,36.944
2343,2320,19.243
2343,2342,36.944
2343,2386,9.214
2344,2308,38.076
2344,2332,20.024
2344,2367,22.807
2344,13190,43.040
2345,2326,100.474
2345,2358,35.146
2345,2541,8.346
2346,2375,111.922
2346,17002,27.383
2347,982,11.632
2347,2331,16.057
2347,13198,35.446
2348,2359,74.951
2348,2364,66.178
2348,2371,55.995
2348,2382,35.907
2349,2296,77.545
2349,2371,66.544
2349,2398,9.122
2350,2297,67.448
2350,2379,44.688
2350,2404,71.748
2351,2379,60.218
2351,2404,91.327
2351,15695,7.898
2352,2354,72.588
2352,2379,81.218
2352,17124,7.594
2353,14938,13.289
2353,15425,61.173
2354,2340,99.944
2354,13439,7.080
2354,17002,86.698
2355,2290,48.120
2355,2322,69.227
2355,2323,25.429
2356,2305,37.278
2356,2306,78.350
2356,2339,39.212
2356,15241,33.893
2357,2341,60.563
2357,2366,118.695
2357,2520,7.604
2358,437,112.713
2358,2291,76.114
2358,2345,35.146
2359,2348,74.951
2359,2373,142.109
2359,2398,53.561
2360,2298,64.559
2360,2313,95.915
2360,2376,31.027
2361,2339,41.046
2362,2304,80.742
2363,2307,61.967
2363,2409,40.095
2363,13192,16.085
2363,15832,24.311
2364,2323,31.241
2364,2334,55.536
2364,2348,66.178
2365,2301,83.450
2365,2377,60.999
2365,2400,16.833
2366,2333,69.744
2366,2357,118.695
2366,2388,47.991
2366,2533,52.029
2367,2344,22.807
2368,2386,88.581
2368,2399,61.154
2368,2401,19.690
2369,2409,31.461
2370,2323,52.455
2370,2382,105.175
2370,2389,46.691
2371,2318,41.488
2371,2338,152.880
2371,2348,55.995
2371,2349,66.544
2372,2302,59.264
2373,2359,142.109
2373,2374,48.081
2373,16970,34.538
2374,2373,48.081
2374,2406,23.547
2374,2408,43.071
2375,2262,84.740
2375,2340,19.439
2375,2346,111.922
2376,2324,135.955
2376,2360,31.027
2377,1007,60.935
2377,2329,49.944
2377,2365,60.999
2378,2298,34.722
2378,2299,104.339
2378,2388,41.845
2379,2293,157.619
2379,2350,44.688
2379,2351,60.218
2379,2352,81.218
2380,2299,31.077
2380,2313,84.972
2380,15601,32.094
2381,2294,31.977
2381,2301,19.852
2381,2330,70.048
2381,2397,102.299
2382,2348,35.907
2382,2370,105.175
2382,2407,8.222
2383,2406,42.093
2383,2408,23.446
2383,2409,25.666
2383,15832,36.278
2384,2317,5.512
2384,2387,71.136
2384,2393,92.991
2385,2294,86.982
2386,2343,9.214
2386,2368,88.581
2386,2400,111.327
2387,2262,5.071
2387,2336,39.342
2387,2384,71.136
2388,2315,150.153
2388,2366,47.991
2388,2378,41.845
2388,2405,94.882
2389,2300,55.901
2389,2370,46.691
2389,13189,21.281
2390,2306,23.411
2391,2335,79.906
2392,2241,31.648
2392,2335,24.387
2393,2384,92.991
2393,15239,47.546
2394,436,120.540
2394,1007,86.492
2394,2411,158.247
2395,2539,40.525
2395,13186,23.388
2395,13385,147.207
2396,2319,25.758
2396,13186,83.296
2396,16874,31.279
2397,2381,102.299
2398,2292,10.122
2398,2349,9.122
2398,2359,53.561
2399,2368,61.154
2399,16976,36.162
2400,2365,16.833
2400,2386,111.327
2400,2411,99.130
2401,2317,41.576
2401,2368,19.690
2401,16264,24.307
2402,16874,27.210
2403,2306,23.911
2403,2328,29.580
2403,2336,50.199
2404,2300,48.243
2404,2350,71.748
2404,2351,91.327
2405,2299,41.948
2405,2388,94.882
2405,2410,49.393
2406,2331,28.153
2406,2374,23.547
2406,2383,42.093
2407,2314,69.907
2407,2318,56.930
2407,2382,8.222
2408,2292,102.920
2408,2374,43.071
2408,2383,23.446
2409,2331,43.940
2409,2363,40.095
2409,2369,31.461
2409,2383,25.666
2410,2405,49.393
2410,2451,23.861
2410,2533,34.856
2411,2394,158.247
2411,2400,99.130
2411,16976,1.214
2412,2413,50.080
2412,2414,8.227
2412,2427,59.547
2413,2412,50.080
2413,15670,73.006
2414,2412,8.227
2414,15669,67.705
2414,17523,56.597
2415,2423,48.068
2415,2430,78.674
2415,2447,37.530
2416,2424,60.254
2416,2435,62.242
2416,2453,63.948
2416,2481,62.705
2417,2425,89.264
2417,2444,69.996
2417,13438,120.922
2418,2426,36.886
2418,2429,110.574
2418,2440,17.147
2419,2427,49.837
2420,1297,77.302
2420,2447,64.547
2420,13373,51.550
2421,2441,58.216
2421,15224,37.846
2422,2424,99.336
2422,2431,64.053
2422,2438,50.339
2423,2415,48.068
2423,2428,56.611
2423,13437,74.723
2424,2416,60.254
2424,2422,99.336
2424,2443,37.913
2424,2463,102.332
2425,2417,89.264
2425,2437,46.925
2425,15669,65.858
2426,2418,36.886
2426,2443,76.519
2427,2412,59.547
2427,2419,49.837
2427,2439,58.374
2428,2423,56.611
2428,2441,42.203
2428,17518,84.856
2429,2418,110.574
2429,2448,27.613
2429,15223,11.780
2430,2415,78.674
2430,2469,61.310
2430,15224,74.143
2430,16408,49.588
2431,2422,64.053
2431,2448,17.580
2431,17516,38.430
2432,14309,66.652
2432,17523,11.053
2433,2436,75.406
2434,2440,82.184
2435,2416,62.242
2435,14308,27.236
2436,2433,75.406
2436,2442,48.059
2436,17516,17.363
2437,2425,46.925
2437,2449,114.707
2437,17651,17.182
2438,2422,50.339
2438,14308,11.907
2439,1346,43.777
2439,2427,58.374
2439,2462,62.031
2440,2418,17.147
2440,2434,82.184
2440,17521,44.651
2441,2421,58.216
2441,2428,42.203
2441,14308,60.599
2442,2436,48.059
2442,2444,77.654
2442,17517,30.049
2443,2424,37.913
2443,2426,76.519
2443,2470,34.557
2444,2417,69.996
2444,2442,77.654
2444,13435,88.394
2445,10056,24.924
2445,17517,59.970
2446,2462,55.015
2446,2470,19.805
2446,15222,40.078
2447,2415,37.530
2447,2420,64.547
2447,13436,93.173
2448,2429,27.613
2448,2431,17.580
2448,14309,81.485
2449,2312,51.461
2449,17649,18.303
2449,17650,15.704
2450,17518,16.281
2451,2325,51.618
2451,2410,23.861
2451,2452,152.166
2452,2325,124.962
2452,2338,118.289
2452,2451,152.166
2452,2506,46.464
2453,2416,63.948
2453,2474,63.053
2453,15224,1.702
2454,2456,58.799
2454,2479,33.293
2454,2486,85.991
2455,2460,81.135
2455,2462,121.511
2455,2479,34.776
2456,2284,37.228
2456,2454,58.799
2456,17014,36.291
2457,2482,6.205
2458,2473,49.856
2458,2474,39.815
2458,2481,32.770
2459,2467,4.391
2459,2473,63.316
2459,2483,51.140
2460,2455,81.135
2460,2470,122.370
2460,2486,79.582
2461,13374,83.842
2461,13376,7.097
2462,2439,62.031
2462,2446,55.015
2462,2455,121.511
2463,2424,102.332
2464,2476,128.636
2464,2487,89.157
2465,2467,67.293
2465,2482,81.071
2465,17171,21.578
2466,2472,51.413
2466,2475,80.322
2466,2483,39.704
2467,2459,4.391
2467,2465,67.293
2467,2474,35.776
2468,2478,86.346
2468,2482,56.587
2468,13369,8.828
2469,2430,61.310
2469,2471,23.767
2469,17171,31.148
2470,2443,34.557
2470,2446,19.805
2470,2460,122.370
2471,2469,23.767
2472,2466,51.413
2472,2487,80.419
2472,17019,36.018
2473,2458,49.856
2473,2459,63.316
2473,17019,37.789
2474,2453,63.053
2474,2458,39.815
2474,2467,35.776
2475,2466,80.322
2475,2484,39.619
2475,2487,57.465
2476,250,106.212
2476,2485,77.663
2477,2478,55.924
2477,2480,57.739
2478,2468,86.346
2478,2477,55.924
2478,17531,54.573
2479,2454,33.293
2479,2455,34.776
2479,17010,71.069
2480,2464,106.353
2480,2484,70.674
2481,2416,62.705
2481,2458,32.770
2481,17019,48.394
2482,2457,6.205
2482,2465,81.071
2482,2468,56.587
2483,2459,51.140
2483,2466,39.704
2483,2484,82.492
2484,2475,39.619
2484,2480,70.674
2484,2483,82.492
2484,17531,24.571
2485,2476,77.663
2485,17015,24.993
2485,17526,34.786
2486,2454,85.991
2486,2460,79.582
2486,17016,15.950
2487,2464,89.157
2487,2472,80.419
2487,2475,57.465
2487,17016,130.698
2488,2489,143.250
2488,2492,114.777
2488,2493,63.781
2489,346,74.312
2489,2488,143.250
2490,2489,108.639
2490,2492,86.553
2491,2490,190.687
2491,9460,9.139
2492,1311,66.937
2492,2488,114.777
2492,2490,86.553
2493,2461,14.233
2493,2488,63.781
2493,17228,8.110
2494,2506,37.772
2494,2507,82.189
2494,2516,38.529
2494,2539,117.424
2495,2498,17.123
2495,2521,130.428
2495,2523,84.945
2496,2534,122.337
2496,2543,26.989
2496,17682,65.282
2497,2499,46.858
2497,2538,80.161
2497,2540,9.752
2498,2495,17.123
2498,2529,32.685
2498,13389,75.136
2499,438,22.899
2499,2201,72.907
2499,2497,46.858
2500,2508,19.228
2500,2512,51.212
2500,2527,24.068
2501,2547,22.593
2502,2519,94.555
2502,2521,28.213
2502,2527,46.287
2503,2535,20.063
2504,2509,97.990
2504,2541,61.201
2504,15233,82.251
2505,2534,19.312
2505,2543,119.645
2505,2548,7.598
2506,2452,46.464
2506,2494,37.772
2506,2511,72.200
2507,2494,82.189
2507,2526,56.275
2507,2532,24.467
2508,2500,19.228
2508,2514,40.495
2508,2516,14.191
2509,2504,97.990
2509,2518,53.250
2509,2536,19.792
2510,2536,31.680
2511,2506,72.200
2512,2500,51.212
2512,2535,27.485
2512,13388,124.610
2513,2628,89.003
2513,13185,155.533
2513,13385,8.726
2514,2508,40.495
2515,2532,41.525
2516,2494,38.529
2516,2508,14.191
2516,2525,119.603
2517,2520,65.412
2518,2509,53.250
2519,2502,94.555
2519,2530,45.661
2519,15632,41.818
2520,2357,7.604
2520,2517,65.412
2520,2524,31.737
2521,2495,130.428
2521,2502,28.213
2522,2538,71.836
2522,2546,89.077
2522,2548,8.421
2523,2495,84.945
2523,2526,209.526
2523,2530,42.951
2523,2545,38.937
2524,2318,36.228
2524,2520,31.737
2524,2528,61.504
2525,2516,119.603
2525,2539,34.950
2525,13386,127.477
2526,2338,26.591
2526,2507,56.275
2526,2523,209.526
2527,2500,24.068
2527,2502,46.287
2527,2530,86.676
2528,2524,61.504
2529,2498,32.685
2529,2545,99.151
2529,2548,31.314
2530,2519,45.661
2530,2523,42.951
2530,2527,86.676
2530,2532,80.248
2531,2533,109.854
2532,2507,24.467
2532,2515,41.525
2532,2530,80.248
2533,2366,52.029
2533,2410,34.856
2533,2531,109.854
2534,2496,122.337
2534,2505,19.312
2534,13390,69.344
2535,2503,20.063
2535,2512,27.485
2535,13387,115.122
2536,2509,19.792
2536,2510,31.680
2536,2546,38.184
2537,2136,6.545
2537,2143,41.687
2537,15240,29.751
2538,2201,46.586
2538,2497,80.161
2538,2522,71.836
2539,2395,40.525
2539,2494,117.424
2539,2525,34.950
2540,2497,9.752
2540,2542,47.408
2540,2546,56.839
2541,2338,94.336
2541,2345,8.346
2541,2504,61.201
2542,2540,47.408
2543,2201,28.836
2543,2496,26.989
2543,2505,119.645
2544,2648,16.750
2544,13390,9.884
2545,2523,38.937
2545,2529,99.151
2545,2546,35.620
2546,2522,89.077
2546,2536,38.184
2546,2540,56.839
2546,2545,35.620
2547,2501,22.593
2547,11649,55.468
2547,13383,74.572
2548,2505,7.598
2548,2522,8.421
2548,2529,31.314
2549,2571,65.253
2549,2574,84.500
2549,2575,89.189
2549,13187,47.271
2550,2561,93.427
2550,2578,555.495
2551,2577,122.700
2552,2580,20.173
2553,2566,72.208
2553,2580,63.363
2553,13187,28.703
2554,2572,84.056
2554,2581,61.923
2554,2592,36.444
2555,2582,64.572
2555,10060,26.517
2556,2557,72.842
2556,2565,140.229
2556,2568,19.154
2557,2556,72.842
2557,2583,44.172
2557,10060,43.498
2558,2560,35.922
2558,2566,16.118
2558,2579,45.959
2559,2572,101.461
2559,2581,81.942
2559,13184,81.586
2559,17233,168.154
2560,2558,35.922
2560,10060,2.566
2561,2550,93.427
2562,2564,43.440
2562,2576,69.090
2562,17102,63.150
2563,2569,91.713
2563,2580,54.636
2564,2562,43.440
2564,2600,59.107
2564,17102,114.399
2565,2556,140.229
2565,2570,80.297
2565,2578,123.284
2565,13492,61.722
2566,2553,72.208
2566,2558,16.118
2566,2582,127.297
2567,2572,10.074
2568,2556,19.154
2568,2573,60.773
2568,2582,41.993
2569,2513,21.586
2569,2571,106.007
2569,17235,8.427
2570,2565,80.297
2570,2583,35.945
2570,17232,129.084
2571,2549,65.253
2571,2569,106.007
2571,2575,82.387
2571,2580,51.234
2572,2554,84.056
2572,2559,101.461
2572,2567,10.074
2573,2568,60.773
2573,17236,53.795
2574,2549,84.500
2574,17234,8.147
2575,2549,89.189
2575,2571,82.387
2575,13184,16.179
2576,2562,69.090
2576,2577,87.078
2577,2550,29.271
2577,2551,122.700
2578,2565,123.284
2578,13493,64.881
2579,2558,45.959
2579,2583,100.778
2579,17234,85.887
2580,2552,20.173
2580,2553,63.363
2580,2563,54.636
2580,2571,51.234
2581,2554,61.923
2581,2559,81.942
2581,2616,32.128
2581,2630,47.212
2582,2555,64.572
2582,2566,127.297
2582,2568,41.993
2583,2557,44.172
2583,2570,35.945
2583,2579,100.778
2584,1321,20.797
2584,2585,122.557
2584,2614,28.328
2585,2584,122.557
2586,1350,78.676
2586,2587,4.890
2586,13468,9.394
2587,2586,4.890
2587,2637,21.559
2588,1298,89.108
2588,2646,127.288
2588,15624,18.478
2589,2605,94.647
2590,2629,64.900
2590,2643,45.296
2590,2649,91.930
2591,1330,134.401
2591,2639,68.857
2592,2554,36.444
2592,2594,111.284
2592,2600,31.792
2593,2613,36.468
2593,2618,91.217
2593,2637,103.702
2594,1306,71.844
2594,2592,111.284
2594,2615,26.484
2594,2616,103.579
2595,11909,163.874
2596,2603,90.248
2597,2653,60.857
2598,1309,100.017
2598,2601,16.136
2598,2619,62.681
2599,2624,56.845
2600,2564,59.107
2600,2592,31.792
2600,2625,64.220
2601,2598,16.136
2601,2620,19.326
2601,17102,64.032
2602,2623,64.821
2602,2638,118.176
2602,12067,27.286
2603,1321,29.290
2603,2596,90.248
2603,13183,35.936
2604,1296,102.489
2604,1330,65.438
2604,2639,131.760
2605,1307,64.690
2605,2589,94.647
2605,2621,61.085
2606,1305,2.504
2606,2607,65.894
2606,2614,30.227
2607,2606,65.894
2607,2615,29.463
2607,2616,153.972
2608,2612,45.916
2608,15624,89.006
2609,2030,18.806
2609,2638,70.784
2610,2621,158.946
2611,2630,23.490
2611,2646,71.865
2611,13185,44.940
2612,2608,45.916
2612,2630,69.550
2612,2646,28.084
2613,2593,36.468
2613,2627,18.415
2613,2634,90.300
2614,2584,28.328
2614,2606,30.227
2614,2615,55.465
2615,2594,26.484
2615,2607,29.463
2615,2614,55.465
2616,2581,32.128
2616,2594,103.579
2616,2607,153.972
2617,2619,40.130
2617,2620,56.304
2617,2624,92.229
2618,2593,91.217
2618,2623,37.921
2618,2633,91.379
2618,2634,36.509
2619,2598,62.681
2619,2617,40.130
2619,2653,8.906
2620,2601,19.326
2620,2617,56.304
2620,13183,75.488
2621,2605,61.085
2621,2610,158.946
2621,2645,34.377
2622,2595,28.808
2622,2635,66.017
2623,1350,202.946
2623,2602,64.821
2623,2618,37.921
2623,2632,192.686
2624,2599,56.845
2624,2617,92.229
2624,2626,32.465
2625,2600,64.220
2626,2595,190.994
2626,2624,32.465
2626,13468,12.446
2627,2613,18.415
2627,2643,59.135
2627,2644,92.380
2628,1298,103.727
2628,2646,151.842
2628,13387,8.485
2629,2590,64.900
2629,2631,81.059
2630,2581,47.212
2630,2611,23.490
2630,2612,69.550
2631,2622,86.183
2631,2640,87.903
2632,2609,68.445
2632,2623,192.686
2633,2618,91.379
2633,2645,65.546
2633,2651,148.504
2633,12067,24.184
2634,2613,90.300
2634,2618,36.509
2634,15629,51.357
2635,2587,132.611
2635,2640,72.390
2636,2637,62.945
2636,2644,7.601
2637,2587,21.559
2637,2593,103.702
2637,2636,62.945
2638,2602,118.176
2638,2609,70.784
2638,2639,87.860
2639,2591,68.857
2639,2604,131.760
2639,2638,87.860
2639,2641,110.969
2640,2631,87.903
2640,2635,72.390
2640,2643,90.201
2640,2644,60.065
2641,2639,110.969
2641,2651,103.898
2641,12067,44.931
2642,16989,97.009
2642,17479,10.862
2642,17480,4.144
2643,2590,45.296
2643,2627,59.135
2643,2640,90.201
2644,2627,92.380
2644,2636,7.601
2644,2640,60.065
2645,2621,34.377
2645,2633,65.546
2645,2649,157.812
2646,2588,127.288
2646,2611,71.865
2646,2612,28.084
2646,2628,151.842
2647,2653,13.179
2648,1305,207.517
2648,17849,122.041
2649,2590,91.930
2649,2645,157.812
2649,15629,62.832
2650,13452,37.046
2650,17103,100.564
2651,1296,24.835
2651,2633,148.504
2651,2641,103.898
2652,2140,91.885
2653,2597,60.857
2653,2619,8.906
2653,2647,13.179
2654,3556,910.177
2654,3562,125.605
2655,282,147.956
2655,13196,54.356
2655,14139,10.571
2656,2665,38.626
2657,1307,43.041
2657,2665,73.833
2657,17472,55.227
2658,2662,46.662
2658,2670,97.201
2658,2692,72.227
2658,2695,39.633
2659,2669,34.032
2659,2675,59.607
2659,2681,124.883
2659,2696,108.691
2660,1307,67.168
2660,2670,9.521
2660,2671,96.882
2661,2728,58.121
2661,13443,11.254
2661,13476,70.304
2662,2658,46.662
2662,2669,158.960
2662,16858,35.000
2663,2694,47.127
2664,1336,166.064
2664,2669,56.726
2664,2689,87.471
2665,2656,38.626
2665,2657,73.833
2665,2670,33.156
2665,2695,24.104
2666,1336,88.373
2666,2689,172.395
2667,1296,183.899
2667,2680,17.214
2667,2693,184.829
2668,2714,123.033
2668,2749,78.337
2669,2659,34.032
2669,2662,158.960
2669,2664,56.726
2670,2658,97.201
2670,2660,9.521
2670,2665,33.156
2671,1296,49.947
2671,1307,22.393
2671,2660,96.882
2672,2674,17.946
2672,2697,65.875
2672,13196,35.118
2673,2105,118.898
2673,2681,141.695
2673,2682,26.638
2674,2672,17.946
2674,2683,17.906
2674,2687,46.260
2675,2659,59.607
2675,2677,48.279
2675,2680,100.425
2676,3562,233.405
2676,3571,44.970
2676,17276,6.331
2677,2675,48.279
2678,1360,170.257
2678,2692,127.572
2679,2682,70.498
2680,2667,17.214
2680,2675,100.425
2680,2682,28.396
2681,2659,124.883
2681,2673,141.695
2681,13196,29.321
2682,2673,26.638
2682,2679,70.498
2682,2680,28.396
2683,2674,17.906
2684,13446,69.270
2684,15245,49.171
2684,15246,49.869
2685,2690,55.991
2685,2693,32.961
2686,2689,50.065
2686,2694,66.214
2686,2696,56.332
2687,2674,46.260
2688,13447,55.249
2689,2664,87.471
2689,2666,172.395
2689,2686,50.065
2690,2685,55.991
2691,2695,61.559
2692,2658,72.227
2692,2678,127.572
2692,16858,87.788
2693,2105,34.988
2693,2667,184.829
2694,2663,47.127
2694,2686,66.214
2694,13443,96.207
2695,2658,39.633
2695,2665,24.104
2695,2691,61.559
2696,1352,46.891
2696,2659,108.691
2696,2686,56.332
2696,13445,154.586
2697,2655,24.986
2697,2672,65.875
2698,2710,13.660
2698,2731,101.836
2698,2737,42.831
2699,2705,96.099
2699,2729,30.901
2699,2745,87.322
2700,2724,64.501
2700,2736,40.483
2700,17192,161.878
2701,2721,149.925
2701,13368,3.030
2701,14854,13.937
2702,2733,169.957
2702,2744,249.918
2703,1300,63.618
2703,2728,54.324
2703,2743,232.865
2704,2709,66.985
2704,2718,67.297
2704,2719,50.731
2704,2733,225.419
2705,1308,81.303
2705,2699,96.099
2705,2737,43.054
2706,2707,44.218
2706,2718,168.075
2706,2734,30.379
2707,2706,44.218
2707,2708,120.029
2707,2738,40.370
2708,2707,120.029
2709,2704,66.985
2709,2726,26.618
2709,2752,44.604
2710,2698,13.660
2711,2702,230.872
2711,2718,95.068
2712,281,244.489
2712,2732,58.050
2712,14340,9.814
2713,2721,62.152
2713,2746,43.550
2713,16296,52.955
2714,2668,123.033
2714,2729,88.983
2714,2732,83.698
2714,2745,36.515
2715,1345,109.399
2715,2745,13.846
2715,2747,144.410
2716,2717,100.590
2716,2719,11.808
2716,2751,17.587
2717,2716,100.590
2718,2704,67.297
2718,2706,168.075
2718,2711,95.068
2719,2704,50.731
2719,2716,11.808
2719,2752,65.789
2720,2727,74.897
2720,2740,57.974
2720,2742,66.941
2721,2701,149.925
2721,2713,62.152
2721,2733,116.251
2721,2739,21.542
2722,1315,86.430
2722,2730,61.593
2722,2741,56.364
2723,2724,159.629
2723,17192,77.272
2724,2700,64.501
2724,2723,159.629
2724,2751,15.374
2725,2731,82.364
2725,2743,50.115
2725,2747,162.803
2726,2709,26.618
2726,2734,45.496
2726,2736,74.762
2727,292,100.274
2727,2720,74.897
2728,2661,58.121
2728,2703,54.324
2728,2747,95.056
2729,2699,30.901
2729,2714,88.983
2729,2735,91.998
2729,2748,37.280
2730,2722,61.593
2730,2740,62.854
2730,2742,65.163
2730,2750,89.711
2731,2698,101.836
2731,2725,82.364
2731,2737,48.888
2732,2712,58.050
2732,2714,83.698
2732,2749,137.914
2733,1308,142.165
2733,2702,169.957
2733,2704,225.419
2733,2721,116.251
2734,2706,30.379
2734,2726,45.496
2734,2750,23.097
2735,2729,91.998
2736,2700,40.483
2736,2726,74.762
2736,2742,21.159
2737,2698,42.831
2737,2705,43.054
2737,2731,48.888
2738,1315,28.688
2738,1348,156.364
2738,2707,40.370
2739,2721,21.542
2740,2720,57.974
2740,2730,62.854
2740,2741,57.299
2741,292,73.606
2741,2722,56.364
2741,2740,57.299
2742,2720,66.941
2742,2730,65.163
2742,2736,21.159
2743,2703,232.865
2743,2725,50.115
2743,2744,50.495
2744,1300,207.682
2744,2743,50.495
2744,17705,7.703
2745,2699,87.322
2745,2714,36.515
2745,2715,13.846
2746,2713,43.550
2746,17576,1.505
2747,2715,144.410
2747,2725,162.803
2747,2728,95.056
2748,2729,37.280
2749,2732,137.914
2749,17685,68.714
2750,1315,71.766
2750,2730,89.711
2750,2734,23.097
2751,2716,17.587
2751,2724,15.374
2751,2752,97.195
2752,2709,44.604
2752,2719,65.789
2752,2751,97.195
2753,2783,93.153
2754,231,8.001
2754,2787,444.914
2754,15495,132.513
2754,15499,108.222
2755,2757,98.327
2756,2762,206.566
2756,17658,191.889
2757,2755,98.327
2757,2762,42.685
2757,2783,57.469
2758,2771,124.399
2758,2780,91.068
2758,2782,151.376
2759,14698,240.281
2760,2780,83.309
2761,2780,19.106
2761,15126,105.130
2761,16614,176.796
2762,1315,60.737
2762,2756,206.566
2762,2757,42.685
2763,2765,25.315
2763,2783,179.602
2763,16610,58.528
2764,2767,56.878
2764,2770,23.701
2764,14698,147.605
2764,15733,40.760
2765,1337,103.818
2765,2763,25.315
2765,16614,10.488
2766,14352,109.602
2766,14699,120.568
2767,2764,56.878
2767,14699,115.667
2767,15733,57.632
2768,15792,56.563
2769,2776,29.669
2769,2777,61.129
2769,2782,28.292
2770,2764,23.701
2770,2781,184.684
2770,2782,65.679
2771,2758,124.399
2771,16610,86.913
2772,2779,142.970
2772,2787,141.371
2773,3359,181.755
2773,12014,64.014
2773,17640,7.141
2774,2775,29.428
2774,15733,62.392
2774,15792,40.176
2775,2774,29.428
2776,2769,29.669
2777,2769,61.129
2778,16610,278.605
2778,17125,12.496
2778,17128,260.476
2779,2772,142.970
2779,12130,148.619
2780,2758,91.068
2780,2760,83.309
2780,2761,19.106
2781,2770,184.684
2781,17126,8.437
2781,17129,8.142
2782,2758,151.376
2782,2769,28.292
2782,2770,65.679
2783,2753,93.153
2783,2757,57.469
2783,2763,179.602
2784,1870,65.895
2785,2787,272.410
2785,3358,35.572
2785,9682,16.157
2786,15906,53.133
2787,2754,444.914
2787,2772,141.371
2788,1866,50.833
2789,17739,11.694
2790,14364,52.658
2790,17188,7.661
2791,14503,10.041
2791,15996,87.702
2791,17025,55.780
2792,2793,67.452
2792,17791,82.527
2793,2792,67.452
2793,2802,32.516
2794,16507,22.454
2795,2803,21.702
2795,17186,65.613
2796,2798,268.242
2796,2801,43.280
2796,15847,170.532
2797,2790,76.920
2798,2796,268.242
2798,2825,17.144
2799,9304,29.685
2800,2792,186.882
2800,15846,338.483
2801,2797,33.297
2801,17185,19.072
2802,2793,32.516
2802,3319,354.326
2803,2795,21.702
2803,17185,68.523
2804,3209,72.780
2804,3215,56.926
2804,3223,57.346
2805,17022,29.036
2805,17023,23.823
2806,2807,139.015
2806,2815,92.968
2806,2840,28.654
2807,2806,139.015
2807,2814,154.821
2807,2827,140.655
2807,15993,72.566
2808,2814,33.145
2808,3230,159.759
2808,15861,37.943
2809,2812,95.094
2809,2819,86.202
2809,2823,70.257
2810,2819,102.622
2810,2820,95.399
2810,2823,97.655
2810,3230,101.409
2811,3303,73.126
2811,3456,112.063
2811,14508,10.535
2812,2809,95.094
2812,2824,104.819
2812,17022,68.495
2813,45,85.108
2813,3417,82.748
2813,14516,9.521
2814,2807,154.821
2814,2808,33.145
2814,3226,44.630
2815,2806,92.968
2815,2832,82.732
2815,2834,45.923
2816,2818,58.827
2816,3200,65.374
2816,3272,95.688
2817,2821,67.129
2817,14465,145.736
2817,14864,11.403
2818,2816,58.827
2818,3287,55.372
2818,15302,50.775
2818,17804,78.376
2819,2809,86.202
2819,2810,102.622
2819,15861,33.413
2820,2810,95.399
2820,2821,96.921
2820,14464,43.143
2821,2817,67.129
2821,2820,96.921
2821,17023,77.356
2822,3209,155.245
2822,3233,75.825
2822,3285,45.661
2823,2809,70.257
2823,2810,97.655
2823,17023,16.557
2824,103,126.507
2824,2812,104.819
2824,14500,55.086
2825,14500,11.202
2825,15279,104.245
2826,2834,21.051
2827,2807,140.655
2827,2833,56.866
2827,2835,50.369
2828,2833,51.306
2828,2834,14.377
2828,2837,19.613
2829,2839,30.107
2829,14517,46.127
2829,16052,42.239
2830,2839,60.730
2831,2833,23.141
2831,2834,48.706
2831,2839,43.018
2831,14503,133.491
2832,2815,82.732
2832,2836,67.845
2832,14516,33.502
2833,2827,56.866
2833,2828,51.306
2833,2831,23.141
2834,2815,45.923
2834,2826,21.051
2834,2828,14.377
2834,2831,48.706
2835,2827,50.369
2835,14502,99.579
2836,2832,67.845
2837,2828,19.613
2838,2824,83.135
2839,2829,30.107
2839,2830,60.730
2839,2831,43.018
2840,2806,28.654
2840,3316,12.207
2841,2865,42.626
2842,2869,201.718
2842,17027,95.993
2843,2847,25.615
2843,2863,61.290
2843,2884,46.525
2844,2849,44.818
2844,2856,79.188
2844,2868,83.966
2844,2884,47.937
2845,3220,37.583
2845,14862,13.371
2846,2896,48.290
2846,13138,52.378
2846,16141,56.555
2847,2843,25.615
2847,2850,20.842
2847,2926,64.367
2848,2961,104.510
2848,16015,49.352
2848,16020,32.683
2848,16069,64.501
2849,2844,44.818
2849,2867,39.644
2849,16116,16.643
2850,2847,20.842
2850,2868,75.357
2850,2924,12.639
2851,2861,96.285
2851,2875,77.313
2851,14865,93.705
2852,2881,40.850
2852,2941,126.813
2852,15136,33.837
2853,2898,138.782
2853,3027,34.039
2853,3047,50.303
2854,105,169.455
2854,2873,55.511
2854,2874,75.673
2855,98,68.609
2855,100,117.624
2855,2872,52.257
2855,2999,300.967
2856,2844,79.188
2856,2857,65.961
2856,2876,54.290
2857,2856,65.961
2858,2867,37.367
2858,2921,160.730
2858,13115,8.059
2859,2877,215.142
2859,2885,146.274
2859,2955,36.138
2859,2990,70.116
2860,2874,60.013
2860,2902,55.658
2860,2908,21.350
2861,2851,96.285
2862,11992,46.769
2862,15137,20.103
2862,15139,21.360
2863,2843,61.290
2863,16115,28.000
2864,2817,64.085
2864,14865,10.106
2865,2841,42.626
2866,2898,125.081
2866,2940,104.587
2866,14861,74.206
2867,2849,39.644
2867,2858,37.367
2867,2876,21.292
2868,2844,83.966
2868,2850,75.357
2868,14863,123.694
2869,2854,68.222
2869,17029,142.246
2870,2871,119.131
2870,2878,198.547
2870,2922,62.572
2870,16050,62.477
2871,2870,119.131
2871,2948,7.132
2871,2962,82.641
2872,98,54.756
2872,2855,52.257
2872,2969,118.758
2873,2874,73.363
2873,15602,26.386
2874,2854,75.673
2874,2860,60.013
2874,2873,73.363
2874,2921,48.436
2875,2851,77.313
2875,2876,126.866
2876,2856,54.290
2876,2867,21.292
2876,2875,126.866
2877,2859,215.142
2877,2900,114.686
2877,3007,77.788
2877,3010,178.727
2878,2870,198.547
2878,16113,31.575
2878,16114,70.245
2878,16115,51.913
2879,2953,57.842
2879,11884,71.702
2879,15138,51.445
2880,2884,36.549
2881,2852,40.850
2881,2953,18.511
2881,16141,39.520
2882,2900,31.769
2882,13138,90.569
2882,16143,25.625
2883,2895,88.529
2883,2902,48.764
2883,11985,41.931
2884,2843,46.525
2884,2844,47.937
2884,2880,36.549
2885,2859,146.274
2885,2945,32.867
2885,2964,27.824
2886,2956,128.403
2886,16013,25.677
2886,16063,43.962
2887,2913,34.318
2887,16114,51.212
2887,16116,75.427
2888,3239,117.355
2888,3245,17.853
2888,14860,12.074
2889,247,75.727
2889,2893,71.304
2889,17826,85.338
2890,2892,85.701
2890,2907,19.554
2891,1122,21.505
2891,2894,78.297
2892,2890,85.701
2892,2894,78.620
2892,12125,179.370
2893,2889,71.304
2893,2894,39.213
2894,2891,78.297
2894,2892,78.620
2894,2893,39.213
2895,2883,88.529
2895,2908,16.197
2895,16121,4.086
2896,2846,48.290
2896,13138,102.385
2896,16123,12.114
2897,2939,39.293
2897,15602,43.981
2898,2853,138.782
2898,2866,125.081
2898,16070,68.084
2899,2928,46.588
2899,16128,42.125
2900,2877,114.686
2900,2882,31.769
2900,2934,134.376
2901,2929,51.217
2901,2936,52.768
2901,16132,19.979
2902,2860,55.658
2902,2883,48.764
2902,2921,36.750
2903,2915,36.475
2903,17827,33.956
2904,2930,17.888
2904,13137,8.794
2904,16123,16.947
2904,16124,35.656
2905,2916,116.646
2905,2935,70.493
2906,2942,21.763
2906,16127,14.437
2907,2912,85.773
2907,16640,59.113
2908,2860,21.350
2908,2895,16.197
2908,2942,61.948
2909,2918,25.201
2909,13115,50.494
2910,2914,52.752
2910,2928,36.029
2910,16131,33.287
2910,16134,29.042
2911,2925,69.083
2911,16127,26.172
2912,2907,85.773
2912,2914,35.260
2912,2937,123.467
2913,2887,34.318
2913,2918,112.142
2913,11992,37.205
2914,2910,52.752
2914,2912,35.260
2914,16132,34.588
2914,16133,29.983
2915,2903,36.475
2915,2919,197.570
2915,2935,72.894
2916,2905,116.646
2916,2934,29.922
2916,2937,37.226
2917,2890,69.257
2917,16134,54.876
2918,2909,25.201
2918,2913,112.142
2918,11985,49.899
2919,2915,197.570
2920,2926,72.987
2920,2931,86.630
2920,16112,36.393
2921,2858,160.730
2921,2874,48.436
2921,2902,36.750
2922,2870,62.572
2922,2933,59.215
2922,2940,55.539
2923,2928,52.895
2923,2936,33.495
2923,16130,21.772
2924,2850,12.639
2924,16108,21.676
2924,16110,62.315
2925,2911,69.083
2925,16129,10.491
2926,2847,64.367
2926,2920,72.987
2926,16115,2.168
2927,16119,13.338
2928,2899,46.588
2928,2910,36.029
2928,2923,52.895
2928,2939,39.037
2929,2901,51.217
2929,2932,59.967
2929,2937,34.472
2930,2904,17.888
2930,2942,39.322
2930,16124,30.332
2931,2920,86.630
2931,16110,22.600
2932,2929,59.967
2932,2936,28.522
2932,16123,52.648
2932,16124,24.833
2933,2922,59.215
2933,2940,117.025
2933,16050,74.600
2933,16068,10.841
2934,2900,134.376
2934,2916,29.922
2935,2905,70.493
2935,2915,72.894
2935,16640,51.436
2936,2901,52.768
2936,2923,33.495
2936,2932,28.522
2936,16131,19.664
2937,2912,123.467
2937,2916,37.226
2937,2929,34.472
2938,14862,105.287
2938,16108,20.924
2938,16111,43.849
2939,2897,39.293
2939,2928,39.037
2939,16127,37.312
2940,2866,104.587
2940,2922,55.539
2940,2933,117.025
2941,2852,126.813
2941,16119,26.536
2942,2906,21.763
2942,2908,61.948
2942,2930,39.322
2943,2950,73.965
2943,2951,56.485
2943,3281,151.932
2944,2947,28.486
2944,2949,95.320
2944,14724,11.612
2945,2885,32.867
2945,2946,87.044
2945,2949,94.600
2946,2945,87.044
2946,14724,78.141
2946,16143,63.160
2947,2944,28.486
2947,2953,62.022
2947,16641,86.124
2948,2871,7.132
2948,2964,165.631
2948,11884,151.318
2949,2944,95.320
2949,2945,94.600
2949,16641,143.581
2950,2943,73.965
2950,3249,177.495
2950,16086,111.258
2951,2943,56.485
2951,2952,290.790
2951,3247,47.242
2952,2951,290.790
2952,3037,162.192
2952,17699,13.417
2953,2879,57.842
2953,2881,18.511
2953,2947,62.022
2954,2968,21.951
2955,2859,36.138
2955,2957,104.366
2955,3011,78.080
2955,15108,75.454
2956,2886,128.403
2956,2962,30.279
2956,2968,68.908
2957,2955,104.366
2957,2958,91.586
2957,2967,87.292
2958,2957,91.586
2958,2960,34.699
2958,2964,99.310
2959,2967,54.910
2960,2958,34.699
2960,2965,40.996
2960,2969,148.001
2961,2848,104.510
2961,2962,103.052
2961,16050,15.483
2962,2871,82.641
2962,2956,30.279
2962,2961,103.052
2963,16049,34.019
2964,2885,27.824
2964,2948,165.631
2964,2958,99.310
2965,2960,40.996
2965,2968,31.205
2965,2970,120.507
2966,98,43.998
2966,2967,157.644
2966,15108,108.844
2967,2957,87.292
2967,2959,54.910
2967,2966,157.644
2968,2954,21.951
2968,2956,68.908
2968,2965,31.205
2969,2872,118.758
2969,2960,148.001
2969,2970,72.933
2969,16008,114.794
2970,2965,120.507
2970,2969,72.933
2970,3041,5.037
2971,2972,67.874
2971,15036,103.786
2972,2971,67.874
2972,2974,86.436
2972,2981,133.597
2973,504,134.639
2973,2979,149.640
2974,489,132.024
2974,2972,86.436
2975,2976,82.099
2975,2977,68.570
2975,2982,84.520
2975,2983,31.861
2976,2975,82.099
2977,93,104.805
2977,2975,68.570
2978,2980,56.512
2979,93,136.846
2979,504,59.501
2979,2973,149.640
2979,2980,102.135
2980,2978,56.512
2980,2979,102.135
2980,2983,19.369
2981,490,98.247
2981,2972,133.597
2982,2975,84.520
2982,2983,91.046
2983,2975,31.861
2983,2980,19.369
2983,2982,91.046
2984,490,65.519
2984,15631,119.839
2985,13144,50.627
2986,2990,175.618
2986,2992,27.938
2986,3002,145.111
2987,64,199.506
2987,2993,50.775
2987,15621,68.178
2988,498,115.048
2988,499,59.438
2988,2995,102.525
2989,491,73.218
2989,2997,100.745
2989,15621,61.761
2990,2859,70.116
2990,2986,175.618
2990,3007,209.699
2990,3011,25.951
2991,491,117.539
2991,496,162.838
2991,11750,137.539
2992,95,116.284
2992,2986,27.938
2992,2998,121.118
2992,15643,77.813
2993,95,185.991
2993,2987,50.775
2993,2994,171.164
2994,2993,171.164
2994,2996,89.710
2994,15643,113.961
2995,501,65.623
2995,2988,102.525
2995,9655,93.281
2995,15637,30.293
2996,302,252.123
2996,2994,89.710
2996,16776,78.239
2997,495,119.098
2997,2989,100.745
2997,9655,80.745
2998,2992,121.118
2998,9654,42.858
2998,16776,95.011
2999,92,133.016
2999,101,69.222
2999,2855,300.967
3000,3008,69.440
3001,3003,38.104
3001,3005,120.273
3001,3007,81.713
3002,2986,145.111
3003,3001,38.104
3003,3009,111.132
3003,13139,51.020
3004,94,44.752
3004,500,12.080
3004,3009,106.944
3005,3001,120.273
3005,3006,164.577
3005,3010,100.020
3006,2977,140.300
3006,3005,164.577
3007,2877,77.788
3007,2990,209.699
3007,3001,81.713
3008,3000,69.440
3009,3003,111.132
3009,3004,106.944
3009,16915,62.218
3010,97,181.266
3010,2877,178.727
3010,3005,100.020
3011,2955,78.080
3011,2990,25.951
3011,3012,68.371
3012,92,246.656
3012,3011,68.371
3012,15107,23.617
3013,100,97.342
3013,101,197.013
3014,3150,172.544
3015,99,59.645
3015,3021,71.728
3015,16010,44.152
3016,12769,10.948
3017,3035,21.148
3018,81,151.343
3018,3033,182.696
3019,12236,25.072
3020,3023,16.745
3020,11892,64.285
3020,16039,74.459
3021,3015,71.728
3021,16009,35.377
3021,16012,61.124
3022,12132,107.310
3022,14970,40.430
3022,15409,99.962
3023,3020,16.745
3023,3036,62.437
3023,3047,82.856
3024,12236,21.328
3025,3028,53.986
3025,3035,69.751
3025,3046,71.657
3025,11891,73.661
3026,3030,86.095
3026,3032,115.893
3026,3038,46.066
3027,2853,34.039
3027,3036,41.510
3027,14860,139.587
3028,3025,53.986
3028,16015,41.959
3028,16039,31.690
3029,3035,83.458
3029,3048,66.495
3029,13116,35.313
3030,3026,86.095
3030,14715,23.153
3030,15758,61.123
3031,30,179.082
3031,80,8.379
3031,3042,70.368
3032,3026,115.893
3032,3042,73.693
3032,3044,76.253
3033,3016,39.014
3033,3018,182.696
3034,14715,99.963
3034,14859,168.538
3034,16657,23.164
3035,3017,21.148
3035,3025,69.751
3035,3029,83.458
3035,16016,41.572
3036,3023,62.437
3036,3027,41.510
3036,3040,93.117
3037,31,161.712
3037,14857,8.671
3038,3026,46.066
3038,3043,69.109
3038,3205,49.700
3039,99,193.537
3039,100,29.603
3039,11743,69.620
3040,3036,93.117
3040,11892,107.790
3041,2970,5.037
3041,3048,69.059
3041,16063,34.509
3042,3031,70.368
3042,3032,73.693
3042,16194,280.436
3043,3038,69.109
3043,13118,44.998
3043,15756,70.803
3044,3032,76.253
3044,13117,90.477
3044,15409,44.375
3045,11891,143.973
3045,12132,28.782
3045,16657,38.429
3046,3025,71.657
3047,2853,50.303
3047,3023,82.856
3047,16069,35.521
3047,16071,93.515
3048,3029,66.495
3048,3041,69.059
3048,16009,68.597
3049,11743,134.460
3049,11745,64.328
3049,16194,63.210
3050,3060,187.000
3050,3063,74.295
3051,82,144.542
3051,3060,193.692
3051,3066,27.281
3052,678,69.322
3052,3341,159.210
3053,3056,102.576
3053,9308,122.144
3053,14569,82.110
3054,3064,62.478
3054,14562,33.273
3054,17163,21.702
3055,3058,98.809
3055,9308,20.542
3055,16740,65.287
3056,83,95.371
3056,3053,102.576
3056,3089,112.887
3057,3065,93.377
3057,3103,154.435
3058,84,163.011
3058,3055,98.809
3058,3066,100.345
3059,11951,60.151
3059,14759,12.008
3059,14871,92.390
3060,3050,187.000
3060,3051,193.692
3060,13428,248.117
3061,15673,17.577
3062,3064,50.697
3063,79,104.208
3063,17163,72.007
3064,3054,62.478
3064,3062,50.697
3064,11951,54.006
3065,3057,93.377
3065,11610,130.482
3066,3051,27.281
3066,3058,100.345
3066,17377,60.289
3067,3074,144.444
3067,11081,80.524
3068,11017,63.077
3068,15680,53.813
3069,3080,88.084
3069,10997,3.245
3069,10998,87.419
3070,469,166.751
3070,3085,132.788
3070,11012,106.118
3071,11177,37.444
3071,14802,84.699
3072,3078,38.668
3072,11755,85.191
3073,330,215.842
3073,3072,98.365
3073,11012,228.115
3074,3067,144.444
3074,11078,33.515
3074,11088,142.397
3075,3085,132.167
3075,11012,104.823
3075,17665,50.856
3076,11005,97.679
3076,11027,97.250
3077,3088,133.373
3077,11023,25.759
3077,11025,13.033
3078,3068,150.292
3078,11003,76.710
3079,3073,102.135
3079,11781,340.461
3080,3069,88.084
3080,11017,93.864
3080,16457,115.564
3081,12555,21.943
3081,14975,18.263
3082,15680,58.996
3083,11005,89.668
3083,14972,33.556
3083,15635,20.510
3084,471,35.128
3084,15169,91.970
3085,3070,132.788
3085,3075,132.167
3085,10945,11.167
3086,10947,24.135
3086,10953,11.745
3086,16457,87.858
3087,11064,82.912
3087,11067,83.394
3087,11129,45.562
3088,3077,133.373
3088,11069,126.604
3088,11072,75.445
3088,11083,88.472
3089,3056,112.887
3089,3095,95.459
3090,3094,20.081
3090,6879,137.521
3091,12858,274.356
3092,11633,10.317
3092,17789,239.169
3092,17820,11.862
3093,11752,20.074
3093,14480,132.712
3094,11695,12.451
3094,11904,48.697
3095,83,94.616
3095,11752,130.994
3095,14480,20.503
3096,10492,90.957
3096,11622,16.462
3097,108,263.853
3097,9276,86.029
3097,17652,21.429
3098,3107,15.622
3098,6525,33.109
3098,15711,29.235
3099,670,34.605
3099,672,15.596
3099,3104,51.906
3100,189,418.360
3100,190,58.579
3101,10500,50.466
3101,17821,246.124
3102,3103,123.765
3102,12216,295.375
3102,15046,24.208
3103,3057,154.435
3103,3105,182.675
3103,3109,20.966
3104,670,45.467
3104,15194,8.356
3105,9276,21.295
3105,14569,48.220
3105,17652,85.189
3106,3094,318.440
3106,11633,24.388
3106,17817,13.935
3107,3050,200.909
3107,3098,15.622
3107,16564,23.373
3108,57,24.516
3108,3111,76.982
3109,3103,20.966
3109,6570,156.146
3109,15046,116.520
3110,17790,16.587
3111,57,73.381
3111,10498,25.475
3111,14443,15.456
3112,9314,91.378
3113,3135,26.820
3113,3174,55.390
3114,3115,28.303
3114,3119,37.284
3114,3141,31.693
3114,3144,42.742
3115,3114,28.303
3115,3138,6.554
3115,3177,22.046
3116,3149,28.928
3116,3160,30.651
3116,3177,26.003
3116,10661,38.112
3117,3134,30.932
3117,3187,90.749
3117,13130,4.904
3118,3134,92.214
3118,3136,22.261
3118,3138,28.515
3118,3141,28.682
3119,3114,37.284
3119,3168,40.592
3119,3194,25.707
3120,185,71.800
3120,11650,337.919
3121,3142,143.381
3121,3148,34.204
3121,3173,101.346
3122,3155,25.274
3122,3172,144.103
3122,3185,183.075
3123,3145,124.399
3123,3182,192.310
3123,3243,190.364
3124,3154,493.074
3124,3241,193.547
3125,11651,20.260
3125,17247,43.172
3126,3148,70.567
3126,3165,30.083
3126,3173,34.639
3126,3179,42.403
3127,3131,158.611
3127,3140,68.778
3127,3163,44.354
3128,3178,513.910
3128,3190,48.849
3129,3164,40.137
3130,3158,157.848
3130,3192,21.387
3130,13132,196.670
3131,3127,158.611
3131,3163,85.220
3131,3171,30.603
3132,9311,586.897
3133,3137,406.697
3133,3192,84.340
3134,3117,30.932
3134,3118,92.214
3134,3175,71.220
3135,3113,26.820
3135,3159,175.720
3136,3118,22.261
3136,3149,33.007
3136,3187,13.745
3137,3133,406.697
3137,3181,75.103
3138,3115,6.554
3138,3118,28.515
3138,3149,26.323
3139,10659,92.043
3139,13129,15.692
3139,13130,31.159
3140,3127,68.778
3140,17244,12.304
3141,3114,31.693
3141,3118,28.682
3141,3194,38.596
3142,3121,143.381
3142,3166,40.325
3142,3168,25.867
3143,3147,27.395
3143,3162,40.022
3144,3114,42.742
3144,3153,30.040
3144,3166,19.930
3144,3168,37.257
3145,3123,124.399
3145,3176,28.946
3145,3186,126.048
3146,3135,56.800
3146,3174,33.013
3147,3143,27.395
3148,3121,34.204
3148,3126,70.567
3148,3179,62.213
3149,3116,28.928
3149,3136,33.007
3149,3138,26.323
3149,10660,39.582
3150,3195,34.009
3150,11893,81.317
3151,3170,101.560
3152,3156,135.150
3152,3182,64.637
3152,3189,17.562
3153,3144,30.040
3153,3177,20.965
3153,3183,15.387
3154,194,191.652
3155,3122,25.274
3155,3178,53.941
3155,13129,163.636
3156,3152,135.150
3156,3193,136.271
3156,3243,150.802
3157,3175,155.438
3157,13127,69.346
3157,13131,51.990
3157,13132,53.052
3158,3130,157.848
3158,3188,66.807
3159,3195,49.960
3159,11893,26.427
3160,3116,30.651
3160,3183,25.284
3160,3189,38.040
3161,3191,38.909
3161,3193,135.596
3162,3143,40.022
3162,3186,19.283
3163,3127,44.354
3163,3131,85.220
3164,3146,75.697
3164,3151,58.832
3165,3126,30.083
3165,3169,38.818
3165,3184,52.997
3166,3142,40.325
3166,3144,19.930
3166,3183,29.820
3167,11625,17.755
3167,17778,543.542
3168,3119,40.592
3168,3142,25.867
3168,3144,37.257
3169,3165,38.818
3169,3171,123.245
3169,3180,13.082
3170,3132,174.789
3170,9315,174.276
3171,3131,30.603
3171,3169,123.245
3171,3184,24.132
3172,3122,144.103
3172,10401,34.233
3172,10659,91.111
3173,3121,101.346
3173,3126,34.639
3173,3184,47.668
3174,3146,33.013
3174,3151,70.791
3175,3134,71.220
3175,3157,155.438
3175,3194,88.111
3176,3145,28.946
3176,3185,37.141
3176,15134,84.703
3177,3115,22.046
3177,3116,26.003
3177,3153,20.965
3178,3128,513.910
3178,3155,53.941
3178,3185,184.480
3178,3192,160.637
3179,3126,42.403
3179,3148,62.213
3179,3180,23.229
3180,3169,13.082
3180,3179,23.229
3180,3193,51.754
3180,17244,142.660
3181,3137,75.103
3182,3123,192.310
3182,3152,64.637
3182,10401,77.791
3183,3153,15.387
3183,3160,25.284
3183,3166,29.820
3184,3165,52.997
3184,3171,24.132
3184,3173,47.668
3185,3122,183.075
3185,3176,37.141
3185,3178,184.480
3186,3129,44.538
3186,3162,19.283
3187,3117,90.749
3187,3136,13.745
3187,10659,33.216
3188,3158,66.807
3188,6941,129.151
3189,3152,17.562
3189,3160,38.040
3189,10661,22.099
3190,12686,766.638
3191,3243,30.213
3191,17246,108.670
3192,3130,21.387
3192,3133,84.340
3192,3178,160.637
3193,3156,136.271
3193,3161,135.596
3193,3180,51.754
3194,3119,25.707
3194,3141,38.596
3194,3175,88.111
3195,3128,24.742
3195,3190,32.181
3196,3202,20.115
3197,3221,79.331
3197,3230,97.976
3197,14464,56.858
3198,3204,59.790
3198,3215,66.682
3198,16521,48.613
3199,3218,18.778
3199,3270,54.841
3199,15306,30.073
3200,2816,65.374
3200,3203,105.630
3200,12134,15.940
3201,3211,66.647
3201,3273,101.852
3201,3282,57.911
3201,17697,40.866
3202,3196,20.115
3202,3217,39.637
3202,3228,91.928
3203,3200,105.630
3203,15306,95.194
3204,3198,59.790
3204,3223,5.116
3204,15470,22.215
3205,3038,49.700
3205,14856,181.676
3205,15775,83.243
3206,3212,100.081
3206,3229,50.849
3206,16947,12.789
3207,3212,50.000
3207,3216,7.812
3207,3232,176.252
3208,3221,122.890
3208,3224,110.070
3208,16521,74.764
3209,2804,72.780
3209,2822,155.245
3209,3232,132.648
3210,3228,35.805
3210,3229,74.591
3210,3232,58.073
3211,3201,66.647
3211,3216,61.809
3211,3268,90.878
3211,3277,59.569
3212,3206,100.081
3212,3207,50.000
3212,17697,8.128
3213,16040,112.523
3214,3215,40.734
3214,3227,14.887
3214,3232,34.270
3215,2804,56.926
3215,3198,66.682
3215,3214,40.734
3216,3207,7.812
3216,3211,61.809
3216,3285,59.556
3217,3202,39.637
3217,3218,53.453
3217,3229,77.983
3218,3199,18.778
3218,3217,53.453
3218,3274,25.985
3219,3225,56.958
3219,3317,21.805
3219,12747,53.570
3220,3223,155.349
3220,10532,166.451
3221,3197,79.331
3221,3208,122.890
3221,15470,34.113
3222,3224,87.989
3222,3227,111.387
3222,3228,36.148
3223,2804,57.346
3223,3204,5.116
3223,3220,155.349
3224,3208,110.070
3224,3222,87.989
3224,3226,155.538
3225,3219,56.958
3226,2814,44.630
3226,3224,155.538
3226,12748,72.796
3227,3214,14.887
3227,3222,111.387
3227,16521,45.492
3228,3202,91.928
3228,3210,35.805
3228,3222,36.148
3229,3206,50.849
3229,3210,74.591
3229,3217,77.983
3230,2808,159.759
3230,2810,101.409
3230,3197,97.976
3231,30,26.202
3231,14855,176.877
3231,15775,32.249
3232,3207,176.252
3232,3209,132.648
3232,3210,58.073
3232,3214,34.270
3233,2822,75.825
3233,3239,113.514
3233,3277,46.627
3233,13136,43.773
3234,3238,81.415
3234,3240,37.497
3234,16088,67.214
3235,3236,119.821
3235,3238,30.250
3235,13136,54.757
3235,16086,39.911
3236,3235,119.821
3236,3237,85.655
3236,3268,26.703
3237,3236,85.655
3237,3265,109.486
3237,16945,16.241
3237,16946,90.306
3238,3234,81.415
3238,3235,30.250
3238,13136,84.216
3239,2888,117.355
3239,3233,113.514
3239,16088,30.824
3240,3234,37.497
3240,3249,38.473
3240,16084,9.119
3241,3129,313.845
3242,441,114.006
3243,443,213.789
3243,3123,190.364
3243,3156,150.802
3243,3191,30.213
3244,32,123.446
3244,3253,152.133
3245,3249,146.349
3245,3255,200.458
3246,3254,213.115
3246,3256,100.189
3246,3257,71.256
3247,2951,47.242
3247,3271,207.567
3247,13134,121.286
3248,782,119.700
3248,3338,167.743
3248,3344,27.544
3249,2950,177.495
3249,3240,38.473
3249,3245,146.349
3250,3269,53.382
3251,3256,79.198
3251,3338,48.986
3251,4051,83.110
3252,16084,14.603
3253,32,59.267
3253,3244,152.133
3253,3256,178.675
3254,3246,213.115
3254,3259,117.107
3254,13134,75.806
3255,2952,120.428
3255,14859,12.992
3256,3246,100.189
3256,3251,79.198
3256,3253,178.675
3256,3269,67.271
3257,3246,71.256
3257,3305,33.616
3257,3312,75.393
3258,3267,88.312
3258,14508,48.715
3258,16059,12.922
3259,3254,117.107
3259,3271,120.284
3259,3312,74.921
3260,3264,155.351
3260,3289,52.789
3260,15310,96.546
3261,3271,188.378
3261,3308,76.082
3261,15315,62.008
3262,3470,195.984
3262,14518,36.656
3262,15322,8.406
3263,3288,40.134
3264,3260,155.351
3264,3275,78.502
3264,3280,75.188
3265,3237,109.486
3265,3278,77.124
3265,3288,52.715
3266,42,26.942
3266,3310,134.911
3267,3258,88.312
3267,3278,96.935
3267,15307,57.362
3268,3211,90.878
3268,3236,26.703
3269,3250,53.382
3269,3256,67.271
3269,3310,50.786
3270,3199,54.841
3270,14808,47.483
3271,3247,207.567
3271,3259,120.284
3271,3261,188.378
3271,3281,122.199
3272,2816,95.688
3272,3284,151.922
3272,15300,42.157
3273,3201,101.852
3274,3218,25.985
3274,3292,28.871
3274,16947,8.645
3275,3264,78.502
3275,16948,63.213
3276,3427,61.213
3276,3467,121.458
3276,14510,14.856
3277,3211,59.569
3277,3233,46.627
3277,3285,74.187
3278,3265,77.124
3278,3267,96.935
3278,15307,52.372
3279,3288,31.548
3279,14808,96.065
3279,15307,86.659
3280,3264,75.188
3280,3298,41.543
3280,15010,11.150
3281,2943,151.932
3281,3271,122.199
3281,16948,5.896
3282,3201,57.911
3282,16946,47.527
3282,17698,37.416
3283,14808,15.887
3284,3272,151.922
3284,3287,61.065
3284,3291,71.356
3285,2822,45.661
3285,3216,59.556
3285,3277,74.187
3286,16947,57.789
3286,17698,19.544
3287,2818,55.372
3287,3284,61.065
3287,16059,58.248
3288,3263,40.134
3288,3265,52.715
3288,3279,31.548
3289,3260,52.789
3289,17582,17.891
3290,3313,175.969
3290,15315,130.858
3290,15322,96.578
3291,3284,71.356
3292,3274,28.871
3293,3482,49.081
3293,3487,55.401
3293,14511,17.264
3294,3297,44.605
3295,3297,27.128
3295,15308,35.524
3295,15309,48.144
3296,15308,16.377
3296,16945,39.302
3297,3294,44.605
3297,3295,27.128
3297,16948,152.288
3298,3280,41.543
3298,15308,23.457
3299,14510,71.289
3299,15897,203.787
3299,16577,74.757
3300,17582,44.809
3301,11981,111.943
3302,15921,58.704
3303,3276,75.071
3303,3423,151.910
3303,14509,10.731
3304,11981,54.559
3305,3257,33.616
3306,42,100.838
3306,3309,100.120
3306,13234,28.039
3307,13134,83.461
3308,3261,76.082
3308,3311,153.977
3308,3312,122.214
3309,3306,100.120
3309,3311,141.906
3310,51,50.584
3310,3266,134.911
3310,3269,50.786
3311,3308,153.977
3311,3309,141.906
3311,3313,30.131
3312,3257,75.393
3312,3259,74.921
3312,3308,122.214
3313,41,73.530
3313,3290,175.969
3313,3311,30.131
3314,3318,45.492
3314,14506,40.625
3314,16032,84.713
3315,3419,89.258
3315,3424,91.009
3315,14506,13.320
3316,2840,12.207
3316,3318,145.363
3316,17433,29.292
3317,3219,21.805
3317,3318,152.903
3317,11841,19.450
3318,3314,45.492
3318,3316,145.363
3318,3317,152.903
3319,2802,354.326
3319,3322,135.948
3319,3375,528.945
3320,3321,45.529
3320,3363,34.347
3320,15557,102.266
3320,15912,113.320
3321,237,234.081
3321,3320,45.529
3321,3325,169.259
3322,3319,135.948
3322,3323,394.807
3322,3332,52.369
3323,3322,394.807
3323,3327,141.315
3324,229,291.812
3324,15172,230.963
3324,17640,63.713
3325,235,143.118
3325,3321,169.259
3325,3333,194.054
3326,3331,30.529
3326,3378,11.572
3327,3323,141.315
3327,3361,62.345
3327,3378,129.428
3328,3330,255.948
3328,12004,35.078
3328,15557,6.370
3329,3379,86.153
3329,8904,24.954
3329,9716,163.472
3329,12158,119.617
3329,12168,492.168
3330,2773,120.318
3330,3359,187.267
3331,3326,30.529
3331,9716,275.763
3332,3322,52.369
3332,3333,37.436
3332,3363,53.684
3333,3325,194.054
3333,3332,37.436
3334,3339,102.845
3334,10490,148.648
3334,11952,10.441
3335,10499,103.795
3335,11948,60.128
3336,3244,86.946
3337,3340,115.884
3338,3248,167.743
3338,3251,48.986
3338,4051,82.642
3338,12104,87.799
3339,3334,102.845
3339,3336,124.096
3340,3052,38.807
3340,3337,115.884
3341,678,117.028
3341,795,72.523
3341,3052,159.210
3341,11949,67.287
3342,3335,88.503
3342,11949,72.877
3343,3339,76.739
3343,3344,138.411
3344,32,113.045
3344,3248,27.544
3344,3343,138.411
3345,15411,46.826
3345,17166,53.758
3346,3248,49.621
3346,10030,92.018
3346,12104,177.974
3347,43,3.823
3347,3350,113.417
3347,3353,139.718
3348,3349,45.257
3348,3352,26.085
3348,16801,77.314
3349,3348,45.257
3349,3350,158.622
3349,11555,170.311
3350,616,79.250
3350,3347,113.417
3350,3349,158.622
3351,3353,118.474
3351,14489,44.654
3352,3348,26.085
3352,15828,73.000
3352,15830,1.671
3353,3347,139.718
3353,3351,118.474
3353,15830,20.986
3354,15499,61.698
3355,3357,35.109
3355,3360,85.059
3356,12352,60.995
3356,15172,52.411
3356,15176,49.705
3357,3355,35.109
3357,9714,211.411
3357,17591,10.463
3358,2785,35.572
3358,16903,48.705
3359,2773,181.755
3359,3330,187.267
3359,15499,26.166
3360,3355,85.059
3360,12014,191.715
3360,15519,209.338
3361,3327,62.345
3361,9713,190.283
3361,17591,76.334
3362,3368,55.116
3363,3320,34.347
3363,3332,53.684
3364,3374,43.487
3364,3380,102.197
3364,3415,47.308
3365,9715,118.332
3365,14362,302.771
3365,17695,91.609
3366,3373,73.512
3367,3386,68.442
3367,3402,95.879
3367,3527,60.436
3368,3362,55.116
3368,3369,37.047
3368,3371,92.072
3369,3368,37.047
3369,3370,75.759
3369,3376,49.423
3370,3369,75.759
3370,3373,80.023
3370,3407,180.541
3371,3368,92.072
3371,14365,120.075
3371,16092,89.091
3372,3378,283.055
3373,3366,73.512
3373,3370,80.023
3373,3393,56.128
3374,3364,43.487
3374,3412,85.424
3375,3319,528.945
3375,3393,12.344
3375,17442,63.518
3376,3369,49.423
3377,3412,75.093
3377,3429,80.289
3377,15072,10.431
3378,3326,11.572
3378,3327,129.428
3378,3372,283.055
3379,3329,86.153
3379,12155,176.721
3379,16092,84.084
3380,3364,102.197
3380,3413,20.623
3381,3388,66.260
3381,3526,75.705
3381,3527,111.307
3382,3384,32.701
3382,3397,7.407
3382,15920,27.162
3383,3395,190.506
3384,3382,32.701
3384,3385,34.437
3384,3390,55.032
3384,3391,54.913
3385,3384,34.437
3385,3392,42.688
3385,15920,30.458
3386,3367,68.442
3386,3401,16.521
3386,14367,61.461
3387,3400,185.268
3388,3381,66.260
3388,16064,44.741
3389,3395,201.410
3390,3384,55.032
3390,3395,74.161
3390,3400,35.153
3391,3384,54.913
3392,3385,42.688
3392,14367,30.074
3392,16073,70.462
3393,3373,56.128
3393,3375,12.344
3393,3394,75.068
3394,3393,75.068
3395,3383,190.506
3395,3389,201.410
3395,3390,74.161
3395,3399,30.579
3396,3401,18.758
3397,3382,7.407
3397,3400,56.321
3398,3407,58.257
3398,13890,60.388
3398,16057,114.244
3399,3395,30.579
3399,3402,125.068
3400,3387,185.268
3400,3390,35.153
3400,3397,56.321
3401,3386,16.521
3401,3396,18.758
3401,14366,59.535
3402,3367,95.879
3402,3399,125.068
3402,16073,31.293
3403,9774,24.506
3403,9775,23.324
3403,12057,16.618
3404,9771,42.539
3404,9775,90.350
3404,12058,23.283
3405,3528,58.778
3405,4506,352.459
3405,9777,18.441
3406,3408,35.430
3406,9777,39.534
3406,13865,25.025
3407,3370,180.541
3407,3398,58.257
3408,3406,35.430
3408,9776,23.011
3408,12057,48.433
3409,49,93.262
3410,3412,55.728
3410,3415,123.950
3410,3417,76.040
3411,3415,296.976
3411,3416,90.435
3411,3417,146.794
3412,3374,85.424
3412,3377,75.093
3412,3410,55.728
3412,3418,78.898
3413,3380,20.623
3413,17269,73.030
3414,17794,94.619
3415,3364,47.308
3415,3410,123.950
3415,3411,296.976
3416,48,134.756
3416,3411,90.435
3417,2813,82.748
3417,3410,76.040
3417,3411,146.794
3418,3412,78.898
3418,3424,57.622
3418,3429,85.871
3419,3447,67.401
3419,3448,89.541
3420,3438,109.692
3420,3443,109.364
3420,16493,150.469
3421,3453,62.715
3421,3455,61.274
3421,4504,34.190
3422,3431,151.060
3422,3449,26.901
3422,3452,33.816
3423,3303,151.910
3423,3450,22.346
3423,3459,13.744
3424,3315,91.009
3424,3418,57.622
3424,3433,87.562
3424,3448,99.413
3425,3428,28.053
3425,3463,159.050
3425,3480,20.082
3426,3441,93.601
3426,17803,8.738
3427,3293,74.628
3427,3467,54.339
3427,15319,15.927
3428,3425,28.053
3428,3443,71.391
3428,17807,88.587
3429,3315,67.126
3429,3418,85.871
3430,3435,109.417
3431,3422,151.060
3431,3452,25.276
3432,3456,40.836
3432,3471,46.566
3432,3479,45.755
3433,3424,87.562
3433,3440,71.230
3433,3448,195.636
3434,3530,83.501
3435,3430,109.417
3436,3440,72.715
3437,3441,69.507
3437,3447,90.427
3437,16060,10.890
3438,3420,109.692
3439,3442,17.125
3439,3453,34.915
3440,3433,71.230
3440,3436,72.715
3440,16051,83.129
3441,3426,93.601
3441,3437,69.507
3441,3443,49.684
3442,3439,17.125
3442,3444,256.623
3442,3532,166.863
3443,3420,109.364
3443,3428,71.391
3443,3441,49.684
3444,3442,256.623
3444,3454,26.498
3445,3450,57.983
3445,3461,75.922
3445,3467,69.916
3445,3489,82.178
3446,3485,150.940
3446,3487,98.859
3446,3489,47.839
3446,3499,114.401
3447,3426,71.357
3447,3437,90.427
3447,14507,13.483
3448,3419,89.541
3448,3424,99.413
3448,3433,195.636
3448,16060,56.210
3449,3422,26.901
3449,3463,29.938
3450,3423,22.346
3450,3445,57.983
3450,3481,150.403
3451,3452,64.801
3452,3422,33.816
3452,3431,25.276
3452,3451,64.801
3453,3421,62.715
3453,3439,34.915
3453,4510,160.617
3454,3444,26.498
3454,3463,101.421
3455,3421,61.274
3455,4507,206.107
3455,4508,10.073
3456,2811,112.063
3456,3432,40.836
3457,3500,17.512
3457,4519,363.345
3458,3473,51.343
3458,3481,46.063
3458,3483,30.941
3459,3423,13.744
3459,3471,65.751
3459,3473,89.675
3460,3465,14.389
3460,3474,125.549
3460,3476,23.778
3461,3445,75.922
3461,3477,51.400
3461,12146,13.819
3462,2811,65.096
3462,3480,104.162
3463,3425,159.050
3463,3449,29.938
3463,3454,101.421
3463,15305,9.146
3464,3479,66.356
3465,3460,14.389
3465,3466,44.790
3465,17068,62.176
3466,3465,44.790
3467,3276,121.458
3467,3427,54.339
3467,3445,69.916
3467,3482,81.319
3468,3470,81.252
3468,3485,58.544
3468,3491,81.409
3469,3471,53.541
3470,913,308.722
3470,3262,195.984
3470,3468,81.252
3471,3432,46.566
3471,3459,65.751
3471,3469,53.541
3472,3475,35.716
3473,3458,51.343
3473,3459,89.675
3473,15321,21.279
3474,3460,125.549
3475,3472,35.716
3475,3478,71.704
3475,17068,5.564
3476,3460,23.778
3476,15305,16.819
3477,3461,51.400
3477,3481,55.930
3477,3500,34.360
3478,3475,71.704
3479,3432,45.755
3479,3464,66.356
3479,3480,32.417
3480,3425,20.082
3480,3462,104.162
3480,3479,32.417
3481,3450,150.403
3481,3458,46.063
3481,3477,55.930
3482,3293,49.081
3482,3467,81.319
3482,3489,54.811
3483,3458,30.941
3484,3262,134.237
3484,3485,149.660
3484,17131,10.954
3485,3446,150.940
3485,3468,58.544
3485,3484,149.660
3486,667,38.851
3486,793,70.930
3486,11964,70.062
3487,3446,98.859
3487,9652,72.142
3488,759,12.004
3488,804,82.618
3488,3494,53.098
3489,3445,82.178
3489,3446,47.839
3489,3482,54.811
3490,842,13.476
3490,913,101.847
3490,3497,64.061
3491,3468,81.409
3491,3498,28.674
3492,43,55.923
3493,3495,99.881
3493,9650,72.629
3493,12015,23.224
3494,3488,53.098
3495,3493,99.881
3495,3501,82.218
3495,15871,113.286
3496,4499,34.570
3496,4514,90.057
3496,4526,80.706
3497,3490,64.061
3498,3491,28.674
3498,16489,128.619
3499,3446,114.401
3500,3457,17.512
3500,3477,34.360
3501,3495,82.218
3501,13877,11.445
3501,16340,35.709
3502,3505,72.097
3503,3505,5.452
3503,3510,90.916
3503,13932,108.862
3504,734,22.841
3504,781,39.622
3504,3525,106.740
3505,3502,72.097
3505,3503,5.452
3505,3515,53.634
3506,3511,36.835
3506,4045,78.443
3506,17673,9.230
3507,3520,41.551
3507,13933,9.812
3507,14741,13.480
3508,15970,33.648
3509,15974,18.678
3510,225,72.672
3510,3503,90.916
3510,15932,73.827
3511,3506,36.835
3511,3516,15.801
3511,3520,140.072
3512,3525,38.857
3512,15972,67.342
3512,15973,28.221
3513,734,20.474
3513,735,27.267
3513,897,39.102
3514,16745,48.653
3515,226,67.047
3515,3505,53.634
3515,16746,35.651
3516,3511,15.801
3516,15974,16.630
3517,16746,61.817
3517,16747,52.444
3517,16756,41.404
3518,15973,17.393
3519,16742,13.878
3520,763,33.329
3520,3511,140.072
3521,794,71.225
3521,3524,75.705
3521,13931,8.314
3522,16744,62.408
3523,13933,40.179
3523,15970,16.784
3523,16208,45.550
3524,3521,75.705
3525,562,59.398
3525,3504,106.740
3525,3512,38.857
3525,16743,67.371
3526,3381,75.705
3526,3529,55.158
3526,16470,74.194
3527,3367,60.436
3527,3381,111.307
3527,17269,75.737
3528,3405,58.778
3528,3532,169.597
3528,13890,54.365
3529,3526,55.158
3529,3532,45.584
3529,16470,129.489
3530,3434,83.501
3530,3531,14.583
3530,15303,9.583
3531,3530,14.583
3531,3532,214.415
3532,3442,166.863
3532,3528,169.597
3532,3529,45.584
3532,3531,214.415
3533,3551,28.592
3533,15904,6.528
3534,3539,200.276
3534,3551,21.606
3534,3554,145.501
3535,3539,240.454
3535,3546,307.054
3535,3555,19.668
3536,3544,44.176
3536,3550,68.818
3536,3557,66.895
3537,3553,15.544
3538,3546,138.332
3538,3559,446.242
3538,15905,50.991
3539,3534,200.276
3539,3535,240.454
3539,3548,55.526
3540,230,32.948
3540,3559,86.258
3540,12017,103.802
3541,15049,91.929
3541,15914,203.212
3541,17671,4.627
3542,3553,54.151
3543,12017,58.599
3544,3536,44.176
3544,3547,68.076
3544,8983,27.004
3545,230,275.961
3546,3535,307.054
3546,3538,138.332
3546,3551,118.713
3547,3544,68.076
3547,3550,52.779
3547,3560,51.488
3548,3539,55.526
3548,3549,32.712
3548,3552,121.548
3549,3548,32.712
3549,3560,126.678
3549,3561,51.913
3550,3536,68.818
3550,3547,52.779
3550,3561,65.349
3551,3533,28.592
3551,3534,21.606
3551,3546,118.713
3552,3548,121.548
3552,3554,11.941
3552,3557,40.388
3553,3537,15.544
3553,3542,54.151
3553,3558,48.332
3554,3534,145.501
3554,3552,11.941
3555,3535,19.668
3555,3558,63.544
3555,15469,55.876
3556,229,35.524
3556,2654,910.177
3556,3558,387.361
3557,3536,66.895
3557,3552,40.388
3557,3561,70.780
3558,3553,48.332
3558,3555,63.544
3558,3556,387.361
3559,3538,446.242
3559,3540,86.258
3559,12326,83.278
3560,3547,51.488
3560,3549,126.678
3560,3598,105.331
3561,3549,51.913
3561,3550,65.349
3561,3557,70.780
3562,2654,125.605
3562,2676,233.405
3562,3567,279.632
3563,3564,89.639
3563,3566,40.053
3563,3567,61.755
3564,3563,89.639
3564,3568,54.304
3564,3571,158.490
3565,3567,62.052
3566,3563,40.053
3567,3562,279.632
3567,3563,61.755
3567,3565,62.052
3568,3564,54.304
3568,3587,204.480
3568,3588,285.270
3569,3581,205.650
3569,8149,67.681
3569,14435,9.765
3570,3581,424.840
3570,3582,133.986
3570,15468,98.015
3571,2676,44.970
3571,3564,158.490
3571,3577,289.369
3572,3578,242.337
3572,3593,110.213
3572,17759,29.671
3573,1295,200.041
3573,3631,16.645
3574,3576,82.367
3575,3577,24.767
3575,3578,36.021
3576,3574,82.367
3577,3571,289.369
3577,3575,24.767
3577,3580,46.845
3578,3572,242.337
3578,3575,36.021
3578,3579,101.754
3579,3578,101.754
3579,3596,140.605
3579,15468,8.614
3580,2676,283.025
3580,3577,46.845
3581,3569,205.650
3581,3570,424.840
3581,3585,38.447
3582,3570,133.986
3583,3584,216.121
3584,3583,216.121
3585,3581,38.447
3586,3596,41.830
3587,3568,204.480
3587,3591,233.119
3587,3598,95.909
3588,3568,285.270
3588,3591,91.398
3589,3592,23.275
3590,3597,73.959
3590,8980,155.021
3590,16712,52.110
3591,3587,233.119
3591,3588,91.398
3592,3589,23.275
3593,3572,110.213
3593,3595,36.819
3593,3596,27.056
3594,15468,40.241
3595,3593,36.819
3596,3579,140.605
3596,3586,41.830
3596,3593,27.056
3597,3590,73.959
3598,3560,105.331
3598,3587,95.909
3599,3612,19.358
3599,15450,39.568
3600,3641,43.692
3601,3701,41.355
3601,8144,157.604
3601,8870,288.833
3601,12478,164.426
3602,3603,102.904
3602,3646,130.116
3602,3649,83.493
3602,3654,204.729
3603,3602,102.904
3603,3645,100.920
3604,3605,13.774
3604,3617,218.925
3604,3704,45.634
3605,3604,13.774
3605,3617,257.705
3605,16055,104.730
3606,3623,69.974
3607,3609,249.236
3607,3753,14.017
3607,3755,136.505
3608,3646,81.808
3608,3647,19.955
3608,3656,16.624
3609,3607,249.236
3609,3623,25.635
3609,3662,58.457
3610,3665,85.758
3611,3634,65.845
3611,3648,91.378
3611,3667,156.188
3612,3599,19.358
3612,3635,45.203
3613,3643,87.911
3614,3621,49.919
3614,3626,37.385
3614,3749,159.732
3615,3625,201.377
3616,3765,116.147
3616,8000,318.374
3617,3604,218.925
3617,3605,257.705
3617,3688,82.789
3618,3625,47.706
3619,3774,128.862
3619,14683,7.430
3619,17490,108.047
3620,3768,30.887
3620,3797,58.166
3620,14353,60.536
3621,3614,49.919
3621,3749,36.591
3621,3759,74.527
3622,3628,181.664
3623,3606,69.974
3623,3609,25.635
3623,3643,24.166
3624,3659,30.074
3624,3665,101.235
3624,14349,61.528
3625,3615,201.377
3625,3618,47.706
3625,16077,29.491
3626,3614,37.385
3626,3652,9.877
3626,3756,39.406
3627,3638,47.147
3628,3622,181.664
3628,3643,24.625
3628,3719,87.523
3629,3603,223.643
3629,16859,34.991
3630,3722,104.110
3630,3824,63.906
3630,3838,89.875
3631,3639,188.794
3631,3660,116.779
3631,13473,11.470
3632,3644,121.369
3632,3775,23.992
3632,16994,36.959
3633,3653,124.365
3633,3715,33.793
3633,3721,144.728
3634,3611,65.845
3634,3638,66.647
3634,3648,35.235
3635,3612,45.203
3635,8851,91.132
3635,8860,57.263
3636,3653,17.776
3636,3708,28.160
3636,3835,26.636
3637,3640,30.059
3637,3663,197.093
3637,3668,124.718
3638,3627,47.147
3638,3634,66.647
3638,3667,29.130
3639,3631,188.794
3640,3637,30.059
3640,3646,13.443
3640,3647,72.667
3641,3600,43.692
3641,3662,15.820
3642,3662,38.332
3643,3613,87.911
3643,3623,24.166
3643,3628,24.625
3644,3650,17.898
3644,13464,8.481
3645,3659,63.952
3645,14349,26.410
3646,3602,130.116
3646,3608,81.808
3646,3640,13.443
3647,3608,19.955
3647,3640,72.667
3648,3611,91.378
3648,3634,35.235
3648,16859,5.716
3649,3602,83.493
3649,3659,11.807
3649,14350,36.819
3650,3782,106.492
3650,3785,69.689
3651,3668,2.659
3651,3744,53.634
3651,3770,53.430
3652,3626,9.877
3652,3758,42.461
3652,3801,51.194
3653,3633,124.365
3653,3636,17.776
3653,3698,92.284
3654,3602,204.729
3654,3658,63.695
3655,16062,57.852
3656,3608,16.624
3656,3661,56.459
3657,3712,10.608
3657,3715,25.933
3658,3654,63.695
3658,3665,57.116
3658,14351,43.440
3659,3624,30.074
3659,3645,63.952
3659,3649,11.807
3660,14435,98.981
3660,16055,451.150
3661,3656,56.459
3661,3667,25.183
3661,3744,8.857
3662,3609,58.457
3662,3641,15.820
3662,3642,38.332
3663,3637,197.093
3663,3668,101.220
3663,3716,32.943
3664,350,31.614
3664,8163,78.123
3665,3610,85.758
3665,3624,101.235
3665,3658,57.116
3666,3748,83.960
3666,3768,29.628
3666,3825,20.799
3667,3611,156.188
3667,3638,29.130
3667,3661,25.183
3668,3637,124.718
3668,3651,2.659
3668,3663,101.220
3669,3670,83.666
3669,14356,36.195
3670,3669,83.666
3670,3671,76.146
3670,3672,74.068
3671,3670,76.146
3672,3670,74.068
3672,8152,151.086
3673,8153,11.836
3673,8981,158.879
3674,3677,110.614
3674,3679,69.818
3674,3680,72.768
3675,3681,93.567
3675,3704,97.814
3675,15450,70.015
3676,3677,136.606
3677,3674,110.614
3677,3676,136.606
3677,3680,34.460
3678,3681,106.913
3678,3683,29.683
3678,8152,199.036
3679,3674,69.818
3679,3681,31.650
3679,3683,112.792
3680,3674,72.768
3680,3677,34.460
3680,3683,32.500
3681,3675,93.567
3681,3678,106.913
3681,3679,31.650
3682,8153,397.368
3683,3678,29.683
3683,3679,112.792
3683,3680,32.500
3684,3686,60.244
3684,14355,31.795
3685,3696,48.255
3686,3684,60.244
3686,3703,116.451
3686,3704,149.012
3687,3693,33.552
3687,3703,20.100
3687,3711,19.408
3688,3617,82.789
3688,3692,51.662
3688,3720,53.980
3689,3703,29.744
3690,14355,73.830
3691,3692,31.834
3692,3688,51.662
3692,3691,31.834
3692,3725,28.650
3693,3687,33.552
3694,8157,126.648
3694,8199,13.310
3694,8216,49.697
3695,3709,79.783
3695,3712,29.046
3695,3714,63.018
3696,3685,48.255
3696,3706,17.800
3696,3711,26.433
3697,3706,38.150
3698,3653,92.284
3699,3709,42.984
3699,3713,31.179
3700,17748,46.515
3701,3601,41.355
3701,3708,43.402
3702,3725,22.316
3703,3686,116.451
3703,3687,20.100
3703,3689,29.744
3704,3604,45.634
3704,3675,97.814
3704,3686,149.012
3705,8144,42.931
3705,8182,163.387
3706,3696,17.800
3706,3697,38.150
3706,3709,12.427
3707,3711,46.348
3708,3636,28.160
3708,3701,43.402
3709,3695,79.783
3709,3699,42.984
3709,3706,12.427
3710,14355,8.841
3711,3687,19.408
3711,3696,26.433
3711,3707,46.348
3712,3657,10.608
3712,3695,29.046
3713,3699,31.179
3714,3695,63.018
3715,3633,33.793
3715,3657,25.933
3715,16786,88.803
3716,3663,32.943
3716,3717,67.586
3716,3753,55.611
3717,3716,67.586
3718,3720,87.852
3719,3628,87.523
3720,3688,53.980
3720,3718,87.852
3720,3721,71.266
3721,3633,144.728
3721,3720,71.266
3721,16785,53.887
3722,3630,104.110
3722,3726,103.127
3722,3804,74.664
3723,3724,55.450
3724,3723,55.450
3724,3804,28.397
3724,3806,11.662
3725,3692,28.650
3725,3702,22.316
3725,3727,28.612
3726,3722,103.127
3727,3725,28.612
3728,3729,56.504
3728,3806,8.514
3728,15458,27.373
3729,3728,56.504
3730,3754,110.534
3730,3760,76.328
3730,3765,390.538
3731,3741,70.008
3731,14354,13.030
3731,17018,67.335
3732,3734,19.063
3732,3736,26.852
3732,3751,16.928
3733,3745,40.387
3733,3771,61.222
3733,14353,23.701
3734,3732,19.063
3734,3743,50.179
3734,3747,19.937
3735,3756,25.213
3736,3732,26.852
3736,3758,47.540
3736,3802,6.427
3737,3746,23.149
3737,3760,10.537
3737,3767,97.591
3738,3758,75.626
3739,3742,25.527
3739,3744,45.939
3739,3763,36.537
3739,3770,48.347
3740,3741,60.488
3741,3731,70.008
3741,3740,60.488
3741,3753,20.325
3742,3739,25.527
3742,3757,44.357
3742,3761,13.767
3742,3769,34.519
3743,3734,50.179
3743,3745,12.472
3743,3754,107.630
3744,3651,53.634
3744,3661,8.857
3744,3739,45.939
3745,3733,40.387
3745,3743,12.472
3745,3755,63.631
3746,3737,23.149
3746,3757,19.311
3746,3761,42.180
3747,3734,19.937
3748,3666,83.960
3748,3764,76.961
3748,3768,114.598
3749,3614,159.732
3749,3621,36.591
3750,3760,20.692
3751,3732,16.928
3752,16994,45.093
3753,3607,14.017
3753,3716,55.611
3753,3741,20.325
3754,3730,110.534
3754,3743,107.630
3754,3756,65.192
3755,3607,136.505
3755,3745,63.631
3755,3771,21.527
3756,3626,39.406
3756,3735,25.213
3756,3754,65.192
3757,3742,44.357
3757,3746,19.311
3757,3770,22.437
3758,3652,42.461
3758,3736,47.540
3758,3738,75.626
3758,3798,39.668
3759,3621,74.527
3759,3762,101.955
3759,3775,5.590
3760,3730,76.328
3760,3737,10.537
3760,3750,20.692
3761,3742,13.767
3761,3746,42.180
3761,3766,29.571
3762,3759,101.955
3763,3739,36.537
3764,3748,76.961
3764,3771,27.582
3764,14353,66.751
3765,3616,116.147
3765,3730,390.538
3765,16994,147.483
3766,3761,29.571
3767,3737,97.591
3768,3620,30.887
3768,3666,29.628
3768,3748,114.598
3769,3742,34.519
3770,3651,53.430
3770,3739,48.347
3770,3757,22.437
3771,3733,61.222
3771,3755,21.527
3771,3764,27.582
3772,3774,102.037
3772,3790,202.627
3772,3794,227.114
3773,3788,24.018
3773,13465,230.136
3774,3772,102.037
3774,3779,251.246
3775,3632,23.992
3775,3759,5.590
3775,3783,46.777
3776,3785,9.322
3776,17104,46.028
3776,17105,26.226
3777,3783,136.441
3777,12080,79.466
3778,3780,23.951
3778,3784,40.135
3778,17098,19.792
3779,3790,54.706
3779,3791,57.922
3779,14693,9.216
3780,3778,23.951
3780,3787,42.022
3780,3792,29.438
3781,17104,35.941
3781,17105,17.335
3781,17106,144.384
3782,3632,12.512
3782,17105,116.039
3783,3775,46.777
3783,3777,136.441
3783,3800,21.457
3784,3778,40.135
3784,3787,23.836
3785,3776,9.322
3785,13453,10.267
3786,3789,63.181
3786,3791,137.546
3786,16735,20.919
3787,3780,42.022
3787,3784,23.836
3788,3616,193.624
3788,17104,110.240
3789,3786,63.181
3789,3792,45.604
3789,3794,70.498
3790,3772,202.627
3790,3779,54.706
3790,3792,46.232
3791,3777,28.646
3791,3786,137.546
3792,3780,29.438
3792,3789,45.604
3792,3790,46.232
3793,3794,30.181
3794,3772,227.114
3794,3789,70.498
3794,3793,30.181
3795,3803,87.405
3796,3797,93.193
3796,3803,81.362
3797,3620,58.166
3797,3796,93.193
3797,3802,33.074
3798,3758,39.668
3798,3799,24.020
3798,3802,94.412
3798,3803,47.274
3799,3798,24.020
3800,3783,21.457
3800,16735,22.385
3800,16736,11.033
3801,3652,51.194
3802,3736,6.427
3802,3797,33.074
3802,3798,94.412
3803,3795,87.405
3803,3796,81.362
3803,3798,47.274
3804,3722,74.664
3804,3724,28.397
3804,17730,39.779
3805,3816,73.746
3805,3819,29.513
3806,3724,11.662
3806,3728,8.514
3806,17720,40.899
3807,3822,35.490
3807,3835,32.674
3807,15458,12.180
3808,3837,7.319
3809,3811,42.487
3809,3821,35.561
3809,3832,55.301
3810,3820,29.236
3810,3836,147.101
3810,17112,61.241
3811,3809,42.487
3811,3827,34.845
3811,12066,51.839
3812,3825,80.404
3813,3818,50.312
3813,3828,58.744
3813,17113,43.508
3814,3820,104.894
3814,3836,28.020
3815,3830,38.437
3815,3838,146.872
3815,17730,68.575
3816,3805,73.746
3816,3822,32.456
3816,3835,40.661
3817,3836,128.092
3817,12066,22.379
3818,3813,50.312
3818,3834,55.240
3818,17113,120.569
3819,3805,29.513
3819,3822,76.485
3819,3830,47.075
3820,3810,29.236
3820,3814,104.894
3821,3809,35.561
3821,3827,43.895
3821,3828,40.686
3822,3807,35.490
3822,3816,32.456
3822,3819,76.485
3823,3837,29.788
3823,3838,70.981
3823,17489,52.163
3824,3630,63.906
3824,3825,21.733
3824,3831,73.957
3825,3666,20.799
3825,3812,80.404
3825,3824,21.733
3826,3829,26.754
3826,3833,24.589
3826,3837,19.141
3827,3811,34.845
3827,3821,43.895
3827,3834,43.587
3828,3813,58.744
3828,3821,40.686
3828,3834,46.804
3829,3826,26.754
3830,3815,38.437
3830,3819,47.075
3830,17720,68.338
3831,3824,73.957
3832,3809,55.301
3832,17114,3.371
3833,3826,24.589
3834,3818,55.240
3834,3827,43.587
3834,3828,46.804
3835,3636,26.636
3835,3807,32.674
3835,3816,40.661
3836,3810,147.101
3836,3814,28.020
3836,3817,128.092
3836,17112,51.165
3837,3808,7.319
3837,3823,29.788
3837,3826,19.141
3838,3630,89.875
3838,3815,146.872
3838,3823,70.981
3839,3619,77.946
3840,3839,5.182
3840,17114,485.550
3841,3853,42.415
3841,3856,127.860
3841,3864,97.318
3842,3872,45.494
3842,3909,34.646
3842,13464,63.464
3843,3853,61.717
3843,3857,130.625
3844,16875,70.178
3845,8185,5.567
3845,8186,69.478
3845,8196,10.837
3846,3862,21.757
3847,3866,66.994
3848,3860,133.849
3848,3902,168.843
3849,3854,30.968
3849,3861,70.752
3849,3867,94.848
3850,3852,101.493
3850,3905,21.536
3850,16322,96.155
3851,3862,126.556
3851,3867,54.734
3852,3850,101.493
3852,3858,7.856
3852,17100,68.036
3853,3841,42.415
3853,3858,274.046
3854,3849,30.968
3854,3861,45.133
3854,3862,14.868
3855,8195,65.398
3856,3841,127.860
3856,3866,117.965
3856,16322,29.084
3857,3843,39.321
3858,3852,7.856
3858,11908,17.794
3859,3866,61.983
3859,3871,28.330
3859,16875,144.475
3860,3848,133.849
3860,3865,36.936
3860,3887,25.457
3861,3849,70.752
3861,3854,45.133
3861,16875,41.036
3862,3846,21.757
3862,3851,126.556
3862,3854,14.868
3863,8200,31.850
3864,3841,97.318
3865,3860,36.936
3866,3847,66.994
3866,3856,117.965
3866,3859,61.983
3867,3849,94.848
3867,3857,39.834
3868,3580,447.736
3868,17706,10.150
3869,3875,52.139
3869,17100,49.607
3870,3927,64.589
3871,3859,28.330
3871,3887,35.796
3871,3890,94.995
3872,3842,45.494
3872,3877,86.490
3872,3880,95.520
3873,3894,46.839
3874,3912,27.210
3874,3920,168.355
3874,17101,70.839
3875,3869,52.139
3875,3903,27.220
3875,3905,34.367
3876,3905,94.536
3876,16322,43.490
3877,3872,86.490
3877,3883,85.118
3877,17100,89.561
3878,16323,74.939
3879,3890,79.195
3880,3872,95.520
3880,3884,62.181
3880,3889,65.675
3881,3886,23.403
3881,3900,19.732
3881,3901,63.166
3882,3886,113.386
3882,3895,38.349
3882,3907,123.257
3883,3877,85.118
3884,3880,62.181
3884,3891,30.804
3884,3899,32.207
3885,3892,102.472
3886,3881,23.403
3886,3882,113.386
3886,3896,62.696
3887,3860,25.457
3887,3871,35.796
3887,3894,95.547
3888,3901,13.119
3889,3880,65.675
3889,3892,58.590
3889,16323,96.946
3890,3871,94.995
3890,3879,79.195
3890,3904,51.743
3891,3884,30.804
3891,3909,71.000
3891,3923,68.570
3892,3885,102.472
3892,3889,58.590
3892,3903,21.534
3893,3899,87.098
3894,3873,46.839
3894,3887,95.547
3894,3907,32.144
3895,3882,38.349
3895,3902,161.358
3895,3924,18.567
3896,3886,62.696
3896,3898,16.596
3896,3901,21.546
3897,3903,187.560
3897,3904,5.359
3898,3896,16.596
3899,3884,32.207
3899,3893,87.098
3899,3900,114.072
3899,3920,54.100
3900,3881,19.732
3900,3899,114.072
3900,3906,52.669
3901,3881,63.166
3901,3888,13.119
3901,3896,21.546
3902,3895,161.358
3902,3937,550.254
3903,3875,27.220
3903,3892,21.534
3903,3897,187.560
3904,3890,51.743
3904,3897,5.359
3904,3907,221.046
3905,3850,21.536
3905,3875,34.367
3905,3876,94.536
3906,3900,52.669
3907,3882,123.257
3907,3894,32.144
3907,3904,221.046
3908,3912,85.260
3908,3924,51.080
3908,3927,4.661
3909,3842,34.646
3909,3891,71.000
3909,13463,55.521
3910,13455,69.695
3911,3927,122.810
3912,3874,27.210
3912,3908,85.260
3912,3916,46.999
3913,3922,136.937
3914,3917,68.505
3915,3924,77.021
3916,3912,46.999
3917,3914,68.505
3917,3922,23.618
3917,3925,52.104
3918,3925,78.008
3918,17099,58.927
3919,3922,40.230
3920,3874,168.355
3920,3899,54.100
3920,3923,61.447
3921,3925,67.058
3922,3913,136.937
3922,3917,23.618
3922,3919,40.230
3923,3891,68.570
3923,3920,61.447
3923,3944,36.023
3923,13462,90.771
3924,3895,18.567
3924,3908,51.080
3924,3915,77.021
3925,3917,52.104
3925,3918,78.008
3925,3921,67.058
3926,17099,72.696
3927,3870,64.589
3927,3908,4.661
3927,3911,122.810
3928,3934,94.709
3928,3937,103.997
3928,3940,22.748
3929,3930,64.700
3929,3938,42.456
3929,16784,7.148
3930,3929,64.700
3930,3941,42.363
3930,3942,56.677
3931,3932,66.852
3931,3939,74.035
3931,13456,76.428
3932,3931,66.852
3933,3942,28.053
3934,3928,94.709
3935,3949,127.679
3936,3938,37.448
3936,3940,65.408
3936,3945,47.122
3937,3855,194.325
3937,3928,103.997
3938,3929,42.456
3938,3936,37.448
3938,3941,63.234
3939,3931,74.035
3940,3928,22.748
3940,3936,65.408
3940,3941,35.932
3941,3930,42.363
3941,3938,63.234
3941,3940,35.932
3942,3930,56.677
3942,3933,28.053
3942,3947,82.951
3943,3945,17.939
3943,3949,62.895
3943,3958,59.095
3944,3923,36.023
3945,3936,47.122
3945,3943,17.939
3945,3946,71.224
3946,3945,71.224
3947,3942,82.951
3948,3949,135.584
3949,3935,127.679
3949,3943,62.895
3949,3948,135.584
3950,3952,83.140
3950,3954,42.482
3951,15645,26.059
3951,17116,40.047
3952,3950,83.140
3952,3954,37.219
3952,3959,21.958
3952,15647,29.991
3953,3956,153.300
3954,3950,42.482
3954,3952,37.219
3954,3957,43.580
3955,3957,36.492
3955,3958,95.096
3955,13458,90.278
3956,3953,153.300
3956,17115,2.267
3957,3954,43.580
3957,3955,36.492
3957,13457,71.450
3958,3943,59.095
3958,3955,95.096
3958,13460,94.755
3959,3952,21.958
3959,3960,37.896
3959,15645,16.443
3960,3959,37.896
3961,1587,177.924
3961,3966,91.074
3961,13500,192.583
3962,3968,42.397
3963,3972,45.947
3963,3973,3.892
3963,13499,165.118
3964,3967,19.413
3965,1588,33.588
3965,3968,86.501
3966,3961,91.074
3966,3973,48.268
3966,17653,22.546
3967,3964,19.413
3967,3968,33.165
3967,3969,18.574
3967,13498,83.215
3968,3962,42.397
3968,3965,86.501
3968,3967,33.165
3969,3967,18.574
3970,1589,17.244
3970,3972,48.693
3970,12476,54.447
3970,17654,77.545
3971,13497,50.517
3972,3963,45.947
3972,3970,48.693
3972,12475,95.937
3973,3963,3.892
3973,3966,48.268
3973,17653,68.410
3974,3975,227.308
3974,3982,79.611
3974,4009,53.918
3975,3974,227.308
3975,3987,38.927
3975,4000,56.663
3975,4002,37.925
3976,4010,120.691
3976,13370,24.362
3977,3992,70.513
3977,14760,9.265
3977,16733,4.453
3978,1586,34.422
3978,3998,83.641
3979,3996,74.909
3979,15664,77.642
3980,3984,79.781
3980,3991,33.521
3981,3982,27.589
3981,4008,428.451
3981,4010,91.516
3982,3974,79.611
3982,3981,27.589
3982,3986,69.821
3983,3984,75.430
3983,3998,25.411
3984,3980,79.781
3984,3983,75.430
3985,3978,346.410
3985,4009,106.060
3986,3982,69.821
3987,3975,38.927
3987,4001,56.325
3987,15664,52.457
3988,15666,12.426
3989,3995,20.147
3990,3994,88.169
3991,3980,33.521
3991,4001,33.620
3991,15666,57.278
3992,341,17.008
3992,3993,77.141
3992,13500,10.084
3993,3992,77.141
3993,3994,110.001
3993,3997,104.117
3994,3990,88.169
3994,3993,110.001
3995,3989,20.147
3995,3998,15.315
3996,3979,74.909
3997,3993,104.117
3998,3978,83.641
3998,3983,25.411
3998,3995,15.315
3999,15665,3.859
4000,3975,56.663
4001,3987,56.325
4001,3991,33.620
4001,15665,39.980
4002,3975,37.925
4003,4005,81.753
4003,4007,58.874
4004,4010,60.580
4004,4013,47.079
4004,4014,77.258
4005,4003,81.753
4005,4008,10.808
4005,4014,186.153
4006,4013,31.067
4007,4012,36.008
4007,17537,8.230
4008,3981,428.451
4008,4005,10.808
4008,4016,275.840
4009,3974,53.918
4009,3985,106.060
4010,3976,120.691
4010,3981,91.516
4010,4004,60.580
4011,4012,71.458
4011,4013,33.270
4012,3976,96.346
4012,4011,71.458
4013,4004,47.079
4013,4006,31.067
4013,4011,33.270
4013,4014,47.498
4014,4004,77.258
4014,4005,186.153
4014,4013,47.498
4015,4016,14.743
4015,10058,178.746
4016,4008,275.840
4016,4015,14.743
4016,16413,53.284
4017,16413,37.653
4018,9475,232.596
4018,9479,812.186
4019,4020,318.313
4019,4023,121.044
4019,10058,49.525
4020,4019,318.313
4021,4022,61.799
4022,4021,61.799
4023,4019,121.044
4023,4024,119.877
4023,10059,23.330
4024,4023,119.877
4024,10058,74.407
4025,4033,82.054
4026,14524,33.579
4026,17561,198.200
4027,4028,145.098
4028,4027,145.098
4028,4029,116.620
4028,4036,106.182
4029,4028,116.620
4030,9521,51.448
4030,12405,219.369
4030,12452,385.140
4031,4034,161.699
4032,12666,23.352
4032,12667,30.327
4032,17813,88.163
4033,4025,82.054
4033,4036,24.490
4033,14524,98.333
4034,4031,161.699
4035,4036,132.580
4036,4028,106.182
4036,4033,24.490
4036,4035,132.580
4037,820,40.863
4037,4048,28.080
4037,4079,18.792
4038,862,40.215
4038,12542,75.609
4039,819,30.721
4039,4043,113.190
4039,12552,123.773
4039,15726,38.616
4040,4043,74.597
4040,4045,94.165
4040,4047,12.513
4041,763,115.070
4041,4047,52.266
4041,12545,82.899
4042,4046,56.262
4042,11910,48.309
4042,14448,19.723
4043,4039,113.190
4043,4040,74.597
4044,900,19.394
4044,4046,37.771
4045,763,61.748
4045,3506,78.443
4045,4040,94.165
4046,4042,56.262
4046,4044,37.771
4046,10076,145.056
4047,805,97.383
4047,4040,12.513
4047,4041,52.266
4048,4037,28.080
4049,4059,111.115
4049,11612,61.382
4049,15675,16.529
4050,3108,161.187
4050,15690,62.202
4051,3338,82.642
4051,17238,7.285
4052,4054,60.156
4052,14566,22.365
4053,56,69.278
4053,9501,100.530
4053,15690,72.811
4054,4052,60.156
4054,11606,121.825
4054,14768,109.485
4055,4056,106.647
4055,4059,36.343
4056,689,41.587
4056,4055,106.647
4056,15675,18.618
4057,587,55.018
4057,4050,111.221
4058,853,180.936
4058,14532,63.319
4058,14764,25.766
4059,4049,111.115
4059,16562,32.060
4060,56,130.238
4060,626,44.230
4060,749,61.066
4061,4068,36.381
4061,4069,35.738
4061,9499,34.058
4061,9501,93.942
4062,13950,25.674
4062,14768,56.041
4063,4067,45.039
4063,4076,46.471
4063,4077,95.929
4064,4076,32.883
4065,4070,48.695
4066,583,127.809
4067,899,7.255
4067,4063,45.039
4067,12526,39.056
4068,4061,36.381
4069,4061,35.738
4069,4071,34.604
4069,4075,42.769
4070,4065,48.695
4070,4076,30.753
4070,13211,50.173
4071,4069,34.604
4071,13212,74.010
4071,15748,49.543
4072,6520,24.007
4072,12647,172.307
4072,15750,159.545
4073,583,70.158
4073,9502,33.133
4073,11740,89.290
4074,664,160.329
4074,4075,20.352
4074,15735,66.821
4075,4069,42.769
4075,4074,20.352
4076,4063,46.471
4076,4064,32.883
4076,4070,30.753
4076,12055,40.248
4077,4063,95.929
4078,4083,43.183
4078,15613,24.938
4079,4037,18.792
4079,4086,46.908
4079,4101,68.276
4080,557,26.302
4080,4081,59.658
4080,4085,16.560
4081,4080,59.658
4082,4084,33.379
4082,4090,110.006
4082,4100,29.945
4083,4078,43.183
4083,4085,77.767
4083,4108,16.123
4084,4082,33.379
4084,9500,40.998
4084,12150,72.371
4085,4080,16.560
4085,4083,77.767
4085,15639,37.198
4086,4079,46.908
4086,4092,28.271
4086,4101,37.192
4087,807,30.180
4087,4109,39.826
4087,13944,95.481
4088,4095,55.069
4088,12047,98.672
4088,12152,16.463
4089,557,8.927
4089,4091,74.579
4089,4109,34.622
4090,4082,110.006
4090,4094,41.998
4090,4098,49.471
4090,4100,84.156
4091,661,60.216
4091,4089,74.579
4091,4103,19.833
4092,4086,28.271
4093,4096,10.068
4093,4104,24.403
4093,4108,45.596
4094,4090,41.998
4094,4096,42.675
4094,4099,91.700
4095,4088,55.069
4095,4105,17.278
4095,4106,46.293
4096,4093,10.068
4096,4094,42.675
4097,4098,74.144
4097,4104,63.843
4097,4106,74.870
4098,4090,49.471
4098,4097,74.144
4099,4094,91.700
4099,4100,39.014
4099,12542,9.982
4100,4082,29.945
4100,4090,84.156
4100,4099,39.014
4101,591,17.039
4101,4079,68.276
4101,4086,37.192
4102,4104,55.783
4103,4091,19.833
4104,4093,24.403
4104,4097,63.843
4104,4102,55.783
4105,4095,17.278
4106,773,16.047
4106,4095,46.293
4106,4097,74.870
4107,820,23.397
4107,12542,31.171
4107,15613,113.168
4108,4083,16.123
4108,4093,45.596
4108,15613,45.978
4109,4087,39.826
4109,4089,34.622
4109,4114,98.503
4110,4111,87.483
4111,682,83.098
4111,4110,87.483
4111,4115,71.872
4112,654,85.707
4112,4114,9.486
4113,669,84.728
4113,724,37.015
4113,4117,43.872
4114,557,64.412
4114,4109,98.503
4114,4112,9.486
4115,682,66.839
4115,4111,71.872
4115,14560,17.324
4116,794,4.417
4116,14990,60.309
4116,15925,25.329
4117,4113,43.872
4118,4120,169.385
4118,4164,57.644
4119,628,64.102
4119,14989,37.130
4120,4118,169.385
4120,4156,78.076
4120,4159,101.370
4120,4161,25.872
4121,4130,30.858
4121,4215,26.122
4121,17599,91.265
4122,4129,96.810
4122,12177,78.531
4122,14539,52.163
4123,4173,79.363
4123,4183,40.505
4123,4205,33.426
4124,4158,65.246
4124,4163,42.596
4124,15625,42.479
4125,797,40.572
4125,4183,36.683
4125,4204,36.917
4126,4185,145.238
4126,4272,4.839
4126,13222,35.393
4127,4151,47.476
4128,4133,22.686
4129,222,96.765
4129,4122,96.810
4129,17353,16.562
4130,4121,30.858
4130,4181,28.883
4130,4202,27.819
4131,4198,40.304
4132,4163,146.003
4132,4208,41.414
4133,635,65.146
4133,4128,22.686
4133,4168,57.835
4134,4200,82.158
4134,15097,83.050
4134,15977,45.177
4135,220,17.603
4135,4180,47.387
4135,4206,61.637
4136,4167,28.039
4136,4190,47.077
4136,15900,31.975
4137,4190,82.070
4138,4149,72.172
4138,13934,40.381
4138,15128,5.659
4139,4154,98.830
4139,4237,17.913
4139,4238,10.908
4140,4150,71.390
4140,13218,24.810
4140,13219,43.907
4141,4152,44.896
4141,4184,43.968
4141,14662,10.232
4142,4175,36.438
4142,4193,38.520
4143,4160,91.241
4143,4264,18.592
4143,4268,11.940
4144,4194,55.790
4145,4155,41.754
4145,4168,103.503
4145,14777,26.483
4146,4156,29.435
4146,4175,72.154
4147,4167,76.473
4147,4168,77.074
4147,15098,69.553
4148,4160,109.568
4148,4268,11.947
4148,4272,33.147
4149,4138,72.172
4150,4140,71.390
4150,4191,19.688
4150,4196,34.897
4151,4127,47.476
4151,14539,22.670
4151,15398,26.956
4152,4141,44.896
4152,4197,97.208
4152,4211,16.881
4153,15977,26.683
4154,4139,98.830
4155,4145,41.754
4155,4167,24.241
4155,15907,34.208
4156,4120,78.076
4156,4146,29.435
4156,4159,66.185
4156,4192,27.915
4157,4174,28.434
4157,4177,15.433
4157,4186,107.342
4158,4124,65.246
4158,4212,63.177
4158,13941,48.706
4159,4120,101.370
4159,4156,66.185
4159,13942,3.971
4160,4143,91.241
4160,4148,109.568
4160,4211,53.317
4161,4120,25.872
4161,15907,163.407
4161,15918,171.822
4162,874,80.007
4162,4174,5.326
4162,4213,60.012
4163,4124,42.596
4163,4132,146.003
4163,4189,127.762
4163,14537,38.728
4164,901,28.220
4164,4118,57.644
4164,4188,69.326
4164,15397,45.546
4165,11724,53.622
4166,797,34.063
4166,4183,37.606
4166,4205,37.264
4167,4136,28.039
4167,4147,76.473
4167,4155,24.241
4168,4133,57.835
4168,4145,103.503
4168,4147,77.074
4169,4178,18.311
4169,4180,71.732
4169,4206,36.780
4170,225,73.246
4170,4178,81.121
4170,4213,31.509
4171,13941,47.780
4171,14533,117.032
4171,15625,33.253
4171,17353,87.198
4172,222,14.710
4172,12177,214.949
4172,13219,20.526
4173,4123,79.363
4173,4177,3.502
4173,4179,99.935
4174,4157,28.434
4174,4162,5.326
4174,4178,36.749
4175,4142,36.438
4175,4146,72.154
4175,4195,136.009
4176,797,42.269
4176,901,33.775
4176,4204,48.644
4177,4157,15.433
4177,4173,3.502
4177,4206,51.294
4178,4169,18.311
4178,4170,81.121
4178,4174,36.749
4179,4173,99.935
4179,4206,62.241
4179,4214,23.740
4180,225,99.032
4180,4135,47.387
4180,4169,71.732
4181,4130,28.883
4181,15888,53.471
4182,715,145.533
4182,744,32.949
4182,12152,148.978
4183,4123,40.505
4183,4125,36.683
4183,4166,37.606
4184,4141,43.968
4185,4126,145.238
4185,13937,30.980
4185,15891,19.740
4186,624,14.166
4186,4157,107.342
4186,4205,17.147
4187,571,39.680
4187,724,16.022
4187,4199,67.648
4188,4164,69.326
4188,4204,48.880
4188,4215,38.211
4189,4163,127.762
4190,4136,47.077
4190,4137,82.070
4190,4210,31.961
4191,4150,19.688
4192,4156,27.915
4192,13937,31.024
4193,4142,38.520
4194,4144,55.790
4194,4203,66.298
4194,4211,22.273
4195,4175,136.009
4196,4150,34.897
4196,4209,86.614
4196,13219,70.459
4197,4152,97.208
4198,4131,40.304
4198,4207,78.755
4198,14799,22.539
4199,4187,67.648
4200,221,24.825
4200,4134,82.158
4200,4215,37.613
4200,15918,75.680
4201,11726,107.917
4202,221,16.448
4202,4130,27.819
4202,15888,41.951
4203,4194,66.298
4203,4237,105.217
4203,16381,13.317
4204,4125,36.917
4204,4176,48.644
4204,4188,48.880
4205,4123,33.426
4205,4166,37.264
4205,4186,17.147
4206,4135,61.637
4206,4169,36.780
4206,4177,51.294
4206,4179,62.241
4207,222,30.642
4207,4198,78.755
4207,13942,28.041
4208,571,116.378
4208,4132,41.414
4208,11721,426.151
4208,13220,68.196
4209,4196,86.614
4209,13222,38.125
4209,13934,15.439
4210,4190,31.961
4211,4152,16.881
4211,4160,53.317
4211,4194,22.273
4212,4158,63.177
4212,15894,38.446
4213,4162,60.012
4213,4170,31.509
4213,15927,36.583
4214,220,80.130
4214,4179,23.740
4214,15888,40.908
4215,4121,26.122
4215,4188,38.211
4215,4200,37.613
4216,4290,51.817
4216,5386,36.987
4216,5400,16.667
4217,6306,249.215
4217,10558,115.122
4217,14329,12.886
4218,4227,80.854
4218,17058,118.341
4219,4235,41.790
4220,4222,94.136
4220,4236,100.302
4220,4290,56.381
4221,4234,54.926
4221,5389,65.370
4221,10558,68.599
4222,4220,94.136
4222,14437,26.655
4222,15084,20.375
4223,17060,32.869
4223,17061,71.813
4224,4227,116.488
4224,14437,67.423
4225,4236,3.560
4225,4292,32.252
4225,17317,16.934
4226,17058,40.887
4227,182,37.164
4227,4224,116.488
4228,4233,103.649
4229,4235,37.815
4229,4244,35.597
4229,9299,276.458
4230,4218,32.584
4231,4293,130.112
4231,5402,14.175
4231,5423,30.530
4232,15084,35.775
4233,223,43.506
4233,4228,103.649
4234,4221,54.926
4234,5380,62.020
4234,5386,27.755
4235,4219,41.790
4235,4229,37.815
4235,16377,22.575
4236,4220,100.302
4236,4225,3.560
4236,14437,103.418
4237,4139,17.913
4237,4203,105.217
4237,4273,102.481
4238,224,35.109
4238,4139,10.908
4238,4254,63.898
4239,13936,30.857
4240,4248,95.008
4240,4253,34.088
4240,4269,23.243
4241,4259,29.935
4241,4269,56.436
4241,4275,62.245
4242,4249,10.637
4242,4251,36.056
4242,4255,83.465
4243,4252,47.484
4243,4256,30.402
4243,14672,20.796
4244,4229,35.597
4244,4260,102.302
4244,4262,70.948
4245,4246,72.405
4245,4265,27.650
4245,4274,60.883
4246,4245,72.405
4247,4252,50.901
4247,4266,16.366
4247,4268,79.326
4248,4240,95.008
4248,4249,32.822
4248,4267,21.824
4249,4242,10.637
4249,4248,32.822
4249,4263,36.626
4250,4267,54.218
4250,4288,36.181
4250,16384,44.182
4251,4242,36.056
4251,4257,58.247
4251,16382,87.222
4252,4243,47.484
4252,4247,50.901
4252,4272,78.548
4253,4240,34.088
4253,4261,31.894
4253,4263,60.704
4254,4238,63.898
4254,4271,29.681
4254,13936,18.301
4255,4242,83.465
4256,4243,30.402
4257,4251,58.247
4257,4258,62.782
4257,4260,80.306
4258,4257,62.782
4258,4276,54.772
4258,16384,11.683
4259,4241,29.935
4260,4244,102.302
4260,4257,80.306
4260,14672,25.021
4261,4253,31.894
4261,4273,16.234
4261,13936,22.523
4262,4244,70.948
4262,4282,87.936
4262,17317,44.675
4263,4249,36.626
4263,4253,60.704
4263,4273,74.738
4264,4143,18.592
4264,16381,22.296
4264,16382,34.022
4265,4245,27.650
4265,4291,12.718
4265,17061,109.552
4266,4247,16.366
4267,4248,21.824
4267,4250,54.218
4267,4269,95.116
4268,4143,11.940
4268,4148,11.947
4268,4247,79.326
4269,4240,23.243
4269,4241,56.436
4269,4267,95.116
4269,4274,47.590
4270,224,104.058
4271,4254,29.681
4272,4126,4.839
4272,4148,33.147
4272,4252,78.548
4273,4237,102.481
4273,4261,16.234
4273,4263,74.738
4274,4245,60.883
4274,4269,47.590
4274,4288,53.341
4275,4241,62.245
4276,4258,54.772
4276,4278,41.226
4276,4282,36.838
4277,4285,45.895
4278,4276,41.226
4278,4286,56.165
4278,16383,61.853
4279,4281,19.643
4279,4285,52.234
4279,4289,32.469
4280,4295,80.951
4280,16618,6.377
4280,17060,32.151
4281,4279,19.643
4281,16383,43.380
4282,4262,87.936
4282,4276,36.838
4282,17063,90.446
4283,4286,66.472
4283,16383,38.775
4284,4293,31.437
4285,4277,45.895
4285,4279,52.234
4285,13935,75.648
4285,14692,25.804
4286,4278,56.165
4286,4283,66.472
4286,4293,17.456
4287,4290,66.044
4288,4250,36.181
4288,4274,53.341
4288,4294,70.598
4289,4279,32.469
4289,4296,23.801
4290,4216,51.817
4290,4220,56.381
4290,4287,66.044
4291,4265,12.718
4291,4296,15.231
4291,13935,50.947
4292,4225,32.252
4293,4231,130.112
4293,4284,31.437
4293,4286,17.456
4294,4288,70.598
4295,4280,80.951
4296,4289,23.801
4296,4291,15.231
4297,622,7.130
4297,4311,37.918
4297,4570,12.235
4298,4299,38.217
4299,4298,38.217
4299,16356,42.105
4299,16364,21.789
4300,4303,24.471
4300,4316,35.868
4300,4331,27.366
4301,4331,23.832
4302,4319,54.302
4302,4330,43.326
4303,885,35.594
4303,4300,24.471
4303,4309,20.844
4304,4321,23.644
4305,4319,13.324
4306,598,72.066
4306,645,15.979
4306,4310,85.190
4307,4313,64.989
4307,4322,160.430
4307,4326,6.579
4308,875,22.803
4309,4303,20.844
4310,598,27.110
4310,4306,85.190
4311,4297,37.918
4312,4319,44.065
4313,4307,64.989
4314,4328,40.259
4314,16365,29.205
4314,16368,21.474
4315,4321,16.770
4315,4327,30.215
4315,4352,12.562
4316,4300,35.868
4316,4318,27.694
4316,4320,87.527
4317,4320,12.505
4317,4323,86.067
4317,16363,12.565
4318,4316,27.694
4319,4302,54.302
4319,4305,13.324
4319,4312,44.065
4320,4316,87.527
4320,4317,12.505
4320,16361,28.736
4321,4304,23.644
4321,4315,16.770
4321,4335,3.129
4322,649,38.137
4322,4307,160.430
4322,4335,42.717
4323,649,16.503
4323,4317,86.067
4323,16362,13.563
4324,16368,19.828
4325,16365,15.608
4326,603,5.757
4326,4307,6.579
4326,4330,51.158
4327,4315,30.215
4328,4314,40.259
4328,14653,153.276
4328,16367,30.461
4328,17710,18.088
4329,742,34.028
4329,4348,22.276
4329,16367,61.208
4330,859,51.572
4330,4302,43.326
4330,4326,51.158
4331,859,34.372
4331,4300,27.366
4331,4301,23.832
4332,4334,55.104
4333,4343,22.764
4333,4344,22.544
4333,4352,47.914
4334,681,94.202
4334,742,289.048
4334,4332,55.104
4335,4321,3.129
4335,4322,42.717
4335,16881,31.944
4336,4343,109.260
4337,837,59.785
4337,4349,29.093
4337,4355,14.163
4338,4349,33.052
4339,4341,43.940
4340,4342,34.311
4341,4339,43.940
4341,4348,15.250
4341,4351,37.987
4342,761,89.288
4342,850,2.585
4342,4340,34.311
4343,4333,22.764
4343,4336,109.260
4343,16881,11.196
4344,4333,22.544
4345,4347,37.544
4345,4373,4.227
4346,4349,13.447
4346,4350,10.659
4346,16380,115.035
4347,681,57.557
4347,4345,37.544
4348,4329,22.276
4348,4341,15.250
4348,4352,41.523
4349,4337,29.093
4349,4338,33.052
4349,4346,13.447
4350,4346,10.659
4351,4341,37.987
4352,4315,12.562
4352,4333,47.914
4352,4348,41.523
4353,4381,81.833
4353,4461,2.205
4353,4484,19.777
4354,4383,22.743
4355,576,15.897
4355,4337,14.163
4355,4369,22.689
4356,4372,25.507
4356,4536,54.406
4356,4542,59.333
4357,4386,13.155
4357,15109,8.717
4358,4369,50.105
4359,4384,66.315
4360,634,37.448
4360,4478,35.811
4360,17571,35.632
4361,4376,18.040
4362,4368,23.048
4362,4377,54.551
4362,4384,131.858
4363,761,71.341
4363,4364,33.025
4363,4388,5.869
4364,4363,33.025
4365,16649,17.883
4366,4383,50.873
4367,4409,6.626
4367,4431,41.929
4367,4470,43.050
4368,4362,23.048
4368,4378,13.951
4368,4387,55.798
4369,4355,22.689
4369,4358,50.105
4369,4382,81.957
4370,905,46.737
4370,4390,38.038
4370,4560,14.607
4371,4386,15.433
4372,4356,25.507
4372,4484,5.010
4372,4532,94.454
4373,576,53.650
4373,596,149.005
4373,4345,4.227
4374,4378,55.523
4374,4463,7.494
4374,4482,50.304
4375,4385,12.519
4375,4386,8.438
4375,15109,13.382
4376,784,126.002
4376,837,138.052
4376,4361,18.040
4377,789,43.448
4377,890,76.763
4377,4362,54.551
4378,4368,13.951
4378,4374,55.523
4378,4389,16.703
4379,4396,15.550
4379,4470,21.122
4380,4385,18.921
4381,898,220.447
4381,4353,81.833
4381,9410,11.197
4382,4369,81.957
4383,4354,22.743
4383,4366,50.873
4383,17417,81.357
4384,4359,66.315
4384,4362,131.858
4384,16370,90.151
4385,4375,12.519
4385,4380,18.921
4385,16648,16.463
4386,4357,13.155
4386,4371,15.433
4386,4375,8.438
4387,4368,55.798
4387,4463,16.462
4387,16649,27.557
4388,873,105.756
4388,4363,5.869
4388,4594,38.890
4389,642,111.537
4389,789,65.492
4389,4378,16.703
4390,4370,38.038
4391,638,31.563
4391,4448,31.135
4391,4459,33.107
4392,4436,36.716
4392,4452,59.225
4392,4476,43.458
4393,4414,31.383
4394,4431,25.320
4394,4452,70.733
4394,4490,15.636
4395,4418,31.320
4395,4433,16.401
4395,4472,27.545
4396,4379,15.550
4396,4397,20.686
4396,4465,20.960
4397,569,41.286
4397,4396,20.686
4397,4490,79.749
4398,919,19.656
4398,4467,23.554
4398,16256,30.112
4399,4422,34.812
4400,849,50.569
4401,4437,22.171
4402,893,21.040
4403,674,31.425
4403,824,43.024
4403,4426,52.574
4404,4468,48.527
4405,4435,16.143
4405,4441,32.403
4406,4477,18.805
4406,4489,44.771
4406,4491,22.776
4407,4492,15.651
4408,4461,45.849
4409,4367,6.626
4409,4457,30.969
4409,4482,29.204
4410,4481,78.598
4411,9493,22.917
4411,10302,4.870
4412,4413,32.484
4412,4447,45.752
4412,4458,26.399
4413,4412,32.484
4413,4451,33.610
4414,4393,31.383
4414,4478,32.122
4414,4485,37.073
4415,4433,83.634
4415,4438,13.003
4415,4472,41.590
4416,789,16.085
4416,4451,82.348
4416,4479,13.532
4417,4434,20.020
4417,4446,1.533
4417,4473,34.923
4418,4395,31.320
4419,4680,43.741
4419,10302,29.987
4419,10425,107.128
4420,4456,38.700
4421,588,18.319
4421,4454,40.151
4421,15202,37.313
4422,741,42.033
4422,4399,34.812
4422,17388,23.921
4423,917,47.450
4423,4429,47.313
4423,4433,36.365
4424,4451,12.420
4425,621,45.769
4425,917,21.981
4425,4487,39.722
4426,4403,52.574
4427,4441,28.729
4428,4434,23.944
4428,4480,75.122
4428,4487,35.820
4429,4423,47.313
4430,4436,36.345
4431,4367,41.929
4431,4394,25.320
4431,4457,19.444
4432,4464,141.061
4432,4666,13.576
4432,12813,42.739
4433,4395,16.401
4433,4415,83.634
4433,4423,36.365
4434,832,58.662
4434,4417,20.020
4434,4428,23.944
4435,917,121.530
4435,4405,16.143
4435,4441,23.227
4436,4392,36.716
4436,4430,36.345
4437,4401,22.171
4437,4466,33.447
4437,4476,65.235
4438,4415,13.003
4439,690,89.806
4439,4483,66.659
4440,4463,66.949
4441,4405,32.403
4441,4427,28.729
4441,4435,23.227
4442,600,88.997
4442,750,146.336
4442,4474,33.975
4443,4475,35.689
4443,4488,61.207
4443,16226,72.355
4444,4489,53.945
4445,4460,52.147
4445,4491,57.968
4446,771,66.247
4446,4417,1.533
4446,4450,49.828
4447,736,68.203
4447,4412,45.752
4447,4554,4.941
4448,4391,31.135
4449,919,48.641
4450,4446,49.828
4451,4413,33.610
4451,4416,82.348
4451,4424,12.420
4452,4392,59.225
4452,4394,70.733
4452,4488,54.112
4453,4460,15.677
4454,4421,40.151
4455,832,69.983
4456,4420,38.700
4456,4461,35.193
4457,4409,30.969
4457,4431,19.444
4457,4482,36.251
4458,4412,26.399
4459,4391,33.107
4460,4445,52.147
4460,4453,15.677
4460,16227,30.970
4461,4353,2.205
4461,4408,45.849
4461,4456,35.193
4462,776,79.136
4462,832,18.226
4462,4471,34.318
4463,4374,7.494
4463,4387,16.462
4463,4440,66.949
4464,733,134.836
4464,4432,141.061
4464,9961,65.890
4465,569,30.680
4465,574,37.497
4465,4396,20.960
4466,4437,33.447
4467,849,19.011
4467,4398,23.554
4467,4486,60.484
4468,640,47.028
4468,840,86.294
4468,4404,48.527
4469,4474,35.805
4470,4367,43.050
4470,4379,21.122
4470,4494,35.216
4471,4462,34.318
4472,4395,27.545
4472,4415,41.590
4472,4486,29.714
4473,4417,34.923
4474,4442,33.975
4474,4469,35.805
4474,4484,50.048
4475,604,22.598
4475,4443,35.689
4475,4492,76.771
4476,4392,43.458
4476,4437,65.235
4476,4485,8.363
4477,4406,18.805
4478,904,96.092
4478,4360,35.811
4478,4414,32.122
4479,4416,13.532
4480,4428,75.122
4481,600,81.844
4481,642,81.415
4481,4410,78.598
4482,4374,50.304
4482,4409,29.204
4482,4457,36.251
4483,4439,66.659
4484,4353,19.777
4484,4372,5.010
4484,4474,50.048
4485,4414,37.073
4485,4476,8.363
4485,4491,38.321
4486,4467,60.484
4486,4472,29.714
4486,15202,40.844
4487,4425,39.722
4487,4428,35.820
4488,4443,61.207
4488,4452,54.112
4488,4490,112.364
4489,4406,44.771
4489,4444,53.945
4489,4493,21.555
4490,4394,15.636
4490,4397,79.749
4490,4488,112.364
4491,4406,22.776
4491,4445,57.968
4491,4485,38.321
4492,902,84.728
4492,4407,15.651
4492,4475,76.771
4493,904,35.843
4493,4489,21.555
4493,10520,52.526
4494,4470,35.216
4495,4512,124.409
4495,16339,59.781
4495,16340,56.923
4496,4514,23.312
4496,4523,20.894
4496,11640,24.378
4497,11640,37.370
4498,4524,39.744
4498,12987,38.659
4498,16274,5.346
4499,3496,34.570
4499,4502,41.583
4499,4513,127.774
4500,4506,76.804
4500,16118,18.406
4501,4507,55.687
4501,4521,169.645
4501,13858,84.894
4502,4499,41.583
4502,16490,5.980
4503,4517,333.626
4503,12093,95.055
4503,16266,14.665
4504,3421,34.190
4505,4509,15.412
4505,4513,125.709
4505,11641,71.452
4506,3405,352.459
4506,4500,76.804
4506,16105,95.661
4507,3455,206.107
4507,4501,55.687
4507,4508,80.675
4508,3455,10.073
4508,4507,80.675
4508,13858,66.124
4509,4505,15.412
4509,4519,133.458
4509,11594,46.544
4510,3453,160.617
4510,13858,32.841
4510,16105,49.069
4511,9789,56.131
4511,9790,52.277
4511,12963,35.098
4512,4495,124.409
4512,4526,154.389
4512,11637,41.966
4513,4499,127.774
4513,4505,125.709
4513,4514,38.087
4514,3496,90.057
4514,4496,23.312
4514,4513,38.087
4515,4518,32.701
4515,9637,22.102
4515,17121,25.617
4516,16118,4.728
4516,16321,25.696
4517,4503,333.626
4517,9793,93.221
4517,12931,55.322
4518,4515,32.701
4518,11597,11.148
4518,16329,49.682
4519,3457,363.345
4519,4509,133.458
4519,11639,2.438
4520,4525,59.119
4520,16321,28.559
4520,17073,26.236
4521,4501,169.645
4521,11597,66.733
4521,11639,165.121
4522,12631,76.670
4522,16274,61.981
4522,16281,43.677
4523,4496,20.894
4524,4498,39.744
4524,9646,451.832
4524,12633,178.594
4524,12963,81.987
4525,4520,59.119
4525,9761,81.921
4525,10068,54.926
4525,16101,68.450
4526,3496,80.706
4526,4512,154.389
4526,11638,34.248
4527,9637,42.896
4527,12931,54.845
4527,17843,8.267
4528,4533,16.702
4529,4550,25.083
4529,4553,21.461
4529,4565,28.281
4530,656,43.684
4530,736,3.835
4530,4548,45.275
4531,4548,29.949
4532,4372,94.454
4532,4542,78.938
4532,4558,8.734
4533,4528,16.702
4533,4544,32.448
4533,4545,22.681
4534,4543,39.896
4534,4544,52.718
4534,4546,20.286
4535,4550,34.240
4536,4356,54.406
4536,4541,1.576
4536,4559,47.060
4537,4552,95.604
4537,4557,81.953
4537,4559,49.140
4538,16355,42.237
4539,4550,25.587
4539,4562,11.857
4539,4564,40.263
4540,630,26.415
4541,4536,1.576
4541,4543,16.671
4541,4546,41.461
4542,4356,59.333
4542,4532,78.938
4542,4559,55.762
4543,4534,39.896
4543,4541,16.671
4543,4556,43.706
4544,4533,32.448
4544,4534,52.718
4544,4556,44.268
4545,4533,22.681
4545,4554,65.805
4545,4556,96.444
4546,4534,20.286
4546,4541,41.461
4547,4551,35.073
4548,4530,45.275
4548,4531,29.949
4548,4551,17.992
4549,676,56.266
4549,9411,4.044
4550,4529,25.083
4550,4535,34.240
4550,4539,25.587
4551,4547,35.073
4551,4548,17.992
4551,15117,61.193
4552,4537,95.604
4552,4554,89.999
4552,15117,75.411
4553,676,47.636
4553,4529,21.461
4553,4619,29.628
4554,4447,4.941
4554,4545,65.805
4554,4552,89.999
4555,4560,43.752
4555,4561,46.701
4555,13026,30.632
4555,14074,81.155
4556,4543,43.706
4556,4544,44.268
4556,4545,96.444
4557,838,62.147
4557,4537,81.953
4557,16284,19.253
4558,4381,35.265
4558,4532,8.734
4559,4536,47.060
4559,4537,49.140
4559,4542,55.762
4560,656,30.165
4560,4370,14.607
4560,4555,43.752
4561,4555,46.701
4562,4539,11.857
4562,15117,17.433
4562,16355,106.576
4563,630,62.519
4563,687,31.091
4563,15332,9.961
4564,4539,40.263
4565,4529,28.281
4566,10062,43.212
4567,653,45.517
4567,4592,76.340
4567,4598,44.471
4568,4578,21.398
4569,907,37.601
4570,885,45.254
4570,4297,12.235
4570,4604,65.560
4571,4614,32.827
4571,9413,43.040
4572,4586,18.503
4572,4603,27.141
4572,4618,33.985
4573,622,23.626
4573,4625,64.302
4573,16364,32.587
4574,4577,11.158
4575,4580,58.789
4575,4608,51.299
4575,4620,37.483
4576,4608,64.838
4577,4574,11.158
4577,4587,16.144
4577,4594,35.697
4578,705,14.828
4578,873,26.314
4578,4568,21.398
4579,860,16.200
4579,4604,24.034
4579,4607,70.776
4580,558,5.380
4580,4575,58.789
4580,4582,77.659
4581,4613,91.670
4582,4580,77.659
4583,565,19.848
4583,761,8.683
4583,4584,64.944
4584,4583,64.944
4584,16356,50.845
4585,4612,48.948
4586,4572,18.503
4586,4610,13.455
4586,4617,17.279
4587,4577,16.144
4588,907,27.107
4588,4624,33.709
4588,14482,43.732
4589,4622,37.232
4590,4591,21.470
4590,4605,26.439
4591,4590,21.470
4592,847,20.313
4592,4567,76.340
4592,4605,41.603
4593,554,35.528
4594,816,38.680
4594,4388,38.890
4594,4577,35.697
4595,4600,27.647
4596,4599,41.966
4596,4600,53.803
4596,4611,89.923
4597,589,44.499
4597,786,62.717
4597,4616,81.781
4598,765,12.157
4598,4567,44.471
4598,4601,31.010
4599,589,78.536
4599,4596,41.966
4599,4616,49.289
4600,4595,27.647
4600,4596,53.803
4600,4616,43.752
4601,4598,31.010
4601,4605,30.712
4601,4613,49.047
4602,4615,24.019
4603,4572,27.141
4603,4604,73.708
4603,4615,6.582
4604,4570,65.560
4604,4579,24.034
4604,4603,73.708
4605,4590,26.439
4605,4592,41.603
4605,4601,30.712
4606,4620,40.414
4607,4579,70.776
4608,4575,51.299
4608,9415,9.094
4608,16551,32.509
4609,716,58.882
4610,4586,13.455
4611,730,189.717
4611,4596,89.923
4611,9380,165.148
4612,706,39.018
4612,822,48.996
4612,4585,48.948
4613,716,28.625
4613,4581,91.670
4613,4601,49.047
4614,687,39.855
4614,788,14.833
4614,4571,32.827
4615,730,59.479
4615,4602,24.019
4615,4603,6.582
4616,4597,81.781
4616,4599,49.289
4616,4600,43.752
4617,4586,17.279
4618,885,24.544
4618,918,55.936
4618,4572,33.985
4619,788,46.555
4619,4553,29.628
4619,9412,68.220
4620,687,53.923
4620,4575,37.483
4620,4606,40.414
4621,907,96.038
4622,752,66.752
4622,4589,37.232
4622,4624,22.105
4623,602,10.277
4623,653,78.474
4623,705,36.956
4624,4588,33.709
4624,4622,22.105
4624,14483,38.338
4625,4573,64.302
4626,822,52.310
4627,783,243.097
4627,861,9.183
4628,5065,49.415
4628,5070,57.433
4628,9412,8.925
4629,705,217.816
4630,4644,82.674
4631,4634,12.672
4632,785,28.743
4632,880,35.335
4632,17635,101.749
4633,880,36.238
4633,4645,63.732
4633,12357,139.330
4634,4631,12.672
4634,4637,132.376
4634,4641,105.467
4635,4646,41.282
4636,609,30.083
4636,9965,45.715
4636,17635,4.240
4637,717,30.835
4637,4634,132.376
4637,4641,24.291
4638,4639,37.683
4639,833,33.897
4639,4638,37.683
4639,4646,34.708
4640,568,120.756
4641,4634,105.467
4641,4637,24.291
4641,15988,141.736
4642,4647,40.524
4642,4648,70.941
4642,4649,25.672
4643,593,52.709
4643,685,29.066
4643,4646,28.382
4644,617,22.357
4644,4630,82.674
4644,15434,41.689
4645,722,14.432
4645,785,39.258
4645,4633,63.732
4646,4635,41.282
4646,4639,34.708
4646,4643,28.382
4647,4642,40.524
4648,4642,70.941
4649,690,25.825
4649,4642,25.672
4649,15434,31.540
4650,4662,57.736
4650,4665,89.127
4650,4684,28.020
4650,4687,26.129
4651,732,24.119
4651,4664,95.995
4651,4681,65.287
4652,4692,54.191
4653,4673,54.340
4653,4676,22.442
4654,4656,16.424
4654,4665,15.648
4654,4685,78.729
4654,4694,20.681
4655,4696,42.896
4656,4654,16.424
4656,4657,22.694
4656,4679,124.930
4657,4656,22.694
4658,4667,26.615
4658,4678,13.294
4658,16849,42.248
4659,4672,11.625
4659,4679,28.616
4659,4693,34.780
4660,811,51.818
4660,4661,50.992
4660,4689,87.389
4661,4660,50.992
4661,4682,22.896
4661,4691,11.521
4662,4650,57.736
4662,4663,7.014
4662,4669,44.300
4663,4662,7.014
4663,4679,53.705
4663,4693,21.349
4664,856,6.455
4664,4651,95.995
4664,4690,51.785
4665,4650,89.127
4665,4654,15.648
4665,4677,19.907
4666,4432,13.576
4666,4674,81.010
4666,4680,210.153
4667,4658,26.615
4667,4670,15.129
4667,4688,28.952
4668,4681,14.392
4669,4662,44.300
4669,4683,56.214
4669,16476,90.305
4670,4667,15.129
4670,4687,53.672
4670,4695,24.251
4671,811,67.740
4672,4659,11.625
4673,4653,54.340
4673,4696,4.028
4673,15988,50.344
4674,4666,81.010
4674,4685,10.786
4674,4686,178.626
4675,16849,28.099
4676,4653,22.442
4677,4665,19.907
4678,4658,13.294
4678,4686,146.657
4678,4695,1.505
4679,4656,124.930
4679,4659,28.616
4679,4663,53.705
4680,4419,43.741
4680,4666,210.153
4680,4686,90.516
4681,4651,65.287
4681,4668,14.392
4681,4691,155.124
4682,4661,22.896
4683,4669,56.214
4683,4687,1.901
4684,4650,28.020
4685,4654,78.729
4685,4674,10.786
4685,16849,44.955
4686,4674,178.626
4686,4678,146.657
4686,4680,90.516
4687,4650,26.129
4687,4670,53.672
4687,4683,1.901
4688,4667,28.952
4689,4660,87.389
4689,12258,172.238
4690,4664,51.785
4691,4661,11.521
4691,4681,155.124
4691,9409,59.995
4692,865,68.728
4692,895,31.637
4692,4652,54.191
4693,4659,34.780
4693,4663,21.349
4693,4696,23.518
4694,4654,20.681
4695,4670,24.251
4695,4678,1.505
4695,13828,8.801
4696,4655,42.896
4696,4673,4.028
4696,4693,23.518
4697,4718,53.830
4698,4702,53.242
4698,4723,80.223
4698,12541,44.617
4699,4726,73.070
4700,10021,42.343
4700,17365,105.866
4701,4717,22.106
4701,12458,43.310
4701,13004,45.912
4702,4698,53.242
4702,4729,34.865
4702,16986,73.160
4703,4713,92.418
4703,10533,72.832
4703,12458,54.774
4704,4710,36.099
4704,4716,19.510
4704,4717,86.043
4705,4700,72.910
4705,4722,80.427
4706,4712,78.322
4706,4724,28.100
4706,13835,68.129
4707,731,50.077
4707,10394,15.798
4707,12541,14.879
4708,679,19.643
4708,4724,120.548
4708,4727,30.860
4708,13034,41.455
4709,4712,81.849
4709,4717,35.566
4709,10533,68.726
4710,4704,36.099
4711,4714,26.547
4711,4720,140.218
4711,17348,75.662
4712,4706,78.322
4712,4709,81.849
4712,4716,36.900
4712,4720,73.319
4713,4703,92.418
4713,9407,9.618
4713,16530,15.931
4714,4711,26.547
4714,12465,43.583
4714,17349,79.452
4715,597,42.993
4715,16985,28.134
4715,17365,50.237
4716,4704,19.510
4716,4712,36.900
4717,4701,22.106
4717,4704,86.043
4717,4709,35.566
4718,4697,53.830
4718,4725,42.845
4718,15987,13.675
4719,12513,9.862
4719,12515,16.708
4719,17347,26.187
4720,4711,140.218
4720,4712,73.319
4720,4731,103.168
4721,863,60.063
4722,4705,80.427
4723,4698,80.223
4723,13835,42.046
4723,16986,62.283
4724,620,45.138
4724,4706,28.100
4724,4708,120.548
4725,4718,42.845
4725,4731,31.007
4725,4732,65.419
4726,4699,73.070
4726,4731,71.110
4726,17347,44.531
4727,614,15.945
4727,731,24.270
4727,4708,30.860
4728,13830,83.873
4729,4702,34.865
4729,4730,45.841
4729,13004,75.976
4730,4729,45.841
4730,16528,75.797
4731,4720,103.168
4731,4725,31.007
4731,4726,71.110
4732,4725,65.419
4733,4946,86.814
4733,4949,17.465
4733,4951,43.197
4734,4739,156.542
4734,4753,53.931
4734,4837,72.059
4735,4736,28.505
4735,5063,67.443
4736,4735,28.505
4736,4760,42.105
4736,5064,91.307
4736,9410,30.649
4737,4738,74.060
4737,4744,32.657
4737,4813,66.260
4737,4949,109.421
4738,4737,74.060
4738,4743,131.649
4738,4758,57.046
4739,757,45.974
4739,4734,156.542
4739,4752,43.945
4740,4741,78.089
4740,4742,111.548
4740,4744,93.718
4741,4740,78.089
4742,4740,111.548
4742,4743,94.671
4742,13312,8.514
4743,4738,131.649
4743,4749,72.600
4744,4737,32.657
4744,4740,93.718
4744,4823,75.286
4745,4746,14.719
4745,4747,28.455
4745,4751,29.561
4746,4745,14.719
4746,4749,36.854
4746,4754,33.661
4747,4745,28.455
4748,597,92.087
4748,821,34.083
4748,16583,44.140
4749,4746,36.854
4749,9414,57.025
4750,4752,35.877
4751,4745,29.561
4752,577,63.930
4752,4739,43.945
4752,4750,35.877
4753,4734,53.931
4753,4755,47.497
4753,4814,2.661
4754,4746,33.661
4754,4758,67.313
4754,9414,54.037
4755,4753,47.497
4756,4758,37.597
4757,4759,30.877
4757,4765,20.216
4757,4766,19.615
4758,4738,57.046
4758,4754,67.313
4758,4756,37.597
4759,4757,30.877
4759,4895,21.957
4759,15436,11.726
4760,4736,42.105
4760,4764,51.711
4760,4911,28.742
4761,4762,15.510
4761,4765,19.465
4761,4766,17.736
4762,4761,15.510
4763,4766,28.001
4764,4760,51.711
4764,9410,40.734
4765,4757,20.216
4765,4761,19.465
4765,4911,11.433
4766,4757,19.615
4766,4761,17.736
4766,4763,28.001
4767,4802,31.627
4767,4826,63.851
4767,4827,29.048
4768,4798,77.950
4769,4780,35.622
4769,5001,29.129
4769,5004,12.907
4770,4774,72.397
4770,4796,21.670
4770,5025,14.020
4771,4777,43.783
4772,910,40.668
4772,4795,62.086
4772,4799,36.979
4773,572,32.251
4773,4777,21.306
4773,4778,35.715
4774,4770,72.397
4775,4780,52.309
4775,4788,29.214
4775,4801,50.804
4775,13885,33.823
4776,911,71.380
4776,4826,71.952
4776,13885,114.553
4777,4771,43.783
4777,4773,21.306
4777,4783,32.602
4778,4773,35.715
4778,4779,25.906
4778,4803,33.491
4779,4778,25.906
4780,4769,35.622
4780,4775,52.309
4780,4791,28.624
4781,5000,11.601
4781,5008,33.050
4781,16842,16.549
4782,4802,69.942
4783,572,20.476
4783,4777,32.602
4783,4859,2.899
4784,4791,18.153
4785,4789,31.537
4785,6189,26.773
4785,6266,10.774
4786,6239,9.705
4786,6246,32.984
4786,6272,30.208
4787,5043,37.437
4787,5052,18.819
4787,6186,124.411
4788,4775,29.214
4788,4797,20.583
4788,16842,78.139
4789,4785,31.537
4789,6178,4.036
4789,6286,74.717
4790,4792,80.034
4790,4793,11.781
4790,4799,67.406
4791,4780,28.624
4791,4784,18.153
4792,586,25.678
4792,798,64.082
4792,4790,80.034
4793,4790,11.781
4794,4798,64.153
4795,4772,62.086
4796,4770,21.670
4796,4799,7.316
4796,5020,56.991
4797,4788,20.583
4797,4798,23.807
4797,16842,56.042
4798,4768,77.950
4798,4794,64.153
4798,4797,23.807
4799,4772,36.979
4799,4790,67.406
4799,4796,7.316
4800,6163,30.929
4800,6266,24.105
4800,6272,8.229
4801,4775,50.804
4802,4767,31.627
4802,4782,69.942
4802,13885,28.166
4803,572,33.059
4803,4778,33.491
4803,4878,36.795
4804,4809,38.068
4804,4810,42.179
4804,4813,62.462
4805,4810,14.533
4805,4821,31.409
4805,5001,39.840
4805,5002,96.067
4806,4812,44.231
4806,4818,46.367
4806,4822,30.174
4807,4816,55.990
4808,4814,28.900
4808,4828,32.936
4808,4829,38.589
4809,4804,38.068
4810,4804,42.179
4810,4805,14.533
4810,4818,37.865
4811,4817,64.533
4812,4806,44.231
4812,4813,35.247
4812,4815,11.673
4813,4737,66.260
4813,4804,62.462
4813,4812,35.247
4814,4753,2.661
4814,4808,28.900
4814,4817,35.646
4815,4812,11.673
4816,4807,55.990
4816,4818,23.796
4816,4819,34.050
4817,4811,64.533
4817,4814,35.646
4817,4823,40.608
4818,4806,46.367
4818,4810,37.865
4818,4816,23.796
4819,4816,34.050
4820,4823,61.141
4821,4805,31.409
4822,4806,30.174
4823,4744,75.286
4823,4817,40.608
4823,4820,61.141
4824,4826,44.322
4824,4827,67.986
4824,4837,36.680
4825,4827,29.711
4825,4829,16.933
4825,16582,60.588
4826,4767,63.851
4826,4776,71.952
4826,4824,44.322
4827,4767,29.048
4827,4824,67.986
4827,4825,29.711
4828,4808,32.936
4829,4808,38.589
4829,4825,16.933
4829,13836,28.980
4830,652,17.636
4830,909,26.392
4830,4851,39.706
4831,663,41.657
4831,812,32.478
4831,4834,50.996
4831,4839,22.654
4832,605,22.178
4832,791,54.029
4832,4843,16.264
4833,4838,12.217
4833,4853,106.767
4833,13886,19.995
4834,740,33.557
4834,743,40.549
4834,4831,50.996
4835,909,39.020
4835,4844,12.344
4835,4854,18.766
4836,778,32.713
4836,4853,39.492
4836,13036,26.920
4837,4734,72.059
4837,4824,36.680
4837,4841,123.491
4838,581,14.655
4838,817,41.893
4838,4833,12.217
4839,4831,22.654
4839,4853,23.498
4839,13036,40.495
4840,605,110.402
4840,791,88.675
4841,4837,123.491
4842,4853,17.381
4843,4832,16.264
4844,4835,12.344
4845,836,20.414
4846,691,34.298
4846,886,15.514
4846,4850,27.621
4847,691,45.811
4848,817,65.420
4849,643,58.598
4849,652,33.343
4849,836,24.476
4850,4846,27.621
4851,4830,39.706
4852,766,55.450
4853,4833,106.767
4853,4836,39.492
4853,4839,23.498
4853,4842,17.381
4854,605,14.793
4854,632,30.581
4854,4835,18.766
4855,4857,127.214
4855,4875,21.382
4855,12492,67.361
4856,4860,74.403
4856,12484,7.808
4856,15984,22.492
4857,4855,127.214
4857,4870,14.822
4857,4880,21.972
4857,4890,54.459
4858,4880,30.997
4859,911,22.794
4859,4783,2.899
4859,4883,41.361
4860,4856,74.403
4861,725,9.924
4861,4885,60.744
4861,4886,31.923
4862,725,37.494
4862,4864,81.857
4862,12484,30.882
4863,4875,66.359
4864,4862,81.857
4864,4882,20.363
4864,4887,97.545
4865,650,36.879
4865,703,80.479
4865,4889,61.518
4866,4877,13.571
4867,4877,27.308
4867,10397,6.153
4867,17345,33.423
4868,12506,18.637
4868,12965,62.940
4868,17359,809.906
4869,4877,16.598
4870,4857,14.822
4870,4871,92.576
4870,4872,24.366
4871,798,45.517
4871,4870,92.576
4871,4878,15.215
4872,4870,24.366
4873,4885,21.418
4874,633,22.096
4874,740,28.463
4874,4883,76.751
4875,4855,21.382
4875,4863,66.359
4875,4889,18.688
4876,12487,116.029
4876,13842,128.494
4876,16391,39.252
4877,4866,13.571
4877,4867,27.308
4877,4869,16.598
4878,4803,36.795
4878,4871,15.215
4878,4880,71.852
4879,12482,294.557
4879,12965,46.257
4880,4857,21.972
4880,4858,30.997
4880,4878,71.852
4881,704,63.133
4881,4888,68.569
4882,4864,20.363
4883,720,24.433
4883,743,25.811
4883,4859,41.361
4883,4874,76.751
4884,4892,71.707
4884,9408,77.828
4885,4861,60.744
4885,4873,21.418
4885,4886,35.850
4886,650,30.924
4886,4861,31.923
4886,4885,35.850
4887,632,62.208
4887,704,47.504
4887,4864,97.545
4888,4881,68.569
4888,15489,61.106
4888,15984,28.157
4889,650,33.161
4889,4865,61.518
4889,4875,18.688
4890,4857,54.459
4891,4892,179.438
4891,9407,59.166
4891,9817,27.306
4892,4884,71.707
4892,4891,179.438
4892,4893,66.342
4893,4892,66.342
4893,15489,17.420
4893,16391,8.132
4894,4895,13.756
4894,4914,14.802
4894,4918,71.369
4895,4759,21.957
4895,4894,13.756
4895,4918,57.006
4896,4916,90.721
4896,4922,28.732
4896,13871,43.502
4897,803,27.328
4897,4903,53.124
4897,4915,46.214
4898,4904,45.074
4898,4911,33.192
4898,4918,3.417
4899,4901,13.353
4899,4908,57.363
4899,4909,8.447
4900,4906,38.524
4901,4899,13.353
4901,4907,42.058
4901,4915,25.602
4902,4909,45.228
4903,4897,53.124
4904,4898,45.074
4905,4915,38.995
4906,666,13.011
4906,831,39.264
4906,4900,38.524
4907,4901,42.058
4908,4899,57.363
4908,4917,50.939
4908,4922,12.583
4909,4899,8.447
4909,4902,45.228
4909,5064,38.388
4910,13871,32.734
4911,4760,28.742
4911,4765,11.433
4911,4898,33.192
4912,13833,107.615
4912,15436,43.313
4912,15438,14.531
4913,4914,105.541
4914,4894,14.802
4914,4913,105.541
4915,4897,46.214
4915,4901,25.602
4915,4905,38.995
4916,4896,90.721
4917,4908,50.939
4918,4894,71.369
4918,4895,57.006
4918,4898,3.417
4919,4927,55.209
4919,4928,8.319
4919,4938,18.462
4920,4921,52.430
4920,4923,11.625
4920,4934,18.596
4921,666,21.278
4921,4920,52.430
4921,4930,45.932
4922,4896,28.732
4922,4908,12.583
4922,4928,19.454
4923,4920,11.625
4923,4924,34.698
4923,4942,55.033
4924,4923,34.698
4924,4926,9.670
4924,4934,30.290
4925,4929,67.850
4925,4964,41.903
4926,4924,9.670
4927,4919,55.209
4928,4919,8.319
4928,4922,19.454
4928,4937,54.981
4929,4925,67.850
4929,4938,16.575
4929,4941,119.614
4930,4921,45.932
4930,4936,66.809
4930,5074,24.890
4931,4936,14.076
4931,4940,23.521
4931,4941,32.644
4932,4936,22.071
4933,4938,52.955
4934,4920,18.596
4934,4924,30.290
4934,4935,13.322
4935,4934,13.322
4936,4930,66.809
4936,4931,14.076
4936,4932,22.071
4937,4928,54.981
4938,4919,18.462
4938,4929,16.575
4938,4933,52.955
4939,4981,73.070
4939,5077,4.396
4939,5082,27.780
4940,4931,23.521
4941,4929,119.614
4941,4931,32.644
4941,4981,19.222
4941,4989,199.607
4942,4923,55.033
4943,4951,42.812
4944,4969,24.220
4944,4978,46.172
4944,5010,64.312
4945,4966,38.716
4945,4994,38.889
4945,6199,19.062
4946,4733,86.814
4946,4949,18.717
4946,4977,47.026
4947,4948,88.486
4948,4947,88.486
4948,4950,97.578
4948,4952,60.785
4949,4733,17.465
4949,4737,109.421
4949,4946,18.717
4950,4948,97.578
4950,4961,12.081
4950,4973,16.318
4951,4733,43.197
4951,4943,42.812
4951,4954,28.667
4952,4948,60.785
4952,4977,51.986
4952,4985,29.238
4953,4960,72.978
4953,4980,52.552
4953,5035,33.674
4954,4951,28.667
4954,15438,12.199
4954,16398,91.605
4955,4959,52.159
4956,4988,23.019
4957,4981,57.212
4958,4962,29.303
4958,4991,33.795
4958,5045,4.129
4959,887,4.786
4959,4955,52.159
4959,5097,12.151
4960,4953,72.978
4960,4962,29.690
4960,4970,35.906
4961,4950,12.081
4961,4980,32.324
4961,4986,21.560
4962,4958,29.303
4962,4960,29.690
4962,4996,61.969
4963,4983,33.529
4963,4992,77.843
4963,5006,26.679
4964,4925,41.903
4965,4979,58.400
4965,4983,67.667
4965,4987,12.182
4966,4945,38.716
4966,4989,18.648
4966,4995,38.353
4966,5044,41.685
4967,4971,48.423
4967,4972,22.300
4967,4982,16.430
4968,4978,64.849
4968,4980,27.544
4968,4990,35.581
4969,4944,24.220
4969,4985,20.214
4969,5006,101.506
4970,4960,35.906
4970,4990,28.348
4970,4996,53.033
4971,887,13.822
4971,4967,48.423
4971,5082,56.063
4972,4967,22.300
4973,4950,16.318
4973,4975,6.932
4973,4997,14.076
4974,4975,9.261
4975,4973,6.932
4975,4974,9.261
4975,4988,15.746
4976,4998,72.908
4976,5045,11.963
4976,5046,16.630
4977,4946,47.026
4977,4952,51.986
4977,4987,28.627
4978,4944,46.172
4978,4968,64.849
4978,4990,31.888
4979,4965,58.400
4980,4953,52.552
4980,4961,32.324
4980,4968,27.544
4981,4939,73.070
4981,4941,19.222
4981,4957,57.212
4982,4967,16.430
4983,4963,33.529
4983,4965,67.667
4983,4993,29.424
4984,4988,25.517
4985,4952,29.238
4985,4969,20.214
4985,4993,33.432
4986,4961,21.560
4987,4965,12.182
4987,4977,28.627
4987,4993,68.208
4988,4956,23.019
4988,4975,15.746
4988,4984,25.517
4989,4941,199.607
4989,4966,18.648
4989,5041,45.941
4990,4968,35.581
4990,4970,28.348
4990,4978,31.888
4991,4958,33.795
4992,4963,77.843
4993,4983,29.424
4993,4985,33.432
4993,4987,68.208
4994,4945,38.889
4994,4995,24.865
4994,6195,26.619
4995,4966,38.353
4995,4994,24.865
4996,4962,61.969
4996,4970,53.033
4996,4998,61.154
4997,4973,14.076
4998,4976,72.908
4998,4996,61.154
4998,5010,7.717
4999,5012,24.339
4999,5014,66.017
4999,5018,39.686
5000,4781,11.601
5000,5004,24.089
5000,5005,35.386
5001,4769,29.129
5001,4805,39.840
5001,5002,71.164
5002,4805,96.067
5002,5001,71.164
5003,5012,16.855
5003,5013,1.545
5003,5029,42.506
5004,4769,12.907
5004,5000,24.089
5004,5007,50.813
5005,5000,35.386
5006,4963,26.679
5006,4969,101.506
5006,5014,39.714
5007,5004,50.813
5008,4781,33.050
5008,5009,54.519
5008,5025,37.381
5009,5008,54.519
5009,5013,48.658
5009,5028,30.410
5010,4944,64.312
5010,4998,7.717
5010,5014,57.346
5011,5013,18.446
5012,4999,24.339
5012,5003,16.855
5012,5019,84.662
5013,5003,1.545
5013,5009,48.658
5013,5011,18.446
5014,4999,66.017
5014,5006,39.714
5014,5010,57.346
5015,5026,79.132
5015,6268,9.970
5015,6283,39.595
5016,5017,27.548
5016,6268,94.738
5016,9444,12.208
5017,5016,27.548
5017,5023,21.970
5017,5026,101.286
5018,4999,39.686
5018,5046,18.432
5018,5050,30.916
5019,5012,84.662
5019,5021,15.858
5019,5022,36.540
5020,4796,56.991
5020,5021,35.946
5020,5027,35.624
5020,16417,19.050
5021,5019,15.858
5021,5020,35.946
5021,5029,44.479
5022,5019,36.540
5022,5050,79.982
5023,5017,21.970
5023,5026,80.498
5023,16417,26.447
5024,5040,42.648
5024,5050,171.560
5024,6283,5.703
5025,4770,14.020
5025,5008,37.381
5025,5027,59.393
5026,5015,79.132
5026,5017,101.286
5026,5023,80.498
5027,5020,35.624
5027,5025,59.393
5027,5028,6.846
5028,5009,30.410
5028,5027,6.846
5028,5029,36.014
5029,5003,42.506
5029,5021,44.479
5029,5028,36.014
5030,5037,33.859
5030,5046,74.708
5031,5044,26.449
5032,5047,34.524
5033,5044,55.824
5034,5035,93.475
5035,4953,33.674
5035,5034,93.475
5035,5041,15.004
5036,5043,104.071
5036,5047,58.673
5036,5052,59.655
5037,5030,33.859
5037,5045,77.336
5037,5047,35.533
5038,5040,26.730
5038,5048,52.636
5038,5052,22.857
5039,5042,34.608
5039,5043,53.893
5039,6199,36.441
5040,5024,42.648
5040,5038,26.730
5040,5051,37.788
5041,4989,45.941
5041,5035,15.004
5041,5049,67.539
5042,5039,34.608
5043,4787,37.437
5043,5036,104.071
5043,5039,53.893
5044,4966,41.685
5044,5031,26.449
5044,5033,55.824
5045,4958,4.129
5045,4976,11.963
5045,5037,77.336
5046,4976,16.630
5046,5018,18.432
5046,5030,74.708
5047,5032,34.524
5047,5036,58.673
5047,5037,35.533
5048,5038,52.636
5049,5041,67.539
5050,5018,30.916
5050,5022,79.982
5050,5024,171.560
5051,5040,37.788
5052,4787,18.819
5052,5036,59.655
5052,5038,22.857
5053,5055,64.788
5054,5058,14.343
5054,5060,34.699
5054,15073,48.756
5055,5053,64.788
5055,9416,23.470
5056,5068,42.812
5056,5071,43.804
5056,9415,28.511
5057,659,30.884
5057,5071,43.485
5057,5133,11.999
5058,5054,14.343
5059,894,80.768
5059,5065,45.884
5059,16395,1.350
5060,709,62.406
5060,5054,34.699
5060,5116,2.333
5061,5066,58.650
5062,803,21.983
5062,894,13.436
5062,16396,122.711
5063,5064,126.261
5063,5067,61.192
5064,4736,91.307
5064,4909,38.388
5064,5063,126.261
5065,4628,49.415
5065,5059,45.884
5065,14689,20.211
5066,701,52.653
5066,870,6.774
5066,5061,58.650
5067,573,59.341
5067,16396,40.456
5068,5056,42.812
5069,5071,41.625
5070,14689,77.887
5070,16552,110.367
5071,5056,43.804
5071,5057,43.485
5071,5069,41.625
5072,5076,48.987
5072,5081,39.819
5072,5091,8.408
5073,5087,17.908
5074,4930,24.890
5074,5077,15.904
5074,5084,37.422
5075,5088,36.764
5076,5072,48.987
5077,4939,4.396
5077,5074,15.904
5077,5084,55.185
5078,5086,25.537
5079,5082,66.307
5080,5081,36.207
5081,5072,39.819
5081,5080,36.207
5081,5095,16.534
5082,4939,27.780
5082,4971,56.063
5082,5079,66.307
5083,5085,52.309
5084,5074,37.422
5084,5077,55.185
5084,5087,58.700
5085,709,73.695
5085,5083,52.309
5085,5113,14.454
5086,882,113.187
5086,5078,25.537
5086,5095,37.161
5087,666,67.338
5087,5073,17.908
5087,5084,58.700
5088,870,71.369
5088,882,37.262
5088,5075,36.764
5089,5093,40.608
5089,5230,54.221
5089,5320,47.803
5090,5100,52.277
5091,887,71.828
5091,5072,8.408
5091,5096,65.209
5092,5099,51.820
5093,5089,40.608
5094,5097,68.041
5094,5324,4.066
5094,6205,43.707
5095,5081,16.534
5095,5086,37.161
5095,5098,42.106
5096,5091,65.209
5097,673,74.016
5097,4959,12.151
5097,5094,68.041
5098,5095,42.106
5099,857,17.336
5099,5092,51.820
5099,5100,33.061
5100,5090,52.277
5100,5099,33.061
5100,5130,34.419
5101,659,72.772
5101,5119,18.341
5101,5158,40.356
5102,698,4.081
5102,5121,60.801
5102,5142,19.157
5102,5194,138.389
5103,5112,64.849
5103,5116,21.041
5103,5129,20.705
5104,5135,13.570
5105,5111,8.637
5105,5121,23.858
5105,5134,20.083
5106,5127,35.215
5107,5112,23.488
5107,5119,75.719
5107,5129,68.114
5108,5109,72.332
5108,5131,28.226
5108,5135,53.129
5109,796,41.123
5109,5108,72.332
5109,5115,26.651
5110,882,55.930
5110,5113,8.452
5110,5135,30.738
5111,5105,8.637
5111,5118,31.482
5111,5122,16.369
5112,5103,64.849
5112,5107,23.488
5112,5126,31.053
5112,13832,11.994
5113,5085,14.454
5113,5110,8.452
5113,5126,114.511
5114,5137,50.194
5114,5150,16.820
5114,16630,12.272
5115,5109,26.651
5115,5131,71.627
5115,5214,6.982
5116,5060,2.333
5116,5103,21.041
5116,5126,58.809
5117,16309,7.838
5118,5111,31.482
5118,5120,71.817
5118,5123,5.077
5119,5101,18.341
5119,5107,75.719
5119,5154,14.142
5120,5118,71.817
5120,5143,18.947
5120,5150,3.432
5121,5102,60.801
5121,5105,23.858
5121,5146,13.132
5122,5111,16.369
5122,5123,16.805
5122,5124,39.448
5123,5118,5.077
5123,5122,16.805
5123,5137,86.999
5124,5122,39.448
5124,5125,21.265
5124,5140,31.302
5125,698,28.738
5125,5124,21.265
5125,5134,23.796
5126,5112,31.053
5126,5113,114.511
5126,5116,58.809
5127,5106,35.215
5127,5154,14.547
5127,16630,13.826
5128,5133,49.094
5129,5103,20.705
5129,5107,68.114
5129,5136,20.844
5130,882,20.938
5130,5100,34.419
5130,5132,32.036
5131,5108,28.226
5131,5115,71.627
5131,5140,130.876
5132,5130,32.036
5133,5057,11.999
5133,5128,49.094
5133,5136,16.663
5134,5105,20.083
5134,5125,23.796
5134,5138,9.166
5135,5104,13.570
5135,5108,53.129
5135,5110,30.738
5135,16309,82.610
5136,5129,20.844
5136,5133,16.663
5136,13831,56.912
5137,5114,50.194
5137,5123,86.999
5137,13832,82.721
5138,5134,9.166
5139,16311,58.865
5140,5124,31.302
5140,5131,130.876
5140,5214,59.155
5141,5142,49.749
5141,5145,61.432
5141,5148,110.692
5142,5102,19.157
5142,5141,49.749
5142,5146,99.730
5143,5120,18.947
5143,5146,26.414
5143,5147,44.557
5144,5181,20.082
5144,5185,11.809
5144,5186,71.677
5145,5141,61.432
5145,5181,36.234
5145,5187,68.765
5145,5210,67.948
5146,5121,13.132
5146,5142,99.730
5146,5143,26.414
5147,5143,44.557
5147,5148,15.414
5147,15348,39.871
5148,5141,110.692
5148,5147,15.414
5148,5161,20.371
5149,5152,9.392
5149,5167,5.578
5150,5114,16.820
5150,5120,3.432
5150,5155,53.366
5151,5154,33.513
5151,5155,30.192
5151,5167,26.483
5152,5149,9.392
5153,5155,32.090
5154,5119,14.142
5154,5127,14.547
5154,5151,33.513
5155,5150,53.366
5155,5151,30.192
5155,5153,32.090
5156,5159,44.356
5157,5168,23.454
5157,5169,28.175
5157,5173,38.742
5158,5101,40.356
5159,659,53.045
5159,5156,44.356
5159,5166,121.601
5160,5162,96.818
5160,5167,77.801
5160,5168,28.013
5161,5148,20.371
5161,5163,20.332
5161,13817,23.851
5162,5160,96.818
5163,5161,20.332
5164,5166,62.336
5164,5173,9.453
5165,5169,39.554
5165,5173,28.602
5165,5175,11.190
5166,5159,121.601
5166,5164,62.336
5166,5174,53.685
5167,5149,5.578
5167,5151,26.483
5167,5160,77.801
5168,5157,23.454
5168,5160,28.013
5169,5157,28.175
5169,5165,39.554
5169,5172,13.886
5170,5171,37.586
5170,5178,37.298
5170,5183,58.717
5171,5170,37.586
5172,5169,13.886
5173,5157,38.742
5173,5164,9.453
5173,5165,28.602
5174,823,146.734
5174,5166,53.685
5174,5177,38.166
5175,5165,11.190
5175,5176,71.743
5175,15341,24.167
5176,5175,71.743
5177,5174,38.166
5178,5170,37.298
5179,5182,54.980
5179,5183,38.192
5179,13817,53.555
5180,5187,112.667
5181,5144,20.082
5181,5145,36.234
5181,5188,68.054
5182,5179,54.980
5182,5183,25.223
5182,5184,10.896
5183,5170,58.717
5183,5179,38.192
5183,5182,25.223
5184,5182,10.896
5184,5185,73.224
5184,5186,19.037
5185,5144,11.809
5185,5184,73.224
5185,13817,22.944
5186,5144,71.677
5186,5184,19.037
5186,5188,12.073
5187,5145,68.765
5187,5180,112.667
5187,5188,28.450
5188,5181,68.054
5188,5186,12.073
5188,5187,28.450
5189,881,23.516
5189,5192,36.064
5189,5195,41.741
5190,5195,47.926
5191,5201,14.175
5192,5189,36.064
5192,5203,4.624
5192,5204,32.106
5193,5201,41.789
5194,5102,138.389
5194,5270,35.667
5194,5272,26.059
5195,5189,41.741
5195,5190,47.926
5195,5270,5.269
5196,5198,14.182
5196,5269,21.759
5196,14086,26.680
5197,5203,17.368
5198,5196,14.182
5198,5206,9.418
5198,5209,47.606
5199,5268,61.991
5199,5517,52.931
5199,5666,247.223
5200,5215,20.791
5200,5218,39.481
5200,5220,111.743
5201,5191,14.175
5201,5193,41.789
5201,5203,18.098
5202,5215,11.172
5202,5266,72.218
5202,5269,43.140
5203,5192,4.624
5203,5197,17.368
5203,5201,18.098
5204,5192,32.106
5204,5212,20.351
5204,5217,47.876
5205,5216,68.854
5206,5198,9.418
5206,5213,48.137
5206,5216,23.191
5206,5267,43.524
5207,700,29.273
5208,5214,31.136
5209,5198,47.606
5210,5145,67.948
5210,5211,25.686
5211,5210,25.686
5211,5215,104.528
5211,5220,15.618
5212,5204,20.351
5213,5206,48.137
5214,5115,6.982
5214,5140,59.155
5214,5208,31.136
5215,5200,20.791
5215,5202,11.172
5215,5211,104.528
5216,5205,68.854
5216,5206,23.191
5216,5272,9.050
5217,5204,47.876
5217,5223,8.064
5217,5244,3.892
5218,5200,39.481
5218,5219,115.849
5218,5268,31.795
5218,5271,71.859
5219,5218,115.849
5219,5220,35.452
5220,5200,111.743
5220,5211,15.618
5220,5219,35.452
5221,623,10.932
5221,700,26.936
5221,5239,37.347
5222,748,58.050
5222,5306,35.780
5222,6180,5.601
5223,5217,8.064
5223,5233,24.582
5223,5241,27.483
5224,5235,11.337
5224,5242,91.906
5224,5260,85.820
5224,16850,52.501
5225,800,37.107
5225,5252,20.030
5225,5293,34.154
5226,5243,73.801
5227,5228,66.643
5227,5229,25.956
5227,5243,28.350
5228,5227,66.643
5229,5227,25.956
5229,5231,24.432
5229,5314,85.255
5230,857,39.417
5230,5089,54.221
5230,5242,46.224
5231,5229,24.432
5231,5315,24.568
5232,5237,27.523
5233,881,65.644
5233,5223,24.582
5233,5256,27.211
5233,5259,56.952
5234,627,16.592
5234,748,20.605
5234,5325,50.441
5235,5224,11.337
5235,5250,17.287
5236,5238,21.068
5236,5255,30.854
5236,5258,13.895
5237,560,25.412
5237,5232,27.523
5237,5297,21.054
5238,5236,21.068
5238,5293,17.014
5238,5297,23.659
5239,5221,37.347
5240,5244,48.151
5241,5223,27.483
5242,5224,91.906
5242,5230,46.224
5242,5243,32.305
5243,5226,73.801
5243,5227,28.350
5243,5242,32.305
5244,700,39.504
5244,5217,3.892
5244,5240,48.151
5245,737,29.878
5246,5253,17.506
5247,5257,7.582
5247,5260,45.331
5248,5257,16.278
5249,623,64.382
5250,5235,17.287
5251,903,15.522
5251,5255,29.092
5252,903,7.245
5252,5225,20.030
5252,5255,14.411
5253,5246,17.506
5253,5256,52.422
5253,5259,27.669
5254,5257,18.456
5255,5236,30.854
5255,5251,29.092
5255,5252,14.411
5256,560,23.696
5256,5233,27.211
5256,5253,52.422
5257,5247,7.582
5257,5248,16.278
5257,5254,18.456
5258,5236,13.895
5259,5233,56.952
5259,5253,27.669
5259,5260,18.341
5260,5224,85.820
5260,5247,45.331
5260,5259,18.341
5261,5266,34.263
5261,5281,89.761
5261,5285,9.242
5262,756,75.802
5262,5270,38.596
5262,13843,39.686
5263,5266,89.595
5263,5267,33.732
5263,5281,27.416
5264,5269,41.713
5265,5273,23.945
5265,5283,61.582
5265,5741,33.141
5266,5202,72.218
5266,5261,34.263
5266,5263,89.595
5266,5273,123.029
5267,5206,43.524
5267,5263,33.732
5267,5272,17.194
5268,5199,61.991
5268,5218,31.795
5268,5273,118.568
5269,5196,21.759
5269,5202,43.140
5269,5264,41.713
5270,5194,35.667
5270,5195,5.269
5270,5262,38.596
5271,5218,71.859
5272,5194,26.059
5272,5216,9.050
5272,5267,17.194
5273,5265,23.945
5273,5266,123.029
5273,5268,118.568
5274,777,67.109
5274,5282,32.971
5274,5329,112.847
5275,5286,40.586
5276,584,42.725
5276,777,60.651
5276,5283,69.351
5277,5278,39.557
5277,5287,24.715
5277,5288,33.435
5278,5277,39.557
5279,753,19.498
5279,5289,59.751
5279,5342,13.416
5280,708,37.880
5280,5288,54.262
5280,16612,55.100
5281,5261,89.761
5281,5263,27.416
5282,848,108.807
5282,5274,32.971
5282,16313,18.889
5283,5265,61.582
5283,5276,69.351
5283,5286,18.441
5284,753,5.881
5284,5287,38.170
5284,16613,48.760
5285,584,102.383
5285,5261,9.242
5285,5286,35.387
5286,5275,40.586
5286,5283,18.441
5286,5285,35.387
5287,5277,24.715
5287,5284,38.170
5287,5352,42.844
5288,5277,33.435
5288,5280,54.262
5288,5290,99.862
5289,5279,59.751
5290,708,19.217
5290,5288,99.862
5290,5298,31.923
5291,5295,83.246
5291,5298,35.800
5292,5297,37.770
5293,5225,34.154
5293,5238,17.014
5293,5296,78.183
5294,5298,62.126
5295,5291,83.246
5295,5301,30.431
5296,5293,78.183
5296,5310,35.569
5296,13899,30.269
5297,5237,21.054
5297,5238,23.659
5297,5292,37.770
5298,5290,31.923
5298,5291,35.800
5298,5294,62.126
5299,5310,16.990
5300,5302,38.599
5300,6133,13.560
5300,6144,12.786
5301,5295,30.431
5302,5300,38.599
5302,5305,49.193
5302,5311,19.214
5303,5345,68.045
5304,5327,62.986
5304,5334,35.338
5304,5345,86.605
5304,17749,25.191
5305,5302,49.193
5305,5309,19.699
5305,6135,34.085
5306,5222,35.780
5306,6173,30.427
5306,13899,61.182
5307,5310,26.969
5308,5312,42.252
5308,6135,55.727
5308,6146,19.056
5309,5305,19.699
5309,5312,75.316
5310,5296,35.569
5310,5299,16.990
5310,5307,26.969
5311,5302,19.214
5312,5308,42.252
5312,5309,75.316
5312,6173,8.389
5313,5320,28.977
5313,5323,36.326
5313,5324,47.903
5314,5229,85.255
5314,5322,159.141
5314,5326,9.095
5315,5231,24.568
5316,5323,21.311
5317,5319,29.441
5317,5324,73.348
5317,5326,20.158
5318,5320,58.548
5319,5317,29.441
5320,5089,47.803
5320,5313,28.977
5320,5318,58.548
5321,5323,20.224
5322,5314,159.141
5323,5313,36.326
5323,5316,21.311
5323,5321,20.224
5324,5094,4.066
5324,5313,47.903
5324,5317,73.348
5325,5234,50.441
5326,5314,9.095
5326,5317,20.158
5326,6208,70.395
5327,828,29.253
5327,5304,62.986
5327,5336,34.947
5328,5346,46.706
5329,5274,112.847
5329,5347,26.292
5329,5353,47.183
5330,753,41.428
5330,5340,12.932
5330,13904,32.877
5331,5340,85.210
5331,5352,48.112
5331,5354,18.709
5332,829,38.231
5332,5344,82.624
5332,5353,37.449
5333,5334,28.155
5333,16327,12.083
5333,17749,36.107
5334,5304,35.338
5334,5333,28.155
5334,5355,31.228
5335,5343,31.365
5336,5327,34.947
5336,5350,34.521
5336,5355,30.806
5337,5343,25.799
5337,15143,38.879
5338,5339,42.591
5339,5338,42.591
5339,5351,1.826
5339,13872,12.267
5340,5330,12.932
5340,5331,85.210
5340,16472,9.694
5341,5354,24.273
5342,5279,13.416
5342,13873,69.005
5342,13904,45.393
5343,802,47.283
5343,5335,31.365
5343,5337,25.799
5344,5332,82.624
5344,14084,6.863
5344,16325,4.304
5345,5303,68.045
5345,5304,86.605
5345,5354,30.256
5346,871,16.988
5346,5328,46.706
5346,6091,11.334
5347,5329,26.292
5347,5356,31.308
5347,5358,97.190
5348,5359,58.245
5349,582,66.553
5349,5351,13.897
5349,5355,55.332
5350,5336,34.521
5350,6079,13.912
5350,6080,4.848
5351,5339,1.826
5351,5349,13.897
5351,5359,31.808
5352,611,51.352
5352,5287,42.844
5352,5331,48.112
5353,5329,47.183
5353,5332,37.449
5353,13895,28.181
5354,5331,18.709
5354,5341,24.273
5354,5345,30.256
5355,5334,31.228
5355,5336,30.806
5355,5349,55.332
5356,5347,31.308
5357,5358,82.983
5357,5361,65.514
5357,6068,27.433
5358,5347,97.190
5358,5357,82.983
5359,5348,58.245
5359,5351,31.808
5359,17597,58.734
5360,5361,36.126
5361,5357,65.514
5361,5360,36.126
5361,6081,51.691
5362,5365,8.327
5362,11900,50.879
5363,5381,137.054
5363,5383,82.021
5364,5515,16.823
5365,5503,28.124
5366,17801,42.848
5367,5393,96.012
5367,17330,6.913
5367,17331,14.065
5368,5457,218.917
5368,7722,12.051
5369,5368,123.954
5370,5789,21.613
5370,5817,170.121
5371,5372,61.228
5371,5373,48.754
5371,5376,51.198
5371,17315,143.808
5372,5374,103.733
5372,5375,11.001
5373,5371,48.754
5373,5384,99.383
5374,5369,15.262
5374,6302,23.625
5375,5372,11.001
5375,5381,68.181
5376,5371,51.198
5377,136,28.252
5377,5384,60.553
5377,5396,130.431
5378,5390,72.735
5378,5400,30.907
5378,5423,51.496
5379,5386,59.383
5379,5390,92.809
5379,5397,12.525
5380,4234,62.020
5381,5363,137.054
5381,5375,68.181
5381,5383,54.066
5382,5388,36.301
5382,5391,116.168
5382,5394,36.352
5383,5374,78.106
5383,5381,54.066
5384,5373,99.383
5384,5377,60.553
5384,5392,182.925
5385,5388,13.364
5385,5390,41.657
5385,5418,17.766
5386,4216,36.987
5386,4234,27.755
5386,5379,59.383
5387,5392,35.307
5387,5395,86.530
5388,5382,36.301
5388,5385,13.364
5388,13940,65.075
5389,4221,65.370
5390,5378,72.735
5390,5379,92.809
5390,5385,41.657
5391,5382,116.168
5392,5384,182.925
5392,5387,35.307
5392,5396,24.353
5393,5367,96.012
5393,5395,24.940
5394,5382,36.352
5395,5387,86.530
5395,5393,24.940
5396,5377,130.431
5396,5392,24.353
5396,5420,68.536
5397,5379,12.525
5398,5413,104.707
5399,5405,25.918
5399,5406,54.123
5399,5416,14.861
5400,4216,16.667
5400,5378,30.907
5401,5413,8.823
5401,5433,31.454
5402,4231,14.175
5402,5404,39.672
5402,5408,43.537
5403,5416,34.324
5404,5402,39.672
5404,5409,42.230
5404,5414,56.611
5405,5399,25.918
5405,5415,65.312
5405,5417,92.960
5406,5399,54.123
5406,5412,75.415
5406,16357,10.127
5407,5409,52.393
5407,5414,64.215
5407,5415,95.545
5408,5402,43.537
5408,5409,39.389
5408,16618,67.520
5409,5404,42.230
5409,5407,52.393
5409,5408,39.389
5410,5416,34.426
5410,5429,26.988
5410,5431,13.178
5411,5414,33.647
5412,5406,75.415
5412,5413,45.688
5412,16357,113.067
5413,5398,104.707
5413,5401,8.823
5413,5412,45.688
5414,5404,56.611
5414,5407,64.215
5414,5411,33.647
5415,5405,65.312
5415,5407,95.545
5415,16357,35.993
5416,5399,14.861
5416,5403,34.324
5416,5410,34.426
5417,5405,92.960
5417,5429,38.337
5418,5385,17.766
5418,5420,46.594
5418,5421,32.912
5419,5420,30.229
5420,5396,68.536
5420,5418,46.594
5420,5419,30.229
5421,5418,32.912
5422,5423,56.121
5423,4231,30.530
5423,5378,51.496
5423,5422,56.121
5424,5430,40.204
5424,7724,214.106
5425,5427,72.861
5425,5432,33.135
5426,5431,41.838
5427,5425,72.861
5428,5433,39.268
5429,5410,26.988
5429,5425,53.020
5430,5424,40.204
5430,5438,29.250
5430,16343,7.481
5431,5410,13.178
5431,5426,41.838
5431,5433,19.822
5432,5424,35.581
5432,5434,50.540
5433,5401,31.454
5433,5428,39.268
5433,5431,19.822
5434,5432,50.540
5435,5437,30.491
5435,5442,45.401
5435,13939,36.514
5436,5443,35.625
5436,16343,41.534
5437,5435,30.491
5438,5430,29.250
5438,16332,18.771
5438,16335,42.149
5439,5445,66.184
5439,5460,45.916
5439,16335,70.001
5440,5445,31.316
5440,5467,39.791
5440,16334,51.391
5441,5443,99.357
5441,5485,44.909
5441,16347,35.428
5442,5435,45.401
5442,5449,31.373
5442,7723,30.148
5443,5436,35.625
5443,5441,99.357
5443,16344,44.839
5444,5449,49.679
5445,5439,66.184
5445,5440,31.316
5445,5459,40.062
5445,5482,20.675
5446,5477,66.195
5446,5568,16.559
5446,5579,4.927
5447,5451,40.253
5447,7718,52.567
5448,7716,44.840
5449,5444,49.679
5449,5461,51.827
5450,5529,46.068
5451,5447,40.253
5451,5458,56.759
5451,15855,59.253
5452,5459,28.259
5453,16344,11.134
5454,5458,39.008
5454,5465,24.941
5454,14775,94.378
5455,5460,52.336
5456,5478,39.265
5456,5486,77.451
5456,5529,26.223
5456,5541,35.377
5457,7718,12.450
5457,16568,136.533
5458,5451,56.759
5458,5454,39.008
5458,16028,108.278
5459,5445,40.062
5459,5452,28.259
5459,5464,44.633
5460,5439,45.916
5460,5455,52.336
5460,5468,59.323
5460,16347,14.636
5461,5454,100.891
5461,5464,27.421
5462,5464,30.355
5463,13939,27.059
5463,16332,35.609
5463,16334,28.397
5464,5459,44.633
5464,5461,27.421
5464,5462,30.355
5465,5454,24.941
5465,5534,22.266
5465,13938,57.723
5466,13939,68.052
5467,5440,39.791
5468,5460,59.323
5468,5469,37.796
5468,5476,27.919
5469,5468,37.796
5469,5473,37.756
5469,5475,28.471
5470,5578,116.411
5470,16349,12.242
5470,16350,5.598
5471,5475,31.426
5471,5478,48.794
5471,16348,80.280
5472,5478,33.331
5472,5482,34.329
5472,13938,74.423
5473,5469,37.756
5474,5485,36.929
5475,5469,28.471
5475,5471,31.426
5475,5483,28.255
5476,5468,27.919
5476,5482,49.513
5476,16352,27.454
5477,5446,66.195
5477,5479,80.114
5477,5485,43.622
5477,16348,34.149
5478,5456,39.265
5478,5471,48.794
5478,5472,33.331
5479,5477,80.114
5479,5481,59.486
5479,5484,70.389
5480,5486,37.695
5481,5479,59.486
5481,5579,16.446
5481,5589,37.165
5482,5445,20.675
5482,5472,34.329
5482,5476,49.513
5483,5475,28.255
5484,5479,70.389
5484,5589,11.722
5484,5609,15.480
5485,5441,44.909
5485,5474,36.929
5485,5477,43.622
5486,5456,77.451
5486,5480,37.695
5486,5574,6.188
5487,5507,51.578
5487,5514,64.357
5488,5518,7.117
5488,5555,20.813
5489,5490,69.393
5489,5525,18.880
5489,16028,15.215
5490,5489,69.393
5490,5507,94.707
5490,15854,36.577
5491,5507,108.601
5491,5509,180.809
5492,5495,106.774
5492,5561,23.129
5492,5566,111.313
5493,5505,30.286
5494,5509,110.444
5494,5528,51.595
5494,5566,23.319
5495,5492,106.774
5495,5527,23.294
5495,5564,26.347
5496,5497,12.796
5496,5498,16.895
5496,5559,28.560
5497,5550,17.165
5498,5496,16.895
5498,5617,40.424
5498,5620,51.408
5499,5502,22.869
5499,5510,5.730
5499,5616,83.138
5500,5505,3.294
5500,5518,39.268
5500,11899,60.253
5501,5530,13.281
5501,5544,24.102
5501,14774,18.824
5502,5499,22.869
5502,5577,29.731
5502,5607,28.477
5503,128,9.349
5503,5516,30.091
5504,5512,50.707
5504,5523,115.258
5504,5526,32.136
5505,5493,30.286
5505,5500,3.294
5506,5364,27.345
5506,5508,58.670
5507,5487,51.578
5507,5490,94.707
5507,5491,108.601
5508,5506,58.670
5509,5494,110.444
5509,5506,40.646
5510,5499,5.730
5510,5511,4.157
5510,5626,33.381
5511,5510,4.157
5511,5660,18.359
5511,14812,44.127
5512,5504,50.707
5512,5519,48.223
5512,5522,93.403
5512,5526,62.104
5513,5447,29.234
5513,15866,44.169
5514,5490,27.715
5514,5522,20.135
5515,5365,35.062
5515,11899,39.069
5516,5488,95.357
5516,5546,54.942
5517,5199,52.931
5517,5572,9.774
5517,5662,31.926
5518,5494,36.474
5518,5500,39.268
5519,5512,48.223
5519,5522,47.280
5519,5528,59.717
5520,5525,39.722
5521,5524,33.396
5521,5617,38.665
5521,5621,23.807
5522,5512,93.403
5522,5514,20.135
5522,5519,47.280
5523,5504,115.258
5523,5587,7.374
5523,5600,12.220
5524,5521,33.396
5524,5551,107.854
5524,14746,17.700
5525,5489,18.880
5525,5520,39.722
5525,14774,13.458
5526,5492,25.354
5526,5512,62.104
5526,5527,108.749
5527,5495,23.294
5527,5526,108.749
5527,5585,5.217
5528,5487,47.562
5528,5519,59.717
5529,5450,46.068
5529,5456,26.223
5529,5531,48.782
5529,5534,47.371
5530,5504,49.137
5530,5540,25.108
5531,5529,48.782
5531,5533,13.605
5531,5541,28.419
5532,5542,85.947
5533,5531,13.605
5534,5465,22.266
5534,5529,47.371
5534,5538,41.834
5535,5536,85.884
5535,5587,8.210
5535,5597,9.378
5536,5535,85.884
5537,5539,59.510
5538,5534,41.834
5539,5537,59.510
5539,5541,18.658
5539,5542,14.937
5540,5530,25.108
5540,5544,15.062
5541,5456,35.377
5541,5531,28.419
5541,5539,18.658
5542,5532,85.947
5542,5539,14.937
5542,5597,8.995
5543,5544,31.158
5544,5501,24.102
5544,5540,15.062
5544,5543,31.158
5544,14977,16.541
5545,5549,19.358
5545,5552,28.964
5545,5563,27.242
5546,5516,54.942
5546,5547,25.708
5546,5549,36.590
5547,5546,25.708
5547,5548,18.680
5547,5565,36.914
5548,5547,18.680
5548,5565,19.102
5548,5614,24.822
5549,5545,19.358
5549,5546,36.590
5549,5553,19.174
5550,15347,18.240
5550,15851,59.563
5550,17334,29.443
5551,5496,34.847
5551,5524,107.854
5551,5555,115.242
5552,5545,28.964
5552,5554,45.782
5552,5555,48.791
5553,5549,19.174
5554,5552,45.782
5554,5557,35.858
5554,5559,18.236
5555,5488,20.813
5555,5551,115.242
5555,5552,48.791
5555,5567,24.644
5556,5557,29.235
5557,5554,35.858
5557,5556,29.235
5557,5562,4.986
5558,5559,41.614
5558,5562,18.638
5559,5496,28.560
5559,5554,18.236
5559,5558,41.614
5560,5565,17.187
5561,5551,25.353
5561,5564,111.033
5561,5567,113.238
5562,5557,4.986
5562,5558,18.638
5562,5565,32.021
5563,5545,27.242
5564,5495,26.347
5564,5561,111.033
5564,14746,7.784
5565,5547,36.914
5565,5548,19.102
5565,5560,17.187
5565,5562,32.021
5566,5492,111.313
5566,5494,23.319
5566,5567,22.648
5567,5555,24.644
5567,5561,113.238
5567,5566,22.648
5568,5446,16.559
5568,5569,23.561
5568,5586,114.009
5569,5568,23.561
5569,14747,60.590
5569,16349,3.780
5570,5571,36.195
5570,5603,20.530
5571,5570,36.195
5571,5592,28.926
5571,5604,14.917
5572,5517,9.774
5572,5583,40.759
5572,5665,55.758
5572,17718,14.630
5573,5575,26.410
5573,5578,12.730
5573,5580,43.943
5574,5486,6.188
5574,5575,135.174
5574,16350,22.100
5575,5573,26.410
5575,5574,135.174
5575,14746,59.196
5576,5603,35.802
5577,5502,29.731
5577,5605,23.500
5577,5621,40.773
5578,5470,116.411
5578,5573,12.730
5578,5584,38.405
5578,14978,39.043
5579,5446,4.927
5579,5481,16.446
5579,5596,122.778
5580,5573,43.943
5580,5591,2.898
5580,5594,29.526
5581,5588,23.569
5582,5585,45.347
5582,5587,52.551
5582,5600,31.960
5583,5572,40.759
5583,5588,20.302
5583,5598,39.567
5584,5578,38.405
5585,5527,5.217
5585,5582,45.347
5585,5600,13.650
5586,5568,114.009
5586,14797,57.937
5586,14978,24.315
5587,5523,7.374
5587,5535,8.210
5587,5582,52.551
5588,5581,23.569
5588,5583,20.302
5588,14644,6.956
5589,5481,37.165
5589,5484,11.722
5589,5590,63.699
5590,5589,63.699
5591,5580,2.898
5591,5595,42.804
5591,5605,47.012
5592,5571,28.926
5592,5596,4.711
5592,5603,47.650
5593,5607,19.144
5594,5580,29.526
5595,5591,42.804
5596,5579,122.778
5596,5592,4.711
5596,5606,97.558
5597,5535,9.378
5597,5542,8.995
5597,5608,56.024
5598,5583,39.567
5599,5606,48.395
5600,5523,12.220
5600,5582,31.960
5600,5585,13.650
5601,5605,21.987
5602,5609,24.660
5603,5570,20.530
5603,5576,35.802
5603,5592,47.650
5604,5571,14.917
5604,5606,35.412
5604,14644,27.249
5605,5577,23.500
5605,5591,47.012
5605,5601,21.987
5606,5596,97.558
5606,5599,48.395
5606,5604,35.412
5607,5502,28.477
5607,5593,19.144
5607,14643,40.444
5608,5597,56.024
5609,5484,15.480
5609,5602,24.660
5610,5613,12.142
5610,5622,39.150
5610,5627,19.193
5611,5628,30.546
5611,5649,61.279
5611,13335,142.105
5612,5635,19.352
5612,15342,81.091
5613,5610,12.142
5613,5628,22.860
5613,14645,30.291
5614,5548,24.822
5614,5634,37.348
5615,17334,13.400
5616,5499,83.138
5616,5623,22.677
5616,5630,34.766
5617,5498,40.424
5617,5521,38.665
5617,5631,40.834
5618,5623,3.807
5618,5631,34.473
5619,5622,32.398
5619,5628,104.537
5619,5629,10.664
5620,5498,51.408
5620,17334,28.814
5621,5521,23.807
5621,5577,40.773
5621,5630,26.176
5622,5610,39.150
5622,5619,32.398
5623,5616,22.677
5623,5618,3.807
5623,5635,55.477
5624,5627,38.904
5625,13336,55.027
5625,17132,9.674
5626,5510,33.381
5626,5651,56.106
5626,15342,38.432
5627,5610,19.193
5627,5624,38.904
5627,5637,35.922
5628,5611,30.546
5628,5613,22.860
5628,5619,104.537
5629,5619,10.664
5629,5633,50.160
5630,5616,34.766
5630,5621,26.176
5630,5631,29.131
5631,5617,40.834
5631,5618,34.473
5631,5630,29.131
5632,5635,34.234
5633,5629,50.160
5633,5650,54.707
5633,15342,11.887
5634,5625,111.803
5634,13336,171.646
5635,5612,19.352
5635,5623,55.477
5635,5632,34.234
5636,5817,179.821
5636,14707,6.761
5636,17132,142.815
5637,5627,35.922
5637,5650,29.017
5637,5690,23.086
5638,5649,16.937
5639,5640,121.651
5639,5642,56.570
5639,5668,37.965
5639,5684,42.706
5640,127,128.136
5640,5639,121.651
5641,5640,85.281
5641,5668,53.422
5642,5639,56.570
5642,5653,45.098
5642,5671,87.950
5643,5646,21.965
5644,5648,19.222
5644,5654,46.024
5644,9491,40.279
5645,5664,11.006
5645,5700,31.822
5645,5743,64.565
5646,5643,21.965
5646,5656,18.767
5646,5662,51.358
5647,5661,63.886
5647,17310,33.272
5648,5644,19.222
5648,5658,36.076
5649,5611,61.279
5649,5638,16.937
5649,5659,28.434
5650,5633,54.707
5650,5637,29.017
5650,5682,62.721
5651,5626,56.106
5652,5658,38.339
5653,5642,45.098
5653,5694,14.898
5653,5699,83.237
5654,5644,46.024
5654,5660,129.967
5654,5682,17.126
5655,5660,15.978
5655,5665,77.999
5655,17718,16.006
5656,5646,18.767
5656,5658,50.049
5656,5662,37.737
5657,5694,34.387
5658,5648,36.076
5658,5652,38.339
5658,5656,50.049
5659,5649,28.434
5660,5511,18.359
5660,5654,129.967
5660,5655,15.978
5661,5647,63.886
5662,5517,31.926
5662,5646,51.358
5662,5656,37.737
5663,5716,168.060
5663,5751,17.137
5664,5645,11.006
5664,5751,4.202
5664,5770,15.726
5665,5572,55.758
5665,5655,77.999
5666,5199,247.223
5667,5679,38.685
5668,5639,37.965
5668,5641,53.422
5668,5678,65.285
5669,5674,17.261
5669,5687,29.885
5669,5690,8.823
5670,5690,66.847
5671,5642,87.950
5671,5699,42.865
5672,5676,24.486
5673,5674,34.823
5674,5669,17.261
5674,5673,34.823
5674,5679,17.758
5674,9491,77.451
5675,5696,26.031
5676,5672,24.486
5676,5681,67.085
5676,5686,83.532
5677,5695,35.980
5677,5696,5.485
5677,5699,9.703
5678,5668,65.285
5678,5688,61.440
5678,5693,15.933
5679,5667,38.685
5679,5674,17.758
5679,5686,66.480
5679,5692,15.445
5680,5692,31.532
5681,5676,67.085
5682,5650,62.721
5682,5654,17.126
5682,5691,30.141
5683,5693,86.373
5684,5639,42.706
5685,5692,12.278
5686,5676,83.532
5686,5679,66.480
5686,9491,20.182
5687,5669,29.885
5688,5678,61.440
5689,5692,34.235
5690,5637,23.086
5690,5669,8.823
5690,5670,66.847
5691,5682,30.141
5692,5679,15.445
5692,5680,31.532
5692,5685,12.278
5692,5689,34.235
5693,5678,15.933
5693,5683,86.373
5693,13337,85.372
5694,5653,14.898
5694,5657,34.387
5694,5697,184.465
5695,5677,35.980
5696,5675,26.031
5696,5677,5.485
5696,5698,40.153
5697,5694,184.465
5698,5696,40.153
5699,5653,83.237
5699,5671,42.865
5699,5677,9.703
5700,5645,31.822
5700,5703,30.055
5700,5713,27.136
5701,5706,25.928
5701,5711,34.529
5701,5742,78.037
5702,858,22.193
5702,5731,30.756
5702,5769,64.978
5702,15390,53.519
5703,5700,30.055
5703,5711,35.494
5703,5715,50.638
5704,5737,79.192
5705,5735,30.768
5705,5769,39.229
5706,5701,25.928
5706,5735,34.111
5706,5769,38.654
5707,5768,22.131
5708,5709,14.365
5708,5715,12.894
5709,5708,14.365
5710,5745,20.508
5710,5747,10.460
5710,5759,24.588
5711,5701,34.529
5711,5703,35.494
5711,5735,37.697
5712,5718,81.922
5712,5720,16.158
5712,5727,3.705
5713,5700,27.136
5714,5717,23.730
5714,5718,39.172
5714,5719,93.445
5714,5744,34.653
5715,5703,50.638
5715,5708,12.894
5715,5761,66.827
5716,5663,168.060
5717,5714,23.730
5717,5728,34.826
5717,5747,60.095
5718,5712,81.922
5718,5714,39.172
5718,5768,28.660
5719,718,37.267
5719,5714,93.445
5719,5767,90.032
5720,5712,16.158
5720,5746,29.057
5720,5752,4.151
5721,5730,31.937
5721,5732,44.925
5721,5744,21.122
5722,5750,40.803
5723,668,124.127
5723,718,56.938
5723,5725,45.382
5724,5772,25.069
5724,16337,14.101
5725,5723,45.382
5725,5729,87.387
5725,5763,32.041
5726,5733,44.002
5727,5712,3.705
5727,5736,24.765
5727,5747,16.473
5728,5717,34.826
5729,5725,87.387
5729,5730,81.199
5729,5763,46.268
5730,5721,31.937
5730,5729,81.199
5730,5763,25.032
5731,625,60.474
5731,5702,30.756
5731,5760,31.369
5732,5721,44.925
5733,5726,44.002
5733,5739,32.586
5733,5744,25.151
5734,5770,26.866
5735,5705,30.768
5735,5706,34.111
5735,5711,37.697
5736,5727,24.765
5736,5757,23.430
5736,5759,25.701
5737,625,130.023
5737,718,20.694
5737,5704,79.192
5738,5756,15.851
5739,5733,32.586
5740,5762,88.640
5740,5765,23.557
5740,5770,54.106
5741,777,28.632
5741,5265,33.141
5741,5764,17.317
5742,5701,78.037
5743,5645,64.565
5744,5714,34.653
5744,5721,21.122
5744,5733,25.151
5745,625,24.232
5745,5710,20.508
5745,5749,43.158
5746,5720,29.057
5746,5751,116.623
5746,5754,45.098
5747,5710,10.460
5747,5717,60.095
5747,5727,16.473
5748,5771,150.218
5749,5745,43.158
5750,5722,40.803
5750,5753,45.756
5750,5761,19.573
5751,5663,17.137
5751,5664,4.202
5751,5746,116.623
5752,5720,4.151
5752,16337,15.418
5752,16338,39.842
5753,5750,45.756
5754,5746,45.098
5754,5766,79.229
5754,5768,7.507
5755,5756,20.133
5755,5772,11.651
5755,16338,1.130
5756,5738,15.851
5756,5755,20.133
5757,5736,23.430
5758,5759,55.369
5759,5710,24.588
5759,5736,25.701
5759,5758,55.369
5760,5731,31.369
5761,5715,66.827
5761,5750,19.573
5762,5740,88.640
5763,5725,32.041
5763,5729,46.268
5763,5730,25.032
5764,5741,17.317
5765,5740,23.557
5766,5754,79.229
5767,5719,90.032
5768,5707,22.131
5768,5718,28.660
5768,5754,7.507
5769,5702,64.978
5769,5705,39.229
5769,5706,38.654
5770,5664,15.726
5770,5734,26.866
5770,5740,54.106
5771,5748,150.218
5772,5724,25.069
5772,5755,11.651
5773,127,242.465
5774,5786,22.934
5774,11885,68.599
5775,5788,146.675
5775,11769,25.462
5776,5785,43.143
5776,6036,25.157
5777,151,22.755
5777,5809,153.140
5777,5827,7.961
5778,5790,162.271
5779,7744,32.806
5779,11800,161.914
5780,5781,25.741
5780,5802,104.447
5780,17307,48.291
5781,5780,25.741
5781,11817,198.514
5782,14,27.382
5782,17822,150.090
5783,13411,10.536
5783,16932,25.291
5784,5782,138.885
5784,5961,82.881
5784,5964,25.468
5785,5942,175.422
5785,10020,84.544
5786,5774,22.934
5786,16083,22.437
5787,5786,34.084
5787,5880,48.194
5788,154,27.064
5788,5919,51.997
5788,11809,163.542
5789,129,31.079
5790,5778,162.271
5791,131,95.410
5791,5792,84.115
5791,5793,107.260
5792,5791,84.115
5793,135,28.692
5793,5791,107.260
5793,5794,57.342
5794,5793,57.342
5795,5780,108.710
5795,5807,83.199
5796,5814,41.797
5796,5859,30.874
5796,5879,56.337
5796,5899,42.897
5797,5806,51.017
5797,5859,22.970
5797,5878,31.014
5798,5804,48.458
5799,5810,65.619
5799,5853,40.669
5799,9492,25.998
5800,5803,28.975
5800,5813,36.586
5800,11756,18.006
5801,5813,27.361
5802,13,27.926
5802,5812,35.003
5803,5800,28.975
5804,129,25.882
5804,5798,48.458
5804,5816,22.420
5805,5833,56.652
5805,5884,42.200
5805,5896,29.390
5806,5797,51.017
5806,5808,13.932
5806,5814,76.749
5807,5795,83.199
5807,5808,23.659
5807,5811,86.833
5808,5806,13.932
5808,5807,23.659
5808,14108,53.721
5809,5795,88.943
5809,5832,8.513
5809,11817,22.576
5810,5799,65.619
5810,5851,45.207
5810,11756,66.019
5810,16036,94.492
5811,5807,86.833
5811,5820,19.510
5811,5829,53.033
5812,5789,161.217
5812,5817,25.463
5812,5819,27.991
5813,5800,36.586
5813,5801,27.361
5813,17307,17.203
5814,5796,41.797
5814,5806,76.749
5814,5820,26.097
5815,5816,79.339
5815,5819,82.155
5815,16036,23.525
5816,5804,22.420
5816,5815,79.339
5816,5853,90.193
5817,13,42.232
5817,5636,179.821
5817,5812,25.463
5818,5849,31.584
5818,5860,23.981
5818,5879,41.643
5819,5812,27.991
5819,5815,82.155
5819,11756,108.860
5820,5811,19.510
5820,5814,26.097
5820,5821,118.877
5821,5820,118.877
5821,5824,34.458
5821,16095,49.134
5822,5824,27.818
5822,5825,40.147
5822,5831,23.281
5823,5826,109.779
5823,5827,84.779
5823,5831,85.957
5824,5821,34.458
5824,5822,27.818
5824,5830,29.663
5825,5822,40.147
5826,5823,109.779
5826,5828,45.006
5826,16094,21.116
5827,5777,7.961
5827,5823,84.779
5827,5832,153.198
5828,5826,45.006
5829,5811,53.033
5829,5831,78.867
5829,5832,69.077
5830,5824,29.663
5831,5822,23.281
5831,5823,85.957
5831,5829,78.867
5832,5809,8.513
5832,5827,153.198
5832,5829,69.077
5833,5805,56.652
5833,5834,69.511
5833,11643,95.684
5833,16095,55.480
5834,141,69.665
5834,5833,69.511
5834,5845,86.512
5834,11820,138.209
5835,5836,12.205
5835,5843,51.421
5835,5875,11.531
5836,5835,12.205
5836,5858,16.157
5836,5871,28.036
5837,5860,46.210
5837,5865,34.482
5838,5856,30.829
5838,5857,34.678
5838,16080,83.733
5839,144,8.715
5839,5873,35.789
5839,9492,134.502
5840,5848,68.281
5840,5862,72.208
5840,5874,55.348
5841,5864,17.042
5842,5850,39.107
5843,5835,51.421
5844,5856,58.677
5844,5870,34.002
5845,5834,86.512
5845,5849,55.049
5845,5858,34.146
5846,143,121.350
5846,7720,148.349
5847,5865,4.025
5847,5866,96.373
5848,5840,68.281
5848,11900,8.654
5849,5818,31.584
5849,5845,55.049
5849,5867,65.247
5850,142,39.260
5850,143,52.564
5850,5842,39.107
5851,5810,45.207
5851,5859,94.673
5851,5878,54.391
5852,142,30.704
5852,5861,50.780
5852,5876,26.959
5853,5799,40.669
5853,5816,90.193
5853,5864,25.816
5853,17309,47.662
5854,5858,37.236
5854,5875,68.339
5855,130,70.869
5856,5838,30.829
5856,5846,61.732
5857,5838,34.678
5858,5836,16.157
5858,5845,34.146
5858,5854,37.236
5859,5796,30.874
5859,5797,22.970
5859,5851,94.673
5860,5818,23.981
5860,5837,46.210
5860,5873,10.562
5861,5852,50.780
5862,5840,72.208
5862,16080,19.520
5863,5876,56.673
5864,5841,17.042
5864,5853,25.816
5864,5877,35.568
5865,5837,34.482
5865,5847,4.025
5866,5847,96.373
5867,5849,65.247
5868,141,77.869
5868,5875,30.556
5868,16615,31.644
5869,7719,88.967
5869,14107,32.458
5869,16076,36.500
5869,17299,138.037
5870,5844,34.002
5871,5836,28.036
5872,5877,26.812
5873,5839,35.789
5873,5860,10.562
5873,5879,84.433
5874,5840,55.348
5874,5877,4.481
5874,16080,32.962
5875,5835,11.531
5875,5854,68.339
5875,5868,30.556
5876,144,63.357
5876,5852,26.959
5876,5863,56.673
5877,5864,35.568
5877,5872,26.812
5877,5874,4.481
5878,5797,31.014
5878,5851,54.391
5878,11756,53.774
5879,5796,56.337
5879,5818,41.643
5879,5873,84.433
5880,5787,48.194
5880,5881,41.639
5880,5921,100.804
5881,5880,41.639
5881,5901,74.919
5881,5922,72.392
5882,146,25.344
5882,5886,26.460
5882,5891,29.564
5883,5888,92.284
5883,5902,63.429
5883,7721,91.396
5884,5805,42.200
5884,5893,23.529
5884,5912,22.755
5885,5912,77.145
5886,5882,26.460
5886,5907,9.718
5886,11644,48.576
5887,5889,69.634
5887,5892,6.060
5887,5910,29.681
5888,5883,92.284
5888,5892,52.350
5888,5897,54.487
5888,7727,59.391
5889,5887,69.634
5889,5906,35.375
5889,11820,70.464
5890,146,52.437
5890,11644,84.656
5890,14761,5.166
5891,5882,29.564
5892,5887,6.060
5892,5888,52.350
5892,7725,49.351
5893,5884,23.529
5893,5898,38.795
5893,5908,31.665
5894,5897,38.468
5895,5909,63.902
5896,5805,29.390
5897,5888,54.487
5897,5894,38.468
5897,11820,29.309
5898,5893,38.795
5899,5796,42.897
5899,5911,32.650
5899,5912,17.263
5900,156,151.342
5900,5930,41.097
5900,14725,45.571
5901,152,49.043
5901,5881,74.919
5901,11644,71.186
5902,140,53.875
5902,141,31.932
5902,5883,63.429
5903,5906,127.842
5903,14761,31.832
5904,5907,50.162
5905,147,68.945
5905,5926,48.562
5905,5927,57.080
5906,150,68.619
5906,5889,35.375
5906,5903,127.842
5907,5886,9.718
5907,5904,50.162
5907,5909,30.114
5908,5893,31.665
5909,152,30.550
5909,5895,63.902
5909,5907,30.114
5910,5887,29.681
5911,5899,32.650
5912,5884,22.755
5912,5885,77.145
5912,5899,17.263
5913,5919,107.048
5914,150,61.884
5914,5918,43.171
5914,5924,30.148
5915,5930,65.210
5916,149,101.060
5916,15481,16.455
5916,16538,77.959
5917,148,27.431
5917,149,55.153
5917,5918,32.962
5918,5914,43.171
5918,5917,32.962
5918,5920,30.277
5919,156,41.347
5919,5788,51.997
5919,5913,107.048
5920,5918,30.277
5920,5923,34.142
5920,5924,39.107
5921,5880,100.804
5922,5881,72.392
5923,147,81.489
5923,148,3.361
5923,5920,34.142
5924,5914,30.148
5924,5920,39.107
5924,17301,30.074
5925,165,81.465
5925,5926,120.684
5925,5929,103.056
5926,161,74.628
5926,5905,48.562
5926,5925,120.684
5927,5905,57.080
5928,5929,52.600
5929,148,33.187
5929,5925,103.056
5929,5928,52.600
5930,152,58.394
5930,5900,41.097
5930,5915,65.210
5931,7681,74.647
5931,13418,10.526
5932,5952,42.653
5932,13415,9.005
5933,5935,51.151
5933,5939,97.973
5933,13415,62.848
5934,161,165.506
5934,5935,27.220
5934,5938,102.304
5934,5941,67.636
5935,5933,51.151
5935,5934,27.220
5935,5936,100.039
5936,5935,100.039
5936,5938,30.465
5936,5939,49.292
5937,165,69.636
5937,5938,75.616
5937,5940,126.373
5938,5934,102.304
5938,5936,30.465
5938,5937,75.616
5939,5933,97.973
5939,5936,49.292
5939,13416,87.576
5940,161,37.045
5940,165,81.519
5940,5937,126.373
5941,153,169.906
5941,5934,67.636
5941,13414,130.464
5942,169,87.899
5942,5784,122.130
5942,5943,25.736
5943,5942,25.736
5943,6036,225.781
5943,6052,75.951
5944,163,100.288
5944,164,81.317
5944,5957,44.256
5945,5957,49.594
5946,175,57.819
5946,5954,114.617
5946,5963,158.076
5947,5954,34.844
5947,5960,35.645
5947,5961,35.897
5948,168,58.434
5948,5950,60.760
5948,5958,71.247
5949,5956,21.807
5950,169,31.918
5950,5948,60.760
5950,5960,59.826
5951,155,116.837
5951,175,67.732
5951,5961,178.335
5952,163,47.522
5952,5957,95.724
5953,5964,69.145
5953,10274,160.772
5954,5946,114.617
5954,5947,34.844
5954,5958,27.106
5955,5960,10.425
5956,5949,21.807
5956,5959,48.354
5956,5966,61.874
5957,5944,44.256
5957,5945,49.594
5957,5952,95.724
5957,5965,55.086
5958,5948,71.247
5958,5954,27.106
5958,5963,41.725
5959,167,65.633
5959,5956,48.354
5959,5967,41.027
5960,5947,35.645
5960,5950,59.826
5960,5955,10.425
5961,169,104.065
5961,5784,82.881
5961,5947,35.897
5961,5951,178.335
5962,7678,75.377
5962,7736,10.599
5963,168,50.981
5963,5946,158.076
5963,5958,41.725
5964,5784,25.468
5964,5943,125.224
5964,6037,79.043
5965,166,99.370
5965,5957,55.086
5965,5966,50.334
5966,160,103.965
5966,175,75.344
5966,5956,61.874
5966,5965,50.334
5967,5959,41.027
5968,170,83.584
5968,174,49.316
5968,5969,29.282
5969,5968,29.282
5969,5970,25.745
5969,5972,47.850
5970,5969,25.745
5971,122,85.249
5971,5975,87.975
5971,10020,61.808
5972,5969,47.850
5973,5974,49.146
5974,167,31.133
5974,170,97.961
5974,5973,49.146
5975,122,60.333
5975,173,64.244
5975,5971,87.975
5975,7735,138.352
5976,7629,120.798
5976,7712,86.420
5977,7730,93.728
5978,181,111.583
5978,5981,63.155
5978,5986,173.425
5979,5980,77.389
5980,5979,77.389
5980,5986,57.664
5980,13217,27.077
5981,5984,71.318
5981,17332,12.142
5982,5984,51.792
5982,16559,40.147
5983,5984,13.067
5984,5981,71.318
5984,5982,51.792
5984,5983,13.067
5985,9391,14.721
5985,16560,22.545
5986,5978,173.425
5986,5980,57.664
5986,6380,24.278
5987,179,38.049
5988,5990,32.107
5988,5994,22.897
5988,6000,26.450
5989,5993,12.754
5989,5999,50.159
5989,6002,64.104
5990,5988,32.107
5991,145,180.495
5991,178,90.121
5991,7729,15.504
5992,176,28.490
5992,6005,35.049
5992,6009,39.315
5993,5989,12.754
5993,6408,162.733
5993,6456,8.046
5994,5988,22.897
5994,5996,87.703
5994,6009,8.601
5995,180,33.583
5996,5994,87.703
5996,5998,37.740
5996,5999,63.436
5997,15481,77.702
5998,5996,37.740
5999,178,214.409
5999,5989,50.159
5999,5996,63.436
6000,162,31.897
6000,5988,26.450
6001,6003,79.960
6002,5989,64.104
6003,5991,66.560
6003,6001,79.960
6004,6337,58.590
6005,5992,35.049
6006,177,40.282
6006,6363,39.266
6006,6371,37.487
6007,145,90.941
6007,177,182.170
6007,178,159.633
6008,6021,70.775
6008,6023,52.730
6008,6027,66.496
6009,5992,39.315
6009,5994,8.601
6009,14103,58.150
6010,6015,24.908
6010,6017,134.042
6010,6029,47.240
6011,6025,37.186
6011,6030,21.672
6011,6031,20.953
6012,6020,72.085
6012,6021,40.145
6012,14103,13.648
6013,6016,73.804
6013,6017,52.786
6013,13419,101.582
6014,6020,97.636
6014,9390,16.916
6014,14104,88.187
6015,6010,24.908
6015,6636,34.624
6015,6644,20.115
6016,6013,73.804
6016,6019,55.012
6016,13928,121.842
6017,6010,134.042
6017,6013,52.786
6017,6018,33.904
6018,6017,33.904
6018,6020,68.382
6018,6029,105.555
6019,6016,55.012
6019,6022,15.040
6019,13421,147.139
6020,6012,72.085
6020,6014,97.636
6020,6018,68.382
6021,6008,70.775
6021,6012,40.145
6021,6023,21.976
6021,6024,23.537
6022,6019,15.040
6022,6032,28.467
6022,12181,121.190
6023,6008,52.730
6023,6021,21.976
6023,6030,64.193
6023,6031,72.051
6024,6021,23.537
6025,176,36.282
6025,6011,37.186
6025,6452,27.520
6026,6674,37.368
6026,6677,18.622
6026,12181,39.141
6027,6008,66.496
6027,6029,32.630
6027,6030,44.093
6028,13420,49.176
6029,6010,47.240
6029,6018,105.555
6029,6027,32.630
6030,6011,21.672
6030,6023,64.193
6030,6027,44.093
6031,176,21.715
6031,6011,20.953
6031,6023,72.051
6032,6022,28.467
6032,6670,22.104
6032,6674,75.945
6033,6044,90.084
6033,6048,108.422
6034,6041,47.334
6034,6051,70.771
6034,6060,102.846
6034,17291,40.704
6035,14,221.646
6035,6042,299.773
6035,10274,82.548
6036,5776,25.157
6036,5779,125.562
6036,15741,97.753
6037,5964,79.043
6037,6043,44.724
6037,6052,141.847
6038,6045,117.147
6038,6057,103.942
6039,6042,63.255
6039,6056,56.959
6039,6057,155.259
6040,6042,201.194
6040,6045,77.967
6040,6057,121.909
6041,6034,47.334
6041,6049,18.347
6041,6054,105.273
6042,6035,299.773
6042,6039,63.255
6042,6040,201.194
6043,6037,44.724
6043,6047,163.866
6043,10274,45.726
6044,6033,90.084
6044,6046,58.600
6044,6050,100.755
6044,15741,44.308
6045,6040,77.967
6045,7738,85.117
6045,16673,6.416
6046,6044,58.600
6046,6049,19.703
6046,6055,69.360
6047,6043,163.866
6047,6052,115.596
6047,6056,75.728
6047,6060,48.539
6048,6053,33.752
6048,17291,87.807
6049,6041,18.347
6049,6046,19.703
6049,6059,105.227
6050,6044,100.755
6050,6052,82.722
6050,6059,68.702
6051,6034,70.771
6051,6057,84.847
6051,6058,34.952
6052,5943,75.951
6052,6037,141.847
6052,6047,115.596
6052,6050,82.722
6053,6038,152.682
6053,16674,7.294
6053,17291,52.376
6054,6041,105.273
6054,6059,28.948
6054,6060,47.162
6055,6046,69.360
6056,6039,56.959
6056,6047,75.728
6056,6058,115.729
6056,10274,215.173
6057,6038,103.942
6057,6039,155.259
6057,6040,121.909
6057,6051,84.847
6058,6051,34.952
6058,6056,115.729
6058,15235,59.668
6059,6049,105.227
6059,6050,68.702
6059,6054,28.948
6060,6034,102.846
6060,6047,48.539
6060,6054,47.162
6061,6063,205.392
6062,6063,101.782
6063,6061,205.392
6063,6062,101.782
6064,6126,14.412
6064,6130,7.715
6064,6224,17.477
6065,6226,448.977
6066,6070,58.142
6066,6071,31.112
6066,6081,66.871
6067,6069,194.082
6067,6077,93.430
6067,6083,166.514
6068,858,24.022
6068,5357,27.433
6068,6069,31.410
6069,6067,194.082
6069,6068,31.410
6070,6066,58.142
6071,6066,31.112
6071,6073,21.473
6072,6073,19.738
6073,6071,21.473
6073,6072,19.738
6073,6077,16.477
6074,6080,49.924
6075,802,13.909
6075,871,35.179
6075,6109,81.014
6076,6079,49.654
6077,6067,93.430
6077,6073,16.477
6077,6078,45.285
6078,6077,45.285
6079,5350,13.912
6079,6076,49.654
6079,14088,18.841
6080,582,27.108
6080,5350,4.848
6080,6074,49.924
6081,582,6.580
6081,5361,51.691
6081,6066,66.871
6082,6083,90.988
6083,6067,166.514
6083,6082,90.988
6083,6089,142.612
6084,6088,45.953
6084,6115,18.793
6085,6098,75.610
6086,6095,42.504
6087,6091,38.252
6088,6084,45.953
6089,6083,142.612
6089,6092,39.013
6089,6108,7.962
6090,827,26.996
6090,6104,37.072
6090,6119,7.648
6091,827,31.556
6091,5346,11.334
6091,6087,38.252
6092,6089,39.013
6093,6100,16.850
6094,6103,25.981
6094,6104,17.666
6094,6105,53.832
6095,6086,42.504
6095,6102,28.690
6095,6114,54.821
6096,6100,49.144
6097,6104,45.475
6098,6085,75.610
6098,6101,31.453
6099,6106,48.373
6100,6093,16.850
6100,6096,49.144
6100,6105,14.152
6101,6098,31.453
6101,6117,32.652
6101,6145,57.421
6102,6095,28.690
6103,6094,25.981
6103,6106,19.216
6104,6090,37.072
6104,6094,17.666
6104,6097,45.475
6105,6094,53.832
6105,6100,14.152
6106,6099,48.373
6106,6103,19.216
6106,6116,64.016
6107,802,18.910
6107,828,31.725
6107,6112,59.863
6108,6089,7.962
6108,6109,27.220
6108,6113,36.006
6109,6075,81.014
6109,6108,27.220
6109,6111,107.777
6110,14088,51.206
6111,6109,107.777
6112,6107,59.863
6113,6108,36.006
6114,6095,54.821
6115,6084,18.793
6115,6117,42.401
6115,6118,48.505
6116,6106,64.016
6117,6101,32.652
6117,6115,42.401
6117,6130,43.559
6118,6115,48.505
6119,6090,7.648
6119,6139,43.687
6119,6144,78.651
6120,6121,79.242
6120,9699,25.635
6121,6120,79.242
6121,6138,48.396
6121,9711,1.782
6122,6131,27.288
6122,6139,94.192
6123,9699,7.042
6124,6157,39.719
6124,6166,40.932
6124,9703,53.710
6125,6132,48.751
6125,6136,38.515
6125,6142,13.569
6126,6064,14.412
6126,6127,56.498
6126,6228,75.912
6127,6126,56.498
6128,6154,49.283
6129,6137,57.069
6129,6139,31.064
6129,6145,25.961
6130,6064,7.715
6130,6117,43.559
6130,6132,16.039
6131,6122,27.288
6131,6135,17.759
6131,6137,34.683
6132,6125,48.751
6132,6130,16.039
6132,6136,79.403
6133,5300,13.560
6134,6137,46.317
6134,6143,38.433
6135,5305,34.085
6135,5308,55.727
6135,6131,17.759
6136,6125,38.515
6136,6132,79.403
6136,6145,48.561
6137,6129,57.069
6137,6131,34.683
6137,6134,46.317
6138,601,2.606
6138,6121,48.396
6138,9701,17.254
6139,6119,43.687
6139,6122,94.192
6139,6129,31.064
6140,827,46.226
6141,6166,25.013
6142,6125,13.569
6142,6143,44.029
6142,16725,12.647
6143,6134,38.433
6143,6142,44.029
6144,5300,12.786
6144,6119,78.651
6145,6101,57.421
6145,6129,25.961
6145,6136,48.561
6146,5308,19.056
6147,6151,25.684
6147,6160,31.760
6147,6184,37.646
6148,6152,40.591
6148,6167,31.228
6148,6200,4.730
6149,6181,24.687
6150,6160,26.495
6151,6147,25.684
6152,6148,40.591
6152,6155,19.997
6153,6157,87.359
6153,6172,11.299
6153,6176,14.760
6154,6128,49.283
6154,6180,65.449
6155,6152,19.997
6156,6158,25.452
6157,6124,39.719
6157,6153,87.359
6157,13898,64.875
6158,6156,25.452
6158,6162,37.128
6158,6183,41.936
6158,6187,40.377
6159,6188,56.717
6159,6190,22.506
6159,6207,8.642
6160,6147,31.760
6160,6150,26.495
6160,6181,10.138
6161,6173,29.276
6162,6158,37.128
6163,4800,30.929
6164,6187,46.973
6165,6175,54.608
6165,6179,73.784
6165,6182,33.199
6166,6124,40.932
6166,6141,25.013
6166,13897,111.627
6167,6148,31.228
6167,6207,29.214
6167,14491,63.588
6168,916,3.779
6168,6184,42.620
6168,6241,73.645
6169,6178,46.776
6170,6172,92.081
6171,6177,123.933
6171,6281,22.788
6171,6282,39.370
6172,6153,11.299
6172,6170,92.081
6172,6183,31.113
6173,5306,30.427
6173,5312,8.389
6173,6161,29.276
6174,6175,69.899
6175,6165,54.608
6175,6174,69.899
6175,6185,25.247
6176,6153,14.760
6176,6185,43.075
6176,9711,57.919
6177,6171,123.933
6177,6184,87.240
6178,4789,4.036
6178,6169,46.776
6178,6281,12.004
6179,6165,73.784
6180,5222,5.601
6180,6154,65.449
6180,13896,27.097
6181,6149,24.687
6181,6160,10.138
6181,6188,24.245
6182,916,84.767
6182,6165,33.199
6182,6212,43.841
6182,6237,115.466
6183,6158,41.936
6183,6172,31.113
6183,6190,85.813
6184,6147,37.646
6184,6168,42.620
6184,6177,87.240
6185,6175,25.247
6185,6176,43.075
6185,6188,81.201
6186,4787,124.411
6186,6200,64.717
6186,6282,22.631
6187,6158,40.377
6187,6164,46.973
6188,6159,56.717
6188,6181,24.245
6188,6185,81.201
6189,4785,26.773
6190,6159,22.506
6190,6183,85.813
6190,6202,42.594
6191,6193,17.580
6191,6197,20.776
6191,6204,50.480
6191,6209,28.471
6192,6203,93.736
6193,6191,17.580
6194,6199,78.117
6194,6203,28.930
6194,14490,22.384
6195,673,7.435
6195,4994,26.619
6195,6197,32.699
6196,6200,44.265
6197,6191,20.776
6197,6195,32.699
6197,6204,27.797
6198,6206,67.637
6199,4945,19.062
6199,5039,36.441
6199,6194,78.117
6200,6148,4.730
6200,6186,64.717
6200,6196,44.265
6201,6207,64.498
6202,6190,42.594
6203,6192,93.736
6203,6194,28.930
6204,6191,50.480
6204,6197,27.797
6204,15197,73.055
6205,673,52.299
6205,5094,43.707
6205,6206,96.793
6206,6198,67.637
6206,6205,96.793
6206,15196,15.977
6207,6159,8.642
6207,6167,29.214
6207,6201,64.498
6208,5326,70.395
6209,6191,28.471
6210,6215,24.741
6210,6233,13.788
6210,9704,13.114
6211,6217,137.166
6211,6240,64.639
6211,6244,102.749
6212,6182,43.841
6212,6227,30.115
6212,9701,7.365
6213,6218,256.507
6214,6215,20.239
6214,6216,100.772
6214,6235,9.007
6215,6210,24.741
6215,6214,20.239
6215,6236,91.870
6216,6214,100.772
6217,6211,137.166
6218,751,33.443
6218,6213,256.507
6218,6251,9.683
6219,6228,43.717
6220,6223,28.061
6221,6224,29.292
6221,6225,49.776
6221,6234,42.789
6222,6234,24.452
6223,601,37.392
6223,6220,28.061
6223,6227,29.996
6224,6064,17.477
6224,6221,29.292
6224,6226,54.121
6225,6221,49.776
6225,6226,29.037
6225,6229,37.914
6226,6065,448.977
6226,6224,54.121
6226,6225,29.037
6227,6212,30.115
6227,6223,29.996
6227,9709,5.124
6228,601,74.396
6228,6126,75.912
6228,6219,43.717
6229,6225,37.914
6229,6232,9.032
6230,6232,24.763
6231,6233,48.594
6232,6229,9.032
6232,6230,24.763
6232,6234,33.263
6233,6210,13.788
6233,6231,48.594
6233,9707,23.062
6234,6221,42.789
6234,6222,24.452
6234,6232,33.263
6235,6214,9.007
6235,9705,66.881
6236,6215,91.870
6237,6182,115.466
6238,11095,8.320
6238,11519,123.631
6238,14646,54.604
6239,4786,9.705
6239,6249,77.064
6239,6278,24.792
6240,916,23.019
6240,6211,64.639
6240,6243,29.189
6241,6168,73.645
6241,6244,87.654
6241,6246,71.044
6242,6249,19.290
6243,6240,29.189
6244,6211,102.749
6244,6241,87.654
6244,6245,48.739
6245,6244,48.739
6246,4786,32.984
6246,6241,71.044
6246,6247,196.680
6247,6246,196.680
6248,6249,29.378
6248,6250,73.870
6248,16389,102.971
6249,6239,77.064
6249,6242,19.290
6249,6248,29.378
6250,864,14.164
6250,6248,73.870
6250,6278,13.114
6251,6218,9.683
6251,6252,81.787
6251,6279,48.578
6252,6251,81.787
6253,751,63.625
6254,6259,109.598
6255,613,98.489
6255,6256,24.295
6255,6258,117.736
6256,6255,24.295
6257,6260,65.007
6258,671,18.404
6258,6255,117.736
6258,6261,275.866
6259,6254,109.598
6259,16420,66.866
6259,17013,52.122
6259,17326,15.628
6260,613,17.065
6260,671,3.807
6260,6257,65.007
6261,6258,275.866
6261,11588,386.094
6261,17082,267.670
6262,6269,35.750
6262,6290,49.578
6262,9430,15.220
6263,6275,84.654
6264,6283,55.165
6265,6272,33.989
6266,4785,10.774
6266,4800,24.105
6266,6271,13.356
6267,864,19.743
6267,6276,42.528
6267,6279,10.529
6268,5015,9.970
6268,5016,94.738
6268,6285,30.374
6269,6262,35.750
6269,6280,72.281
6269,15193,23.963
6270,6275,56.381
6270,6280,36.809
6270,10040,88.018
6271,6266,13.356
6272,4786,30.208
6272,4800,8.229
6272,6265,33.989
6273,6285,37.045
6274,864,47.980
6274,6276,14.374
6274,17617,15.394
6275,6263,84.654
6275,6270,56.381
6275,6282,27.056
6276,6267,42.528
6276,6274,14.374
6276,6287,28.764
6277,6278,30.848
6278,6239,24.792
6278,6250,13.114
6278,6277,30.848
6279,6251,48.578
6279,6267,10.529
6279,13028,23.744
6280,6269,72.281
6280,6270,36.809
6280,6281,64.591
6281,6171,22.788
6281,6178,12.004
6281,6280,64.591
6282,6171,39.370
6282,6186,22.631
6282,6275,27.056
6283,5015,39.595
6283,5024,5.703
6283,6264,55.165
6284,13028,40.682
6285,6268,30.374
6285,6273,37.045
6285,6289,26.445
6286,4789,74.717
6287,6276,28.764
6287,9421,11.931
6288,9430,37.092
6288,17617,63.901
6289,6285,26.445
6289,10040,72.148
6290,6262,49.578
6290,9434,62.865
6290,10040,39.536
6291,6299,28.996
6291,6300,78.977
6292,6304,34.369
6292,6359,112.074
6292,6362,130.162
6293,5978,82.257
6293,6294,61.928
6294,6293,61.928
6294,6300,54.827
6294,6336,107.973
6295,6297,260.992
6295,6300,94.552
6295,13241,67.284
6296,6298,160.482
6296,6300,30.710
6297,6295,260.992
6297,10489,74.547
6298,6296,160.482
6298,6304,43.928
6298,13241,31.053
6299,6291,28.996
6299,6301,53.599
6299,6303,145.518
6300,6291,78.977
6300,6294,54.827
6300,6295,94.552
6300,6296,30.710
6301,6293,46.711
6301,6299,53.599
6302,5374,23.625
6302,6301,141.930
6302,6303,52.301
6303,6297,94.182
6303,6299,145.518
6304,6292,34.369
6304,6298,43.928
6304,6359,141.607
6305,6336,83.581
6305,6337,55.098
6305,6366,31.135
6305,6381,18.259
6306,13346,30.861
6307,6319,42.027
6308,6343,17.405
6308,15573,8.723
6309,6318,111.297
6309,6335,117.527
6309,6340,69.071
6310,6340,11.301
6310,6343,44.754
6310,6362,59.846
6311,6324,71.228
6311,6331,24.400
6311,6332,51.207
6312,6327,53.380
6312,15085,66.154
6313,6315,14.481
6313,6321,27.017
6313,6326,45.812
6314,6318,54.547
6314,6326,38.309
6314,13343,243.690
6315,6313,14.481
6316,6319,13.179
6316,6328,49.147
6316,16834,40.476
6317,77,74.651
6317,78,18.035
6317,16834,11.231
6318,6309,111.297
6318,6314,54.547
6318,13241,89.069
6319,6307,42.027
6319,6316,13.179
6319,6324,37.703
6320,6323,33.865
6321,6313,27.017
6321,6322,51.909
6321,6325,32.915
6322,6321,51.909
6322,6326,28.859
6322,13949,32.605
6323,6320,33.865
6323,6325,27.219
6323,6328,41.315
6324,6311,71.228
6324,6319,37.703
6324,13949,8.979
6325,6321,32.915
6325,6323,27.219
6325,6329,35.383
6325,13949,61.874
6326,6313,45.812
6326,6314,38.309
6326,6322,28.859
6327,78,35.751
6327,6328,55.048
6328,6316,49.147
6328,6323,41.315
6328,6327,55.048
6329,6325,35.383
6329,15085,49.152
6330,6397,21.371
6330,15200,24.184
6331,6311,24.400
6331,6333,48.443
6331,16835,39.376
6332,6311,51.207
6333,6331,48.443
6334,6350,54.175
6335,6309,117.527
6336,6294,107.973
6336,6305,83.581
6336,6356,49.597
6337,6004,58.590
6337,6305,55.098
6338,6347,43.241
6338,6369,20.573
6338,16792,68.075
6339,6341,27.531
6339,6369,12.439
6339,13240,48.796
6340,6309,69.071
6340,6310,11.301
6340,6344,32.631
6341,6339,27.531
6341,6360,33.418
6341,6373,24.211
6342,6348,53.113
6342,6354,52.034
6342,6488,10.913
6343,6308,17.405
6343,6310,44.754
6343,6353,117.906
6344,6340,32.631
6345,6376,21.449
6345,6399,120.189
6345,6403,65.167
6346,6350,32.255
6346,6488,65.816
6346,6489,9.966
6347,6338,43.241
6347,6370,18.190
6347,16792,25.798
6348,6342,53.113
6349,6356,214.869
6349,15029,54.650
6350,6334,54.175
6350,6346,32.255
6350,6353,22.982
6351,6357,50.261
6352,6354,54.295
6353,6343,117.906
6353,6350,22.982
6353,15572,82.411
6354,6342,52.034
6354,6352,54.295
6354,6357,40.908
6354,6483,86.071
6355,6356,31.509
6355,6372,43.389
6355,15029,63.853
6356,6336,49.597
6356,6349,214.869
6356,6355,31.509
6357,77,87.357
6357,6351,50.261
6357,6354,40.908
6358,6360,35.234
6359,6292,112.074
6359,6304,141.607
6359,6362,22.806
6360,6341,33.418
6360,6358,35.234
6360,6384,61.438
6361,6374,56.425
6361,6379,86.134
6361,6384,15.573
6362,6292,130.162
6362,6310,59.846
6362,6359,22.806
6363,6006,39.266
6364,6365,38.818
6364,6367,96.640
6364,6374,52.100
6365,6364,38.818
6365,6367,62.913
6365,6382,32.430
6366,6305,31.135
6366,6368,168.963
6367,6364,96.640
6367,6365,62.913
6367,15043,20.389
6368,6366,168.963
6368,14328,16.500
6369,6338,20.573
6369,6339,12.439
6369,6370,42.985
6370,6347,18.190
6370,6369,42.985
6370,13240,10.581
6371,6006,37.487
6371,6389,45.630
6371,6404,40.900
6372,6355,43.389
6372,6374,64.961
6372,6379,60.460
6372,6381,26.740
6373,6341,24.211
6373,6375,94.372
6373,6383,48.640
6374,6361,56.425
6374,6364,52.100
6374,6372,64.961
6374,6381,83.955
6375,6373,94.372
6375,6376,101.837
6375,13239,74.399
6376,6345,21.449
6376,6375,101.837
6376,15572,8.231
6377,6383,67.216
6378,6382,50.257
6379,6361,86.134
6379,6372,60.460
6379,16792,14.734
6380,180,25.268
6380,5986,24.278
6380,13217,63.181
6381,6305,18.259
6381,6372,26.740
6381,6374,83.955
6382,6365,32.430
6382,6378,50.257
6382,6384,49.146
6382,15045,15.140
6383,6373,48.640
6383,6377,67.216
6383,15573,39.633
6384,6360,61.438
6384,6361,15.573
6384,6382,49.146
6385,6393,91.322
6385,6401,22.086
6385,6404,137.296
6386,6395,25.272
6386,6401,38.329
6386,6402,36.948
6387,6399,72.556
6388,6403,55.602
6389,6371,45.630
6389,6406,81.925
6389,6414,57.792
6390,76,85.827
6390,6398,32.400
6390,6463,65.877
6390,6489,258.153
6391,6402,61.496
6392,6405,34.806
6393,6385,91.322
6393,6405,33.922
6393,6414,126.067
6394,6401,71.774
6394,15393,77.530
6395,6386,25.272
6395,6397,38.067
6395,15043,14.135
6396,6399,85.970
6396,6405,104.733
6396,16668,55.203
6397,6330,21.371
6397,6395,38.067
6397,6402,29.893
6398,6390,32.400
6398,6400,74.691
6398,6441,47.378
6399,6345,120.189
6399,6387,72.556
6399,6396,85.970
6400,6398,74.691
6401,6385,22.086
6401,6386,38.329
6401,6394,71.774
6402,6386,36.948
6402,6391,61.496
6402,6397,29.893
6403,6345,65.167
6403,6388,55.602
6403,14634,22.197
6404,6371,40.900
6404,6385,137.296
6404,15043,101.600
6405,6392,34.806
6405,6393,33.922
6405,6396,104.733
6406,6389,81.925
6406,6438,129.669
6406,17298,31.023
6407,6413,22.324
6407,6424,111.567
6407,6431,6.008
6408,177,96.916
6408,5993,162.733
6408,17298,44.396
6409,6430,107.619
6409,14810,43.701
6409,15048,25.780
6410,14810,22.936
6411,6413,65.437
6411,6423,71.056
6411,6683,59.200
6412,6417,82.058
6412,6647,60.200
6412,6675,37.465
6413,6407,22.324
6413,6411,65.437
6413,6418,63.660
6414,6389,57.792
6414,6393,126.067
6414,6421,78.486
6415,6433,23.959
6416,6658,20.230
6416,6688,23.839
6417,6412,82.058
6417,6440,55.925
6417,6444,20.141
6418,6413,63.660
6419,6424,45.364
6420,6440,26.697
6421,6414,78.486
6422,6428,27.512
6422,6678,34.366
6422,6679,42.881
6423,6437,21.183
6423,6439,40.385
6424,6407,111.567
6424,6419,45.364
6424,6436,82.768
6425,6431,43.677
6425,6432,43.616
6425,6441,67.111
6426,75,89.459
6426,76,40.575
6426,6431,75.188
6427,6448,35.290
6427,6641,10.660
6428,6422,27.512
6428,6435,22.523
6428,14780,67.084
6429,6443,46.435
6430,6409,107.619
6430,6438,43.684
6430,6444,21.019
6431,6407,6.008
6431,6425,43.677
6431,6426,75.188
6432,6425,43.616
6433,6415,23.959
6433,6440,26.849
6433,14810,20.868
6434,6437,23.947
6435,6428,22.523
6436,6424,82.768
6436,6443,23.546
6437,6434,23.947
6437,6436,30.967
6437,6682,44.412
6438,6406,129.669
6438,6430,43.684
6438,6442,68.007
6439,6423,40.385
6440,6417,55.925
6440,6420,26.697
6440,6433,26.849
6441,6398,47.378
6441,6425,67.111
6441,16668,5.950
6442,6438,68.007
6442,6450,41.535
6442,17295,5.206
6443,6422,26.375
6443,6429,46.435
6444,6417,20.141
6444,6430,21.019
6444,6451,45.370
6445,6447,92.195
6445,6448,33.803
6445,6449,43.267
6446,6449,32.719
6446,6457,37.212
6446,6458,27.796
6447,6445,92.195
6447,6451,12.028
6447,6454,33.966
6448,6427,35.290
6448,6445,33.803
6448,6455,49.002
6449,6445,43.267
6449,6446,32.719
6449,6452,38.016
6450,6442,41.535
6451,6444,45.370
6451,6447,12.028
6452,6025,27.520
6452,6449,38.016
6452,6456,10.852
6453,6675,63.819
6454,6447,33.966
6455,6448,49.002
6456,5993,8.046
6456,6452,10.852
6456,6457,34.215
6457,6446,37.212
6457,6456,34.215
6457,17295,33.505
6458,6446,27.796
6459,6466,48.332
6459,6469,65.188
6459,6610,19.135
6460,18,98.792
6460,6461,23.838
6460,17048,80.262
6461,6460,23.838
6461,6464,28.897
6461,6471,25.920
6462,6466,124.631
6462,6468,55.203
6462,6476,211.800
6463,6390,65.877
6463,6473,86.794
6463,6481,36.973
6464,6461,28.897
6465,18,5.427
6465,6466,172.656
6465,16664,21.190
6466,6459,48.332
6466,6462,124.631
6466,6465,172.656
6466,6608,74.719
6467,12091,98.451
6467,13208,97.509
6467,17046,44.596
6468,6462,55.203
6468,6484,84.810
6469,6459,65.188
6470,6474,8.133
6470,6629,124.166
6471,6461,25.920
6472,6480,59.996
6473,6463,86.794
6474,6475,81.979
6474,14781,40.896
6475,6474,81.979
6476,6462,211.800
6476,6479,50.933
6477,6478,62.601
6477,6480,18.472
6478,6477,62.601
6479,6470,36.267
6479,6476,50.933
6480,6472,59.996
6480,6479,80.923
6481,6463,36.973
6481,6484,147.524
6481,6486,63.593
6482,6489,28.186
6482,12179,64.012
6482,16671,68.554
6483,6354,86.071
6484,6468,84.810
6484,6481,147.524
6484,6485,224.939
6484,13208,68.767
6485,6484,224.939
6485,6487,204.094
6485,6490,57.478
6485,16671,34.877
6486,6481,63.593
6486,12179,102.170
6486,13205,58.525
6487,19,33.200
6487,6485,204.094
6487,6502,28.318
6488,6342,10.913
6488,6346,65.816
6488,17616,51.236
6489,6346,9.966
6489,6390,258.153
6489,6482,28.186
6490,6485,57.478
6490,6491,15.242
6490,17616,53.404
6491,6490,15.242
6492,6497,122.020
6493,6503,127.677
6493,6508,88.183
6493,13215,77.538
6494,6503,139.634
6494,12075,109.998
6494,15023,9.860
6495,6494,67.210
6495,6497,102.350
6496,6501,114.653
6496,13216,25.636
6496,14564,130.850
6497,6492,122.020
6497,6495,102.350
6497,12087,78.515
6498,20,215.342
6498,6501,33.679
6498,15565,91.188
6499,6502,75.572
6499,13216,27.494
6500,6522,164.343
6500,17050,95.841
6501,6496,114.653
6501,6498,33.679
6501,6502,36.127
6502,6487,28.318
6502,6499,75.572
6502,6501,36.127
6503,6493,127.677
6503,6494,139.634
6503,6505,86.956
6504,6516,53.321
6505,6503,86.956
6506,38,256.933
6506,6507,92.529
6506,6516,12.657
6507,6506,92.529
6507,6517,44.559
6507,15692,23.823
6508,6493,88.183
6508,6511,124.355
6508,6513,60.933
6509,6511,30.705
6510,6516,49.891
6511,6508,124.355
6511,6509,30.705
6511,6512,18.792
6512,6511,18.792
6513,6508,60.933
6513,13215,56.365
6514,6515,54.571
6515,6514,54.571
6515,6517,25.353
6515,15692,43.154
6516,6504,53.321
6516,6506,12.657
6516,6510,49.891
6517,6507,44.559
6517,6515,25.353
6517,14568,32.621
6518,15,124.802
6518,6519,86.944
6519,6518,86.944
6520,891,151.730
6520,4072,24.007
6520,13923,307.992
6521,16,155.129
6521,6573,69.476
6522,6572,58.712
6522,6576,74.141
6523,6531,68.803
6523,16811,1.778
6524,6533,91.945
6525,3098,33.109
6525,16090,53.156
6526,6540,78.534
6526,14552,32.570
6526,15872,5.583
6527,6531,58.996
6527,13929,69.717
6528,6534,81.941
6529,6530,20.251
6529,6532,46.753
6529,14732,15.963
6530,6529,20.251
6530,6534,36.580
6530,14732,161.107
6531,6523,68.803
6531,6527,58.996
6532,6529,46.753
6533,61,120.241
6533,6524,91.945
6533,6545,232.664
6534,6528,81.941
6534,6530,36.580
6534,6547,40.390
6535,14732,16.019
6536,6541,71.125
6536,14552,36.153
6536,16090,68.295
6537,6539,88.569
6538,13430,39.690
6539,6537,88.569
6539,6549,45.215
6539,13431,68.566
6540,6526,78.534
6541,6536,71.125
6541,14552,91.168
6542,6551,49.948
6543,6554,14.994
6544,6546,25.023
6545,6533,232.664
6545,6548,80.686
6545,13926,34.904
6546,6544,25.023
6546,6550,15.481
6547,6534,40.390
6547,6553,79.303
6547,15872,3.436
6548,6545,80.686
6548,6554,40.773
6549,6539,45.215
6549,13427,71.471
6550,6546,15.481
6550,6555,48.168
6550,13433,127.393
6551,6542,49.948
6551,13432,120.660
6552,13243,63.297
6552,13434,77.278
6552,17356,6.343
6553,6547,79.303
6554,6543,14.994
6554,6548,40.773
6554,6556,95.876
6555,6550,48.168
6555,13245,115.746
6556,6554,95.876
6556,13926,13.587
6556,15877,63.651
6557,6560,55.975
6557,12573,28.999
6557,15033,21.181
6558,16,64.662
6558,12071,82.362
6559,6724,45.676
6559,12574,12.641
6559,16546,64.939
6560,6557,55.975
6560,12574,32.984
6561,6558,108.868
6561,6563,32.718
6561,12572,141.368
6561,13926,61.544
6562,6563,72.393
6563,6561,32.718
6563,6562,72.393
6563,13214,51.201
6564,6560,90.317
6564,12071,70.415
6564,13214,34.666
6564,15796,185.840
6565,3093,269.844
6565,6566,77.150
6566,6565,77.150
6567,109,64.899
6567,6570,17.755
6567,11696,244.253
6568,6569,42.517
6568,6570,55.437
6569,6568,42.517
6570,3109,156.146
6570,6567,17.755
6570,6568,55.437
6571,107,114.407
6571,109,33.166
6571,11703,243.871
6572,6585,67.545
6572,15868,38.429
6573,6521,69.476
6573,6584,78.679
6573,14806,124.563
6574,22,39.171
6574,6731,82.242
6574,12588,8.039
6575,6578,78.741
6575,6596,69.787
6575,13919,7.984
6576,6522,74.141
6576,6584,101.907
6576,6589,135.392
6577,6580,49.969
6577,12171,132.016
6577,12589,37.390
6577,15141,30.840
6578,6575,78.741
6578,6579,47.263
6578,6603,124.997
6579,6578,47.263
6579,6581,58.772
6579,6586,45.619
6580,6577,49.969
6580,6593,43.300
6580,6612,88.859
6580,12171,66.896
6581,6579,58.772
6581,6589,35.605
6581,6590,71.836
6582,6584,44.303
6583,6590,39.196
6583,6594,35.958
6583,15810,52.889
6584,6573,78.679
6584,6576,101.907
6584,6582,44.303
6585,6572,67.545
6586,6579,45.619
6586,15863,28.068
6587,6574,118.973
6588,15796,3.667
6588,15806,86.359
6588,16484,103.433
6589,17,150.719
6589,6576,135.392
6589,6581,35.605
6590,6581,71.836
6590,6583,39.196
6590,15141,230.459
6591,6728,83.307
6591,6782,168.971
6591,12575,8.384
6592,6594,59.813
6592,12575,42.381
6592,16484,77.224
6593,6580,43.300
6593,13406,118.866
6593,17583,8.151
6594,6583,35.958
6594,6592,59.813
6594,12587,141.844
6595,15796,144.187
6596,6575,69.787
6596,6621,96.626
6596,12171,25.788
6597,6604,21.672
6597,6605,54.875
6597,6611,52.485
6598,6612,16.065
6599,6619,28.150
6599,6620,15.786
6600,6611,50.266
6600,6614,9.325
6600,6615,18.659
6601,6608,33.252
6601,6615,101.764
6601,6620,90.746
6602,6607,43.920
6602,6614,52.531
6602,12578,63.110
6603,17,61.946
6603,18,88.448
6603,6578,124.997
6604,6597,21.672
6604,6608,41.886
6604,6618,64.416
6605,6597,54.875
6605,6613,44.297
6605,6618,23.128
6606,6608,63.781
6606,6610,76.299
6606,6618,43.653
6607,6602,43.920
6607,6612,24.146
6607,6614,89.345
6608,6466,74.719
6608,6601,33.252
6608,6604,41.886
6608,6606,63.781
6609,7477,14.619
6610,6459,19.135
6610,6477,5.452
6610,6606,76.299
6611,6597,52.485
6611,6600,50.266
6611,6613,59.161
6611,12579,77.634
6612,6580,88.859
6612,6598,16.065
6612,6607,24.146
6613,6605,44.297
6613,6611,59.161
6613,12580,82.167
6614,6600,9.325
6614,6602,52.531
6614,6607,89.345
6615,6600,18.659
6615,6601,101.764
6615,6617,45.159
6616,7483,56.846
6616,7498,22.907
6616,12580,7.722
6617,6615,45.159
6617,6621,34.949
6617,13921,27.103
6618,6604,64.416
6618,6605,23.128
6618,6606,43.653
6618,6624,107.246
6619,6599,28.150
6620,6599,15.786
6620,6601,90.746
6620,13919,100.571
6621,6596,96.626
6621,6617,34.949
6621,6622,24.810
6622,6621,24.810
6623,6630,71.922
6624,6618,107.246
6624,6629,31.381
6624,6630,68.368
6625,6627,28.943
6625,12583,7.293
6625,13954,71.341
6626,12581,96.296
6627,12582,5.855
6627,15823,31.084
6627,16576,85.700
6628,6632,36.252
6628,12583,36.649
6628,13209,122.782
6629,6470,124.166
6629,6624,31.381
6629,6634,22.181
6630,6623,71.922
6630,6624,68.368
6630,12582,77.858
6631,6632,115.131
6631,6645,12.512
6631,13209,26.724
6632,6628,36.252
6632,6631,115.131
6632,6634,75.515
6633,6634,95.271
6633,6645,61.961
6633,6655,69.292
6634,6629,22.181
6634,6632,75.515
6634,6633,95.271
6635,6639,68.713
6635,6644,81.207
6636,6015,34.624
6636,6641,69.173
6637,6689,41.003
6637,12586,8.657
6638,6643,9.696
6638,6648,60.710
6638,6649,39.303
6639,6635,68.713
6639,6666,23.436
6639,6690,31.939
6640,6648,65.553
6640,6672,22.566
6640,15722,58.449
6641,6029,35.558
6641,6636,69.173
6642,6666,29.446
6642,6686,36.480
6643,6638,9.696
6643,12586,113.687
6643,13920,70.276
6644,6015,20.115
6644,6635,81.207
6644,6670,18.959
6645,6631,12.512
6645,6633,61.961
6645,6649,96.168
6646,7602,20.398
6646,13425,7.932
6647,6412,60.200
6648,6638,60.710
6648,6640,65.553
6648,6662,31.161
6649,6638,39.303
6649,6645,96.168
6649,6657,63.371
6650,15720,27.070
6651,6670,51.864
6652,6654,16.362
6652,6680,100.936
6652,13405,48.246
6653,6659,39.999
6654,6652,16.362
6654,6684,78.823
6655,75,61.080
6655,6633,69.292
6655,6683,50.931
6656,6677,22.567
6657,6649,63.371
6657,6667,14.387
6657,6673,32.698
6658,6412,21.098
6658,6686,34.777
6659,6653,39.999
6659,6668,21.222
6659,6674,31.430
6660,6665,15.145
6661,15706,2.756
6662,6648,31.161
6662,6682,30.933
6662,15745,45.100
6663,6683,40.999
6663,15744,19.499
6664,12585,29.877
6665,6660,15.145
6665,6672,30.815
6665,6678,70.703
6666,6639,23.436
6666,6642,29.446
6666,6685,43.989
6667,6657,14.387
6667,15745,6.568
6668,6659,21.222
6668,6681,23.808
6668,6687,57.668
6669,13424,38.634
6670,6032,22.104
6670,6644,18.959
6670,6651,51.864
6671,6690,47.019
6671,15720,27.952
6671,15723,26.532
6672,6640,22.566
6672,6665,30.815
6672,6679,34.063
6673,6657,32.698
6674,6026,37.368
6674,6032,75.945
6674,6659,31.430
6675,6453,63.819
6675,15702,18.528
6675,15705,17.507
6676,12584,21.736
6676,13209,23.114
6677,6026,18.622
6677,6656,22.567
6677,13423,38.943
6678,6416,68.630
6678,6665,70.703
6679,6422,42.881
6679,6672,34.063
6679,6682,69.840
6680,6652,100.936
6680,6687,52.352
6680,13425,73.839
6681,6668,23.808
6682,6437,44.412
6682,6662,30.933
6682,6679,69.840
6683,6411,59.200
6683,6655,50.931
6683,6663,40.999
6684,6654,78.823
6685,6666,43.989
6685,15722,27.711
6685,15725,13.297
6686,6642,36.480
6686,6658,34.777
6686,13930,73.589
6687,6668,57.668
6687,6680,52.352
6687,6690,26.714
6688,6416,23.839
6689,12585,8.641
6689,17853,52.893
6690,6639,31.939
6690,6671,47.019
6690,6687,26.714
6691,6705,70.743
6691,6711,65.932
6691,6769,37.251
6692,6701,39.794
6692,10547,34.401
6693,110,23.517
6693,6701,168.056
6693,13910,22.315
6694,6698,30.901
6695,6705,186.467
6695,13910,28.364
6695,13911,101.156
6696,6709,67.948
6696,14647,126.667
6697,6700,34.756
6697,6704,34.947
6697,6707,44.785
6698,6694,30.901
6698,6710,60.813
6698,6715,50.478
6699,107,72.698
6699,6714,56.392
6699,16635,11.172
6700,6697,34.756
6700,6716,80.860
6700,16629,63.258
6701,110,8.858
6701,6692,39.794
6702,6710,67.852
6703,6696,41.805
6703,6706,61.099
6704,6692,166.697
6704,6697,34.947
6704,6705,106.228
6705,6691,70.743
6705,6695,186.467
6705,6704,106.228
6705,6720,85.339
6706,6703,61.099
6707,6697,44.785
6707,6708,56.341
6707,6770,117.979
6708,6707,56.341
6708,6710,40.897
6708,6713,77.572
6708,6773,78.109
6709,6696,67.948
6710,6698,60.813
6710,6702,67.852
6710,6708,40.897
6711,6691,65.932
6712,6717,67.518
6712,6773,52.318
6712,16635,57.856
6713,6708,77.572
6713,6736,135.520
6713,6772,82.614
6714,6699,56.392
6715,107,141.831
6715,6698,50.478
6715,10547,91.735
6716,6700,80.860
6716,10547,49.063
6717,6712,67.518
6717,6763,47.388
6717,6772,53.851
6717,11698,208.074
6718,6733,87.364
6718,6734,34.884
6718,12078,72.482
6718,15808,115.210
6719,6742,53.375
6719,6743,71.078
6719,6839,28.064
6720,6705,85.339
6720,6736,51.171
6720,13915,13.617
6721,6722,35.681
6721,6813,21.042
6721,6822,45.915
6722,6721,35.681
6722,6759,59.734
6722,6760,46.139
6722,6822,29.792
6723,6748,87.384
6723,7479,154.816
6723,13406,8.031
6724,6559,45.676
6724,6725,32.951
6724,6756,102.686
6725,6724,32.951
6725,6780,34.628
6725,15924,12.777
6726,6733,30.743
6726,6785,18.122
6726,12078,76.650
6727,6745,74.286
6727,6786,53.435
6727,6832,33.480
6728,6591,83.307
6728,6747,62.441
6728,6805,18.548
6729,13912,33.025
6729,13913,21.658
6729,13918,36.830
6730,6737,25.169
6730,6744,98.195
6730,6798,20.608
6731,6574,82.242
6731,6750,35.538
6731,12078,152.101
6732,6733,32.142
6732,6740,62.821
6732,6804,78.515
6733,6718,87.364
6733,6726,30.743
6733,6732,32.142
6733,6757,101.714
6734,6718,34.884
6734,6741,89.300
6734,6803,80.936
6735,6741,63.139
6735,6790,60.973
6735,15916,24.890
6735,17667,29.317
6736,6713,135.520
6736,6720,51.171
6736,6770,28.279
6737,6730,25.169
6737,6766,61.469
6737,13914,20.578
6738,6831,80.475
6738,7458,23.776
6738,15840,74.903
6739,6840,123.833
6739,11705,8.646
6739,17323,74.367
6740,6732,62.821
6740,7463,88.148
6740,7471,150.447
6740,7479,44.470
6741,6734,89.300
6741,6735,63.139
6741,6807,124.581
6741,13913,27.739
6742,6719,53.375
6742,6755,116.523
6742,6807,45.219
6742,6839,59.032
6743,6719,71.078
6743,6832,49.337
6743,6839,93.256
6743,15808,59.682
6744,6730,98.195
6744,6746,93.125
6744,6752,26.388
6745,6727,74.286
6745,6836,99.534
6745,7470,68.355
6745,7471,32.868
6746,6736,146.441
6746,6749,46.964
6746,6777,94.993
6747,6728,62.441
6747,6750,64.786
6747,6758,72.758
6748,6784,77.715
6748,17583,31.771
6749,6746,46.964
6749,6774,204.429
6749,6816,49.256
6750,6731,35.538
6750,6747,64.786
6750,13918,19.171
6751,6752,26.228
6751,6791,22.269
6751,6821,64.267
6752,6744,26.388
6752,6751,26.228
6752,6800,44.453
6753,6814,82.361
6753,6827,126.349
6753,6828,69.706
6754,6870,93.484
6754,6876,86.843
6754,11708,10.068
6755,6742,116.523
6755,6783,57.648
6755,6790,79.141
6755,6827,109.488
6756,6724,102.686
6756,6767,22.008
6756,6781,62.782
6757,6733,101.714
6758,6747,72.758
6758,13912,37.560
6758,17667,15.943
6759,6722,59.734
6759,6763,30.268
6759,16414,60.852
6760,6722,46.139
6760,6761,70.979
6760,6765,88.677
6760,6812,67.259
6761,6760,70.979
6761,6774,21.780
6761,6816,68.385
6762,6767,67.057
6763,6717,47.388
6763,6759,30.268
6763,6765,48.427
6764,6774,73.066
6765,6760,88.677
6765,6763,48.427
6765,6772,51.501
6766,6737,61.469
6766,6768,32.346
6766,6775,49.631
6767,6756,22.008
6767,6762,67.057
6767,13915,63.019
6768,6766,32.346
6768,6778,43.360
6768,13914,60.817
6769,6691,37.251
6769,17367,6.663
6769,17370,26.727
6770,6704,45.299
6770,6707,117.979
6771,6774,67.351
6772,6713,82.614
6772,6717,53.851
6772,6765,51.501
6772,6773,67.569
6773,6708,78.109
6773,6712,52.318
6773,6772,67.569
6774,6749,204.429
6774,6761,21.780
6774,6764,73.066
6774,6771,67.351
6775,6766,49.631
6776,6778,20.338
6776,6779,33.778
6776,6780,53.331
6777,6746,94.993
6777,13915,78.228
6777,15909,67.724
6778,6768,43.360
6778,6776,20.338
6778,15924,35.436
6779,6776,33.778
6779,6781,52.074
6780,6725,34.628
6780,6776,53.331
6780,6781,38.342
6781,6756,62.782
6781,6779,52.074
6781,6780,38.342
6782,6794,103.148
6782,15027,12.672
6782,15923,47.896
6783,6755,57.648
6783,6787,39.383
6783,6791,39.279
6784,6748,77.715
6784,6785,45.130
6784,15833,28.748
6785,6726,18.122
6785,6784,45.130
6785,6801,46.845
6786,6727,53.435
6787,6783,39.383
6788,6797,59.445
6788,6798,94.927
6788,15916,51.753
6789,6794,23.674
6789,6799,43.004
6789,6802,37.982
6790,6735,60.973
6790,6755,79.141
6790,6795,48.895
6790,6806,28.917
6791,6751,22.269
6791,6783,39.279
6791,6819,130.910
6792,6587,29.396
6792,6809,76.761
6792,12577,8.265
6793,6807,48.952
6794,6782,103.148
6794,6789,23.674
6794,13914,60.544
6795,6790,48.895
6796,15833,28.345
6797,6788,59.445
6797,6798,79.257
6797,6805,63.421
6798,6730,20.608
6798,6788,94.927
6798,6797,79.257
6799,6789,43.004
6799,6805,32.589
6799,6808,48.197
6800,6752,44.453
6801,6785,46.845
6802,6789,37.982
6803,6734,80.936
6803,13918,83.261
6803,17182,8.663
6804,6732,78.515
6805,6728,18.548
6805,6797,63.421
6805,6799,32.589
6806,6790,28.917
6807,6741,124.581
6807,6742,45.219
6807,6793,48.952
6808,6799,48.197
6809,6792,76.761
6809,15899,33.292
6810,6813,113.497
6811,6814,30.288
6811,6824,44.359
6811,16800,22.290
6812,6760,67.259
6812,6815,54.250
6812,6817,65.634
6813,6721,21.042
6813,6810,113.497
6813,6820,77.273
6813,16414,49.573
6814,6753,82.361
6814,6811,30.288
6814,6824,31.907
6814,11707,169.216
6815,6812,54.250
6815,6818,44.538
6815,6822,35.725
6816,6749,49.256
6816,6761,68.385
6816,6823,63.359
6817,6812,65.634
6817,6819,87.814
6817,6823,70.384
6818,6815,44.538
6818,6824,8.454
6818,16800,94.232
6819,6791,130.910
6819,6817,87.814
6819,16800,66.825
6820,6813,77.273
6820,11700,65.407
6820,16802,68.795
6821,6751,64.267
6821,6823,46.257
6822,6721,45.915
6822,6722,29.792
6822,6815,35.725
6823,6816,63.359
6823,6817,70.384
6823,6821,46.257
6824,6811,44.359
6824,6814,31.907
6824,6818,8.454
6825,6830,28.337
6825,6835,169.703
6825,15985,14.259
6826,6839,22.002
6826,15078,69.873
6826,15995,56.671
6827,6753,126.349
6827,6755,109.488
6827,6830,228.104
6828,6753,69.706
6828,6829,181.578
6828,11705,79.731
6829,6828,181.578
6829,6834,7.436
6829,11704,72.466
6830,6825,28.337
6830,6827,228.104
6830,15995,36.467
6831,6738,80.475
6831,6837,60.514
6831,11708,95.766
6831,11713,253.699
6832,6727,33.480
6832,6743,49.337
6832,15838,65.823
6833,6835,77.345
6833,6836,103.710
6833,6838,75.690
6833,15838,42.098
6834,6829,7.436
6834,6837,216.024
6834,16002,58.545
6835,6825,169.703
6835,6833,77.345
6835,6837,95.748
6836,6745,99.534
6836,6833,103.710
6836,15840,20.645
6837,6831,60.514
6837,6834,216.024
6837,6835,95.748
6838,6833,75.690
6839,6719,28.064
6839,6742,59.032
6839,6743,93.256
6839,6826,22.002
6840,6739,123.833
6840,6844,13.224
6840,6852,65.262
6841,6844,98.589
6841,6853,77.788
6841,7396,100.136
6841,7429,164.083
6842,66,121.933
6842,6843,76.610
6842,6848,70.235
6843,66,46.095
6843,6842,76.610
6844,6840,13.224
6844,6841,98.589
6844,6847,226.447
6845,6848,105.680
6845,14487,19.487
6846,119,66.634
6846,6847,64.051
6846,7408,41.523
6846,7444,164.683
6847,6844,226.447
6847,6846,64.051
6847,6848,68.727
6848,6842,70.235
6848,6845,105.680
6848,6847,68.727
6849,6850,64.372
6850,6849,64.372
6850,6854,66.289
6850,6855,10.670
6851,118,52.079
6851,6865,53.304
6851,7400,40.161
6852,6840,65.262
6853,6841,77.788
6853,17155,178.794
6853,17156,1.826
6854,6850,66.289
6854,12079,80.633
6855,6850,10.670
6855,13236,21.168
6856,118,86.245
6856,6860,77.700
6856,6862,113.266
6857,12076,9.558
6857,12077,12.085
6857,16034,22.265
6858,6861,39.908
6859,6857,104.914
6859,17711,81.633
6860,6856,77.700
6860,6863,119.037
6860,16803,87.344
6860,17711,54.675
6861,6858,39.908
6861,13236,6.642
6861,17154,41.390
6862,6856,113.266
6862,6863,84.252
6862,16038,112.871
6863,6860,119.037
6863,6862,84.252
6863,16033,101.643
6864,6896,158.200
6864,6898,82.547
6864,6903,156.689
6865,6851,53.304
6865,6868,63.837
6865,7396,135.647
6866,117,177.429
6866,6887,100.805
6866,6892,72.705
6866,16624,68.883
6867,6868,89.419
6867,6869,19.643
6867,6890,26.353
6868,6865,63.837
6868,6867,89.419
6868,6895,154.202
6869,6867,19.643
6869,6898,85.389
6869,7397,147.834
6870,6754,93.484
6870,6875,109.630
6870,13247,65.506
6871,119,174.608
6871,16078,109.322
6872,6873,44.397
6873,6872,44.397
6874,7435,68.956
6874,7448,69.886
6874,7454,50.715
6875,6870,109.630
6875,7454,58.443
6875,8069,61.788
6875,8103,55.896
6876,71,24.697
6876,16078,55.361
6877,113,111.343
6877,117,105.123
6877,6880,60.771
6878,6879,214.548
6878,6880,259.710
6878,6883,24.741
6879,6878,214.548
6879,11633,176.551
6880,6877,60.771
6880,6878,259.710
6880,6881,32.963
6881,6880,32.963
6881,6883,60.495
6882,6912,14.389
6882,14580,8.147
6883,6878,24.741
6883,6881,60.495
6884,117,39.528
6884,16624,183.595
6884,17788,85.250
6885,6886,285.384
6885,17789,85.700
6886,6885,285.384
6886,12858,47.356
6887,6866,100.805
6887,6897,169.299
6887,6907,21.255
6888,6890,38.828
6889,6895,36.838
6890,6867,26.353
6890,6888,38.828
6890,6905,38.735
6890,6908,29.582
6891,6892,88.624
6891,6893,111.918
6891,17327,30.735
6892,6866,72.705
6892,6891,88.624
6892,6895,42.142
6893,6891,111.918
6893,6894,65.590
6893,6905,16.325
6894,6893,65.590
6895,6868,154.202
6895,6889,36.838
6895,6892,42.142
6896,6864,158.200
6896,7407,72.972
6896,7411,44.943
6896,7431,49.838
6897,112,14.430
6897,6887,169.299
6897,6900,46.717
6898,6864,82.547
6898,6869,85.389
6898,6906,102.867
6899,6901,44.596
6899,6902,31.959
6899,6906,29.221
6900,6897,46.717
6900,6903,71.904
6900,6904,38.096
6901,6899,44.596
6901,6907,124.264
6901,16922,56.409
6902,6899,31.959
6903,6864,156.689
6903,6900,71.904
6903,14582,54.232
6903,16922,46.690
6904,6900,38.096
6904,16922,66.289
6905,6890,38.735
6905,6893,16.325
6905,6906,77.657
6906,6898,102.867
6906,6899,29.221
6906,6905,77.657
6907,6887,21.255
6907,6901,124.264
6907,17327,7.706
6908,6890,29.582
6909,6911,148.218
6909,17264,39.891
6910,6912,265.919
6910,13231,93.023
6911,6909,148.218
6912,6910,265.919
6912,9332,285.904
6913,16235,16.189
6913,16236,39.841
6913,17183,15.403
6914,6922,37.001
6915,6916,36.834
6915,6919,32.556
6915,6921,16.017
6916,6915,36.834
6917,7395,57.786
6917,16235,27.956
6918,6921,17.049
6919,6915,32.556
6919,6920,28.011
6919,17184,58.033
6920,6919,28.011
6921,6915,16.017
6921,6918,17.049
6921,6922,70.467
6922,6914,37.001
6922,6921,70.467
6922,16236,0.605
6923,14751,13.476
6923,17760,148.872
6924,186,23.868
6924,17221,23.089
6925,6926,265.381
6925,7391,8.967
6925,13228,205.081
6926,6924,92.960
6926,6925,265.381
6927,6928,193.289
6927,6929,64.601
6927,6933,96.985
6928,6927,193.289
6928,6929,208.663
6928,9322,423.249
6929,6927,64.601
6929,6928,208.663
6929,6933,244.547
6930,450,54.168
6930,6933,119.979
6930,6946,23.095
6931,17764,17.056
6932,6933,157.482
6932,7086,8.827
6932,17274,173.430
6933,6927,96.985
6933,6929,244.547
6933,6930,119.979
6933,6932,157.482
6934,6935,65.898
6934,14750,215.408
6935,205,202.520
6935,6934,65.898
6936,6940,32.405
6937,6950,160.547
6938,6940,35.034
6938,6941,33.114
6938,6944,17.624
6939,6941,60.079
6939,6948,326.981
6939,6950,615.245
6940,6936,32.405
6940,6938,35.034
6940,6942,38.451
6941,3188,129.151
6941,6938,33.114
6941,6939,60.079
6942,6940,38.451
6943,6944,47.310
6944,6938,17.624
6944,6943,47.310
6944,6945,48.665
6945,6944,48.665
6946,212,130.942
6946,6930,23.095
6946,6951,166.706
6947,6948,50.084
6947,6967,87.592
6947,6979,146.056
6948,6939,326.981
6948,6947,50.084
6948,6955,153.643
6949,6955,70.918
6950,6937,160.547
6950,6939,615.245
6950,6951,151.943
6951,6946,166.706
6951,6950,151.943
6951,7019,15.641
6952,6969,155.722
6952,7019,93.497
6952,7024,96.773
6953,7025,116.764
6953,7032,41.462
6953,7063,32.192
6954,6959,108.309
6954,17721,52.804
6955,6948,153.643
6955,6949,70.918
6955,6980,83.759
6956,6959,70.091
6957,6965,76.301
6957,6975,25.324
6957,6978,246.732
6957,7028,32.957
6958,7047,45.013
6958,14620,8.623
6958,15250,121.922
6959,6954,108.309
6959,6956,70.091
6959,6980,202.771
6960,6996,1.588
6960,7063,21.143
6961,6996,11.151
6961,7057,113.481
6961,7065,30.447
6962,6977,50.501
6963,6964,6.633
6963,6965,68.420
6963,6966,31.402
6964,6963,6.633
6965,6957,76.301
6965,6963,68.420
6965,6979,62.811
6966,6963,31.402
6966,6971,13.164
6966,6976,19.067
6967,6947,87.592
6967,6969,123.731
6967,16759,35.613
6968,6977,137.594
6968,7018,19.629
6968,7024,11.063
6969,6952,155.722
6969,6967,123.731
6969,6974,134.970
6970,6989,133.137
6970,6993,41.161
6970,7038,95.402
6971,6966,13.164
6971,6972,48.803
6972,6971,48.803
6972,6975,50.947
6972,6977,76.854
6973,6976,24.125
6974,6969,134.970
6975,6957,25.324
6975,6972,50.947
6975,6976,63.664
6976,6966,19.067
6976,6973,24.125
6976,6975,63.664
6977,6962,50.501
6977,6968,137.594
6977,6972,76.854
6978,6957,246.732
6978,6979,105.519
6978,6980,41.484
6979,6947,146.056
6979,6965,62.811
6979,6978,105.519
6980,6955,83.759
6980,6959,202.771
6980,6978,41.484
6981,7056,66.881
6982,7097,61.434
6982,7107,90.151
6982,7112,109.310
6982,16717,141.951
6983,7049,46.148
6983,7051,27.287
6983,12257,39.045
6984,7043,42.649
6985,6992,48.217
6985,7000,33.599
6985,7117,49.861
6985,7127,70.150
6986,6999,18.883
6987,7119,117.945
6987,14956,174.245
6987,17655,8.464
6988,7160,56.839
6988,7167,48.830
6988,9680,60.463
6988,9681,35.720
6989,6970,133.137
6989,7077,6.045
6990,6998,122.436
6990,7112,98.320
6990,15882,65.901
6991,7072,90.075
6991,7080,8.527
6992,6985,48.217
6992,7120,31.485
6992,7126,96.559
6993,6970,41.161
6993,7027,45.301
6993,14408,20.443
6994,7009,72.171
6994,7302,37.411
6994,7327,3.253
6995,7314,98.201
6996,6960,1.588
6996,6961,11.151
6996,7039,62.698
6997,7300,448.791
6998,6990,122.436
6998,7111,95.768
6998,7113,85.385
6999,6986,18.883
6999,7181,58.341
6999,9681,19.088
7000,6985,33.599
7000,7285,46.392
7000,16719,33.521
7001,7210,168.864
7002,7117,25.952
7002,7277,112.918
7002,16717,107.890
7003,7141,19.738
7003,7147,24.462
7003,7188,20.841
7004,7014,6.869
7004,7331,59.447
7004,7348,113.066
7005,7162,30.065
7005,7321,35.510
7005,7330,14.007
7006,7145,168.962
7006,7185,49.726
7006,7188,13.296
7007,7208,78.592
7007,7218,16.942
7007,7230,24.793
7008,7196,146.224
7008,7208,28.325
7009,6994,72.171
7009,7170,24.075
7009,7309,38.307
7009,7321,28.046
7010,7184,145.844
7010,7202,64.049
7010,7209,42.089
7010,7225,73.493
7011,7012,29.566
7011,7014,25.314
7011,7159,150.308
7012,7011,29.566
7012,7014,25.801
7012,7184,72.561
7013,7146,48.175
7013,7276,70.672
7013,7284,78.723
7014,7004,6.869
7014,7011,25.314
7014,7012,25.801
7015,9554,823.475
7016,318,48.151
7016,7017,166.938
7017,309,13.347
7018,6968,19.629
7018,7019,165.141
7018,16393,45.408
7019,6951,15.641
7019,6952,93.497
7019,7018,165.141
7020,7022,22.985
7021,450,19.571
7022,7020,22.985
7022,7023,35.557
7022,7024,60.146
7023,7022,35.557
7024,6952,96.773
7024,6968,11.063
7024,7022,60.146
7025,6953,116.764
7025,7035,78.538
7025,17721,8.587
7026,7030,11.711
7026,7034,43.319
7026,16393,91.696
7027,6993,45.301
7027,7029,65.665
7027,7060,19.310
7028,6957,32.957
7028,7036,39.509
7028,17721,22.724
7029,7027,65.665
7030,7026,11.711
7030,7031,54.681
7030,7035,142.421
7031,7030,54.681
7031,7037,79.187
7031,7038,84.623
7032,6953,41.462
7032,7033,20.190
7032,7035,68.668
7033,7032,20.190
7034,7026,43.319
7035,7025,78.538
7035,7030,142.421
7035,7032,68.668
7036,7028,39.509
7037,7031,79.187
7038,6970,95.402
7038,7031,84.623
7038,16393,68.275
7039,6996,62.698
7039,7040,72.920
7039,7045,82.961
7040,7039,72.920
7040,7041,36.187
7040,7056,3.578
7041,7040,36.187
7042,15249,89.755
7043,6984,42.649
7043,7045,90.449
7043,7049,81.026
7044,7053,5.206
7044,7059,51.023
7045,7039,82.961
7045,7043,90.449
7045,7059,26.532
7046,7048,20.122
7046,7052,27.142
7046,7057,30.604
7047,7052,106.725
7047,14621,48.455
7048,7046,20.122
7049,6983,46.148
7049,7043,81.026
7049,9679,45.455
7050,7056,38.970
7051,6983,27.287
7052,7046,27.142
7052,7047,106.725
7052,15249,22.282
7052,15250,29.087
7053,7044,5.206
7053,7054,17.045
7053,7060,71.121
7054,7053,17.045
7054,7055,10.619
7054,9679,76.915
7055,7054,10.619
7056,6981,66.881
7056,7040,3.578
7056,7050,38.970
7057,6961,113.481
7057,7046,30.604
7057,15250,30.088
7058,15249,64.452
7059,7044,51.023
7059,7045,26.532
7059,7060,28.373
7060,7027,19.310
7060,7053,71.121
7060,7059,28.373
7061,7064,77.049
7062,7065,190.068
7063,6953,32.192
7063,6960,21.143
7063,7064,45.281
7064,7061,77.049
7064,7063,45.281
7064,7065,31.878
7065,6961,30.447
7065,7062,190.068
7065,7064,31.878
7066,7067,66.128
7066,7070,29.435
7066,14961,18.586
7067,7066,66.128
7067,7068,68.217
7067,7077,135.911
7067,14962,57.959
7068,7067,68.217
7068,7069,68.594
7068,7079,56.003
7069,7068,68.594
7069,7070,31.834
7069,7076,17.949
7069,7090,55.303
7070,7066,29.435
7070,7069,31.834
7070,7071,42.077
7071,7070,42.077
7072,6989,62.712
7072,7079,110.103
7073,3125,143.501
7074,7090,7.921
7074,15213,35.546
7075,7080,31.822
7076,7069,17.949
7076,7083,19.819
7077,7021,102.318
7077,7067,135.911
7078,7079,37.870
7079,7068,56.003
7079,7072,110.103
7079,7078,37.870
7080,6991,8.527
7080,7100,100.527
7080,7111,40.678
7081,213,20.027
7081,7075,534.930
7082,7087,4.750
7082,7088,13.473
7082,15883,44.199
7083,7076,19.819
7083,7089,18.044
7083,16716,46.025
7084,7085,6.657
7084,16716,1.227
7085,7084,6.657
7085,7089,38.880
7085,15883,55.757
7086,6932,8.827
7086,14961,56.459
7087,7082,4.750
7088,7082,13.473
7089,7083,18.044
7089,7085,38.880
7089,7090,43.238
7090,7069,55.303
7090,7074,7.921
7090,7089,43.238
7091,7092,57.851
7092,7091,57.851
7092,7093,37.759
7092,7098,42.470
7093,7092,37.759
7093,7096,64.186
7093,7115,8.314
7094,7106,96.015
7094,7251,29.574
7094,14621,7.231
7095,7098,73.408
7095,14958,46.578
7096,7093,64.186
7097,6982,61.434
7097,7099,68.095
7097,7115,25.884
7098,7092,42.470
7098,7095,73.408
7098,14957,64.838
7099,7097,68.095
7100,211,21.632
7100,7109,57.364
7100,14623,10.170
7101,7105,21.073
7101,7110,26.451
7101,7111,79.635
7102,7094,93.871
7102,7106,77.455
7102,14622,6.368
7103,7107,28.589
7104,7113,69.149
7105,7101,21.073
7106,7094,96.015
7106,7102,77.455
7106,7244,25.275
7107,6982,90.151
7107,7103,28.589
7107,7108,128.080
7108,7107,128.080
7108,7109,183.049
7108,7244,179.744
7108,7264,111.896
7109,7100,57.364
7109,7108,183.049
7109,7110,56.972
7110,7101,26.451
7110,7109,56.972
7110,7113,76.552
7111,6998,95.768
7111,7080,40.678
7111,7101,79.635
7112,6982,109.310
7112,6990,98.320
7112,15879,46.496
7113,6998,85.385
7113,7104,69.149
7113,7110,76.552
7114,7115,58.895
7115,7093,8.314
7115,7097,25.884
7115,7114,58.895
7116,7117,54.659
7117,6985,49.861
7117,7002,25.952
7117,7116,54.659
7118,7120,72.634
7118,7130,54.652
7118,14956,111.273
7119,6987,117.945
7119,7123,97.870
7119,7135,38.794
7120,6992,31.485
7120,7118,72.634
7120,7131,53.465
7121,7125,48.641
7121,7297,17.983
7121,9680,41.285
7122,7127,33.700
7123,7119,97.870
7123,7134,44.680
7123,7160,4.146
7124,7128,26.204
7124,7135,35.307
7124,7137,26.499
7125,7121,48.641
7125,7126,4.508
7125,7136,36.279
7126,6992,96.559
7126,7125,4.508
7126,7129,29.034
7127,6985,70.150
7127,7122,33.700
7127,7297,11.784
7128,7124,26.204
7128,7130,30.908
7128,7133,77.674
7129,7126,29.034
7129,7131,44.641
7129,7133,25.261
7130,7118,54.652
7130,7128,30.908
7130,7131,74.348
7131,7120,53.465
7131,7129,44.641
7131,7130,74.348
7132,7133,41.530
7132,7134,43.543
7132,7135,55.046
7133,7128,77.674
7133,7129,25.261
7133,7132,41.530
7134,7123,44.680
7134,7132,43.543
7134,7136,19.328
7135,7119,38.794
7135,7124,35.307
7135,7132,55.046
7136,7125,36.279
7136,7134,19.328
7136,9680,42.874
7137,7124,26.499
7138,7151,88.261
7138,7169,20.317
7138,7329,3.958
7139,7140,12.860
7140,7139,12.860
7140,7150,57.310
7140,7158,43.376
7141,7003,19.738
7141,7142,71.198
7141,7148,32.005
7142,7141,71.198
7142,7143,119.669
7142,14140,26.818
7143,7142,119.669
7143,7154,24.851
7143,7158,42.136
7144,7155,18.530
7144,7160,50.653
7144,9681,50.323
7145,7006,168.962
7146,7013,48.175
7146,7263,53.135
7146,7299,25.395
7147,7003,24.462
7147,7157,4.429
7147,7177,19.633
7148,7141,32.005
7148,7149,109.478
7148,7157,11.376
7149,7148,109.478
7149,7152,55.190
7149,7154,34.844
7150,7140,57.310
7150,7151,21.279
7150,7174,2.987
7151,7138,88.261
7151,7150,21.279
7151,7156,128.430
7151,7161,68.828
7152,7149,55.190
7152,7153,36.313
7153,7152,36.313
7153,7180,48.079
7153,7181,29.607
7154,7143,24.851
7154,7149,34.844
7154,7165,10.081
7155,7144,18.530
7155,7178,36.230
7155,7181,2.780
7156,7151,128.430
7156,7335,25.625
7156,7343,11.289
7157,7147,4.429
7157,7148,11.376
7157,7178,106.786
7158,7140,43.376
7158,7143,42.136
7158,7159,65.604
7159,7011,150.308
7159,7158,65.604
7159,14140,28.737
7160,6988,56.839
7160,7123,4.146
7160,7144,50.653
7161,7151,68.828
7162,7005,30.065
7162,7168,117.260
7162,16696,31.350
7163,7175,17.366
7164,7171,38.964
7164,16695,7.173
7165,7154,10.081
7165,7176,25.371
7165,15895,13.035
7166,7169,31.331
7167,6988,48.830
7167,7168,57.938
7167,7293,12.030
7168,7162,117.260
7168,7167,57.938
7168,7176,32.139
7169,7138,20.317
7169,7166,31.331
7169,7330,24.731
7170,7009,24.075
7170,7292,20.472
7170,16696,29.615
7171,7164,38.964
7172,7175,10.679
7173,7290,28.305
7173,7292,27.880
7173,16695,26.599
7174,7150,2.987
7174,7175,25.748
7174,15895,18.630
7175,7163,17.366
7175,7172,10.679
7175,7174,25.748
7176,7165,25.371
7176,7168,32.139
7176,7179,39.574
7177,7147,19.633
7177,7188,14.282
7178,7155,36.230
7178,7157,106.786
7178,16730,9.028
7179,7176,39.574
7180,7153,48.079
7181,6999,58.341
7181,7153,29.607
7181,7155,2.780
7182,7338,204.814
7183,7184,55.471
7183,7193,31.256
7183,7195,81.027
7184,7010,145.844
7184,7012,72.561
7184,7183,55.471
7185,7006,49.726
7185,7187,49.172
7185,14955,105.752
7186,7189,27.745
7186,14140,189.025
7186,14954,245.876
7187,7185,49.172
7188,7003,20.841
7188,7006,13.296
7188,7177,14.282
7189,7186,27.745
7189,7190,198.938
7189,7195,22.065
7190,7189,198.938
7190,7191,38.918
7190,14953,58.777
7191,7190,38.918
7192,7194,101.917
7192,7195,55.854
7192,16642,17.663
7193,7183,31.256
7193,16642,52.086
7194,7192,101.917
7194,7200,16.542
7194,16697,66.735
7195,7183,81.027
7195,7189,22.065
7195,7192,55.854
7196,7008,146.224
7197,7199,48.242
7197,7231,25.863
7198,7237,293.129
7198,14951,7.281
7199,7197,48.242
7200,7194,16.542
7200,7204,67.701
7200,15825,2.673
7201,7207,12.598
7202,7010,64.049
7202,7206,26.327
7202,7218,14.807
7203,7204,29.983
7203,7206,21.742
7203,7207,30.281
7204,7200,67.701
7204,7203,29.983
7204,7208,30.556
7205,7206,23.728
7206,7202,26.327
7206,7203,21.742
7206,7205,23.728
7207,7201,12.598
7207,7203,30.281
7207,7209,36.069
7208,7007,78.592
7208,7008,28.325
7208,7204,30.556
7208,15781,72.987
7209,7010,42.089
7209,7207,36.069
7209,15825,31.962
7210,7001,168.864
7210,7211,174.395
7210,7219,38.229
7211,7210,174.395
7211,7338,10.799
7211,7346,42.835
7212,7220,20.692
7213,7220,48.714
7214,7224,25.014
7215,7222,15.861
7216,7223,40.025
7217,7219,74.639
7217,7221,97.305
7217,7225,26.713
7218,7007,16.942
7218,7202,14.807
7218,7221,66.651
7219,7210,38.229
7219,7217,74.639
7219,7223,74.059
7220,7212,20.692
7220,7213,48.714
7220,7222,109.217
7220,7227,12.798
7221,7217,97.305
7221,7218,66.651
7221,7224,16.143
7222,7215,15.861
7222,7220,109.217
7222,7223,66.011
7223,7216,40.025
7223,7219,74.059
7223,7222,66.011
7223,7227,43.700
7224,7214,25.014
7224,7221,16.143
7224,7225,57.870
7225,7010,73.493
7225,7217,26.713
7225,7224,57.870
7226,7227,27.572
7227,7220,12.798
7227,7223,43.700
7227,7226,27.572
7228,7230,61.504
7229,7231,46.054
7230,7007,24.793
7230,7228,61.504
7230,7231,29.013
7231,7197,25.863
7231,7229,46.054
7231,7230,29.013
7232,7234,53.980
7232,14948,1.959
7233,7383,258.909
7233,11906,847.185
7233,14951,587.665
7234,7232,53.980
7234,7235,163.289
7234,11906,237.713
7235,7234,163.289
7236,7238,38.350
7236,7239,89.743
7236,7240,44.787
7237,449,13.796
7238,7236,38.350
7238,7239,78.271
7238,7240,79.519
7239,7236,89.743
7239,7238,78.271
7239,14948,9.283
7240,7236,44.787
7240,7238,79.519
7241,7255,22.128
7241,7262,24.156
7241,7264,150.440
7242,7248,19.700
7242,7249,38.447
7242,7252,90.581
7243,7257,139.414
7244,7106,25.275
7244,7108,179.744
7244,7253,73.678
7245,7247,65.646
7245,7299,157.766
7245,7314,71.811
7245,7316,94.225
7246,7259,56.562
7247,7245,65.646
7247,7256,173.933
7247,7266,66.297
7248,7242,19.700
7249,7242,38.447
7249,7250,35.504
7249,7251,35.613
7250,7249,35.504
7251,7249,35.613
7251,7252,29.551
7252,7242,90.581
7252,14620,35.702
7253,7244,73.678
7253,7258,122.467
7253,7259,52.320
7254,7255,43.719
7255,7241,22.128
7255,7254,43.719
7255,7259,23.975
7256,7247,173.933
7257,7243,139.414
7258,7253,122.467
7259,7246,56.562
7259,7253,52.320
7259,7255,23.975
7260,7261,67.038
7261,7260,67.038
7262,7241,24.156
7262,7266,59.317
7262,7267,45.143
7263,7146,53.135
7263,7265,33.156
7263,7274,76.165
7264,7108,111.896
7264,7241,150.440
7264,7274,56.912
7265,7263,33.156
7266,7247,66.297
7266,7262,59.317
7266,7269,85.135
7267,7262,45.143
7268,7270,33.351
7269,7266,85.135
7270,7268,33.351
7271,11573,709.532
7272,16717,36.290
7273,7274,47.043
7274,7263,76.165
7274,7264,56.912
7274,7273,47.043
7275,7277,124.137
7276,7013,70.672
7276,7277,50.937
7276,7279,6.871
7277,7002,112.918
7277,7275,124.137
7277,7276,50.937
7278,7279,81.436
7278,7286,35.255
7278,7289,17.932
7279,7276,6.871
7279,7278,81.436
7279,16719,47.902
7280,7281,20.400
7280,7284,18.128
7280,7286,44.972
7281,7280,20.400
7281,7282,42.896
7281,7310,1.907
7282,7281,42.896
7282,7286,21.762
7282,7287,28.196
7282,7295,70.833
7283,7284,44.835
7284,7013,78.723
7284,7280,18.128
7284,7283,44.835
7285,7000,46.392
7285,7296,37.867
7285,16720,30.569
7286,7278,35.255
7286,7280,44.972
7286,7282,21.762
7287,7282,28.196
7288,7290,101.312
7288,7291,65.639
7288,7294,39.858
7289,7278,17.932
7289,7291,31.933
7289,16720,22.445
7290,7173,28.305
7290,7288,101.312
7290,7293,20.952
7291,7288,65.639
7291,7289,31.933
7291,7296,54.195
7292,7170,20.472
7292,7173,27.880
7292,7294,65.635
7293,7167,12.030
7293,7290,20.952
7293,7296,157.667
7294,7288,39.858
7294,7292,65.635
7294,7295,21.026
7295,7282,70.833
7295,7294,21.026
7295,7298,30.077
7296,7285,37.867
7296,7291,54.195
7296,7293,157.667
7296,7297,32.992
7297,7121,17.983
7297,7127,11.784
7297,7296,32.992
7298,7295,30.077
7298,7305,36.493
7298,7308,3.140
7299,7146,25.395
7299,7245,157.766
7299,7301,117.420
7300,6997,448.791
7300,7317,101.670
7300,7361,91.747
7301,7299,117.420
7301,7304,29.457
7301,7310,72.498
7302,6994,37.411
7302,7307,9.435
7302,7309,72.160
7303,7304,55.962
7303,7305,16.371
7303,7306,42.199
7304,7301,29.457
7304,7303,55.962
7304,7307,55.080
7305,7298,36.493
7305,7303,16.371
7305,7310,27.107
7306,7303,42.199
7307,7302,9.435
7307,7304,55.080
7307,7308,82.216
7308,7298,3.140
7308,7307,82.216
7308,7309,26.201
7309,7009,38.307
7309,7302,72.160
7309,7308,26.201
7310,7281,1.907
7310,7301,72.498
7310,7305,27.107
7311,7312,44.056
7312,7311,44.056
7312,7327,67.815
7312,7361,10.609
7313,7315,90.276
7314,6995,98.201
7314,7245,71.811
7314,7315,88.999
7315,7313,90.276
7315,7314,88.999
7315,7316,78.824
7316,7245,94.225
7316,7315,78.824
7316,7320,25.911
7317,7300,101.670
7317,7318,21.733
7317,7320,19.521
7318,7317,21.733
7319,7320,25.795
7320,7316,25.911
7320,7317,19.521
7320,7319,25.795
7321,7005,35.510
7321,7009,28.046
7321,7328,36.389
7322,7329,52.108
7323,7325,7.708
7323,7367,33.778
7323,7371,22.033
7324,7326,68.333
7324,7327,60.377
7324,7367,9.535
7325,7323,7.708
7325,7330,101.831
7325,7357,57.979
7326,7324,68.333
7327,6994,3.253
7327,7312,67.815
7327,7324,60.377
7328,7321,36.389
7329,7138,3.958
7329,7322,52.108
7329,7343,27.321
7330,7005,14.007
7330,7169,24.731
7330,7325,101.831
7331,7004,59.447
7331,7337,57.728
7331,7345,35.529
7332,7336,37.341
7332,7339,80.872
7332,7344,76.448
7332,7346,78.831
7333,7334,9.813
7333,7344,30.367
7333,7360,87.617
7334,7333,9.813
7334,7356,25.409
7335,7156,25.625
7335,7337,31.315
7335,7369,75.613
7336,7332,37.341
7336,7338,93.022
7336,7344,40.962
7337,7331,57.728
7337,7335,31.315
7337,7340,31.654
7338,7182,204.814
7338,7211,10.799
7338,7336,93.022
7339,7332,80.872
7339,7347,40.020
7339,7348,69.213
7340,7337,31.654
7340,7354,39.457
7340,7365,96.121
7341,7345,34.199
7342,7343,66.667
7342,7366,16.953
7342,7369,19.752
7343,7156,11.289
7343,7329,27.321
7343,7342,66.667
7344,7332,76.448
7344,7333,30.367
7344,7336,40.962
7345,7331,35.529
7345,7341,34.199
7345,7354,19.937
7346,7211,42.835
7346,7332,78.831
7346,7348,48.664
7347,7339,40.020
7347,7360,14.937
7348,7004,113.066
7348,7339,69.213
7348,7346,48.664
7349,7350,21.649
7349,7352,62.433
7349,7378,30.235
7350,7349,21.649
7350,7355,77.002
7350,7358,12.240
7351,7352,35.897
7351,7363,34.214
7351,7376,16.498
7352,7349,62.433
7352,7351,35.897
7352,7373,58.755
7353,7373,45.725
7354,7340,39.457
7354,7345,19.937
7354,7365,51.489
7355,7350,77.002
7355,7363,24.131
7355,7369,38.492
7356,7334,25.409
7356,7378,36.983
7357,7325,57.979
7357,7363,8.173
7358,7350,12.240
7358,7360,23.865
7358,7365,19.533
7359,7372,45.397
7360,7333,87.617
7360,7347,14.937
7360,7358,23.865
7361,7300,91.747
7361,7312,10.609
7361,7381,51.286
7362,7364,42.653
7362,7368,40.057
7362,7371,50.824
7362,7376,40.211
7363,7351,34.214
7363,7355,24.131
7363,7357,8.173
7364,7362,42.653
7364,7372,67.885
7364,7374,47.898
7365,7340,96.121
7365,7354,51.489
7365,7358,19.533
7366,7342,16.953
7367,7323,33.778
7367,7324,9.535
7367,7379,29.522
7368,7362,40.057
7368,7381,33.574
7368,7382,31.005
7369,7335,75.613
7369,7342,19.752
7369,7355,38.492
7370,7374,48.990
7371,7323,22.033
7371,7362,50.824
7371,7379,32.148
7372,7359,45.397
7372,7364,67.885
7372,7374,60.249
7373,7352,58.755
7373,7353,45.725
7373,7377,23.938
7374,7364,47.898
7374,7370,48.990
7374,7372,60.249
7375,7378,24.822
7376,7351,16.498
7376,7362,40.211
7376,7380,32.512
7377,7373,23.938
7378,7349,30.235
7378,7356,36.983
7378,7375,24.822
7379,7367,29.522
7379,7371,32.148
7379,7381,55.754
7380,7376,32.512
7381,7361,51.286
7381,7368,33.574
7381,7379,55.754
7382,7368,31.005
7383,7233,258.909
7384,7392,472.046
7384,14749,14.805
7385,7386,44.769
7386,7385,44.769
7386,7388,17.371
7386,7389,58.902
7387,7389,22.587
7387,14749,205.420
7388,7386,17.371
7389,7386,58.902
7389,7387,22.587
7390,14751,7.401
7391,6925,8.967
7391,17045,192.651
7392,7393,12.242
7392,14748,331.985
7393,7392,12.242
7393,8054,171.033
7393,8055,230.456
7394,116,419.911
7394,12920,161.526
7395,6909,299.182
7395,14583,8.277
7396,6841,100.136
7396,6865,135.647
7396,7397,172.294
7397,6869,147.834
7397,7396,172.294
7397,7431,30.915
7398,7399,57.011
7398,7406,8.832
7398,7415,36.683
7399,7398,57.011
7399,7405,7.996
7399,7425,42.931
7400,6851,40.161
7401,7406,29.305
7401,7412,25.534
7401,7427,36.827
7402,7407,154.035
7402,7423,131.121
7402,16924,135.592
7403,7407,140.737
7403,7409,108.518
7403,14583,11.845
7404,7415,18.503
7404,7423,14.473
7404,7424,29.673
7405,7399,7.996
7405,7446,51.435
7405,7450,18.389
7406,7398,8.832
7406,7401,29.305
7406,7428,52.933
7407,6896,72.972
7407,7402,154.035
7407,7403,140.737
7408,6846,41.523
7408,7428,243.528
7408,7429,32.382
7409,7403,108.518
7409,16924,30.478
7410,7411,44.478
7410,7413,15.150
7410,7418,32.878
7411,6896,44.943
7411,7410,44.478
7411,7416,25.699
7412,7401,25.534
7412,7416,19.784
7412,7417,49.587
7413,7410,15.150
7413,7416,41.656
7413,7419,18.005
7414,7417,20.241
7415,7398,36.683
7415,7404,18.503
7415,7417,42.696
7415,7422,35.369
7416,7411,25.699
7416,7412,19.784
7416,7413,41.656
7417,7412,49.587
7417,7414,20.241
7417,7415,42.696
7418,7410,32.878
7419,7413,18.005
7420,7426,13.855
7421,7424,11.984
7422,7415,35.369
7422,7424,27.676
7422,7425,23.831
7423,7402,131.121
7423,7404,14.473
7423,7426,20.464
7424,7404,29.673
7424,7421,11.984
7424,7422,27.676
7424,7426,16.422
7425,7399,42.931
7425,7422,23.831
7426,7420,13.855
7426,7423,20.464
7426,7424,16.422
7427,7401,36.827
7428,7406,52.933
7428,7408,243.528
7429,6841,164.083
7429,7408,32.382
7429,7430,82.743
7430,7429,82.743
7431,6896,49.838
7431,7397,30.915
7431,7432,73.983
7432,7431,73.983
7433,7437,16.243
7433,15088,23.458
7433,16075,126.377
7434,7435,63.670
7434,7448,63.850
7434,16074,10.765
7435,6874,68.956
7435,7434,63.670
7435,7436,24.798
7436,119,22.796
7436,7435,24.798
7436,16075,73.556
7437,7433,16.243
7437,7438,31.547
7437,7442,62.873
7438,7437,31.547
7438,7441,65.578
7438,16074,70.741
7439,7445,47.247
7439,7446,29.735
7439,7449,10.829
7440,7455,60.383
7440,8069,56.252
7440,8108,19.657
7440,16193,26.625
7441,7438,65.578
7441,7442,34.114
7441,7452,3.289
7442,7437,62.873
7442,7441,34.114
7442,7443,136.322
7443,7442,136.322
7443,8087,109.830
7443,16193,33.612
7444,6846,164.683
7444,7446,33.660
7444,15088,77.795
7445,7439,47.247
7445,7450,19.001
7445,15214,22.853
7446,7405,51.435
7446,7439,29.735
7446,7444,33.660
7447,7450,27.926
7448,6874,69.886
7448,7434,63.850
7448,7452,69.234
7449,7439,10.829
7450,7405,18.389
7450,7445,19.001
7450,7447,27.926
7451,7454,45.102
7452,7441,3.289
7452,7448,69.234
7452,7453,46.197
7453,7452,46.197
7454,6874,50.715
7454,6875,58.443
7454,7451,45.102
7455,7440,60.383
7456,7463,39.873
7456,7474,85.679
7456,7492,2.671
7457,7458,139.150
7457,15079,55.543
7457,17181,4.728
7458,6738,23.776
7458,7457,139.150
7458,7511,36.422
7459,7469,10.008
7459,7470,77.188
7459,17181,75.318
7460,17181,69.217
7461,7462,43.703
7461,7469,64.363
7462,7461,47.109
7462,13916,50.599
7463,6740,88.148
7463,7456,39.873
7463,7494,43.016
7464,13916,6.832
7464,15787,42.165
7464,15788,59.898
7465,7467,80.519
7465,7469,46.286
7465,13226,26.881
7466,7472,75.429
7466,7497,82.671
7466,13951,57.289
7466,15790,33.510
7467,7465,80.519
7467,7470,59.239
7467,7474,25.530
7468,7485,19.183
7468,7496,64.799
7468,13954,40.581
7469,7459,10.008
7469,7461,64.363
7469,7465,46.286
7469,7516,112.794
7470,6745,68.355
7470,7459,77.188
7470,7467,59.239
7471,6740,150.447
7471,6745,32.868
7471,7474,67.210
7472,7466,75.429
7472,7581,49.301
7472,7586,40.614
7472,15761,45.869
7473,7482,32.579
7473,7489,22.394
7473,13916,77.302
7474,7456,85.679
7474,7467,25.530
7474,7471,67.210
7475,7476,51.426
7475,7501,65.804
7475,15822,101.373
7476,7475,51.426
7476,7489,46.035
7476,15822,81.763
7477,7499,59.603
7477,7500,34.679
7477,12578,7.614
7478,7495,30.100
7478,7499,44.889
7478,7503,33.505
7479,6723,154.816
7479,6740,44.470
7479,7493,57.833
7480,7488,21.539
7480,7502,41.582
7481,7500,33.279
7482,7473,32.579
7482,7492,42.375
7482,13226,31.090
7483,6616,56.846
7483,7488,110.531
7483,7501,48.852
7484,7496,62.806
7484,7497,66.315
7484,15822,37.638
7485,7468,19.183
7485,7501,61.943
7485,15823,75.586
7486,7492,55.775
7486,7494,47.210
7486,7502,41.781
7487,7489,51.116
7487,15821,11.097
7488,7480,21.539
7488,7483,110.531
7488,7499,60.361
7489,7473,22.394
7489,7476,46.035
7489,7487,51.116
7490,7493,26.051
7490,7503,17.770
7491,7502,47.996
7491,13917,41.066
7492,7456,2.671
7492,7482,42.375
7492,7486,55.775
7493,7479,57.833
7493,7490,26.051
7493,13917,63.554
7494,7463,43.016
7494,7486,47.210
7494,13917,5.679
7495,7478,30.100
7496,7468,64.799
7496,7484,62.806
7496,13952,32.476
7497,7466,82.671
7497,7484,66.315
7497,15787,10.354
7498,6609,38.853
7499,7477,59.603
7499,7478,44.889
7499,7488,60.361
7500,6723,58.530
7500,7481,33.279
7501,7475,65.804
7501,7483,48.852
7501,7485,61.943
7502,7480,41.582
7502,7486,41.781
7502,7491,47.996
7503,7478,33.505
7503,7490,17.770
7504,7510,18.181
7505,7509,70.152
7505,13954,38.932
7505,13955,38.808
7506,7507,100.984
7506,7584,34.449
7506,13953,23.112
7507,7506,100.984
7507,7508,60.938
7507,13955,22.289
7508,74,35.951
7508,7507,60.938
7508,7584,21.087
7509,6625,31.855
7509,7505,70.152
7510,74,60.660
7510,7504,18.181
7510,13955,11.606
7511,7458,36.422
7511,12613,75.872
7512,7521,62.321
7512,15765,21.204
7512,15767,16.888
7513,7515,73.653
7513,7518,79.616
7513,11712,67.755
7514,7542,38.313
7514,11712,8.284
7515,7513,73.653
7515,12612,102.696
7515,14535,6.780
7516,7469,112.794
7516,7520,20.164
7516,15782,24.316
7517,15079,102.436
7517,15782,47.283
7517,17320,29.419
7518,7513,79.616
7518,7523,29.370
7518,7526,142.626
7518,15784,109.750
7519,7526,97.568
7519,7527,139.620
7519,7610,65.704
7519,11711,87.517
7520,7516,20.164
7520,12955,57.897
7520,15788,39.921
7521,7512,62.321
7521,12955,5.333
7522,7525,28.668
7522,15764,25.240
7522,15767,25.678
7523,7518,29.370
7523,14536,23.305
7523,15783,105.995
7524,15783,22.550
7525,7522,28.668
7526,7518,142.626
7526,7519,97.568
7526,7527,186.595
7527,7519,139.620
7527,7526,186.595
7527,7609,57.994
7527,7612,18.751
7528,7539,68.015
7528,7548,77.068
7528,14988,11.683
7529,120,87.713
7529,7545,90.515
7529,8090,72.535
7529,14680,64.437
7530,8094,15.576
7530,8095,55.885
7530,14680,20.436
7531,7533,139.351
7531,7544,62.863
7532,7537,58.431
7532,7539,100.243
7533,7531,139.351
7533,7541,31.424
7533,7543,17.135
7534,7557,96.977
7534,7558,79.778
7534,7747,11.272
7535,7541,79.993
7536,121,66.282
7536,7558,112.072
7536,16168,39.954
7537,7532,58.431
7537,10403,28.936
7537,16169,45.291
7538,7543,41.118
7538,10402,5.512
7539,7514,28.567
7539,7532,100.243
7540,7541,38.574
7540,7545,47.049
7540,16190,32.112
7541,7533,31.424
7541,7535,79.993
7541,7540,38.574
7542,7531,79.983
7542,10402,161.391
7543,7533,17.135
7543,7538,41.118
7544,6754,128.160
7544,16190,100.909
7545,7529,90.515
7545,7540,47.049
7545,13247,58.637
7546,7547,31.454
7546,16168,13.908
7546,16169,40.264
7547,7546,31.454
7547,7548,95.736
7547,7551,46.773
7548,7528,77.068
7548,7547,95.736
7548,7556,58.476
7549,7554,85.900
7550,7558,58.276
7551,7547,46.773
7551,7556,93.574
7551,7557,149.015
7552,7559,22.588
7552,8059,32.127
7552,8061,23.933
7553,7559,64.411
7554,7549,85.900
7554,14615,64.986
7555,8060,4.833
7556,7548,58.476
7556,7551,93.574
7556,7560,144.326
7557,7551,149.015
7557,7560,76.575
7558,7534,79.778
7558,7536,112.072
7558,7550,58.276
7559,7552,22.588
7559,7553,64.411
7559,8063,11.743
7560,7556,144.326
7560,7742,86.403
7561,6637,82.939
7561,7607,32.467
7561,13405,8.970
7562,7569,65.542
7562,7573,54.720
7562,7627,29.548
7563,73,18.394
7563,13953,16.333
7563,16689,52.621
7564,7565,9.212
7564,7568,31.038
7564,7585,86.408
7565,7564,9.212
7565,7570,37.899
7565,7591,25.606
7566,7567,29.911
7566,7572,47.094
7566,7592,132.111
7567,7566,29.911
7567,7578,38.082
7567,7606,29.785
7568,7564,31.038
7568,7571,39.285
7568,7575,36.989
7569,7562,65.542
7569,7610,46.627
7569,7624,67.351
7570,7565,37.899
7570,7575,34.762
7570,7580,56.296
7571,7568,39.285
7571,7592,31.883
7571,7594,43.781
7572,7566,47.094
7572,7589,35.071
7572,7611,19.719
7572,7618,53.833
7573,7562,54.720
7573,14137,21.066
7573,14616,14.213
7574,7579,78.554
7574,7591,22.122
7574,16689,10.012
7575,7568,36.989
7575,7570,34.762
7575,7582,25.959
7575,7592,44.554
7576,7581,20.375
7576,7619,35.238
7576,7620,15.909
7577,7598,66.658
7577,7599,13.166
7577,7633,43.710
7578,7567,38.082
7578,7599,27.192
7578,7663,61.129
7578,7676,41.273
7579,7574,78.554
7579,7583,16.885
7579,7584,66.278
7580,7570,56.296
7580,7588,8.019
7580,16689,33.487
7581,7472,49.301
7581,7576,20.375
7581,7588,40.741
7582,7575,25.959
7582,7587,26.848
7582,7589,50.790
7583,7579,16.885
7583,7585,16.791
7583,7591,76.731
7584,7506,34.449
7584,7508,21.087
7584,7579,66.278
7585,7564,86.408
7585,7583,16.791
7585,7590,32.770
7586,73,22.676
7586,7472,40.614
7586,7588,51.162
7587,7582,26.848
7587,7618,3.803
7587,7620,39.947
7588,7580,8.019
7588,7581,40.741
7588,7586,51.162
7589,7572,35.071
7589,7582,50.790
7589,7592,27.405
7590,7585,32.770
7591,7565,25.606
7591,7574,22.122
7591,7583,76.731
7592,7566,132.111
7592,7571,31.883
7592,7575,44.554
7592,7589,27.405
7593,7596,72.628
7593,7600,27.263
7593,7603,41.519
7594,7571,43.781
7594,7601,75.638
7594,7607,63.328
7595,7596,84.053
7596,7593,72.628
7596,7595,84.053
7596,7598,45.692
7596,7606,87.480
7597,7604,20.872
7597,7605,38.347
7598,7577,66.658
7598,7596,45.692
7598,7647,33.644
7598,7658,49.796
7599,7577,13.166
7599,7578,27.192
7599,7606,38.593
7600,7593,27.263
7601,7594,75.638
7602,7561,67.113
7602,7605,25.305
7603,7593,41.519
7603,7647,28.434
7603,12184,14.424
7604,6646,18.439
7604,7597,20.872
7605,7597,38.347
7605,7602,25.305
7605,7607,62.364
7606,7567,29.785
7606,7596,87.480
7606,7599,38.593
7607,7561,32.467
7607,7594,63.328
7607,7605,62.364
7608,7609,52.716
7608,7615,62.599
7608,7625,66.406
7609,7527,57.994
7609,7608,52.716
7609,7617,67.536
7610,7519,65.704
7610,7569,46.627
7610,7625,66.207
7611,7572,19.719
7611,7616,30.949
7611,7623,62.411
7612,7527,18.751
7612,7621,48.935
7612,15761,47.969
7613,7617,33.524
7613,7619,13.292
7613,7620,37.285
7614,7615,30.704
7614,7617,6.919
7614,7623,19.527
7615,7608,62.599
7615,7614,30.704
7615,7616,34.685
7616,7611,30.949
7616,7615,34.685
7616,7628,12.685
7617,7609,67.536
7617,7613,33.524
7617,7614,6.919
7618,7572,53.833
7618,7587,3.803
7618,7623,29.373
7619,7576,35.238
7619,7613,13.292
7619,7621,53.555
7620,7576,15.909
7620,7587,39.947
7620,7613,37.285
7621,7612,48.935
7621,7619,53.555
7621,7622,6.001
7622,7621,6.001
7623,7611,62.411
7623,7614,19.527
7623,7618,29.373
7624,7569,67.351
7624,7625,47.850
7624,7628,123.297
7625,7608,66.406
7625,7610,66.207
7625,7624,47.850
7626,7628,87.167
7626,7652,29.329
7626,7676,8.107
7627,7562,29.548
7627,7652,127.695
7627,7669,154.837
7628,7616,12.685
7628,7624,123.297
7628,7626,87.167
7629,5976,120.798
7629,7637,53.480
7629,7696,46.215
7630,7634,58.916
7630,7688,23.299
7630,7711,79.243
7631,7694,12.305
7631,7712,111.238
7631,7713,43.072
7632,7651,71.481
7632,7655,65.381
7632,13419,10.014
7633,7577,43.710
7633,7658,61.489
7633,7661,17.121
7634,7630,58.916
7634,7639,46.988
7634,7701,29.412
7634,7713,70.629
7635,7636,31.359
7635,7662,19.859
7635,7670,85.311
7636,7635,31.359
7636,7654,31.662
7636,7662,55.635
7636,7668,28.405
7637,7629,53.480
7637,7698,90.207
7637,7714,96.731
7638,7680,72.976
7638,7681,221.790
7638,7682,56.148
7639,7634,46.988
7639,7709,41.591
7639,17290,70.988
7640,7642,59.415
7640,16176,27.248
7640,16177,27.036
7640,16690,65.309
7641,7643,35.529
7641,16176,72.956
7642,7640,59.415
7642,7643,135.267
7642,7646,78.199
7642,7698,72.282
7643,7642,135.267
7643,14410,36.166
7644,7657,35.716
7644,7659,22.169
7644,16387,60.023
7645,7650,39.916
7645,13227,28.632
7646,7642,78.199
7646,7668,58.224
7646,7685,27.290
7647,7598,33.644
7647,7603,28.434
7647,7660,74.269
7648,7654,29.154
7648,7693,52.830
7649,7650,19.888
7649,7665,48.650
7649,7668,55.347
7650,7645,39.916
7650,7649,19.888
7650,7676,114.791
7651,7673,46.167
7651,13928,8.801
7651,15693,116.900
7652,7626,29.329
7652,7627,127.695
7652,7665,136.692
7653,7664,16.989
7653,7674,80.139
7653,7675,19.477
7653,12183,68.514
7654,7636,31.662
7654,7648,29.154
7655,7632,65.381
7655,7657,89.147
7655,7673,66.639
7656,7657,66.103
7656,7660,110.409
7656,7673,92.400
7657,7644,35.716
7657,7655,89.147
7657,7656,66.103
7658,7598,49.796
7658,7633,61.489
7658,7671,28.200
7659,7644,22.169
7659,7670,47.968
7659,7693,73.990
7660,7647,74.269
7660,7656,110.409
7660,7671,47.361
7661,7633,17.121
7661,7663,37.808
7661,13227,51.891
7662,7635,19.859
7662,7636,55.635
7662,17292,31.311
7663,7578,61.129
7663,7661,37.808
7664,7653,16.989
7664,15693,28.352
7665,7649,48.650
7665,7652,136.692
7665,7677,7.109
7666,7675,52.453
7667,7674,43.887
7668,7636,28.405
7668,7646,58.224
7668,7649,55.347
7668,16690,45.342
7669,7627,154.837
7669,7677,70.344
7669,16177,15.140
7670,7635,85.311
7670,7659,47.968
7670,7672,67.800
7671,7658,28.200
7671,7660,47.361
7671,7672,62.993
7672,7670,67.800
7672,7671,62.993
7672,17292,64.042
7673,7651,46.167
7673,7655,66.639
7673,7656,92.400
7674,7653,80.139
7674,7667,43.887
7674,15694,16.541
7675,7653,19.477
7675,7666,52.453
7675,12184,68.486
7676,7578,41.273
7676,7626,8.107
7676,7650,114.791
7677,7665,7.109
7677,7669,70.344
7677,16690,55.699
7678,7682,56.673
7678,12495,98.323
7679,7632,57.785
7679,7680,202.605
7680,7638,72.976
7680,7679,202.605
7680,16387,17.776
7681,7638,221.790
7681,7679,57.031
7682,7638,56.148
7682,7678,56.673
7682,7683,102.024
7682,7701,63.168
7683,7682,102.024
7684,7702,34.857
7685,7646,27.290
7685,7695,22.916
7685,7702,77.460
7686,7698,18.279
7686,7704,26.848
7686,7706,44.242
7687,7688,25.366
7687,7708,42.784
7688,7630,23.299
7688,7687,25.366
7688,7701,61.419
7689,7700,82.443
7689,7704,7.633
7689,7705,50.423
7690,7697,23.485
7691,7692,11.113
7692,7691,11.113
7692,7696,44.305
7692,7697,43.765
7693,7648,52.830
7693,7659,73.990
7693,7702,28.852
7694,7631,12.305
7694,7696,38.131
7694,7697,46.651
7695,7685,22.916
7696,7629,46.215
7696,7692,44.305
7696,7694,38.131
7697,7690,23.485
7697,7692,43.765
7697,7694,46.651
7698,7637,90.207
7698,7642,72.282
7698,7686,18.279
7699,7700,135.733
7700,7689,82.443
7700,7699,135.733
7700,7711,78.652
7701,7634,29.412
7701,7682,63.168
7701,7688,61.419
7702,7684,34.857
7702,7685,77.460
7702,7693,28.852
7703,7704,45.403
7704,7686,26.848
7704,7689,7.633
7704,7703,45.403
7705,7689,50.423
7706,7686,44.242
7707,7708,93.637
7708,7687,42.784
7708,7707,93.637
7708,7711,34.806
7709,5962,19.452
7709,7639,41.591
7709,12497,10.715
7710,16501,71.089
7710,17290,56.790
7711,7630,79.243
7711,7700,78.652
7711,7708,34.806
7712,7631,111.238
7712,7710,42.063
7713,7631,43.072
7713,7634,70.629
7713,17290,51.787
7714,7637,96.731
7714,17628,185.938
7715,15151,375.430
7715,16682,92.105
7716,5448,44.840
7716,7718,95.590
7717,7724,22.263
7717,17737,41.501
7718,5457,12.450
7718,7722,220.657
7719,5869,88.967
7719,16561,47.660
7720,39,13.122
7720,7719,138.044
7721,5883,91.396
7721,7727,110.509
7722,5491,60.006
7722,7720,23.600
7723,5442,30.148
7723,14648,10.526
7724,5417,174.013
7724,5424,214.106
7724,7717,22.263
7725,5892,49.351
7725,7729,115.475
7726,140,61.988
7726,7721,74.363
7726,11795,12.184
7727,145,15.247
7727,5888,59.391
7727,7725,62.811
7728,16346,11.891
7729,150,82.757
7729,5991,15.504
7729,15482,158.333
7730,5977,93.728
7730,7733,59.310
7731,173,127.035
7731,7735,69.288
7732,5931,17.567
7732,17852,17.718
7733,122,149.407
7733,13808,47.909
7734,172,162.792
7734,11717,21.723
7735,5975,138.352
7735,7730,26.041
7736,170,22.439
7736,5962,10.599
7736,12497,21.342
7737,162,15.002
7737,165,82.631
7737,16539,46.888
7739,171,24.782
7739,11774,96.219
7740,11775,114.709
7741,7754,103.789
7741,7765,100.045
7742,11710,15.411
7742,11714,20.597
7743,7740,65.886
7744,7739,8.995
7744,11715,12.531
7745,7764,67.329
7745,14137,14.175
7745,14616,23.149
7746,7742,16.131
7746,7748,76.728
7747,7534,11.272
7747,14614,13.187
7748,7747,180.964
7748,7758,46.757
7749,7757,86.575
7749,7758,14.923
7749,7764,106.110
7750,7785,97.427
7751,7752,36.122
7751,7756,96.914
7751,11774,88.881
7751,13252,45.216
7752,7751,36.122
7752,10255,43.150
7752,10256,42.533
7753,7754,74.787
7753,7777,51.302
7754,7766,89.318
7754,7801,39.599
7755,7826,79.858
7755,7851,48.196
7755,14594,44.616
7756,7751,96.914
7756,14593,110.727
7756,14594,13.242
7757,7749,86.575
7757,7764,50.995
7757,7772,42.692
7757,7774,60.657
7758,7748,46.757
7758,7749,14.923
7758,7760,81.252
7758,7768,191.052
7759,7761,70.552
7759,7766,50.979
7759,7772,14.368
7760,7758,81.252
7760,17855,21.391
7761,7759,70.552
7761,7762,41.587
7761,7763,61.023
7762,7761,41.587
7762,7765,71.182
7762,7766,52.641
7763,7745,56.085
7763,7761,61.023
7764,7745,67.329
7764,7749,106.110
7764,7757,50.995
7765,7762,71.182
7765,7763,34.763
7766,7754,89.318
7766,7759,50.979
7766,7762,52.641
7766,7771,80.687
7767,7786,144.496
7767,7787,100.365
7767,16172,84.722
7768,7758,191.052
7768,7769,69.480
7769,7778,45.409
7769,7780,133.222
7769,7786,110.572
7770,7771,25.371
7770,7778,116.213
7770,7780,56.048
7771,7766,80.687
7771,7770,25.371
7771,7781,53.753
7772,7757,42.692
7772,7759,14.368
7772,7782,53.412
7773,7781,45.452
7774,7757,60.657
7774,7778,56.043
7774,7782,59.318
7775,7779,31.639
7776,7753,95.416
7776,7815,39.546
7777,7753,51.302
7778,7769,45.409
7778,7770,116.213
7778,7774,56.043
7779,7775,31.639
7779,7776,26.585
7780,7770,56.048
7780,7779,37.761
7780,14660,135.466
7781,7771,53.753
7781,7773,45.452
7782,7772,53.412
7782,7774,59.318
7783,7794,202.941
7784,7836,113.117
7784,7856,87.915
7784,14589,8.925
7785,8123,46.962
7786,7767,144.496
7786,7769,110.572
7786,7790,112.546
7787,7750,34.283
7787,7767,100.365
7787,7789,9.338
7788,7791,108.842
7788,7793,67.620
7788,7795,49.944
7789,7554,165.060
7789,7787,9.338
7789,8072,72.678
7790,7786,112.546
7790,7787,169.844
7791,7788,108.842
7791,7792,23.040
7791,7824,30.990
7792,7791,23.040
7792,14660,45.187
7792,17294,64.933
7793,7788,67.620
7793,16172,86.470
7793,17294,60.568
7794,7783,202.941
7795,7788,49.944
7795,7808,82.141
7795,15771,155.131
7796,7799,48.691
7796,7800,42.003
7796,7804,81.041
7796,13804,77.656
7797,7799,25.608
7797,7812,66.436
7797,7821,75.876
7798,7800,20.935
7798,7805,40.140
7798,7852,45.264
7799,7796,48.691
7799,7797,25.608
7799,7852,66.919
7800,7796,42.003
7800,7798,20.935
7800,7807,87.375
7801,7754,39.599
7801,7805,40.507
7801,7806,99.642
7802,7805,46.616
7803,7818,25.652
7803,7819,20.103
7804,7796,81.041
7804,7807,45.959
7805,7798,40.140
7805,7801,40.507
7805,7802,46.616
7806,7741,35.972
7806,7801,99.642
7806,14410,17.908
7807,7800,87.375
7807,7806,98.677
7808,7795,82.141
7808,7816,61.683
7808,7845,30.279
7809,7811,8.963
7809,7815,27.151
7809,7822,37.886
7810,7816,86.021
7810,7818,6.742
7810,7845,75.680
7811,7809,8.963
7812,7797,66.436
7812,7854,44.078
7812,7855,35.835
7813,7821,38.177
7813,7825,51.155
7813,7850,93.073
7814,7826,35.884
7814,7854,70.158
7814,7860,23.641
7815,7776,39.546
7815,7809,27.151
7815,7824,72.262
7816,7808,61.683
7816,7810,86.021
7816,7824,55.714
7817,7819,44.497
7817,7820,28.176
7818,7803,25.652
7818,7810,6.742
7818,15842,41.960
7819,7803,20.103
7819,7817,44.497
7819,7825,49.730
7820,7817,28.176
7821,7797,75.876
7821,7813,38.177
7821,7852,17.284
7822,7809,37.886
7823,7825,67.701
7824,7791,30.990
7824,7815,72.262
7824,7816,55.714
7825,7813,51.155
7825,7819,49.730
7825,7823,67.701
7826,7755,79.858
7826,7814,35.884
7826,7855,36.762
7827,7829,29.353
7827,7836,63.956
7827,7856,120.773
7828,7829,27.802
7828,7831,17.953
7828,13751,84.085
7829,7827,29.353
7829,7828,27.802
7829,7840,46.582
7830,7840,54.308
7831,7828,17.953
7831,7834,19.622
7831,13750,67.329
7832,7833,27.516
7833,7832,27.516
7833,7841,48.950
7833,15769,24.050
7834,7831,19.622
7834,7835,66.846
7834,7859,24.441
7835,7834,66.846
7835,7838,10.786
7835,13750,23.890
7836,7784,113.117
7836,7827,63.956
7836,7839,57.884
7837,13751,57.563
7838,7835,10.786
7838,7842,13.344
7838,7844,45.063
7839,7836,57.884
7839,7843,51.702
7839,15771,38.427
7840,7829,46.582
7840,7830,54.308
7840,7843,40.163
7841,7833,48.950
7841,7845,24.420
7841,15842,58.560
7842,7838,13.344
7843,7839,51.702
7843,7840,40.163
7843,7846,53.547
7844,7838,45.063
7844,7847,30.102
7844,7848,82.472
7845,7808,30.279
7845,7810,75.680
7845,7841,24.420
7846,7843,53.547
7847,7844,30.102
7848,7844,82.472
7848,7849,41.455
7848,7859,15.296
7849,7848,41.455
7849,7853,74.464
7849,7860,4.763
7850,7813,93.073
7850,7854,52.215
7850,16940,11.415
7851,7755,48.196
7851,7855,68.742
7851,13805,17.908
7852,7798,45.264
7852,7799,66.919
7852,7821,17.284
7853,7849,74.464
7854,7812,44.078
7854,7814,70.158
7854,7850,52.215
7855,7812,35.835
7855,7826,36.762
7855,7851,68.742
7856,7827,120.773
7856,10269,86.002
7856,14595,8.007
7857,7859,126.939
7857,10271,9.245
7858,10267,25.688
7858,16943,76.392
7859,7834,24.441
7859,7848,15.296
7859,7857,126.939
7860,7814,23.641
7860,7849,4.763
7860,16943,29.329
7861,7784,13.883
7862,7867,86.107
7862,7870,22.309
7862,8116,69.223
7863,7869,77.329
7863,7872,28.903
7863,7878,22.878
7864,8132,41.286
7864,8135,38.221
7864,8544,44.913
7865,7868,82.607
7866,7868,61.467
7866,7869,33.795
7866,7872,16.375
7867,7862,86.107
7867,7878,13.486
7868,7865,82.607
7868,7866,61.467
7868,8702,238.039
7869,7863,77.329
7869,7866,33.795
7869,7875,16.457
7870,7862,22.309
7870,7872,105.822
7870,8606,48.153
7870,8614,10.818
7871,8122,13.796
7871,8135,68.621
7871,8143,32.839
7872,7863,28.903
7872,7866,16.375
7872,7870,105.822
7873,8686,21.422
7873,8689,74.496
7873,8741,45.761
7873,16297,85.454
7874,7878,23.478
7875,7869,16.457
7876,7881,16.297
7876,7882,60.886
7876,16297,55.335
7877,8686,73.488
7877,8693,67.043
7877,14587,15.798
7878,7863,22.878
7878,7867,13.486
7878,7874,23.478
7879,7886,36.770
7879,8539,11.093
7879,8621,34.632
7880,7884,102.008
7880,7899,59.980
7880,8689,14.186
7881,7876,16.297
7881,8606,60.220
7881,8608,62.332
7882,7876,60.886
7883,7900,10.688
7884,7880,102.008
7884,7887,146.774
7884,8733,26.162
7885,7898,21.636
7885,8548,30.901
7885,8551,43.235
7885,8627,25.003
7886,7879,36.770
7886,8132,9.213
7886,8617,47.028
7887,7884,146.774
7887,8629,30.628
7887,8631,48.294
7888,8551,21.767
7888,8557,9.010
7888,8632,31.852
7889,7892,58.262
7889,7900,17.194
7889,16298,90.480
7890,7891,17.821
7890,8618,41.748
7890,8627,61.595
7890,8628,59.556
7891,7890,17.821
7891,8615,36.753
7892,7889,58.262
7892,8613,80.945
7892,8628,48.529
7893,7895,167.669
7893,8600,68.803
7893,13825,11.146
7894,8682,4.452
7894,8704,57.799
7894,13825,38.997
7895,7893,167.669
7895,7896,132.383
7895,8566,25.177
7896,7895,132.383
7896,8572,123.535
7896,8601,74.647
7897,8568,9.148
7897,8602,37.941
7897,8610,24.555
7898,7885,21.636
7898,8538,50.996
7898,8539,19.792
7899,7880,59.980
7899,16298,47.147
7900,7883,10.688
7900,7889,17.194
7900,8608,36.555
7901,9191,466.466
7902,7935,67.720
7903,16625,545.583
7904,7903,49.738
7905,16626,160.692
7906,7907,306.244
7907,7908,131.586
7908,7928,309.474
7909,7910,156.011
7910,7934,56.711
7911,8939,345.710
7912,8225,26.160
7912,12123,9.020
7913,7911,99.460
7913,12123,26.292
7914,7911,93.003
7914,8208,12.274
7915,3,79.481
7915,10,42.434
7915,11642,36.375
7916,2,78.213
7916,3,43.100
7916,11,38.577
7917,8,41.189
7917,9,44.267
7917,9197,78.165
7918,9447,35.732
7919,7920,173.710
7920,8263,9.034
7921,7918,174.562
7922,12041,723.120
7922,17663,12.980
7923,7921,43.718
7924,7926,32.344
7924,17785,423.025
7925,7904,362.215
7926,17662,12.600
7927,7929,25.340
7928,7927,68.317
7929,7922,140.444
7930,7909,67.698
7930,7923,69.611
7931,8914,288.004
7933,7905,53.339
7933,8208,462.123
7934,8,56.577
7934,8217,17.980
7934,8225,211.897
7935,7947,170.250
7935,8915,13.774
7936,9557,521.392
7937,9597,470.851
7939,7976,15.178
7940,7938,220.662
7940,7939,12.853
7941,7942,12.921
7941,8002,113.827
7942,7979,11.202
7943,7945,44.692
7943,7948,44.392
7944,7946,14.194
7944,8915,173.448
7945,7943,44.692
7945,7946,10.372
7946,7932,410.171
7946,7944,14.194
7946,7945,10.372
7947,7946,4.265
7948,7949,73.170
7948,7992,54.025
7950,7999,376.713
7951,7952,14.020
7952,7951,14.020
7952,7953,40.614
7952,7962,579.112
7953,7952,40.614
7953,7955,40.912
7953,7959,231.768
7954,7942,121.917
7954,7955,45.215
7955,7953,40.912
7955,7954,45.215
7955,7956,40.614
7955,7960,232.674
7956,7955,40.614
7956,7958,40.371
7956,7961,233.518
7957,7958,14.141
7958,7956,40.371
7958,7957,14.141
7958,7963,579.183
7959,7953,231.768
7960,7955,232.674
7961,7956,233.518
7962,7952,579.112
7963,7958,579.183
7964,7996,47.927
7965,7966,153.264
7965,7994,93.742
7965,11958,83.303
7966,7965,153.264
7966,7968,92.713
7966,7982,73.947
7967,7970,151.881
7967,7996,188.974
7967,11958,193.974
7968,7966,92.713
7968,7969,45.634
7968,7986,62.083
7969,7968,45.634
7969,7971,42.898
7969,7988,55.029
7970,7967,151.881
7970,7973,91.380
7970,7985,45.354
7971,7969,42.898
7971,7972,51.288
7971,7975,233.530
7972,7971,51.288
7972,8941,52.824
7973,7970,91.380
7973,7974,45.467
7973,7991,45.993
7973,9597,56.633
7974,7973,45.467
7974,7975,42.968
7974,7990,137.080
7975,7971,233.530
7975,7974,42.968
7975,9672,50.073
7976,7977,10.705
7976,9672,44.389
7977,7941,17.670
7978,7940,14.497
7979,7978,11.191
7979,7981,635.667
7980,7978,633.915
7982,7966,73.947
7982,7983,47.364
7982,7986,91.648
7983,7982,47.364
7983,7984,45.441
7983,7987,91.523
7984,7983,45.441
7984,7985,45.002
7984,7989,91.523
7985,7970,45.354
7985,7984,45.002
7985,7991,91.523
7986,7968,62.083
7986,7982,91.648
7986,7987,45.468
7986,7988,45.183
7987,7983,91.523
7987,7986,45.468
7987,7989,45.441
7987,16491,11.469
7988,7969,55.029
7988,7986,45.183
7988,7990,45.614
7989,7984,91.523
7989,7987,45.441
7989,7991,45.002
7990,7974,137.080
7990,7988,45.614
7990,16492,15.085
7991,7973,45.993
7991,7985,91.523
7991,7989,45.002
7992,7948,54.025
7992,7993,45.963
7992,7996,303.746
7993,7992,45.963
7993,7994,51.572
7993,7995,162.303
7994,7965,93.742
7994,7993,51.572
7994,11957,100.039
7995,7993,162.303
7996,7964,47.927
7996,7967,188.974
7996,7992,303.746
7997,11957,146.281
7998,7999,85.676
7999,7943,15.383
7999,7998,85.676
8000,3629,15.053
8000,17610,9.192
8001,17796,115.444
8002,5,49.487
8002,11977,39.794
8003,8058,111.524
8003,15152,3.893
8004,8535,28.361
8004,15152,61.862
8005,8052,230.826
8005,8057,8.116
8005,13229,131.141
8006,8578,19.169
8006,13204,144.357
8007,14668,303.183
8008,8011,84.162
8008,8012,30.678
8008,8576,68.454
8009,8012,148.370
8009,14333,30.580
8009,14334,77.137
8010,8012,135.383
8011,8007,357.760
8011,8008,84.162
8012,8008,30.678
8012,8009,148.370
8012,8010,135.383
8013,8016,64.494
8013,8033,56.579
8013,10774,50.017
8014,8017,82.207
8014,8023,50.180
8014,10089,21.787
8015,8022,101.398
8015,9659,144.253
8015,10106,9.674
8016,260,9.216
8016,8013,64.494
8016,11903,41.706
8017,8014,82.207
8017,8027,49.832
8017,10083,161.913
8017,10774,102.210
8018,8025,82.077
8019,11875,75.828
8019,11877,38.476
8019,13296,63.523
8020,8032,53.097
8020,8035,118.212
8020,10773,35.692
8021,8031,9.161
8021,10099,18.065
8021,10100,19.419
8022,8015,101.398
8022,10083,35.496
8022,10101,68.631
8023,8014,50.180
8023,8033,89.573
8023,10080,171.363
8024,8031,278.558
8024,9556,42.849
8024,10079,253.016
8025,8018,82.077
8025,10773,3.319
8025,13291,67.228
8026,8033,66.568
8026,10722,52.052
8026,10726,53.565
8027,8017,49.832
8027,10774,127.649
8027,13291,26.962
8028,10178,50.574
8028,10182,13.395
8028,10183,8.801
8029,8032,52.619
8029,10115,62.336
8029,10116,66.961
8030,261,8.998
8030,10180,60.082
8030,13295,145.732
8031,8021,9.161
8031,8024,278.558
8031,10095,92.076
8032,8020,53.097
8032,8029,52.619
8032,10179,27.947
8033,8013,56.579
8033,8023,89.573
8033,8026,66.568
8034,10115,79.416
8034,10179,90.784
8034,10180,45.646
8034,13299,46.701
8035,8020,118.212
8035,10122,11.145
8035,10224,59.533
8036,91,70.128
8036,12113,69.951
8036,17824,194.752
8037,8042,324.554
8037,8049,102.391
8037,9378,138.098
8038,11954,38.812
8038,12106,55.250
8038,12109,206.191
8039,8044,192.465
8039,15652,20.523
8039,17824,11.389
8039,17825,9.170
8040,8041,33.649
8040,8043,102.468
8040,11954,88.718
8041,89,182.405
8041,8040,33.649
8041,12250,80.435
8042,82,98.526
8042,8037,324.554
8042,12239,3.757
8043,29,259.334
8043,8049,100.610
8043,11953,90.945
8044,28,192.447
8044,87,68.108
8044,8039,192.465
8045,8046,109.013
8046,8045,109.013
8046,8582,75.585
8046,12860,87.986
8047,8586,39.721
8047,13202,232.113
8047,16677,59.461
8048,8633,436.574
8048,8638,303.190
8048,8668,45.242
8048,12294,54.541
8049,82,321.900
8049,8037,102.391
8049,8043,100.610
8050,8051,63.287
8050,8056,35.343
8051,8050,63.287
8052,8005,230.826
8052,8055,139.923
8053,8052,263.141
8053,9474,139.528
8054,7393,171.033
8054,14669,66.380
8055,7393,230.456
8055,8050,138.507
8055,8052,139.923
8056,8054,234.443
8057,8003,403.332
8057,8005,8.116
8058,8100,99.601
8059,7552,32.127
8060,121,47.048
8060,7555,4.833
8060,8063,69.822
8061,7552,23.933
8062,8083,19.505
8062,8113,69.638
8062,16170,28.896
8063,120,38.247
8063,7559,11.743
8063,8060,69.822
8064,8070,84.420
8065,8081,58.070
8066,8087,37.503
8066,8111,63.262
8066,8112,14.075
8067,8100,118.996
8068,8081,48.393
8068,8109,51.247
8068,8110,27.037
8069,6875,61.788
8069,7440,56.252
8069,8089,39.304
8070,8064,84.420
8070,8106,34.610
8070,8111,12.221
8071,8073,27.069
8072,7789,72.678
8072,8088,27.533
8073,8071,27.069
8073,8098,17.497
8073,16386,149.247
8074,8098,43.261
8074,8102,82.112
8074,8110,8.231
8075,8076,18.681
8075,8078,28.729
8075,8081,91.384
8076,8075,18.681
8076,8077,49.741
8076,8102,60.915
8077,8076,49.741
8078,8075,28.729
8078,8080,84.242
8078,8107,93.136
8079,8082,68.257
8079,8083,29.878
8079,8107,30.695
8080,8078,84.242
8080,8092,73.410
8080,8113,25.502
8081,8065,58.070
8081,8068,48.393
8081,8075,91.384
8081,8107,22.879
8082,8079,68.257
8082,8083,39.125
8082,8113,50.783
8083,8062,19.505
8083,8079,29.878
8083,8082,39.125
8084,8096,34.170
8084,8101,3.099
8084,8112,21.263
8085,8114,59.926
8086,8097,69.050
8086,16171,23.622
8087,7443,109.830
8087,8066,37.503
8087,8114,89.671
8088,8072,27.533
8088,8102,12.259
8089,8069,39.304
8089,8093,3.897
8089,8108,77.371
8090,7529,72.535
8090,8092,33.785
8090,8099,88.320
8091,8110,50.151
8092,8080,73.410
8092,8090,33.785
8092,8106,115.071
8093,8089,3.897
8093,8103,53.470
8093,8115,42.719
8094,7530,15.576
8094,8103,46.845
8094,8115,55.963
8095,7530,55.885
8095,8104,17.847
8095,8105,38.258
8096,8084,34.170
8097,8086,69.050
8097,8114,64.726
8097,16170,24.755
8098,8073,17.497
8098,8074,43.261
8098,16386,35.367
8099,8090,88.320
8099,8105,17.719
8099,14680,51.506
8100,8067,118.996
8100,8121,26.828
8101,8084,3.099
8101,8104,65.861
8101,8108,72.355
8102,8074,82.112
8102,8076,60.915
8102,8088,12.259
8103,6875,55.896
8103,8093,53.470
8103,8094,46.845
8104,8095,17.847
8104,8101,65.861
8104,8115,2.500
8105,8095,38.258
8105,8099,17.719
8105,8106,23.888
8106,8070,34.610
8106,8092,115.071
8106,8105,23.888
8107,8078,93.136
8107,8079,30.695
8107,8081,22.879
8108,7440,19.657
8108,8089,77.371
8108,8101,72.355
8109,8068,51.247
8110,8068,27.037
8110,8074,8.231
8110,8091,50.151
8111,8066,63.262
8111,8070,12.221
8111,8112,48.592
8112,8066,14.075
8112,8084,21.263
8112,8111,48.592
8113,8062,69.638
8113,8080,25.502
8113,8082,50.783
8113,16171,23.174
8114,8085,59.926
8114,8087,89.671
8114,8097,64.726
8115,8093,42.719
8115,8094,55.963
8115,8104,2.500
8116,7862,69.223
8116,8127,30.254
8116,8143,19.322
8117,8119,62.690
8118,8131,16.802
8118,8132,32.418
8118,8134,23.765
8119,8117,62.690
8119,8122,122.445
8119,8133,56.715
8119,16481,88.470
8120,8130,45.386
8121,551,47.487
8121,8123,6.171
8122,7871,13.796
8122,8119,122.445
8122,8125,34.068
8123,8121,6.171
8123,13249,57.863
8123,15153,7.614
8124,8129,10.661
8124,8135,37.987
8124,8137,46.745
8125,8122,34.068
8125,8133,20.776
8125,8137,45.442
8126,8129,52.732
8126,8537,18.904
8126,8544,2.127
8127,8116,30.254
8128,8133,61.606
8128,8137,33.356
8128,8142,27.669
8129,8124,10.661
8129,8126,52.732
8129,8138,27.128
8130,8120,45.386
8130,8140,29.659
8130,8535,166.205
8131,8118,16.802
8132,7864,41.286
8132,7886,9.213
8132,8118,32.418
8133,8119,56.715
8133,8125,20.776
8133,8128,61.606
8133,8141,56.816
8134,8118,23.765
8134,8143,57.523
8135,7864,38.221
8135,7871,68.621
8135,8124,37.987
8136,13248,126.359
8136,13250,58.683
8137,8124,46.745
8137,8125,45.442
8137,8128,33.356
8138,8129,27.128
8138,8139,21.726
8138,8140,58.802
8139,8138,21.726
8139,8142,63.287
8140,8130,29.659
8140,8138,58.802
8140,8537,9.592
8141,8133,56.816
8141,8142,81.937
8141,13248,134.499
8142,8128,27.669
8142,8139,63.287
8142,8141,81.937
8143,7871,32.839
8143,8116,19.322
8143,8134,57.523
8144,3601,157.604
8144,3705,42.931
8144,8162,27.452
8145,8170,10.517
8145,11965,122.753
8146,8147,24.606
8147,8146,24.606
8147,8154,34.299
8147,8176,16.937
8147,8177,18.655
8148,8167,45.845
8148,8171,18.331
8148,8175,26.165
8148,8176,17.850
8149,13473,144.908
8149,14481,185.997
8150,8994,14.573
8150,9064,59.123
8151,8154,92.400
8151,8156,14.659
8151,8181,60.126
8151,8183,15.144
8152,3678,199.036
8152,8153,33.701
8153,3673,11.836
8153,3682,397.368
8153,8174,101.816
8154,8147,34.299
8154,8151,92.400
8154,8180,14.064
8155,8150,148.699
8155,8993,15.428
8155,9056,88.749
8156,8151,14.659
8157,8211,38.041
8157,8214,11.565
8158,8176,27.258
8159,8178,141.067
8159,8397,85.809
8160,8171,26.023
8161,8162,25.119
8162,8144,27.452
8162,8161,25.119
8162,8177,20.914
8162,8181,31.388
8163,3664,78.123
8163,12478,154.556
8163,12481,65.116
8164,8177,24.333
8165,8176,45.371
8166,8145,13.604
8166,15133,57.439
8167,8148,45.845
8168,8179,23.606
8168,8182,47.867
8168,12479,31.132
8169,8179,47.622
8170,9054,12.977
8171,8148,18.331
8171,8160,26.023
8171,8173,42.677
8171,8179,18.218
8172,13480,6.755
8173,8171,42.677
8174,11896,132.152
8174,17461,45.704
8175,8148,26.165
8176,8147,16.937
8176,8148,17.850
8176,8158,27.258
8176,8165,45.371
8177,8147,18.655
8177,8162,20.914
8177,8164,24.333
8177,8180,32.121
8178,357,14.371
8178,8406,191.832
8178,16557,201.447
8179,8168,23.606
8179,8169,47.622
8179,8171,18.218
8180,8154,14.064
8180,8177,32.121
8180,8181,21.324
8181,8151,60.126
8181,8162,31.388
8181,8180,21.324
8182,356,18.140
8182,8168,47.867
8183,8151,15.144
8184,3845,24.999
8184,8189,133.993
8185,3845,5.567
8185,8188,68.396
8185,8193,16.876
8186,3863,320.625
8186,8188,15.089
8187,8188,8.525
8187,8193,61.448
8187,8194,16.767
8188,8185,68.396
8188,8186,15.089
8188,8187,8.525
8189,8184,133.993
8190,8193,24.056
8190,8194,50.979
8190,8198,27.026
8191,1,192.365
8191,8192,240.395
8192,8191,240.395
8192,8194,20.573
8192,8198,40.345
8193,8185,16.876
8193,8187,61.448
8193,8190,24.056
8194,8187,16.767
8194,8190,50.979
8194,8192,20.573
8195,8184,13.686
8196,3845,10.837
8197,8198,71.315
8198,8190,27.026
8198,8192,40.345
8198,8197,71.315
8199,1,49.602
8199,3664,220.921
8200,8224,137.103
8200,8226,66.006
8201,8210,11.941
8201,8396,26.736
8202,8205,9.983
8202,8218,118.924
8202,8227,60.416
8203,8211,40.526
8203,15654,10.879
8203,15658,31.077
8204,8207,69.745
8204,8213,20.835
8204,8219,35.496
8205,8202,9.983
8205,8213,40.557
8205,8218,15.080
8206,8226,129.479
8207,8204,69.745
8207,8222,40.649
8207,8224,154.410
8208,8201,15.378
8209,8221,15.003
8210,7912,53.360
8210,7914,15.160
8211,8203,40.526
8211,8215,55.671
8212,8214,83.039
8212,12924,54.862
8213,8204,20.835
8213,8205,40.557
8213,8221,37.707
8214,356,14.822
8214,8159,263.090
8215,8220,37.959
8215,8223,112.641
8216,3694,49.697
8216,15653,17.133
8216,15656,29.359
8216,17109,22.432
8217,7912,220.406
8217,7934,17.980
8218,8202,118.924
8218,8205,15.080
8218,8223,61.691
8219,8204,35.496
8220,8215,37.959
8220,13331,16.361
8220,15654,43.644
8221,8209,15.003
8221,8213,37.707
8221,16787,46.118
8222,8207,40.649
8222,8227,19.987
8223,8210,108.709
8223,8218,61.691
8224,8207,154.410
8224,9447,13.471
8225,7913,9.251
8225,17581,185.842
8226,8206,129.479
8226,8217,62.626
8227,8202,60.416
8227,8222,19.987
8228,8323,11.470
8228,8335,179.223
8228,8336,36.940
8228,8380,192.287
8229,8292,24.906
8229,8305,5.956
8230,8413,26.377
8230,8415,21.398
8230,8430,54.851
8231,8244,77.114
8231,8298,29.550
8231,16409,43.512
8232,8243,39.064
8232,8289,58.015
8232,8460,50.600
8233,8250,29.576
8233,8297,95.729
8233,8305,117.087
8233,8469,16.085
8234,8317,179.197
8235,8268,15.628
8235,8272,55.838
8235,8320,35.197
8236,8282,85.580
8236,8297,54.400
8236,8305,36.041
8237,8248,100.179
8237,8280,92.850
8237,14129,76.908
8238,8264,26.428
8238,8268,13.478
8238,17117,60.388
8239,8275,16.434
8239,8283,110.951
8239,16359,2.066
8240,8290,70.186
8240,8306,57.582
8240,8341,38.336
8241,8274,49.336
8241,8527,12.328
8241,8528,28.239
8242,8285,24.731
8242,8303,22.679
8242,8337,66.526
8243,8232,39.064
8243,8458,32.046
8244,8231,77.114
8244,8313,53.585
8245,8314,209.594
8246,13149,17.479
8246,13397,2.566
8246,13398,34.519
8247,8260,50.285
8247,8312,291.269
8247,8318,6.470
8248,8237,100.179
8248,8325,207.423
8248,14347,33.929
8249,8273,65.518
8249,8425,29.446
8249,8431,54.094
8250,8233,29.576
8250,8292,124.698
8250,8467,20.377
8250,8468,47.703
8251,8278,72.545
8251,8279,30.512
8251,8281,163.830
8252,8335,58.503
8252,8336,167.664
8252,9448,49.422
8253,8454,117.874
8253,8455,67.941
8253,17600,66.397
8254,8266,38.282
8254,8280,32.358
8254,14130,58.733
8254,14131,66.201
8255,8282,29.846
8255,8519,4.959
8255,8528,55.986
8256,8281,53.505
8256,8443,83.040
8256,17600,28.391
8257,8302,24.437
8257,8306,69.012
8257,8312,46.671
8258,8330,38.126
8258,8357,20.291
8258,8454,54.934
8259,8335,13.330
8259,8340,24.468
8259,8341,34.700
8259,9450,86.518
8260,8247,50.285
8260,8455,113.112
8260,17615,13.054
8262,8287,10.986
8262,8327,10.875
8262,14690,98.803
8263,17782,7.459
8263,17784,129.827
8264,8238,26.428
8264,8309,109.506
8264,8319,28.357
8265,8270,56.862
8266,8254,38.282
8266,13168,29.482
8267,8295,89.035
8267,8299,30.483
8267,8530,28.805
8268,8235,15.628
8268,8238,13.478
8268,8529,33.572
8269,8304,26.323
8269,8337,16.952
8269,17118,94.069
8270,8265,56.862
8270,8284,98.632
8270,8317,27.650
8270,13399,42.279
8271,8309,5.576
8271,8515,30.146
8271,8521,81.317
8272,8235,55.838
8273,8249,65.518
8273,8432,24.121
8273,12153,34.781
8274,8241,49.336
8274,8298,4.265
8274,8313,84.114
8275,8239,16.434
8275,13150,32.240
8275,16358,121.142
8276,8473,108.482
8277,8289,6.252
8277,8310,103.374
8278,8251,72.545
8278,8315,146.203
8278,8334,133.471
8279,8251,30.512
8279,8465,68.142
8280,8237,92.850
8280,8254,32.358
8280,8325,33.899
8281,8251,163.830
8281,8256,53.505
8281,17601,78.804
8282,8236,85.580
8282,8255,29.846
8282,8313,22.963
8283,8239,110.951
8283,8532,166.014
8283,8533,61.975
8283,17119,108.454
8284,8270,98.632
8284,8314,29.698
8284,8329,89.048
8284,13149,36.263
8285,8242,24.731
8285,8293,76.277
8285,8322,18.832
8286,8307,283.371
8286,8445,50.540
8286,8446,137.472
8287,8262,10.986
8287,8310,3.468
8287,14722,382.838
8288,8295,33.851
8288,8299,86.054
8288,12074,8.074
8289,8232,58.015
8289,8277,6.252
8289,8328,48.971
8290,8240,70.186
8290,8312,100.249
8290,8345,83.402
8291,8316,120.005
8292,8229,24.906
8292,8250,124.698
8292,8303,52.653
8293,8285,76.277
8293,8462,12.066
8294,14133,104.706
8294,15466,61.602
8295,8267,89.035
8295,8288,33.851
8295,8333,70.491
8295,8524,18.848
8296,8337,78.411
8296,15216,28.226
8296,16409,40.782
8297,8233,95.729
8297,8236,54.400
8297,8465,107.619
8298,8231,29.550
8298,8274,4.265
8298,8530,20.821
8299,8267,30.483
8299,8288,86.054
8299,12896,57.978
8300,8322,139.342
8301,8325,34.050
8301,13152,48.470
8301,13153,107.585
8302,8257,24.437
8302,15149,8.719
8303,8242,22.679
8303,8292,52.653
8303,8328,92.428
8304,8269,26.323
8305,8229,5.956
8305,8233,117.087
8305,8236,36.041
8306,8240,57.582
8306,8257,69.012
8307,8286,283.371
8308,8411,283.984
8309,8264,109.506
8309,8271,5.576
8309,8324,79.836
8310,8277,103.374
8310,8287,3.468
8310,8322,15.902
8311,12073,121.693
8312,8247,291.269
8312,8257,46.671
8312,8290,100.249
8313,8244,53.585
8313,8274,84.114
8313,8282,22.963
8314,8245,209.594
8314,8284,29.698
8314,8317,67.813
8315,8278,146.203
8315,8332,57.451
8315,8334,71.111
8316,8291,120.005
8316,13150,30.476
8316,16358,37.376
8316,17693,35.803
8317,8234,179.197
8317,8270,27.650
8317,8314,67.813
8318,8247,6.470
8318,8438,153.157
8318,15464,58.882
8319,8264,28.357
8320,8235,35.197
8320,8524,39.181
8320,8527,34.943
8321,8415,61.589
8322,8285,18.832
8322,8300,139.342
8322,8310,15.902
8323,8228,11.470
8323,8348,18.492
8323,8362,83.441
8324,8309,79.836
8325,8248,207.423
8325,8280,33.899
8325,8301,34.050
8326,8413,54.819
8326,8420,20.993
8326,8423,92.389
8326,15464,15.533
8327,8262,10.875
8328,8289,48.971
8328,8303,92.428
8328,8461,60.376
8329,8284,89.048
8330,8258,38.126
8330,8331,280.601
8330,8356,45.583
8331,8330,280.601
8331,8382,295.906
8332,8315,57.451
8332,8426,13.911
8333,8295,70.491
8333,12074,28.381
8333,16727,237.109
8334,8278,133.471
8334,8315,71.111
8334,17601,11.524
8335,8228,179.223
8335,8252,58.503
8335,8259,13.330
8336,8228,36.940
8336,8252,167.664
8336,8364,282.284
8337,8242,66.526
8337,8269,16.952
8337,8296,78.411
8338,8531,51.260
8338,12896,7.499
8338,16359,61.892
8339,8340,29.882
8340,8259,24.468
8340,8339,29.882
8340,8349,24.689
8341,8240,38.336
8341,8259,34.700
8341,8344,48.014
8342,8349,27.078
8343,8347,54.664
8344,8341,48.014
8344,8347,24.400
8344,8349,41.978
8345,8290,83.402
8345,8348,31.718
8346,8347,47.348
8346,8349,25.334
8347,8343,54.664
8347,8344,24.400
8347,8346,47.348
8348,8323,18.492
8348,8345,31.718
8349,8340,24.689
8349,8342,27.078
8349,8344,41.978
8349,8346,25.334
8350,8360,19.896
8350,8362,21.814
8350,8386,70.631
8351,8377,69.069
8351,8379,56.936
8351,8381,13.938
8352,8379,62.698
8353,8372,41.513
8354,8358,434.458
8354,8377,55.570
8355,8372,45.300
8356,8330,45.583
8356,13167,39.714
8356,15103,86.239
8357,8258,20.291
8357,8361,34.073
8357,8451,93.282
8359,8374,17.600
8360,8350,19.896
8360,8369,9.815
8360,8374,22.615
8361,8357,34.073
8361,8365,19.354
8361,8376,28.148
8362,8323,83.441
8362,8350,21.814
8362,8374,22.275
8363,8364,64.340
8363,8380,87.248
8363,8386,119.817
8364,8336,282.284
8364,8363,64.340
8364,17782,32.356
8365,8361,19.354
8366,8372,65.164
8366,8373,12.886
8366,13329,60.894
8367,8384,29.138
8368,8375,63.153
8368,8381,4.385
8369,8360,9.815
8370,13330,28.359
8370,17504,20.088
8371,8381,28.615
8372,8353,41.513
8372,8355,45.300
8372,8366,65.164
8373,8366,12.886
8373,17663,210.101
8374,8359,17.600
8374,8360,22.615
8374,8362,22.275
8374,8385,37.383
8375,8368,63.153
8375,8379,20.790
8375,15103,15.901
8376,8361,28.148
8376,8378,32.688
8376,8384,10.862
8377,8351,69.069
8377,8354,55.570
8377,8379,27.467
8378,8376,32.688
8379,8351,56.936
8379,8352,62.698
8379,8375,20.790
8379,8377,27.467
8380,8228,192.287
8380,8363,87.248
8380,8386,33.174
8381,8351,13.938
8381,8368,4.385
8381,8371,28.615
8382,8331,295.906
8382,17783,24.912
8383,8384,28.381
8384,8367,29.138
8384,8376,10.862
8384,8383,28.381
8385,8374,37.383
8386,8350,70.631
8386,8363,119.817
8386,8380,33.174
8387,8388,12.709
8387,11976,99.630
8387,14138,1325.704
8388,8387,12.709
8388,9195,162.877
8389,8391,71.390
8389,8404,37.627
8389,15188,80.832
8389,16731,43.784
8390,8393,23.683
8391,8389,71.390
8391,13318,51.343
8392,8395,51.077
8392,8401,104.146
8393,8390,23.683
8393,8914,324.654
8393,9048,473.722
8394,8408,40.100
8395,8392,51.077
8395,11968,84.045
8395,11974,222.184
8396,8403,90.072
8396,8404,58.175
8397,8159,85.809
8397,8400,45.892
8397,8407,106.588
8398,8405,18.436
8398,8912,8.246
8398,8913,19.343
8399,8400,43.294
8399,8910,19.007
8399,8913,39.662
8400,8397,45.892
8400,8399,43.294
8400,8907,16.307
8400,8911,37.706
8401,8392,104.146
8402,8932,22.860
8402,8933,44.497
8403,8212,111.203
8403,12923,61.549
8404,8389,37.627
8404,13317,5.695
8405,8398,18.436
8406,358,473.643
8406,8178,191.832
8406,8407,146.913
8407,8397,106.588
8407,8406,146.913
8407,13318,137.214
8408,358,273.196
8408,8394,40.100
8408,13319,177.674
8409,8912,15.086
8409,12924,62.775
8410,8510,8.804
8411,12083,99.302
8411,17520,28.320
8412,8413,288.196
8413,8230,26.377
8413,8326,54.819
8413,8412,288.196
8414,8422,41.605
8415,8230,21.398
8415,8321,61.589
8415,8421,303.756
8416,8418,38.467
8417,15461,67.746
8418,8416,38.467
8418,8420,31.784
8418,8422,30.414
8419,8420,27.083
8419,14846,7.689
8420,8326,20.993
8420,8418,31.784
8420,8419,27.083
8421,8415,303.756
8422,8414,41.605
8422,8418,30.414
8422,15461,94.846
8423,8326,92.389
8423,8428,33.994
8424,8430,55.400
8425,8249,29.446
8425,8426,39.712
8425,8428,87.179
8426,8332,13.911
8426,8425,39.712
8426,8429,103.577
8427,8431,15.459
8428,8423,33.994
8428,8425,87.179
8428,8432,54.821
8429,8426,103.577
8429,8431,35.065
8429,8435,29.075
8430,8230,54.851
8430,8424,55.400
8430,8432,29.232
8431,8249,54.094
8431,8427,15.459
8431,8429,35.065
8432,8273,24.121
8432,8428,54.821
8432,8430,29.232
8433,8435,31.770
8434,8435,16.933
8435,8429,29.075
8435,8433,31.770
8435,8434,16.933
8436,8447,40.271
8437,8440,47.396
8437,8455,51.171
8437,17600,53.162
8438,8318,153.157
8439,8456,105.177
8440,8437,47.396
8441,8448,48.042
8441,8449,100.668
8441,12149,115.951
8442,8443,91.848
8442,12149,15.898
8443,8256,83.040
8443,8442,91.848
8443,8450,69.003
8444,8449,14.796
8445,8286,50.540
8445,8448,157.499
8445,8452,87.832
8446,8286,137.472
8446,8451,82.708
8446,17514,52.980
8447,8436,40.271
8447,8448,41.818
8447,8452,32.607
8448,8441,48.042
8448,8445,157.499
8448,8447,41.818
8449,8441,100.668
8449,8444,14.796
8449,8456,57.407
8450,8443,69.003
8450,12149,35.140
8450,13327,136.247
8451,8357,93.282
8451,8446,82.708
8451,8453,75.933
8452,8445,87.832
8452,8447,32.607
8452,8456,30.327
8453,8451,75.933
8454,8253,117.874
8454,8258,54.934
8454,15490,242.860
8455,8253,67.941
8455,8260,113.112
8455,8437,51.171
8456,8439,105.177
8456,8449,57.407
8456,8452,30.327
8457,8458,95.584
8458,8243,32.046
8458,8457,95.584
8458,8473,7.905
8459,8465,24.943
8459,8472,34.217
8460,8232,50.600
8460,8461,9.060
8460,8473,56.753
8461,8328,60.376
8461,8460,9.060
8461,8467,23.687
8462,8293,12.066
8463,8464,54.827
8463,8466,10.486
8463,8472,2.346
8464,8463,54.827
8465,8279,68.142
8465,8297,107.619
8465,8459,24.943
8466,8463,10.486
8467,8250,20.377
8467,8461,23.687
8467,8471,48.406
8468,8250,47.703
8469,8233,16.085
8469,8470,34.443
8469,8472,21.450
8470,8469,34.443
8471,8467,48.406
8472,8459,34.217
8472,8463,2.346
8472,8469,21.450
8473,8276,108.482
8473,8458,7.905
8473,8460,56.753
8474,8477,116.492
8474,8509,126.946
8474,16883,42.608
8475,8477,268.861
8475,8494,10.078
8475,8502,32.821
8476,8477,53.834
8477,8474,116.492
8477,8475,268.861
8477,8476,53.834
8478,8509,26.769
8478,11801,121.175
8479,8490,269.927
8480,8482,93.523
8480,8485,55.831
8481,8488,117.952
8482,8484,80.414
8482,8492,20.617
8483,8492,140.358
8484,8482,80.414
8485,8480,55.831
8486,8487,56.265
8486,8491,53.936
8487,8486,56.265
8488,8261,217.586
8488,8481,117.952
8489,8491,47.335
8490,8479,269.927
8490,8494,46.660
8490,8495,86.613
8491,8489,47.335
8491,12082,17.279
8492,8483,140.358
8492,8488,44.213
8493,8486,46.787
8493,8505,28.187
8494,8475,10.078
8494,8490,46.660
8494,8495,39.186
8495,8490,86.613
8495,8494,39.186
8496,8498,55.533
8496,8499,31.135
8496,8504,14.005
8497,8499,35.285
8498,8496,55.533
8499,8496,31.135
8499,8497,35.285
8499,8505,12.907
8500,8505,44.046
8501,8502,34.668
8502,8475,32.821
8502,8501,34.668
8502,8504,21.166
8503,8504,42.221
8504,8496,14.005
8504,8502,21.166
8504,8503,42.221
8505,8493,28.187
8505,8499,12.907
8505,8500,44.046
8506,8510,92.160
8507,8509,57.140
8508,8511,1309.345
8509,8474,126.946
8509,8478,26.769
8509,8507,57.140
8510,8506,92.160
8510,15183,26.309
8511,8410,60.479
8511,8508,1309.345
8512,16883,91.428
8513,8521,102.268
8514,8519,100.070
8515,8271,30.146
8515,8518,52.834
8515,8520,4.122
8516,8520,35.482
8516,8522,76.132
8517,8522,60.017
8518,8515,52.834
8519,8255,4.959
8519,8514,100.070
8519,8521,35.532
8520,8515,4.122
8520,8516,35.482
8520,8522,36.534
8521,8271,81.317
8521,8513,102.268
8521,8519,35.532
8522,8516,76.132
8522,8517,60.017
8522,8520,36.534
8523,8528,14.359
8524,8295,18.848
8524,8320,39.181
8524,8527,73.896
8524,8529,49.900
8525,8530,41.390
8526,8529,71.924
8527,8241,12.328
8527,8320,34.943
8527,8524,73.896
8528,8241,28.239
8528,8255,55.986
8528,8523,14.359
8529,8268,33.572
8529,8524,49.900
8529,8526,71.924
8530,8267,28.805
8530,8298,20.821
8530,8525,41.390
8531,8338,51.260
8531,8533,39.970
8531,17120,47.066
8532,8283,166.014
8533,8283,61.975
8533,8531,39.970
8533,12073,8.950
8534,370,32.897
8535,8004,28.361
8535,8130,166.205
8535,8536,71.971
8536,8535,71.971
8537,8126,18.904
8537,8140,9.592
8537,8540,44.223
8538,7898,50.996
8538,8547,37.859
8538,8549,16.939
8539,7879,11.093
8539,7898,19.792
8539,8543,38.195
8540,8537,44.223
8540,8563,135.991
8540,14313,31.937
8541,8545,12.856
8542,8544,27.653
8542,8545,11.556
8542,8546,20.675
8543,8539,38.195
8544,7864,44.913
8544,8126,2.127
8544,8542,27.653
8545,8541,12.856
8545,8542,11.556
8545,14755,95.563
8546,8542,20.675
8547,8538,37.859
8548,7885,30.901
8548,14755,49.285
8549,8538,16.939
8550,8551,17.526
8550,8553,30.741
8550,8556,23.130
8551,7885,43.235
8551,7888,21.767
8551,8550,17.526
8552,8554,29.322
8552,8556,32.380
8552,14755,20.317
8552,14756,52.294
8553,8550,30.741
8554,8552,29.322
8555,8556,19.468
8556,8550,23.130
8556,8552,32.380
8556,8555,19.468
8557,7888,9.010
8557,8559,32.652
8557,8560,25.302
8558,8565,37.029
8559,8557,32.652
8559,8561,30.049
8559,8610,8.733
8560,8557,25.302
8561,8559,30.049
8561,8569,26.671
8561,14756,23.252
8562,8563,78.212
8562,8564,31.498
8562,8566,123.480
8563,8540,135.991
8563,8562,78.212
8564,8562,31.498
8565,8558,37.029
8565,8567,31.124
8565,14756,6.795
8566,7895,25.177
8566,8562,123.480
8566,8568,69.460
8567,8565,31.124
8568,7897,9.148
8568,8566,69.460
8568,8570,26.002
8569,8561,26.671
8570,8568,26.002
8571,1919,181.202
8572,7896,123.535
8572,8573,146.353
8572,15031,328.822
8573,8572,146.353
8574,15030,64.776
8574,16680,76.623
8575,8007,166.982
8576,8008,68.454
8577,8590,39.343
8577,8592,69.267
8577,8593,42.129
8578,8588,208.599
8578,15779,195.827
8579,8586,183.404
8580,8595,26.487
8581,8582,142.229
8582,8046,75.585
8582,8581,142.229
8582,8595,172.699
8583,8584,62.971
8583,8587,25.699
8583,15779,20.501
8584,8583,62.971
8585,451,145.073
8585,8588,342.381
8585,16679,88.313
8586,8047,39.721
8586,8579,183.404
8586,16307,81.681
8587,8583,25.699
8588,449,86.787
8588,8585,342.381
8589,8591,106.899
8590,8577,39.343
8591,8589,106.899
8591,8592,177.209
8591,16678,118.247
8592,452,78.518
8592,8577,69.267
8592,8591,177.209
8592,8651,187.531
8593,8577,42.129
8594,8595,44.176
8595,8580,26.487
8595,8582,172.699
8595,8594,44.176
8596,198,175.034
8596,13201,52.037
8597,13202,71.523
8598,13755,17.922
8599,448,25.684
8599,8600,101.775
8599,8601,93.292
8600,7893,68.803
8600,8599,101.775
8600,13755,53.221
8601,7896,74.647
8601,8599,93.292
8601,13755,130.766
8602,7897,37.941
8602,8603,79.428
8602,8604,27.993
8602,8631,26.036
8603,8602,79.428
8604,8602,27.993
8604,8605,18.279
8604,8610,35.086
8605,8604,18.279
8605,8611,17.590
8605,8632,36.063
8606,7870,48.153
8606,7881,60.220
8606,8626,90.177
8607,8614,34.580
8607,8623,33.945
8607,8625,9.172
8608,7881,62.332
8608,7900,36.555
8608,8624,26.219
8609,8615,30.473
8609,8621,26.276
8609,8625,59.936
8610,7897,24.555
8610,8559,8.733
8610,8604,35.086
8611,8605,17.590
8612,8624,52.261
8613,7892,80.945
8614,7870,10.818
8614,8607,34.580
8614,8617,44.007
8615,7891,36.753
8615,8609,30.473
8615,8619,21.339
8616,8625,30.631
8617,7886,47.028
8617,8614,44.007
8617,8623,14.095
8618,7890,41.748
8619,8615,21.339
8619,8621,27.737
8619,8627,11.173
8620,8624,48.797
8621,7879,34.632
8621,8609,26.276
8621,8619,27.737
8622,8629,12.847
8623,8607,33.945
8623,8617,14.095
8623,8630,11.846
8624,8608,26.219
8624,8612,52.261
8624,8620,48.797
8625,8607,9.172
8625,8609,59.936
8625,8616,30.631
8626,8606,90.177
8627,7885,25.003
8627,7890,61.595
8627,8619,11.173
8628,7890,59.556
8628,7892,48.529
8628,8629,53.781
8629,7887,30.628
8629,8622,12.847
8629,8628,53.781
8630,8623,11.846
8631,7887,48.294
8631,8602,26.036
8631,8632,123.472
8632,7888,31.852
8632,8605,36.063
8632,8631,123.472
8633,8048,436.574
8633,8637,34.769
8633,8646,36.817
8634,8652,24.892
8634,13757,141.340
8634,13824,77.915
8635,8645,53.375
8635,8665,30.277
8635,8672,71.678
8636,8647,95.751
8636,13756,70.006
8636,13795,22.945
8637,8633,34.769
8637,8639,33.885
8637,11873,40.301
8638,8048,303.190
8639,8637,33.885
8639,8653,27.197
8639,11873,41.964
8640,8648,27.600
8640,8649,74.733
8640,13795,19.138
8641,8665,53.840
8642,8653,177.661
8643,8654,37.547
8644,8648,51.246
8644,8660,27.112
8644,13756,40.998
8644,13822,21.897
8645,8635,53.375
8646,8633,36.817
8646,8664,92.587
8646,8667,57.228
8646,11873,37.757
8647,8636,95.751
8647,8655,28.596
8647,17304,45.521
8648,8640,27.600
8648,8644,51.246
8648,8650,88.345
8649,8640,74.733
8649,13757,91.522
8649,13795,90.990
8650,8648,88.345
8650,13822,19.058
8650,13824,2.852
8651,8592,187.531
8652,8634,24.892
8652,8658,44.824
8652,8671,20.375
8653,8639,27.197
8653,8642,177.661
8653,8721,22.608
8654,8643,37.547
8654,8662,26.300
8654,8663,28.114
8655,8647,28.596
8655,8665,35.106
8655,17303,28.429
8656,8664,47.448
8656,13822,64.407
8656,13823,21.912
8657,8660,6.839
8657,8662,52.575
8657,13756,20.677
8658,8652,44.824
8658,13823,109.775
8659,8670,60.461
8659,15142,84.344
8660,8644,27.112
8660,8657,6.839
8660,8664,89.961
8661,8659,71.606
8661,8667,29.583
8662,8654,26.300
8662,8657,52.575
8662,8670,28.241
8663,8654,28.114
8663,8667,82.474
8663,8670,24.190
8664,8646,92.587
8664,8656,47.448
8664,8660,89.961
8665,8635,30.277
8665,8641,53.840
8665,8655,35.106
8666,8667,45.101
8667,8646,57.228
8667,8661,29.583
8667,8663,82.474
8667,8666,45.101
8668,452,222.133
8668,8048,45.242
8668,8669,120.272
8669,8668,120.272
8670,8659,60.461
8670,8662,28.241
8670,8663,24.190
8671,8652,20.375
8672,448,126.370
8672,452,209.449
8672,8635,71.678
8673,8824,30.459
8673,13812,45.450
8673,15802,69.005
8674,8675,21.666
8674,8812,24.214
8674,8831,71.009
8675,8674,21.666
8675,13797,161.997
8676,8698,81.559
8676,8788,3.560
8676,13792,61.981
8677,8813,42.984
8677,8814,22.275
8677,8834,38.371
8678,12921,35.641
8678,13812,11.788
8678,17286,134.931
8679,8680,27.851
8679,12921,168.736
8680,8679,27.851
8681,8683,65.693
8681,8691,180.718
8681,8817,29.913
8682,7894,4.452
8682,8697,106.408
8682,13754,47.236
8683,8681,65.693
8683,8801,124.647
8683,8828,34.511
8684,8709,38.349
8684,8744,24.646
8684,8759,15.940
8685,8695,52.821
8685,8737,34.235
8685,8785,1.214
8686,7873,21.422
8686,7877,73.488
8686,8737,51.026
8687,8690,55.445
8687,8700,51.483
8687,8729,28.438
8688,8707,42.714
8688,8738,38.712
8688,8750,50.271
8688,10039,48.169
8689,7873,74.496
8689,7880,14.186
8689,8728,48.825
8690,8687,55.445
8690,8700,19.478
8690,13814,33.545
8691,8681,180.718
8691,8702,154.676
8691,8787,121.068
8692,8699,31.677
8692,8706,30.237
8692,8712,53.761
8692,8724,42.242
8693,7877,67.043
8693,8695,19.104
8693,13800,45.270
8694,8700,43.992
8694,8703,19.308
8694,8707,110.275
8695,8685,52.821
8695,8693,19.104
8695,8805,30.135
8696,448,157.833
8696,14565,110.938
8696,14984,95.258
8697,8682,106.408
8697,8738,52.287
8697,10039,28.351
8697,14565,56.974
8698,8676,81.559
8698,8779,71.576
8698,8801,85.278
8698,8814,39.294
8699,8692,31.677
8699,8715,236.733
8699,13814,29.323
8700,8687,51.483
8700,8690,19.478
8700,8694,43.992
8700,13815,38.007
8701,10039,29.378
8702,7868,238.039
8702,8691,154.676
8702,13800,99.527
8703,8694,19.308
8703,8708,51.343
8704,7894,57.799
8704,8733,32.562
8704,8738,90.935
8705,8748,35.355
8705,8800,47.202
8705,13749,75.625
8705,13752,65.103
8706,8692,30.237
8706,8769,49.593
8706,8770,17.152
8706,13815,61.855
8707,8688,42.714
8707,8694,110.275
8707,8770,39.549
8708,8703,51.343
8709,8684,38.349
8709,8732,28.571
8709,8785,41.989
8709,8794,20.731
8710,8717,21.822
8710,8720,77.115
8710,13794,40.207
8711,8714,46.864
8711,8718,58.536
8711,8762,44.620
8712,8692,53.761
8713,8717,122.119
8713,8719,100.882
8713,14640,23.723
8714,8711,46.864
8714,8715,33.472
8714,13813,46.948
8715,8699,236.733
8715,8714,33.472
8715,8727,35.546
8715,8811,30.845
8716,8720,37.257
8716,8722,32.606
8716,8726,36.383
8717,8710,21.822
8717,8713,122.119
8717,8725,25.333
8718,8711,58.536
8718,8724,57.762
8718,8763,95.355
8719,8713,100.882
8719,8723,17.570
8719,8823,19.338
8720,8710,77.115
8720,8716,37.257
8720,8727,77.742
8721,8653,22.608
8721,8726,63.636
8721,8729,243.553
8722,8716,32.606
8723,8719,17.570
8723,8725,56.528
8724,8692,42.242
8724,8718,57.762
8724,8755,64.947
8724,8769,38.133
8725,8717,25.333
8725,8723,56.528
8725,8727,54.537
8726,8716,36.383
8726,8721,63.636
8727,8715,35.546
8727,8720,77.742
8727,8725,54.537
8728,8689,48.825
8728,8739,54.642
8728,8744,24.645
8729,8687,28.438
8729,8721,243.553
8729,14984,13.152
8730,8735,31.863
8730,8739,34.526
8730,8742,97.194
8731,8736,40.675
8731,8738,32.035
8731,8742,7.426
8732,8709,28.571
8732,8734,31.465
8732,8741,18.807
8733,7884,26.162
8733,8704,32.562
8733,8742,79.851
8734,8732,31.465
8734,8741,60.711
8734,8744,11.608
8735,8730,31.863
8735,8743,35.267
8735,8749,50.101
8735,8764,43.512
8736,8731,40.675
8737,8685,34.235
8737,8686,51.026
8737,8740,32.574
8738,8688,38.712
8738,8697,52.287
8738,8704,90.935
8738,8731,32.035
8739,8728,54.642
8739,8730,34.526
8739,8743,23.884
8740,8737,32.574
8741,7873,45.761
8741,8732,18.807
8741,8734,60.711
8742,8730,97.194
8742,8731,7.426
8742,8733,79.851
8743,8735,35.267
8743,8739,23.884
8743,8759,9.877
8744,8684,24.646
8744,8728,24.645
8744,8734,11.608
8745,8748,5.650
8745,8761,46.865
8745,8768,11.437
8746,8750,52.663
8746,8777,27.910
8746,13816,18.602
8747,8753,76.857
8747,8756,38.839
8747,8767,19.763
8747,8768,20.164
8748,8705,35.355
8748,8745,5.650
8748,8776,31.617
8749,8735,50.101
8749,8750,38.584
8749,8771,42.727
8750,8688,50.271
8750,8746,52.663
8750,8749,38.584
8751,8754,8.292
8751,8775,19.337
8751,8798,37.734
8752,8773,25.245
8753,8747,76.857
8753,8775,32.590
8753,8796,16.244
8754,8751,8.292
8755,8724,64.947
8755,8757,22.690
8755,8767,38.468
8756,8747,38.839
8756,8761,30.098
8756,8765,6.019
8757,8755,22.690
8757,8765,55.374
8757,8772,44.785
8758,8761,19.327
8759,8684,15.940
8759,8743,9.877
8759,8773,28.247
8760,8773,50.375
8760,8794,11.636
8760,8804,17.468
8761,8745,46.865
8761,8756,30.098
8761,8758,19.327
8762,8711,44.620
8762,13789,14.909
8762,13813,21.798
8763,8718,95.355
8763,8767,56.907
8763,8775,29.802
8764,8735,43.512
8764,8765,73.014
8764,8771,54.840
8765,8756,6.019
8765,8757,55.374
8765,8764,73.014
8766,8769,17.424
8766,8770,50.395
8766,8777,8.426
8767,8747,19.763
8767,8755,38.468
8767,8763,56.907
8768,8745,11.437
8768,8747,20.164
8768,8776,47.168
8769,8706,49.593
8769,8724,38.133
8769,8766,17.424
8770,8706,17.152
8770,8707,39.549
8770,8766,50.395
8771,8749,42.727
8771,8764,54.840
8771,8772,37.143
8771,13816,24.135
8772,8757,44.785
8772,8771,37.143
8772,8774,21.104
8773,8752,25.245
8773,8759,28.247
8773,8760,50.375
8774,8772,21.104
8774,8777,17.069
8774,13816,28.513
8775,8751,19.337
8775,8753,32.590
8775,8763,29.802
8776,8748,31.617
8776,8768,47.168
8776,8796,51.212
8777,8746,27.910
8777,8766,8.426
8777,8774,17.069
8778,8785,30.280
8778,8794,39.120
8778,8797,37.242
8779,8698,71.576
8779,8791,11.915
8779,8836,15.422
8780,8795,54.817
8780,8798,3.113
8780,13790,58.915
8781,8786,57.840
8782,8784,81.466
8782,8787,48.607
8782,13752,48.743
8783,8788,57.012
8784,8782,81.466
8784,8789,19.232
8784,8808,18.194
8785,8685,1.214
8785,8709,41.989
8785,8778,30.280
8786,8781,57.840
8786,8788,17.910
8786,8800,21.469
8787,8691,121.068
8787,8782,48.607
8787,8789,90.017
8788,8676,3.560
8788,8783,57.012
8788,8786,17.910
8789,8784,19.232
8789,8787,90.017
8789,8792,48.062
8790,8802,31.635
8790,8803,26.750
8790,13801,18.906
8791,8779,11.915
8791,13788,14.786
8791,13793,36.775
8792,8789,48.062
8793,8800,38.086
8794,8709,20.731
8794,8760,11.636
8794,8778,39.120
8795,8780,54.817
8795,8811,50.329
8795,8835,1.458
8796,8753,16.244
8796,8776,51.212
8796,13790,46.390
8797,8778,37.242
8797,8806,23.479
8797,13801,42.484
8798,8751,37.734
8798,8780,3.113
8798,13813,33.280
8799,8805,55.629
8799,13800,27.102
8800,8705,47.202
8800,8786,21.469
8800,8793,38.086
8801,8683,124.647
8801,8698,85.278
8801,8807,105.432
8802,8790,31.635
8802,8804,47.754
8803,8790,26.750
8803,13749,59.290
8803,13752,69.382
8804,8760,17.468
8804,8802,47.754
8804,13749,45.593
8805,8695,30.135
8805,8799,55.629
8805,8806,3.002
8806,8797,23.479
8806,8805,3.002
8806,8808,41.506
8807,8801,105.432
8808,8784,18.194
8808,8806,41.506
8808,13801,25.483
8809,10266,118.362
8809,11919,89.682
8809,14589,40.060
8809,15244,104.585
8810,13762,102.862
8811,8715,30.845
8811,8795,50.329
8811,8818,72.223
8812,8674,24.214
8812,8819,28.489
8812,8832,36.786
8813,8677,42.984
8813,8825,43.011
8813,8831,59.065
8814,8677,22.275
8814,8698,39.294
8814,8829,68.944
8815,8823,41.863
8815,8827,4.799
8815,8833,39.176
8816,8828,180.154
8816,8834,57.260
8817,8681,29.913
8817,8828,63.818
8817,15800,13.456
8818,8811,72.223
8818,8830,43.798
8818,8835,15.306
8819,8812,28.489
8819,8822,9.173
8819,8827,83.270
8820,8824,69.285
8820,13799,26.774
8821,8823,112.945
8822,8819,9.173
8823,8719,19.338
8823,8815,41.863
8823,8821,112.945
8823,8830,36.778
8824,8673,30.459
8824,8820,69.285
8824,13798,32.236
8825,8813,43.011
8825,8826,31.027
8825,8827,26.663
8826,8825,31.027
8827,8815,4.799
8827,8819,83.270
8827,8825,26.663
8828,8683,34.511
8828,8816,180.154
8828,8817,63.818
8829,8814,68.944
8830,8818,43.798
8830,8823,36.778
8830,8833,39.990
8831,8674,71.009
8831,8813,59.065
8831,8834,40.117
8832,8812,36.786
8833,8815,39.176
8833,8830,39.990
8833,8836,55.202
8834,8677,38.371
8834,8816,57.260
8834,8831,40.117
8835,8795,1.458
8835,8818,15.306
8835,8836,47.843
8836,8779,15.422
8836,8833,55.202
8836,8835,47.843
8837,8847,7.942
8837,8849,60.136
8837,8863,49.899
8838,8846,41.912
8839,8855,135.207
8839,8859,30.965
8839,8872,97.193
8840,8846,31.217
8840,8854,41.482
8840,8865,33.039
8841,8844,47.972
8841,8853,150.752
8841,17461,20.820
8842,8845,13.876
8842,8856,73.928
8842,17462,19.789
8843,8846,57.606
8843,8866,94.242
8843,12016,66.372
8843,16815,52.696
8844,8841,47.972
8844,8850,19.686
8844,17462,32.806
8845,8842,13.876
8845,8850,17.816
8845,8856,59.181
8846,8838,41.912
8846,8840,31.217
8846,8843,57.606
8847,8837,7.942
8847,8848,25.142
8847,8869,158.715
8848,8847,25.142
8848,8852,48.492
8848,8861,34.346
8849,8837,60.136
8849,8851,152.825
8849,8865,21.309
8850,8844,19.686
8850,8845,17.816
8850,8872,125.116
8851,3635,91.132
8851,8849,152.825
8851,8869,72.201
8852,8848,48.492
8852,8858,34.489
8852,8863,34.646
8853,8841,150.752
8853,8857,193.859
8853,8872,28.550
8854,8840,41.482
8855,8839,135.207
8855,8869,90.574
8855,17462,65.508
8856,8842,73.928
8856,8845,59.181
8856,8868,11.418
8857,8853,193.859
8857,8859,49.146
8857,8867,35.235
8858,8852,34.489
8858,8861,49.047
8859,8839,30.965
8859,8857,49.146
8859,8861,31.931
8860,3635,57.263
8860,8864,91.488
8860,16815,84.917
8861,8848,34.346
8861,8858,49.047
8861,8859,31.931
8862,357,135.969
8862,8866,66.776
8862,8870,133.734
8863,8837,49.899
8863,8852,34.646
8863,8873,83.619
8864,8860,91.488
8864,8870,68.613
8864,16813,87.012
8865,8840,33.039
8865,8849,21.309
8865,8873,47.149
8866,8843,94.242
8866,8862,66.776
8866,16813,47.565
8867,8857,35.235
8867,8871,303.750
8868,8856,11.418
8869,8847,158.715
8869,8851,72.201
8869,8855,90.574
8870,3601,288.833
8870,8862,133.734
8870,8864,68.613
8871,357,233.840
8871,11984,14.184
8871,12016,6.453
8872,8839,97.193
8872,8850,125.116
8872,8853,28.550
8873,8863,83.619
8873,8865,47.149
8873,15189,11.905
8874,8891,37.235
8874,12882,227.807
8874,17695,41.842
8875,8876,34.171
8876,8875,34.171
8876,8894,42.272
8876,12412,5.912
8877,8887,96.132
8877,8891,68.092
8877,9737,17.103
8878,8905,114.860
8878,9651,125.836
8878,9949,37.187
8879,10273,280.394
8880,8881,83.194
8880,11607,406.689
8880,17677,25.602
8881,8880,83.194
8881,8886,151.980
8881,16956,28.238
8882,9562,230.973
8882,16700,273.418
8883,8890,43.446
8883,9609,49.479
8883,13550,22.177
8884,15945,47.807
8884,15953,53.253
8884,15954,17.450
8885,8893,217.163
8885,9562,23.701
8886,8881,151.980
8886,11607,146.667
8886,16857,75.542
8887,8877,96.132
8887,9643,12.832
8887,15965,72.139
8888,9727,97.451
8888,12885,106.574
8888,13838,12.782
8889,8896,60.770
8889,9727,189.276
8889,13857,60.176
8890,8883,43.446
8890,8897,106.250
8890,9561,76.762
8891,8874,37.235
8891,8877,68.092
8891,16091,257.543
8892,9616,223.674
8892,9717,67.139
8892,12046,53.121
8893,8882,20.010
8893,16699,10.130
8894,8876,42.272
8894,8896,89.803
8894,14450,40.464
8895,8899,324.907
8895,9608,266.247
8895,13849,23.598
8895,15954,118.860
8896,8889,60.770
8896,8894,89.803
8896,13857,140.582
8897,8890,106.250
8897,8901,255.309
8897,13549,157.751
8898,10343,67.984
8898,15980,12.791
8898,15981,67.463
8899,8895,324.907
8899,13550,18.543
8899,13566,123.311
8900,9643,55.566
8900,9730,151.142
8900,12046,102.442
8901,8897,255.309
8901,13516,45.170
8901,13518,3.229
8902,8905,96.217
8902,9651,23.149
8902,17677,187.180
8903,11607,49.486
8903,12166,84.225
8903,13838,65.618
8904,3329,24.954
8904,9720,42.859
8904,14362,72.509
8905,8878,114.860
8905,8902,96.217
8905,9636,189.381
8905,12064,35.946
8906,12064,180.969
8906,12068,273.411
8906,15446,14.751
8907,8400,16.307
8908,8913,17.424
8909,8912,42.204
8910,8399,19.007
8911,8400,37.706
8912,8398,8.246
8912,8409,15.086
8912,8909,42.204
8913,8398,19.343
8913,8399,39.662
8913,8908,17.424
8914,7944,120.154
8914,8393,324.654
8915,358,20.938
8915,7933,13.429
8915,7935,13.774
8916,9039,18.073
8916,9053,32.048
8916,13325,169.250
8917,13323,75.195
8918,8920,45.943
8918,8936,30.502
8918,8945,35.759
8919,8925,51.762
8919,8928,184.279
8919,8936,33.765
8919,8945,30.979
8920,8918,45.943
8920,8927,43.380
8920,8943,54.402
8921,8923,9.904
8921,8929,21.812
8921,8944,42.686
8922,8923,113.222
8922,8926,65.759
8922,13326,53.346
8923,8921,9.904
8923,8922,113.222
8923,8924,60.852
8924,8923,60.852
8924,8928,68.757
8924,8936,10.528
8925,8919,51.762
8926,8922,65.759
8926,8928,47.659
8926,8934,23.092
8927,8920,43.380
8927,8932,51.380
8927,8945,46.256
8928,8919,184.279
8928,8924,68.757
8928,8926,47.659
8929,8921,21.812
8930,8932,211.785
8930,8934,96.492
8930,8935,86.264
8931,8937,90.853
8931,8971,142.727
8931,8974,52.804
8931,14357,37.185
8932,8402,22.860
8932,8927,51.380
8932,8930,211.785
8933,8937,12.791
8933,9043,132.007
8934,8926,23.092
8934,8930,96.492
8935,8930,86.264
8936,8918,30.502
8936,8919,33.765
8936,8924,10.528
8937,8402,46.831
8937,8931,90.853
8937,8933,12.791
8938,8940,30.857
8939,7935,49.200
8939,8940,250.523
8940,8938,30.857
8940,8939,250.523
8940,8941,200.084
8941,7913,11.515
8941,8940,200.084
8942,8943,56.053
8943,8920,54.402
8943,8942,56.053
8943,9053,65.906
8944,8921,42.686
8945,8918,35.759
8945,8919,30.979
8945,8927,46.256
8946,8960,204.388
8946,11956,41.391
8947,8955,17.454
8947,8956,54.852
8948,8949,41.000
8948,8964,53.097
8948,8976,36.868
8949,8948,41.000
8949,8951,35.540
8949,12971,27.090
8950,8962,55.232
8950,8972,27.160
8950,12972,16.227
8951,8949,35.540
8951,8953,51.670
8951,8973,54.629
8952,8955,33.973
8952,8961,41.825
8952,8964,26.386
8952,11956,55.073
8953,8951,51.670
8954,8956,36.061
8954,8957,45.404
8954,8963,38.191
8955,8947,17.454
8955,8952,33.973
8955,8977,54.647
8956,8947,54.852
8956,8954,36.061
8956,8977,19.677
8957,8954,45.404
8957,8970,40.192
8957,8971,59.774
8958,8962,26.936
8958,8972,56.495
8958,11956,41.733
8959,8965,7.956
8959,8966,14.818
8960,8971,50.933
8960,13482,81.983
8961,8952,41.825
8961,8969,28.366
8961,12973,11.405
8962,8950,55.232
8962,8958,26.936
8962,12973,15.559
8963,8954,38.191
8963,8970,45.297
8963,8975,48.550
8964,8948,53.097
8964,8952,26.386
8964,8966,37.044
8964,8969,41.480
8965,8959,7.956
8965,8975,35.606
8965,8976,59.097
8966,8959,14.818
8966,8964,37.044
8966,8976,50.420
8967,8968,37.886
8967,8974,44.819
8967,8975,24.095
8968,8967,37.886
8969,8961,28.366
8969,8964,41.480
8969,12971,26.864
8970,8957,40.192
8970,8963,45.297
8970,8974,73.161
8971,8931,142.727
8971,8957,59.774
8971,8960,50.933
8972,8950,27.160
8972,8958,56.495
8972,11955,51.007
8973,8951,54.629
8973,12971,52.565
8973,12972,66.124
8974,8931,52.804
8974,8967,44.819
8974,8970,73.161
8975,8963,48.550
8975,8965,35.606
8975,8967,24.095
8976,8948,36.868
8976,8965,59.097
8976,8966,50.420
8977,8955,54.647
8977,8956,19.677
8977,11956,31.929
8978,8984,8.568
8978,8986,182.539
8978,8989,68.182
8979,8991,112.147
8979,8998,59.899
8979,9002,9.417
8980,3590,155.021
8980,8987,237.594
8980,8999,179.665
8981,3569,210.392
8981,8986,217.760
8982,9004,43.206
8982,9019,46.457
8982,14379,130.545
8983,3544,27.004
8983,9001,160.941
8983,9018,66.678
8984,3673,238.169
8984,8978,8.568
8984,11896,9.578
8985,8987,216.780
8985,8988,109.294
8985,8989,34.242
8986,8978,182.539
8986,8981,217.760
8986,8987,70.318
8987,8980,237.594
8987,8985,216.780
8987,8986,70.318
8988,8985,109.294
8988,8991,28.651
8988,8995,70.119
8989,8978,68.182
8989,8985,34.242
8989,8990,71.711
8990,8989,71.711
8990,8995,141.852
8990,8996,70.156
8991,8979,112.147
8991,8988,28.651
8991,8992,72.103
8992,8991,72.103
8992,8995,30.226
8992,8997,123.777
8993,8155,15.428
8993,8995,71.065
8993,8996,143.723
8994,8150,14.573
8994,8993,149.603
8994,8997,73.550
8995,8988,70.119
8995,8990,141.852
8995,8992,30.226
8995,8993,71.065
8996,8990,70.156
8996,11944,13.005
8996,13478,75.457
8997,8992,123.777
8997,8994,73.550
8997,9012,16.854
8998,8979,59.899
8998,8999,15.603
8998,9006,96.986
8999,8980,179.665
8999,8998,15.603
8999,9000,50.733
9000,8999,50.733
9001,8983,160.941
9001,9017,16.432
9001,9019,41.129
9002,8979,9.417
9002,9003,102.117
9002,9012,46.504
9003,9002,102.117
9003,9006,65.559
9003,9007,59.888
9004,8982,43.206
9004,14379,169.869
9004,16712,55.998
9005,9006,71.131
9006,8998,96.986
9006,9003,65.559
9006,9005,71.131
9007,9003,59.888
9008,9009,97.703
9008,9070,19.946
9009,9008,97.703
9009,9012,63.309
9009,16728,75.818
9010,9027,206.329
9010,16728,44.378
9011,9008,74.079
9011,16728,113.284
9012,8997,16.854
9012,9002,46.504
9012,9009,63.309
9013,9023,132.388
9014,9021,35.198
9014,12917,101.417
9014,15050,66.903
9015,9021,42.657
9015,15133,36.166
9015,17830,88.313
9016,9028,46.096
9016,9031,37.010
9016,9032,4.036
9017,9001,16.432
9017,9025,18.663
9018,8983,66.678
9018,9023,82.355
9018,9024,53.488
9019,8982,46.457
9019,9001,41.129
9019,9031,132.417
9020,9031,72.159
9021,9014,35.198
9021,9015,42.657
9021,15051,67.313
9022,9030,18.417
9023,9013,132.388
9023,9018,82.355
9023,9030,85.684
9024,9018,53.488
9024,9026,111.882
9024,12917,23.227
9025,9017,18.663
9026,9024,111.882
9027,9010,206.329
9027,15133,161.073
9028,9016,46.096
9029,9030,29.349
9030,9022,18.417
9030,9023,85.684
9030,9029,29.349
9031,9016,37.010
9031,9019,132.417
9031,9020,72.159
9031,14379,44.050
9032,9016,4.036
9033,9040,50.286
9033,9050,72.989
9033,9055,129.594
9034,530,128.875
9034,9047,70.642
9034,11980,9.662
9035,9036,112.186
9035,9065,72.478
9035,9136,175.998
9036,9035,112.186
9036,9047,213.978
9036,9057,88.358
9036,9075,72.955
9037,9040,164.529
9037,9042,150.362
9037,9043,15.394
9038,9050,124.646
9038,9055,60.428
9038,9058,211.584
9039,8916,18.073
9039,9048,39.449
9039,9051,152.094
9040,9033,50.286
9040,9037,164.529
9040,9042,62.051
9041,9051,51.354
9041,9053,154.329
9041,9156,10.942
9042,9037,150.362
9042,9040,62.051
9042,9056,75.137
9043,9037,15.394
9043,11894,13.591
9043,13479,75.127
9044,9049,92.518
9045,9058,109.992
9045,9062,67.976
9045,9071,117.406
9045,9078,72.865
9046,9055,94.622
9046,9156,79.398
9046,14358,70.013
9047,9034,70.642
9047,9036,213.978
9047,9136,27.203
9048,8393,473.722
9048,9039,39.449
9048,9086,175.991
9049,9044,92.518
9049,9050,50.706
9049,9056,63.544
9050,9033,72.989
9050,9038,124.646
9050,9049,50.706
9050,9074,68.889
9051,9039,152.094
9051,9041,51.354
9051,9086,3.252
9052,9011,114.678
9052,9057,14.158
9053,8916,32.048
9053,8943,65.906
9053,9041,154.329
9054,530,10.536
9054,9034,128.324
9055,9033,129.594
9055,9038,60.428
9055,9046,94.622
9056,8155,88.749
9056,9042,75.137
9056,9049,63.544
9056,9068,68.872
9057,9036,88.358
9057,9052,14.158
9057,11966,112.644
9058,9038,211.584
9058,9045,109.992
9058,9119,64.382
9059,9060,33.913
9059,9063,66.673
9059,9066,8.650
9060,9059,33.913
9060,9074,36.573
9060,9077,32.880
9061,9068,19.195
9061,9072,34.267
9061,9076,45.282
9062,9045,67.976
9062,9063,68.395
9062,9074,67.773
9063,9059,66.673
9063,9062,68.395
9063,9076,48.763
9064,9070,16.035
9064,9071,84.404
9064,9073,70.804
9065,9035,72.478
9065,9075,112.888
9065,9078,64.491
9066,9059,8.650
9066,9068,36.735
9066,9069,65.575
9067,9071,70.940
9067,9073,85.989
9067,9075,64.107
9067,9078,114.983
9068,9056,68.872
9068,9061,19.195
9068,9066,36.735
9069,9066,65.575
9070,8994,58.279
9070,9064,16.035
9071,9045,117.406
9071,9064,84.404
9071,9067,70.940
9071,9076,70.767
9072,9061,34.267
9073,9057,137.828
9073,9067,85.989
9074,9050,68.889
9074,9060,36.573
9074,9062,67.773
9075,9036,72.955
9075,9065,112.888
9075,9067,64.107
9076,9061,45.282
9076,9063,48.763
9076,9071,70.767
9077,9060,32.880
9078,9045,72.865
9078,9065,64.491
9078,9067,114.983
9079,9082,52.590
9079,9100,70.875
9079,9129,67.168
9080,9082,73.120
9080,9099,55.492
9080,9100,53.592
9081,9093,16.562
9082,9079,52.590
9082,9080,73.120
9082,9097,46.633
9083,9085,86.780
9083,9100,104.595
9083,9109,42.851
9084,9091,171.282
9084,9092,33.477
9084,12102,4.762
9085,9083,86.780
9085,9173,43.182
9085,9177,44.354
9086,9048,175.991
9086,9051,3.252
9086,9090,51.162
9087,9092,51.369
9087,9096,30.987
9087,12100,17.605
9088,9186,141.022
9088,9691,6.397
9088,15418,312.530
9089,9093,180.145
9090,9086,51.162
9090,9109,233.754
9090,9129,61.075
9091,9084,171.282
9092,9084,33.477
9092,9087,51.369
9092,12101,20.231
9092,12103,29.118
9093,9081,16.562
9093,9089,180.145
9093,9097,23.312
9094,9097,48.399
9095,9101,22.945
9095,9162,70.307
9095,9173,9.181
9096,9087,30.987
9096,12467,35.933
9096,12468,72.192
9097,9082,46.633
9097,9093,23.312
9097,9094,48.399
9098,9181,31.270
9098,9185,20.323
9098,16713,17.756
9099,9080,55.492
9100,9079,70.875
9100,9080,53.592
9100,9083,104.595
9101,9095,22.945
9101,9118,64.628
9101,9121,52.753
9102,9113,140.034
9102,9120,35.637
9102,9128,65.993
9103,9123,100.957
9103,9164,14.858
9103,9171,40.248
9104,9112,32.410
9104,9123,72.894
9104,9125,16.823
9105,9107,36.765
9105,9120,64.185
9105,9128,36.971
9106,9153,32.093
9107,9105,36.765
9107,9119,57.287
9107,9153,41.299
9108,9115,78.438
9108,9116,69.766
9108,9174,67.999
9109,9083,42.851
9109,9090,233.754
9109,9129,183.514
9110,9114,56.874
9110,9117,61.816
9110,9127,47.684
9111,9113,66.814
9112,9104,32.410
9112,9123,42.884
9113,9102,140.034
9113,9111,66.814
9113,9126,109.620
9114,9110,56.874
9114,9126,40.361
9114,9143,43.060
9115,9108,78.438
9115,9131,64.830
9115,9134,59.678
9116,9108,69.766
9116,9134,82.147
9116,9177,34.117
9117,9110,61.816
9117,9149,87.279
9118,9101,64.628
9118,9164,9.553
9118,9178,80.253
9119,9058,64.382
9119,9107,57.287
9119,9120,24.342
9120,9102,35.637
9120,9105,64.185
9120,9119,24.342
9121,9101,52.753
9122,9178,8.842
9123,9103,100.957
9123,9104,72.894
9123,9112,42.884
9124,9128,81.019
9125,9104,16.823
9125,9166,74.256
9125,10041,95.285
9126,9113,109.620
9126,9114,40.361
9126,9127,56.626
9127,9110,47.684
9127,9126,56.626
9127,9132,31.648
9128,9102,65.993
9128,9105,36.971
9128,9124,81.019
9128,9167,13.605
9129,9079,67.168
9129,9090,61.075
9129,9109,183.514
9130,9134,29.835
9131,9115,64.830
9132,9127,31.648
9132,10041,16.945
9133,9174,114.786
9134,9115,59.678
9134,9116,82.147
9134,9130,29.835
9135,9137,8.644
9136,9035,175.998
9136,9047,27.203
9136,9137,32.978
9137,9135,8.644
9137,9136,32.978
9137,9138,18.006
9138,9137,18.006
9139,9148,39.931
9139,9150,59.125
9139,9185,5.496
9140,9151,14.112
9141,9147,32.275
9141,16713,39.015
9142,9151,35.984
9143,9114,43.060
9143,9146,161.739
9143,9151,40.809
9144,9150,135.645
9145,9590,216.049
9145,9691,158.949
9145,16714,55.898
9146,9143,161.739
9146,15156,39.364
9147,9141,32.275
9148,9139,39.931
9149,9117,87.279
9150,9139,59.125
9150,9144,135.645
9150,9172,45.192
9151,9140,14.112
9151,9142,35.984
9151,9143,40.809
9152,9153,39.621
9152,9154,13.292
9153,9106,32.093
9153,9107,41.299
9153,9152,39.621
9154,9152,13.292
9154,9155,137.299
9154,9168,102.853
9155,9154,137.299
9155,9158,144.507
9155,16818,37.274
9156,9041,10.942
9156,9046,79.398
9156,9158,42.679
9157,9158,60.982
9158,9155,144.507
9158,9156,42.679
9158,9157,60.982
9159,9161,46.125
9160,16909,31.254
9161,9159,46.125
9161,9162,23.829
9161,9168,42.731
9162,9095,70.307
9162,9161,23.829
9163,9165,36.767
9164,9103,14.858
9164,9118,9.553
9164,9165,48.935
9165,9163,36.767
9165,9164,48.935
9165,16909,6.389
9166,9125,74.256
9167,9128,13.605
9167,10041,31.023
9168,9154,102.853
9168,9161,42.731
9169,9172,54.107
9170,9171,22.900
9171,9103,40.248
9171,9170,22.900
9171,9172,14.955
9171,9183,24.861
9172,9150,45.192
9172,9169,54.107
9172,9171,14.955
9173,9085,43.182
9173,9095,9.181
9173,9180,62.872
9174,9108,67.999
9174,9133,114.786
9174,9179,53.995
9175,9176,81.364
9175,9180,19.372
9176,9175,81.364
9176,9178,17.362
9177,9085,44.354
9177,9116,34.117
9177,9180,32.604
9178,9118,80.253
9178,9122,8.842
9178,9176,17.362
9179,9174,53.995
9180,9173,62.872
9180,9175,19.372
9180,9177,32.604
9181,9098,31.270
9182,9186,37.098
9183,9171,24.861
9184,17809,11.745
9185,9098,20.323
9185,9139,5.496
9185,9187,20.355
9186,9088,141.022
9186,9182,37.098
9186,16713,28.845
9187,9185,20.355
9188,9192,139.812
9188,9194,71.049
9188,15837,143.552
9189,9190,29.316
9189,9191,35.814
9190,9189,29.316
9190,9193,90.599
9191,7901,466.466
9191,9189,35.814
9191,11968,69.300
9192,9188,139.812
9193,9190,90.599
9194,9188,71.049
9194,16167,158.198
9195,8388,162.877
9195,9197,48.582
9195,17796,10.128
9196,4,21.375
9197,7,114.186
9197,7917,78.165
9197,9195,48.582
9198,7,19.859
9199,9202,33.343
9199,9368,11.061
9199,16927,113.980
9200,9199,12.218
9200,9368,8.731
9200,9943,195.027
9201,9203,178.926
9201,9779,243.172
9201,9787,57.820
9202,9199,33.343
9202,10016,155.751
9202,14809,102.835
9203,9201,178.926
9203,9375,9.527
9203,9781,34.127
9203,12944,9.232
9204,9209,42.673
9204,10538,249.656
9204,13392,222.628
9205,9207,466.768
9206,9205,80.314
9206,9210,32.118
9207,11901,74.227
9208,11647,82.555
9209,9204,42.673
9209,13393,667.863
9210,9209,219.925
9210,9536,222.266
9211,9208,344.469
9211,12147,16.839
9212,12147,610.135
9213,9217,79.986
9213,9220,12.857
9213,14060,28.149
9214,9215,52.781
9214,9937,131.377
9214,15530,58.253
9215,9214,52.781
9215,9370,13.361
9215,13009,233.681
9215,14064,173.707
9216,9217,51.774
9216,14061,78.965
9216,15530,45.210
9217,9213,79.986
9217,9216,51.774
9217,9224,23.150
9217,15502,58.725
9218,17415,260.961
9219,9374,17.608
9219,9870,132.069
9219,9872,78.581
9219,17415,84.893
9220,9213,12.857
9220,9223,9.152
9220,9929,93.955
9221,9223,45.226
9221,14057,25.981
9221,14058,72.660
9222,10537,79.518
9222,14000,166.408
9222,14784,9.065
9223,9220,9.152
9223,9221,45.226
9223,14055,107.869
9224,9217,23.150
9224,9232,50.040
9225,9940,86.318
9225,13994,58.250
9225,14784,168.467
9226,12691,61.073
9226,12709,63.603
9226,14023,94.369
9226,15592,79.715
9227,10017,119.507
9227,14000,106.437
9227,14002,31.831
9228,9233,34.067
9229,11935,33.140
9229,13068,72.365
9230,9234,36.108
9230,9239,173.727
9230,12934,93.158
9231,9235,50.625
9231,9237,27.672
9231,13692,78.284
9232,9224,50.040
9232,13009,99.797
9232,17051,11.018
9233,9228,34.067
9234,9230,36.108
9234,11826,41.860
9234,14807,131.911
9235,9231,50.625
9235,9241,290.480
9235,11901,10.356
9235,14807,132.432
9236,12725,36.681
9236,14713,58.821
9236,17051,89.107
9237,9231,27.672
9237,9238,12.016
9237,13315,89.535
9237,13689,59.961
9238,9237,12.016
9238,11797,95.549
9238,11799,12.034
9239,9230,173.727
9239,9241,95.007
9239,9243,82.576
9240,16570,957.094
9241,9235,290.480
9241,9239,95.007
9241,9245,52.261
9242,9368,343.839
9243,9239,82.576
9243,11939,52.889
9243,16440,79.319
9244,14020,146.341
9244,14713,46.101
9244,15115,36.144
9245,9241,52.261
9245,10537,244.541
9245,10540,172.501
9246,9269,21.292
9246,11632,10.537
9246,11852,99.096
9247,9260,122.711
9247,9864,29.605
9247,15545,39.466
9248,13314,15.016
9248,14434,40.239
9249,11656,32.903
9249,12869,153.563
9249,16158,31.898
9250,10527,68.941
9250,11656,43.179
9250,11930,67.837
9251,12590,77.911
9251,12861,29.533
9252,9256,64.689
9252,9266,126.917
9252,11821,37.912
9252,11927,36.377
9253,9261,31.171
9253,12811,29.559
9254,199,33.046
9255,9273,462.883
9255,13667,9.054
9256,9252,64.689
9256,10527,81.110
9256,16868,25.482
9257,11632,98.409
9257,11852,10.233
9258,12177,34.332
9258,15129,59.903
9258,17622,27.234
9259,9901,105.711
9259,12630,22.666
9259,12635,42.216
9260,9247,122.711
9260,9264,143.462
9260,10406,32.061
9261,9257,32.005
9261,11851,9.490
9262,9267,20.675
9262,12865,10.912
9263,9274,58.114
9263,12432,80.831
9263,13662,16.065
9264,9260,143.462
9264,9270,89.983
9264,12305,155.463
9265,9270,68.507
9265,9978,139.694
9265,12789,63.900
9266,9252,126.917
9266,10528,23.281
9266,11870,34.934
9267,9255,67.328
9268,200,188.153
9268,13665,196.071
9269,9246,21.292
9269,9274,11.248
9269,12637,185.828
9270,9264,89.983
9270,9265,68.507
9270,16710,36.907
9270,16765,47.611
9271,9981,4.620
9271,11671,52.126
9271,14779,122.793
9272,9253,30.586
9274,9263,58.114
9274,9269,11.248
9274,12431,86.564
9275,528,114.855
9275,14892,16.586
9276,3105,21.295
9276,3109,188.924
9277,9280,140.528
9277,9801,12.671
9277,15975,54.406
9278,9399,26.672
9278,9402,12.167
9278,9403,112.500
9279,10365,25.675
9279,13733,62.997
9279,16026,26.146
9280,9277,140.528
9280,10351,22.509
9280,12757,15.235
9281,10355,136.460
9282,9285,10.998
9282,10392,27.417
9282,13727,101.519
9283,9399,61.027
9283,10385,33.807
9283,10444,23.292
9284,9395,107.940
9284,10353,105.248
9284,10551,113.976
9285,9282,10.998
9285,13726,108.412
9285,13733,34.792
9286,10360,25.468
9286,10386,7.263
9286,10551,106.800
9287,9395,78.056
9287,10019,24.401
9288,463,38.677
9289,256,38.180
9289,9292,492.472
9290,465,128.060
9290,10980,57.028
9291,921,81.265
9291,923,20.388
9292,9289,492.472
9292,9293,56.530
9293,9288,16.104
9294,8191,16.372
9295,9289,46.161
9296,9300,37.549
9296,17621,75.487
9297,223,29.076
9297,9296,81.917
9297,9298,17.065
9297,17629,20.264
9298,12926,15.787
9299,4229,276.458
9299,4230,31.105
9300,223,24.685
9301,6495,96.021
9302,78,378.515
9302,9297,23.393
9302,9452,26.095
9303,1865,79.042
9304,9305,123.916
9304,17686,35.669
9305,9306,258.371
9306,106,29.085
9307,1870,16.087
9308,3053,122.144
9308,3055,20.542
9308,11610,95.569
9309,11739,291.799
9309,12688,14.642
9310,444,285.477
9311,9317,91.083
9312,201,194.571
9312,444,428.512
9313,9317,112.016
9314,11650,93.692
9315,3112,415.332
9316,17625,24.924
9317,15329,77.464
9318,10095,310.109
9320,1388,8.952
9320,9321,11.750
9320,11654,311.080
9321,1375,34.744
9321,9319,353.497
9321,9320,11.750
9322,6928,423.249
9322,9327,20.482
9323,9325,12.975
9323,10530,147.676
9324,184,13.261
9325,9324,14.278
9325,17626,111.942
9326,6923,13.603
9326,9322,403.049
9327,10531,46.313
9328,14579,139.780
9329,9454,12.535
9329,17239,33.865
9330,9323,329.946
9330,11819,12.535
9331,9330,141.791
9332,9331,27.026
9332,11618,14.741
9333,9338,21.815
9333,12685,46.018
9333,17179,150.444
9334,9337,19.215
9334,9355,74.831
9334,11768,50.028
9334,13576,71.680
9335,9344,9.065
9335,16540,7.637
9335,16542,20.780
9336,9337,74.986
9336,9341,86.610
9336,9348,205.677
9337,9334,19.215
9337,9336,74.986
9337,9340,71.735
9337,9344,190.710
9338,9333,21.815
9338,9360,26.400
9338,14613,243.597
9339,9350,61.810
9339,9352,78.186
9339,11759,64.997
9339,12684,155.208
9340,9337,71.735
9340,9353,68.619
9340,13576,19.928
9340,16436,42.436
9341,9336,86.610
9341,9348,265.357
9341,9363,42.441
9342,9358,6.462
9342,11770,96.084
9343,9354,176.203
9343,11785,249.184
9343,11835,66.126
9344,9335,9.065
9344,9337,190.710
9344,9348,82.057
9345,9361,66.533
9345,11783,78.748
9345,11784,76.798
9345,14330,145.149
9346,9352,73.157
9346,11757,63.140
9346,11786,259.743
9346,14663,42.374
9347,16436,99.970
9348,9336,205.677
9348,9341,265.357
9348,9344,82.057
9348,12320,29.119
9349,9353,21.761
9349,13576,69.664
9349,17179,66.493
9349,17180,60.739
9350,9339,61.810
9350,12685,21.144
9350,13576,234.097
9351,9360,191.325
9351,9362,71.489
9351,11879,32.458
9351,17180,59.965
9352,9339,78.186
9352,9346,73.157
9352,11758,62.621
9352,11785,261.774
9353,9340,68.619
9353,9349,21.761
9353,11880,61.806
9354,9343,176.203
9354,10231,132.737
9354,11835,173.505
9355,9334,74.831
9355,9363,79.115
9355,11767,70.272
9356,11578,10.216
9356,11580,166.789
9356,16430,51.903
9357,9358,226.057
9357,9359,45.252
9357,11572,95.485
9357,12266,89.169
9358,9357,226.057
9358,11579,137.479
9359,9357,45.252
9359,9360,73.422
9359,9362,206.860
9359,16424,164.316
9360,9338,26.400
9360,9351,191.325
9360,9359,73.422
9361,9345,66.533
9361,12269,33.167
9361,12652,114.600
9361,16893,112.906
9362,9342,23.009
9362,9359,206.860
9363,9341,42.441
9363,9355,79.115
9363,11766,82.727
9364,11561,21.780
9364,11574,8.969
9365,12658,288.383
9366,14376,854.635
9367,9200,7.986
9368,9200,8.731
9368,9242,343.839
9368,9372,8.194
9369,13009,7.858
9369,16519,98.427
9370,9371,18.220
9371,9219,17.497
9372,9377,22.317
9373,9215,10.882
9374,9373,24.017
9375,9367,22.559
9376,14064,159.101
9377,12944,9.942
9378,85,186.708
9378,3018,176.863
9378,8037,138.098
9379,9381,590.610
9380,4611,165.148
9381,17606,12.760
9382,9387,4.905
9383,9453,25.260
9384,9389,9.205
9385,46,39.821
9385,9384,26.809
9386,667,108.220
9386,9382,36.814
9387,9388,19.878
9387,17614,303.626
9388,9385,3.997
9389,9382,23.185
9389,9386,37.438
9390,6014,16.916
9390,13417,186.139
9391,5985,14.721
9391,16558,25.076
9392,14997,9.323
9392,16627,54.390
9393,11489,2397.650
9394,10248,207.002
9394,10251,82.709
9394,16674,10.390
9395,9284,107.940
9395,9287,78.056
9395,9398,38.901
9396,9401,25.352
9396,10384,30.965
9396,13736,27.249
9397,9398,127.184
9397,9401,31.982
9397,10549,32.239
9397,13740,23.516
9398,9395,38.901
9398,9397,127.184
9398,9400,25.691
9398,13739,28.692
9399,9278,26.672
9399,9283,61.027
9399,10384,24.941
9400,9398,25.691
9400,15571,22.759
9401,9396,25.352
9401,9397,31.982
9401,13737,26.551
9401,15569,31.644
9402,9278,12.167
9402,10289,81.543
9403,9404,36.764
9404,16498,96.321
9405,9402,110.835
9406,9405,33.689
9407,4713,9.618
9407,4891,59.166
9407,17774,17.312
9408,704,29.438
9408,4840,24.559
9408,15179,10.132
9409,4689,69.770
9409,4691,59.995
9410,4381,11.197
9410,4735,36.095
9410,4736,30.649
9411,573,9.413
9411,4558,192.313
9412,4549,46.181
9412,4619,68.220
9412,4628,8.925
9413,4571,43.040
9413,9412,61.233
9414,898,10.593
9414,4754,54.037
9414,4764,190.732
9415,4608,9.094
9415,5055,40.297
9415,5056,28.511
9416,139,25.046
9417,4576,24.770
9418,745,163.287
9418,9419,23.362
9419,9418,23.362
9419,13891,2.371
9420,693,5.459
9420,13901,33.657
9420,16415,54.190
9421,6287,11.931
9421,9422,98.601
9421,13028,30.315
9422,9421,98.601
9422,9427,63.715
9422,16415,65.925
9423,694,132.151
9424,9426,30.590
9424,16415,90.437
9425,9426,43.356
9425,15443,62.160
9425,16459,45.792
9426,9424,30.590
9426,9425,43.356
9426,9437,99.893
9427,9422,63.715
9427,16418,69.525
9428,888,101.532
9429,10400,5.054
9430,6262,15.220
9430,6288,37.092
9430,16418,23.247
9431,9439,78.276
9431,16845,44.219
9432,9806,71.088
9432,9809,22.967
9432,12502,18.996
9432,13000,52.714
9433,10398,5.170
9433,10399,8.900
9434,6290,62.865
9434,16418,46.641
9435,9437,43.833
9435,11773,126.378
9435,15443,26.580
9436,9809,28.394
9436,12501,70.428
9436,12999,13.198
9437,9426,99.893
9437,9435,43.833
9437,16846,50.071
9438,14102,42.064
9439,9431,78.276
9439,9440,29.597
9439,9442,53.889
9440,9439,29.597
9440,9441,39.065
9440,9444,88.008
9441,9440,39.065
9441,9443,53.067
9441,15201,23.599
9442,9439,53.889
9442,9445,43.217
9442,14102,24.190
9443,9441,53.067
9444,5016,12.208
9444,9440,88.008
9444,16416,22.208
9445,910,21.882
9445,9442,43.217
9445,16416,15.113
9446,8157,14.849
9446,8199,122.116
9447,3694,42.088
9447,8224,13.471
9448,1582,1016.730
9448,8252,49.422
9448,9450,29.901
9449,9450,52.462
9450,8259,86.518
9450,9448,29.901
9450,9449,52.462
9451,12237,41.026
9451,13135,45.347
9451,14970,32.650
9452,9299,45.147
9453,11555,164.824
9453,15021,10.821
9454,17240,27.601
9455,106,24.937
9456,17455,59.115
9457,250,21.998
9457,9458,53.846
9458,345,15.726
9458,9457,53.846
9459,13365,10.934
9459,14911,11.299
9460,9461,61.563
9461,1586,9.034
9462,12601,253.394
9462,12669,16.287
9462,14811,7.042
9463,14898,6.941
9463,14900,173.949
9464,1055,61.181
9464,14993,10.043
9465,11682,23.253
9466,11688,23.695
9467,90,102.168
9467,17754,36.026
9468,65,6.823
9468,17754,24.873
9469,65,25.692
9469,17746,18.512
9470,302,21.587
9470,9471,291.763
9470,11691,41.217
9471,63,110.409
9472,63,42.961
9473,9466,824.003
9474,8003,173.758
9475,347,19.713
9475,4018,232.596
9476,347,22.756
9476,348,422.325
9477,17813,252.470
9478,17813,281.180
9479,4018,812.186
9480,12334,37.110
9481,9309,211.488
9481,12337,14.785
9482,9480,177.764
9482,12335,39.200
9484,9485,22.203
9484,12606,40.748
9485,9484,22.203
9485,9486,90.881
9486,9485,90.881
9486,9517,98.243
9486,12600,23.567
9487,9488,56.430
9487,12598,21.427
9487,13171,28.478
9488,9487,56.430
9488,12821,24.856
9488,14119,106.700
9489,12406,147.378
9490,12991,34.176
9491,5644,40.279
9491,5674,77.451
9491,5686,20.182
9492,144,13.233
9492,5799,25.998
9492,5839,134.502
9493,4411,22.917
9493,12515,31.574
9494,9272,30.427
9495,12604,49.105
9495,13182,58.201
9495,16373,43.027
9496,9498,167.649
9497,9483,299.144
9497,14676,4.977
9498,9496,167.649
9498,12604,16.014
9498,14676,50.880
9499,4061,34.058
9500,4084,40.998
9500,11742,9.789
9500,11947,64.633
9501,4053,100.530
9501,4061,93.942
9501,13211,25.789
9502,853,97.098
9502,4073,33.133
9502,12539,23.666
9503,762,35.681
9503,9506,35.306
9504,9503,33.018
9504,11730,10.809
9504,12099,101.079
9505,9506,29.560
9505,12660,5.455
9505,12664,19.394
9506,9503,35.306
9506,9505,29.560
9506,15714,55.405
9507,9509,186.323
9508,9509,331.864
9509,9507,186.323
9509,9508,331.864
9509,9511,109.150
9510,9844,79.475
9511,9509,109.150
9511,9512,198.285
9511,10275,79.813
9512,9511,198.285
9513,9462,50.598
9513,12600,135.267
9513,17642,7.327
9514,346,23.817
9515,9514,34.589
9516,13490,22.082
9516,16949,43.797
9517,9485,91.191
9517,9518,96.426
9518,9517,96.426
9518,9520,151.491
9518,12610,47.425
9518,13180,232.079
9519,9497,143.972
9519,9520,202.352
9520,9518,151.491
9520,9519,202.352
9520,12405,268.778
9520,12409,39.234
9521,4030,51.448
9521,12406,302.024
9521,12666,13.858
9522,9524,53.238
9522,12409,94.451
9522,16295,57.544
9523,12406,45.077
9523,13166,73.974
9523,17495,35.737
9524,9522,53.238
9524,16294,14.716
9524,17535,43.640
9525,12408,125.307
9526,9527,72.850
9526,12897,128.925
9527,14124,158.899
9527,14126,14.800
9528,12430,524.857
9529,9530,418.636
9529,9630,3.916
9529,13559,4.698
9530,9529,418.636
9530,9688,36.955
9530,13845,71.451
9531,9688,105.572
9531,9719,344.632
9531,13844,45.570
9532,12655,174.019
9532,13818,49.357
9532,15145,37.609
9533,9566,70.867
9533,13905,78.117
9533,16451,10.068
9534,12118,30.864
9535,11890,128.596
9536,9210,222.266
9536,12147,254.947
9537,13061,28.496
9537,13584,33.336
9537,13585,53.473
9538,9852,3.858
9538,9853,25.053
9538,9863,106.282
9539,9848,24.708
9539,9849,5.031
9539,13698,66.118
9540,13082,74.596
9540,13702,6.631
9541,9542,33.573
9541,9545,41.764
9541,13701,48.383
9542,9541,33.573
9542,9543,28.990
9542,13700,38.140
9543,9542,28.990
9543,13609,96.638
9543,13699,31.041
9544,9839,26.066
9544,9841,33.415
9544,13650,58.161
9545,9541,41.764
9546,9547,9.152
9546,13610,2.898
9547,9546,9.152
9547,13609,4.267
9548,13076,35.748
9548,13601,8.050
9548,13620,72.063
9549,9834,60.434
9549,13077,23.800
9549,15364,8.397
9550,13602,18.686
9551,7926,990.097
9552,11654,254.666
9552,12628,89.624
9553,10124,64.398
9553,10227,177.569
9553,10715,67.804
9554,7015,823.475
9555,9321,20.482
9555,10715,85.253
9556,1388,285.076
9556,8024,42.849
9556,10078,342.908
9557,7936,521.392
9557,12851,49.028
9557,13554,20.951
9558,9559,47.563
9559,9558,47.563
9559,13556,10.465
9559,13557,67.048
9560,9561,10.675
9560,13569,44.847
9560,13571,43.582
9561,8890,76.762
9561,9560,10.675
9561,13567,89.845
9562,8882,230.973
9562,8885,23.701
9562,10469,271.412
9562,11827,215.852
9563,12494,10.910
9564,9604,19.213
9564,12008,167.171
9564,16770,87.558
9565,12327,36.644
9565,12401,30.145
9565,12873,116.044
9566,12129,68.440
9566,16450,9.274
9567,9568,76.387
9567,9569,19.964
9567,15475,205.410
9568,9567,76.387
9568,12012,30.363
9568,16004,111.852
9569,9567,19.964
9569,9573,105.152
9570,14840,81.942
9570,16452,135.578
9570,16453,195.995
9571,9533,63.346
9571,16452,9.888
9572,12872,22.437
9573,12011,74.447
9573,12012,87.695
9573,14839,11.571
9574,12126,47.806
9574,16453,9.659
9575,12003,106.297
9575,14403,99.481
9575,17727,233.597
9576,12877,141.788
9576,14332,68.087
9576,14394,61.271
9577,9583,159.529
9577,15939,11.646
9577,17722,115.409
9578,11969,23.914
9578,15937,39.729
9578,17722,5.279
9579,12021,60.868
9579,14394,103.336
9579,15943,43.519
9580,9586,102.468
9580,12881,83.392
9580,15943,32.150
9581,9584,26.494
9581,12003,97.659
9581,15941,58.226
9582,11999,37.344
9582,14835,48.586
9582,14837,108.247
9583,9577,159.529
9583,11962,96.615
9583,12118,126.371
9584,9581,26.494
9584,17607,16.944
9584,17608,13.219
9585,9588,132.281
9585,12021,47.534
9585,14469,19.492
9586,9580,102.468
9586,12880,42.250
9586,14384,14.414
9587,11962,51.232
9587,11963,51.703
9587,15934,102.389
9588,9585,132.281
9588,12000,38.008
9589,9689,53.925
9589,11963,12.622
9589,17580,34.235
9590,9145,216.049
9590,12139,48.299
9590,14399,14.158
9591,11999,135.468
9591,14399,90.245
9591,14599,13.147
9592,9593,14.987
9592,14469,118.848
9592,14471,28.316
9593,534,104.321
9593,9592,14.987
9593,14832,12.976
9594,9596,39.096
9594,14390,25.023
9594,14475,37.414
9595,533,24.473
9595,9596,61.050
9595,9690,65.274
9596,9594,39.096
9596,9595,61.050
9596,14380,9.801
9597,7939,128.660
9597,7973,56.633
9598,126,505.362
9599,14377,635.870
9600,13827,133.822
9600,14375,49.815
9600,14740,123.293
9601,9631,16.773
9601,11590,238.867
9601,11591,47.192
9602,9688,55.623
9602,11590,191.985
9602,12399,114.412
9602,15525,334.034
9603,11987,35.488
9603,14484,140.117
9603,14740,136.219
9604,9564,19.213
9604,12596,109.715
9604,15477,40.650
9605,9606,20.871
9605,9956,39.302
9605,13100,84.265
9606,9605,20.871
9606,13098,83.049
9606,16966,94.284
9607,9957,403.845
9607,13098,58.154
9607,15555,37.429
9608,8895,266.247
9608,12907,48.048
9608,13853,149.377
9609,8883,49.479
9609,9610,36.836
9610,9609,36.836
9610,9611,5.636
9611,9610,5.636
9611,13551,344.655
9611,15951,65.592
9612,15945,13.757
9612,15947,58.727
9612,16606,130.539
9613,9735,271.392
9613,13512,82.599
9613,13513,129.135
9613,13514,32.473
9614,9615,98.726
9614,13515,55.863
9614,15453,62.299
9615,9614,98.726
9615,9628,263.900
9615,13514,133.461
9616,8892,223.674
9616,9617,32.019
9616,13849,246.611
9616,16606,45.127
9617,9616,32.019
9617,9619,32.887
9618,9623,120.937
9618,9624,53.627
9618,16890,40.147
9619,9617,32.887
9619,9620,12.209
9620,9619,12.209
9620,9625,36.974
9620,9735,40.094
9621,9622,12.342
9621,15453,168.020
9621,15949,49.063
9622,9621,12.342
9622,9628,279.042
9622,12430,408.796
9623,9618,120.937
9623,9626,53.370
9623,17195,51.356
9624,9618,53.627
9624,9626,120.555
9624,9627,53.362
9625,9620,36.974
9625,12026,100.517
9625,15486,36.949
9626,9623,53.370
9626,9624,120.555
9626,9627,170.093
9627,9624,53.362
9627,9626,170.093
9627,9629,101.372
9628,9615,263.900
9628,9622,279.042
9628,9629,21.689
9629,9627,101.372
9629,9628,21.689
9629,9630,145.535
9630,9529,3.916
9630,9629,145.535
9630,16888,416.814
9631,9601,16.773
9631,13560,8.141
9631,13827,210.419
9632,9634,109.927
9632,12960,94.605
9632,12988,70.359
9633,12852,34.820
9633,16266,33.999
9633,17675,79.230
9634,9632,109.927
9634,9635,52.737
9634,9952,20.099
9635,9634,52.737
9635,13007,93.626
9635,15444,31.565
9636,8905,189.381
9636,9746,51.276
9636,12096,83.069
9637,4515,22.102
9637,4527,42.896
9637,17121,17.362
9638,9639,70.313
9638,12056,34.478
9638,15445,16.919
9639,9638,70.313
9639,16328,20.550
9640,9641,19.278
9640,9642,20.356
9640,13860,37.460
9641,9640,19.278
9641,9642,20.608
9641,9758,65.195
9642,9640,20.356
9642,9641,20.608
9642,10068,35.305
9643,8887,12.832
9643,8900,55.566
9643,12411,157.278
9644,14405,310.495
9645,10028,165.729
9645,10456,56.266
9645,14429,59.919
9645,14432,69.192
9646,4524,451.832
9646,9647,159.961
9646,10028,17.544
9647,9646,159.961
9647,14427,76.926
9647,16341,27.110
9648,12984,95.023
9648,12986,24.549
9648,16341,49.923
9649,9650,99.798
9649,12983,112.090
9649,17146,41.648
9650,3493,72.629
9650,9649,99.798
9650,14467,148.861
9651,8878,125.836
9651,8902,23.149
9651,9898,264.624
9652,3484,80.389
9653,1185,248.897
9653,16292,46.211
9653,16974,121.078
9654,92,43.939
9654,2998,42.858
9654,16776,117.806
9655,2995,93.281
9655,2997,80.745
9655,9656,57.138
9656,9655,57.138
9657,1389,12.881
9657,10174,63.185
9657,10688,135.795
9658,9665,20.796
9658,10155,148.509
9658,10170,67.306
9659,8015,144.253
9659,9660,45.393
9659,10053,146.277
9659,10113,69.532
9660,9659,45.393
9660,10107,47.081
9660,16749,88.492
9661,10114,101.781
9661,10195,74.490
9661,13306,31.936
9662,10129,67.538
9662,10133,68.856
9662,10751,37.034
9663,9664,19.138
9663,10134,65.733
9663,10751,85.245
9664,9663,19.138
9664,9666,135.074
9664,10749,90.676
9665,9658,20.796
9665,9666,152.574
9665,10749,115.375
9666,9664,135.074
9666,9665,152.574
9666,10687,50.043
9667,10128,78.104
9667,10797,138.441
9667,14337,68.970
9668,10753,92.770
9668,10754,32.627
9668,14338,22.292
9669,10126,3.451
9669,10790,62.535
9670,10139,126.208
9670,10198,176.882
9670,10711,144.266
9670,17661,57.208
9671,10201,43.284
9671,10786,48.426
9671,13310,53.805
9672,7975,50.073
9672,12121,46.691
9673,14119,405.470
9674,12821,229.085
9675,13170,33.850
9675,14118,127.399
9676,9677,141.836
9677,9676,141.836
9677,14118,55.346
9678,12598,41.279
9678,14121,62.119
9678,16949,88.669
9679,7049,45.455
9679,7054,76.915
9679,14408,55.441
9680,6988,60.463
9680,7121,41.285
9680,7136,42.874
9681,6988,35.720
9681,6999,19.088
9681,7144,50.323
9682,2785,16.157
9682,15912,135.615
9682,17438,7.781
9683,87,22.405
9683,11694,95.564
9684,477,37.080
9684,478,26.273
9685,9687,921.815
9686,17769,11.489
9687,258,13.993
9688,9530,36.955
9688,9531,105.572
9688,9602,55.623
9689,9589,53.925
9689,12139,94.273
9689,17466,58.514
9690,9595,65.274
9690,14471,48.383
9690,14474,46.146
9691,9088,6.397
9691,9145,158.949
9691,17466,147.711
9692,9693,94.757
9692,10674,55.627
9692,10680,14.321
9693,1393,70.763
9693,9692,94.757
9693,10667,106.108
9694,14612,192.805
9695,12659,133.827
9696,12659,237.172
9696,14314,152.299
9696,17716,27.206
9697,208,46.196
9697,12425,74.868
9697,14314,281.967
9698,12287,242.857
9698,12298,350.359
9698,14292,1294.240
9699,6120,25.635
9699,6123,7.042
9699,9700,11.012
9700,9699,11.012
9701,6138,17.254
9701,6212,7.365
9701,9702,37.720
9702,9701,37.720
9703,6124,53.710
9704,6210,13.114
9705,6235,66.881
9706,9707,25.808
9707,6233,23.062
9707,9706,25.808
9707,9709,19.498
9708,9709,18.700
9709,6227,5.124
9709,9707,19.498
9709,9708,18.700
9710,9711,19.045
9711,6121,1.782
9711,6176,57.919
9711,9710,19.045
9712,10282,240.835
9713,3361,190.283
9713,9714,97.802
9713,13867,5.859
9714,3357,211.411
9714,9713,97.802
9714,9741,265.514
9715,3365,118.332
9715,9716,326.155
9715,13867,96.194
9716,3329,163.472
9716,3331,275.763
9716,9715,326.155
9717,8892,67.139
9717,9718,58.607
9717,15965,81.118
9717,15966,48.091
9718,9717,58.607
9718,12029,4.899
9719,9531,344.632
9719,14359,65.887
9719,15516,113.110
9720,8904,42.859
9720,13870,98.133
9720,14361,73.657
9721,14361,21.417
9722,12169,9.513
9722,15554,52.040
9722,16857,16.925
9723,9724,7.855
9723,14801,5.378
9724,9723,7.855
9724,13096,44.473
9724,15553,63.684
9725,13096,138.534
9725,13099,67.146
9725,16959,62.425
9726,9732,90.802
9726,10542,29.742
9726,14800,104.656
9727,8888,97.451
9727,8889,189.276
9727,10542,267.470
9728,13850,6.735
9728,13875,73.219
9728,15956,20.677
9729,9730,114.954
9729,13839,123.475
9729,15950,55.951
9730,8900,151.142
9730,9729,114.954
9730,15947,54.380
9731,9732,37.624
9731,14363,11.841
9732,9726,90.802
9732,9731,37.624
9732,9733,60.953
9732,13850,80.652
9733,9732,60.953
9733,12909,20.081
9733,12912,75.114
9734,15957,36.698
9735,9613,271.392
9735,9620,40.094
9735,15488,83.008
9736,12903,8.655
9736,12905,138.919
9737,8877,17.103
9737,9738,40.863
9737,9739,115.035
9738,9737,40.863
9738,9740,135.507
9738,9741,172.309
9739,9737,115.035
9739,9740,93.973
9739,15966,56.044
9740,9738,135.507
9740,9739,93.973
9740,9741,20.614
9741,9714,265.514
9741,9738,172.309
9741,9740,20.614
9742,9743,27.618
9742,9744,56.229
9742,15444,57.737
9743,9742,27.618
9743,9745,56.977
9743,13008,106.510
9744,9742,56.229
9744,9745,28.527
9745,9743,56.977
9745,9744,28.527
9745,12095,90.823
9746,9636,51.276
9746,9749,127.879
9746,13879,116.327
9747,9751,34.262
9748,9750,57.201
9748,9751,30.411
9748,12097,92.757
9749,9746,127.879
9749,9757,233.794
9749,12056,20.758
9750,9748,57.201
9750,9753,14.957
9750,16316,140.723
9751,9747,34.262
9751,9748,30.411
9751,9752,7.425
9752,9751,7.425
9753,9750,14.957
9753,16314,21.214
9753,16328,96.186
9754,9758,111.599
9754,16314,9.549
9754,16336,131.856
9755,9756,24.157
9755,13879,29.843
9755,15446,139.322
9756,9755,24.157
9757,9749,233.794
9757,9759,8.153
9757,16299,119.683
9758,9641,65.195
9758,9754,111.599
9758,16317,54.185
9759,9757,8.153
9759,9760,14.263
9759,9761,245.286
9760,9759,14.263
9761,4525,81.921
9761,9759,245.286
9761,9762,39.347
9762,9761,39.347
9762,12069,195.915
9762,16781,94.449
9763,9766,39.896
9764,9765,34.781
9765,9764,34.781
9765,9769,80.217
9765,11831,27.100
9766,9763,39.896
9766,12068,91.968
9766,13864,20.125
9767,9768,122.791
9767,12069,96.107
9767,13864,38.742
9768,9767,122.791
9768,12069,21.761
9768,16103,56.265
9769,9765,80.217
9769,11832,85.113
9769,11834,48.991
9769,12065,93.606
9770,11832,27.599
9770,11833,19.327
9770,16103,32.470
9771,3404,42.539
9771,9772,78.225
9771,11834,46.350
9772,9771,78.225
9772,9775,39.293
9772,12065,40.127
9773,9774,12.826
9773,9776,107.305
9774,3403,24.506
9774,9773,12.826
9774,9776,80.653
9775,3403,23.324
9775,3404,90.350
9775,9772,39.293
9776,3408,23.011
9776,9773,107.305
9776,9774,80.653
9776,9777,79.940
9777,3405,18.441
9777,3406,39.534
9777,9776,79.940
9778,12945,416.980
9779,9201,243.172
9779,9780,33.645
9779,14004,145.456
9780,9779,33.645
9780,9784,111.425
9780,12945,109.422
9781,9203,34.127
9781,9782,96.886
9781,9884,98.336
9782,9781,96.886
9782,9783,111.542
9782,9785,80.527
9783,9782,111.542
9784,9780,111.425
9784,9786,175.558
9784,12051,59.199
9785,9782,80.527
9785,9884,84.629
9785,9885,60.030
9786,9784,175.558
9786,9787,135.078
9786,10450,117.687
9786,12050,47.410
9787,9201,57.820
9787,9786,135.078
9787,9788,14.643
9788,9787,14.643
9788,9884,131.731
9788,12943,18.323
9789,4511,56.131
9789,12043,118.667
9790,4511,52.277
9791,9792,52.977
9791,11596,2.797
9791,17636,50.889
9792,9791,52.977
9792,9794,16.541
9792,9795,45.074
9793,4517,93.221
9793,9794,44.515
9793,11595,74.270
9794,9792,16.541
9794,9793,44.515
9794,9795,35.697
9794,17643,57.531
9795,9792,45.074
9795,9794,35.697
9795,15858,46.195
9795,15860,16.051
9796,9797,124.025
9796,11593,27.491
9796,15860,30.792
9797,9796,124.025
9797,11639,49.537
9798,9800,169.676
9798,10440,91.978
9798,13891,116.185
9799,10441,21.800
9800,9798,169.676
9800,9803,152.530
9800,13719,5.226
9801,9277,12.671
9801,13719,24.124
9801,15975,101.769
9802,10440,26.296
9802,12568,58.132
9802,12993,55.328
9803,9800,152.530
9803,9804,13.650
9803,12993,93.043
9804,9803,13.650
9804,9805,37.885
9804,12569,25.234
9805,9804,37.885
9805,9806,42.135
9805,12570,17.071
9806,9432,71.088
9806,9805,42.135
9806,9808,23.818
9806,12571,17.469
9807,9808,61.525
9807,9810,26.422
9807,12569,20.603
9808,9806,23.818
9808,9807,61.525
9808,9809,68.392
9809,9432,22.967
9809,9436,28.394
9809,9808,68.392
9809,13001,52.812
9810,9807,26.422
9810,10368,57.249
9810,12996,28.158
9811,9812,23.355
9811,9815,50.773
9811,12463,29.023
9812,9811,23.355
9812,12462,29.838
9812,13732,55.033
9813,9814,72.356
9813,13889,2.271
9813,17362,11.918
9814,9813,72.356
9814,13842,2.566
9814,15186,15.955
9815,9811,50.773
9815,9816,201.688
9815,10363,52.343
9816,9815,201.688
9816,9817,67.128
9816,13889,39.268
9817,4891,27.306
9817,9816,67.128
9817,15186,10.761
9818,9819,8.612
9818,10363,31.709
9818,16496,28.689
9819,9818,8.612
9819,10299,77.479
9819,13742,29.070
9820,9821,32.701
9820,10299,87.216
9820,12261,143.164
9821,9820,32.701
9821,9827,84.675
9821,10332,27.022
9822,9824,73.498
9822,12260,20.730
9822,13745,31.619
9823,12260,48.854
9823,13834,28.121
9824,9822,73.498
9824,9825,16.724
9824,9828,65.688
9825,9824,16.724
9825,9826,66.004
9825,12499,28.569
9825,13745,24.976
9826,9825,66.004
9826,12500,29.894
9826,17335,43.638
9827,9821,84.675
9828,9824,65.688
9828,13747,4.890
9828,14980,82.529
9829,12511,5.821
9829,13743,16.916
9829,13747,17.004
9830,12509,13.792
9830,12511,62.098
9830,13744,19.174
9831,9832,36.988
9831,12509,3.317
9831,13006,44.512
9832,9831,36.988
9832,9833,25.127
9832,13005,44.995
9833,9832,25.127
9833,12513,23.651
9833,17349,27.012
9834,9549,60.434
9834,12862,13.777
9834,15361,29.554
9835,9836,129.524
9835,10407,51.002
9835,17372,35.389
9836,9835,129.524
9836,10312,71.564
9836,10405,27.481
9837,9839,31.923
9837,13609,32.170
9837,13648,75.522
9838,9840,92.830
9838,13081,27.846
9838,13698,41.022
9839,9544,26.066
9839,9837,31.923
9839,13649,64.952
9840,9838,92.830
9840,13080,26.566
9840,13647,41.363
9841,9544,33.415
9841,9842,31.507
9841,13652,54.050
9842,9841,31.507
9842,13634,93.465
9842,15612,54.941
9843,10306,50.872
9843,13970,18.905
9843,15593,40.388
9844,9510,79.475
9844,9845,26.860
9844,13082,64.568
9845,9844,26.860
9845,9846,7.681
9845,13083,63.103
9846,9845,7.681
9846,9847,20.848
9846,9859,72.879
9847,9846,20.848
9847,9848,8.770
9847,13697,63.461
9848,9539,24.708
9848,9847,8.770
9848,9860,71.493
9849,9539,5.031
9849,9850,30.443
9849,9861,70.118
9850,9849,30.443
9850,9851,31.516
9850,9862,70.860
9851,9850,31.516
9851,9852,24.383
9851,9863,73.575
9852,9538,3.858
9852,9851,24.383
9852,13647,63.338
9853,9538,25.053
9853,9854,29.436
9853,13648,62.717
9854,9853,29.436
9854,9855,32.553
9854,13649,62.528
9855,9854,32.553
9855,9857,33.564
9855,13651,57.031
9856,9859,89.650
9857,9855,33.564
9857,13638,20.930
9857,15611,46.240
9858,13585,10.285
9858,13633,34.333
9858,13638,6.283
9859,9846,72.879
9859,9856,89.650
9859,9860,30.229
9859,9865,65.489
9860,9848,71.493
9860,9859,30.229
9860,9861,28.648
9860,13088,39.178
9861,9849,70.118
9861,9860,28.648
9861,9862,31.226
9861,13089,40.020
9862,9850,70.860
9862,9861,31.226
9862,9863,29.124
9862,13090,38.804
9863,9538,106.282
9863,9851,73.575
9863,9862,29.124
9863,13091,34.040
9864,9247,29.605
9864,15590,50.571
9864,16774,12.366
9865,9859,65.489
9866,13088,28.873
9867,13089,25.610
9868,13090,22.489
9869,13091,25.071
9870,9219,132.069
9870,9871,41.194
9870,9877,114.370
9871,9870,41.194
9871,9873,156.701
9871,9875,74.989
9872,9219,78.581
9872,9877,148.133
9872,10473,164.189
9873,9871,156.701
9873,9874,66.599
9873,9878,74.288
9874,9873,66.599
9874,12944,296.561
9874,15000,112.144
9875,9871,74.989
9875,9876,74.474
9875,9880,64.779
9876,9875,74.474
9876,9878,70.824
9876,9881,90.553
9877,9870,114.370
9877,9872,148.133
9877,9880,47.542
9878,9873,74.288
9878,9876,70.824
9878,9879,7.851
9879,9878,7.851
9879,9882,105.471
9879,14999,99.770
9880,9875,64.779
9880,9877,47.542
9880,9881,85.558
9881,9876,90.553
9881,9880,85.558
9881,9882,82.750
9882,9879,105.471
9882,9881,82.750
9883,9891,149.679
9884,9781,98.336
9884,9785,84.629
9884,9788,131.731
9885,9785,60.030
9886,15000,137.155
9887,9888,53.262
9888,9887,53.262
9888,9889,42.256
9888,9890,25.024
9889,9888,42.256
9890,9888,25.024
9890,17426,100.022
9891,9883,149.679
9891,9892,19.908
9892,9891,19.908
9892,9893,12.826
9892,16639,53.029
9893,9892,12.826
9893,12044,36.696
9893,17426,17.996
9894,12937,188.028
9894,16290,73.035
9895,9896,42.478
9895,10449,137.969
9896,9895,42.478
9896,9898,134.945
9896,10546,248.657
9897,11737,16.887
9897,12224,32.182
9897,16288,45.338
9898,9651,264.624
9898,9896,134.945
9898,9945,371.133
9899,12630,47.099
9899,15380,7.834
9899,17424,118.045
9900,9904,129.086
9900,11870,28.137
9900,13717,12.059
9901,9259,105.711
9901,15875,135.291
9901,16469,33.910
9902,13019,70.790
9902,14070,103.855
9902,15875,48.462
9902,16378,108.018
9903,9907,25.915
9903,17424,17.791
9903,17702,6.016
9904,9900,129.086
9904,9906,113.150
9904,11869,136.640
9905,9907,47.424
9905,9911,37.497
9905,16860,31.536
9906,9904,113.150
9907,9903,25.915
9907,9905,47.424
9907,15376,28.693
9908,9910,46.602
9908,9991,82.792
9908,15157,105.856
9909,14626,88.930
9909,15374,31.017
9909,17702,133.068
9910,9908,46.602
9910,13016,65.276
9910,15157,36.349
9911,9905,37.497
9911,15378,63.786
9912,12329,50.632
9912,13019,43.488
9912,14069,48.372
9913,11871,104.175
9913,11911,12.444
9913,16866,22.940
9914,9917,91.238
9914,12331,26.469
9914,16861,88.172
9915,9916,115.322
9915,15112,36.044
9915,16861,66.021
9916,9915,115.322
9916,12360,42.058
9917,9914,91.238
9917,12694,42.076
9917,15351,43.381
9918,9922,57.356
9918,9926,105.882
9918,12726,9.797
9919,9922,54.291
9919,12700,55.819
9919,15358,33.422
9920,10006,33.956
9920,13993,87.175
9920,14023,89.571
9921,9931,152.692
9921,12726,38.668
9921,15874,64.688
9922,9918,57.356
9922,9919,54.291
9922,9927,98.640
9923,12697,29.370
9923,14052,37.106
9923,15513,47.313
9924,9933,115.317
9924,9936,109.852
9924,10073,39.770
9925,9928,49.411
9925,12697,44.944
9925,15528,7.678
9926,9918,105.882
9926,9927,47.144
9926,9930,33.851
9927,9922,98.640
9927,9926,47.144
9927,9928,88.430
9928,9925,49.411
9928,9927,88.430
9928,9937,61.871
9929,9220,93.955
9929,14052,28.388
9929,14055,81.045
9930,9926,33.851
9930,9931,11.827
9930,14063,37.893
9931,9921,152.692
9931,9930,11.827
9931,9934,8.718
9932,9935,55.938
9932,13991,34.617
9932,15579,31.404
9933,9924,115.317
9933,9938,72.918
9933,12736,86.034
9934,9931,8.718
9934,14066,54.141
9934,15527,68.317
9935,9932,55.938
9935,9942,135.452
9935,15008,101.882
9936,9924,109.852
9936,9938,42.466
9936,14066,80.802
9937,9214,131.377
9937,9928,61.871
9937,14063,88.899
9937,15198,74.135
9938,9933,72.918
9938,9936,42.466
9938,14068,92.818
9939,15008,10.083
9940,9225,86.318
9940,9941,104.134
9940,12795,71.730
9941,9940,104.134
9941,10048,27.892
9941,17596,35.668
9942,9935,135.452
9942,10015,63.690
9942,13010,62.952
9942,13990,107.794
9943,9200,195.027
9943,12717,82.380
9943,15539,100.979
9944,37,552.381
9944,9945,289.026
9945,9898,371.133
9945,9944,289.026
9945,10448,13.218
9946,11736,17.460
9947,11738,94.070
9947,12746,73.945
9947,17437,7.410
9948,9949,129.357
9949,8878,37.187
9949,9948,129.357
9949,16964,22.251
9950,9951,49.315
9951,9950,49.315
9951,11732,11.460
9951,16258,32.426
9951,16260,67.466
9952,9634,20.099
9952,16254,20.219
9952,16258,67.236
9953,15551,83.273
9954,9955,70.847
9955,9954,70.847
9955,15551,103.708
9955,16962,161.519
9956,9605,39.302
9956,12024,209.581
9956,16962,66.827
9957,9607,403.845
9958,9959,108.972
9958,10302,166.614
9958,10550,105.329
9959,9958,108.972
9959,10326,22.506
9959,10418,34.467
9960,10370,58.534
9960,10380,15.550
9960,16993,23.919
9961,618,36.417
9961,4464,65.890
9961,13978,39.208
9962,10409,37.089
9962,10414,11.317
9962,13031,29.394
9963,10318,124.383
9963,10412,25.919
9963,10414,86.202
9964,9967,76.254
9964,10322,133.012
9964,10372,37.262
9965,4636,45.715
9965,13043,53.098
9965,13973,33.601
9966,10321,38.788
9966,10322,42.220
9966,15518,68.683
9967,9964,76.254
9967,13051,94.391
9967,13655,13.911
9968,9969,6.722
9968,10316,13.960
9968,10318,16.086
9969,9968,6.722
9969,10409,194.217
9969,13661,163.360
9969,17441,30.811
9970,10317,81.404
9970,13049,9.467
9970,13658,25.291
9971,9973,39.607
9971,13658,27.904
9971,13659,40.294
9972,9974,68.495
9972,10312,65.228
9972,15422,57.294
9973,9971,39.607
9973,10315,49.708
9973,17447,87.116
9974,9972,68.495
9974,10313,10.740
9974,13053,3.504
9975,13586,125.164
9975,13587,36.708
9975,13664,7.765
9976,9977,19.240
9976,15545,88.756
9976,15608,32.603
9977,9976,19.240
9977,12817,27.344
9977,15605,28.097
9978,9265,139.694
9978,15605,42.403
9978,17393,85.875
9979,12916,39.326
9979,13064,116.283
9979,13957,43.101
9979,13959,68.857
9980,12817,66.257
9981,9271,4.620
9981,11669,86.797
9981,12790,21.860
9982,13064,10.174
9982,13959,85.519
9982,13960,29.225
9983,12640,17.413
9983,12791,162.964
9983,14433,15.292
9984,12790,120.271
9984,16722,32.203
9985,13063,98.421
9985,13963,21.379
9985,13968,75.980
9986,9988,66.113
9986,9990,63.337
9986,11867,101.648
9986,11930,171.233
9987,9993,105.165
9987,14026,92.005
9987,14028,27.614
9987,17413,90.967
9988,9986,66.113
9988,13095,26.321
9988,16160,9.737
9989,12351,42.398
9989,13968,15.860
9990,9986,63.337
9990,14007,18.985
9990,16166,47.353
9991,9908,82.792
9991,9992,165.142
9991,10529,35.343
9992,9991,165.142
9992,13013,12.275
9992,14046,83.095
9993,9987,105.165
9993,14027,23.492
9993,16164,28.620
9994,9995,19.016
9994,14031,67.610
9994,17398,24.031
9995,9994,19.016
9995,9996,39.431
9995,10003,153.774
9996,9995,39.431
9996,9997,26.226
9996,16683,70.385
9997,9996,26.226
9997,12695,175.084
9997,13093,29.209
9998,10000,90.985
9998,14026,160.985
9998,16164,74.084
9999,11912,26.325
9999,13012,26.923
9999,15563,6.780
10000,9998,90.985
10000,16150,13.428
10000,17402,28.416
10001,10002,156.721
10001,12773,21.511
10001,17402,25.914
10002,10001,156.721
10002,10005,101.038
10002,12653,89.251
10003,9995,153.774
10003,12653,20.765
10003,15178,79.761
10004,10534,187.490
10005,10002,101.038
10005,13985,98.805
10005,13987,22.973
10006,9920,33.956
10006,13987,107.540
10006,17405,28.046
10007,12715,21.460
10007,12830,180.610
10007,13996,60.327
10008,12378,12.187
10008,12707,20.027
10008,15500,76.198
10009,10013,146.663
10009,12692,39.958
10009,17596,42.950
10010,14045,90.488
10010,15115,83.502
10010,15500,64.829
10011,10013,51.480
10012,10013,75.450
10013,10009,146.663
10013,10011,51.480
10013,10012,75.450
10013,14024,17.103
10014,12795,55.084
10014,14003,47.260
10015,9942,63.690
10015,12692,188.088
10015,12935,58.189
10015,12936,107.743
10016,9202,155.751
10016,12721,66.738
10016,14020,25.337
10016,16925,42.593
10017,9227,119.507
10017,12717,151.177
10017,13999,32.699
10018,11979,65.003
10018,14599,155.923
10018,14832,68.652
10019,9278,195.440
10019,10352,35.736
10020,173,119.730
10020,5785,84.544
10020,5971,61.808
10020,11828,79.564
10021,614,33.859
10021,15179,54.698
10022,693,899.471
10023,11063,25.534
10023,11064,111.078
10023,11065,168.986
10024,11129,56.036
10024,11130,28.687
10024,14149,103.650
10024,14150,38.924
10025,12608,21.683
10025,15456,20.240
10025,16902,75.069
10025,16907,59.645
10026,11088,40.824
10026,11102,92.893
10026,11113,37.666
10027,11030,10.100
10027,11031,35.459
10027,11058,66.711
10028,9645,165.729
10028,9646,17.544
10028,12019,14.131
10029,12619,253.989
10030,3346,92.018
10031,16133,31.471
10032,15260,93.681
10033,271,64.773
10033,2004,68.494
10034,11426,76.679
10034,11431,61.425
10034,14201,15.845
10035,10777,7.285
10035,10778,39.331
10036,11379,56.507
10036,11384,49.006
10036,14194,45.175
10037,768,31.914
10037,817,28.466
10037,13035,20.995
10038,13825,57.401
10039,8688,48.169
10039,8697,28.351
10039,8701,29.378
10040,6270,88.018
10040,6289,72.148
10040,6290,39.536
10041,9125,95.285
10041,9132,16.945
10041,9167,31.023
10042,15812,66.817
10043,1424,35.163
10044,17457,57.368
10045,10878,25.123
10045,10879,43.423
10046,11672,44.554
10046,13776,2.979
10047,11179,13.233
10047,11181,45.828
10048,9941,27.892
10048,12834,31.766
10049,1212,34.595
10050,959,19.788
10051,11385,104.441
10051,11457,12.968
10052,11487,161.597
10052,11509,23.363
10053,9659,146.277
10053,10105,58.299
10053,10201,47.366
10054,1404,40.461
10054,1439,31.246
10055,1380,76.514
10055,10168,42.449
10055,10685,81.373
10056,13437,104.350
10056,17518,97.271
10057,12600,53.095
10057,12602,52.660
10057,12605,168.104
10058,4015,178.746
10058,4019,49.525
10058,4024,74.407
10059,4023,23.330
10060,2555,26.517
10060,2557,43.498
10060,2560,2.566
10061,1911,60.561
10061,1912,52.404
10061,15772,24.179
10062,727,74.805
10062,839,1.696
10062,4566,43.212
10063,10064,110.873
10063,17482,85.094
10063,17716,22.539
10064,10063,110.873
10064,10065,71.394
10064,12768,110.239
10065,10064,71.394
10065,10066,108.411
10065,12659,346.309
10066,10065,108.411
10066,10075,11.198
10066,12317,49.121
10067,10074,27.933
10067,10908,106.541
10067,14335,67.811
10068,4525,54.926
10068,9642,35.305
10068,10069,77.392
10069,10068,77.392
10070,710,55.217
10070,764,129.448
10070,12735,27.832
10071,10073,58.508
10071,12732,2.101
10071,15874,59.377
10072,12732,51.831
10072,15884,100.848
10073,9924,39.770
10073,10071,58.508
10073,15874,10.647
10074,10067,27.933
10074,10075,49.369
10075,10066,11.198
10075,10074,49.369
10076,4046,145.056
10076,14687,78.408
10077,10084,74.994
10077,10717,68.991
10077,10736,70.551
10077,11877,80.373
10078,9556,342.908
10078,10080,247.412
10078,10081,103.318
10078,10082,86.442
10079,8024,253.016
10080,8023,171.363
10080,10078,247.412
10080,10099,129.518
10080,10733,39.306
10081,1388,216.262
10081,10078,103.318
10081,10717,7.707
10082,10078,86.442
10082,10724,6.414
10082,10731,61.342
10083,8017,161.913
10083,8022,35.496
10083,10098,26.843
10084,10077,74.994
10084,10724,35.389
10084,10727,64.153
10085,10086,59.879
10085,10096,13.204
10085,10100,56.549
10086,10085,59.879
10086,10088,31.741
10087,10093,40.241
10088,10086,31.741
10089,8014,21.787
10089,10092,42.644
10089,10182,111.981
10090,10094,26.979
10091,10092,9.955
10091,10178,88.727
10092,10089,42.644
10092,10091,9.955
10092,10093,0.830
10093,10087,40.241
10093,10092,0.830
10093,10094,10.109
10094,10090,26.979
10094,10093,10.109
10095,8031,92.076
10095,9318,310.109
10095,10097,147.266
10096,10085,13.204
10096,10097,78.746
10096,10184,44.356
10097,10095,147.266
10097,10096,78.746
10097,10185,20.259
10098,10083,26.843
10098,10112,124.423
10098,10183,29.043
10099,8021,18.065
10099,10080,129.518
10099,10100,21.858
10100,8021,19.419
10100,10085,56.549
10100,10099,21.858
10101,8022,68.631
10101,10102,48.332
10101,10103,68.463
10102,10101,48.332
10102,10108,15.196
10103,10101,68.463
10103,10105,104.488
10103,10109,32.878
10104,13290,88.441
10105,10053,58.299
10105,10103,104.488
10105,13290,85.952
10106,8015,9.674
10106,11517,2.934
10107,9660,47.081
10107,10116,72.816
10107,11516,98.688
10108,10102,15.196
10108,10109,45.522
10108,10111,28.638
10109,10103,32.878
10109,10108,45.522
10109,10110,22.393
10110,10109,22.393
10111,10108,28.638
10111,10112,180.371
10111,10735,146.560
10112,10098,124.423
10112,10111,180.371
10112,10185,53.507
10113,9659,69.532
10113,10193,87.776
10113,10201,153.397
10114,9661,101.781
10114,10794,81.488
10114,16748,10.683
10115,8029,62.336
10115,8034,79.416
10115,17664,53.825
10116,8029,66.961
10116,10107,72.816
10116,10117,69.726
10117,10116,69.726
10118,10119,31.584
10119,10118,31.584
10119,10796,70.383
10119,16637,60.032
10120,1405,79.814
10120,12623,13.957
10121,10122,49.940
10121,10181,40.599
10121,10226,78.496
10122,8035,11.145
10122,10121,49.940
10122,10123,36.747
10123,10122,36.747
10124,9553,64.398
10124,10228,64.125
10124,10272,26.014
10125,10143,10.767
10125,10797,48.938
10125,13306,70.143
10126,9669,3.451
10126,10127,37.669
10126,10797,88.485
10127,10126,37.669
10128,9667,78.104
10128,10135,42.674
10128,10143,98.070
10129,9662,67.538
10129,10134,117.005
10129,10135,65.232
10129,10137,125.616
10130,10131,27.159
10130,10137,70.887
10130,10223,159.873
10131,10130,27.159
10131,10132,106.228
10131,10695,15.545
10132,10131,106.228
10132,10133,31.663
10132,17035,65.900
10133,9662,68.856
10133,10132,31.663
10133,17035,63.197
10134,9663,65.733
10134,10129,117.005
10134,14337,39.618
10135,10128,42.674
10135,10129,65.232
10135,10136,105.716
10136,10135,105.716
10136,10137,59.825
10136,10222,45.520
10137,10129,125.616
10137,10130,70.887
10137,10136,59.825
10138,10690,17.064
10139,9670,126.208
10139,10140,26.307
10139,10195,69.059
10140,10139,26.307
10140,10141,77.789
10140,10691,94.575
10141,10140,77.789
10141,10689,33.685
10141,10690,45.934
10142,10209,19.727
10142,10689,45.043
10142,10690,131.346
10143,10125,10.767
10143,10128,98.070
10143,10212,46.860
10144,10145,16.192
10144,10694,27.971
10145,10144,16.192
10145,10146,51.556
10145,10692,70.065
10146,10145,51.556
10146,10711,52.269
10147,10206,270.847
10147,13271,139.119
10147,13272,124.109
10148,10866,121.716
10148,13264,118.362
10148,13272,45.681
10149,10150,100.242
10149,13264,68.317
10149,16817,109.361
10150,10149,100.242
10151,13265,41.942
10152,10153,30.514
10152,13268,146.710
10152,16666,41.458
10153,10152,30.514
10153,10216,64.684
10153,10742,179.989
10153,13267,72.645
10154,10159,164.137
10154,10682,96.690
10154,10742,113.624
10155,9658,148.509
10155,10681,44.615
10156,10157,37.035
10156,10741,125.648
10156,10868,33.948
10157,10156,37.035
10157,10158,146.705
10157,10740,39.872
10158,10157,146.705
10159,10154,164.137
10159,10161,120.857
10159,16667,76.637
10160,10165,37.911
10160,10646,149.682
10160,13267,113.518
10161,10159,120.857
10161,10669,101.837
10161,15288,93.350
10162,10167,58.737
10162,13259,11.433
10162,13261,35.699
10162,13262,150.115
10163,10164,118.075
10163,10172,51.076
10163,10657,146.248
10163,13259,37.992
10164,10163,118.075
10164,10664,96.453
10164,10666,70.410
10164,13286,39.454
10165,10160,37.911
10165,10166,115.105
10165,15288,27.443
10166,10165,115.105
10166,10167,144.073
10166,10645,204.240
10166,13262,47.883
10167,10162,58.737
10167,10166,144.073
10167,10669,49.430
10168,1389,86.054
10168,10055,42.449
10168,10175,88.804
10169,10170,124.206
10169,10173,112.242
10169,10176,47.936
10169,12234,12.183
10170,9658,67.306
10170,10169,124.206
10170,10174,39.583
10171,10172,102.129
10171,11599,24.109
10171,13254,92.718
10172,10163,51.076
10172,10171,102.129
10172,13258,27.029
10173,10169,112.242
10173,10681,47.565
10174,9657,63.185
10174,10170,39.583
10174,10175,97.838
10175,10168,88.804
10175,10174,97.838
10175,10176,11.196
10176,10169,47.936
10176,10175,11.196
10176,12232,66.804
10177,10787,109.652
10177,10799,43.163
10178,8028,50.574
10178,10091,88.727
10178,10184,2.250
10179,8032,27.947
10179,8034,90.784
10179,10181,90.247
10180,8030,60.082
10180,8034,45.646
10180,10181,120.867
10181,10121,40.599
10181,10179,90.247
10181,10180,120.867
10182,8028,13.395
10182,10089,111.981
10182,10183,12.827
10183,8028,8.801
10183,10098,29.043
10183,10182,12.827
10184,10096,44.356
10184,10178,2.250
10184,10185,83.632
10185,10097,20.259
10185,10112,53.507
10185,10184,83.632
10186,10187,1553.296
10187,9555,396.673
10187,10186,1553.296
10188,474,122.735
10188,16686,103.230
10189,467,162.188
10189,10188,228.893
10190,461,34.719
10190,10189,77.621
10191,10192,56.831
10191,12248,71.836
10191,12517,45.664
10192,10191,56.831
10193,10113,87.776
10193,10194,32.570
10193,10200,50.575
10194,10193,32.570
10194,10195,94.365
10194,10785,33.618
10195,9661,74.490
10195,10139,69.059
10195,10194,94.365
10196,10223,100.299
10196,10704,28.708
10196,13275,35.399
10197,10198,13.086
10197,10200,162.877
10197,13310,9.415
10198,9670,176.882
10198,10197,13.086
10198,10205,44.106
10199,10200,27.433
10199,10778,3.130
10200,10193,50.575
10200,10197,162.877
10200,10199,27.433
10201,9671,43.284
10201,10053,47.366
10201,10113,153.397
10202,10206,26.312
10202,10713,83.756
10202,17660,44.648
10203,10712,66.995
10204,10205,81.187
10204,10713,36.443
10204,10775,6.397
10205,10198,44.106
10205,10204,81.187
10205,10712,30.171
10206,10147,270.847
10206,10202,26.312
10206,10709,62.864
10207,10208,16.283
10207,10709,76.299
10207,13308,56.984
10208,10207,16.283
10208,10708,70.495
10209,10142,19.727
10209,10210,49.021
10209,10212,44.496
10210,10209,49.021
10210,10211,45.014
10210,10689,22.934
10211,10210,45.014
10211,10212,49.045
10211,13306,55.416
10212,10143,46.860
10212,10209,44.496
10212,10211,49.045
10212,13305,113.659
10213,10686,39.228
10213,13280,44.598
10213,17034,45.716
10214,10215,83.226
10214,10686,32.833
10214,10745,87.617
10215,10214,83.226
10215,10216,80.901
10215,10217,11.019
10216,10153,64.684
10216,10215,80.901
10216,10745,75.372
10217,10215,11.019
10217,10218,52.944
10217,13269,57.159
10218,10217,52.944
10218,10219,37.282
10218,10698,105.628
10219,10218,37.282
10219,13277,7.451
10220,10221,40.286
10220,10702,59.686
10220,13274,45.481
10221,10220,40.286
10221,13275,39.320
10221,15061,74.885
10222,10136,45.520
10222,10223,116.095
10223,10130,159.873
10223,10196,100.299
10223,10222,116.095
10224,8035,59.533
10224,10225,84.896
10224,10773,135.526
10225,10224,84.896
10225,12776,25.814
10225,13294,20.712
10226,10121,78.496
10226,12776,90.371
10226,13295,7.580
10227,9553,177.569
10228,1375,66.768
10228,10124,64.125
10228,10229,91.745
10228,10715,66.988
10229,10228,91.745
10230,11818,175.746
10231,9354,132.737
10231,10236,113.802
10232,14407,191.311
10233,455,463.621
10234,10236,185.093
10235,11818,58.084
10236,10231,113.802
10236,10234,185.093
10236,11818,7.204
10237,10238,47.694
10237,10245,82.807
10238,10237,47.694
10238,10239,45.839
10238,10244,89.248
10239,10238,45.839
10239,10242,122.138
10239,13762,90.310
10239,13771,78.609
10240,12866,88.033
10240,13200,28.297
10240,13810,24.345
10241,11778,33.364
10241,13810,19.415
10242,10239,122.138
10242,10243,53.867
10242,13764,71.275
10243,10242,53.867
10243,15850,20.350
10243,16647,24.376
10244,10238,89.248
10245,10237,82.807
10246,10247,45.620
10246,10249,55.294
10246,10254,43.127
10246,13251,89.624
10247,10246,45.620
10247,10249,43.753
10247,10250,21.235
10248,10250,77.161
10248,11800,20.239
10248,11813,130.905
10249,10247,43.753
10249,15795,134.827
10250,10247,21.235
10250,10248,77.161
10250,10251,210.896
10251,9394,82.709
10251,10250,210.896
10251,11779,55.814
10252,10256,123.404
10252,10261,33.841
10252,10263,38.733
10253,10254,79.833
10253,10257,50.712
10253,10263,83.446
10253,11861,162.139
10254,10246,43.127
10254,10253,79.833
10254,13770,68.155
10255,7752,43.150
10255,10256,27.320
10255,11812,51.395
10255,11814,72.809
10256,7752,42.533
10256,10252,123.404
10256,10255,27.320
10257,10253,50.712
10257,10258,12.475
10257,10262,39.118
10258,10257,12.475
10258,10259,52.043
10259,10258,52.043
10259,10260,23.918
10259,13787,29.783
10260,10259,23.918
10260,10261,48.004
10260,10265,36.831
10261,10252,33.841
10261,10260,48.004
10261,11805,60.782
10262,10257,39.118
10262,13199,70.116
10262,13786,56.639
10263,10252,38.733
10263,10253,83.446
10263,10264,69.227
10264,10263,69.227
10264,13251,51.152
10265,10260,36.831
10265,11804,38.522
10265,13787,48.961
10266,8809,118.362
10266,11804,94.652
10266,16933,29.158
10267,14593,10.566
10267,14594,111.578
10268,14593,141.599
10269,7857,11.901
10269,12977,7.928
10270,11806,18.242
10270,12977,16.380
10270,13777,27.417
10271,7858,40.936
10271,11806,8.898
10272,10124,26.014
10273,10279,357.849
10273,12933,1504.446
10274,5953,160.772
10274,6035,82.548
10274,6043,45.726
10274,6056,215.173
10275,9511,79.813
10275,13667,27.205
10275,13668,45.754
10276,13668,440.809
10277,17678,5.595
10278,10279,25.100
10279,10281,16.803
10280,9211,88.572
10281,10280,19.208
10281,10282,41.890
10282,10283,7.517
10283,10277,37.126
10283,14419,660.076
10284,9287,149.624
10285,10297,181.599
10285,17211,66.895
10285,17618,81.694
10286,10287,152.225
10286,10292,27.877
10286,16990,6.036
10287,10286,152.225
10287,10291,16.059
10287,13734,66.443
10288,10291,95.677
10289,10294,98.295
10289,11780,284.269
10290,10294,117.263
10290,15349,21.590
10291,10287,16.059
10291,10288,95.677
10291,13734,76.349
10292,10286,27.877
10292,10293,79.966
10292,17211,58.296
10293,10292,79.966
10293,13734,8.885
10293,17211,137.707
10294,10289,98.295
10294,10290,117.263
10294,10295,240.644
10295,10294,240.644
10296,9268,694.869
10297,10285,181.599
10297,13666,7.288
10297,17856,23.860
10298,10439,25.500
10298,17856,102.394
10299,9819,77.479
10299,9820,87.216
10299,10428,26.348
10300,10336,17.370
10300,10337,59.596
10300,10428,28.546
10301,9406,75.424
10301,10339,29.257
10302,4411,4.870
10302,4419,29.987
10302,9958,166.614
10303,10378,112.729
10303,10409,155.838
10304,12815,27.464
10304,12844,116.172
10304,13042,38.883
10305,10311,85.388
10305,10405,17.307
10305,15537,31.156
10305,15560,50.051
10306,9843,50.872
10306,10307,42.093
10306,15537,47.411
10307,10306,42.093
10307,10308,12.738
10307,13979,31.618
10308,10307,12.738
10308,10309,18.389
10308,15593,48.352
10309,10308,18.389
10309,10310,89.025
10309,16825,18.084
10310,10309,89.025
10311,10305,85.388
10312,9836,71.564
10312,9972,65.228
10312,12842,67.315
10313,9974,10.740
10313,10314,16.722
10313,13708,56.456
10314,10313,16.722
10314,13705,66.511
10314,15533,43.831
10315,9973,49.708
10315,13659,33.445
10315,13660,40.621
10316,9968,13.960
10316,10317,8.087
10316,13657,41.422
10317,9970,81.404
10317,10316,8.087
10317,16995,16.519
10318,9963,124.383
10318,9968,16.086
10318,16995,24.019
10319,10320,150.821
10319,13705,16.815
10319,13707,4.614
10320,10319,150.821
10320,10321,89.620
10320,13632,97.703
10321,9966,38.788
10321,10320,89.620
10321,13714,12.386
10322,9964,133.012
10322,9966,42.220
10322,13715,112.937
10323,10404,46.054
10323,10407,63.966
10323,13710,88.284
10323,13715,66.609
10324,10325,41.832
10324,10404,91.877
10324,10427,61.094
10325,10324,41.832
10325,10326,185.683
10325,12824,128.895
10326,9959,22.506
10326,10325,185.683
10326,13593,9.569
10327,10418,28.822
10327,10550,56.780
10327,13608,44.374
10328,10329,11.226
10328,10550,3.839
10329,10328,11.226
10329,13718,4.149
10330,10331,29.789
10330,10437,157.664
10330,14979,157.604
10331,10330,29.789
10331,10332,85.618
10331,10434,15.212
10332,9821,27.022
10332,10331,85.618
10332,10433,18.917
10333,10334,87.595
10333,10431,27.173
10333,10433,24.207
10334,10333,87.595
10334,10432,28.202
10334,10434,26.521
10334,12648,24.608
10335,10342,2.066
10335,16758,22.821
10336,10300,17.370
10336,10339,29.244
10336,10342,49.989
10337,10300,59.596
10337,12648,94.639
10338,12648,18.446
10339,10301,29.257
10339,10336,29.244
10339,10341,50.282
10340,10341,21.940
10340,16758,29.691
10341,10339,50.282
10341,10340,21.940
10341,10342,29.097
10342,10335,2.066
10342,10336,49.989
10342,10341,29.097
10343,8898,67.984
10343,10344,98.320
10343,13522,76.006
10344,10343,98.320
10344,10345,20.066
10344,13525,110.952
10345,10344,20.066
10345,10346,15.454
10345,13547,25.482
10346,10345,15.454
10346,13102,33.741
10346,13530,26.993
10347,13537,77.695
10347,13541,48.009
10347,13542,20.947
10348,10349,58.147
10348,13544,28.709
10348,13546,56.724
10349,10348,58.147
10349,10466,59.535
10349,12022,63.340
10350,10353,104.147
10350,10355,114.674
10350,15403,85.254
10351,9280,22.509
10351,10355,107.266
10351,13731,5.594
10352,10019,35.736
10352,13738,14.853
10352,15570,28.166
10353,9284,105.248
10353,10350,104.147
10353,10354,176.852
10353,10447,22.407
10354,10353,176.852
10355,9281,136.460
10355,10350,114.674
10355,10351,107.266
10355,10357,50.747
10356,10551,55.923
10356,13739,89.249
10356,17395,23.525
10357,10355,50.747
10357,11858,119.232
10357,11859,29.162
10358,10361,27.626
10358,10447,28.057
10358,11860,92.865
10359,10361,118.444
10359,10548,28.251
10359,10551,21.088
10360,9286,25.468
10360,13735,23.642
10360,17198,56.896
10361,10358,27.626
10361,10359,118.444
10361,10548,92.452
10362,10363,26.251
10362,10364,72.596
10362,10365,27.012
10363,9815,52.343
10363,9818,31.709
10363,10362,26.251
10364,10362,72.596
10365,9279,25.675
10365,10362,27.012
10365,10366,48.394
10366,10365,48.394
10367,16026,20.784
10368,9810,57.249
10368,12997,24.669
10368,12999,60.359
10369,13031,32.706
10369,13579,5.691
10369,13627,63.975
10370,9960,58.534
10370,10374,3.035
10370,13592,26.415
10371,13591,3.625
10371,13628,32.521
10372,9964,37.262
10372,10410,5.791
10372,13625,37.887
10373,13581,35.317
10373,13623,22.091
10373,13625,32.252
10374,10370,3.035
10374,10375,54.241
10374,13579,25.450
10375,10374,54.241
10375,10376,43.774
10375,16992,20.849
10376,10375,43.774
10377,10378,222.742
10377,10380,173.724
10377,13030,18.326
10378,10303,112.729
10378,10377,222.742
10378,10382,43.436
10379,10380,59.349
10379,10381,28.515
10379,10382,108.476
10380,9960,15.550
10380,10377,173.724
10380,10379,59.349
10381,10379,28.515
10382,10378,43.436
10382,10379,108.476
10382,16709,43.361
10383,11645,172.180
10384,9396,30.965
10384,9399,24.941
10384,15569,25.649
10385,9283,33.807
10385,12994,36.407
10385,13741,34.859
10386,9286,7.263
10386,10387,26.459
10386,12994,17.922
10387,10386,26.459
10387,10393,96.650
10387,12995,27.373
10388,10389,41.393
10388,12995,54.498
10389,10388,41.393
10389,10390,14.771
10389,13725,26.419
10390,10389,14.771
10390,10391,25.265
10390,10393,12.218
10391,10390,25.265
10391,13725,21.446
10391,13727,3.485
10392,9282,27.417
10392,10442,17.613
10392,13003,29.222
10392,17394,48.939
10393,10387,96.650
10393,10390,12.218
10393,10445,49.340
10394,4707,15.798
10394,4730,128.057
10395,11881,72.741
10395,13894,56.073
10395,14090,64.365
10396,13893,70.874
10396,13894,89.722
10396,14089,14.993
10397,4867,6.153
10397,14098,9.409
10397,14100,130.836
10398,9433,5.170
10398,14100,11.632
10398,14101,124.668
10399,9433,8.900
10399,10400,10.836
10400,9429,5.054
10400,10399,10.836
10401,3172,34.233
10401,3182,77.791
10401,15134,111.847
10402,7538,5.512
10402,7542,161.391
10402,16001,38.845
10403,121,83.878
10403,7537,28.936
10403,16001,50.665
10404,10323,46.054
10404,10324,91.877
10404,13711,130.460
10405,9836,27.481
10405,10305,17.307
10405,13054,104.967
10406,9260,32.061
10406,12786,81.463
10406,15585,23.346
10407,9835,51.002
10407,10323,63.966
10407,13048,42.245
10408,10410,16.572
10408,10412,14.331
10408,13655,131.932
10409,9962,37.089
10409,9969,194.217
10409,10303,155.838
10409,17270,24.532
10410,10372,5.791
10410,10408,16.572
10410,10411,62.817
10411,10410,62.817
10412,9963,25.919
10412,10408,14.331
10412,16995,124.262
10413,10414,87.548
10414,9962,11.317
10414,9963,86.202
10414,10413,87.548
10415,10416,22.873
10416,10415,22.873
10416,10422,46.103
10416,16993,38.910
10417,10422,10.216
10418,9959,34.467
10418,10327,28.822
10418,10419,40.462
10419,10418,40.462
10419,10423,25.001
10419,16518,68.776
10420,10421,30.699
10420,10422,31.371
10420,16518,49.102
10421,10420,30.699
10422,10416,46.103
10422,10417,10.216
10422,10420,31.371
10423,10419,25.001
10424,10425,83.224
10425,4419,107.128
10425,10424,83.224
10425,10426,15.522
10426,10425,15.522
10426,13721,56.506
10427,10324,61.094
10427,13040,11.201
10427,13723,47.096
10428,10299,26.348
10428,10300,28.546
10428,10429,21.369
10429,10428,21.369
10429,10430,74.988
10429,10431,27.920
10430,10429,74.988
10431,10333,27.173
10431,10429,27.920
10431,10432,87.430
10432,10334,28.202
10432,10431,87.430
10433,10332,18.917
10433,10333,24.207
10433,10434,86.482
10434,10331,15.212
10434,10334,26.521
10434,10433,86.482
10435,10436,157.440
10435,13029,153.391
10435,13718,72.002
10436,10435,157.440
10436,10437,236.357
10436,10438,11.778
10437,10330,157.664
10437,10436,236.357
10438,10436,11.778
10438,10439,14.388
10439,10298,25.500
10439,10438,14.388
10440,9798,91.978
10440,9802,26.296
10440,10441,56.464
10441,9799,21.800
10441,10440,56.464
10441,12993,26.267
10442,10392,17.613
10442,10443,93.462
10442,10445,27.869
10443,10442,93.462
10443,10444,17.947
10443,10445,119.872
10444,9283,23.292
10444,10443,17.947
10444,13003,60.300
10445,10393,49.340
10445,10442,27.869
10445,10443,119.872
10446,10447,92.486
10446,11859,25.785
10446,11860,27.002
10447,10353,22.407
10447,10358,28.057
10447,10446,92.486
10447,11858,24.521
10448,9945,13.218
10448,14418,20.085
10449,9895,137.969
10450,9786,117.687
10450,12939,161.149
10451,33,151.239
10451,14448,24.478
10452,228,131.205
10452,14741,54.431
10453,11546,31.067
10454,10453,401.098
10455,10457,7.937
10455,10470,76.032
10455,10471,51.791
10456,9645,56.266
10456,12018,187.400
10456,14466,17.987
10457,648,16.046
10457,10454,91.724
10457,10455,7.937
10458,12018,24.881
10458,14466,179.599
10458,15535,44.712
10459,10450,41.977
10459,12050,112.886
10460,10465,340.500
10461,16632,487.330
10462,10461,15.544
10463,10462,67.174
10464,10463,437.945
10464,11601,168.224
10465,11602,59.543
10466,9562,221.567
10466,10349,59.535
10466,11827,6.063
10467,10466,371.031
10468,37,25.515
10469,8885,266.138
10469,9562,271.412
10470,10455,76.032
10470,10482,85.712
10470,17418,173.150
10471,10455,51.791
10471,10478,89.222
10471,14067,133.110
10471,15929,40.793
10472,10478,166.891
10473,9872,164.189
10473,12870,51.051
10473,15535,20.171
10474,641,60.891
10474,644,221.393
10474,14082,190.539
10475,10476,101.645
10475,10484,69.562
10475,17418,24.594
10476,10475,101.645
10476,10483,29.984
10476,10485,35.640
10477,10478,13.672
10477,10480,39.343
10477,10483,83.769
10478,10471,89.222
10478,10472,166.891
10478,10477,13.672
10479,10480,2.631
10479,10485,109.065
10480,10477,39.343
10480,10479,2.631
10480,10481,122.082
10481,10480,122.082
10482,10470,85.712
10482,10483,42.995
10482,13982,70.999
10483,10476,29.984
10483,10477,83.769
10483,10482,42.995
10484,644,74.913
10484,10475,69.562
10484,10485,108.572
10485,10476,35.640
10485,10479,109.065
10485,10484,108.572
10486,10489,30.759
10487,10488,615.898
10488,5364,28.106
10489,13343,38.256
10490,3340,73.395
10490,10554,9.395
10490,15715,91.140
10491,15127,31.959
10491,16814,38.800
10492,3098,28.348
10493,10554,45.919
10494,3059,168.149
10494,11878,13.971
10495,3107,30.055
10496,9329,67.736
10497,4057,20.481
10498,14551,14.485
10499,3099,18.323
10500,10503,234.477
10501,3110,43.311
10502,10501,232.789
10503,10508,1448.746
10504,10496,65.049
10505,10502,1600.257
10506,10505,314.366
10507,10493,30.058
10508,10507,391.826
10508,11553,454.864
10509,10516,72.937
10509,12780,72.040
10509,16233,21.899
10510,10511,3.797
10510,16877,56.967
10510,16880,43.481
10511,10510,3.797
10511,11916,88.959
10511,12434,45.635
10512,10513,26.804
10512,10518,50.361
10512,10522,21.169
10513,10512,26.804
10513,16205,34.811
10513,16225,27.237
10514,12782,27.566
10514,16204,33.132
10514,16225,1.240
10515,813,74.483
10515,12782,29.522
10515,16196,2.012
10516,660,35.598
10516,10509,72.937
10516,16196,91.668
10517,10518,59.174
10517,10519,55.332
10517,11923,69.392
10518,10512,50.361
10518,10517,59.174
10518,16225,70.086
10519,10517,55.332
10519,14042,30.925
10519,16200,13.822
10520,813,77.607
10520,4493,52.526
10520,16200,33.590
10521,10522,49.173
10521,16174,93.269
10521,17409,60.616
10522,10512,21.169
10522,10521,49.173
10522,16186,62.548
10523,10525,45.989
10523,16184,45.437
10523,16206,3.917
10524,10525,72.212
10524,11664,29.061
10524,12738,75.014
10524,17612,79.606
10525,10523,45.989
10525,10524,72.212
10525,10526,85.976
10525,17703,26.083
10526,10525,85.976
10526,10527,203.974
10526,13023,56.872
10527,9250,68.941
10527,9256,81.110
10527,10526,203.974
10528,9266,23.281
10528,12868,119.842
10528,16188,53.416
10529,9991,35.343
10529,11927,62.805
10529,16188,56.588
10530,188,51.401
10531,9325,149.577
10532,14861,12.522
10532,16550,23.917
10533,4703,72.832
10533,4709,68.726
10533,12251,64.251
10533,12465,25.429
10534,10004,187.490
10534,12832,60.524
10534,13994,68.506
10534,16139,122.925
10535,10536,32.516
10535,10537,8.319
10536,10535,32.516
10536,10538,38.861
10537,9222,79.518
10537,9245,244.541
10537,10535,8.319
10538,9204,249.656
10538,10536,38.861
10538,12826,330.085
10539,10540,39.762
10539,12914,143.625
10540,9245,172.501
10540,10539,39.762
10541,10543,46.632
10541,10545,88.122
10541,14800,63.943
10542,9726,29.742
10542,9727,267.470
10542,15942,76.460
10543,10541,46.632
10543,10544,57.351
10543,15556,39.525
10544,10543,57.351
10544,14801,86.307
10544,15556,25.095
10545,10541,88.122
10545,13853,140.159
10545,15555,83.839
10546,9896,248.657
10546,14418,429.987
10547,6692,34.401
10547,6715,91.735
10547,6716,49.063
10548,10359,28.251
10548,10361,92.452
10548,11860,26.778
10548,12749,33.319
10549,9397,32.239
10549,13741,24.742
10549,15569,32.163
10550,9958,105.329
10550,10327,56.780
10550,10328,3.839
10550,13030,71.717
10551,9284,113.976
10551,9286,106.800
10551,10356,55.923
10551,10359,21.088
10552,272,58.364
10552,1040,109.500
10552,16509,130.495
10553,296,462.118
10554,79,215.778
10554,10490,9.395
10554,11952,150.204
10555,186,7.583
10555,17221,21.805
10556,935,0.675
10556,14829,4.537
10557,12224,11.419
10557,16936,74.584
10557,16937,68.626
10558,4217,115.122
10558,4221,68.599
10558,17067,56.679
10559,1398,722.786
10560,10567,309.881
10561,10564,534.464
10562,1406,8.561
10562,10563,212.378
10562,15252,41.555
10563,10562,212.378
10564,1408,176.864
10564,10561,534.464
10564,10641,33.308
10565,10566,99.248
10565,10738,60.891
10565,15287,10.680
10566,10565,99.248
10567,10560,309.881
10567,10640,14.957
10568,10569,122.805
10568,10636,33.201
10568,10639,76.618
10568,15261,57.696
10569,10568,122.805
10570,10571,114.943
10570,10598,99.182
10570,11540,63.125
10571,10570,114.943
10571,10572,98.250
10571,10602,69.698
10572,10571,98.250
10572,10606,31.669
10572,14326,31.236
10573,10595,142.378
10573,10606,78.432
10573,10619,34.077
10574,10619,140.638
10574,10624,106.657
10574,10625,64.366
10575,10576,97.869
10575,10633,84.790
10575,13282,63.993
10576,10575,97.869
10576,10648,55.835
10576,10655,103.773
10577,10578,62.474
10577,10591,184.951
10577,14341,19.384
10578,1396,100.345
10578,10577,62.474
10578,10579,68.634
10579,10578,68.634
10579,14142,51.358
10580,10583,94.210
10580,10591,44.712
10580,14143,6.427
10581,1444,36.291
10581,1446,29.800
10581,10631,59.396
10582,1446,41.854
10582,10586,127.525
10582,10587,50.251
10583,10580,94.210
10583,10590,29.516
10583,10592,7.701
10584,10590,53.468
10585,10594,43.252
10585,14143,80.389
10586,1430,254.337
10586,10582,127.525
10586,16967,39.598
10587,10582,50.251
10587,15267,81.817
10588,1444,30.188
10588,1445,105.460
10588,10589,70.041
10589,10588,70.041
10589,10590,9.238
10590,10583,29.516
10590,10584,53.468
10590,10589,9.238
10591,10577,184.951
10591,10580,44.712
10592,1444,74.580
10592,10583,7.701
10592,10593,146.199
10593,10592,146.199
10593,10595,47.427
10593,10628,83.213
10594,1445,151.405
10594,10585,43.252
10594,15278,3.976
10595,10573,142.378
10595,10593,47.427
10595,15025,26.605
10596,10597,168.788
10596,15024,7.485
10596,15025,107.012
10597,10596,168.788
10597,10878,75.100
10597,14341,130.724
10598,1377,19.164
10598,10570,99.182
10598,10599,174.383
10599,10598,174.383
10600,10608,57.100
10600,10618,56.796
10600,14324,120.494
10601,10602,145.075
10601,11528,70.697
10601,11540,29.510
10602,10571,69.698
10602,10601,145.075
10602,14412,24.600
10603,10604,43.872
10603,10608,67.868
10603,14462,50.966
10604,10603,43.872
10605,10606,173.245
10605,10607,51.113
10605,14324,59.237
10606,10572,31.669
10606,10573,78.432
10606,10605,173.245
10607,10605,51.113
10608,1415,27.481
10608,10600,57.100
10608,10603,67.868
10609,1401,36.984
10609,10610,54.466
10609,13289,135.780
10610,10609,54.466
10610,10611,65.845
10610,14325,30.579
10611,10610,65.845
10611,10612,60.748
10611,14323,88.657
10612,10611,60.748
10612,10613,80.466
10612,10621,102.110
10613,1407,161.073
10613,10612,80.466
10613,10617,31.057
10614,10615,53.719
10614,14324,84.301
10615,10614,53.719
10615,10616,15.835
10615,10619,183.514
10616,10615,15.835
10616,10617,176.281
10616,10622,53.516
10617,10613,31.057
10617,10616,176.281
10617,10624,58.046
10618,1406,33.214
10618,10600,56.796
10618,10622,155.949
10619,10573,34.077
10619,10574,140.638
10619,10615,183.514
10620,1401,150.574
10620,15252,43.092
10620,15253,43.697
10621,10612,102.110
10621,10622,106.908
10621,14323,53.340
10622,10616,53.516
10622,10618,155.949
10622,10621,106.908
10623,10624,228.458
10623,10648,65.788
10623,10653,18.902
10624,10574,106.657
10624,10617,58.046
10624,10623,228.458
10625,10574,64.366
10625,10626,19.454
10625,13282,53.743
10626,10625,19.454
10626,10627,190.323
10626,10632,150.321
10627,10626,190.323
10627,10628,45.509
10627,10629,70.838
10628,10593,83.213
10628,10627,45.509
10628,14311,42.540
10629,10627,70.838
10629,10630,25.277
10629,10631,50.283
10630,10629,25.277
10630,10631,73.890
10630,15267,71.766
10631,10581,59.396
10631,10629,50.283
10631,10630,73.890
10632,10626,150.321
10632,10635,58.519
10632,15267,5.235
10633,10575,84.790
10633,14708,30.776
10633,14709,45.756
10634,10635,21.423
10634,13282,117.668
10634,14708,31.061
10635,10632,58.519
10635,10634,21.423
10635,13281,87.936
10636,10568,33.201
10636,10641,24.905
10636,15261,76.158
10637,10649,28.793
10637,13289,55.760
10638,10639,69.707
10638,10649,59.797
10638,15261,80.526
10639,10568,76.618
10639,10638,69.707
10639,10640,58.035
10639,17750,118.146
10640,10567,14.957
10640,10639,58.035
10641,10564,33.308
10641,10636,24.905
10641,17757,63.028
10642,10647,127.465
10642,10651,46.268
10642,11857,39.022
10643,10644,125.011
10643,11857,66.700
10643,13254,262.392
10644,10643,125.011
10644,10645,97.369
10644,11599,234.093
10644,13287,157.262
10645,10166,204.240
10645,10644,97.369
10645,10646,77.801
10646,10160,149.682
10646,10645,77.801
10646,10741,52.013
10647,10642,127.465
10647,10648,74.215
10647,11857,168.712
10648,10576,55.835
10648,10623,65.788
10648,10647,74.215
10648,13283,35.815
10649,10637,28.793
10649,10638,59.797
10649,10652,129.844
10650,1407,11.019
10650,10651,195.459
10650,10653,65.339
10651,10642,46.268
10651,10650,195.459
10651,15256,41.144
10651,17757,84.955
10652,1407,46.424
10652,10649,129.844
10652,13289,64.183
10653,10623,18.902
10653,10650,65.339
10653,10654,76.630
10654,10653,76.630
10655,10576,103.773
10655,10656,255.251
10655,10860,12.823
10656,10655,255.251
10656,10861,34.588
10656,13254,59.390
10657,10163,146.248
10657,10658,112.942
10657,10864,135.489
10657,11600,204.082
10658,10657,112.942
10658,10666,42.703
10658,13255,59.641
10659,3139,92.043
10659,3172,91.111
10659,3187,33.216
10659,10660,44.054
10660,3149,39.582
10660,10659,44.054
10660,10661,27.332
10661,3116,38.112
10661,3189,22.099
10661,10660,27.332
10662,12561,190.150
10663,10664,73.419
10663,10668,44.521
10663,10675,84.357
10664,10164,96.453
10664,10663,73.419
10664,14494,104.955
10665,10666,88.399
10665,14494,23.735
10665,15180,23.864
10666,10164,70.410
10666,10658,42.703
10666,10665,88.399
10667,9693,106.108
10667,10668,80.593
10667,13300,170.549
10667,16667,9.798
10668,10663,44.521
10668,10667,80.593
10668,10669,192.614
10669,10161,101.837
10669,10167,49.430
10669,10668,192.614
10670,10671,38.651
10670,10673,10.060
10671,10670,38.651
10671,10672,59.685
10672,10671,59.685
10672,13257,10.654
10673,10670,10.060
10673,10841,32.254
10673,12201,49.866
10674,9692,55.627
10674,10675,50.964
10674,10841,46.105
10675,10663,84.357
10675,10674,50.964
10676,1380,176.435
10676,1418,2.885
10676,10677,67.264
10677,10676,67.264
10677,10678,24.735
10677,10679,148.331
10678,10677,24.735
10678,10680,94.083
10678,15299,134.956
10679,1380,40.834
10679,10677,148.331
10679,12233,34.483
10680,1393,116.515
10680,9692,14.321
10680,10678,94.083
10681,10155,44.615
10681,10173,47.565
10681,10682,24.162
10682,10154,96.690
10682,10681,24.162
10682,10683,99.244
10683,10682,99.244
10683,10684,69.545
10684,10683,69.545
10684,10747,85.611
10684,10748,28.564
10685,10055,81.373
10685,12232,12.217
10685,12233,84.577
10686,10213,39.228
10686,10214,32.833
10686,10747,48.024
10687,262,68.315
10687,9666,50.043
10687,10688,139.432
10688,1402,68.240
10688,9657,135.795
10688,10687,139.432
10689,10141,33.685
10689,10142,45.043
10689,10210,22.934
10690,10138,17.064
10690,10141,45.934
10690,10142,131.346
10690,10691,30.763
10691,10140,94.575
10691,10690,30.763
10691,10692,10.434
10692,10145,70.065
10692,10691,10.434
10692,10693,35.001
10693,10692,35.001
10694,10144,27.971
10695,10131,15.545
10695,10696,27.683
10695,13277,99.079
10696,10695,27.683
10696,10697,65.099
10697,10696,65.099
10698,10218,105.628
10698,10699,32.341
10698,10702,59.970
10699,10698,32.341
10699,10700,79.599
10699,10701,27.607
10700,10699,79.599
10701,10699,27.607
10702,10220,59.686
10702,10698,59.970
10702,14609,39.677
10703,10865,18.846
10703,14609,51.069
10704,10196,28.708
10704,10705,31.802
10704,10711,41.445
10705,10704,31.802
10705,10706,15.433
10706,10705,15.433
10707,10708,37.549
10707,15058,76.822
10708,10208,70.495
10708,10707,37.549
10708,13273,98.864
10709,10206,62.864
10709,10207,76.299
10709,10710,25.203
10710,10709,25.203
10711,9670,144.266
10711,10146,52.269
10711,10704,41.445
10711,13308,85.691
10712,10203,66.995
10712,10205,30.171
10712,10713,73.564
10713,10202,83.756
10713,10204,36.443
10713,10712,73.564
10714,1375,539.562
10715,9553,67.804
10715,9555,85.253
10715,10228,66.988
10716,10718,26.116
10717,10077,68.991
10717,10081,7.707
10717,10718,73.895
10718,10716,26.116
10718,10717,73.895
10718,10736,71.835
10719,10720,88.661
10720,10719,88.661
10720,10736,122.736
10720,12628,202.039
10721,11877,221.857
10722,8026,52.052
10722,10723,33.727
10722,13296,26.630
10723,10722,33.727
10724,10082,6.414
10724,10084,35.389
10724,10725,58.025
10725,10724,58.025
10725,10727,38.767
10725,10728,6.949
10726,8026,53.565
10726,10728,30.578
10726,10730,5.160
10727,10084,64.153
10727,10725,38.767
10727,13296,46.308
10728,10725,6.949
10728,10726,30.578
10728,10729,25.164
10729,10728,25.164
10730,10726,5.160
10731,10082,61.342
10731,10732,31.308
10731,10733,32.227
10732,10731,31.308
10733,10080,39.306
10733,10731,32.227
10733,10734,54.261
10734,10733,54.261
10735,10111,146.560
10736,10077,70.551
10736,10718,71.835
10736,10720,122.736
10737,10738,38.365
10737,15275,140.671
10737,16817,129.409
10738,10565,60.891
10738,10737,38.365
10738,14742,113.084
10739,1411,28.373
10739,15287,65.410
10739,17285,90.472
10740,10157,39.872
10740,16520,21.049
10740,17285,50.406
10741,1411,66.849
10741,10156,125.648
10741,10646,52.013
10742,10153,179.989
10742,10154,113.624
10742,10743,19.244
10743,10742,19.244
10743,10746,54.643
10744,10745,73.827
10744,10746,16.261
10744,10747,104.829
10744,13301,76.041
10745,10214,87.617
10745,10216,75.372
10745,10744,73.827
10746,10743,54.643
10746,10744,16.261
10747,10684,85.611
10747,10686,48.024
10747,10744,104.829
10747,13280,43.878
10748,10684,28.564
10748,10750,5.240
10748,13280,93.536
10749,9664,90.676
10749,9665,115.375
10749,10750,123.964
10750,10748,5.240
10750,10749,123.964
10750,10751,116.244
10751,9662,37.034
10751,9663,85.245
10751,10750,116.244
10752,10756,65.915
10752,10761,78.408
10752,10799,63.998
10753,9668,92.770
10753,10754,67.223
10753,10761,53.643
10754,9668,32.627
10754,10753,67.223
10754,10787,3.777
10755,10756,75.713
10755,10759,59.373
10755,10770,12.127
10756,10752,65.915
10756,10755,75.713
10756,10760,80.045
10757,10758,75.401
10757,10766,54.938
10757,10768,59.453
10758,261,220.290
10758,10757,75.401
10758,17551,19.068
10759,10755,59.373
10759,10760,69.391
10759,10766,8.715
10760,10756,80.045
10760,10759,69.391
10760,17550,30.337
10761,10752,78.408
10761,10753,53.643
10761,10770,67.302
10762,10763,67.906
10762,10765,43.844
10762,10766,58.743
10763,10762,67.906
10763,10769,23.296
10763,10770,88.336
10763,10771,38.993
10764,10765,55.673
10764,10767,96.369
10764,13304,11.711
10765,10762,43.844
10765,10764,55.673
10765,10767,40.914
10765,10769,58.388
10766,10757,54.938
10766,10759,8.715
10766,10762,58.743
10767,10764,96.369
10767,10765,40.914
10767,10768,40.487
10768,10757,59.453
10768,10767,40.487
10768,15116,38.051
10769,10763,23.296
10769,10765,58.388
10770,10755,12.127
10770,10761,67.302
10770,10763,88.336
10771,10763,38.993
10771,10772,59.012
10771,13304,99.764
10772,10771,59.012
10772,10792,3.451
10772,14338,42.492
10773,8020,35.692
10773,8025,3.319
10773,10224,135.526
10774,8013,50.017
10774,8017,102.210
10774,8027,127.649
10775,10204,6.397
10775,10776,15.440
10775,17661,73.833
10776,10775,15.440
10777,10035,7.285
10777,10781,24.703
10778,10035,39.331
10778,10199,3.130
10778,10779,26.581
10779,10778,26.581
10779,10780,41.567
10779,10782,15.841
10779,10784,81.325
10780,10779,41.567
10780,10781,4.791
10780,10783,65.593
10781,10777,24.703
10781,10780,4.791
10782,10779,15.841
10783,10780,65.593
10784,10779,81.325
10785,10194,33.618
10786,9671,48.426
10787,10177,109.652
10787,10754,3.777
10787,10789,16.614
10788,10789,70.760
10789,10787,16.614
10789,10788,70.760
10789,17672,28.127
10790,9669,62.535
10790,10791,30.761
10790,10792,35.757
10791,10790,30.761
10792,10772,3.451
10792,10790,35.757
10792,10793,48.692
10793,10792,48.692
10794,10114,81.488
10794,10796,91.742
10794,15100,33.710
10795,16637,104.087
10796,10119,70.383
10796,10794,91.742
10797,9667,138.441
10797,10125,48.938
10797,10126,88.485
10797,10798,103.159
10798,10797,103.159
10798,13307,17.848
10799,10177,43.163
10799,10752,63.998
10799,13302,90.936
10800,1410,186.155
10801,12625,214.219
10802,1402,75.865
10802,1420,47.684
10802,10803,155.744
10803,1386,50.739
10803,1389,130.866
10803,10802,155.744
10804,1379,143.547
10804,12617,3.090
10805,1366,9.317
10805,10806,76.161
10805,10814,193.043
10806,10805,76.161
10806,10808,36.655
10806,14444,55.447
10807,1373,31.017
10807,10814,59.370
10807,14444,129.418
10808,265,81.176
10808,10806,36.655
10808,10810,80.879
10808,10815,67.982
10809,1373,11.331
10809,10815,94.618
10810,10808,80.879
10810,10816,52.592
10810,10817,47.240
10811,1368,67.409
10811,1373,52.660
10811,10816,89.322
10812,10813,192.293
10813,10812,192.293
10813,12625,103.031
10814,10807,59.370
10814,16569,13.357
10815,10808,67.982
10815,10809,94.618
10815,10816,67.769
10816,10810,52.592
10816,10811,89.322
10816,10815,67.769
10816,10819,55.964
10817,10810,47.240
10818,10819,35.124
10819,1368,72.184
10819,10816,55.964
10819,10818,35.124
10820,10824,176.268
10820,11848,63.759
10820,15313,10.034
10821,1379,20.320
10821,10822,175.001
10821,11848,81.425
10822,1417,65.161
10822,10821,175.001
10822,11844,154.900
10823,265,190.214
10823,1417,80.013
10823,10829,244.857
10824,10820,176.268
10825,1392,164.444
10825,10826,76.580
10825,11843,36.701
10826,10825,76.580
10826,11845,82.189
10827,10828,49.878
10827,10833,32.266
10827,12228,62.673
10828,10827,49.878
10828,10829,122.680
10828,14454,91.499
10829,264,106.481
10829,10823,244.857
10829,10828,122.680
10830,1418,126.853
10830,10831,64.045
10830,10833,45.566
10831,10830,64.045
10831,10834,45.463
10831,12230,47.401
10832,10835,11.233
10832,12228,27.698
10833,10827,32.266
10833,10830,45.566
10833,10834,64.414
10834,1392,150.573
10834,10831,45.463
10834,10833,64.414
10834,12228,31.830
10835,10832,11.233
10836,10837,72.545
10836,11626,41.726
10836,11816,55.058
10837,10836,72.545
10837,10838,89.509
10837,16820,45.631
10838,10837,89.509
10838,10839,26.545
10838,12191,84.927
10839,10838,26.545
10839,14456,38.521
10840,1409,126.038
10841,10673,32.254
10841,10674,46.105
10841,10842,48.554
10842,10841,48.554
10842,10843,58.250
10842,15160,99.597
10843,10842,58.250
10843,10844,55.371
10844,10843,55.371
10845,15181,52.460
10846,12202,24.141
10846,12203,62.397
10847,476,90.475
10847,12199,96.430
10847,14529,56.080
10848,1432,46.433
10848,1433,24.457
10848,10849,49.687
10849,1438,19.914
10849,1440,47.441
10849,10848,49.687
10850,1433,59.983
10850,10851,60.815
10850,10854,32.212
10851,1427,50.590
10851,1438,60.455
10851,10850,60.815
10852,10854,22.887
10852,10855,14.543
10852,10856,68.292
10853,1432,71.684
10853,10856,89.794
10853,11600,170.578
10854,10850,32.212
10854,10852,22.887
10854,16488,55.210
10855,10852,14.543
10855,16488,29.687
10856,10852,68.292
10856,10853,89.794
10856,10857,34.665
10857,10856,34.665
10857,10858,39.414
10857,10859,36.687
10858,10857,39.414
10859,10857,36.687
10859,13255,83.663
10860,10655,12.823
10860,14710,41.064
10860,15263,86.993
10861,10656,34.588
10861,10862,57.214
10861,10864,16.146
10862,10861,57.214
10863,1430,12.460
10863,10864,217.144
10863,11600,124.904
10864,10657,135.489
10864,10861,16.146
10864,10863,217.144
10865,10703,18.846
10865,10866,45.652
10865,15058,72.466
10866,10148,121.716
10866,10865,45.652
10866,10870,59.701
10866,13270,41.188
10867,10874,47.342
10867,16817,16.273
10867,17039,87.622
10868,10156,33.948
10868,10869,77.255
10868,16659,7.386
10869,10868,77.255
10869,13266,73.751
10870,10866,59.701
10870,10871,71.184
10870,17037,48.826
10871,10870,71.184
10871,10872,79.794
10871,17039,53.590
10872,10871,79.794
10872,10873,6.263
10873,10872,6.263
10874,10867,47.342
10874,10875,37.015
10874,16520,47.435
10875,10874,37.015
10875,10876,50.751
10875,17283,61.587
10876,10875,50.751
10876,15287,70.435
10877,10899,249.915
10878,1377,6.002
10878,10045,25.123
10878,10597,75.100
10879,10045,43.423
10880,10881,108.622
10881,1377,103.954
10881,10880,108.622
10881,10882,48.016
10882,10881,48.016
10882,10883,181.220
10882,10884,63.449
10882,14493,78.611
10883,10882,181.220
10884,10882,63.449
10885,10886,47.120
10885,14493,99.367
10886,10885,47.120
10886,15251,76.721
10886,15272,62.441
10887,14320,55.445
10887,14559,32.422
10887,15272,31.242
10888,10901,94.072
10888,11535,61.066
10888,14559,54.238
10889,11520,37.218
10890,10897,95.286
10890,10899,12.405
10891,10899,105.507
10891,14327,59.139
10892,10893,19.206
10892,10895,42.691
10892,14612,46.819
10893,10892,19.206
10893,10898,121.677
10894,10895,116.038
10895,10892,42.691
10895,10894,116.038
10895,15273,83.786
10896,10898,50.178
10896,14336,12.404
10897,10890,95.286
10897,10900,43.339
10897,14327,30.898
10898,10893,121.677
10898,10896,50.178
10898,14327,95.241
10899,10877,249.915
10899,10890,12.405
10899,10891,105.507
10900,10897,43.339
10900,10901,58.657
10900,11582,94.237
10901,10888,94.072
10901,10900,58.657
10901,11520,45.497
10902,10903,37.609
10902,11887,131.706
10902,14336,21.368
10903,10902,37.609
10903,14519,58.145
10904,10905,147.852
10904,10909,87.440
10904,10914,67.749
10904,15251,107.754
10905,10904,147.852
10905,10908,64.248
10905,15281,203.974
10906,10907,15.612
10906,11887,93.530
10907,10906,15.612
10907,14519,52.472
10907,14559,104.926
10908,10067,106.541
10908,10905,64.248
10908,10909,83.311
10909,10904,87.440
10909,10908,83.311
10909,11887,53.064
10910,14493,152.837
10910,14636,79.026
10911,14639,14.605
10912,10914,68.234
10912,11823,198.159
10913,10914,11.337
10913,15282,145.086
10914,10904,67.749
10914,10912,68.234
10914,10913,11.337
10915,10935,13.689
10915,10937,67.013
10915,15276,70.938
10916,10935,28.347
10916,16805,5.313
10917,16805,2.653
10917,16806,79.118
10917,16807,78.453
10918,16804,87.866
10918,16805,32.509
10919,10921,87.797
10919,11830,136.391
10919,16804,47.570
10920,16804,34.910
10921,1396,201.852
10921,10919,87.797
10921,15276,47.300
10922,1426,105.144
10922,10925,85.334
10922,16810,59.233
10923,10932,41.018
10923,10933,42.716
10923,10936,17.307
10924,15269,8.836
10924,15270,378.175
10924,16808,89.196
10925,10922,85.334
10925,10927,74.325
10925,14438,134.180
10926,10927,114.850
10926,10931,66.714
10926,16809,42.433
10927,10925,74.325
10927,10926,114.850
10927,10928,50.939
10927,14441,66.685
10928,10927,50.939
10928,10929,98.160
10928,16810,43.034
10929,10928,98.160
10929,16809,6.602
10930,10932,11.821
10930,10934,30.603
10931,10926,66.714
10931,10932,20.176
10931,15269,79.341
10931,16808,15.325
10932,10923,41.018
10932,10930,11.821
10932,10931,20.176
10933,10923,42.716
10933,10934,41.371
10933,10938,13.261
10934,10930,30.603
10934,10933,41.371
10934,16809,9.519
10935,10915,13.689
10935,10916,28.347
10935,10936,92.494
10936,10923,17.307
10936,10935,92.494
10936,15269,47.519
10937,10915,67.013
10937,10940,36.401
10937,10941,18.274
10938,10933,13.261
10938,10940,63.966
10938,16810,90.952
10939,10940,42.322
10940,10937,36.401
10940,10938,63.966
10940,10939,42.322
10940,16952,70.060
10941,1426,116.890
10941,10937,18.274
10941,10944,40.248
10942,10944,60.306
10943,1413,37.679
10943,1426,37.455
10943,10944,118.446
10944,10941,40.248
10944,10942,60.306
10944,10943,118.446
10945,3085,11.167
10945,10959,47.347
10945,10960,84.181
10946,10963,11.520
10946,10966,188.201
10947,3086,24.135
10947,10952,95.147
10947,15729,21.843
10948,10949,13.813
10948,10952,79.256
10948,10955,37.331
10949,10948,13.813
10949,10951,82.390
10949,10961,72.501
10949,10964,92.490
10950,10951,88.009
10950,11001,62.043
10950,15729,19.827
10951,10949,82.390
10951,10950,88.009
10951,10952,39.150
10951,10958,67.432
10952,10947,95.147
10952,10948,79.256
10952,10951,39.150
10952,10954,37.072
10953,3086,11.745
10953,11010,39.097
10953,15236,85.454
10954,10952,37.072
10954,10955,81.230
10954,15236,13.873
10955,10948,37.331
10955,10954,81.230
10955,10965,54.769
10955,10972,63.049
10956,10957,58.252
10956,10960,58.363
10956,10963,107.770
10957,10956,58.252
10957,10958,67.656
10957,10961,9.070
10958,10951,67.432
10958,10957,67.656
10958,10959,81.640
10958,10960,52.992
10959,10945,47.347
10959,10958,81.640
10959,11001,15.720
10960,10945,84.181
10960,10956,58.363
10960,10958,52.992
10961,10949,72.501
10961,10957,9.070
10961,10962,100.539
10962,10961,100.539
10962,10963,58.894
10962,10964,50.986
10963,10946,11.520
10963,10956,107.770
10963,10962,58.894
10964,10949,92.490
10964,10962,50.986
10964,14147,53.629
10964,15259,68.002
10965,10955,54.769
10965,14147,39.277
10966,485,55.123
10966,10946,188.201
10966,10968,83.546
10967,10968,88.068
10967,11159,199.102
10967,15258,168.389
10968,10966,83.546
10968,10967,88.068
10968,15259,156.072
10969,10972,82.013
10969,11174,27.050
10970,10971,25.520
10970,14147,65.491
10970,17670,6.616
10971,10970,25.520
10971,10972,76.520
10972,10955,63.049
10972,10969,82.013
10972,10971,76.520
10973,1369,72.063
10973,1371,46.633
10973,10974,210.736
10974,1371,172.790
10974,1372,200.171
10974,10973,210.736
10975,466,189.363
10975,10986,42.178
10976,10190,14.636
10976,10977,118.507
10977,10976,118.507
10977,10991,32.853
10977,10993,73.404
10978,10976,10.939
10978,10991,169.340
10979,10978,33.690
10979,10980,39.596
10980,462,42.281
10980,9290,57.028
10980,10979,39.596
10981,10982,60.406
10981,10985,208.322
10981,15286,208.156
10982,10981,60.406
10982,10984,22.283
10982,10989,44.327
10982,17549,36.550
10983,3079,45.964
10983,15286,12.142
10984,10982,22.283
10984,15286,126.217
10984,17549,48.708
10985,10981,208.322
10985,10989,119.285
10986,474,213.638
10986,10987,102.518
10987,10986,102.518
10987,10988,26.505
10987,17548,86.397
10987,17549,77.657
10988,10987,26.505
10988,10989,42.204
10988,15623,86.280
10989,10982,44.327
10989,10985,119.285
10989,10988,42.204
10990,464,50.997
10990,10993,9.009
10991,10977,32.853
10991,10978,169.340
10991,10992,25.914
10992,10991,25.914
10992,10993,33.331
10993,10977,73.404
10993,10990,9.009
10993,10992,33.331
10994,10997,44.083
10994,11755,106.911
10994,14145,33.267
10995,14145,60.734
10995,15567,3.104
10996,10997,96.110
10996,10999,22.807
10996,11002,65.595
10997,3069,3.245
10997,10994,44.083
10997,10996,96.110
10998,3069,87.419
10999,10996,22.807
10999,11000,59.116
10999,15567,17.989
11000,10999,59.116
11000,11001,55.678
11000,11002,43.076
11001,10950,62.043
11001,10959,15.720
11001,11000,55.678
11002,10996,65.595
11002,11000,43.076
11003,3078,76.710
11003,11004,109.981
11003,14974,56.199
11003,15635,29.412
11004,11003,109.981
11004,11005,19.167
11004,15635,87.420
11005,3076,97.679
11005,3083,89.668
11005,11004,19.167
11006,11019,65.417
11006,15238,7.149
11007,11078,82.899
11007,11083,108.816
11007,14149,58.166
11008,11009,15.127
11008,11122,32.446
11008,14804,60.894
11009,11008,15.127
11009,11114,144.655
11010,10953,39.097
11010,11016,11.110
11010,16456,84.391
11011,11013,60.230
11012,3070,106.118
11012,3073,228.115
11012,3075,104.823
11013,11011,60.230
11013,11014,90.610
11013,16456,51.433
11014,11013,90.610
11014,15700,42.988
11014,16979,6.427
11015,472,217.147
11016,470,56.674
11016,11010,11.110
11016,15161,87.785
11017,3080,93.864
11017,11021,49.659
11017,15679,62.393
11018,15679,44.004
11018,15682,5.758
11019,11006,65.417
11019,11022,6.604
11019,11027,34.802
11020,11022,36.709
11020,11024,50.173
11020,11026,22.533
11021,3084,116.269
11021,15678,63.700
11022,11019,6.604
11022,11020,36.709
11022,17498,97.105
11023,3077,25.759
11023,11061,83.133
11023,17498,29.564
11024,11020,50.173
11024,11025,127.442
11024,15678,6.967
11025,471,39.595
11025,3077,13.033
11025,11024,127.442
11026,11020,22.533
11026,11027,51.907
11027,3076,97.250
11027,11019,34.802
11027,11026,51.907
11028,11053,13.261
11028,11055,30.526
11029,11032,58.709
11029,11054,52.439
11029,16655,173.569
11030,10027,10.100
11030,11060,13.567
11031,10027,35.459
11031,11032,67.677
11031,11033,31.819
11032,11031,67.677
11032,11087,17.153
11033,11031,31.819
11033,11056,30.100
11034,11050,17.938
11034,11085,16.137
11035,11045,16.943
11035,11047,33.424
11035,11050,46.085
11036,336,76.500
11036,11445,56.845
11036,15333,41.153
11037,15333,140.331
11038,335,28.559
11038,16654,160.179
11039,11040,248.441
11039,14178,11.786
11040,11039,248.441
11041,11055,113.240
11041,16573,22.049
11042,16573,25.538
11043,11039,17.345
11043,11044,68.682
11044,11043,68.682
11044,11045,16.721
11045,11035,16.943
11045,11044,16.721
11045,11046,16.692
11046,11045,16.692
11047,11035,33.424
11047,11048,42.229
11048,11047,42.229
11048,16209,41.620
11048,16210,65.138
11049,11051,17.501
11049,11055,19.000
11050,11034,17.938
11050,11035,46.085
11050,11051,54.350
11051,11049,17.501
11051,11050,54.350
11051,11052,68.327
11052,11051,68.327
11053,11028,13.261
11053,11056,23.928
11054,11029,52.439
11054,11056,45.221
11055,11028,30.526
11055,11041,113.240
11055,11049,19.000
11056,11033,30.100
11056,11053,23.928
11056,11054,45.221
11056,11057,29.579
11057,11056,29.579
11057,14697,20.108
11058,10027,66.711
11058,11093,9.906
11058,11123,31.749
11058,14694,42.616
11059,11060,42.474
11059,11100,42.209
11060,11030,13.567
11060,11059,42.474
11061,472,23.390
11061,15731,34.463
11062,11068,110.200
11062,15169,19.507
11062,16979,62.333
11063,10023,25.534
11063,11066,79.644
11063,11068,98.300
11064,3087,82.912
11064,10023,111.078
11064,14802,80.754
11065,10023,168.986
11065,15166,45.048
11066,11063,79.644
11066,11067,60.735
11066,11069,116.236
11066,17552,68.004
11067,3087,83.394
11067,11066,60.735
11067,14149,45.315
11068,11062,110.200
11068,11063,98.300
11068,11069,64.611
11069,3088,126.604
11069,11066,116.236
11069,11068,64.611
11070,11072,44.667
11070,11077,35.285
11070,16574,34.941
11071,11072,84.368
11071,11080,20.980
11071,11083,71.103
11072,3088,75.445
11072,11070,44.667
11072,11071,84.368
11072,15731,122.196
11073,472,32.776
11073,11074,40.878
11074,11073,40.878
11074,11075,45.761
11074,11895,102.980
11075,11074,45.761
11075,15732,36.612
11076,11077,141.332
11076,16851,6.938
11077,333,120.299
11077,11070,35.285
11077,11076,141.332
11078,3074,33.515
11078,11007,82.899
11078,11079,98.604
11078,14152,51.630
11079,11078,98.604
11079,11080,23.796
11079,15168,82.137
11080,11071,20.980
11080,11079,23.796
11080,11081,165.885
11080,11082,30.695
11081,11076,45.007
11081,11080,165.885
11082,11080,30.695
11083,3088,88.472
11083,11007,108.816
11083,11071,71.103
11084,11075,99.444
11084,16571,83.922
11085,11034,16.137
11085,11519,50.420
11085,14696,89.587
11086,11295,8.846
11086,11519,30.701
11087,11059,28.265
11087,14762,188.305
11088,3074,142.397
11088,10026,40.824
11088,11089,116.823
11089,3067,112.163
11089,11088,116.823
11090,11113,107.692
11090,16572,34.342
11091,11092,29.037
11091,11113,11.212
11092,11091,29.037
11092,11093,71.061
11092,16853,20.894
11093,11058,9.906
11093,11092,71.061
11094,11090,49.598
11094,12225,120.620
11095,6238,8.320
11095,11096,101.385
11095,11284,88.713
11096,11095,101.385
11096,14695,28.451
11096,17755,69.833
11097,11112,115.880
11097,14694,58.444
11097,17755,60.233
11098,11099,30.024
11099,11098,30.024
11099,11100,3.304
11100,11094,10.995
11100,11099,3.304
11101,16572,69.145
11102,10026,92.893
11102,11124,85.522
11102,11125,22.734
11103,11121,28.286
11103,11125,11.474
11104,11117,27.625
11104,16930,10.481
11105,11115,88.684
11105,14969,99.891
11105,15070,87.371
11106,11109,65.113
11106,11114,39.760
11106,14154,34.741
11107,14161,8.726
11107,14597,60.739
11108,14630,22.810
11108,17502,31.425
11109,11106,65.113
11109,16930,95.926
11109,17502,74.347
11110,11111,58.074
11110,16930,42.316
11111,11110,58.074
11111,14598,180.956
11111,15234,111.091
11112,11097,115.880
11112,11124,18.922
11113,10026,37.666
11113,11090,107.692
11113,11091,11.212
11114,11009,144.655
11114,11106,39.760
11114,11115,7.982
11115,11105,88.684
11115,11114,7.982
11115,11116,90.175
11116,11115,90.175
11116,14630,52.525
11117,11104,27.625
11117,11118,71.959
11117,11119,17.261
11118,11117,71.959
11119,11117,17.261
11119,11120,14.238
11120,11119,14.238
11120,11121,10.883
11121,11103,28.286
11121,11120,10.883
11121,14150,191.819
11122,11008,32.446
11122,11129,31.099
11122,14150,40.223
11123,11058,31.749
11123,11124,89.700
11124,11102,85.522
11124,11112,18.922
11124,11123,89.700
11125,11102,22.734
11125,11103,11.474
11125,11126,51.102
11126,11125,51.102
11126,11127,122.864
11126,14152,63.457
11127,11126,122.864
11127,11128,41.614
11128,11127,41.614
11128,11130,64.763
11129,3087,45.562
11129,10024,56.036
11129,11122,31.099
11130,10024,28.687
11130,11128,64.763
11131,11107,67.943
11131,15069,33.198
11132,11136,39.643
11132,15067,22.760
11133,11136,87.210
11133,11143,77.277
11133,15026,103.921
11134,15065,26.790
11134,17553,104.232
11134,17555,19.378
11135,11142,14.396
11135,11147,19.437
11136,11132,39.643
11136,11133,87.210
11136,11140,67.595
11137,11140,117.061
11137,11204,85.068
11137,16931,112.640
11138,11139,73.128
11138,15067,47.035
11138,15069,50.117
11139,11138,73.128
11139,11140,108.577
11139,17170,20.961
11140,11136,67.595
11140,11137,117.061
11140,11139,108.577
11141,11142,50.451
11142,11135,14.396
11142,11141,50.451
11142,11143,39.360
11143,11133,77.277
11143,11142,39.360
11143,11180,76.612
11144,11192,75.582
11144,11204,52.896
11144,11219,66.055
11145,11146,43.884
11145,15026,74.106
11146,11145,43.884
11146,11147,45.362
11147,11135,19.437
11147,11146,45.362
11147,14679,7.644
11148,11149,173.777
11148,11153,71.531
11148,14679,87.548
11149,11148,173.777
11149,11178,50.835
11149,16479,72.741
11150,11151,63.174
11150,11188,62.701
11150,16793,67.540
11151,11150,63.174
11151,11161,46.026
11152,11219,87.260
11152,11222,24.041
11152,14163,139.251
11153,11148,71.531
11153,14654,5.021
11154,206,56.325
11154,11155,146.256
11154,11222,129.051
11155,1441,72.866
11155,11154,146.256
11155,11156,59.618
11156,11155,59.618
11156,11157,43.812
11156,14658,34.933
11157,11156,43.812
11158,11159,156.444
11158,11161,95.066
11158,11191,124.480
11159,10967,199.102
11159,11158,156.444
11159,11160,108.894
11160,11159,108.894
11160,11162,59.425
11160,11164,149.668
11161,11151,46.026
11161,11158,95.066
11161,11162,78.828
11162,11160,59.425
11162,11161,78.828
11162,11163,60.497
11163,11162,60.497
11164,11160,149.668
11164,11165,92.122
11164,11170,97.408
11165,11164,92.122
11165,11166,58.294
11165,11185,21.649
11166,11165,58.294
11166,11171,49.946
11167,11176,131.369
11167,16977,49.611
11168,11065,11.020
11168,11169,107.500
11169,11168,107.500
11169,14148,83.205
11170,11164,97.408
11171,11166,49.946
11171,11176,28.801
11171,14148,88.128
11172,11173,155.427
11172,11174,28.681
11172,14148,78.922
11173,11172,155.427
11173,15164,26.957
11174,10969,27.050
11174,11172,28.681
11174,11175,80.506
11175,11174,80.506
11175,14659,17.244
11176,11167,131.369
11176,11171,28.801
11176,11183,187.849
11177,11183,93.268
11177,16876,18.966
11178,11149,50.835
11178,11179,153.745
11178,11186,62.529
11179,10047,13.233
11179,11178,153.745
11179,11180,83.337
11180,11143,76.612
11180,11179,83.337
11180,17555,105.916
11181,10047,45.828
11181,11182,142.543
11182,11181,142.543
11182,11183,20.138
11182,14969,137.563
11183,11176,187.849
11183,11177,93.268
11183,11182,20.138
11184,11185,57.698
11185,11165,21.649
11185,11184,57.698
11185,11187,97.707
11186,11178,62.529
11186,11188,41.776
11186,11190,129.682
11187,11185,97.707
11187,11190,57.841
11187,16793,19.884
11188,11150,62.701
11188,11186,41.776
11188,11189,39.353
11189,11188,39.353
11189,11190,50.272
11190,11186,129.682
11190,11187,57.841
11190,11189,50.272
11191,11158,124.480
11192,11144,75.582
11192,11193,59.431
11192,15026,50.464
11193,11192,59.431
11194,482,181.698
11194,11281,94.084
11194,14169,37.074
11195,11211,172.609
11195,11270,147.241
11195,11271,49.632
11196,11278,225.145
11197,482,6.453
11197,11198,70.063
11198,11197,70.063
11198,11199,190.574
11198,11810,93.074
11199,11198,190.574
11199,11200,131.442
11200,11199,131.442
11200,11201,4.631
11201,11200,4.631
11201,11206,47.450
11201,11213,30.860
11202,11203,86.197
11202,11213,25.299
11202,11215,48.689
11203,11202,86.197
11203,11205,63.424
11204,11137,85.068
11204,11144,52.896
11204,11205,154.536
11205,11203,63.424
11205,11204,154.536
11206,11201,47.450
11206,11207,34.524
11206,11212,44.303
11207,11206,34.524
11207,11208,114.025
11207,11209,83.691
11208,11207,114.025
11208,11211,34.209
11208,14169,112.237
11209,11207,83.691
11209,11210,76.830
11209,11255,42.154
11210,11209,76.830
11210,11211,78.490
11211,11195,172.609
11211,11208,34.209
11211,11210,78.490
11212,11206,44.303
11213,11201,30.860
11213,11202,25.299
11213,11214,83.715
11214,11213,83.715
11215,11202,48.689
11215,11216,116.767
11216,11215,116.767
11216,11225,38.830
11217,11218,29.974
11217,11225,35.392
11218,11217,29.974
11219,11144,66.055
11219,11152,87.260
11219,11220,182.488
11220,11219,182.488
11220,11221,7.410
11220,11268,86.724
11221,11220,7.410
11222,11152,24.041
11222,11154,129.051
11222,11223,36.491
11223,11222,36.491
11223,11224,65.117
11223,11268,147.547
11224,11223,65.117
11224,11227,31.859
11225,11216,38.830
11225,11217,35.392
11225,11269,38.424
11226,11228,34.643
11226,11269,42.426
11227,11224,31.859
11227,11228,139.830
11227,11267,86.959
11228,11226,34.643
11228,11227,139.830
11228,11229,49.463
11229,11228,49.463
11229,11254,55.187
11230,11232,19.998
11230,11233,9.762
11231,11232,40.268
11232,11230,19.998
11232,11231,40.268
11233,11230,9.762
11233,11236,65.781
11233,11237,25.774
11234,11235,20.019
11234,11237,2.282
11234,11238,15.755
11235,11234,20.019
11235,11242,15.641
11235,15231,51.368
11236,11233,65.781
11236,11237,59.419
11236,11253,26.132
11237,11233,25.774
11237,11234,2.282
11237,11236,59.419
11238,11234,15.755
11238,11239,28.413
11238,11242,20.400
11239,11238,28.413
11240,11241,27.687
11240,11242,20.449
11240,15231,43.310
11241,11240,27.687
11241,11246,30.943
11242,11235,15.641
11242,11238,20.400
11242,11240,20.449
11243,15232,441.823
11244,14170,14.553
11244,15231,47.752
11245,11246,27.422
11245,11249,41.444
11245,15230,35.156
11246,11241,30.943
11246,11245,27.422
11246,11247,37.548
11247,11246,37.548
11247,14171,66.656
11247,15230,27.930
11247,15231,54.185
11248,15230,50.336
11249,11245,41.444
11249,11250,32.036
11249,11280,106.675
11250,11249,32.036
11250,11251,76.128
11250,15230,38.560
11250,15232,110.808
11251,11250,76.128
11251,14171,60.090
11251,15007,2.428
11252,11265,71.027
11252,15007,54.046
11253,11236,26.132
11253,11254,35.948
11254,11229,55.187
11254,11253,35.948
11254,11259,23.852
11255,11209,42.154
11255,11261,1.979
11256,11257,47.894
11256,11259,40.588
11256,11260,93.834
11257,11256,47.894
11257,11258,29.444
11257,11265,33.038
11258,11257,29.444
11259,11254,23.852
11259,11256,40.588
11260,11256,93.834
11260,11261,86.915
11261,11255,1.979
11261,11260,86.915
11261,11262,70.288
11262,11261,70.288
11262,11263,21.745
11263,11262,21.745
11263,11264,65.145
11263,11266,26.491
11264,11263,65.145
11264,11265,24.849
11265,11252,71.027
11265,11257,33.038
11265,11264,24.849
11265,14172,39.037
11266,11263,26.491
11267,11227,86.959
11268,11220,86.724
11268,11223,147.547
11268,11269,54.186
11269,11225,38.424
11269,11226,42.426
11269,11268,54.186
11270,11195,147.241
11270,11271,91.152
11270,11272,127.461
11271,11195,49.632
11271,11270,91.152
11271,11433,48.941
11272,11270,127.461
11272,11273,6.574
11272,11277,82.306
11273,11272,6.574
11273,11274,38.269
11274,11273,38.269
11274,11275,7.052
11274,11279,64.149
11275,11274,7.052
11275,11276,34.031
11276,11275,34.031
11276,14805,68.054
11276,15007,55.836
11277,11272,82.306
11277,11278,136.169
11277,11279,44.405
11278,11196,225.145
11278,11277,136.169
11278,11433,74.144
11279,11274,64.149
11279,11277,44.405
11279,14805,47.518
11280,11249,106.675
11280,15232,22.765
11281,11194,94.084
11281,11288,9.054
11282,11281,98.786
11282,11283,212.738
11283,11282,212.738
11283,15228,63.735
11284,11095,88.713
11284,11285,86.803
11284,12731,80.562
11285,11284,86.803
11286,11287,66.486
11286,14169,100.364
11286,16983,60.485
11287,11286,66.486
11287,11289,35.378
11287,11290,19.106
11288,11286,23.503
11288,11289,66.324
11289,11287,35.378
11289,11288,66.324
11289,11354,108.938
11290,11287,19.106
11290,16984,19.317
11291,11296,4.615
11291,11297,24.888
11292,11293,108.213
11292,11296,61.503
11292,11323,107.562
11293,11292,108.213
11293,11294,74.226
11293,15228,46.202
11294,11293,74.226
11294,15083,63.675
11295,11086,8.846
11295,14176,111.769
11295,15083,30.854
11296,11291,4.615
11296,11292,61.503
11296,11353,219.273
11297,11291,24.888
11297,11298,55.513
11297,11353,24.829
11298,11297,55.513
11299,11305,34.917
11299,14177,57.997
11299,16210,62.458
11300,11304,19.499
11300,11305,3.018
11301,336,58.059
11301,11302,22.124
11302,11301,22.124
11302,11303,33.726
11302,11307,107.346
11303,11302,33.726
11303,11304,52.831
11303,14183,26.238
11304,11300,19.499
11304,11303,52.831
11304,11321,26.867
11305,11299,34.917
11305,11300,3.018
11305,11306,57.287
11306,11305,57.287
11306,14177,45.386
11307,11302,107.346
11307,11326,26.622
11307,14184,54.749
11308,11324,32.624
11308,11326,12.688
11308,14180,52.318
11309,11310,17.568
11309,11324,62.819
11309,14185,39.250
11310,11309,17.568
11310,11311,42.729
11310,11314,66.836
11311,11310,42.729
11311,11319,16.530
11312,11313,34.309
11313,11312,34.309
11313,11318,44.152
11314,11310,66.836
11314,11315,55.693
11315,11314,55.693
11315,11316,14.116
11315,11318,44.769
11316,11315,14.116
11316,11317,36.564
11316,15229,44.886
11317,11316,36.564
11317,11364,46.988
11318,11313,44.152
11318,11315,44.769
11318,11323,21.173
11319,11311,16.530
11319,11320,32.697
11319,14181,63.932
11320,11319,32.697
11320,11321,64.730
11321,11304,26.867
11321,11320,64.730
11321,14182,18.583
11322,11364,38.227
11322,14671,31.638
11323,11292,107.562
11323,11318,21.173
11324,11308,32.624
11324,11309,62.819
11324,11325,28.409
11325,11324,28.409
11325,11327,41.532
11325,14185,60.163
11325,15226,58.529
11326,11307,26.622
11326,11308,12.688
11326,11327,39.681
11327,11325,41.532
11327,11326,39.681
11327,11337,127.286
11327,14187,89.096
11328,11329,44.156
11328,11337,20.461
11329,11328,44.156
11329,11330,18.952
11329,14189,11.828
11330,11329,18.952
11330,11332,95.405
11330,11350,6.385
11331,11332,89.849
11331,11454,31.021
11332,11330,95.405
11332,11331,89.849
11332,14188,68.449
11333,11343,5.343
11333,11394,72.879
11333,15324,30.907
11334,11343,47.062
11334,11396,6.574
11335,338,8.371
11335,11336,95.394
11336,11335,95.394
11336,11337,64.453
11337,11327,127.286
11337,11328,20.461
11337,11336,64.453
11338,11350,94.909
11338,11451,42.019
11338,11453,96.922
11339,481,82.547
11339,11383,21.174
11339,16984,86.731
11340,11352,2.258
11340,11370,45.936
11340,15071,39.029
11341,11360,36.749
11341,11363,37.215
11341,14190,74.389
11342,11345,114.540
11342,11393,10.501
11342,11402,47.088
11343,11333,5.343
11343,11334,47.062
11343,11344,59.208
11344,11343,59.208
11345,11342,114.540
11345,11346,30.298
11345,14193,26.286
11346,11345,30.298
11346,11347,45.961
11347,11346,45.961
11347,11348,24.233
11348,11347,24.233
11348,14186,4.113
11349,14186,14.317
11349,15227,37.869
11350,11330,6.385
11350,11338,94.909
11350,11351,46.380
11351,11350,46.380
11352,11340,2.258
11352,11353,161.043
11352,11356,56.729
11353,11296,219.273
11353,11297,24.829
11353,11352,161.043
11353,11354,43.630
11354,11289,108.938
11354,11353,43.630
11354,11355,20.412
11355,11354,20.412
11355,11356,131.947
11355,17556,29.186
11356,11352,56.729
11356,11355,131.947
11356,11383,67.259
11357,11358,98.916
11357,11360,40.401
11357,11370,43.602
11358,11357,98.916
11358,11359,30.561
11359,11358,30.561
11359,11360,115.672
11359,14670,20.089
11360,11341,36.749
11360,11357,40.401
11360,11359,115.672
11360,11376,48.906
11361,11362,124.326
11361,11374,44.525
11361,14192,90.551
11362,11361,124.326
11362,11363,17.601
11362,11376,40.145
11363,11341,37.215
11363,11362,17.601
11363,11402,52.095
11364,11317,46.988
11364,11322,38.227
11364,14670,45.121
11365,11366,33.576
11365,11368,7.011
11366,11365,33.576
11366,11367,5.474
11366,14193,79.870
11367,11366,5.474
11368,11365,7.011
11368,14193,30.329
11368,16724,8.900
11369,14193,16.282
11370,11340,45.936
11370,11357,43.602
11370,14191,57.309
11371,11375,57.222
11371,11427,2.754
11372,11373,54.027
11372,11430,80.268
11373,11372,54.027
11373,11428,86.222
11374,11361,44.525
11374,11375,99.038
11374,11376,58.903
11375,11371,57.222
11375,11374,99.038
11375,11377,70.241
11376,11360,48.906
11376,11362,40.145
11376,11374,58.903
11376,11377,80.100
11377,11375,70.241
11377,11376,80.100
11377,14191,24.843
11378,11379,96.675
11378,11427,58.654
11378,11430,44.271
11379,10036,56.507
11379,11378,96.675
11379,15071,99.332
11380,11382,51.543
11380,11384,15.387
11381,11373,106.583
11381,11382,57.584
11382,11380,51.543
11382,11381,57.584
11383,11339,21.174
11383,11356,67.259
11383,11384,100.195
11384,10036,49.006
11384,11380,15.387
11384,11383,100.195
11385,10051,104.441
11385,11386,25.397
11385,11387,37.550
11386,11385,25.397
11386,14195,44.925
11387,11385,37.550
11388,11389,106.245
11388,11461,33.621
11389,11388,106.245
11389,11500,113.222
11389,14198,80.407
11390,11391,68.946
11390,11502,45.837
11390,15328,21.245
11391,11390,68.946
11392,11405,9.947
11392,11408,31.475
11393,11342,10.501
11393,11395,96.258
11393,11396,48.120
11394,11333,72.879
11394,11397,43.136
11394,11398,61.630
11395,11393,96.258
11395,11397,49.713
11395,11400,39.225
11395,11404,60.054
11396,11334,6.574
11396,11393,48.120
11396,11397,97.634
11397,11394,43.136
11397,11395,49.713
11397,11396,97.634
11398,11394,61.630
11398,11399,96.784
11398,15326,102.920
11399,11398,96.784
11399,11400,28.007
11399,11408,132.980
11400,11395,39.225
11400,11399,28.007
11400,11401,60.680
11401,11400,60.680
11401,11404,35.629
11401,14206,85.054
11402,11342,47.088
11402,11363,52.095
11402,11403,26.236
11403,11402,26.236
11403,11404,79.629
11403,14199,23.785
11404,11395,60.054
11404,11401,35.629
11404,11403,79.629
11405,11392,9.947
11405,11406,43.195
11405,11409,104.267
11406,11405,43.195
11406,11407,64.787
11406,11410,123.917
11407,11406,64.787
11407,11416,28.746
11408,11392,31.475
11408,11399,132.980
11408,14206,218.971
11409,11405,104.267
11410,11406,123.917
11410,11411,8.820
11410,11415,30.654
11411,11410,8.820
11411,11412,62.845
11412,11411,62.845
11412,11414,47.319
11412,14204,55.729
11413,11414,121.018
11414,11412,47.319
11414,11413,121.018
11414,11415,57.313
11415,11410,30.654
11415,11414,57.313
11415,14207,118.022
11416,11407,28.746
11416,11492,4.964
11416,14209,33.418
11417,11492,637.622
11418,11419,103.955
11419,11418,103.955
11419,11420,57.116
11420,11419,57.116
11420,11422,47.087
11420,11432,29.414
11421,11422,118.868
11422,11420,47.087
11422,11421,118.868
11422,15225,14.079
11424,11425,38.318
11424,15225,112.229
11425,11424,38.318
11425,11426,36.691
11426,10034,76.679
11426,11425,36.691
11426,11429,53.648
11427,11371,2.754
11427,11378,58.654
11427,14201,85.711
11428,11423,194.573
11428,11429,170.624
11429,11426,53.648
11429,11428,170.624
11429,11430,60.039
11430,11372,80.268
11430,11378,44.271
11430,11429,60.039
11430,14174,37.934
11431,10034,61.425
11431,11432,98.349
11431,14200,15.527
11432,11420,29.414
11432,11431,98.349
11433,11271,48.941
11433,11278,74.144
11433,11436,47.230
11434,11435,62.476
11434,11436,111.002
11435,11434,62.476
11436,11433,47.230
11436,11434,111.002
11436,11437,56.012
11437,11436,56.012
11437,11438,38.562
11438,11437,38.562
11438,11439,59.487
11439,11438,59.487
11439,11440,19.322
11440,11439,19.322
11440,11441,10.471
11441,11440,10.471
11442,11443,42.410
11443,11442,42.410
11443,11444,12.131
11444,11443,12.131
11445,337,48.369
11445,11036,56.845
11445,11446,100.235
11446,11445,100.235
11447,337,46.187
11447,11448,77.375
11448,11447,77.375
11448,11449,9.623
11449,11448,9.623
11450,338,182.474
11451,11335,41.640
11451,11452,178.581
11452,11451,178.581
11453,11338,96.922
11454,11338,58.004
11454,11455,151.709
11455,11454,151.709
11455,11456,21.731
11456,11455,21.731
11457,11458,86.301
11457,14196,50.453
11458,11457,86.301
11459,15330,13.667
11459,16211,73.041
11460,15330,80.538
11461,11459,49.751
11461,15331,15.739
11462,11463,107.084
11462,11464,171.502
11462,15331,3.468
11463,11462,107.084
11464,11462,171.502
11464,11466,8.425
11465,11466,72.847
11466,11464,8.425
11466,11465,72.847
11466,11467,34.968
11467,11466,34.968
11467,11476,9.228
11467,11478,25.091
11468,11476,33.121
11469,11470,29.176
11469,11471,3.790
11470,11469,29.176
11471,11469,3.790
11471,11472,44.066
11471,11478,31.966
11472,11471,44.066
11472,11473,27.242
11472,11477,32.810
11472,11483,24.947
11473,11472,27.242
11473,11480,21.948
11474,11475,20.123
11474,11477,26.443
11475,11474,20.123
11475,11476,31.833
11475,11479,43.637
11476,11467,9.228
11476,11468,33.121
11476,11475,31.833
11477,11472,32.810
11477,11474,26.443
11477,11478,46.054
11478,11467,25.091
11478,11471,31.966
11478,11477,46.054
11479,11475,43.637
11480,11473,21.948
11481,11482,21.983
11481,11483,18.101
11482,11481,21.983
11482,11485,89.790
11482,11486,111.360
11483,11472,24.947
11483,11481,18.101
11483,11484,65.756
11484,11483,65.756
11485,11482,89.790
11485,11497,42.827
11486,11482,111.360
11487,10052,161.597
11487,11488,94.374
11488,11487,94.374
11489,10052,37.418
11489,11490,278.362
11490,11489,278.362
11490,11491,213.699
11491,11490,213.699
11492,11416,4.964
11492,11417,637.622
11492,11513,155.836
11493,11494,45.387
11493,11498,23.516
11493,11513,70.422
11494,11493,45.387
11494,11495,111.323
11495,11494,111.323
11495,11496,24.709
11496,11495,24.709
11496,11497,82.187
11496,11507,171.306
11497,11388,106.740
11497,11496,82.187
11498,11493,23.516
11498,11499,64.848
11498,14208,64.543
11499,11498,64.848
11499,11500,46.204
11499,11501,27.022
11499,11502,66.166
11500,11389,113.222
11500,11499,46.204
11500,15328,45.484
11501,11499,27.022
11502,11390,45.837
11502,11499,66.166
11502,11503,17.641
11503,11502,17.641
11503,11504,34.319
11503,11505,38.678
11504,11503,34.319
11505,11503,38.678
11505,11506,19.923
11506,11505,19.923
11507,11496,171.306
11507,11508,141.408
11508,11507,141.408
11509,11485,119.998
11509,11511,37.891
11510,11511,17.246
11511,11509,37.891
11511,11510,17.246
11511,11512,110.131
11512,11511,110.131
11513,11492,155.836
11513,11493,70.422
11513,11514,241.687
11514,11513,241.687
11515,11516,44.323
11515,11517,16.470
11516,10107,98.688
11516,11515,44.323
11517,10106,2.934
11517,11515,16.470
11517,11518,36.942
11518,11517,36.942
11519,6238,123.631
11519,11085,50.420
11519,11086,30.701
11519,14177,47.693
11520,10889,37.218
11520,10901,45.497
11520,11521,82.702
11521,11520,82.702
11521,11522,16.043
11522,11521,16.043
11522,11523,50.705
11523,11522,50.705
11523,11524,23.370
11524,11523,23.370
11524,11525,74.769
11525,11524,74.769
11525,11529,42.387
11525,14767,50.031
11526,11527,11.160
11526,11529,25.486
11527,11526,11.160
11527,11528,73.666
11527,11531,64.071
11528,10601,70.697
11528,11527,73.666
11528,14495,34.904
11529,11525,42.387
11529,11526,25.486
11529,11530,42.910
11530,11529,42.910
11530,11532,24.779
11531,11527,64.071
11531,11532,46.166
11531,11533,51.911
11532,11530,24.779
11532,11531,46.166
11532,11536,34.663
11533,11531,51.911
11533,11534,47.002
11533,11536,66.882
11534,11533,47.002
11534,11535,42.314
11535,10888,61.066
11535,11534,42.314
11535,11536,38.023
11536,11532,34.663
11536,11533,66.882
11536,11535,38.023
11537,1416,97.926
11537,11538,23.626
11537,14414,19.981
11538,11537,23.626
11538,14497,11.772
11539,14497,31.359
11540,10570,63.125
11540,10601,29.510
11540,11541,102.335
11541,11540,102.335
11542,665,31.277
11542,854,32.324
11542,11543,37.283
11543,11542,37.283
11544,13319,25.712
11545,11554,300.988
11546,647,82.407
11546,10452,99.494
11547,11548,256.320
11547,17431,494.968
11548,17574,38.007
11549,11945,67.439
11549,14449,35.612
11549,14489,24.090
11550,11545,53.569
11553,10504,267.023
11553,11554,912.378
11554,10464,2577.125
11555,3349,170.311
11555,3351,106.819
11556,10465,336.055
11557,12932,117.753
11557,14478,117.075
11558,9364,9.022
11559,11562,1640.652
11560,327,48.586
11561,11559,1641.381
11561,11562,8.805
11562,11558,22.162
11562,11563,90.941
11563,11564,229.042
11563,11567,20.952
11563,12322,525.120
11564,14136,87.441
11565,326,38.887
11565,11566,26.207
11566,11567,201.930
11566,11880,105.019
11567,11563,20.952
11567,11568,73.377
11567,11771,48.665
11568,11558,17.764
11569,11570,52.584
11569,16430,100.571
11570,11898,709.110
11571,17043,393.988
11572,9357,95.485
11572,12263,55.680
11572,16737,145.249
11573,11560,3.839
11573,11849,251.923
11574,283,7.985
11574,11575,61.449
11575,11581,59.771
11575,11770,44.414
11575,11772,10.858
11576,11578,88.675
11576,14794,159.000
11577,9356,226.325
11578,9356,10.216
11578,14794,10.363
11579,11576,16.468
11580,11581,8.722
11580,11772,52.025
11581,11579,67.466
11581,11580,8.722
11582,10900,94.237
11582,14519,57.114
11583,1019,7.741
11583,11584,53.650
11584,11583,53.650
11585,992,45.459
11586,14305,5.878
11587,14305,6.631
11588,6261,386.094
11589,11592,268.924
11589,14372,79.076
11589,15475,7.555
11590,9601,238.867
11590,9602,191.985
11590,11592,54.635
11591,9601,47.192
11591,11592,241.753
11591,12655,67.600
11592,11589,268.924
11592,11590,54.635
11592,11591,241.753
11593,9796,27.491
11593,11594,21.011
11594,4509,46.544
11594,11593,21.011
11594,17636,124.101
11595,9793,74.270
11595,11596,45.130
11596,9791,2.797
11596,11595,45.130
11596,11636,33.140
11597,4518,11.148
11597,4521,66.733
11597,15857,95.592
11598,89,87.234
11598,11746,35.262
11598,12559,31.454
11599,10171,24.109
11599,10644,234.093
11599,13260,34.571
11600,10657,204.082
11600,10853,170.578
11600,10863,124.904
11601,11551,1084.176
11602,11547,2799.952
11603,457,140.765
11604,14305,6.987
11605,1041,126.118
11605,9653,151.493
11606,4054,121.825
11607,8880,406.689
11607,8886,146.667
11607,8903,49.486
11608,1519,51.489
11608,11609,33.886
11609,1190,52.605
11609,1200,50.919
11609,11608,33.886
11610,28,163.628
11610,3065,130.482
11610,9308,95.569
11611,10496,43.985
11611,12104,18.593
11612,672,215.117
11612,4049,61.382
11613,398,11.938
11613,11614,60.532
11614,312,84.098
11614,946,120.513
11615,394,9.447
11615,417,150.616
11616,191,103.359
11616,11617,517.131
11616,11619,15.517
11617,3101,172.736
11617,12182,246.705
11618,12182,12.499
11618,17266,38.537
11619,3167,380.303
11620,11621,37.899
11620,11693,184.134
11620,12005,86.858
11620,17815,214.096
11621,10662,16.972
11621,11620,37.899
11622,3096,16.462
11622,10494,80.659
11623,920,61.375
11623,925,37.362
11623,9291,48.947
11624,11793,107.840
11624,17800,7.190
11625,11794,563.815
11626,10836,41.726
11626,12197,57.633
11626,16820,64.239
11626,17712,20.192
11627,460,196.414
11628,17713,20.553
11629,11837,24.554
11630,479,126.944
11630,11631,161.311
11631,11629,226.890
11632,9246,10.537
11632,13584,29.531
11632,13599,146.515
11633,3092,10.317
11633,3106,24.388
11633,17820,15.518
11634,922,167.821
11634,12072,151.330
11634,12950,140.727
11635,1457,55.490
11635,12195,46.778
11636,11596,33.140
11636,11637,32.008
11636,11731,91.943
11637,4512,41.966
11637,11636,32.008
11637,11638,165.521
11638,4526,34.248
11638,11637,165.521
11638,17840,32.392
11639,4519,2.438
11639,4521,165.121
11639,9797,49.537
11640,4496,24.378
11640,4497,37.370
11640,11641,30.115
11641,4505,71.452
11641,11640,30.115
11641,17840,27.111
11642,8,44.453
11642,9,41.922
11642,7915,36.375
11643,5833,95.684
11643,11820,95.526
11643,16082,82.748
11643,16094,72.027
11644,5886,48.576
11644,5890,84.656
11644,5901,71.186
11645,9712,26.941
11645,11646,35.785
11646,10460,152.826
11647,9206,26.998
11648,11647,27.844
11649,2319,58.403
11649,2547,55.468
11649,13381,207.580
11650,3125,13.451
11650,14678,26.284
11651,17245,22.666
11652,15099,10.883
11652,17775,173.611
11653,443,190.984
11653,9310,81.604
11654,9552,254.666
11654,11655,150.751
11655,9552,167.870
11655,12614,7.171
11656,9249,32.903
11656,9250,43.179
11656,13022,56.812
11657,11658,20.474
11657,13022,43.426
11657,16870,54.944
11658,11657,20.474
11658,11659,26.225
11658,11660,8.025
11659,11658,26.225
11660,11658,8.025
11660,16178,11.438
11661,11662,38.195
11661,15209,56.864
11661,16178,72.194
11662,11661,38.195
11662,11664,68.454
11662,11672,46.096
11663,12304,59.479
11663,13059,4.430
11663,13776,102.052
11664,10524,29.061
11664,11662,68.454
11664,13024,34.423
11665,11666,37.451
11665,15209,33.218
11665,16841,22.518
11666,11665,37.451
11666,11667,56.690
11667,11666,56.690
11667,11668,5.601
11668,11667,5.601
11668,11670,73.746
11668,13058,55.477
11668,16760,21.020
11669,9981,86.797
11669,12869,33.523
11669,16156,14.747
11670,11668,73.746
11670,11671,124.590
11670,12869,27.971
11671,9271,52.126
11671,11670,124.590
11671,12789,24.163
11672,10046,44.554
11672,11662,46.096
11672,15209,47.310
11673,16880,14.813
11674,11675,63.018
11674,17229,300.615
11675,310,28.216
11675,11685,870.886
11676,11674,14.427
11677,303,31.727
11677,11678,30.290
11678,11676,34.344
11679,11675,319.978
11679,11682,9.237
11680,11683,13.357
11681,17231,88.570
11682,11680,10.132
11683,11681,89.179
11683,11684,10.036
11684,17231,8.459
11685,17798,17.135
11686,9473,42.688
11686,15404,58.232
11687,91,126.254
11687,12214,168.504
11688,12560,218.663
11689,11690,23.149
11689,12562,223.075
11690,9472,821.880
11691,11681,355.817
11692,3090,13.714
11692,11696,154.626
11693,27,16.135
11693,11620,184.134
11693,11694,16.159
11694,27,10.607
11694,9683,95.564
11694,11693,16.159
11694,17140,433.527
11695,11692,20.352
11695,17140,32.067
11695,17141,24.082
11696,6567,244.253
11696,11703,98.312
11697,59,43.459
11698,6717,208.074
11698,12076,11.565
11698,12077,9.264
11699,11700,56.614
11699,16414,143.034
11700,6820,65.407
11700,11706,64.934
11700,12079,9.993
11701,59,10.853
11701,13232,74.977
11701,16024,38.484
11702,11701,40.647
11703,68,13.785
11703,6571,243.871
11703,11702,91.490
11704,6829,72.466
11704,14488,5.400
11705,6739,8.646
11705,6828,79.731
11705,11704,198.849
11706,11707,74.128
11706,16802,53.529
11707,6814,169.216
11707,11705,99.998
11708,6754,10.068
11708,6831,95.766
11708,11713,233.092
11709,7573,160.542
11709,7746,15.417
11710,11709,15.909
11710,11711,14.396
11711,7519,87.517
11711,11709,13.657
11712,7513,67.755
11712,7514,8.284
11712,14988,97.496
11713,6831,253.699
11713,11712,74.266
11714,7528,177.595
11715,7739,10.273
11715,11812,57.657
11716,69,21.684
11716,7804,190.121
11717,11716,14.165
11717,17679,20.723
11718,54,12.743
11718,11742,91.471
11718,17136,25.561
11719,11722,76.835
11719,14550,112.785
11720,12047,14.671
11721,58,8.767
11721,4208,426.151
11721,16527,7.678
11722,38,9.931
11722,16522,55.603
11723,12075,11.712
11723,15023,107.308
11723,17354,103.492
11724,4165,53.622
11724,11725,33.960
11725,9296,23.826
11726,4201,107.917
11726,11724,82.260
11727,52,10.751
11727,16563,86.053
11728,11729,88.000
11729,567,11.898
11729,12098,24.245
11730,846,88.500
11730,9504,10.809
11730,17134,142.261
11731,11636,91.943
11732,9951,11.460
11733,11734,56.337
11733,16260,22.134
11733,16936,15.721
11734,11733,56.337
11734,11735,101.099
11734,11736,31.057
11735,11734,101.099
11735,16964,49.212
11735,17437,21.997
11736,9946,17.460
11736,11734,31.057
11736,11738,9.964
11737,9897,16.887
11737,11738,45.980
11738,9947,94.070
11738,11736,9.964
11738,11737,45.980
11739,12687,152.807
11740,4073,89.290
11741,11720,13.200
11741,11742,298.692
11742,9500,9.789
11742,11718,91.471
11742,11741,298.692
11743,3039,69.620
11743,3049,134.460
11743,11744,43.569
11744,100,75.700
11744,11743,43.569
11744,11745,74.812
11745,29,133.042
11745,3049,64.328
11745,11744,74.812
11746,11598,35.262
11746,12559,31.492
11746,12565,43.917
11747,14815,66.775
11748,102,25.833
11748,11749,139.754
11749,12256,54.049
11749,17714,143.249
11750,62,15.920
11750,2991,137.539
11750,17598,54.393
11751,104,12.236
11752,13428,13.169
11753,11754,18.895
11754,11753,18.895
11755,3072,85.191
11755,10994,106.911
11755,17665,75.371
11756,5800,18.006
11756,5810,66.019
11756,5819,108.860
11756,5878,53.774
11757,9346,63.140
11757,11758,74.334
11757,11760,47.452
11758,9352,62.621
11758,11757,74.334
11758,11759,79.926
11758,11761,45.699
11759,9339,64.997
11759,11758,79.926
11759,11762,46.377
11760,11757,47.452
11760,11761,73.115
11760,11763,47.896
11761,11758,45.699
11761,11760,73.115
11761,11762,79.878
11761,11764,47.794
11762,11759,46.377
11762,11761,79.878
11762,11765,43.882
11763,11760,47.896
11763,11764,73.990
11763,11766,47.600
11764,11761,47.794
11764,11763,73.990
11764,11765,77.903
11764,11767,44.609
11765,11762,43.882
11765,11764,77.903
11765,11768,47.451
11766,9363,82.727
11766,11763,47.600
11766,11767,77.113
11767,9355,70.272
11767,11764,44.609
11767,11766,77.113
11767,11768,73.732
11768,9334,50.028
11768,11765,47.451
11768,11767,73.732
11769,5775,25.462
11769,13410,144.162
11770,11568,57.212
11770,11771,79.282
11771,11567,48.665
11771,17177,73.433
11772,283,61.197
11772,11575,10.858
11773,586,38.898
11773,9435,126.378
11773,14102,46.212
11774,7751,88.881
11774,11717,100.212
11775,11777,57.132
11775,13758,70.980
11776,7740,192.684
11776,12866,57.994
11776,13758,51.009
11777,9394,97.565
11777,13802,76.030
11778,11776,62.734
11778,13760,50.297
11779,10241,58.073
11779,10251,55.814
11781,3079,340.461
11781,11788,7.727
11782,10990,15.739
11782,11781,28.656
11783,9345,78.748
11783,11784,24.830
11783,14613,44.565
11784,9345,76.798
11784,11783,24.830
11784,11785,79.477
11784,12684,106.502
11785,9343,249.184
11785,9352,261.774
11785,11784,79.477
11785,11786,77.484
11786,9346,259.743
11786,11785,77.484
11786,11835,249.483
11787,11788,182.568
11788,467,8.023
11788,11781,7.727
11788,11787,182.568
11789,11790,94.596
11789,11791,112.164
11789,11792,118.359
11790,11789,94.596
11790,11792,48.268
11791,11789,112.164
11792,10983,22.103
11792,11789,118.359
11793,193,217.549
11793,11794,15.952
11794,202,107.095
11794,11793,15.952
11795,5982,54.906
11795,7726,12.184
11796,11943,35.124
11796,12809,29.805
11796,13071,123.988
11797,9248,205.613
11797,13315,15.958
11798,11935,15.000
11798,13071,25.176
11798,13674,28.761
11798,16935,26.363
11799,9238,12.034
11799,11603,12.913
11799,12914,20.166
11800,10248,20.239
11800,15740,26.267
11801,8493,25.262
11801,11802,11.307
11802,11801,11.307
11802,15125,123.107
11802,17515,10.761
11803,12887,23.652
11803,14722,28.320
11803,17565,54.510
11804,10265,38.522
11804,10266,94.652
11804,11805,97.505
11804,13785,84.650
11805,10261,60.782
11805,11804,97.505
11805,13782,72.208
11806,10270,18.242
11806,10271,8.898
11806,12977,21.578
11807,9251,111.382
11807,13601,27.632
11808,154,159.248
11808,11809,22.285
11809,11808,22.285
11809,11886,133.207
11810,468,76.416
11810,11198,93.074
11810,16931,27.205
11811,11812,69.103
11811,11813,66.533
11811,11814,59.667
11812,10255,51.395
11812,11715,57.657
11812,11811,69.103
11813,7744,56.327
11813,11811,66.533
11814,10255,72.809
11814,11811,59.667
11814,13251,10.694
11815,11816,39.415
11815,17712,94.698
11815,17713,13.232
11816,10836,55.058
11816,11815,39.415
11816,12191,28.167
11817,151,153.461
11817,5809,22.576
11818,10230,175.746
11818,10235,58.084
11818,10236,7.204
11819,9330,12.535
11819,17265,111.999
11820,5834,138.209
11820,5889,70.464
11820,5897,29.309
11820,11643,95.526
11821,9252,37.912
11821,11914,6.655
11821,11924,178.890
11822,14341,3.782
11822,14639,296.805
11823,10912,198.159
11823,11824,74.687
11823,14639,129.207
11824,11823,74.687
11824,11825,90.439
11824,15282,94.752
11825,11824,90.439
11825,15270,253.769
11825,15281,88.853
11826,9234,41.860
11826,12771,21.651
11826,16440,87.421
11827,10466,6.063
11827,10467,366.285
11828,169,77.027
11828,174,150.181
11828,10020,79.564
11829,639,102.143
11829,672,109.644
11830,10919,136.391
11830,15270,105.127
11830,16807,208.783
11831,9765,27.100
11832,9769,85.113
11832,9770,27.599
11832,16101,124.307
11833,9770,19.327
11833,11834,82.262
11833,16104,60.600
11834,9769,48.991
11834,9771,46.350
11834,11833,82.262
11834,12065,67.604
11835,9343,66.126
11835,9354,173.505
11835,11786,249.483
11836,1378,125.767
11836,11837,218.594
11836,17257,24.549
11837,11815,38.614
11838,11839,58.290
11838,11841,8.038
11839,11838,58.290
11839,11840,34.933
11840,11839,34.933
11840,12134,68.294
11840,16030,27.756
11841,3317,19.450
11841,11838,8.038
11841,16030,21.020
11842,11844,30.296
11843,1417,94.112
11843,10825,36.701
11843,11844,51.429
11844,10822,154.900
11844,11842,30.296
11844,11843,51.429
11845,10826,82.189
11845,11846,27.012
11846,11845,27.012
11846,11847,52.226
11847,11846,52.226
11847,11848,45.695
11847,13311,63.162
11848,10820,63.759
11848,10821,81.425
11848,11847,45.695
11849,11850,5.754
11850,11561,7.705
11850,11574,22.078
11851,9261,9.490
11851,12636,28.562
11852,9257,10.233
11852,11851,32.572
11853,11855,119.984
11853,12491,72.811
11853,17342,33.337
11854,11856,12.482
11854,13084,83.169
11855,11853,119.984
11855,11856,8.640
11855,12483,85.205
11855,14101,77.351
11856,11854,12.482
11856,11855,8.640
11857,10642,39.022
11857,10643,66.700
11857,10647,168.712
11858,10357,119.232
11858,10447,24.521
11858,11859,92.736
11859,10357,29.162
11859,10446,25.785
11859,11858,92.736
11860,10358,92.865
11860,10446,27.002
11860,10548,26.778
11861,10253,162.139
11861,11862,67.268
11861,15794,61.196
11862,11861,67.268
11862,11863,136.717
11862,11864,149.918
11863,11862,136.717
11863,11864,21.166
11863,12946,70.671
11864,11862,149.918
11864,11863,21.166
11865,13811,21.385
11865,15794,63.486
11866,1583,113.229
11866,1585,169.508
11867,9986,101.648
11867,16156,46.697
11867,16158,15.415
11868,1427,29.607
11868,1434,58.322
11868,12203,10.940
11869,9904,136.640
11869,11871,76.598
11869,15112,87.741
11870,9266,34.934
11870,9900,28.137
11870,11871,241.446
11871,9913,104.175
11871,11869,76.598
11871,11870,241.446
11872,12264,100.733
11873,8637,40.301
11873,8639,41.964
11873,8646,37.757
11874,11876,114.171
11875,8019,75.828
11875,11876,43.604
11875,11903,37.855
11876,11874,114.171
11876,11875,43.604
11876,11903,65.554
11877,8019,38.476
11877,10077,80.373
11877,10721,221.857
11878,10498,16.328
11878,14443,27.115
11879,9351,32.458
11879,11880,155.575
11879,17177,8.482
11880,9353,61.806
11880,11566,105.019
11880,11879,155.575
11881,826,13.230
11881,10395,72.741
11882,11883,132.009
11883,694,46.245
11883,826,22.917
11883,11882,132.009
11884,2879,71.702
11884,2948,151.318
11884,16641,2.006
11885,11808,134.677
11885,11886,22.879
11886,5787,36.385
11886,11885,22.879
11887,10902,131.706
11887,10906,93.530
11887,10909,53.064
11888,433,92.151
11888,11889,69.146
11888,15504,4.488
11889,11888,69.146
11890,9535,128.596
11891,3025,73.661
11891,3045,143.973
11891,11892,61.571
11892,3020,64.285
11892,3040,107.790
11892,11891,61.571
11893,3113,172.214
11893,3159,26.427
11894,8937,131.523
11894,9043,13.591
11895,11074,102.980
11896,8172,141.449
11896,8984,9.578
11897,13757,188.160
11899,5500,60.253
11899,5515,39.069
11900,40,27.980
11900,5844,35.889
11900,5848,8.654
11901,9235,10.356
11901,9238,80.324
11902,330,245.463
11903,8016,41.706
11903,11875,37.855
11903,11876,65.554
11904,27,418.077
11904,3094,48.697
11905,405,183.771
11905,17225,17.589
11906,451,87.308
11906,7233,847.185
11906,7234,237.713
11906,17573,10.008
11907,14507,33.796
11908,3773,168.260
11908,17734,4.939
11909,1309,22.251
11909,17733,4.529
11910,4042,48.309
11910,4044,77.466
11911,9913,12.444
11911,15157,21.350
11911,15562,80.514
11912,9999,26.325
11912,13013,41.384
11912,16871,31.966
11913,11915,36.873
11913,12364,113.711
11913,16871,98.648
11914,11821,6.655
11914,16174,47.495
11914,16868,83.244
11915,11913,36.873
11916,10511,88.959
11916,11917,33.408
11916,12441,77.835
11916,13059,90.778
11917,11916,33.408
11918,12318,357.196
11919,8809,89.682
11919,13773,52.704
11919,13779,18.077
11920,681,84.199
11920,11921,46.282
11920,15389,78.942
11921,11920,46.282
11921,11922,39.816
11921,17406,68.922
11922,11921,39.816
11922,15388,6.312
11922,17407,53.480
11923,10517,69.392
11923,12740,16.046
11923,12758,41.073
11924,11821,178.890
11924,11925,45.004
11924,12741,57.243
11924,13717,80.836
11925,11924,45.004
11925,12760,61.627
11925,13021,8.224
11926,15386,5.859
11926,16180,75.357
11927,9252,36.377
11927,10529,62.805
11927,11928,55.888
11928,11927,55.888
11928,14047,31.128
11928,14048,82.672
11929,11930,63.800
11929,14046,26.421
11929,14047,96.278
11930,9250,67.837
11930,9986,171.233
11930,11929,63.800
11930,16159,108.693
11931,13092,54.671
11931,13639,16.289
11931,13644,28.074
11932,13061,53.417
11932,13585,27.800
11932,13641,26.007
11933,13065,62.388
11933,13680,31.388
11933,14791,14.276
11934,12809,4.857
11934,12841,31.108
11934,13703,25.511
11935,9229,33.140
11935,11798,15.000
11935,13070,26.602
11935,13682,22.470
11936,11937,47.777
11936,12413,44.122
11936,13671,177.812
11937,11936,47.777
11937,13670,279.671
11937,13679,166.615
11938,12836,121.731
11938,13669,307.486
11938,13670,46.187
11939,9243,52.889
11939,16441,67.708
11939,16570,85.690
11940,11941,76.566
11940,12891,218.159
11940,14965,126.423
11940,16439,30.016
11941,11940,76.566
11941,13672,18.826
11941,16438,32.858
11942,11943,68.288
11942,13677,4.698
11942,14965,55.689
11943,11796,35.124
11943,11942,68.288
11943,13672,147.926
11944,8155,144.763
11944,8996,13.005
11945,11910,9.307
11945,11946,56.311
11946,11945,56.311
11946,12545,22.893
11946,12547,30.065
11947,9500,64.633
11947,12150,60.721
11947,12552,82.858
11948,3335,60.128
11948,11949,78.392
11948,15407,12.746
11949,3341,67.287
11949,3342,72.877
11949,11948,78.392
11950,11951,99.328
11951,3059,60.151
11951,3064,54.006
11951,11950,99.328
11952,3334,10.441
11952,14855,159.885
11953,8043,90.945
11953,11954,101.245
11953,12105,93.973
11954,8038,38.812
11954,8040,88.718
11954,11953,101.245
11955,8946,108.749
11955,8972,51.007
11956,8946,41.391
11956,8952,55.073
11956,8958,41.733
11956,8977,31.929
11957,7994,100.039
11957,7997,146.281
11957,11958,91.764
11958,7965,83.303
11958,7967,193.974
11958,11957,91.764
11959,215,42.647
11959,216,32.624
11960,11961,97.472
11960,11962,58.795
11960,17011,90.411
11961,11960,97.472
11961,11963,37.645
11961,17011,90.441
11962,9583,96.615
11962,9587,51.232
11962,11960,58.795
11963,9587,51.703
11963,9589,12.622
11963,11961,37.645
11964,44,37.178
11964,878,73.762
11964,3486,70.062
11964,14731,40.984
11965,9052,113.110
11965,11966,13.466
11966,8170,122.632
11966,11965,13.466
11967,537,70.425
11967,11974,181.625
11968,8395,84.045
11968,9191,69.300
11968,15421,9.252
11969,9578,23.914
11969,12110,26.313
11969,15934,61.161
11970,1730,92.557
11970,1908,95.521
11970,11971,52.504
11971,1914,92.131
11971,1917,19.422
11971,11970,52.504
11972,11973,76.441
11972,12120,22.019
11972,14404,45.251
11973,11972,76.441
11973,15940,46.492
11974,8395,222.184
11974,11967,181.625
11974,15940,13.169
11975,14891,34.343
11976,7954,32.912
11976,11977,11.279
11977,8388,99.485
11977,11976,11.279
11978,11979,65.491
11978,11980,70.766
11979,10018,65.003
11979,11978,65.491
11980,9034,9.662
11980,11978,70.766
11980,16714,245.429
11981,3301,111.943
11981,3304,54.559
11981,17674,7.112
11982,14511,72.516
11982,17582,26.867
11982,17674,118.519
11983,14730,92.297
11984,8871,14.184
11984,16556,39.122
11985,2883,41.931
11985,2918,49.899
11985,13115,32.432
11986,11987,74.730
11986,11988,25.522
11986,16442,92.501
11987,9603,35.488
11987,11986,74.730
11987,14376,18.782
11988,11986,25.522
11989,16442,20.059
11990,16443,33.150
11991,16653,33.586
11992,2862,46.769
11992,2913,37.205
11992,11993,51.247
11993,11992,51.247
11993,15139,19.696
11993,16120,118.664
11994,11996,26.735
11995,11996,53.588
11995,12137,5.280
11995,12138,48.936
11996,11994,26.735
11996,11995,53.588
11996,11997,48.979
11997,11996,48.979
11997,11998,25.550
11997,14400,12.227
11998,11997,25.550
11998,11999,56.237
11998,15192,37.122
11999,9582,37.344
11999,9591,135.468
11999,11998,56.237
12000,9593,122.615
12000,14833,11.261
12001,12002,17.021
12001,17707,17.956
12002,12001,17.021
12002,12003,153.676
12002,12006,59.543
12003,9575,106.297
12003,9581,97.659
12003,12002,153.676
12004,3328,35.078
12004,12014,362.737
12005,11620,86.858
12005,16788,35.541
12005,17825,110.577
12006,12002,59.543
12006,12007,35.232
12006,12144,66.100
12007,12006,35.232
12007,12140,49.340
12007,12141,74.314
12008,9564,167.171
12008,12012,73.145
12008,12141,71.212
12009,12010,67.641
12009,14839,101.592
12009,15937,165.568
12010,12009,67.641
12010,12112,36.491
12010,14838,71.662
12011,12140,61.369
12011,14838,11.704
12012,9568,30.363
12012,9573,87.695
12012,12008,73.145
12013,15491,5.413
12013,15493,68.566
12013,15494,10.920
12014,2773,64.014
12014,3360,191.715
12014,12004,362.737
12015,3493,23.224
12016,8843,66.372
12016,8871,6.453
12017,3540,103.802
12017,3543,58.599
12018,36,642.321
12018,10458,24.881
12018,12019,42.450
12019,10028,14.131
12019,12018,42.450
12019,17411,61.705
12020,14492,42.848
12021,9579,60.868
12021,9585,47.534
12021,14397,65.784
12022,10349,63.340
12022,13546,52.235
12022,17194,216.148
12023,12024,85.653
12023,17193,12.439
12023,17194,5.799
12024,9956,209.581
12024,12023,85.653
12024,14667,15.891
12025,1012,35.306
12025,1062,60.907
12025,1079,60.687
12026,9625,100.517
12026,12031,77.064
12026,13846,43.529
12027,12028,53.854
12027,15968,40.220
12027,17055,90.904
12028,12027,53.854
12028,15485,26.584
12028,15962,50.693
12029,9718,4.899
12029,12030,14.322
12029,13876,161.203
12030,12029,14.322
12030,12031,115.656
12030,15978,107.176
12031,12026,77.064
12031,12030,115.656
12031,13847,43.633
12032,12033,14.007
12033,12032,14.007
12033,12034,37.458
12034,12033,37.458
12034,12037,118.458
12035,12038,21.104
12036,12037,41.385
12036,12039,62.210
12037,12034,118.458
12037,12038,56.480
12038,12035,21.104
12038,12039,41.443
12039,12036,62.210
12039,13887,11.724
12040,7924,762.554
12042,36,47.117
12042,16286,45.434
12042,17842,29.502
12043,9789,118.667
12043,16286,12.009
12043,17691,71.843
12044,9893,36.696
12044,10458,596.198
12045,16390,20.695
12045,16606,75.606
12046,8892,53.121
12046,8900,102.442
12046,16390,143.578
12047,4088,98.672
12047,14451,8.671
12047,16524,149.150
12048,12049,118.678
12048,12050,37.210
12048,12051,41.697
12049,10459,38.424
12049,12048,118.678
12050,9786,47.410
12050,10459,112.886
12050,12048,37.210
12051,9784,59.199
12051,12048,41.697
12051,12052,129.866
12052,12049,45.495
12052,12051,129.866
12053,351,222.305
12054,12053,25.961
12055,719,102.708
12055,4076,40.248
12055,12526,13.424
12056,9638,34.478
12056,9749,20.758
12056,12097,66.387
12057,3403,16.618
12057,3408,48.433
12057,15092,77.454
12058,3404,23.283
12058,16464,19.133
12059,12163,82.995
12059,15442,62.204
12059,16104,53.355
12060,12062,25.768
12060,12063,57.858
12061,12062,47.824
12061,12063,38.408
12062,12060,25.768
12062,12061,47.824
12063,12060,57.858
12063,12061,38.408
12063,12064,36.574
12064,8905,35.946
12064,8906,180.969
12064,12063,36.574
12065,9769,93.606
12065,9772,40.127
12065,11834,67.604
12066,352,18.550
12066,3811,51.839
12067,2602,27.286
12067,2633,24.184
12067,2641,44.931
12068,8906,273.411
12068,9766,91.968
12068,12168,18.567
12069,9762,195.915
12069,9767,96.107
12069,9768,21.761
12070,12071,115.937
12071,6558,82.362
12071,6564,70.415
12071,12070,115.937
12072,12196,48.125
12072,12212,170.290
12073,8311,121.693
12073,8533,8.950
12073,12074,60.842
12074,8288,8.074
12074,8333,28.381
12074,12073,60.842
12075,11723,11.712
12075,16523,33.596
12076,6857,9.558
12076,11699,68.347
12077,11697,129.030
12077,11698,9.264
12078,6718,72.482
12078,6726,76.650
12078,6731,152.101
12079,6859,21.397
12079,11700,9.993
12080,3644,50.257
12080,13454,7.450
12081,8511,170.847
12082,8480,8.227
12082,12083,9.204
12083,11802,144.825
12083,12082,9.204
12083,12084,9.367
12084,12083,9.367
12084,17515,148.373
12084,17519,15.873
12085,13147,37.898
12085,14721,13.407
12085,17519,50.087
12086,13148,40.068
12086,13394,65.271
12086,16358,54.761
12087,6497,78.515
12088,12089,85.239
12089,406,132.409
12089,12088,85.239
12089,15668,18.783
12090,12922,109.578
12091,6467,98.451
12091,12176,11.659
12091,12922,53.384
12092,9452,22.751
12093,4503,95.055
12093,13008,61.368
12094,12097,24.279
12094,13008,89.780
12095,9745,90.823
12096,9636,83.069
12096,15444,42.173
12096,16779,15.371
12097,9748,92.757
12097,12056,66.387
12097,12094,24.279
12098,12099,11.760
12098,12544,38.276
12099,567,24.786
12099,12098,11.760
12100,9087,17.605
12101,9092,20.231
12102,9084,4.762
12102,12103,22.051
12102,12468,68.188
12103,9092,29.118
12103,12102,22.051
12103,12467,14.238
12104,3338,87.799
12104,3346,177.974
12104,11611,18.593
12105,84,136.184
12105,11953,93.973
12105,12106,100.697
12106,86,140.783
12106,8038,55.250
12106,12105,100.697
12107,1760,6.624
12107,1778,50.328
12107,12108,79.232
12108,1947,73.112
12108,1950,17.146
12108,12107,79.232
12109,8038,206.191
12109,12221,30.534
12109,15652,75.490
12110,11969,26.313
12110,12111,86.968
12110,15935,106.300
12111,12110,86.968
12111,12112,152.190
12111,14401,34.786
12112,12010,36.491
12112,12111,152.190
12112,12133,61.925
12113,8036,69.951
12113,12114,78.152
12113,12117,26.992
12114,12113,78.152
12114,12116,18.132
12114,12117,49.187
12115,12116,25.586
12116,12114,18.132
12116,12115,25.586
12116,12222,59.544
12117,12113,26.992
12117,12114,49.187
12117,12220,99.476
12118,9534,30.864
12118,9583,126.371
12118,12119,64.849
12119,12118,64.849
12119,12120,21.553
12119,16764,26.609
12120,11972,22.019
12120,12119,21.553
12120,17729,17.122
12121,7972,182.888
12121,12122,10.523
12122,7977,90.089
12122,12121,10.523
12123,7914,42.511
12124,1164,23.000
12125,12124,31.282
12126,9571,20.916
12126,12127,131.638
12127,12126,131.638
12127,13906,85.989
12127,14405,66.298
12128,12129,49.452
12128,13905,142.337
12128,13908,121.177
12129,12128,49.452
12129,14843,73.076
12130,1337,106.981
12130,2779,148.619
12130,17557,102.308
12131,12132,24.478
12132,3022,107.310
12132,3045,28.782
12132,12131,24.478
12133,12112,61.925
12133,12137,100.193
12133,14836,79.007
12134,3200,15.940
12134,11840,68.294
12134,16032,104.030
12135,12136,20.297
12135,14874,20.981
12136,1114,77.400
12136,12135,20.297
12137,11995,5.280
12137,12133,100.193
12137,14402,50.054
12138,11995,48.936
12138,12139,128.701
12138,14400,47.745
12138,15936,63.824
12139,9590,48.299
12139,9689,94.273
12139,12138,128.701
12139,14398,93.805
12140,12007,49.340
12140,17708,91.103
12141,12007,74.314
12141,12008,71.212
12141,12142,100.391
12142,12141,100.391
12142,14403,45.396
12142,17728,198.082
12143,14371,25.321
12143,15963,32.820
12143,17728,117.145
12144,12006,66.100
12144,14403,46.861
12144,15150,88.735
12145,242,118.775
12145,422,180.513
12146,3461,13.819
12147,9211,16.839
12147,9212,610.135
12147,9536,254.947
12148,13911,91.367
12149,8441,115.951
12149,8442,15.898
12149,8450,35.140
12150,862,50.647
12150,4084,72.371
12150,11947,60.721
12151,13847,43.798
12151,15962,39.856
12151,17052,36.187
12152,744,31.396
12152,4088,16.463
12153,8273,34.781
12153,14127,5.450
12153,14347,2.945
12154,14109,131.440
12154,14128,63.720
12154,16402,64.994
12155,3379,176.721
12156,12158,62.132
12156,12159,36.471
12156,15440,90.521
12157,15075,25.613
12158,3329,119.617
12158,12156,62.132
12158,12164,88.471
12159,12156,36.471
12159,12160,10.572
12159,12884,111.286
12160,12159,10.572
12160,12161,27.834
12160,15441,79.266
12161,12160,27.834
12161,12162,50.192
12161,17277,60.872
12162,12161,50.192
12162,15441,93.671
12162,17277,27.392
12163,12059,82.995
12163,12164,17.739
12163,16461,38.851
12164,12158,88.471
12164,12163,17.739
12164,15440,38.399
12165,3817,27.640
12165,12054,228.536
12166,8903,84.225
12166,12167,8.306
12167,12166,8.306
12167,12168,124.418
12168,3329,492.168
12168,12068,18.567
12168,12167,124.418
12169,9722,9.513
12169,15553,8.786
12170,715,60.112
12171,6577,132.016
12171,6580,66.896
12171,6596,25.788
12172,12174,12.920
12172,13208,57.577
12173,12174,67.547
12174,12172,12.920
12174,12173,67.547
12174,12175,30.123
12175,12174,30.123
12175,12176,87.980
12175,13206,6.116
12176,19,119.141
12176,12091,11.659
12176,12175,87.980
12177,4122,78.531
12177,4172,214.949
12177,9258,34.332
12178,276,203.851
12178,17122,68.319
12179,6482,64.012
12179,6486,102.170
12179,12180,77.737
12180,12179,77.737
12180,15566,77.152
12181,6022,121.190
12181,6026,39.141
12181,13422,31.467
12182,3101,195.100
12182,14579,15.568
12183,24,32.525
12183,7653,68.514
12183,12184,15.359
12184,7603,14.424
12184,7675,68.486
12184,12183,15.359
12185,1626,10.141
12185,12186,29.644
12186,1654,58.347
12186,1674,40.840
12186,12185,29.644
12187,30,19.595
12188,480,102.577
12188,12190,53.665
12189,1378,75.833
12189,12190,82.619
12190,12188,53.665
12190,12189,82.619
12191,1382,135.966
12191,10838,84.927
12191,11816,28.167
12192,395,160.457
12192,951,71.001
12193,948,66.419
12193,12192,157.974
12194,361,217.618
12194,12193,263.584
12195,12194,154.317
12195,12196,9.553
12196,934,37.613
12196,12195,9.553
12197,11626,57.633
12197,12198,195.881
12197,12201,100.024
12198,1434,31.129
12198,12197,195.881
12198,12199,8.311
12199,10847,96.430
12199,12198,8.311
12199,13284,113.793
12200,1400,136.184
12200,1412,105.090
12200,13284,61.140
12201,10673,49.866
12201,12197,100.024
12201,12202,91.684
12202,10846,24.141
12202,12201,91.684
12202,13257,49.327
12203,10846,62.397
12203,11868,10.940
12203,13257,118.745
12204,12205,51.027
12205,362,41.119
12205,12204,51.027
12206,12207,163.908
12207,360,228.658
12207,12206,163.908
12208,359,67.682
12208,416,121.694
12209,999,42.068
12209,12211,76.380
12210,423,135.558
12210,12211,51.632
12211,1065,133.603
12211,12209,76.380
12211,12210,51.632
12212,949,41.140
12212,12072,170.290
12212,12213,160.739
12213,924,33.169
12213,12212,160.739
12214,11621,21.558
12215,12216,107.857
12216,3102,295.375
12216,12215,107.857
12216,17765,131.647
12217,1477,47.132
12217,1479,29.035
12217,16214,43.016
12218,1351,33.466
12219,12220,57.791
12220,12117,99.476
12220,12219,57.791
12220,12250,29.483
12221,12109,30.534
12222,12116,59.544
12223,12224,131.888
12223,17842,72.943
12224,9897,32.182
12224,10557,11.419
12224,12223,131.888
12225,11094,120.620
12226,12227,124.653
12227,334,79.979
12227,12226,124.653
12227,15335,71.303
12228,10827,62.673
12228,10832,27.698
12228,10834,31.830
12229,12230,20.951
12230,10831,47.401
12230,12229,20.951
12230,12231,154.390
12230,16819,12.539
12231,1380,47.424
12231,1392,116.528
12231,12230,154.390
12232,10176,66.804
12232,10685,12.217
12232,12234,99.550
12233,1393,73.352
12233,10679,34.483
12233,10685,84.577
12234,1393,173.794
12234,10169,12.183
12234,12232,99.550
12235,90,217.000
12235,12849,194.973
12235,16789,137.398
12236,3019,25.072
12236,3024,21.328
12236,12237,73.042
12237,99,38.286
12237,9451,41.026
12237,12236,73.042
12238,12239,51.983
12239,81,103.114
12239,8042,3.757
12239,12238,51.983
12240,12241,38.136
12241,12240,38.136
12241,17452,2.884
12241,17453,15.124
12242,12250,48.275
12243,1379,183.536
12244,12245,44.906
12245,12244,44.906
12245,12246,19.315
12245,12248,14.224
12246,12245,19.315
12247,12248,35.218
12248,10191,71.836
12248,12245,14.224
12248,12247,35.218
12249,1369,346.741
12249,17700,274.994
12250,8041,80.435
12250,12220,29.483
12250,12242,48.275
12251,10533,64.251
12251,12252,160.325
12251,12261,62.582
12252,12251,160.325
12252,16497,177.153
12253,12254,19.452
12254,12253,19.452
12254,12255,50.978
12254,12256,79.009
12255,496,70.928
12255,12254,50.978
12255,12256,23.563
12256,11749,54.049
12256,12254,79.009
12256,12255,23.563
12257,6983,39.045
12257,14618,72.837
12257,14619,6.453
12258,12259,92.077
12258,15159,20.536
12259,863,31.069
12259,12258,92.077
12259,15159,64.857
12260,9822,20.730
12260,9823,48.854
12260,12261,47.522
12261,9820,143.164
12261,12251,62.582
12261,12260,47.522
12262,12267,54.369
12262,12268,83.230
12262,16911,19.401
12263,11572,55.680
12263,16428,67.634
12263,17043,17.764
12264,11872,100.733
12264,12268,55.305
12264,12318,35.485
12265,12267,38.429
12265,15298,51.167
12265,16893,59.239
12266,9357,89.169
12266,16425,80.156
12266,16737,60.355
12267,12262,54.369
12267,12265,38.429
12267,16737,137.136
12268,12262,83.230
12268,12264,55.305
12268,16912,43.529
12269,9361,33.167
12269,16911,113.156
12269,16912,32.247
12270,12271,104.215
12270,12285,31.555
12270,12292,62.352
12271,12270,104.215
12271,12272,124.910
12271,12419,53.928
12272,12271,124.910
12272,12286,135.368
12272,12297,50.178
12273,12421,144.215
12273,14523,56.584
12274,14260,108.384
12274,14261,128.021
12274,14263,39.632
12274,14523,71.663
12275,14263,23.892
12275,14277,66.176
12275,14280,51.872
12276,14280,57.102
12276,14286,131.488
12276,14553,54.493
12276,15274,52.189
12277,12295,108.319
12277,14286,19.634
12277,14297,46.720
12278,14270,8.389
12278,14291,24.488
12279,12280,17.015
12279,14271,75.626
12279,14278,56.113
12279,14279,35.966
12280,12279,17.015
12280,14277,130.016
12280,14287,190.527
12281,14240,95.696
12281,14287,44.839
12281,17085,12.353
12282,12284,35.629
12282,14168,24.714
12282,14240,163.089
12283,12284,119.710
12283,12308,38.274
12283,14166,19.711
12284,12282,35.629
12284,12283,119.710
12284,14241,74.992
12285,12270,31.555
12285,14288,58.185
12285,17085,109.775
12286,12272,135.368
12286,12295,26.608
12286,12297,104.366
12286,14297,44.839
12287,9698,242.857
12288,12291,51.104
12288,12328,94.669
12288,14241,49.208
12289,209,16.070
12289,12418,7.241
12289,14166,89.216
12290,12291,94.506
12290,12328,57.071
12290,12420,67.863
12291,12288,51.104
12291,12290,94.506
12291,12292,62.650
12292,12270,62.352
12292,12291,62.650
12292,14241,71.931
12293,12294,9.499
12293,14963,4.629
12294,8048,54.541
12294,12293,9.499
12295,12277,108.319
12295,12286,26.608
12295,12300,126.904
12296,12297,86.556
12296,14297,42.377
12297,12272,50.178
12297,12286,104.366
12297,12296,86.556
12297,17087,6.800
12298,9698,350.359
12298,12299,94.481
12298,12300,94.178
12299,12298,94.481
12299,12300,38.020
12299,12303,61.336
12300,12295,126.904
12300,12298,94.178
12300,12299,38.020
12301,17094,169.812
12302,14296,38.828
12302,17083,42.418
12302,17469,26.418
12303,12299,61.336
12303,17090,92.665
12303,17091,20.376
12304,11663,59.479
12304,12365,7.414
12304,16276,31.475
12305,9264,155.463
12305,12354,33.509
12305,12787,103.896
12306,12307,342.017
12306,12319,40.668
12306,12320,50.282
12307,12306,342.017
12307,12321,123.781
12307,12322,175.572
12308,12283,38.274
12308,12309,123.418
12308,14141,480.656
12309,12308,123.418
12309,12310,123.990
12309,16460,36.777
12310,12309,123.990
12310,12313,173.166
12310,14342,409.925
12311,12312,277.487
12312,12311,277.487
12312,12314,17.557
12312,14342,113.147
12313,209,236.319
12313,12310,173.166
12313,14167,69.029
12314,12312,17.557
12314,12315,27.006
12314,12332,113.471
12315,12314,27.006
12315,12316,341.818
12315,12333,130.207
12316,12315,341.818
12316,12317,30.966
12316,14549,17.535
12317,10066,49.121
12317,12316,30.966
12317,14544,36.388
12318,11918,357.196
12318,12264,35.485
12318,13577,238.422
12319,12306,40.668
12319,12320,36.038
12319,14136,96.121
12320,9348,29.119
12320,12306,50.282
12320,12319,36.038
12320,12321,400.896
12321,12307,123.781
12321,12320,400.896
12321,12658,402.419
12322,11563,525.120
12322,12307,175.572
12322,12658,304.631
12323,12324,31.060
12323,12327,141.731
12323,12402,61.354
12324,12323,31.060
12324,12398,62.940
12324,14368,81.661
12325,12353,29.608
12325,14369,104.401
12325,15576,38.868
12326,3559,83.278
12326,12879,76.172
12326,15523,139.042
12327,9565,36.644
12327,12323,141.731
12327,15521,45.000
12328,12288,94.669
12328,12290,57.071
12328,12418,57.493
12329,9912,50.632
12329,12330,70.283
12329,12734,70.822
12330,12329,70.283
12330,12794,41.732
12330,15354,60.351
12331,9914,26.469
12331,14625,79.409
12331,15376,66.616
12332,12314,113.471
12332,14233,27.836
12333,12315,130.207
12334,313,254.769
12334,12335,226.177
12335,308,6.944
12336,9481,32.470
12337,9482,32.998
12338,12339,65.922
12339,12338,65.922
12339,12342,120.795
12339,12448,23.085
12340,12341,126.368
12340,12898,434.285
12340,14420,39.002
12341,12340,126.368
12341,12448,24.499
12341,12470,89.495
12342,12339,120.795
12342,12345,78.198
12342,12346,16.647
12343,12347,58.578
12343,12449,182.216
12344,12671,62.875
12344,13506,79.548
12344,16608,14.102
12345,12342,78.198
12345,12374,79.749
12345,14641,64.312
12346,12342,16.647
12346,12671,31.187
12346,13507,152.559
12347,13488,482.893
12347,13507,7.250
12348,14703,71.535
12348,14719,92.834
12348,16150,88.242
12349,13966,82.765
12349,14719,141.958
12349,16721,90.080
12350,12351,102.523
12350,14737,32.266
12350,15603,61.653
12351,9989,42.398
12351,12350,102.523
12351,14703,96.206
12352,3356,60.995
12352,12397,118.346
12352,15174,121.929
12353,12325,29.608
12353,12367,9.978
12353,15532,51.333
12354,12305,33.509
12354,12355,103.931
12354,12359,113.596
12355,12354,103.931
12355,12356,103.941
12355,12783,77.028
12356,12355,103.941
12356,12359,92.148
12356,17595,3.936
12357,4633,139.330
12357,17595,22.727
12358,12359,103.732
12358,16247,43.603
12358,16252,140.326
12359,12354,113.596
12359,12356,92.148
12359,12358,103.732
12360,9916,42.058
12360,12361,98.331
12360,15360,88.063
12361,12360,98.331
12361,12362,56.315
12361,12380,109.897
12362,12361,56.315
12362,14019,66.739
12362,17420,27.639
12363,12364,115.974
12363,13015,27.779
12363,15158,104.946
12364,11913,113.711
12364,12363,115.974
12364,15562,22.623
12365,12304,7.414
12365,12787,84.078
12365,16241,55.061
12366,12367,77.230
12366,15173,63.157
12367,12353,9.978
12367,12366,77.230
12367,15174,30.183
12368,12374,27.891
12368,12680,95.206
12368,13145,26.714
12369,13491,204.887
12370,12371,44.084
12370,12460,88.093
12370,16360,62.928
12370,17641,162.240
12371,12370,44.084
12371,12673,29.843
12371,13178,40.550
12372,12414,34.173
12372,12417,40.598
12373,12473,183.392
12373,12675,60.263
12373,12676,59.746
12374,12345,79.749
12374,12368,27.891
12374,12679,95.454
12375,13015,32.155
12375,14013,58.952
12375,17420,5.239
12376,12377,44.568
12376,14013,10.332
12376,15158,26.898
12377,12376,44.568
12377,12378,119.823
12377,12708,21.344
12378,10008,12.187
12378,12377,119.823
12378,12710,63.976
12379,12380,125.789
12379,14051,43.601
12379,15372,19.567
12380,12361,109.897
12380,12379,125.789
12380,12710,158.871
12380,14017,35.665
12381,12392,83.166
12381,12394,53.159
12381,12395,127.588
12382,12383,50.620
12382,12392,43.570
12382,16611,47.213
12383,12382,50.620
12383,12395,51.846
12383,12396,68.878
12384,12385,48.182
12384,12389,67.900
12384,13197,57.394
12385,12384,48.182
12385,12386,61.545
12385,12394,49.384
12386,12385,61.545
12386,12387,84.186
12386,12389,46.356
12386,12393,37.390
12387,12386,84.186
12387,12388,86.133
12388,12892,10.840
12388,14123,24.797
12389,12384,67.900
12389,12386,46.356
12389,12892,63.132
12390,12392,42.708
12390,12393,9.579
12390,16611,44.657
12391,12387,41.384
12391,16611,50.001
12392,12381,83.166
12392,12382,43.570
12392,12390,42.708
12392,12395,35.546
12393,12386,37.390
12393,12390,9.579
12393,12394,61.831
12394,12381,53.159
12394,12385,49.384
12394,12393,61.831
12395,12381,127.588
12395,12383,51.846
12395,12392,35.546
12396,12383,68.878
12396,14633,65.278
12397,12352,118.346
12397,12398,192.663
12397,15525,115.356
12398,12324,62.940
12398,12397,192.663
12398,14369,30.541
12399,9602,114.412
12399,12403,158.825
12399,12596,103.906
12400,12401,94.954
12400,15047,128.682
12400,15963,1.334
12401,9565,30.145
12401,12400,94.954
12401,12402,157.298
12402,12323,61.354
12402,12401,157.298
12402,15958,57.538
12403,12399,158.825
12403,12404,30.608
12404,12403,30.608
12404,15047,59.702
12404,15960,49.735
12405,4030,219.369
12405,9520,268.778
12405,12406,45.574
12406,9489,147.378
12406,9521,302.024
12406,9523,45.077
12406,12405,45.574
12407,12408,94.792
12407,12409,70.140
12407,12410,123.895
12408,9525,125.307
12408,12407,94.792
12408,16294,24.021
12409,9520,39.234
12409,9522,94.451
12409,12407,70.140
12410,12407,123.895
12411,9643,157.278
12411,12412,40.830
12412,8876,5.912
12412,12411,40.830
12412,16126,12.292
12413,11936,44.122
12414,12372,34.173
12414,12415,72.227
12414,12416,43.697
12415,12414,72.227
12415,12417,48.670
12415,12673,59.384
12416,12414,43.697
12416,13176,48.331
12416,16869,82.566
12417,12372,40.598
12417,12415,48.670
12417,12681,47.991
12418,12289,7.241
12418,12328,57.493
12418,12420,58.019
12419,12271,53.928
12419,12420,230.526
12419,14242,48.851
12420,12290,67.863
12420,12418,58.019
12420,12419,230.526
12421,12273,144.215
12422,14223,85.150
12422,14225,29.110
12422,16913,100.471
12423,12457,158.128
12423,14574,61.798
12423,14576,24.072
12424,12954,145.675
12424,14571,174.406
12424,15102,3314.025
12425,9697,74.868
12425,12426,151.025
12425,12954,22.513
12426,12425,151.025
12426,14215,40.864
12426,14216,100.023
12426,14773,77.098
12427,14226,303.588
12427,14230,130.691
12427,14289,117.863
12428,12429,42.897
12428,14225,19.101
12428,17483,60.734
12429,12428,42.897
12429,14572,219.716
12429,15260,5.734
12430,9528,524.857
12430,9622,408.796
12430,16888,130.592
12431,9274,86.564
12431,12432,106.956
12431,13087,41.746
12432,9263,80.831
12432,12431,106.956
12432,12433,139.638
12433,12432,139.638
12434,10511,45.635
12434,12435,10.492
12434,12441,120.158
12435,12434,10.492
12436,12445,40.857
12437,12438,35.368
12438,12437,35.368
12438,12444,18.265
12438,12445,34.865
12439,12443,22.008
12440,12444,19.917
12441,11916,77.835
12441,12434,120.158
12441,12442,47.121
12442,12441,47.121
12442,12443,206.896
12442,13085,45.082
12443,12439,22.008
12443,12442,206.896
12443,12444,39.930
12444,12438,18.265
12444,12440,19.917
12444,12443,39.930
12445,12436,40.857
12445,12438,34.865
12445,17401,2.653
12446,680,37.183
12446,799,11.307
12446,17401,34.668
12447,12448,189.764
12448,12339,23.085
12448,12341,24.499
12448,12447,189.764
12449,12343,182.216
12450,12451,223.683
12451,49,102.764
12451,12450,223.683
12452,4030,385.140
12452,12454,43.479
12452,12610,92.547
12453,9513,18.605
12454,12452,43.479
12454,12611,240.433
12454,12667,454.275
12455,12611,77.960
12455,14446,61.974
12456,12453,134.048
12457,12423,158.128
12457,14216,74.419
12457,14218,200.657
12457,14221,86.030
12458,4701,43.310
12458,4703,54.774
12459,12460,13.956
12459,12668,8.153
12459,12670,29.981
12460,12370,88.093
12460,12459,13.956
12460,12670,43.003
12461,12462,30.982
12461,12998,24.930
12462,9812,29.838
12462,12461,30.982
12462,12463,22.609
12462,12996,21.569
12463,9811,29.023
12463,12462,22.609
12463,12569,74.821
12464,16758,15.396
12465,4714,43.583
12465,10533,25.429
12465,12466,23.433
12466,12465,23.433
12466,15990,42.989
12466,17336,49.176
12467,9096,35.933
12467,12103,14.238
12467,12468,33.310
12468,9096,72.192
12468,12102,68.188
12468,12467,33.310
12469,12470,57.124
12470,12341,89.495
12470,12469,57.124
12470,12471,93.326
12471,12470,93.326
12471,12472,182.404
12472,12471,182.404
12472,12473,40.225
12473,12373,183.392
12473,12472,40.225
12473,12898,222.497
12474,1560,72.952
12475,3972,95.937
12476,3970,54.447
12477,1558,177.178
12477,17834,97.749
12478,3601,164.426
12478,8163,154.556
12478,17111,7.378
12479,8168,31.132
12479,12481,185.477
12479,17110,20.146
12480,12481,39.510
12481,8163,65.116
12481,12479,185.477
12481,12480,39.510
12482,4879,294.557
12482,12483,109.010
12482,12485,102.815
12483,11855,85.205
12483,12482,109.010
12483,12490,153.017
12484,4856,7.808
12484,4862,30.882
12484,12490,133.476
12485,12482,102.815
12485,12486,89.986
12485,12489,12.148
12486,12485,89.986
12486,16633,39.984
12487,4876,116.029
12487,12488,32.085
12487,16633,58.460
12488,12487,32.085
12488,12489,89.760
12488,16392,79.800
12489,12485,12.148
12489,12488,89.760
12489,12490,112.736
12490,12483,153.017
12490,12484,133.476
12490,12489,112.736
12490,17342,89.161
12491,11853,72.811
12491,13253,43.158
12491,17341,59.877
12492,877,7.111
12492,4855,67.361
12492,13253,49.598
12493,17701,23.335
12494,17770,61.878
12495,5931,150.887
12495,12496,15.285
12496,7736,173.029
12496,12495,15.285
12497,7709,10.715
12497,16500,18.034
12498,17753,14.798
12499,9825,28.569
12499,12500,67.326
12499,13743,27.440
12500,9826,29.894
12500,12499,67.326
12500,13006,15.931
12500,13744,25.010
12501,9436,70.428
12501,12507,22.632
12501,14087,52.828
12502,9432,18.996
12502,12503,90.515
12502,12571,73.052
12502,12969,22.950
12503,12502,90.515
12503,12504,11.346
12503,17358,23.492
12504,12503,11.346
12504,12964,27.444
12505,12506,19.712
12505,13001,46.827
12505,14087,54.932
12506,4868,18.637
12506,12505,19.712
12506,17358,7.449
12507,12501,22.632
12507,17360,66.787
12507,17362,20.905
12508,12509,23.823
12508,12513,64.992
12508,12514,78.167
12509,9830,13.792
12509,9831,3.317
12509,12508,23.823
12510,12512,20.166
12510,17823,28.660
12511,9829,5.821
12511,9830,62.098
12511,12512,53.029
12512,12510,20.166
12512,12511,53.029
12512,12514,21.901
12513,4719,9.862
12513,9833,23.651
12513,12508,64.992
12514,12508,78.167
12514,12512,21.901
12514,12515,117.387
12515,4719,16.708
12515,9493,31.574
12515,12514,117.387
12516,12517,84.294
12517,10191,45.664
12517,12516,84.294
12517,16686,9.243
12518,12519,49.662
12518,12520,15.940
12518,12522,19.892
12519,12518,49.662
12519,12520,31.593
12519,12521,29.370
12520,12518,15.940
12520,12519,31.593
12520,12532,13.370
12521,677,43.885
12521,12519,29.370
12521,12527,10.251
12522,55,76.499
12522,747,24.112
12522,12518,19.892
12523,636,30.177
12523,12524,52.365
12524,12523,52.365
12525,12526,57.513
12525,12528,18.265
12525,12530,34.482
12526,4067,39.056
12526,12055,13.424
12526,12525,57.513
12527,12521,10.251
12527,12528,32.421
12527,12529,26.253
12528,12525,18.265
12528,12527,32.421
12528,12529,59.486
12529,636,65.756
12529,12527,26.253
12529,12528,59.486
12530,677,26.257
12530,899,50.483
12530,12525,34.482
12531,12532,62.929
12532,629,31.887
12532,12520,13.370
12532,12531,62.929
12533,12534,21.436
12534,677,30.704
12534,12533,21.436
12534,12535,31.248
12535,12534,31.248
12535,12537,32.446
12535,12538,17.260
12536,651,24.727
12536,867,19.765
12536,12538,32.874
12537,629,30.474
12537,677,30.834
12537,12535,32.446
12538,658,79.675
12538,12535,17.260
12538,12536,32.874
12539,651,25.301
12539,867,55.378
12539,9502,23.666
12540,651,42.573
12541,4698,44.617
12541,4707,14.879
12541,13835,128.852
12542,4038,75.609
12542,4099,9.982
12542,4107,31.171
12543,12544,49.835
12544,11730,63.341
12544,12543,49.835
12545,805,58.955
12545,4041,82.899
12545,11946,22.893
12546,805,54.231
12546,12547,57.862
12546,12548,52.696
12547,563,17.452
12547,11946,30.065
12547,12546,57.862
12548,12546,52.696
12548,12549,52.885
12548,12550,16.418
12548,12551,22.596
12549,760,21.468
12549,846,27.129
12549,12548,52.885
12550,760,56.188
12550,819,75.541
12550,12548,16.418
12551,563,79.137
12551,846,49.289
12551,12548,22.596
12552,760,16.437
12552,4039,123.773
12552,11947,82.858
12553,15062,240.471
12554,331,53.585
12554,332,75.734
12554,12555,128.963
12555,330,118.778
12555,3081,21.943
12555,12554,128.963
12556,12557,14.615
12557,9469,11.417
12558,17726,105.478
12559,29,96.419
12559,11598,31.454
12559,11746,31.492
12560,11687,17.418
12560,12561,10.185
12561,11689,218.946
12561,12560,10.185
12562,12563,30.579
12562,17771,48.265
12563,11688,221.260
12563,12562,30.579
12564,88,22.162
12564,96,14.553
12564,12565,168.427
12565,11746,43.917
12565,12564,168.427
12566,12567,46.377
12567,12566,46.377
12567,12568,31.410
12568,9802,58.132
12568,12567,31.410
12568,12570,18.551
12569,9804,25.234
12569,9807,20.603
12569,12463,74.821
12570,9805,17.071
12570,12568,18.551
12570,12571,39.601
12571,9806,17.469
12571,12502,73.052
12571,12570,39.601
12571,12959,89.228
12572,6561,141.368
12572,12573,63.494
12573,111,11.134
12573,6557,28.999
12573,12574,79.405
12574,6559,12.641
12574,13925,79.226
12575,6591,8.384
12575,6592,42.381
12575,17767,13.930
12576,12575,8.673
12577,6593,14.056
12577,6792,8.265
12578,6602,63.110
12578,7477,7.614
12578,16495,14.590
12579,6611,77.634
12579,12580,53.054
12580,6613,82.167
12580,6616,7.722
12580,12581,41.421
12581,6626,96.296
12581,12582,85.643
12582,6627,5.855
12582,6630,77.858
12582,12583,28.621
12583,6625,7.293
12583,6628,36.649
12583,16535,118.347
12584,23,12.751
12584,6676,21.736
12584,17854,16.411
12585,6664,29.877
12585,6689,8.641
12585,12586,40.656
12586,6637,8.657
12586,6643,113.687
12586,13405,81.614
12587,6594,141.844
12587,12588,46.858
12588,6574,8.039
12588,12589,117.896
12588,15141,96.162
12589,6577,37.390
12589,12577,30.678
12590,9262,92.741
12590,17270,11.809
12591,3346,49.221
12591,12592,59.752
12592,12591,59.752
12593,12595,48.433
12594,12595,58.755
12595,12593,48.433
12595,12594,58.755
12595,12596,75.598
12596,9604,109.715
12596,12399,103.906
12596,12595,75.598
12597,12598,59.679
12597,15460,144.762
12597,16397,109.827
12598,9487,21.427
12598,9678,41.279
12598,12597,59.679
12599,12607,30.472
12600,9486,23.567
12600,9513,135.267
12600,10057,53.095
12601,9462,253.394
12602,10057,52.660
12603,12605,93.070
12604,9495,49.105
12604,9498,16.014
12604,16372,29.866
12605,10057,168.104
12605,12603,93.070
12605,14677,45.576
12605,16372,147.283
12606,9519,19.037
12606,14677,7.788
12607,12599,30.472
12607,12608,134.161
12607,14420,13.265
12608,10025,21.683
12608,12607,134.161
12608,12609,73.605
12609,12608,73.605
12609,14632,155.322
12610,9518,47.425
12610,12452,92.547
12610,12611,238.686
12611,12454,240.433
12611,12455,77.960
12611,12610,238.686
12612,7511,91.246
12613,14535,120.106
12614,12616,12.326
12615,12614,257.335
12615,12616,542.548
12615,12628,9.510
12616,12615,542.548
12616,17589,8.076
12617,1366,16.244
12617,10804,3.090
12617,12624,7.002
12618,1420,417.749
12618,12617,160.925
12619,10029,253.989
12619,12626,88.731
12620,10120,269.955
12620,12621,13.170
12621,12620,13.170
12621,17542,100.394
12622,12621,107.242
12622,15081,99.446
12623,10120,13.957
12623,12622,161.721
12623,12775,37.116
12624,266,48.533
12625,1410,589.667
12625,12618,15.955
12626,12618,221.839
12627,12619,275.548
12628,10720,202.039
12628,12615,9.510
12628,12623,237.770
12629,12634,107.322
12629,15386,60.255
12629,15389,27.560
12630,9259,22.666
12630,9899,47.099
12630,15382,69.234
12631,4522,76.670
12631,12857,43.826
12632,12633,90.542
12632,12855,89.315
12632,16273,19.467
12633,4524,178.594
12633,12632,90.542
12633,16339,78.062
12634,12629,107.322
12634,12645,77.715
12634,15382,96.255
12634,16183,58.395
12635,9259,42.216
12635,12645,156.511
12635,16379,140.492
12636,9254,40.718
12636,12637,25.137
12637,9269,185.828
12637,12636,25.137
12637,12638,50.972
12638,12637,50.972
12638,12639,18.883
12639,12638,18.883
12639,13062,57.678
12640,9983,17.413
12640,12806,7.982
12640,13062,41.596
12641,12643,48.263
12641,12644,14.183
12642,12643,141.270
12642,14116,74.183
12643,12641,48.263
12643,12642,141.270
12644,12641,14.183
12644,13172,30.928
12644,14118,47.957
12645,707,316.380
12645,12634,77.715
12645,12635,156.511
12646,12647,161.983
12647,4072,172.307
12647,12646,161.983
12647,17158,93.183
12648,10334,24.608
12648,10337,94.639
12648,10338,18.446
12649,12650,66.573
12650,12649,66.573
12650,12793,29.998
12650,13693,18.043
12651,11799,62.392
12651,12793,20.342
12652,9361,114.600
12652,14330,77.846
12653,10002,89.251
12653,10003,20.765
12653,13983,130.952
12654,16987,64.692
12655,9532,174.019
12655,11591,67.600
12655,16987,85.359
12656,12657,97.863
12657,529,51.104
12657,536,56.042
12657,12656,97.863
12658,9365,288.383
12658,12321,402.419
12658,12322,304.631
12659,9695,133.827
12659,9696,237.172
12659,10065,346.309
12660,662,38.589
12660,9505,5.455
12660,12661,80.682
12661,12660,80.682
12661,12663,5.275
12661,12665,11.454
12662,55,38.419
12662,12663,26.155
12662,15835,15.014
12663,12661,5.275
12663,12662,26.155
12663,15836,15.460
12664,699,30.830
12664,9505,19.394
12664,15836,33.569
12665,12661,11.454
12666,4032,23.352
12666,9521,13.858
12666,12667,18.396
12667,4032,30.327
12667,12454,454.275
12667,12666,18.396
12668,12459,8.153
12668,13504,72.596
12668,13505,96.998
12669,12343,128.103
12669,13504,6.913
12670,12459,29.981
12670,12460,43.003
12670,13503,77.636
12671,12344,62.875
12671,12346,31.187
12671,16608,216.513
12672,12673,105.638
12672,12682,65.710
12672,12683,24.944
12673,12371,29.843
12673,12415,59.384
12673,12672,105.638
12674,12675,48.284
12674,12676,55.669
12674,12678,26.798
12674,13146,33.546
12675,12373,60.263
12675,12674,48.284
12675,12677,19.677
12676,12373,59.746
12676,12674,55.669
12676,12679,31.828
12677,12675,19.677
12677,12678,44.766
12677,12681,48.163
12678,12674,26.798
12678,12677,44.766
12678,12682,35.186
12679,12374,95.454
12679,12676,31.828
12679,12680,26.420
12680,12368,95.206
12680,12679,26.420
12680,13146,26.206
12681,12417,47.991
12681,12677,48.163
12681,12682,114.367
12682,12672,65.710
12682,12678,35.186
12682,12681,114.367
12682,13146,33.924
12683,12672,24.944
12683,13145,33.486
12683,16360,5.361
12684,9339,155.208
12684,11784,106.502
12684,12685,174.226
12685,9333,46.018
12685,9350,21.144
12685,12684,174.226
12686,12687,14.049
12686,12688,452.484
12687,3014,602.877
12687,12686,14.049
12688,9309,14.642
12688,12337,215.329
12689,12691,71.133
12690,12691,87.343
12690,12723,15.462
12691,9226,61.073
12691,12689,71.133
12691,12690,87.343
12692,10009,39.958
12692,10015,188.088
12692,13990,19.461
12693,12694,207.326
12694,9917,42.076
12694,12693,207.326
12694,12727,21.374
12695,9997,175.084
12696,12706,21.007
12696,14038,124.934
12696,15592,35.326
12697,9923,29.370
12697,9925,44.944
12697,15356,85.037
12698,12699,65.715
12698,12700,90.818
12698,15356,28.822
12699,12698,65.715
12700,9919,55.819
12700,12698,90.818
12700,12727,13.905
12701,12702,46.800
12702,12701,46.800
12702,12704,18.546
12702,12706,22.643
12703,12704,73.876
12704,12702,18.546
12704,12703,73.876
12704,14011,25.332
12705,13011,97.748
12705,14011,12.726
12706,12696,21.007
12706,12702,22.643
12706,12707,113.570
12707,10008,20.027
12707,12706,113.570
12707,12708,111.479
12708,12377,21.344
12708,12707,111.479
12708,13014,34.435
12709,9226,63.603
12710,12378,63.976
12710,12380,158.871
12710,14050,75.128
12711,12713,36.017
12712,12713,17.113
12713,12711,36.017
12713,12712,17.113
12713,12714,28.113
12714,12713,28.113
12714,12715,50.651
12714,12834,55.754
12715,10007,21.460
12715,12714,50.651
12715,16138,50.007
12716,12717,232.332
12716,12935,11.837
12716,15816,16.699
12717,9943,82.380
12717,10017,151.177
12717,12716,232.332
12718,12719,121.186
12718,14021,69.239
12719,12718,121.186
12719,12723,58.089
12719,14038,12.567
12720,12722,23.093
12721,10016,66.738
12721,14033,35.133
12721,15543,61.328
12722,12720,23.093
12722,12723,150.020
12722,14033,86.110
12723,12690,15.462
12723,12719,58.089
12723,12722,150.020
12724,12725,66.901
12725,9236,36.681
12725,12724,66.901
12725,17051,76.359
12726,9918,9.797
12726,9921,38.668
12726,14795,98.501
12727,12694,21.374
12727,12700,13.905
12727,14795,165.759
12728,12729,90.546
12729,764,122.553
12729,12728,90.546
12729,15869,1.681
12730,339,78.101
12730,12731,125.590
12730,14628,115.579
12731,339,53.282
12731,11284,80.562
12731,12730,125.590
12732,10071,2.101
12732,10072,51.831
12732,12733,94.088
12733,12732,94.088
12733,12734,114.630
12733,16547,62.818
12734,764,122.239
12734,12329,70.822
12734,12733,114.630
12735,10070,27.832
12735,12736,157.090
12735,15884,39.911
12736,641,129.331
12736,9933,86.034
12736,12735,157.090
12737,12738,86.116
12737,12739,45.677
12737,14776,14.132
12738,10524,75.014
12738,12737,86.116
12738,17704,13.394
12739,12737,45.677
12739,12780,32.166
12739,12781,121.327
12740,11923,16.046
12740,12741,102.927
12740,17409,35.262
12741,11924,57.243
12741,12740,102.927
12741,12760,36.222
12742,12744,40.653
12742,12745,38.312
12743,12745,88.339
12743,17437,10.148
12743,17488,85.198
12744,12742,40.653
12745,12742,38.312
12745,12743,88.339
12745,12746,12.610
12746,9947,73.945
12746,12745,12.610
12746,17435,31.845
12747,3219,53.570
12747,12748,35.395
12747,17429,6.938
12748,3226,72.796
12748,12747,35.395
12748,17428,8.023
12749,10548,33.319
12749,13735,71.146
12750,12752,30.170
12750,12755,30.955
12750,17207,21.757
12750,17216,32.847
12751,12754,30.801
12751,17200,9.922
12751,17216,4.746
12752,12750,30.170
12752,12756,65.495
12752,17213,33.574
12753,17199,9.850
12754,12751,30.801
12754,17202,9.519
12754,17217,5.053
12755,12750,30.955
12755,17206,15.643
12755,17217,31.905
12756,12752,65.495
12756,17203,49.762
12756,17207,15.346
12757,9280,15.235
12757,17197,8.292
12757,17213,5.780
12758,11923,41.073
12758,12759,64.304
12758,14044,27.356
12759,12758,64.304
12760,11925,61.627
12760,12741,36.222
12760,17410,20.986
12761,12762,236.497
12761,14220,79.560
12761,17080,136.510
12762,12761,236.497
12762,12763,273.353
12762,14243,78.330
12762,14247,96.940
12763,12762,273.353
12763,12764,97.507
12763,14141,72.453
12764,12763,97.507
12764,12765,366.820
12764,14211,105.962
12765,12764,366.820
12765,14234,127.761
12765,15208,94.712
12766,12767,55.165
12766,14235,33.899
12766,15208,8.077
12767,12766,55.165
12767,14521,19.509
12767,14540,31.202
12768,10064,110.239
12768,14540,69.849
12768,17482,9.617
12769,85,97.032
12769,17172,68.934
12770,12771,107.479
12771,11826,21.651
12771,12770,107.479
12771,13672,66.275
12772,12773,306.886
12773,10001,21.511
12773,12772,306.886
12773,16154,57.907
12774,16478,11.573
12775,12623,37.116
12775,13297,184.372
12775,16478,9.438
12776,10225,25.814
12776,10226,90.371
12776,12777,114.830
12777,12776,114.830
12777,12778,189.548
12777,13293,37.978
12778,261,165.352
12778,12777,189.548
12778,13298,142.434
12779,260,132.168
12779,13293,37.761
12779,13297,125.001
12780,10509,72.040
12780,12739,32.166
12780,12781,44.008
12781,12739,121.327
12781,12780,44.008
12781,16197,62.563
12782,10514,27.566
12782,10515,29.522
12782,16197,28.445
12783,12355,77.028
12783,12786,23.460
12783,13046,64.603
12784,13046,4.396
12784,13047,30.086
12785,13044,16.690
12786,10406,81.463
12786,12783,23.460
12786,13044,49.286
12787,12305,103.896
12787,12365,84.078
12787,12788,159.134
12788,12787,159.134
12788,12789,77.857
12788,16840,24.946
12789,9265,63.900
12789,11671,24.163
12789,12788,77.857
12790,9981,21.860
12790,9984,120.271
12790,17413,37.224
12791,12651,136.832
12791,12798,26.695
12792,12929,43.040
12793,12650,29.998
12793,12651,20.342
12793,12798,135.876
12793,12913,77.859
12794,12330,41.732
12794,13017,36.601
12795,9940,71.730
12795,10014,55.084
12795,14001,37.639
12796,12797,119.063
12797,12796,119.063
12797,14078,7.246
12797,15864,62.466
12798,12791,26.695
12798,12793,135.876
12798,12799,42.080
12798,12929,51.449
12799,12798,42.080
12799,12800,53.816
12799,12807,54.263
12800,12799,53.816
12800,12801,39.338
12800,13695,22.030
12801,12800,39.338
12801,12802,41.233
12801,12805,86.667
12801,12807,55.454
12802,12801,41.233
12802,12803,41.459
12802,12804,60.446
12802,12805,44.286
12803,12802,41.459
12803,12806,58.589
12803,12808,50.993
12804,12802,60.446
12804,12806,40.157
12804,12807,39.429
12805,12801,86.667
12805,12802,44.286
12805,12808,42.849
12806,12640,7.982
12806,12803,58.589
12806,12804,40.157
12807,12799,54.263
12807,12801,55.454
12807,12804,39.429
12808,12803,50.993
12808,12805,42.849
12808,13063,4.467
12809,11796,29.805
12809,11934,4.857
12809,12812,97.481
12810,12811,98.079
12810,13092,31.126
12810,13646,26.484
12811,9253,29.559
12811,12810,98.079
12811,13584,155.409
12812,12809,97.481
12812,13679,22.148
12812,13703,62.797
12813,4432,42.739
12813,12814,101.557
12813,16843,31.137
12814,12813,101.557
12814,12815,65.760
12814,12816,49.552
12814,13043,77.568
12815,10304,27.464
12815,12814,65.760
12815,17374,14.589
12816,12814,49.552
12817,9977,27.344
12817,9980,66.257
12817,17393,17.750
12818,12819,129.277
12819,12818,129.277
12819,12820,29.976
12819,13980,121.898
12820,12819,29.976
12820,13055,35.084
12820,16772,138.847
12821,9488,24.856
12821,9674,229.085
12821,14675,501.806
12822,12824,52.965
12822,13041,13.086
12823,12824,51.841
12824,10325,128.895
12824,12822,52.965
12824,12823,51.841
12825,12826,20.395
12826,10538,330.085
12826,12825,20.395
12826,14004,103.655
12827,12828,39.796
12828,12827,39.796
12828,12829,45.063
12828,12830,37.158
12829,12828,45.063
12830,10007,180.610
12830,12828,37.158
12830,16154,27.366
12831,12832,79.403
12832,10534,60.524
12832,12831,79.403
12832,13996,6.577
12833,12834,64.584
12834,10048,31.766
12834,12714,55.754
12834,12833,64.584
12834,17596,86.844
12835,12839,27.423
12835,12840,169.682
12835,13070,31.943
12836,11938,121.731
12836,12837,49.225
12836,12838,40.397
12837,12836,49.225
12837,12841,174.604
12837,13676,37.205
12838,12836,40.397
12838,13675,49.592
12838,15561,21.383
12839,12835,27.423
12839,12841,27.425
12839,13676,175.611
12840,12835,169.682
12840,13675,12.959
12840,15561,55.043
12841,11934,31.108
12841,12837,174.604
12841,12839,27.425
12842,10312,67.315
12842,12843,73.088
12842,13054,28.576
12843,12842,73.088
12844,10304,116.172
12844,12845,64.467
12844,12847,41.310
12844,16831,20.045
12845,12844,64.467
12845,12846,41.991
12845,16833,36.821
12846,12845,41.991
12846,12847,64.888
12846,13045,68.835
12847,12844,41.310
12847,12846,64.888
12847,16832,41.130
12848,12849,99.490
12849,91,141.841
12849,12235,194.973
12849,12848,99.490
12850,16913,260.436
12851,9557,49.028
12852,9633,34.820
12852,16270,68.772
12852,16281,13.064
12853,16270,18.624
12854,12855,17.495
12854,16273,36.259
12855,12632,89.315
12855,12854,17.495
12855,16270,72.763
12856,12857,30.440
12857,12631,43.826
12857,12856,30.440
12857,16273,26.665
12858,6886,47.356
12858,9328,50.043
12858,17790,6.060
12859,12860,61.102
12860,8046,87.986
12860,12859,61.102
12860,16677,90.197
12861,9251,29.533
12861,12862,9.361
12861,13607,9.733
12862,9834,13.777
12862,12861,9.361
12862,15369,43.545
12863,12864,6.703
12863,13033,40.286
12863,15350,210.136
12864,12863,6.703
12864,12865,10.309
12865,9262,10.912
12865,12864,10.309
12866,10240,88.033
12866,11776,57.994
12866,14757,12.981
12867,16276,30.656
12867,16278,44.309
12868,10528,119.842
12868,15581,31.432
12869,9249,153.563
12869,11669,33.523
12869,11670,27.971
12870,10473,51.051
12871,12872,55.211
12872,9572,22.437
12872,12871,55.211
12872,12873,59.557
12873,9565,116.044
12873,12872,59.557
12873,14332,68.896
12874,12875,61.066
12874,12877,40.518
12874,14331,32.219
12875,12874,61.066
12875,12878,97.031
12875,14386,20.441
12876,12877,46.438
12876,14785,50.430
12877,9576,141.788
12877,12874,40.518
12877,12876,46.438
12877,14786,47.632
12878,12875,97.031
12878,12879,103.110
12878,14331,123.390
12879,12326,76.172
12879,12878,103.110
12879,16446,22.365
12880,9586,42.250
12880,12881,82.569
12880,14468,20.715
12881,9580,83.392
12881,12880,82.569
12881,15511,18.585
12882,8874,227.807
12882,13869,44.079
12883,12884,14.904
12884,12159,111.286
12884,12883,14.904
12884,17277,39.724
12885,8888,106.574
12886,13403,60.481
12886,15123,23.003
12886,17566,57.293
12887,11803,23.652
12887,15118,104.101
12887,15121,22.544
12888,12890,32.855
12888,13154,89.547
12888,13155,25.994
12888,16404,85.608
12889,13161,12.926
12889,14526,8.294
12890,12888,32.855
12890,13152,188.328
12890,16403,85.734
12891,11940,218.159
12892,12388,10.840
12892,12389,63.132
12892,13197,95.769
12893,13197,170.722
12893,14125,16.458
12894,12895,60.449
12894,16410,44.057
12895,12894,60.449
12895,12896,38.166
12895,16359,74.129
12895,16401,155.009
12896,8299,57.978
12896,8338,7.499
12896,12895,38.166
12897,9526,128.925
12897,12898,402.272
12897,15106,3.636
12898,12340,434.285
12898,12473,222.497
12898,12897,402.272
12899,12900,114.403
12899,12901,52.056
12899,13518,47.124
12900,12899,114.403
12900,12901,104.379
12900,13520,20.490
12901,12899,52.056
12901,12900,104.379
12901,13522,106.581
12902,12903,41.244
12902,13883,40.675
12902,16605,49.327
12903,9736,8.655
12903,12902,41.244
12903,15488,61.572
12904,12905,40.578
12905,9736,138.919
12905,12904,40.578
12906,12907,19.026
12907,9608,48.048
12907,12906,19.026
12907,13880,49.268
12908,14485,28.246
12909,9733,20.081
12909,14486,63.628
12909,15957,24.621
12910,12912,24.984
12911,12912,44.088
12912,9733,75.114
12912,12910,24.984
12912,12911,44.088
12913,12793,77.859
12913,12914,5.810
12913,16782,354.700
12914,10539,143.625
12914,11799,20.166
12914,12913,5.810
12915,12916,105.982
12915,16554,49.901
12916,9979,39.326
12916,12915,105.982
12917,9014,101.417
12917,9024,23.227
12917,15914,38.482
12918,15205,213.062
12919,14292,229.337
12920,7394,161.526
12920,17251,82.767
12921,8678,35.641
12921,8679,168.736
12921,17287,132.596
12922,12090,109.578
12922,12091,53.384
12922,14701,121.558
12923,8403,61.549
12923,12924,122.705
12923,15188,31.292
12924,8212,54.862
12924,8409,62.775
12924,12923,122.705
12925,12926,78.901
12926,9301,56.895
12926,12925,78.901
12927,12928,25.970
12928,12927,25.970
12928,12929,37.684
12928,13693,127.061
12929,12792,43.040
12929,12798,51.449
12929,12928,37.684
12929,13695,19.374
12930,16301,11.619
12930,16316,22.749
12930,16336,10.733
12931,4517,55.322
12931,4527,54.845
12931,16301,124.502
12932,35,41.455
12932,11557,117.753
12932,14432,39.304
12933,10273,1504.446
12934,9230,93.158
12935,10015,58.189
12935,12716,11.837
12935,14035,100.202
12936,10015,107.743
12936,14037,45.947
12936,15543,57.345
12937,12938,13.391
12937,12940,12.760
12938,10546,89.469
12938,12939,21.922
12939,12941,13.017
12939,12943,88.232
12940,12938,17.701
12940,17435,131.016
12941,12044,319.475
12941,12937,22.725
12942,12036,11.394
12942,13887,59.024
12943,9788,18.323
12943,12942,5.693
12944,9203,9.232
12944,9874,296.561
12945,9778,416.980
12945,9780,109.422
12945,14004,94.468
12946,11863,70.671
12946,13237,107.085
12946,17289,5.916
12947,12195,32.553
12948,12196,32.878
12949,419,19.063
12949,8534,95.342
12950,922,36.175
12950,923,158.278
12951,11550,61.667
12952,985,135.591
12952,1224,55.911
12952,2152,30.309
12953,12954,288.027
12954,12424,145.675
12954,12425,22.513
12954,12953,288.027
12955,7520,57.897
12955,7521,5.333
12956,47,11.252
12956,16537,36.227
12957,12210,113.649
12957,14603,15.695
12958,435,110.510
12958,1194,102.635
12958,14931,53.261
12959,12571,89.228
12960,9632,94.605
12960,12961,59.378
12960,12962,99.840
12960,17691,112.464
12961,12960,59.378
12961,12962,23.366
12961,12988,89.811
12962,12960,99.840
12962,12961,23.366
12962,12963,135.990
12963,4511,35.098
12963,4524,81.987
12963,12962,135.990
12964,12504,27.444
12964,12966,13.421
12964,12969,73.245
12965,4868,62.940
12965,4879,46.257
12965,12966,44.055
12966,12964,13.421
12966,12965,44.055
12966,12967,10.856
12967,12966,10.856
12967,12968,72.475
12967,13888,23.871
12968,12967,72.475
12968,12969,28.168
12968,12970,27.397
12969,12502,22.950
12969,12964,73.245
12969,12968,28.168
12970,12968,27.397
12970,13888,72.195
12970,14094,24.288
12971,8949,27.090
12971,8969,26.864
12971,8973,52.565
12972,8950,16.227
12972,8973,66.124
12972,12974,37.923
12973,8961,11.405
12973,8962,15.559
12973,12974,16.721
12974,12972,37.923
12974,12973,16.721
12974,12975,50.604
12975,12974,50.604
12976,13317,44.909
12977,10269,7.928
12977,10270,16.380
12977,14592,14.073
12978,12979,77.607
12978,14717,43.485
12979,12978,77.607
12979,12983,55.855
12979,14428,42.565
12980,14477,35.405
12981,12982,106.014
12981,15930,31.051
12981,15931,20.300
12982,12981,106.014
12982,14428,94.197
12982,14477,61.484
12983,9649,112.090
12983,12979,55.855
12983,12986,115.816
12984,9648,95.023
12984,12985,27.496
12984,13877,130.962
12985,12984,27.496
12985,12986,88.937
12985,15449,34.059
12986,9648,24.549
12986,12983,115.816
12986,12985,88.937
12987,4498,38.659
12988,9632,70.359
12988,12961,89.811
12988,17638,29.404
12988,17639,39.388
12989,12990,87.319
12990,711,37.308
12990,745,28.527
12990,12989,87.319
12991,9490,34.176
12991,12992,107.007
12991,13731,25.150
12992,12991,107.007
12993,9802,55.328
12993,9803,93.043
12993,10441,26.267
12994,10385,36.407
12994,10386,17.922
12994,17395,115.924
12995,10387,27.373
12995,10388,54.498
12996,9810,28.158
12996,12462,21.569
12996,12997,56.458
12997,10368,24.669
12997,12996,56.458
12997,12998,28.374
12998,12461,24.930
12998,12997,28.374
12998,13732,29.367
12999,9436,13.198
12999,10368,60.359
12999,13882,36.459
13000,9432,52.714
13000,13001,21.052
13000,17358,38.586
13001,9809,52.812
13001,12505,46.827
13001,13000,21.052
13002,13003,32.255
13002,16790,25.208
13002,16791,53.412
13003,10392,29.222
13003,10444,60.300
13003,13002,32.255
13004,4701,45.912
13004,4729,75.976
13004,16986,37.714
13005,9832,44.995
13005,13006,38.465
13005,17336,54.700
13006,9831,44.512
13006,12500,15.931
13006,13005,38.465
13006,17335,55.486
13007,9635,93.626
13008,9743,106.510
13008,12093,61.368
13008,12094,89.780
13009,9215,233.681
13009,9232,99.797
13009,9369,7.858
13010,9942,62.952
13010,14032,95.688
13010,15544,90.478
13011,12705,97.748
13011,13313,45.110
13011,15592,108.136
13012,9999,26.923
13012,13013,51.471
13012,14008,58.484
13012,16155,56.676
13013,9992,12.275
13013,11912,41.384
13013,13012,51.471
13014,12708,34.435
13015,12363,27.779
13015,12375,32.155
13015,15158,68.038
13016,9910,65.276
13017,12794,36.601
13018,14069,45.844
13019,9902,70.790
13019,9912,43.488
13019,15374,76.764
13020,14070,29.847
13021,11925,8.224
13021,13716,44.722
13021,16180,29.422
13022,11656,56.812
13022,11657,43.426
13022,16870,101.814
13023,10526,56.872
13024,11664,34.423
13025,14074,61.083
13026,4555,30.632
13027,786,29.256
13028,6279,23.744
13028,6284,40.682
13028,9421,30.315
13029,10435,153.391
13030,10377,18.326
13030,10550,71.717
13030,13608,48.799
13031,9962,29.394
13031,10369,32.706
13031,13032,113.636
13032,13031,113.636
13033,12863,40.286
13033,13604,29.884
13033,13606,36.490
13034,614,48.012
13034,620,121.636
13034,4708,41.455
13035,10037,20.995
13036,663,25.526
13036,4836,26.920
13036,4839,40.495
13037,906,45.171
13037,13830,43.871
13037,15987,13.690
13038,13595,118.009
13039,13720,19.293
13039,15147,24.865
13039,15148,20.937
13040,10427,11.201
13040,13720,27.739
13040,13722,26.377
13041,12822,13.086
13042,10304,38.883
13042,13972,36.481
13042,13973,85.879
13043,9965,53.098
13043,12814,77.568
13043,13972,30.813
13044,12785,16.690
13044,12786,49.286
13044,13045,77.704
13045,12846,68.835
13045,13044,77.704
13045,13046,43.610
13046,12783,64.603
13046,12784,4.396
13046,13045,43.610
13047,12784,30.086
13048,10407,42.245
13048,13714,33.221
13048,15423,66.190
13049,9970,9.467
13049,13656,19.348
13049,16826,88.095
13050,13051,22.911
13051,9967,94.391
13051,13050,22.911
13051,13590,25.950
13051,13632,41.882
13052,16827,11.404
13053,9974,3.504
13053,15534,45.860
13053,16827,56.077
13054,10405,104.967
13054,12842,28.576
13054,16822,34.513
13055,12820,35.084
13055,16774,27.341
13056,16765,27.809
13057,16279,38.971
13058,11668,55.477
13059,11663,4.430
13059,11916,90.778
13059,13060,45.468
13060,13059,45.468
13061,9537,28.496
13061,11932,53.417
13061,13642,25.875
13061,13643,31.050
13062,12639,57.678
13062,12640,41.596
13062,13958,138.065
13063,9985,98.421
13063,12808,4.467
13063,13958,26.130
13064,9979,116.283
13064,9982,10.174
13064,13958,27.928
13065,11933,62.388
13065,13066,9.453
13065,13687,25.888
13065,16935,29.798
13066,13065,9.453
13066,13067,69.694
13066,13680,29.826
13066,13682,28.974
13067,13066,69.694
13068,9229,72.365
13069,13070,90.974
13070,11935,26.602
13070,12835,31.943
13070,13069,90.974
13070,13071,18.486
13071,11796,123.988
13071,11798,25.176
13071,13070,18.486
13072,13703,20.676
13073,13074,71.341
13073,13076,27.884
13073,13077,25.844
13074,13073,71.341
13074,13075,28.194
13074,16434,27.745
13075,13074,28.194
13075,13076,70.553
13075,16435,30.385
13076,9548,35.748
13076,13073,27.884
13076,13075,70.553
13077,9549,23.800
13077,13073,25.844
13077,13607,51.849
13077,13614,36.704
13078,13612,24.652
13078,13614,60.748
13078,16434,26.019
13079,13702,41.286
13080,9840,26.566
13080,13081,93.649
13080,13609,17.333
13081,9838,27.846
13081,13080,93.649
13081,13699,14.259
13082,9540,74.596
13082,9844,64.568
13082,13083,28.758
13083,9845,63.103
13083,13082,28.758
13083,13697,29.924
13083,13701,82.709
13084,888,62.338
13084,11854,83.169
13084,17082,22.561
13085,12442,45.082
13086,640,25.177
13087,12431,41.746
13087,13660,25.865
13087,13661,39.535
13088,9860,39.178
13088,9866,28.873
13088,13089,26.602
13089,9861,40.020
13089,9867,25.610
13089,13088,26.602
13089,13090,30.907
13090,9862,38.804
13090,9868,22.489
13090,13089,30.907
13090,13091,27.919
13091,9863,34.040
13091,9869,25.071
13091,13090,27.919
13092,11931,54.671
13092,12810,31.126
13092,13645,26.453
13093,9997,29.209
13093,14010,32.327
13093,15563,74.951
13094,14010,39.311
13095,9988,26.321
13096,9724,44.473
13096,9725,138.534
13096,16958,35.434
13097,13098,76.148
13098,9606,83.049
13098,9607,58.154
13098,13097,76.148
13099,9725,67.146
13099,15554,119.305
13099,16957,9.423
13100,9605,84.265
13100,13101,80.397
13100,16959,30.974
13101,13100,80.397
13102,10346,33.741
13102,13531,39.130
13102,13537,53.416
13103,13531,56.242
13104,13105,32.819
13105,13104,32.819
13105,13547,25.599
13105,15981,24.140
13106,2002,30.221
13106,2033,47.144
13106,13108,48.916
13107,2023,36.611
13107,2031,54.066
13107,13108,57.351
13108,2012,10.694
13108,13106,48.916
13108,13107,57.351
13109,1274,57.901
13110,13111,64.812
13110,15887,27.152
13110,17452,69.120
13111,1842,39.594
13111,13110,64.812
13111,17455,13.452
13112,1881,36.385
13113,543,275.698
13114,1903,61.849
13115,2858,8.059
13115,2909,50.494
13115,11985,32.432
13116,3029,35.313
13117,3044,90.477
13118,3043,44.998
13118,13119,40.816
13118,14857,77.533
13119,13118,40.816
13120,13121,36.283
13121,13120,36.283
13122,988,45.317
13123,13124,45.370
13124,1463,17.266
13124,1467,28.553
13124,13123,45.370
13125,1344,49.902
13125,1357,20.935
13125,1477,61.099
13126,1357,24.016
13127,3157,69.346
13127,13128,39.999
13127,13130,50.395
13128,13127,39.999
13128,13129,53.508
13128,13131,50.661
13128,13133,53.015
13129,3139,15.692
13129,3155,163.636
13129,13128,53.508
13130,3117,4.904
13130,3139,31.159
13130,13127,50.395
13131,3157,51.990
13131,13128,50.661
13131,13132,27.538
13132,3130,196.670
13132,3157,53.052
13132,13131,27.538
13133,13128,53.015
13134,3247,121.286
13134,3254,75.806
13134,3307,83.461
13135,9451,45.347
13136,3233,43.773
13136,3235,54.757
13136,3238,84.216
13137,2904,8.794
13138,2846,52.378
13138,2882,90.569
13138,2896,102.385
13139,3003,51.020
13140,94,105.923
13140,500,55.319
13140,15637,37.523
13141,2891,32.884
13142,1571,35.201
13142,17191,21.066
13143,1125,6.906
13143,1171,77.291
13143,1172,37.685
13144,1562,190.892
13144,2973,17.858
13145,12368,26.714
13145,12683,33.486
13145,13146,95.089
13146,12674,33.546
13146,12680,26.206
13146,12682,33.924
13146,13145,95.089
13147,12085,37.898
13147,13396,39.152
13147,14563,28.900
13148,12086,40.068
13149,8246,17.479
13149,8284,36.263
13149,17693,32.976
13150,8275,32.240
13150,8316,30.476
13150,13151,71.591
13151,13150,71.591
13152,8301,48.470
13152,12890,188.328
13152,13153,36.057
13153,8301,107.585
13153,13152,36.057
13154,12888,89.547
13155,12888,25.994
13155,13156,95.204
13155,13157,23.774
13155,17559,47.965
13156,13155,95.204
13157,13155,23.774
13157,13158,103.374
13157,13159,24.309
13158,13157,103.374
13159,13157,24.309
13159,13160,104.001
13159,13161,22.259
13160,13159,104.001
13161,12889,12.926
13161,13159,22.259
13161,13162,108.608
13162,13161,108.608
13162,14527,45.968
13163,16405,69.189
13164,13165,48.480
13164,15118,8.627
13164,15120,24.907
13165,13164,48.480
13165,14722,110.238
13165,16406,86.196
13166,9523,73.974
13166,17495,98.638
13167,8356,39.714
13168,8266,29.482
13168,14109,5.801
13168,14514,107.714
13169,14109,36.861
13170,9675,33.850
13170,14114,58.881
13170,17659,17.997
13171,9487,28.478
13172,12644,30.928
13172,13173,64.289
13172,14121,23.188
13173,13172,64.289
13173,14119,38.496
13174,16687,10.119
13175,13176,43.914
13176,12416,48.331
13176,13175,43.914
13176,13179,23.638
13177,13178,70.097
13178,12371,40.550
13178,13177,70.097
13178,13179,66.352
13179,13176,23.638
13179,13178,66.352
13179,13511,63.267
13180,9518,232.079
13181,16373,111.503
13182,9495,58.201
13183,2603,35.936
13183,2620,75.488
13183,13469,194.425
13184,2559,81.586
13184,2575,16.179
13184,13185,76.411
13185,2513,155.533
13185,2611,44.940
13185,13184,76.411
13186,2325,37.948
13186,2395,23.388
13186,2396,83.296
13187,2549,47.271
13187,2553,28.703
13187,16873,18.237
13188,2297,44.561
13189,2309,90.340
13189,2389,21.281
13189,13190,26.328
13190,2314,26.410
13190,2344,43.040
13190,13189,26.328
13191,2316,54.221
13191,13192,23.945
13191,15832,16.281
13192,2326,56.111
13192,2363,16.085
13192,13191,23.945
13193,13194,75.406
13193,13198,2.066
13194,13193,75.406
13195,14421,49.285
13196,2655,54.356
13196,2672,35.118
13196,2681,29.321
13197,12384,57.394
13197,12892,95.769
13197,12893,170.722
13198,437,77.240
13198,2347,35.446
13198,13193,2.066
13199,10262,70.116
13199,13769,2.987
13200,10240,28.297
13200,13764,42.577
13200,14757,105.220
13201,8596,52.037
13201,13203,43.032
13201,17282,39.927
13202,8047,232.113
13202,8597,71.523
13202,17281,85.120
13203,13201,43.032
13204,8011,8.143
13204,15391,107.336
13205,6486,58.525
13206,12175,6.116
13206,13207,67.247
13206,15600,63.497
13207,13206,67.247
13208,6467,97.509
13208,6484,68.767
13208,12172,57.577
13209,6628,122.782
13209,6631,26.724
13209,6676,23.114
13210,15692,24.494
13211,4070,50.173
13211,9501,25.789
13211,14531,51.143
13212,4071,74.010
13212,14531,7.710
13212,14532,16.052
13213,13214,52.094
13214,6563,51.201
13214,6564,34.666
13214,13213,52.094
13215,6493,77.538
13215,6513,56.365
13215,14564,64.289
13216,19,159.112
13216,6496,25.636
13216,6499,27.494
13217,179,28.817
13217,5980,27.077
13217,6380,63.181
13217,13945,74.175
13218,4140,24.810
13218,15889,29.468
13218,15891,20.864
13219,4140,43.907
13219,4172,20.526
13219,4196,70.459
13220,4208,68.196
13221,587,67.714
13222,4126,35.393
13222,4209,38.125
13222,16376,130.469
13223,13224,63.764
13224,13223,63.764
13224,17351,62.276
13224,17629,83.904
13225,13226,35.162
13226,7465,26.881
13226,7482,31.090
13226,13225,35.162
13227,7645,28.632
13227,7661,51.891
13227,17292,22.997
13228,6925,205.081
13229,8005,131.141
13229,17045,7.331
13230,17045,88.779
13231,6910,93.023
13232,107,148.705
13232,11701,74.977
13232,16799,67.036
13233,11698,105.560
13233,16025,98.473
13234,3306,28.039
13235,17154,21.357
13236,6855,21.168
13236,6861,6.642
13237,12946,107.085
13237,13769,83.184
13237,14711,134.097
13238,25,23.656
13239,6375,74.399
13239,15045,14.167
13240,6339,48.796
13240,6370,10.581
13241,6295,67.284
13241,6298,31.053
13241,6318,89.069
13242,695,39.809
13243,6552,63.297
13244,13434,29.771
13244,16718,47.681
13245,6555,115.746
13246,13247,31.637
13246,16190,85.055
13247,6870,65.506
13247,7545,58.637
13247,13246,31.637
13248,8136,126.359
13248,8141,134.499
13248,13249,41.365
13249,8123,57.863
13249,13248,41.365
13249,13250,137.677
13250,8136,58.683
13250,13249,137.677
13250,15154,41.043
13251,10246,89.624
13251,10264,51.152
13251,11814,10.694
13252,7751,45.216
13253,12491,43.158
13253,12492,49.598
13253,14101,138.563
13254,10171,92.718
13254,10643,262.392
13254,10656,59.390
13255,10658,59.641
13255,10859,83.663
13255,13256,95.562
13256,13255,95.562
13256,15180,72.945
13256,16488,3.269
13257,10672,10.654
13257,12202,49.327
13257,12203,118.745
13258,10172,27.029
13259,10162,11.433
13259,10163,37.992
13259,13260,149.167
13260,11599,34.571
13260,13259,149.167
13260,13262,16.347
13261,10162,35.699
13262,10162,150.115
13262,10166,47.883
13262,13260,16.347
13263,13264,46.779
13264,10148,118.362
13264,10149,68.317
13264,13263,46.779
13265,10151,41.942
13266,10869,73.751
13266,14610,107.098
13267,10153,72.645
13267,10160,113.518
13267,13268,137.342
13268,10152,146.710
13268,13267,137.342
13268,16659,9.981
13269,10217,57.159
13270,10866,41.188
13270,13271,63.252
13270,13273,16.404
13271,10147,139.119
13271,13270,63.252
13271,13272,60.002
13272,10147,124.109
13272,10148,45.681
13272,13271,60.002
13273,10708,98.864
13273,13270,16.404
13274,10220,45.481
13275,10196,35.399
13275,10221,39.320
13275,13276,68.623
13276,13275,68.623
13277,10219,7.451
13277,10695,99.079
13277,13278,73.278
13278,13277,73.278
13279,17034,36.813
13280,10213,44.598
13280,10747,43.878
13280,10748,93.536
13281,10635,87.936
13281,14596,54.320
13282,10575,63.993
13282,10625,53.743
13282,10634,117.668
13283,10648,35.815
13284,12199,113.793
13284,12200,61.140
13284,13285,25.499
13285,13284,25.499
13286,10164,39.454
13287,1408,31.000
13287,1411,119.949
13287,10644,157.262
13288,1408,126.908
13289,10609,135.780
13289,10637,55.760
13289,10652,64.183
13290,10104,88.441
13290,10105,85.952
13290,16726,40.339
13291,8025,67.228
13291,8027,26.962
13291,13292,53.967
13292,13291,53.967
13293,12777,37.978
13293,12779,37.761
13293,13294,127.084
13294,260,49.163
13294,10225,20.712
13294,13293,127.084
13295,8030,145.732
13295,10226,7.580
13295,15247,78.078
13296,8019,63.523
13296,10722,26.630
13296,10727,46.308
13297,12775,184.372
13297,12779,125.001
13297,13298,212.481
13298,12778,142.434
13298,13297,212.481
13298,15081,95.255
13299,8034,46.701
13299,17664,77.198
13300,10667,170.549
13301,10744,76.041
13302,262,65.904
13302,10799,90.936
13302,13303,63.279
13303,13302,63.279
13304,10764,11.711
13304,10771,99.764
13304,15101,121.304
13305,10212,113.659
13306,9661,31.936
13306,10125,70.143
13306,10211,55.416
13307,10798,17.848
13308,10207,56.984
13308,10711,85.691
13308,17660,131.490
13309,13310,77.391
13310,9671,53.805
13310,10197,9.415
13310,13309,77.391
13311,11847,63.162
13312,866,19.834
13312,4742,8.514
13313,13011,45.110
13314,9248,15.016
13314,13669,146.954
13314,14434,48.867
13314,14788,18.231
13315,9237,89.535
13315,11797,15.958
13315,14788,192.657
13315,14791,12.736
13316,634,14.707
13317,11544,37.732
13317,12976,44.909
13318,8407,137.214
13318,15188,36.554
13319,8391,39.918
13319,8408,177.674
13320,13321,41.708
13321,13320,41.708
13321,13323,26.778
13321,13325,70.018
13322,13323,37.602
13323,8917,75.195
13323,13321,26.778
13323,13322,37.602
13324,13325,48.404
13325,8916,169.250
13325,13321,70.018
13325,13324,48.404
13326,8922,53.346
13327,8450,136.247
13328,17512,36.373
13329,8366,60.894
13330,8370,28.359
13330,8373,73.063
13331,8220,16.361
13332,13333,7.738
13332,13334,9.046
13333,132,67.336
13333,5636,135.989
13333,13332,7.738
13334,5641,61.235
13334,13339,24.443
13335,5611,142.105
13335,14707,46.127
13336,5634,171.646
13336,13335,41.412
13337,5693,85.372
13337,13332,19.134
13338,5661,34.876
13338,13337,45.454
13339,13340,508.966
13341,14329,111.735
13341,15619,64.456
13342,13341,81.301
13342,15619,64.669
13343,6314,243.690
13343,13342,56.554
13344,13345,155.536
13344,17053,168.430
13345,9302,70.507
13346,5363,60.046
13346,10487,37.212
13347,2207,156.106
13347,13355,77.740
13348,2173,73.160
13348,2228,41.295
13349,2070,40.894
13349,13361,41.346
13350,2057,39.158
13350,14139,60.804
13351,1964,154.529
13351,14915,21.626
13352,1988,69.514
13352,14340,65.588
13353,13367,61.780
13354,13472,5.235
13354,17682,9.168
13355,2140,10.224
13355,2213,100.000
13355,13354,121.467
13356,2006,162.904
13356,2030,10.988
13356,13347,46.346
13357,13356,40.341
13357,16553,45.721
13358,2180,121.524
13358,13357,39.856
13359,2122,83.820
13359,14339,62.731
13360,2067,102.927
13360,13359,47.645
13361,2108,43.498
13361,13360,34.293
13362,2116,121.202
13362,13349,37.319
13363,2057,111.762
13363,13362,78.622
13364,282,12.251
13364,2031,99.344
13364,13350,79.802
13365,2036,85.267
13365,13449,10.123
13366,1992,65.959
13366,13351,95.777
13367,281,9.981
13367,13352,179.132
13367,17578,2.182
13368,2723,218.966
13369,2468,8.828
13369,13375,107.683
13369,17243,8.823
13370,14586,9.965
13370,17569,9.436
13371,13370,27.624
13372,13371,36.337
13373,1354,76.697
13373,2420,51.550
13374,342,103.641
13374,1354,10.056
13375,2477,85.042
13375,13372,22.085
13376,2461,7.097
13376,17171,53.218
13376,17228,14.832
13377,2321,134.661
13377,13379,8.235
13378,342,8.269
13378,13373,27.355
13379,13378,12.426
13380,13391,4.149
13381,11649,207.580
13381,13377,1.584
13382,1298,11.061
13382,13388,78.029
13383,2547,74.572
13383,14409,8.310
13383,15688,107.256
13384,13381,2.588
13385,2395,147.207
13385,2513,8.726
13385,17235,18.356
13386,2525,127.477
13386,13385,40.253
13387,2535,115.122
13387,2628,8.485
13387,13386,53.490
13388,2512,124.610
13388,13387,18.997
13389,2498,75.136
13389,13382,106.394
13390,2534,69.344
13390,2544,9.884
13390,13389,49.014
13391,2573,74.704
13391,13384,8.172
13392,10383,143.223
13393,9209,667.863
13394,12086,65.271
13394,13395,28.159
13394,14721,5.912
13395,13394,28.159
13395,13398,89.514
13396,13147,39.152
13396,13397,36.025
13397,8246,2.566
13397,13396,36.025
13397,13399,117.284
13398,8246,34.519
13398,13395,89.514
13398,17693,15.928
13399,8270,42.279
13399,13397,117.284
13399,17520,16.378
13400,13401,51.007
13400,17559,16.243
13401,13400,51.007
13402,13403,31.049
13403,12886,60.481
13403,13402,31.049
13404,774,38.921
13405,6652,48.246
13405,7561,8.970
13405,13425,88.879
13406,6723,8.031
13406,12578,93.128
13408,13407,39.013
13409,13408,319.842
13410,26,11.139
13410,13409,22.992
13411,5775,146.362
13411,13410,24.202
13412,155,9.515
13412,156,294.035
13412,13411,91.742
13413,13412,65.103
13413,14106,60.600
13414,160,8.776
13414,5941,130.464
13414,13413,74.647
13415,5932,9.005
13415,5933,62.848
13415,13414,66.260
13416,163,8.566
13416,5939,87.576
13416,13415,90.690
13417,7732,10.444
13417,13416,81.319
13418,13417,17.437
13418,17768,18.263
13419,6013,101.582
13419,7632,10.014
13419,17631,173.203
13420,6028,49.176
13420,13928,25.841
13421,6019,147.139
13421,13420,71.532
13422,12181,31.467
13422,13421,15.322
13423,24,9.686
13423,6677,38.943
13423,13422,71.409
13424,6669,38.634
13424,13423,29.581
13425,6646,7.932
13425,6680,73.839
13425,13424,41.843
13426,13927,22.292
13427,6549,71.471
13427,13426,38.932
13428,10495,181.376
13428,13429,20.583
13429,3093,10.411
13429,13430,65.839
13430,6538,39.690
13430,13431,79.547
13431,6539,68.566
13431,13427,38.466
13432,6551,120.660
13432,13433,82.509
13433,6550,127.393
13433,13244,21.712
13434,60,8.989
13434,6552,77.278
13434,16548,23.202
13435,2444,88.394
13435,17123,107.569
13436,2447,93.173
13436,13379,127.489
13437,2423,74.723
13437,13436,46.860
13438,2417,120.922
13438,13435,68.590
13439,2312,81.427
13439,2354,7.080
13439,17124,71.794
13440,2312,70.414
13440,13439,73.028
13441,344,10.180
13441,13440,43.542
13442,17736,13.283
13443,2661,11.254
13443,2694,96.207
13443,15463,212.563
13444,1345,5.074
13444,1352,79.094
13444,13476,14.698
13445,2696,154.586
13445,13444,35.492
13446,2684,69.270
13446,13445,50.314
13447,2688,55.249
13447,15245,52.862
13448,9459,10.568
13448,14913,9.459
13449,13448,10.829
13449,17684,16.583
13450,2023,34.859
13450,2036,6.248
13450,13449,83.783
13451,3951,12.616
13452,2650,37.046
13452,13470,79.959
13453,1584,103.701
13454,3909,37.251
13454,12080,7.450
13454,13463,44.408
13455,3910,69.695
13455,13456,132.774
13456,3931,76.428
13456,13460,182.947
13457,3957,71.450
13457,17605,24.693
13458,3955,90.278
13458,13457,14.528
13459,13458,40.673
13459,16455,62.113
13460,3958,94.755
13460,14683,46.400
13461,14693,17.208
13461,17099,32.790
13462,3923,90.771
13462,13461,94.785
13463,13462,11.409
13464,3842,63.464
13464,13454,51.758
13465,17263,4.625
13466,13465,74.985
13467,13466,392.143
13468,2586,9.394
13468,2626,12.446
13468,13467,22.367
13469,13183,194.425
13469,13468,34.520
13470,1321,204.165
13470,1350,7.898
13470,13469,46.256
13471,349,6.767
13471,13452,112.785
13472,13390,144.021
13472,13471,8.761
13473,3573,25.898
13473,3631,11.470
13474,13450,14.049
13474,13475,6.453
13475,1974,90.226
13475,1978,21.234
13475,13474,6.453
13476,1345,14.510
13476,2661,70.304
13477,8172,17.415
13477,8984,142.326
13478,13477,8.223
13479,13483,15.173
13480,8867,153.563
13480,13482,21.806
13481,11894,74.643
13481,13479,10.720
13482,13481,10.240
13483,11944,74.367
13483,13478,12.839
13484,13486,2.341
13485,13484,8.613
13485,15111,106.028
13486,13488,5.202
13486,13508,277.847
13487,13485,1.716
13488,13509,1.470
13489,12642,30.461
13489,13487,8.646
13490,13489,2.851
13491,12369,204.887
13491,13505,71.759
13492,343,11.268
13492,2565,61.722
13492,13380,212.128
13493,2491,7.574
13493,13492,108.678
13494,13493,11.229
13495,13494,56.548
13496,3965,137.251
13496,13495,11.152
13497,3971,50.517
13497,13496,89.708
13498,3967,83.215
13498,14760,20.738
13499,3963,165.118
13499,13498,28.226
13500,3961,192.583
13500,3992,10.084
13500,13499,24.565
13501,13500,14.445
13502,13501,461.001
13503,12670,77.636
13503,17642,24.860
13504,12668,72.596
13504,12669,6.913
13504,14811,16.221
13505,12668,96.998
13505,13504,29.859
13506,12344,79.548
13506,13491,23.536
13507,12346,152.559
13507,12347,7.250
13507,13506,64.889
13508,13507,201.523
13508,16939,81.428
13509,9516,21.971
13509,13490,5.693
13510,343,211.476
13510,13380,6.310
13511,13179,63.267
13511,14446,110.973
13511,14447,69.765
13512,9613,82.599
13512,16890,73.222
13512,17195,61.396
13513,9613,129.135
13514,9613,32.473
13514,9615,133.461
13514,13515,209.645
13515,9614,55.863
13515,13514,209.645
13515,15951,19.833
13516,13517,45.775
13516,13562,41.563
13517,13516,45.775
13518,8901,3.229
13518,12899,47.124
13518,13519,124.130
13519,13518,124.130
13520,12900,20.490
13520,13521,75.038
13520,13523,34.002
13521,13520,75.038
13522,10343,76.006
13522,12901,106.581
13522,13523,192.208
13523,13520,34.002
13523,13522,192.208
13523,13524,130.948
13524,13523,130.948
13525,10344,110.952
13526,13530,91.855
13527,13533,61.380
13527,13541,17.370
13527,13543,5.526
13528,13534,60.788
13528,13535,24.393
13528,13575,17.370
13529,13537,34.176
13529,13538,28.698
13529,13539,9.152
13530,10346,26.993
13530,13526,91.855
13530,13531,37.897
13531,13102,39.130
13531,13103,56.242
13531,13530,37.897
13531,13532,100.849
13532,13531,100.849
13533,13527,61.380
13534,13528,60.788
13535,13528,24.393
13535,13536,63.834
13535,13539,21.388
13536,13535,63.834
13537,10347,77.695
13537,13102,53.416
13537,13529,34.176
13538,13529,28.698
13539,13529,9.152
13539,13535,21.388
13539,13540,56.603
13540,13539,56.603
13541,10347,48.009
13541,13527,17.370
13541,13575,7.544
13542,10347,20.947
13542,13543,51.330
13542,13544,11.593
13543,13527,5.526
13543,13542,51.330
13543,13545,13.314
13544,10348,28.709
13544,13542,11.593
13544,13545,52.567
13545,13543,13.314
13545,13544,52.567
13545,13546,29.438
13546,10348,56.724
13546,12022,52.235
13546,13545,29.438
13547,10345,25.482
13547,13105,25.599
13547,13548,174.986
13548,13547,174.986
13549,8897,157.751
13550,8883,22.177
13550,8899,18.543
13550,13564,79.093
13551,9611,344.655
13552,13571,50.406
13552,13572,58.505
13552,13573,43.745
13553,13555,7.031
13554,9557,20.951
13554,13555,43.415
13554,13573,35.576
13555,13553,7.031
13555,13554,43.415
13555,13572,40.865
13556,9559,10.465
13556,13557,64.545
13556,13569,171.071
13557,9559,67.048
13557,13556,64.545
13557,13558,37.302
13558,13557,37.302
13559,9529,4.698
13559,13560,37.727
13560,9631,8.141
13560,13559,37.727
13561,13562,75.173
13562,13561,75.173
13562,17450,84.222
13563,13566,60.865
13564,13550,79.093
13564,13565,85.410
13564,13566,22.040
13565,13564,85.410
13566,8899,123.311
13566,13563,60.865
13566,13564,22.040
13567,9561,89.845
13568,13570,52.124
13569,9560,44.847
13569,13556,171.071
13569,13570,29.224
13570,13568,52.124
13570,13569,29.224
13570,13571,29.784
13571,9560,43.582
13571,13552,50.406
13571,13570,29.784
13572,13552,58.505
13572,13555,40.865
13572,13573,30.139
13573,13552,43.745
13573,13554,35.576
13573,13572,30.139
13574,13575,60.145
13575,13528,17.370
13575,13541,7.544
13575,13574,60.145
13576,9334,71.680
13576,9340,19.928
13576,9349,69.664
13576,9350,234.097
13577,12318,238.422
13577,13578,128.507
13577,16432,34.693
13578,13577,128.507
13579,10369,5.691
13579,10374,25.450
13579,13580,37.911
13580,13579,37.911
13581,10373,35.317
13581,13582,28.795
13581,13592,83.957
13582,13581,28.795
13583,16991,69.029
13584,9537,33.336
13584,11632,29.531
13584,12811,155.409
13584,13634,49.812
13584,13643,29.970
13585,9537,53.473
13585,9858,10.285
13585,11932,27.800
13586,9975,125.164
13586,13662,174.370
13586,13957,57.593
13587,9975,36.708
13587,13588,97.965
13587,13662,51.921
13587,13663,62.027
13588,13587,97.965
13588,16555,32.075
13589,13590,47.992
13589,15518,28.999
13590,13051,25.950
13590,13589,47.992
13590,16829,17.362
13591,10371,3.625
13591,13598,35.527
13591,13622,15.817
13592,10370,26.415
13592,13581,83.957
13592,15408,48.989
13593,10326,9.569
13593,13594,38.857
13593,13595,27.183
13594,13593,38.857
13595,13038,118.009
13595,13593,27.183
13595,13596,57.575
13596,13595,57.575
13597,16993,74.032
13598,13591,35.527
13598,13622,50.142
13598,13623,32.826
13599,11807,195.042
13599,13600,25.315
13600,13599,25.315
13600,13610,152.986
13600,13619,33.722
13601,9548,8.050
13601,11807,27.632
13601,13607,103.374
13601,13617,24.791
13602,9550,18.686
13602,13606,48.301
13602,15362,11.818
13603,15361,10.747
13603,15362,13.252
13603,15370,29.707
13604,13033,29.884
13604,13605,15.353
13604,15369,31.954
13605,13604,15.353
13605,13606,22.757
13605,15370,16.531
13606,13033,36.490
13606,13602,48.301
13606,13605,22.757
13607,12861,9.733
13607,13077,51.849
13607,13601,103.374
13608,10327,44.374
13608,13030,48.799
13608,16729,93.162
13609,9543,96.638
13609,9547,4.267
13609,9837,32.170
13609,13080,17.333
13610,9546,2.898
13610,13600,152.986
13610,13620,16.614
13610,16435,29.666
13611,13615,79.870
13612,13078,24.652
13612,13615,43.173
13612,13616,14.502
13613,13614,28.416
13613,13616,42.851
13613,15367,15.655
13614,13077,36.704
13614,13078,60.748
13614,13613,28.416
13615,13611,79.870
13615,13612,43.173
13615,15365,16.832
13616,13612,14.502
13616,13613,42.851
13616,15365,14.362
13617,13601,24.791
13617,13618,65.423
13617,13653,46.470
13618,13617,65.423
13618,13620,25.356
13618,13654,44.691
13619,13600,33.722
13619,13653,78.804
13619,13654,55.618
13620,9548,72.063
13620,13610,16.614
13620,13618,25.356
13621,13629,54.885
13622,13591,15.817
13622,13598,50.142
13622,13629,27.183
13623,10373,22.091
13623,13598,32.826
13623,13624,31.366
13624,13623,31.366
13624,13625,21.354
13624,13626,86.284
13625,10372,37.887
13625,10373,32.252
13625,13624,21.354
13626,13624,86.284
13627,10369,63.975
13628,10371,32.521
13628,13629,26.942
13628,15191,51.240
13629,13621,54.885
13629,13622,27.183
13629,13628,26.942
13630,13631,55.128
13630,13655,29.870
13630,13656,6.228
13631,13630,55.128
13631,17656,18.006
13631,17657,15.247
13632,10320,97.703
13632,13051,41.882
13632,15518,9.038
13633,9858,34.333
13633,13634,62.506
13633,15612,11.805
13634,9842,93.465
13634,13584,49.812
13634,13633,62.506
13635,13636,30.074
13635,13637,53.683
13635,13642,25.070
13635,13645,27.258
13636,13635,30.074
13636,13643,50.850
13636,13646,27.612
13637,13635,53.683
13637,13641,26.140
13637,13644,24.962
13638,9857,20.930
13638,9858,6.283
13638,13639,132.797
13639,11931,16.289
13639,13638,132.797
13639,13640,55.519
13640,13639,55.519
13641,11932,26.007
13641,13637,26.140
13641,13642,53.492
13642,13061,25.875
13642,13635,25.070
13642,13641,53.492
13643,13061,31.050
13643,13584,29.970
13643,13636,50.850
13644,11931,28.074
13644,13637,24.962
13644,13645,54.101
13645,13092,26.453
13645,13635,27.258
13645,13644,54.101
13645,13646,29.101
13646,12810,26.484
13646,13636,27.612
13646,13645,29.101
13647,9840,41.363
13647,9852,63.338
13647,13648,29.674
13648,9837,75.522
13648,9853,62.717
13648,13647,29.674
13648,13649,29.581
13649,9839,64.952
13649,9854,62.528
13649,13648,29.581
13649,13650,28.903
13650,9544,58.161
13650,13649,28.903
13650,13651,4.160
13651,9855,57.031
13651,13650,4.160
13651,13652,32.300
13652,9841,54.050
13652,13651,32.300
13652,15611,9.670
13653,13617,46.470
13653,13619,78.804
13653,13654,52.655
13654,13618,44.691
13654,13619,55.618
13654,13653,52.655
13655,9967,13.911
13655,10408,131.932
13655,13630,29.870
13656,13049,19.348
13656,13630,6.228
13656,16828,55.906
13657,10316,41.422
13657,13658,64.075
13657,13659,38.725
13658,9970,25.291
13658,9971,27.904
13658,13657,64.075
13659,9971,40.294
13659,10315,33.445
13659,13657,38.725
13660,10315,40.621
13660,13087,25.865
13660,13661,16.850
13661,9969,163.360
13661,13087,39.535
13661,13660,16.850
13662,9263,16.065
13662,13586,174.370
13662,13587,51.921
13663,13587,62.027
13664,9975,7.765
13664,16555,104.594
13664,16772,25.908
13665,9268,196.071
13665,13666,15.610
13666,10297,7.288
13666,13665,15.610
13667,9255,9.054
13667,10275,27.205
13667,13668,34.850
13668,10275,45.754
13668,10276,440.809
13668,13667,34.850
13669,11938,307.486
13669,13314,146.954
13669,15561,52.926
13670,11937,279.671
13670,11938,46.187
13670,16757,82.584
13671,11936,177.812
13671,13677,27.456
13671,13679,48.494
13672,11941,18.826
13672,11943,147.926
13672,12771,66.275
13673,13674,30.353
13673,13692,58.210
13673,14807,48.562
13674,11798,28.761
13674,13673,30.353
13674,16934,21.409
13675,12838,49.592
13675,12840,12.959
13675,13676,4.315
13676,12837,37.205
13676,12839,175.611
13676,13675,4.315
13677,11942,4.698
13677,13671,27.456
13677,13678,72.511
13678,13677,72.511
13679,11937,166.615
13679,12812,22.148
13679,13671,48.494
13680,11933,31.388
13680,13066,29.826
13680,13684,26.928
13681,13684,60.091
13682,11935,22.470
13682,13066,28.974
13682,13683,123.875
13683,13682,123.875
13684,13680,26.928
13684,13681,60.091
13684,13685,34.887
13685,13684,34.887
13686,13687,24.975
13686,13691,7.364
13686,16934,28.902
13687,13065,25.888
13687,13686,24.975
13687,13690,23.921
13688,13690,42.211
13689,9237,59.961
13689,13690,25.546
13689,13691,15.649
13690,13687,23.921
13690,13688,42.211
13690,13689,25.546
13691,13686,7.364
13691,13689,15.649
13691,13692,29.153
13692,9231,78.284
13692,13673,58.210
13692,13691,29.153
13693,12650,18.043
13693,12928,127.061
13693,13694,44.859
13694,13693,44.859
13695,12800,22.030
13695,12929,19.374
13695,13696,43.283
13696,13695,43.283
13697,9847,63.461
13697,13083,29.924
13697,13698,29.550
13697,13700,83.690
13698,9539,66.118
13698,9838,41.022
13698,13697,29.550
13699,9543,31.041
13699,13081,14.259
13699,13700,28.624
13700,9542,38.140
13700,13697,83.690
13700,13699,28.624
13700,13701,31.192
13701,9541,48.383
13701,13083,82.709
13701,13700,31.192
13701,13702,29.782
13702,9540,6.631
13702,13079,41.286
13702,13701,29.782
13703,11934,25.511
13703,12812,62.797
13703,13072,20.676
13704,13705,36.589
13705,10314,66.511
13705,10319,16.815
13705,13704,36.589
13706,13707,44.609
13707,10319,4.614
13707,13706,44.609
13707,17447,16.089
13708,10313,56.456
13709,16827,39.286
13710,10323,88.284
13711,10404,130.460
13711,13712,35.474
13711,15147,32.722
13712,13711,35.474
13713,15147,18.523
13714,10321,12.386
13714,13048,33.221
13714,13715,62.829
13715,10322,112.937
13715,10323,66.609
13715,13714,62.829
13716,13021,44.722
13717,9900,12.059
13717,11924,80.836
13717,16181,92.497
13718,10329,4.149
13718,10435,72.002
13718,14979,167.802
13718,14981,32.895
13719,9800,5.226
13719,9801,24.124
13720,13039,19.293
13720,13040,27.739
13720,13721,48.683
13721,10426,56.506
13721,13720,48.683
13722,13040,26.377
13723,10427,47.096
13724,13725,46.143
13725,10389,26.419
13725,10391,21.446
13725,13724,46.143
13725,13729,51.778
13726,9285,108.412
13726,13727,48.432
13726,15484,23.185
13727,9282,101.519
13727,10391,3.485
13727,13726,48.432
13728,13729,54.756
13729,13725,51.778
13729,13728,54.756
13729,15998,24.105
13730,13731,110.424
13731,10351,5.594
13731,12991,25.150
13731,13730,110.424
13732,9812,55.033
13732,12998,29.367
13732,15982,33.940
13733,9279,62.997
13733,9285,34.792
13734,10287,66.443
13734,10291,76.349
13734,10293,8.885
13735,10360,23.642
13735,12749,71.146
13735,17212,60.037
13736,9396,27.249
13736,13737,25.539
13736,16795,27.235
13737,9401,26.551
13737,13736,25.539
13737,16796,26.770
13738,10352,14.853
13739,9398,28.692
13739,10356,89.249
13739,13740,127.592
13740,9397,23.516
13740,13739,127.592
13740,13741,31.371
13740,17395,45.500
13741,10385,34.859
13741,10549,24.742
13741,13740,31.371
13742,10301,25.722
13742,16762,109.769
13743,9829,16.916
13743,12499,27.440
13743,13744,68.035
13744,9830,19.174
13744,12500,25.010
13744,13743,68.035
13745,9822,31.619
13745,9825,24.976
13745,13746,46.686
13746,13745,46.686
13747,9828,4.890
13747,9829,17.004
13747,13748,59.566
13748,13747,59.566
13749,8705,75.625
13749,8803,59.290
13749,8804,45.593
13750,7831,67.329
13750,7835,23.890
13750,13751,22.548
13751,7828,84.085
13751,7837,57.563
13751,13750,22.548
13752,8705,65.103
13752,8782,48.743
13752,8803,69.382
13753,13754,42.395
13754,448,115.217
13754,8682,47.236
13754,13753,42.395
13755,8598,17.922
13755,8600,53.221
13755,8601,130.766
13756,8636,70.006
13756,8644,40.998
13756,8657,20.677
13757,8634,141.340
13757,8649,91.522
13757,11897,188.160
13758,11775,70.980
13758,11776,51.009
13758,13759,41.270
13758,13760,59.096
13759,13758,41.270
13760,11778,50.297
13760,13758,59.096
13760,13802,4.327
13761,13762,84.453
13762,8810,102.862
13762,10239,90.310
13762,13761,84.453
13763,13764,69.816
13764,10242,71.275
13764,13200,42.577
13764,13763,69.816
13765,13766,63.098
13766,13765,63.098
13766,13771,15.684
13766,17289,26.523
13768,13769,97.296
13769,13199,2.987
13769,13237,83.184
13769,13768,97.296
13770,10254,68.155
13771,10239,78.609
13771,13766,15.684
13771,13772,71.091
13772,13771,71.091
13773,11919,52.704
13774,641,66.328
13774,710,34.811
13774,13775,94.496
13775,13774,94.496
13776,10046,2.979
13776,11663,102.052
13776,16839,67.388
13777,10270,27.417
13777,13778,22.994
13777,13782,38.445
13778,13777,22.994
13778,14591,48.627
13778,14592,38.651
13779,11919,18.077
13779,13780,74.157
13779,13781,47.337
13780,13779,74.157
13781,13779,47.337
13781,13782,33.682
13782,11805,72.208
13782,13777,38.445
13782,13781,33.682
13783,16933,72.174
13784,13785,74.317
13784,14711,3.449
13784,16933,32.192
13785,11804,84.650
13785,13784,74.317
13785,13786,55.054
13786,10262,56.639
13786,13785,55.054
13786,13787,4.485
13787,10259,29.783
13787,10265,48.961
13787,13786,4.485
13788,8791,14.786
13788,13791,22.939
13788,13792,42.058
13789,8762,14.909
13790,8780,58.915
13790,8796,46.390
13790,13793,21.857
13791,13788,22.939
13791,13792,24.237
13791,13793,15.334
13792,8676,61.981
13792,13788,42.058
13792,13791,24.237
13793,8791,36.775
13793,13790,21.857
13793,13791,15.334
13794,8710,40.207
13795,8636,22.945
13795,8640,19.138
13795,8649,90.990
13796,15022,4048.996
13797,8675,161.997
13797,13798,37.336
13797,13799,117.984
13798,8824,32.236
13798,13797,37.336
13798,13799,77.518
13799,8820,26.774
13799,13797,117.984
13799,13798,77.518
13800,8693,45.270
13800,8702,99.527
13800,8799,27.102
13801,8790,18.906
13801,8797,42.484
13801,8808,25.483
13802,11777,76.030
13802,13760,4.327
13802,13803,37.117
13803,13802,37.117
13804,7796,77.656
13804,13805,20.699
13805,7851,17.908
13805,13804,20.699
13806,7734,36.498
13806,13807,30.381
13807,13806,30.381
13808,13806,20.250
13808,13809,30.690
13809,13808,30.690
13810,10240,24.345
13810,10241,19.415
13810,13811,81.591
13811,11779,5.290
13811,13810,81.591
13812,8673,45.450
13812,8678,11.788
13812,15800,195.887
13813,8714,46.948
13813,8762,21.798
13813,8798,33.280
13814,8690,33.545
13814,8699,29.323
13814,13815,26.663
13815,8700,38.007
13815,8706,61.855
13815,13814,26.663
13816,8746,18.602
13816,8771,24.135
13816,8774,28.513
13817,5161,23.851
13817,5179,53.555
13817,5185,22.944
13818,9532,49.357
13818,13819,42.732
13818,13821,39.577
13819,13818,42.732
13819,14373,58.092
13820,13821,38.079
13820,14374,49.049
13821,13818,39.577
13821,13820,38.079
13821,16006,50.207
13822,8644,21.897
13822,8650,19.058
13822,8656,64.407
13823,8656,21.912
13823,8658,109.775
13823,13824,59.327
13824,8634,77.915
13824,8650,2.852
13824,13823,59.327
13825,7893,11.146
13825,7894,38.997
13825,10038,57.401
13826,13827,148.957
13826,14739,68.674
13827,9600,133.822
13827,9631,210.419
13827,13826,148.957
13828,4695,8.801
13828,13829,17.556
13829,767,2.378
13829,13828,17.556
13830,767,11.281
13830,4728,83.873
13830,13037,43.871
13831,5136,56.912
13832,5112,11.994
13832,5137,82.721
13832,16311,20.396
13833,4912,107.615
13834,9823,28.121
13834,17335,13.653
13835,4706,68.129
13835,4723,42.046
13835,12541,128.852
13836,4829,28.980
13837,13838,58.688
13838,8888,12.782
13838,8903,65.618
13838,13837,58.688
13839,9729,123.475
13839,13840,43.764
13839,13875,30.986
13840,13839,43.764
13841,16707,91.246
13842,4876,128.494
13842,9814,2.566
13842,17359,65.333
13843,5262,39.686
13844,9531,45.570
13844,13845,151.381
13844,13854,67.120
13845,9530,71.451
13845,13844,151.381
13845,15485,4.457
13846,12026,43.529
13846,13847,75.195
13846,16605,97.942
13846,17055,36.380
13847,12031,43.633
13847,12151,43.798
13847,13846,75.195
13848,13849,112.220
13849,8895,23.598
13849,9616,246.611
13849,13848,112.220
13850,9728,6.735
13850,9732,80.652
13850,13851,72.741
13851,13850,72.741
13851,17623,71.633
13852,13853,109.336
13853,9608,149.377
13853,10545,140.159
13853,13852,109.336
13854,13844,67.120
13854,13855,60.807
13854,15978,37.673
13855,13854,60.807
13856,14450,79.156
13857,8889,60.176
13857,8896,140.582
13857,13870,117.521
13858,4501,84.894
13858,4508,66.124
13858,4510,32.841
13859,13860,85.020
13860,9640,37.460
13860,13859,85.020
13860,16328,48.385
13861,13863,88.160
13862,13863,45.503
13863,13861,88.160
13863,13862,45.503
13863,13864,52.555
13864,9766,20.125
13864,9767,38.742
13864,13863,52.555
13865,3406,25.025
13865,15090,45.995
13865,15096,76.069
13866,15094,12.186
13867,9713,5.859
13867,9715,96.194
13867,13868,134.346
13868,13867,134.346
13869,12882,44.079
13869,15471,30.599
13869,16091,63.948
13870,9720,98.133
13870,13857,117.521
13870,15471,74.620
13871,4896,43.502
13871,4910,32.734
13871,17337,59.106
13872,829,59.751
13872,5339,12.267
13872,14083,42.340
13873,559,2.417
13873,5342,69.005
13874,560,17.859
13874,708,81.934
13874,756,46.095
13875,9728,73.219
13875,13839,30.986
13875,15971,17.471
13876,12029,161.203
13876,15516,215.548
13876,16096,73.010
13877,3501,11.445
13877,12984,130.962
13877,15452,235.320
13878,13879,80.886
13879,9746,116.327
13879,9755,29.843
13879,13878,80.886
13880,12907,49.268
13880,14485,28.396
13880,14486,67.226
13881,13882,46.122
13881,13889,56.796
13881,15982,28.998
13882,12999,36.459
13882,13881,46.122
13882,15982,79.321
13883,12902,40.675
13883,13884,16.499
13883,17057,25.339
13884,13883,16.499
13884,15967,115.234
13884,15968,39.225
13885,4775,33.823
13885,4776,114.553
13885,4802,28.166
13886,766,3.113
13886,896,33.539
13886,4833,19.995
13887,12941,29.110
13888,12967,23.871
13888,12970,72.195
13888,14094,92.840
13889,9813,2.271
13889,9816,39.268
13889,13881,56.796
13890,3398,60.388
13890,3528,54.365
13890,16470,47.409
13891,9419,2.371
13891,9798,116.185
13891,14094,66.910
13892,14091,80.236
13893,10396,70.874
13894,10395,56.073
13894,10396,89.722
13894,14093,64.878
13895,5353,28.181
13896,6180,27.097
13897,6166,111.627
13898,6157,64.875
13899,5296,30.269
13899,5306,61.182
13899,13900,24.360
13900,13899,24.360
13901,9420,33.657
13901,14097,75.729
13901,17013,19.736
13902,694,62.309
13902,13903,60.352
13902,17082,90.407
13903,13902,60.352
13904,5330,32.877
13904,5342,45.393
13904,16471,22.563
13905,9533,78.117
13905,12128,142.337
13905,13906,18.481
13906,12127,85.989
13906,13905,18.481
13906,13907,69.908
13907,13906,69.908
13908,12128,121.177
13909,13910,70.858
13910,6693,22.315
13910,6695,28.364
13910,13909,70.858
13911,60,65.854
13911,6695,101.156
13911,12148,91.367
13912,6729,33.025
13912,6758,37.560
13912,17668,18.521
13913,6729,21.658
13913,6741,27.739
13913,17668,27.452
13914,6737,20.578
13914,6768,60.817
13914,6794,60.544
13915,6720,13.617
13915,6767,63.019
13915,6777,78.228
13916,7462,50.599
13916,7464,6.832
13916,7473,77.302
13917,7491,41.066
13917,7493,63.554
13917,7494,5.679
13918,6729,36.830
13918,6750,19.171
13918,6803,83.261
13919,6575,7.984
13919,6620,100.571
13920,6643,70.276
13920,14635,40.901
13921,6617,27.103
13922,13923,16.048
13923,61,251.328
13923,6520,307.992
13923,13922,16.048
13924,13925,35.454
13925,13924,35.454
13925,15027,49.972
13926,6545,34.904
13926,6556,13.587
13926,6561,61.544
13926,17357,70.517
13927,13432,30.133
13927,17382,9.255
13928,6016,121.842
13928,7651,8.801
13928,13419,71.567
13929,6527,69.717
13929,15041,61.351
13930,6686,73.589
13931,3521,8.314
13931,15037,43.723
13931,15038,31.074
13932,897,30.839
13932,3503,108.862
13932,16744,17.813
13933,3507,9.812
13933,3523,40.179
13933,15969,21.661
13934,4138,40.381
13934,4209,15.439
13934,16377,69.375
13935,4285,75.648
13935,4291,50.947
13935,16385,14.316
13936,4239,30.857
13936,4254,18.301
13936,4261,22.523
13937,4185,30.980
13937,4192,31.024
13937,15890,20.248
13938,5465,57.723
13938,5472,74.423
13939,5435,36.514
13939,5463,27.059
13939,5466,68.052
13940,5388,65.075
13941,4158,48.706
13941,4171,47.780
13941,14729,64.551
13942,4159,3.971
13942,4207,28.041
13942,15889,68.555
13943,13944,78.068
13943,15087,89.203
13943,15925,67.200
13944,4087,95.481
13944,13943,78.068
13944,15038,47.617
13945,11795,67.005
13945,13217,74.175
13946,13947,29.225
13947,13946,29.225
13947,13948,41.404
13947,15086,23.298
13948,13947,41.404
13948,15085,73.504
13949,6322,32.605
13949,6324,8.979
13949,6325,61.874
13950,4062,25.674
13950,15735,17.884
13951,73,74.027
13951,7466,57.289
13951,13952,34.293
13952,7496,32.476
13952,13951,34.293
13952,15204,23.941
13953,7506,23.112
13953,7563,16.333
13953,15203,41.850
13954,6625,71.341
13954,7468,40.581
13954,7505,38.932
13955,7505,38.808
13955,7507,22.289
13955,7510,11.606
13956,13957,51.799
13957,9979,43.101
13957,13586,57.593
13957,13956,51.799
13958,13062,138.065
13958,13063,26.130
13958,13064,27.928
13959,9979,68.857
13959,9982,85.519
13959,13960,125.242
13960,9982,29.225
13960,13959,125.242
13960,13962,31.356
13961,13962,119.488
13962,13960,31.356
13962,13961,119.488
13962,13963,16.249
13963,9985,21.379
13963,13962,16.249
13963,14734,40.480
13964,14734,10.175
13965,14738,19.402
13966,12349,82.765
13966,14738,75.435
13966,15603,27.381
13967,15206,38.162
13967,15559,60.638
13968,9985,75.980
13968,9989,15.860
13968,15206,18.133
13969,14737,25.075
13970,9843,18.905
13970,13971,44.569
13970,15585,27.200
13971,13970,44.569
13972,13042,36.481
13972,13043,30.813
13972,13973,53.011
13973,9965,33.601
13973,13042,85.879
13973,13972,53.011
13974,16844,34.647
13975,13976,36.197
13976,13975,36.197
13976,13978,28.137
13976,16844,30.318
13977,13978,39.564
13978,9961,39.208
13978,13976,28.137
13978,13977,39.564
13979,10307,31.618
13979,15537,57.567
13980,12819,121.898
13981,644,200.870
13982,10482,70.999
13983,12653,130.952
13984,13986,22.861
13985,10005,98.805
13985,13986,27.961
13985,16154,85.303
13986,13984,22.861
13986,13985,27.961
13986,13988,31.974
13987,10005,22.973
13987,10006,107.540
13987,13988,68.894
13988,13986,31.974
13988,13987,68.894
13988,16135,30.588
13989,13991,115.518
13989,13992,8.151
13989,13993,64.860
13990,9942,107.794
13990,12692,19.461
13990,13991,108.022
13991,9932,34.617
13991,13989,115.518
13991,13990,108.022
13992,13989,8.151
13993,9920,87.175
13993,13989,64.860
13993,15579,12.328
13994,9225,58.250
13994,10534,68.506
13994,13995,61.796
13995,13994,61.796
13996,10007,60.327
13996,12832,6.577
13996,15215,83.744
13997,13998,67.874
13998,13997,67.874
13998,13999,80.266
13998,14024,22.900
13999,10017,32.699
13999,13998,80.266
13999,14002,120.818
14000,9222,166.408
14000,9227,106.437
14000,14001,82.186
14001,12795,37.639
14001,14000,82.186
14001,14003,55.120
14002,9227,31.831
14002,13999,120.818
14002,14003,33.734
14003,10014,47.260
14003,14001,55.120
14003,14002,33.734
14004,9779,145.456
14004,12826,103.655
14004,12945,94.468
14005,833,101.914
14006,14008,19.264
14006,14009,16.569
14006,16166,59.231
14007,9990,18.985
14007,16149,55.402
14007,16683,25.871
14008,13012,58.484
14008,14006,19.264
14008,16149,56.773
14009,14006,16.569
14010,13093,32.327
14010,13094,39.311
14010,16155,16.700
14011,12704,25.332
14011,12705,12.726
14011,14012,59.151
14012,14011,59.151
14013,12375,58.952
14013,12376,10.332
14013,14019,27.063
14014,14017,32.948
14014,14018,35.426
14014,14019,23.264
14015,14017,55.440
14016,14017,18.236
14017,12380,35.665
14017,14014,32.948
14017,14015,55.440
14017,14016,18.236
14018,14014,35.426
14019,12362,66.739
14019,14013,27.063
14019,14014,23.264
14020,9244,146.341
14020,10016,25.337
14020,14021,114.391
14021,12718,69.239
14021,14020,114.391
14021,15115,136.029
14022,14023,84.642
14023,9226,94.369
14023,9920,89.571
14023,14022,84.642
14024,10013,17.103
14024,13998,22.900
14024,14025,103.625
14025,14024,103.625
14026,9987,92.005
14026,9998,160.985
14026,16722,2.810
14027,9993,23.492
14027,16162,58.668
14027,17398,30.562
14028,9987,27.614
14028,14030,25.378
14028,16160,9.983
14029,14030,34.710
14030,14028,25.378
14030,14029,34.710
14030,16162,21.185
14031,9994,67.610
14031,16684,31.282
14032,13010,95.688
14033,12721,35.133
14033,12722,86.110
14033,15544,60.895
14034,15539,40.407
14034,15816,16.537
14034,16473,81.791
14035,12935,100.202
14035,14037,11.824
14035,16473,27.650
14036,16473,44.907
14037,12936,45.947
14037,14035,11.824
14037,15542,105.647
14038,12696,124.934
14038,12719,12.567
14038,14039,121.863
14039,14038,121.863
14040,16870,19.042
14041,17612,47.415
14042,10519,30.925
14043,14044,26.631
14044,12758,27.356
14044,14043,26.631
14044,15388,31.913
14045,10010,90.488
14046,9992,83.095
14046,11929,26.421
14046,14047,134.597
14047,11928,31.128
14047,11929,96.278
14047,14046,134.597
14048,11928,82.672
14049,14050,71.292
14050,12710,75.128
14050,14049,71.292
14050,14057,27.345
14051,12379,43.601
14051,14052,83.328
14051,14054,6.485
14052,9923,37.106
14052,9929,28.388
14052,14051,83.328
14053,14054,83.357
14054,14051,6.485
14054,14053,83.357
14054,14055,20.200
14055,9223,107.869
14055,9929,81.045
14055,14054,20.200
14056,14057,90.557
14057,9221,25.981
14057,14050,27.345
14057,14056,90.557
14058,9221,72.660
14059,14060,38.058
14060,9213,28.149
14060,14059,38.058
14060,15199,57.476
14061,9216,78.965
14062,14063,114.276
14063,9930,37.893
14063,9937,88.899
14063,14062,114.276
14064,9215,173.707
14064,9376,159.101
14064,14065,38.475
14065,14064,38.475
14065,14066,112.412
14065,16638,94.161
14066,9934,54.141
14066,9936,80.802
14066,14065,112.412
14067,10471,133.110
14068,9938,92.818
14069,9912,48.372
14069,13018,45.844
14069,14070,82.151
14070,9902,103.855
14070,13020,29.847
14070,14069,82.151
14071,16371,67.698
14072,16371,19.116
14073,14074,46.611
14074,4555,81.155
14074,13025,61.083
14074,14073,46.611
14075,14076,70.400
14075,14078,56.569
14075,14079,25.564
14076,14075,70.400
14077,657,56.468
14078,12797,7.246
14078,14075,56.569
14078,14080,22.759
14079,14075,25.564
14080,14078,22.759
14080,15869,17.176
14080,15870,24.263
14081,15870,49.139
14082,10474,190.539
14083,13872,42.340
14083,14084,51.741
14083,16326,24.331
14084,829,23.183
14084,5344,6.863
14084,14083,51.741
14085,16326,27.041
14086,5196,26.680
14087,12501,52.828
14087,12505,54.932
14087,17360,6.515
14088,828,4.962
14088,6079,18.841
14088,6110,51.206
14089,10396,14.993
14089,14090,89.952
14089,14091,29.432
14090,711,28.690
14090,10395,64.365
14090,14089,89.952
14091,711,83.906
14091,13892,80.236
14091,14089,29.432
14092,745,108.591
14093,13894,64.878
14094,12970,24.288
14094,13888,92.840
14094,13891,66.910
14095,581,23.492
14095,812,65.729
14095,884,42.720
14096,14097,33.636
14097,13901,75.729
14097,14096,33.636
14098,798,14.715
14098,10397,9.409
14098,14099,131.393
14099,14098,131.393
14099,14100,15.016
14099,16458,23.080
14100,10397,130.836
14100,10398,11.632
14100,14099,15.016
14101,10398,124.668
14101,11855,77.351
14101,13253,138.563
14102,9438,42.064
14102,9442,24.190
14102,11773,46.212
14103,6009,58.150
14103,6012,13.648
14103,14104,91.938
14104,162,49.950
14104,14103,91.938
14105,14106,83.750
14106,158,236.186
14106,13413,60.600
14106,14105,83.750
14107,143,26.315
14107,5869,32.458
14107,16617,25.731
14108,5808,53.721
14109,12154,131.440
14109,13168,5.801
14109,13169,36.861
14110,15123,16.699
14111,14112,50.647
14111,14115,30.465
14111,17659,105.379
14112,14111,50.647
14112,14113,45.867
14112,14115,31.917
14113,14112,45.867
14114,13170,58.881
14115,14111,30.465
14115,14112,31.917
14115,14117,120.177
14116,14117,33.322
14116,14134,118.118
14117,14115,120.177
14117,14116,33.322
14117,14122,90.549
14118,9675,127.399
14118,9677,55.346
14118,12644,47.957
14119,9488,106.700
14119,9673,405.470
14119,13173,38.496
14120,14121,62.607
14121,9678,62.119
14121,13172,23.188
14121,14120,62.607
14122,14117,90.549
14123,12893,19.571
14123,14124,13.664
14124,12609,38.029
14124,14123,13.664
14125,14126,119.772
14126,9526,75.704
14126,9527,14.800
14126,14125,153.259
14127,12153,5.450
14127,14128,40.452
14127,14129,59.003
14128,12154,63.720
14128,14127,40.452
14128,14129,42.835
14129,8237,76.908
14129,14127,59.003
14129,14128,42.835
14130,8254,58.733
14131,8254,66.201
14132,14133,321.088
14133,14132,321.088
14133,14134,11.545
14133,14135,35.699
14134,12081,11.367
14134,14133,11.545
14135,13487,185.761
14136,12319,96.121
14136,16541,21.194
14137,7641,163.509
14137,7745,14.175
14138,8387,1325.704
14139,2655,10.571
14139,13363,14.035
14140,7142,26.818
14140,7159,28.737
14140,7186,189.025
14141,12308,480.656
14141,12763,72.453
14141,14231,201.325
14142,10579,51.358
14142,14143,73.998
14142,14700,117.090
14143,10580,6.427
14143,10585,80.389
14143,14142,73.998
14144,469,123.897
14145,10994,33.267
14145,10995,60.734
14145,14146,34.963
14146,14145,34.963
14147,10964,53.629
14147,10965,39.277
14147,10970,65.491
14148,11169,83.205
14148,11171,88.128
14148,11172,78.922
14149,10024,103.650
14149,11007,58.166
14149,11067,45.315
14150,10024,38.924
14150,11121,191.819
14150,11122,40.223
14150,14151,69.429
14151,14150,69.429
14152,11078,51.630
14152,11126,63.457
14152,14153,79.773
14153,14152,79.773
14154,11106,34.741
14155,428,68.530
14156,959,59.500
14156,971,9.948
14156,14157,109.106
14157,961,73.363
14157,964,35.059
14157,14156,109.106
14158,2163,54.916
14158,2164,57.588
14158,2227,43.733
14159,2161,79.124
14159,2198,75.528
14159,2221,28.217
14160,2260,60.491
14161,468,61.868
14161,17170,104.999
14162,15228,67.740
14163,11152,139.251
14163,14164,69.441
14163,14654,30.814
14164,14163,69.441
14165,14166,58.188
14166,12283,19.711
14166,12289,89.216
14166,14165,58.188
14167,12313,69.029
14168,12282,24.714
14169,11194,37.074
14169,11208,112.237
14169,11286,100.364
14170,11244,14.553
14170,14171,52.991
14170,14173,23.500
14171,11247,66.656
14171,11251,60.090
14171,14170,52.991
14172,11265,39.037
14173,14170,23.500
14174,11430,37.934
14175,15225,57.766
14176,11295,111.769
14176,15083,83.389
14177,11299,57.997
14177,11306,45.386
14177,11519,47.693
14178,334,33.885
14178,14179,33.085
14179,14178,33.085
14180,11308,52.318
14180,14181,52.948
14180,14183,49.481
14181,11319,63.932
14181,14180,52.948
14181,14182,17.545
14182,11321,18.583
14182,14181,17.545
14182,14183,50.333
14183,11303,26.238
14183,14180,49.481
14183,14182,50.333
14184,11307,54.749
14185,11309,39.250
14185,11325,60.163
14185,14422,55.683
14186,11348,4.113
14186,11349,14.317
14186,14187,76.427
14187,11327,89.096
14187,14186,76.427
14187,15226,7.943
14188,11332,68.449
14188,14189,123.195
14188,15324,30.777
14189,11329,11.828
14189,14188,123.195
14189,15227,47.865
14190,11341,74.389
14190,14670,65.879
14191,11370,57.309
14191,11377,24.843
14191,15071,77.106
14192,11361,90.551
14193,11345,26.286
14193,11366,79.870
14193,11368,30.329
14193,11369,16.282
14194,10036,45.175
14195,11386,44.925
14196,11331,35.399
14196,14197,55.789
14197,14196,55.789
14198,11389,80.407
14199,11403,23.785
14200,11431,15.527
14200,14201,150.205
14200,14202,106.237
14201,10034,15.845
14201,11427,85.711
14201,14200,150.205
14202,14200,106.237
14202,14204,32.784
14203,14204,135.110
14204,11412,55.729
14204,14202,32.784
14204,14203,135.110
14205,14206,34.532
14206,11401,85.054
14206,11408,218.971
14206,14205,34.532
14207,11415,118.022
14208,11498,64.543
14209,11416,33.418
14210,14211,105.618
14211,208,237.662
14211,12764,105.962
14211,14210,105.618
14212,14772,17.783
14213,14214,66.090
14213,14772,119.883
14213,15257,108.356
14214,14213,66.090
14214,14617,36.063
14214,14773,124.624
14215,12426,40.864
14216,12426,100.023
14216,12457,74.419
14216,14217,132.956
14217,14216,132.956
14217,14218,22.035
14217,15257,11.651
14218,12457,200.657
14218,14217,22.035
14218,15082,73.821
14219,15082,7.105
14220,12761,79.560
14220,14289,55.893
14220,15082,107.297
14221,12457,86.030
14221,14222,70.390
14221,14226,99.535
14222,14221,70.390
14223,12422,85.150
14223,14228,44.719
14223,17496,81.212
14224,14225,28.089
14225,12422,29.110
14225,12428,19.101
14225,14224,28.089
14226,12427,303.588
14226,14221,99.535
14226,14227,256.965
14226,16913,34.698
14227,14226,256.965
14228,14223,44.719
14228,14572,59.457
14228,14576,22.212
14229,14230,109.388
14230,12427,130.691
14230,14229,109.388
14230,14292,52.654
14231,14141,201.325
14231,14232,96.737
14231,14346,60.218
14232,14231,96.737
14233,12332,27.836
14234,12765,127.761
14235,12766,33.899
14235,14236,93.312
14235,16465,44.722
14236,14235,93.312
14236,15208,107.470
14236,16465,110.956
14237,14723,60.102
14237,17481,5.462
14238,14521,4.928
14239,14240,59.376
14240,12281,95.696
14240,12282,163.089
14240,14239,59.376
14241,12284,74.992
14241,12288,49.208
14241,12292,71.931
14242,12419,48.851
14243,12762,78.330
14243,14244,239.174
14243,14423,127.260
14244,14243,239.174
14244,14245,76.679
14245,14244,76.679
14246,14423,90.308
14247,12762,96.940
14248,14249,122.469
14248,14293,22.329
14248,14294,66.037
14249,14248,122.469
14249,14289,94.959
14249,14290,61.880
14250,14251,93.531
14250,14257,39.886
14251,14250,93.531
14251,14252,39.965
14252,14251,39.965
14253,14523,92.873
14254,14255,32.934
14254,14261,190.251
14254,14267,98.117
14254,14291,31.235
14255,14254,32.934
14255,14256,99.730
14256,14255,99.730
14256,14257,49.023
14257,14250,39.886
14257,14256,49.023
14257,14259,69.327
14258,16466,76.061
14259,14257,69.327
14260,12274,108.384
14261,12274,128.021
14261,14254,190.251
14261,16466,9.764
14262,16466,35.098
14263,12274,39.632
14263,12275,23.892
14263,14264,57.333
14264,14263,57.333
14265,14291,64.757
14266,14267,38.505
14266,14269,35.983
14266,14291,110.312
14267,14254,98.117
14267,14266,38.505
14267,14425,22.560
14268,14425,50.930
14269,14266,35.983
14269,14270,119.710
14269,14273,67.897
14270,12278,8.389
14270,14269,119.710
14270,14271,70.176
14271,12279,75.626
14271,14270,70.176
14271,14272,56.373
14272,14271,56.373
14272,14273,51.185
14272,15015,55.471
14273,14269,67.897
14273,14272,51.185
14273,15016,54.062
14274,15011,5.715
14275,14276,45.856
14275,14278,28.312
14276,14275,45.856
14277,12275,66.176
14277,12280,130.016
14277,14278,33.452
14278,12279,56.113
14278,14275,28.312
14278,14277,33.452
14279,12279,35.966
14279,15012,15.524
14280,12275,51.872
14280,12276,57.102
14280,14281,98.075
14280,14556,64.328
14281,14280,98.075
14282,14283,73.948
14282,14285,32.499
14282,14286,73.774
14283,14282,73.948
14284,14285,38.853
14284,17085,60.700
14284,17093,51.480
14285,14282,32.499
14285,14284,38.853
14285,17093,85.742
14286,12276,131.488
14286,12277,19.634
14286,14282,73.774
14287,12280,190.527
14287,12281,44.839
14287,17093,48.111
14288,12285,58.185
14288,17086,105.279
14288,17087,18.932
14289,12427,117.863
14289,14220,55.893
14289,14249,94.959
14290,14249,61.880
14291,12278,24.488
14291,14254,31.235
14291,14265,64.757
14291,14266,110.312
14292,9698,1294.240
14292,12919,229.337
14292,14230,52.654
14293,14248,22.329
14294,14248,66.037
14295,14296,149.393
14296,12302,38.828
14296,14295,149.393
14296,14554,16.058
14297,12277,46.720
14297,12286,44.839
14297,12296,42.377
14298,2034,41.866
14298,14299,22.767
14298,16999,35.647
14298,17000,22.376
14299,14298,22.767
14300,978,64.184
14300,1005,52.851
14300,1270,33.049
14301,2112,40.377
14301,2118,48.232
14301,14302,54.880
14302,2059,35.077
14302,2086,13.826
14302,14301,54.880
14303,995,34.979
14303,14304,28.394
14304,1523,63.607
14304,14303,28.394
14305,11586,5.878
14305,11587,6.631
14305,11604,6.987
14306,994,64.763
14306,997,42.687
14306,1046,41.885
14307,2213,24.036
14308,2435,27.236
14308,2438,11.907
14308,2441,60.599
14309,2432,66.652
14309,2448,81.485
14309,15221,48.626
14310,16961,34.722
14311,10628,42.540
14312,2251,163.795
14313,8540,31.937
14314,9696,152.299
14314,9697,281.967
14314,14315,167.034
14315,14314,167.034
14316,14317,55.818
14317,14316,55.818
14318,17484,35.396
14319,17483,39.712
14319,17486,6.011
14320,10887,55.445
14321,14766,121.123
14322,14766,40.964
14323,10611,88.657
14323,10621,53.340
14323,15253,63.867
14324,10600,120.494
14324,10605,59.237
14324,10614,84.301
14325,10610,30.579
14326,10572,31.236
14326,15025,201.444
14327,10891,59.139
14327,10897,30.898
14327,10898,95.241
14328,6368,16.500
14329,4217,12.886
14329,13344,40.035
14330,9345,145.149
14330,12652,77.846
14330,14407,87.019
14331,12874,32.219
14331,12878,123.390
14331,14332,145.596
14332,9576,68.087
14332,12873,68.896
14332,14331,145.596
14333,8009,30.580
14334,8009,77.137
14335,10067,67.811
14335,14336,91.494
14335,14612,185.179
14336,10896,12.404
14336,10902,21.368
14336,14335,91.494
14337,9667,68.970
14337,10134,39.618
14337,14338,113.799
14338,9668,22.292
14338,10772,42.492
14338,14337,113.799
14339,1330,11.191
14339,13348,20.275
14340,2712,9.814
14340,13366,15.957
14341,10577,19.384
14341,10597,130.724
14341,11822,3.782
14342,12310,409.925
14342,12312,113.147
14342,14345,43.465
14343,14344,77.739
14343,14345,129.816
14343,14346,43.379
14344,14343,77.739
14345,14342,43.465
14345,14343,129.816
14345,14346,158.668
14346,14231,60.218
14346,14343,43.379
14346,14345,158.668
14347,8248,33.929
14347,12153,2.945
14347,15105,160.901
14348,1955,25.614
14348,15804,29.873
14349,1295,316.512
14349,3624,61.528
14350,3649,36.819
14351,3658,43.440
14352,2766,109.602
14352,15718,72.089
14352,15719,6.080
14353,3620,60.536
14353,3733,23.701
14353,3764,66.751
14354,3731,13.030
14355,3684,31.795
14355,3690,73.830
14355,3710,8.841
14356,3669,36.195
14357,8931,37.185
14358,9046,70.013
14359,9719,65.887
14359,14360,57.048
14359,15519,39.282
14360,14359,57.048
14361,9720,73.657
14361,9721,21.417
14361,14362,39.531
14362,3365,302.771
14362,8904,72.509
14362,14361,39.531
14363,9731,11.841
14364,2790,52.658
14365,3371,120.075
14366,3401,59.535
14366,14367,29.349
14366,15920,74.518
14367,3386,61.461
14367,3392,30.074
14367,14366,29.349
14367,16073,41.910
14368,12324,81.661
14369,12325,104.401
14369,12398,30.541
14369,14370,173.536
14370,14369,173.536
14370,15521,80.822
14370,16446,19.112
14371,12143,25.321
14371,15047,177.464
14371,15473,32.145
14372,11589,79.076
14372,16004,66.073
14372,16768,9.232
14373,13819,58.092
14374,13820,49.049
14375,9600,49.815
14375,14376,252.448
14375,14377,47.721
14376,9366,854.635
14376,11987,18.782
14376,14375,252.448
14377,9599,635.870
14377,14375,47.721
14377,14378,76.326
14378,14377,76.326
14379,8982,130.545
14379,9004,169.869
14379,9031,44.050
14380,9596,9.801
14380,14381,86.562
14380,15190,52.124
14381,14380,86.562
14381,15051,86.199
14381,15902,30.342
14382,14798,77.822
14383,15893,173.511
14384,9586,14.414
14385,14386,49.713
14386,12875,20.441
14386,14385,49.713
14386,14787,135.233
14387,14787,115.764
14387,15491,68.401
14387,15511,50.023
14387,16685,54.732
14388,14389,49.365
14389,14388,49.365
14389,14393,44.783
14389,15892,24.020
14390,9594,25.023
14390,14392,26.013
14390,15892,83.817
14391,14393,74.945
14392,14390,26.013
14392,14393,106.428
14392,15053,59.841
14393,14389,44.783
14393,14391,74.945
14393,14392,106.428
14394,9576,61.271
14394,9579,103.336
14394,14785,86.484
14395,14396,15.668
14396,14395,15.668
14396,14397,67.024
14396,15941,108.415
14397,12021,65.784
14397,14396,67.024
14397,15941,37.131
14398,12139,93.805
14399,9590,14.158
14399,9591,90.245
14399,14400,128.901
14400,11997,12.227
14400,12138,47.745
14400,14399,128.901
14401,12111,34.786
14402,12137,50.054
14403,9575,99.481
14403,12142,45.396
14403,12144,46.861
14404,11972,45.251
14405,9644,310.495
14405,12127,66.298
14405,16447,155.167
14406,14407,25.979
14407,10232,191.311
14407,14330,87.019
14407,14406,25.979
14408,6993,20.443
14408,9679,55.441
14408,17624,69.015
14409,2563,33.382
14409,13383,8.310
14410,7714,124.579
14410,7806,17.908
14411,14412,35.473
14412,10602,24.600
14412,14411,35.473
14412,14413,59.379
14413,14412,59.379
14413,14417,80.567
14414,11537,19.981
14414,14415,46.579
14414,14495,51.841
14415,14414,46.579
14415,14461,63.192
14416,14417,35.239
14416,14461,12.947
14417,14413,80.567
14417,14416,35.239
14418,9944,68.759
14418,10448,20.085
14418,14419,14.788
14419,12052,231.804
14419,14418,14.788
14420,12340,39.002
14420,12607,13.265
14421,437,109.681
14421,2152,0.456
14421,13195,49.285
14422,14185,55.683
14422,15226,85.354
14423,14243,127.260
14423,14246,90.308
14423,14426,100.522
14424,14426,187.522
14425,14267,22.560
14425,14268,50.930
14425,14426,46.087
14426,14423,100.522
14426,14424,187.522
14426,14425,46.087
14427,9647,76.926
14427,14430,5.754
14427,14431,32.980
14428,12979,42.565
14428,12982,94.197
14428,14431,94.073
14429,9645,59.919
14429,14430,61.144
14430,14427,5.754
14430,14429,61.144
14431,14427,32.980
14431,14428,94.073
14431,15930,129.564
14432,9645,69.192
14432,12932,39.304
14432,15930,14.780
14433,9494,99.946
14433,9983,15.292
14434,13314,48.867
14434,14433,18.985
14435,3569,9.765
14435,3672,186.395
14436,15084,33.255
14437,4222,26.655
14437,4224,67.423
14437,4236,103.418
14438,1387,231.469
14438,10925,134.180
14438,14440,77.580
14439,1447,336.562
14439,14440,23.729
14439,14442,87.694
14440,14438,77.580
14440,14439,23.729
14440,14441,123.161
14441,10927,66.685
14441,14440,123.161
14441,14442,24.751
14442,14439,87.694
14442,14441,24.751
14442,16808,202.053
14443,3111,15.456
14443,3342,156.465
14444,10806,55.447
14444,10807,129.418
14444,14445,36.320
14445,14444,36.320
14446,12456,29.611
14446,13511,110.973
14447,13502,22.864
14447,13511,69.765
14448,4042,19.723
14448,10451,24.478
14448,14449,80.206
14449,10451,48.159
14449,14448,80.206
14450,8894,40.464
14450,13856,79.156
14450,15114,36.219
14451,4066,15.855
14451,12047,8.671
14452,434,9.883
14452,1217,171.275
14452,14453,35.695
14453,1218,90.820
14453,14452,35.695
14453,15345,389.597
14454,1382,79.815
14454,10828,91.499
14454,14457,34.823
14455,14458,27.111
14456,10839,38.521
14457,14454,34.823
14458,263,76.477
14458,14455,27.111
14458,14459,51.123
14459,14458,51.123
14460,14461,52.182
14460,14462,65.011
14461,14415,63.192
14461,14416,12.947
14461,14460,52.182
14462,10603,50.966
14462,14460,65.011
14462,14463,41.730
14463,14462,41.730
14464,2820,43.143
14464,3197,56.858
14464,14465,108.566
14465,14464,108.566
14465,17145,67.882
14466,10456,17.987
14466,10457,25.789
14467,913,168.303
14467,9650,148.861
14467,14718,294.933
14468,12880,20.715
14468,14470,83.477
14468,14472,64.015
14469,9585,19.492
14469,9592,118.848
14469,14470,33.142
14470,14468,83.477
14470,14469,33.142
14470,14473,65.216
14471,9592,28.316
14471,9690,48.383
14471,14473,54.536
14472,14468,64.015
14472,14473,76.824
14472,14474,42.950
14473,14470,65.216
14473,14471,54.536
14473,14472,76.824
14474,9690,46.146
14474,14472,42.950
14474,14475,39.093
14475,9594,37.414
14475,14474,39.093
14475,15893,18.805
14476,265,45.146
14477,12980,35.405
14477,12982,61.484
14477,14717,116.171
14478,11557,117.075
14478,14479,36.885
14478,14718,215.198
14479,14478,36.885
14480,3095,20.503
14480,3097,121.402
14481,8149,185.997
14482,4588,43.732
14483,4624,38.338
14484,529,70.223
14484,9603,140.117
14485,12908,28.246
14485,13880,28.396
14485,14486,42.967
14486,12909,63.628
14486,13880,67.226
14486,14485,42.967
14487,6843,45.121
14487,14488,9.298
14488,11708,259.576
14488,14487,9.298
14489,772,215.638
14489,11549,24.090
14490,6194,22.384
14490,14491,62.348
14491,6167,63.588
14491,14490,62.348
14492,12020,42.848
14493,10882,78.611
14493,10885,99.367
14493,10910,152.837
14494,10664,104.955
14494,10665,23.735
14494,15181,19.885
14495,11528,34.904
14495,14414,51.841
14495,14498,118.371
14496,14498,31.269
14497,11538,11.772
14497,11539,31.359
14497,14498,42.535
14498,14495,118.371
14498,14496,31.269
14498,14497,42.535
14498,14767,52.002
14499,103,61.014
14499,14998,11.049
14500,2824,55.086
14500,2825,11.202
14500,14499,136.989
14501,14513,10.827
14501,15827,90.785
14502,2835,99.579
14502,14501,192.980
14503,2791,10.041
14503,2831,133.491
14503,15991,52.453
14504,14503,85.521
14505,14516,86.275
14505,17433,22.863
14506,3314,40.625
14506,3315,13.320
14506,15072,146.691
14507,3447,13.483
14507,11907,33.796
14507,14512,87.311
14508,2811,10.535
14508,3258,48.715
14508,17802,118.328
14509,3303,10.731
14509,14508,74.560
14509,16577,59.647
14510,3276,14.856
14510,3299,71.289
14510,14509,74.502
14511,3293,17.264
14511,11982,72.516
14511,15319,72.382
14512,14506,69.945
14512,16032,42.440
14513,2838,30.361
14513,14500,103.136
14513,15279,13.403
14514,13168,107.714
14514,14515,71.476
14514,16412,62.086
14515,14514,71.476
14515,14526,182.315
14516,2813,9.521
14516,2832,33.502
14516,14517,97.663
14517,49,8.876
14517,2829,46.127
14517,14504,122.623
14518,9384,39.686
14519,10903,58.145
14519,10907,52.472
14519,11582,57.114
14520,14547,98.029
14521,12767,19.509
14521,14238,4.928
14521,14522,21.116
14522,14521,21.116
14523,12273,56.584
14523,12274,71.663
14523,14253,92.873
14524,4026,33.579
14524,4033,98.333
14525,14527,30.862
14526,12889,8.294
14526,14515,182.315
14526,14527,122.060
14527,13162,45.968
14527,14525,30.862
14527,14526,122.060
14528,11628,24.041
14529,259,55.833
14529,10847,56.080
14529,14528,52.866
14530,15750,172.072
14531,13211,51.143
14531,13212,7.710
14531,14532,120.022
14532,4058,63.319
14532,13212,16.052
14532,14531,120.022
14533,4171,117.032
14533,14534,59.851
14533,17354,35.278
14534,17354,91.452
14535,7515,6.780
14535,14536,16.375
14535,17320,26.847
14536,7515,15.923
14536,7523,23.305
14537,4163,38.728
14537,14538,51.517
14537,14550,148.209
14538,14537,51.517
14539,4122,52.163
14539,4151,22.670
14540,12767,31.202
14540,12768,69.849
14540,14543,19.639
14541,14542,67.307
14541,14545,20.313
14541,14548,42.126
14542,14541,67.307
14543,14540,19.639
14543,14545,32.468
14543,14546,66.049
14544,12317,36.388
14544,14546,33.610
14544,14549,13.665
14545,14541,20.313
14545,14543,32.468
14545,14548,21.366
14546,14543,66.049
14546,14544,33.610
14546,14547,12.880
14546,14548,10.314
14547,14520,98.029
14547,14546,12.880
14547,14549,33.140
14548,14541,42.126
14548,14545,21.366
14548,14546,10.314
14549,12316,17.535
14549,14544,13.665
14549,14547,33.140
14550,11719,112.785
14550,14537,148.209
14551,3096,81.526
14551,10494,16.281
14552,6526,32.570
14552,6536,36.153
14552,6541,91.168
14553,12276,54.493
14553,14555,35.798
14553,14558,50.258
14554,14296,16.058
14554,14558,57.239
14554,17095,3.082
14555,14553,35.798
14556,14280,64.328
14557,14558,51.582
14558,14553,50.258
14558,14554,57.239
14558,14557,51.582
14559,10887,32.422
14559,10888,54.238
14559,10907,104.926
14560,654,93.381
14560,4115,17.324
14560,14561,40.579
14561,14560,40.579
14562,3054,33.273
14563,13147,28.900
14564,6496,130.850
14564,13215,64.289
14565,8696,110.938
14565,8697,56.974
14566,6523,12.747
14566,14567,17.230
14567,14566,17.230
14568,6517,32.621
14569,3053,82.110
14569,3105,48.220
14569,14570,28.845
14570,14569,28.845
14571,12424,174.406
14571,14573,110.572
14571,14574,53.729
14572,12429,219.716
14572,14228,59.457
14572,14575,24.656
14573,14571,110.572
14573,14574,75.367
14573,14575,76.468
14574,12423,61.798
14574,14571,53.729
14574,14573,75.367
14575,14572,24.656
14575,14573,76.468
14575,14576,64.000
14576,12423,24.072
14576,14228,22.212
14576,14575,64.000
14577,286,398.958
14577,14578,5.790
14578,290,13.163
14578,14577,5.790
14579,9332,9.947
14579,14580,306.927
14580,112,28.246
14580,14581,32.604
14581,14582,107.883
14581,17264,8.285
14582,6903,54.232
14582,14583,234.076
14583,7395,8.277
14583,7403,11.845
14583,15218,160.683
14584,115,44.219
14584,116,37.906
14585,7789,9.818
14585,16386,11.572
14586,3985,52.350
14586,9515,24.934
14587,453,10.506
14587,7877,15.798
14588,15219,12.479
14589,7784,8.925
14589,8809,40.060
14589,17252,13.195
14590,14595,44.186
14590,14642,53.494
14591,13778,48.627
14591,14590,15.103
14592,13778,38.651
14592,14591,11.838
14593,10267,10.566
14593,10268,141.599
14593,11806,66.986
14594,7755,44.616
14594,7756,13.242
14594,11716,72.345
14595,7856,8.007
14595,14589,88.700
14596,13281,54.320
14596,14710,111.539
14597,11107,60.739
14597,14598,79.392
14597,14630,114.251
14598,11111,180.956
14598,14597,79.392
14598,16929,74.564
14599,9591,13.147
14599,10018,155.923
14599,15185,59.002
14600,286,14.310
14600,425,268.394
14600,14604,115.282
14601,14600,77.454
14602,16517,7.190
14603,14885,6.419
14603,14899,9.305
14604,422,114.784
14604,426,10.241
14604,14605,51.292
14605,422,128.582
14605,1333,9.224
14605,14606,124.668
14606,386,12.506
14606,1471,148.041
14606,16531,125.717
14607,1042,13.605
14607,16271,54.725
14607,16272,20.684
14608,1473,201.680
14608,16545,164.881
14609,10702,39.677
14609,10703,51.069
14609,14610,94.851
14610,13266,107.098
14610,14609,94.851
14610,14611,103.812
14611,14610,103.812
14611,16520,140.267
14612,9694,192.805
14612,10892,46.819
14612,14335,185.179
14613,9338,243.597
14613,11783,44.565
14613,16893,72.360
14614,7768,39.469
14614,7790,64.624
14614,14615,11.728
14615,7534,13.227
14615,14614,11.728
14616,7573,14.213
14616,7760,126.192
14617,208,138.258
14617,14214,36.063
14617,17080,52.444
14618,14623,24.634
14619,7102,47.403
14619,12257,6.453
14620,6958,8.623
14620,15394,211.098
14621,7094,7.231
14621,14622,93.384
14622,7102,6.368
14622,12257,48.235
14623,6991,97.757
14623,7100,10.170
14624,181,55.501
14625,12331,79.409
14625,14626,22.300
14625,15354,89.244
14626,9909,88.930
14626,14625,22.300
14626,14627,14.500
14627,14626,14.500
14628,11197,33.823
14628,12730,115.579
14629,17504,72.223
14630,11108,22.810
14630,11116,52.525
14630,14597,114.251
14631,624,27.127
14631,654,87.637
14632,14633,15.794
14632,14702,69.868
14633,12391,43.966
14633,14632,15.794
14634,6403,22.197
14634,15200,33.795
14635,13920,40.901
14636,10910,79.026
14636,14637,40.924
14636,14639,30.801
14637,14636,40.924
14637,14638,50.701
14638,14637,50.701
14639,10911,14.605
14639,11822,296.805
14639,11823,129.207
14639,14636,30.801
14640,8713,23.723
14641,12345,64.312
14641,16360,88.730
14642,14590,53.494
14643,5607,40.444
14643,14644,38.247
14644,5588,6.956
14644,5604,27.249
14644,14643,38.247
14645,5613,30.291
14646,6238,54.604
14647,60,24.245
14648,14649,3.555
14649,136,10.715
14649,7728,4.385
14650,135,45.927
14651,14587,33.621
14651,14652,98.116
14652,14651,98.116
14653,4328,153.276
14654,11153,5.021
14654,14163,30.814
14654,14656,31.722
14655,14657,13.185
14656,14654,31.722
14656,14657,42.583
14656,14658,74.179
14657,14655,13.185
14657,14656,42.583
14657,14658,40.812
14658,11156,34.933
14658,14656,74.179
14658,14657,40.812
14659,11175,17.244
14659,17670,123.500
14660,7780,135.466
14660,7792,45.187
14660,14661,49.845
14661,14660,49.845
14662,4141,10.232
14663,9346,42.374
14663,14964,39.953
14664,14665,141.775
14664,14666,50.534
14665,14667,89.484
14665,17193,5.347
14666,14664,50.534
14667,12024,15.891
14667,14664,49.680
14668,7715,58.352
14668,14669,58.569
14669,7715,18.216
14669,8054,66.380
14670,11359,20.089
14670,11364,45.121
14670,14190,65.879
14671,11322,31.638
14672,4243,20.796
14672,4260,25.021
14672,14673,39.517
14673,14672,39.517
14674,17060,41.972
14674,17062,58.555
14675,12821,501.806
14675,14676,298.327
14676,9497,4.977
14676,9498,50.880
14676,14677,163.728
14677,9484,44.870
14677,12605,45.576
14677,12606,7.788
14678,7081,136.040
14679,11147,7.644
14679,11148,87.548
14679,16479,94.500
14680,7529,64.437
14680,7530,20.436
14680,8099,51.506
14681,480,91.827
14681,14682,9.281
14682,1372,10.789
14682,14681,9.281
14683,3619,7.430
14683,13459,22.343
14684,1911,69.666
14684,15295,30.716
14685,53,23.505
14685,17239,21.517
14686,11727,17.107
14686,14685,9.070
14687,11727,29.882
14687,14686,25.668
14688,709,71.319
14688,870,12.375
14688,14689,129.264
14689,5065,20.211
14689,5070,77.887
14689,14688,129.264
14690,8262,98.803
14690,14691,18.627
14690,16406,194.957
14691,14690,18.627
14692,4285,25.804
14693,3779,9.216
14693,13455,18.135
14694,11058,42.616
14694,11097,58.444
14694,14697,53.656
14695,11096,28.451
14695,14696,58.992
14696,11085,89.587
14696,14695,58.992
14696,14697,136.534
14697,11057,20.108
14697,14694,53.656
14697,14696,136.534
14698,2759,240.281
14698,2764,147.605
14698,14699,95.029
14699,2766,120.568
14699,2767,115.667
14699,14698,95.029
14700,1413,123.289
14700,14142,117.090
14700,15278,74.678
14701,12922,121.558
14702,15110,51.222
14703,12348,71.535
14703,12351,96.206
14703,14704,103.821
14704,14703,103.821
14704,14705,30.522
14704,14706,94.181
14705,14704,30.522
14706,14704,94.181
14707,5636,6.761
14707,17310,16.562
14708,10633,30.776
14708,10634,31.061
14708,14709,78.357
14709,10633,45.756
14709,14708,78.357
14709,14710,54.010
14710,10860,41.064
14710,14596,111.539
14710,14709,54.010
14711,13237,134.097
14711,13784,3.449
14711,14712,72.323
14712,14711,72.323
14713,9236,58.821
14713,9244,46.101
14713,16482,68.113
14714,16519,4.698
14715,3030,23.153
14715,3034,99.963
14715,14716,100.024
14716,14715,100.024
14717,12978,43.485
14717,14477,116.171
14717,14718,80.324
14718,14467,294.933
14718,14478,215.198
14718,14717,80.324
14719,12348,92.834
14719,12349,141.958
14719,14720,123.492
14720,14719,123.492
14721,12085,13.407
14721,13394,5.912
14721,14722,148.824
14722,8287,382.838
14722,11803,28.320
14722,13165,110.238
14722,14721,148.824
14723,14237,60.102
14723,15207,34.282
14724,2944,11.612
14724,2946,78.141
14724,16147,29.756
14725,5900,45.571
14726,14727,45.212
14726,16040,22.605
14727,14726,45.212
14728,16040,26.287
14729,13941,64.551
14730,11983,92.297
14731,11964,40.984
14732,6529,15.963
14732,6530,161.107
14732,6535,16.019
14733,14734,111.524
14734,13963,40.480
14734,13964,10.175
14734,14733,111.524
14735,14736,40.700
14736,14735,40.700
14737,12350,32.266
14737,13969,25.075
14737,14738,47.443
14738,13965,19.402
14738,13966,75.435
14738,14737,47.443
14739,13826,68.674
14739,14740,43.384
14740,9600,123.293
14740,9603,136.219
14740,14739,43.384
14741,564,78.373
14741,772,24.708
14741,3507,13.480
14741,10452,54.431
14742,10738,113.084
14742,14743,149.172
14742,14745,101.638
14743,14742,149.172
14743,14744,26.328
14743,14745,198.430
14744,14743,26.328
14745,1403,1651.362
14745,14742,101.638
14745,14743,198.430
14746,5524,17.700
14746,5564,7.784
14746,5575,59.196
14747,5569,60.590
14748,14749,137.826
14749,7384,14.805
14749,7387,205.420
14749,14750,142.379
14750,187,252.693
14750,196,10.968
14750,6934,215.408
14751,195,54.970
14751,14752,13.828
14752,9326,15.623
14753,1211,240.825
14753,1217,107.562
14753,14754,117.847
14754,14753,117.847
14754,15339,52.663
14754,16954,72.046
14755,8545,95.563
14755,8548,49.285
14755,8552,20.317
14756,8552,52.294
14756,8561,23.252
14756,8565,6.795
14757,12866,12.981
14757,13200,105.220
14757,14758,61.859
14758,14757,61.859
14759,3059,12.008
14759,15412,96.986
14760,3977,9.265
14760,13497,33.886
14761,5890,5.166
14761,5903,31.832
14761,16082,71.294
14762,11087,188.305
14763,11556,583.823
14764,728,39.411
14764,4058,25.766
14764,14765,53.605
14765,14764,53.605
14766,14321,121.123
14766,14322,40.964
14766,14767,81.691
14767,11525,50.031
14767,14498,52.002
14767,14766,81.691
14768,57,105.966
14768,4054,109.485
14768,4062,56.041
14769,9639,15.865
14770,17268,194.057
14771,14770,143.128
14771,17268,71.878
14772,14212,17.783
14772,14213,119.883
14772,14773,38.849
14773,12426,77.098
14773,14214,124.624
14773,14772,38.849
14774,5501,18.824
14774,5525,13.458
14774,14775,32.712
14775,5501,16.126
14775,14774,32.712
14776,12737,14.132
14776,16233,91.934
14776,16239,19.739
14777,4145,26.483
14778,14779,375.974
14779,9271,122.793
14779,14778,375.974
14779,17391,5.856
14780,6428,67.084
14781,75,50.871
14781,14782,53.003
14782,14781,53.003
14783,14784,64.336
14784,9222,9.065
14784,9225,168.467
14784,14783,64.336
14785,12876,50.430
14785,14394,86.484
14785,14787,163.599
14786,12877,47.632
14787,14386,135.233
14787,14387,115.764
14787,14785,163.599
14788,13314,18.231
14788,13315,192.657
14788,14790,8.850
14789,14790,57.813
14790,14788,8.850
14790,14789,57.813
14790,14791,194.180
14791,11933,14.276
14791,13315,12.736
14791,14790,194.180
14793,14792,685.150
14794,11576,159.000
14794,11577,215.957
14795,12726,98.501
14795,12727,165.759
14795,14796,59.428
14796,14795,59.428
14797,5586,57.937
14797,14978,33.153
14798,14382,77.822
14798,15049,59.037
14798,15050,75.880
14798,15902,26.801
14799,4198,22.539
14800,9726,104.656
14800,10541,63.943
14800,14801,186.338
14801,9723,5.378
14801,10544,86.307
14801,14800,186.338
14802,3071,84.699
14802,11064,80.754
14802,14804,55.447
14803,14804,70.065
14803,16876,78.391
14804,11008,60.894
14804,14802,55.447
14804,14803,70.065
14805,11276,68.054
14805,11279,47.518
14805,15017,11.279
14806,6573,124.563
14807,9234,131.911
14807,9235,132.432
14807,13673,48.562
14808,3270,47.483
14808,3279,96.065
14808,3283,15.887
14809,9202,102.835
14810,6409,43.701
14810,6410,22.936
14810,6433,20.868
14811,9462,7.042
14811,13503,25.510
14812,5511,44.127
14813,11677,22.370
14814,14813,153.103
14814,15034,12.128
14815,1103,47.737
14815,14816,57.296
14816,497,15.161
14816,16643,106.518
14817,510,16.955
14817,14818,87.323
14818,487,20.107
14818,1084,32.646
14818,1542,107.162
14819,1102,37.808
14819,14872,184.432
14820,246,0.605
14820,14821,7.103
14821,1169,126.003
14821,14820,7.103
14822,14823,12.923
14823,14814,89.243
14824,1453,160.856
14824,1454,12.167
14824,14822,67.910
14825,305,107.891
14826,14825,54.533
14827,300,8.487
14827,14826,105.850
14828,17851,68.233
14829,1541,113.947
14829,10556,4.537
14830,12553,8.421
14831,533,17.728
14831,16499,20.170
14832,9593,12.976
14832,10018,68.652
14832,14833,113.509
14833,12000,11.261
14833,14834,102.019
14834,14833,213.826
14834,17607,12.534
14834,17608,18.162
14835,9582,48.586
14835,14837,93.072
14836,12133,79.007
14836,17709,6.757
14837,9582,108.247
14837,14836,13.817
14837,17707,11.932
14838,12010,71.662
14838,12011,11.704
14838,14839,74.767
14839,9573,11.571
14839,12009,101.592
14839,14840,84.355
14840,9570,81.942
14840,14841,68.067
14841,14842,71.471
14841,16451,162.680
14841,17604,10.053
14842,16448,127.082
14842,16450,105.563
14843,536,44.098
14843,15144,12.484
14844,14845,157.861
14845,307,9.885
14845,14828,123.078
14846,8419,7.689
14847,1873,45.120
14847,17126,8.512
14847,17129,8.170
14848,1943,41.903
14848,14849,114.897
14849,1928,37.894
14849,14850,263.874
14849,17658,12.549
14850,292,12.726
14850,1935,114.127
14850,14851,281.625
14851,1960,224.834
14851,14852,105.257
14852,1957,203.219
14852,14853,42.908
14853,1945,273.001
14853,14854,22.088
14854,2701,13.937
14854,13353,54.971
14855,31,10.732
14855,3231,176.877
14855,14856,124.003
14856,3205,181.676
14856,14857,36.892
14857,3037,8.671
14857,13118,77.533
14857,15754,80.111
14858,14859,98.073
14859,3034,168.538
14859,3255,12.992
14859,14860,222.838
14860,2888,12.074
14860,3027,139.587
14860,16549,217.024
14861,2866,74.206
14861,10532,12.522
14861,14862,203.993
14862,2845,13.371
14862,2938,105.287
14862,14863,69.557
14863,2868,123.694
14863,14864,209.821
14863,17145,11.775
14864,2817,11.403
14864,14865,66.380
14865,2851,93.705
14865,2864,10.106
14865,14866,185.597
14866,2842,191.143
14866,17603,12.238
14867,13113,39.556
14867,16502,7.809
14867,16505,9.788
14868,1903,138.534
14868,17687,125.841
14869,1895,153.604
14869,2789,38.919
14870,1867,58.457
14870,14847,73.693
14871,10493,65.162
14871,15673,20.560
14872,1104,160.045
14872,15594,164.939
14873,12136,21.836
14873,14874,12.936
14874,391,20.735
14874,14875,71.096
14875,1082,34.869
14875,14876,86.939
14876,1075,68.480
14876,14877,61.883
14877,1092,41.058
14877,14878,47.272
14878,14879,66.862
14879,239,18.876
14879,14880,70.792
14880,1512,116.479
14880,14881,112.344
14881,17585,7.784
14881,17586,16.555
14881,17828,8.508
14882,14993,118.488
14883,104,13.874
14883,11747,13.701
14884,14601,57.945
14885,14884,7.058
14886,311,157.050
14887,400,158.653
14887,1559,97.742
14888,14994,10.658
14888,16628,130.200
14889,14995,77.719
14890,1869,56.590
14890,14889,43.534
14891,11975,34.343
14891,14890,100.278
14892,17632,22.545
14892,17829,21.465
14893,528,14.874
14893,1912,88.372
14893,14684,17.494
14894,1710,82.879
14894,1713,13.890
14894,14893,71.703
14895,1706,15.924
14895,1727,58.614
14895,14894,15.304
14896,1723,33.621
14896,14895,50.360
14897,1719,11.502
14897,1721,70.310
14897,1728,19.870
14898,1704,52.069
14898,17248,30.875
14899,9464,9.901
14899,14898,391.655
14900,1621,43.076
14900,15803,98.199
14901,1702,92.369
14901,1728,86.951
14902,1791,70.348
14902,16508,60.894
14903,1788,79.750
14903,1817,16.774
14903,14902,45.914
14904,1797,111.446
14904,14903,44.672
14904,17138,15.620
14905,1797,71.728
14905,14904,60.988
14906,1818,49.230
14906,17587,11.951
14907,1807,17.593
14907,1810,90.412
14907,14906,48.438
14908,1800,104.354
14908,14907,31.409
14909,1798,28.770
14909,14908,70.092
14910,2712,133.286
14911,14910,6.943
14912,13447,26.085
14913,14912,7.167
14914,13365,12.107
14915,14914,6.943
14916,1019,292.444
14916,1284,14.482
14916,14917,36.603
14917,14918,76.003
14918,14919,101.214
14919,989,52.963
14919,1014,14.370
14919,14920,103.073
14920,429,12.922
14920,14921,71.839
14920,15424,17.663
14921,14922,46.730
14922,17812,34.906
14923,14924,50.692
14924,14925,60.643
14925,1189,48.957
14925,14926,87.131
14926,1203,57.917
14926,14927,52.968
14927,14928,44.205
14927,15427,22.718
14928,1200,60.972
14928,14929,33.865
14929,1519,57.677
14929,16532,14.907
14929,16533,25.888
14930,1194,56.557
14930,14931,95.369
14931,436,13.413
14931,12958,53.261
14931,14932,64.946
14932,2261,80.814
14932,14933,79.274
14932,15415,14.197
14933,2231,63.790
14933,14934,60.170
14934,2231,134.659
14934,14935,33.345
14935,2249,101.977
14935,14936,80.725
14936,2241,10.179
14936,14937,44.661
14936,15426,23.008
14937,2254,44.961
14937,14938,47.468
14938,2272,39.256
14938,2353,13.289
14938,14986,43.690
14939,2269,245.417
14939,17649,16.531
14939,17650,23.253
14940,2271,266.983
14940,17651,8.184
14941,2268,19.044
14941,15670,20.697
14941,17033,71.712
14942,1346,19.235
14942,14943,140.080
14942,17522,27.781
14943,2289,100.511
14943,14944,32.323
14944,14945,36.805
14944,15294,21.395
14944,17008,4.009
14945,250,181.273
14945,2275,12.823
14946,284,174.162
14947,449,5.279
14947,14950,13.685
14948,7239,9.283
14948,14947,11.460
14949,451,255.932
14949,14946,68.859
14950,14951,293.244
14951,7198,7.281
14951,7233,587.665
14951,14952,283.236
14952,550,6.486
14952,14953,5.873
14952,16697,243.732
14953,7190,58.777
14953,14954,111.198
14953,17267,6.869
14954,7186,245.876
14954,14955,302.473
14955,6987,120.408
14955,7185,105.752
14955,17584,9.244
14956,205,6.958
14956,7118,111.273
14956,14957,312.609
14957,7098,64.838
14957,14958,82.182
14958,7095,46.578
14958,14959,127.303
14959,14960,93.490
14959,15882,95.961
14959,17274,7.710
14960,7086,74.089
14960,16716,46.361
14961,7066,18.586
14961,14962,68.677
14962,7067,57.959
14962,14985,104.129
14963,12293,4.629
14963,14964,10.009
14964,14663,39.953
14964,14963,10.009
14965,11940,126.423
14965,11942,55.689
14965,14966,131.623
14966,14965,131.623
14967,591,45.657
14967,14968,30.745
14967,17673,52.696
14968,14967,30.745
14969,11105,99.891
14969,11182,137.563
14969,15065,6.381
14970,3022,40.430
14970,9451,32.650
14970,14971,63.959
14971,14970,63.959
14972,3083,33.556
14972,14973,45.949
14972,14975,16.777
14973,14972,45.949
14974,11003,56.199
14975,3081,18.263
14975,14972,16.777
14975,17497,5.195
14976,17497,23.812
14977,5544,16.541
14978,5578,39.043
14978,5586,24.315
14978,14797,33.153
14979,10330,157.604
14979,13718,167.802
14979,14980,82.994
14980,9828,82.529
14980,14979,82.994
14980,14981,128.440
14981,13718,32.895
14981,14980,128.440
14981,17823,96.091
14982,17550,138.948
14982,17551,126.996
14983,14984,90.719
14984,8696,95.258
14984,8729,13.152
14984,14793,5.198
14984,14983,90.719
14985,16856,9.296
14986,14987,11.369
14987,2266,38.472
14987,13441,16.455
14988,70,178.344
14988,7528,11.683
14989,4119,37.130
14989,14990,62.001
14990,628,37.304
14990,4116,60.309
14990,14989,62.001
14991,14992,485.026
14992,7232,70.145
14993,12957,14.352
14993,14603,9.204
14994,214,11.990
14995,14888,161.926
14996,9303,163.839
14996,14888,11.877
14997,16651,5.267
14998,12956,16.004
14999,9879,99.770
14999,15001,25.048
14999,15002,26.107
15000,9874,112.144
15000,9886,137.155
15000,15004,33.179
15001,14999,25.048
15001,15004,21.889
15001,15006,52.128
15002,14999,26.107
15003,15004,68.039
15004,15000,33.179
15004,15001,21.889
15004,15003,68.039
15004,15005,24.664
15005,15004,24.664
15006,15001,52.128
15007,11251,2.428
15007,11252,54.046
15007,11276,55.836
15008,9935,101.882
15008,9939,10.083
15008,15009,37.300
15009,15008,37.300
15010,3280,11.150
15010,15897,74.486
15011,14274,5.715
15011,15012,46.573
15011,15016,19.632
15012,14279,15.524
15012,15011,46.573
15012,15014,12.000
15013,15014,48.478
15014,15012,12.000
15014,15013,48.478
15014,15015,10.173
15015,14272,55.471
15015,15014,10.173
15015,15016,51.144
15016,14273,54.062
15016,15011,19.632
15016,15015,51.144
15017,14805,11.279
15017,15019,55.798
15017,15232,54.740
15018,15019,129.354
15019,15017,55.798
15019,15018,129.354
15019,15020,192.448
15020,15019,192.448
15021,12951,20.733
15021,14687,11.937
15022,17573,23.898
15023,6494,9.860
15023,11726,41.022
15024,10596,7.485
15025,10595,26.605
15025,10596,107.012
15025,14326,201.444
15026,11133,103.921
15026,11145,74.106
15026,11192,50.464
15027,6782,12.672
15027,15809,71.804
15028,20,94.623
15029,6349,54.650
15029,6355,63.853
15029,16792,26.497
15030,15031,19.224
15031,197,17.028
15031,8572,328.822
15032,15030,25.794
15032,15650,88.365
15033,6557,21.181
15034,1454,168.491
15034,14814,12.128
15035,15036,25.627
15035,17143,178.205
15036,11748,6.021
15037,807,10.262
15037,13931,43.723
15037,15038,53.519
15038,13931,31.074
15038,13944,47.617
15038,15037,53.519
15039,615,36.342
15039,807,63.856
15039,15040,62.744
15040,615,30.046
15040,15039,62.744
15040,16743,83.104
15041,3096,66.763
15041,15042,45.106
15042,15041,45.106
15043,6367,20.389
15043,6395,14.135
15043,6404,101.600
15044,15045,11.815
15045,6382,15.140
15045,13239,14.167
15045,15044,11.815
15046,3102,24.208
15046,11692,130.908
15047,12400,128.682
15047,12404,59.702
15047,14371,177.464
15048,6409,25.780
15049,3541,91.929
15049,14798,59.037
15049,15903,25.492
15050,9014,66.903
15050,14798,75.880
15050,15051,27.123
15051,9021,67.313
15051,14381,86.199
15051,15050,27.123
15051,15052,19.234
15052,15051,19.234
15053,14392,59.841
15053,15054,95.778
15053,15903,20.524
15054,15053,95.778
15054,15055,18.941
15054,15056,16.244
15055,15054,18.941
15056,15054,16.244
15057,15061,64.377
15058,10707,76.822
15058,10865,72.466
15058,15060,13.565
15059,15060,13.006
15060,15058,13.565
15060,15059,13.006
15060,15061,60.485
15061,10221,74.885
15061,15057,64.377
15061,15060,60.485
15062,305,27.405
15062,15063,35.397
15063,522,107.900
15064,710,13.595
15065,11134,26.790
15065,14969,6.381
15065,15066,116.238
15066,15065,116.238
15066,15067,34.779
15066,15068,43.270
15066,16656,129.112
15067,11132,22.760
15067,11138,47.035
15067,15066,34.779
15068,15066,43.270
15069,11131,33.198
15069,11138,50.117
15069,16656,61.564
15070,11131,68.653
15070,16656,29.702
15071,11340,39.029
15071,11379,99.332
15071,14191,77.106
15072,3377,10.431
15072,16081,11.352
15073,5054,48.756
15074,15077,39.916
15075,12157,25.613
15075,15076,52.165
15075,15077,22.772
15076,15075,52.165
15077,15074,39.916
15077,15075,22.772
15077,16461,48.854
15078,6826,69.873
15079,7457,55.543
15079,7517,102.436
15079,15080,35.716
15080,15079,35.716
15081,12622,99.446
15081,13298,95.255
15081,16477,93.971
15082,14218,73.821
15082,14219,7.105
15082,14220,107.297
15083,11294,63.675
15083,11295,30.854
15083,14176,83.389
15084,4222,20.375
15084,4232,35.775
15084,14436,33.255
15085,6312,66.154
15085,6329,49.152
15085,13948,73.504
15086,13947,23.298
15087,13943,89.203
15088,7433,23.458
15088,7444,77.795
15088,15089,24.239
15089,15088,24.239
15090,13865,45.995
15090,15091,65.718
15090,15094,47.961
15091,15090,65.718
15092,12057,77.454
15092,15093,122.645
15092,16464,68.861
15093,15092,122.645
15094,13866,12.186
15094,15090,47.961
15094,15095,48.453
15095,15094,48.453
15096,13865,76.069
15097,4134,83.050
15097,15098,47.192
15097,15900,28.517
15098,220,255.129
15098,4147,69.553
15098,15097,47.192
15099,11650,299.447
15099,11652,10.883
15100,10794,33.710
15101,13304,121.304
15102,12424,3314.025
15103,8356,86.239
15103,8375,15.901
15103,15104,17.595
15104,15103,17.595
15105,14347,160.901
15106,12897,3.636
15107,98,183.278
15107,3012,23.617
15107,15108,79.210
15108,2955,75.454
15108,2966,108.844
15108,15107,79.210
15108,17814,67.720
15109,634,14.249
15109,4357,8.717
15109,4375,13.382
15110,13484,104.572
15110,15111,10.875
15111,12396,55.555
15111,15110,10.875
15112,9915,36.044
15112,11869,87.741
15112,15113,121.379
15113,15112,121.379
15114,14450,36.219
15115,9244,36.144
15115,10010,83.502
15115,14021,136.029
15116,10768,38.051
15117,4551,61.193
15117,4552,75.411
15117,4562,17.433
15118,12887,104.101
15118,13164,8.627
15118,15119,22.220
15119,15118,22.220
15119,15121,106.074
15119,15124,16.081
15120,13164,24.907
15120,15122,21.394
15120,17566,12.679
15121,12887,22.544
15121,15119,106.074
15121,17515,12.913
15122,15120,21.394
15122,15123,71.398
15122,15124,15.430
15123,12886,23.003
15123,14110,16.699
15123,15122,71.398
15124,15119,16.081
15124,15122,15.430
15124,15125,24.565
15125,15124,24.565
15125,15184,8.102
15126,2761,105.130
15127,11878,27.038
15127,14443,19.809
15128,4138,5.659
15128,15129,62.681
15128,15130,76.195
15129,9258,59.903
15129,15128,62.681
15129,15130,76.913
15130,15128,76.195
15130,15129,76.913
15130,15131,41.468
15131,15130,41.468
15132,13767,4058.315
15133,8166,57.439
15133,9015,36.166
15133,9027,161.073
15134,3176,84.703
15134,10401,111.847
15134,15135,71.706
15135,15134,71.706
15136,2852,33.837
15136,15137,34.282
15136,15139,15.718
15137,2862,20.103
15137,15136,34.282
15137,15138,46.795
15138,2879,51.445
15138,15137,46.795
15138,16113,66.608
15139,2862,21.360
15139,11993,19.696
15139,15136,15.718
15140,933,204.918
15140,1506,69.874
15140,15648,49.074
15141,6577,30.840
15141,6590,230.459
15141,12588,96.162
15142,14984,5.161
15143,5337,38.879
15144,535,5.757
15145,536,16.749
15145,9532,37.609
15145,15144,37.973
15146,871,48.289
15147,13039,24.865
15147,13711,32.722
15147,13713,18.523
15148,13039,20.937
15149,8302,8.719
15150,12144,88.735
15151,7715,375.430
15151,8053,12.540
15152,8003,3.893
15152,8004,61.862
15152,15155,313.668
15153,15154,129.859
15154,13250,41.043
15154,15152,99.708
15155,8053,4.577
15155,15151,14.043
15156,9146,39.364
15157,9908,105.856
15157,9910,36.349
15157,11911,21.350
15158,12363,104.946
15158,12376,26.898
15158,13015,68.038
15159,721,9.058
15159,12259,64.857
15160,10842,99.597
15161,11016,87.785
15161,15236,43.303
15161,15237,71.172
15162,11173,68.571
15162,15163,41.069
15163,15162,41.069
15164,11168,83.273
15164,15165,44.733
15165,15164,44.733
15166,11167,4.463
15166,15167,31.170
15167,15166,31.170
15168,11079,82.137
15169,3084,91.970
15169,11062,19.507
15169,16975,52.351
15170,15205,47.289
15170,15260,92.061
15171,1464,37.888
15172,3324,230.963
15172,3356,52.411
15172,15175,47.468
15173,12366,63.157
15173,15174,116.620
15173,15175,21.045
15174,12352,121.929
15174,12367,30.183
15174,15173,116.620
15175,15172,47.468
15175,15173,21.045
15175,15176,51.854
15176,3356,49.705
15176,15175,51.854
15176,15177,6.847
15177,15176,6.847
15178,10003,79.761
15179,9408,10.132
15179,10394,16.279
15180,10665,23.864
15180,13256,72.945
15180,15181,38.702
15181,10845,52.460
15181,14494,19.885
15181,15180,38.702
15181,15182,60.328
15182,15181,60.328
15183,8478,10.805
15183,15184,9.767
15184,8294,173.948
15184,15183,9.767
15185,14599,59.002
15186,9814,15.955
15186,9817,10.761
15186,15187,86.112
15187,15186,86.112
15188,8389,80.832
15188,12923,31.292
15188,13318,36.554
15189,8873,11.905
15190,14380,52.124
15191,13628,51.240
15191,15538,21.421
15192,11998,37.122
15193,6269,23.963
15194,11611,174.316
15194,15195,44.811
15195,15194,44.811
15196,6206,15.977
15197,6204,73.055
15198,9937,74.135
15199,14060,57.476
15200,6330,24.184
15200,14634,33.795
15201,9441,23.599
15202,568,146.971
15202,4421,37.313
15202,4486,40.844
15203,13953,41.850
15204,13952,23.941
15205,12918,213.062
15205,15170,47.289
15205,17483,45.961
15206,13967,38.162
15206,15559,17.996
15207,14723,34.282
15208,12765,94.712
15208,12766,8.077
15208,14236,107.470
15209,11661,56.864
15209,11665,33.218
15209,11672,47.310
15210,835,69.895
15211,372,25.010
15211,964,270.292
15211,15212,76.097
15212,15211,76.097
15213,7074,35.546
15214,7445,22.853
15215,13996,83.744
15216,8296,28.226
15217,14584,56.049
15218,15217,50.083
15219,17255,79.495
15220,14588,48.725
15221,14309,48.626
15222,2446,40.078
15223,2429,11.780
15224,2421,37.846
15224,2430,74.143
15224,2453,1.702
15225,11422,14.079
15225,11424,112.229
15225,14175,57.766
15226,11325,58.529
15226,14187,7.943
15226,14422,85.354
15227,11349,37.869
15227,14189,47.865
15228,11283,63.735
15228,11293,46.202
15228,14162,67.740
15229,11316,44.886
15230,11245,35.156
15230,11247,27.930
15230,11248,50.336
15230,11250,38.560
15231,11235,51.368
15231,11240,43.310
15231,11244,47.752
15231,11247,54.185
15232,11243,441.823
15232,11250,110.808
15232,11280,22.765
15232,15017,54.740
15233,2504,82.251
15234,11111,111.091
15235,6058,59.668
15236,10953,85.454
15236,10954,13.873
15236,15161,43.303
15237,15161,71.172
15238,332,80.511
15238,11006,7.149
15239,2236,100.050
15239,16264,65.678
15240,2537,29.751
15241,2356,33.893
15242,12336,665.279
15242,15243,18.762
15243,315,63.546
15243,15242,18.762
15244,8809,104.585
15245,2684,49.171
15245,13446,20.556
15246,2684,49.869
15247,13295,78.078
15248,15257,23.763
15249,7042,89.755
15249,7052,22.282
15249,7058,64.452
15250,6958,121.922
15250,7052,29.087
15250,7057,30.088
15251,10886,76.721
15251,10904,107.754
15252,10562,41.555
15252,10620,43.092
15252,15253,139.759
15253,10620,43.697
15253,14323,63.867
15253,15252,139.759
15254,15256,18.867
15255,15256,17.386
15256,10651,41.144
15256,15254,18.867
15256,15255,17.386
15257,14213,108.356
15257,14217,11.651
15257,15248,23.763
15258,10967,168.389
15258,15259,95.872
15258,17670,64.745
15259,10964,68.002
15259,10968,156.072
15259,15258,95.872
15260,10032,93.681
15260,12429,5.734
15260,15170,92.061
15261,10568,57.696
15261,10636,76.158
15261,10638,80.526
15262,1407,14.773
15263,10860,86.993
15263,15264,79.556
15263,15265,4.888
15264,15263,79.556
15265,1430,102.197
15265,15263,4.888
15265,15266,53.144
15266,15265,53.144
15267,10587,81.817
15267,10630,71.766
15267,10632,5.235
15268,1245,63.349
15269,10924,8.836
15269,10931,79.341
15269,10936,47.519
15269,16806,63.443
15270,10924,378.175
15270,11825,253.769
15270,11830,105.127
15271,2171,76.317
15272,10886,62.441
15272,10887,31.242
15273,10895,83.786
15274,12276,52.189
15275,10737,140.671
15276,10915,70.938
15276,10921,47.300
15276,15277,44.067
15277,15276,44.067
15278,10594,3.976
15278,14700,74.678
15278,15280,96.380
15279,2791,307.014
15279,14513,13.403
15280,15278,96.380
15281,10905,203.974
15281,11825,88.853
15281,15282,115.150
15282,10913,145.086
15282,11824,94.752
15282,15281,115.150
15283,1536,69.352
15284,1385,329.206
15284,1530,196.742
15284,15285,85.514
15285,15284,85.514
15286,10981,208.156
15286,10983,12.142
15286,10984,126.217
15287,10565,10.680
15287,10739,65.410
15287,10876,70.435
15288,10161,93.350
15288,10165,27.443
15288,15289,60.937
15289,15288,60.937
15290,9275,40.981
15290,16603,63.582
15291,2277,50.639
15292,16600,13.775
15293,16600,33.989
15293,17611,32.819
15294,1346,163.387
15294,14944,21.395
15295,14892,86.916
15295,15296,86.609
15296,15295,86.609
15297,15298,58.084
15297,16424,39.989
15297,16893,73.957
15298,12265,51.167
15298,15297,58.084
15298,16425,38.344
15299,10678,134.956
15300,3272,42.157
15300,15301,47.317
15300,15306,16.372
15301,15300,47.317
15302,2818,50.775
15303,3530,9.583
15303,16053,88.503
15303,16054,47.590
15304,1648,54.178
15305,3463,9.146
15305,3476,16.819
15306,3199,30.073
15306,3203,95.194
15306,15300,16.372
15307,3267,57.362
15307,3278,52.372
15307,3279,86.659
15308,3295,35.524
15308,3296,16.377
15308,3298,23.457
15309,3295,48.144
15310,3260,96.546
15310,15311,21.501
15310,17582,32.264
15311,15310,21.501
15311,15921,57.165
15311,17674,33.606
15312,1749,39.564
15313,1386,82.698
15313,10820,10.034
15313,15314,48.183
15314,15313,48.183
15315,3261,62.008
15315,3290,130.858
15315,15316,56.602
15316,15315,56.602
15317,15318,21.875
15318,15317,21.875
15319,3427,15.927
15319,14510,63.560
15319,15320,39.944
15320,15319,39.944
15321,3473,21.279
15322,3262,8.406
15322,3290,96.578
15322,17131,133.376
15323,17779,13.299
15324,11333,30.907
15324,14188,30.777
15324,15325,40.866
15325,15324,40.866
15326,11398,102.920
15327,15328,43.217
15328,11390,21.245
15328,11500,45.484
15328,15327,43.217
15329,17763,107.584
15330,11459,13.667
15330,11460,80.538
15330,15331,53.325
15331,11461,15.739
15331,11462,3.468
15331,15330,53.325
15332,4563,9.961
15333,11036,41.153
15333,11037,140.331
15333,15334,32.973
15334,15333,32.973
15335,12227,71.303
15336,15337,69.244
15336,15346,213.215
15336,16953,9.831
15337,1216,61.572
15337,15336,69.244
15338,1514,81.527
15339,1208,131.964
15339,14754,52.663
15339,15340,102.141
15340,15339,102.141
15341,5175,24.167
15342,5612,81.091
15342,5626,38.432
15342,5633,11.887
15343,1208,101.036
15343,1217,13.807
15343,15344,33.129
15344,15343,33.129
15345,926,363.665
15345,14453,389.597
15345,15346,22.211
15346,1207,8.561
15346,15336,213.215
15346,15345,22.211
15347,5550,18.240
15348,5147,39.871
15349,10290,21.590
15349,16990,79.703
15350,12863,210.136
15351,9917,43.381
15351,15352,30.502
15351,15353,30.016
15352,15351,30.502
15353,15351,30.016
15354,12330,60.351
15354,14625,89.244
15354,15355,70.063
15355,15354,70.063
15356,12697,85.037
15356,12698,28.822
15356,15357,29.247
15357,15356,29.247
15358,9919,33.422
15358,15359,37.918
15358,15528,49.992
15359,15358,37.918
15360,12360,88.063
15360,15371,63.208
15360,15372,6.931
15361,9834,29.554
15361,13603,10.747
15361,15366,33.952
15362,13602,11.818
15362,13603,13.252
15362,15363,36.042
15363,15362,36.042
15363,15366,25.775
15363,15368,42.926
15364,9549,8.397
15364,15366,19.748
15364,15367,25.604
15365,13615,16.832
15365,13616,14.362
15365,15368,54.649
15366,15361,33.952
15366,15363,25.775
15366,15364,19.748
15367,13613,15.655
15367,15364,25.604
15367,15368,21.769
15368,15363,42.926
15368,15365,54.649
15368,15367,21.769
15369,12862,43.545
15369,13604,31.954
15369,15370,25.793
15370,13603,29.707
15370,13605,16.531
15370,15369,25.793
15371,15360,63.208
15372,12379,19.567
15372,15360,6.931
15372,15373,64.061
15373,15372,64.061
15374,9909,31.017
15374,13019,76.764
15374,15375,34.008
15375,15374,34.008
15376,9907,28.693
15376,12331,66.616
15376,15377,29.648
15377,15376,29.648
15378,9911,63.786
15378,15379,21.500
15378,16861,51.088
15379,15378,21.500
15380,9899,7.834
15380,15383,72.020
15380,15384,65.662
15381,15383,12.037
15382,12630,69.234
15382,12634,96.255
15382,15383,54.876
15383,15380,72.020
15383,15381,12.037
15383,15382,54.876
15384,15380,65.662
15384,15385,44.171
15384,16181,45.702
15385,15384,44.171
15386,11926,5.859
15386,12629,60.255
15386,16703,12.091
15387,16705,21.642
15388,11922,6.312
15388,14044,31.913
15388,15389,104.486
15389,11920,78.942
15389,12629,27.560
15389,15388,104.486
15390,5702,53.519
15391,13204,107.336
15392,269,113.667
15392,1647,25.452
15393,6394,77.530
15395,6958,211.215
15396,17065,7.539
15396,17067,38.483
15396,17330,74.378
15397,4164,45.546
15398,4151,26.956
15399,77,96.083
15400,1111,39.851
15400,1112,78.729
15400,15401,30.120
15401,15400,30.120
15402,17053,48.189
15403,10350,85.254
15404,64,58.364
15404,15405,52.845
15405,15404,52.845
15406,686,9.110
15406,795,65.614
15406,15407,93.003
15407,795,34.426
15407,11948,12.746
15407,15406,93.003
15408,13592,48.989
15409,3022,99.962
15409,3044,44.375
15409,15410,61.165
15410,15409,61.165
15411,779,63.276
15411,3345,46.826
15412,10491,8.752
15412,15413,40.993
15413,15412,40.993
15414,14451,113.453
15415,436,65.535
15415,14932,14.197
15416,1230,106.089
15417,1000,9.194
15418,9088,312.530
15418,15419,31.096
15418,15421,32.413
15419,15420,19.384
15419,17811,33.832
15420,15419,19.384
15420,15421,24.217
15421,11968,9.252
15421,15418,32.413
15422,9972,57.294
15423,13048,66.190
15424,1044,119.081
15424,14920,17.663
15425,2241,22.521
15426,2259,35.813
15426,14936,23.008
15427,1186,39.137
15427,14927,22.718
15428,14916,51.208
15429,604,30.106
15430,553,31.576
15431,555,54.865
15431,754,18.792
15431,15432,34.543
15432,15431,34.543
15432,15433,14.792
15433,15432,14.792
15434,4644,41.689
15434,4649,31.540
15434,15435,30.196
15435,15434,30.196
15435,16251,43.403
15436,4759,11.726
15436,4912,43.313
15436,15437,32.741
15437,15436,32.741
15438,4912,14.531
15438,4954,12.199
15438,15439,31.852
15439,15438,31.852
15440,12156,90.521
15440,12164,38.399
15440,15441,40.378
15441,12160,79.266
15441,12162,93.671
15441,15440,40.378
15442,12059,62.204
15443,9425,62.160
15443,9435,26.580
15443,17669,35.319
15444,9635,31.565
15444,9742,57.737
15444,12096,42.173
15445,14771,14.145
15446,8906,14.751
15446,9755,139.322
15446,15447,16.241
15447,15446,16.241
15447,15448,23.911
15447,16299,54.401
15448,15447,23.911
15449,12985,34.059
15450,3599,39.568
15450,3675,70.015
15450,15451,69.421
15451,15450,69.421
15452,13877,235.320
15453,9614,62.299
15453,9621,168.020
15453,15454,94.374
15454,15453,94.374
15455,16902,10.536
15456,10025,20.240
15456,16894,16.922
15456,16901,46.355
15456,16908,57.935
15457,16901,12.126
15458,3728,27.373
15458,3807,12.180
15458,15459,59.848
15459,15458,59.848
15460,12597,144.762
15461,8417,67.746
15461,8422,94.846
15461,15462,9.652
15462,15461,9.652
15463,13443,212.563
15464,8318,58.882
15464,8326,15.533
15464,15465,26.554
15465,15464,26.554
15466,8294,61.602
15466,15467,24.953
15466,16403,102.035
15467,15466,24.953
15467,16404,109.337
15467,17568,60.503
15468,3570,98.015
15468,3579,8.614
15468,3594,40.241
15469,3555,55.876
15470,3204,22.215
15470,3221,34.113
15470,16944,57.383
15471,13869,30.599
15471,13870,74.620
15471,15472,104.740
15472,15471,104.740
15473,14371,32.145
15473,15474,51.089
15473,15477,79.354
15474,15473,51.089
15475,9567,205.410
15475,11589,7.555
15475,15479,30.770
15476,16822,53.599
15477,9604,40.650
15477,15473,79.354
15477,15478,69.449
15478,15477,69.449
15479,15475,30.770
15479,15480,46.335
15479,16006,1.777
15480,15479,46.335
15481,5916,16.455
15481,15483,20.829
15482,5916,21.398
15483,6003,92.572
15484,13726,23.185
15485,12028,26.584
15485,13845,4.457
15485,15967,94.963
15486,9625,36.949
15486,15488,34.174
15486,16605,8.184
15487,15488,31.035
15487,16596,46.448
15487,16597,103.023
15488,9735,83.008
15488,12903,61.572
15488,15486,34.174
15488,15487,31.035
15489,4888,61.106
15489,4893,17.420
15489,15983,37.736
15490,8454,242.860
15491,12013,5.413
15491,14387,68.401
15491,15492,41.065
15492,15491,41.065
15493,12013,68.566
15494,12013,10.920
15494,15905,15.303
15495,2754,132.513
15495,15496,24.464
15495,16904,118.893
15496,15495,24.464
15496,15497,87.284
15496,15498,31.041
15497,15496,87.284
15498,15496,31.041
15499,2754,108.222
15499,3354,61.698
15499,3359,26.166
15500,10008,76.198
15500,10010,64.829
15500,15501,63.361
15501,15500,63.361
15502,9217,58.725
15503,15504,152.623
15504,1207,299.935
15504,11888,4.488
15504,15503,152.623
15505,755,9.922
15505,843,56.101
15505,15506,98.163
15506,15505,98.163
15506,15987,62.118
15507,15508,52.200
15508,1515,3.967
15508,15507,52.200
15508,16954,101.064
15509,15510,209.818
15510,15509,209.818
15511,12881,18.585
15511,14387,50.023
15511,15512,56.431
15512,15511,56.431
15513,9923,47.313
15514,1211,135.666
15515,825,34.826
15516,9719,113.110
15516,13876,215.548
15516,15517,69.081
15517,15516,69.081
15518,9966,68.683
15518,13589,28.999
15518,13632,9.038
15519,3360,209.338
15519,14359,39.282
15519,15520,37.298
15520,15519,37.298
15521,12327,45.000
15521,14370,80.822
15521,15522,79.822
15522,15521,79.822
15523,12326,139.042
15523,15524,42.092
15523,15576,9.121
15524,15523,42.092
15525,9602,334.034
15525,12397,115.356
15525,15526,42.581
15526,15525,42.581
15527,9934,68.317
15528,9925,7.678
15528,15358,49.992
15528,15529,29.355
15529,15528,29.355
15530,9214,58.253
15530,9216,45.210
15530,15531,42.909
15531,15530,42.909
15532,12353,51.333
15533,10314,43.831
15534,13053,45.860
15535,10458,44.712
15535,10473,20.171
15535,15536,35.810
15536,15535,35.810
15537,10305,31.156
15537,10306,47.411
15537,13979,57.567
15538,15191,21.421
15539,9943,100.979
15539,14034,40.407
15539,15540,113.126
15540,15539,113.126
15541,16843,32.303
15542,14037,105.647
15543,12721,61.328
15543,12936,57.345
15543,15544,34.728
15544,13010,90.478
15544,14033,60.895
15544,15543,34.728
15545,9247,39.466
15545,9976,88.756
15545,15546,31.658
15546,15545,31.658
15546,15547,79.802
15546,15548,65.595
15547,15546,79.802
15548,15546,65.595
15549,15550,3.797
15550,15549,3.797
15551,9953,83.273
15551,9955,103.708
15551,15552,118.344
15552,15551,118.344
15553,9724,63.684
15553,12169,8.786
15553,15554,64.374
15554,9722,52.040
15554,13099,119.305
15554,15553,64.374
15555,9607,37.429
15555,10545,83.839
15555,15556,73.472
15556,10543,39.525
15556,10544,25.095
15556,15555,73.472
15557,3320,102.266
15557,3328,6.370
15557,15558,31.501
15558,15557,31.501
15559,9989,22.252
15559,13967,60.638
15559,15206,17.996
15560,10305,50.051
15561,12838,21.383
15561,12840,55.043
15561,13669,52.926
15562,11911,80.514
15562,12364,22.623
15562,15829,180.459
15563,9999,6.780
15563,13093,74.951
15563,15564,93.549
15564,15563,93.549
15565,6498,91.188
15566,12180,77.152
15567,10995,3.104
15567,10999,17.989
15567,15568,47.193
15568,15567,47.193
15569,9401,31.644
15569,10384,25.649
15569,10549,32.163
15570,10352,28.166
15570,15571,26.281
15570,16797,22.695
15571,9400,22.759
15571,15570,26.281
15571,16798,22.507
15572,6353,82.411
15572,6376,8.231
15572,15573,77.697
15573,6308,8.723
15573,6383,39.633
15573,15572,77.697
15574,15575,126.623
15574,15577,7.904
15575,15574,126.623
15575,15576,70.187
15576,12325,38.868
15576,15523,9.121
15576,15575,70.187
15577,15574,7.904
15577,15578,71.275
15577,16446,44.319
15578,15577,71.275
15579,9932,31.404
15579,13993,12.328
15579,15580,66.108
15580,15579,66.108
15581,12868,31.432
15582,1906,35.748
15583,15584,35.843
15584,1877,25.650
15584,1900,182.023
15584,15583,35.843
15585,10406,23.346
15585,13970,27.200
15585,15586,61.655
15586,15585,61.655
15587,5366,42.909
15587,15588,80.572
15588,15587,80.572
15589,1098,66.256
15589,1502,42.795
15589,15597,116.020
15590,9864,50.571
15590,15591,48.684
15590,16824,21.227
15591,15590,48.684
15591,16823,11.764
15591,16825,21.845
15592,9226,79.715
15592,12696,35.326
15592,13011,108.136
15593,9843,40.388
15593,10308,48.352
15593,16824,35.594
15594,14873,54.479
15594,15595,142.124
15595,15594,142.124
15595,15596,53.948
15595,15597,28.039
15596,1502,25.104
15596,15595,53.948
15597,1114,54.190
15597,15589,116.020
15597,15595,28.039
15598,15599,73.224
15599,1083,87.142
15599,15598,73.224
15600,13206,63.497
15601,2380,32.094
15602,2897,43.981
15602,2917,86.798
15603,12350,61.653
15603,13966,27.381
15603,15604,45.877
15604,15603,45.877
15605,9977,28.097
15605,9978,42.403
15605,16837,22.714
15606,1560,10.163
15606,15607,93.129
15606,15616,88.562
15607,15606,93.129
15608,9976,32.603
15608,16836,13.216
15608,16837,58.254
15609,1148,34.154
15609,1569,103.975
15609,17191,42.615
15610,1148,67.843
15610,1571,30.267
15610,17191,40.937
15611,9857,46.240
15611,13652,9.670
15611,15612,27.327
15612,9842,54.941
15612,13633,11.805
15612,15611,27.327
15613,4078,24.938
15613,4107,113.168
15613,4108,45.978
15614,14883,68.114
15614,15615,61.293
15615,15614,61.293
15616,1074,69.375
15616,15606,88.562
15616,15617,92.590
15617,307,65.284
15617,15616,92.590
15618,15636,26.890
15619,13341,64.456
15619,13342,64.669
15619,17316,6.783
15620,17316,29.827
15621,2987,68.178
15621,2989,61.761
15621,15622,36.038
15622,15621,36.038
15623,10988,86.280
15624,2588,18.478
15624,2608,89.006
15624,15672,37.938
15625,4124,42.479
15625,4171,33.253
15625,15626,42.057
15626,15625,42.057
15627,15631,87.773
15628,16579,91.426
15629,2634,51.357
15629,2649,62.832
15629,15630,36.223
15630,15629,36.223
15631,2985,88.520
15631,15627,87.773
15632,2519,41.818
15633,11782,118.304
15633,15634,136.766
15634,15633,92.364
15635,3083,20.510
15635,11003,29.412
15635,11004,87.420
15636,15618,26.890
15637,2995,30.293
15637,13140,37.523
15637,15638,176.960
15638,94,31.814
15638,498,23.802
15638,15637,176.960
15639,4085,37.198
15639,15640,42.095
15639,15641,28.828
15640,15639,42.095
15641,669,26.326
15641,15639,28.828
15641,15642,25.091
15642,15641,25.091
15643,2992,77.813
15643,2994,113.961
15643,15644,51.763
15644,15643,51.763
15645,3951,26.059
15645,3959,16.443
15645,15646,23.210
15646,15645,23.210
15647,3952,29.991
15648,941,27.295
15648,15140,49.074
15648,15649,49.801
15649,15648,49.801
15650,15651,166.179
15650,16676,110.196
15651,197,86.715
15651,198,32.809
15651,15650,166.179
15652,8039,20.523
15652,12109,75.490
15653,8216,17.133
15653,15655,19.870
15653,15661,29.501
15653,17108,21.658
15654,8203,10.879
15654,8220,43.644
15654,15660,25.850
15655,15653,19.870
15655,15657,29.238
15655,15662,23.587
15655,17107,20.663
15656,8216,29.359
15656,15658,27.667
15656,15661,17.486
15657,15655,29.238
15657,15661,20.011
15657,15662,52.580
15658,8203,31.077
15658,15656,27.667
15658,15660,17.990
15659,15660,20.247
15660,15654,25.850
15660,15658,17.990
15660,15659,20.247
15660,15661,28.348
15661,15653,29.501
15661,15656,17.486
15661,15657,20.011
15661,15660,28.348
15662,15655,23.587
15662,15657,52.580
15663,17839,80.459
15664,3979,77.642
15664,3987,52.457
15664,15665,52.475
15665,3999,3.859
15665,4001,39.980
15665,15664,52.475
15666,3988,12.426
15666,3991,57.278
15666,15667,27.266
15667,15666,27.266
15668,1549,57.751
15668,12089,18.783
15669,2414,67.705
15669,2425,65.858
15669,15670,48.680
15670,2437,66.177
15670,14941,20.697
15670,15669,48.680
15671,15672,33.747
15672,1305,25.992
15672,15624,37.938
15672,15671,33.747
15673,3061,17.577
15673,14871,20.560
15673,15674,25.181
15674,15673,25.181
15675,4049,16.529
15675,4056,18.618
15675,17311,102.385
15676,1916,37.477
15677,13376,34.616
15677,16408,85.022
15678,11021,63.700
15678,11024,6.967
15678,15679,57.274
15679,11017,62.393
15679,11018,44.004
15679,15678,57.274
15679,15680,56.608
15680,3068,53.813
15680,3082,58.996
15680,15679,56.608
15681,15682,5.691
15682,11018,5.758
15682,15681,5.691
15682,15683,23.778
15683,15682,23.778
15684,1209,22.823
15685,2271,70.751
15686,2269,141.331
15686,2270,48.046
15686,15687,27.781
15687,15686,27.781
15688,13384,126.037
15688,15689,30.676
15688,17236,8.912
15689,15688,30.676
15690,4050,62.202
15690,4053,72.811
15690,15691,32.071
15691,15690,32.071
15692,6507,23.823
15692,6515,43.154
15692,13210,24.494
15693,24,68.959
15693,7664,28.352
15694,7674,16.541
15695,2302,23.343
15695,2351,7.898
15695,15696,41.794
15696,15695,41.794
15697,219,55.805
15697,16741,42.932
15698,217,29.132
15698,1874,22.421
15698,16741,17.121
15699,1649,48.053
15699,1677,31.278
15699,1689,37.420
15700,470,84.926
15700,11014,42.988
15700,15701,56.402
15701,15700,56.402
15701,16456,23.587
15702,6675,18.528
15702,15703,16.976
15702,15706,15.956
15703,15702,16.976
15703,15705,19.980
15703,15708,17.801
15703,15709,15.783
15704,15709,1.696
15705,15703,19.980
15705,15710,16.934
15706,6661,2.756
15706,15702,15.956
15706,15708,17.854
15707,15708,14.819
15707,15709,18.442
15708,15703,17.801
15708,15706,17.854
15708,15707,14.819
15709,15703,15.783
15709,15704,1.696
15709,15707,18.442
15709,15710,21.945
15710,6427,33.253
15710,15709,21.945
15711,13429,181.106
15711,15712,69.853
15712,15711,69.853
15713,16413,31.692
15714,607,64.436
15714,714,13.770
15714,9506,55.405
15715,782,66.576
15715,10490,91.140
15715,15716,89.068
15716,15715,89.068
15717,16586,32.923
15718,14352,72.089
15719,14352,6.080
15720,6650,27.070
15720,6671,27.952
15720,15721,27.656
15721,15720,27.656
15721,15723,28.037
15721,15724,19.784
15722,6640,58.449
15722,6685,27.711
15722,15724,18.267
15723,6671,26.532
15723,15721,28.037
15723,15725,19.085
15724,15721,19.784
15724,15722,18.267
15724,15725,27.330
15725,6685,13.297
15725,15723,19.085
15725,15724,27.330
15726,862,27.135
15726,4039,38.616
15726,15727,28.409
15727,15726,28.409
15728,1832,20.587
15729,10947,21.843
15729,10950,19.827
15729,15730,27.179
15730,15729,27.179
15731,11061,34.463
15731,11072,122.196
15731,15732,56.084
15732,11073,15.237
15732,15731,56.084
15733,2764,40.760
15733,2767,57.632
15733,2774,62.392
15734,1931,42.084
15735,4074,66.821
15735,13950,17.884
15736,15737,51.994
15737,1198,15.321
15737,1214,133.046
15737,15736,51.994
15738,1863,37.895
15738,15739,22.597
15738,16601,23.259
15739,15738,22.597
15740,6033,40.088
15740,15741,89.755
15741,6036,97.753
15741,6044,44.308
15741,15740,89.755
15742,1829,48.320
15742,1863,17.573
15742,16602,36.927
15743,1823,64.697
15744,6663,19.499
15744,15745,41.334
15745,6662,45.100
15745,6667,6.568
15745,15744,41.334
15746,3060,47.749
15746,15747,54.933
15747,15746,54.933
15748,728,45.200
15748,4071,49.543
15748,15749,31.956
15749,15748,31.956
15750,4072,159.545
15750,14530,172.072
15750,15751,39.768
15751,15750,39.768
15752,1831,26.536
15753,1010,30.560
15753,1254,42.733
15754,15755,77.552
15754,17699,81.189
15755,15754,77.552
15755,15756,37.376
15755,15757,30.716
15756,3043,70.803
15756,15755,37.376
15756,15758,35.577
15757,15755,30.716
15757,15758,33.092
15757,15759,54.634
15758,3030,61.123
15758,15756,35.577
15758,15757,33.092
15759,15757,54.634
15760,15761,35.862
15761,7472,45.869
15761,7612,47.969
15761,15760,35.862
15762,15763,34.808
15762,15764,80.980
15763,15762,34.808
15764,7522,25.240
15764,15762,80.980
15764,15790,13.590
15765,7512,21.204
15765,15766,41.363
15765,15784,21.433
15766,15765,41.363
15767,7512,16.888
15767,7522,25.678
15767,15768,30.343
15768,15767,30.343
15769,7833,24.050
15770,15771,97.351
15771,7795,155.131
15771,7839,38.427
15771,15770,97.351
15772,10061,24.179
15773,16953,73.758
15774,16090,37.281
15775,3205,83.243
15775,3231,32.249
15775,15776,102.257
15776,15775,102.257
15777,991,34.481
15777,1661,26.382
15777,15778,53.883
15777,15803,61.185
15778,15777,53.883
15779,8578,195.827
15779,8583,20.501
15779,15780,37.259
15780,15779,37.259
15781,7208,72.987
15782,7516,24.316
15782,7517,47.283
15782,15783,54.310
15783,7523,105.995
15783,7524,22.550
15783,15782,54.310
15784,7518,109.750
15784,15765,21.433
15784,15785,44.157
15785,15784,44.157
15786,15787,36.809
15787,7464,42.165
15787,7497,10.354
15787,15786,36.809
15788,7464,59.898
15788,7520,39.921
15788,15789,56.230
15789,15788,56.230
15790,7466,33.510
15790,15764,13.590
15790,15791,17.681
15791,15790,17.681
15792,2768,56.563
15792,2774,40.176
15792,15793,40.593
15793,15792,40.593
15794,11861,61.196
15794,11865,63.486
15794,15795,55.797
15795,11865,23.416
15795,15794,55.797
15796,6564,185.840
15796,6588,3.667
15796,6595,144.187
15796,15797,71.711
15797,15796,71.711
15798,15799,73.218
15799,1698,87.939
15799,1733,69.829
15799,15798,73.218
15800,8817,13.456
15800,13812,195.887
15800,15801,52.430
15801,15800,52.430
15802,8673,69.005
15803,1630,34.707
15803,15777,61.185
15804,14348,29.873
15805,1648,54.263
15805,1657,44.865
15805,1661,31.752
15806,6588,86.359
15806,15807,35.570
15806,15810,32.641
15807,15806,35.570
15808,6718,115.210
15808,6743,59.682
15808,15853,77.452
15809,12576,89.312
15809,16484,65.226
15810,6583,52.889
15810,15806,32.641
15810,15811,65.058
15811,15810,65.058
15812,10042,66.817
15813,15814,27.525
15814,15813,27.525
15815,15816,20.975
15816,12716,16.699
15816,14034,16.537
15816,15815,20.975
15817,15818,22.671
15818,15817,22.671
15819,1698,47.711
15819,15820,36.637
15819,17248,18.373
15820,15819,36.637
15821,7487,11.097
15822,7475,101.373
15822,7476,81.763
15822,7484,37.638
15823,6627,31.084
15823,7485,75.586
15823,15824,49.756
15824,15823,49.756
15825,7200,2.673
15825,7209,31.962
15825,16642,104.640
15826,1726,40.556
15826,1734,23.709
15827,14501,90.785
15828,3352,73.000
15829,15562,180.459
15830,3352,1.671
15830,3353,20.986
15830,15831,33.054
15831,15830,33.054
15832,2363,24.311
15832,2383,36.278
15832,13191,16.281
15833,6784,28.748
15833,6796,28.345
15833,15834,48.757
15834,15833,48.757
15835,699,35.550
15835,12662,15.014
15835,15836,27.971
15836,12663,15.460
15836,12664,33.569
15836,15835,27.971
15837,9188,143.552
15837,16167,96.038
15838,6832,65.823
15838,6833,42.098
15838,15839,46.037
15839,15838,46.037
15840,6738,74.903
15840,6836,20.645
15840,15841,44.048
15841,15840,44.048
15842,7818,41.960
15842,7841,58.560
15842,15843,24.369
15843,15842,24.369
15844,15848,71.500
15844,15849,70.052
15845,17187,26.625
15845,17189,12.207
15846,2800,338.483
15846,15847,33.161
15846,15848,9.357
15847,2796,170.532
15847,15846,33.161
15848,15844,71.500
15848,15849,29.652
15849,15844,70.052
15849,15847,1.587
15850,10243,20.350
15851,5614,8.421
15851,15852,27.856
15852,15851,27.856
15853,15808,77.452
15854,15856,20.416
15854,15866,97.093
15855,5451,59.253
15856,5513,55.366
15856,16622,18.413
15857,11597,95.592
15857,17645,11.784
15857,17646,42.496
15858,9795,46.195
15858,15859,14.406
15858,17644,8.960
15859,15858,14.406
15860,9795,16.051
15860,9796,30.792
15860,17692,40.413
15861,2808,37.943
15861,2819,33.413
15861,15862,118.503
15862,15861,118.503
15863,6586,28.068
15864,12797,62.466
15864,15865,80.805
15864,16701,22.574
15865,15864,80.805
15866,5513,44.169
15866,15854,97.093
15866,15867,26.737
15867,15866,26.737
15868,6521,82.622
15868,17159,63.617
15869,12729,1.681
15869,14080,17.176
15869,15870,35.972
15870,14080,24.263
15870,14081,49.139
15870,15869,35.972
15871,3495,113.286
15872,6526,5.583
15872,6547,3.436
15872,15873,38.128
15873,15872,38.128
15874,9921,64.688
15874,10071,59.377
15874,10073,10.647
15875,9901,135.291
15875,9902,48.462
15875,15876,53.257
15876,15875,53.257
15877,6556,63.651
15877,15878,49.536
15877,17356,27.861
15878,15877,49.536
15879,7112,46.496
15880,15881,82.388
15881,15880,82.388
15882,6990,65.901
15882,14959,95.961
15882,15883,33.652
15883,7082,44.199
15883,7085,55.757
15883,15882,33.652
15884,10072,100.848
15884,12735,39.911
15885,15886,57.229
15886,15885,57.229
15887,1847,38.089
15887,1860,26.460
15887,13110,27.152
15888,4181,53.471
15888,4202,41.951
15888,4214,40.908
15889,13218,29.468
15889,13942,68.555
15889,15890,22.101
15890,13937,20.248
15890,15889,22.101
15890,15891,31.062
15891,4185,19.740
15891,13218,20.864
15891,15890,31.062
15892,14389,24.020
15892,14390,83.817
15892,15893,64.826
15893,14383,173.511
15893,14475,18.805
15893,15892,64.826
15894,4212,38.446
15895,7165,13.035
15895,7174,18.630
15895,15896,42.164
15896,15895,42.164
15897,3299,203.787
15897,15010,74.486
15897,15898,69.375
15898,15897,69.375
15899,6809,33.292
15900,4136,31.975
15900,15097,28.517
15900,15901,34.849
15901,15900,34.849
15902,14381,30.342
15902,14798,26.801
15902,15903,59.162
15903,15049,25.492
15903,15053,20.524
15903,15902,59.162
15904,3533,6.528
15904,17671,6.304
15905,3538,50.991
15905,15494,15.303
15906,236,189.185
15906,237,179.291
15906,2786,53.133
15907,4155,34.208
15907,4161,163.407
15907,15908,32.175
15908,15907,32.175
15909,6777,67.724
15910,15911,37.115
15911,15910,37.115
15912,3320,113.320
15912,9682,135.615
15912,15913,47.514
15913,15912,47.514
15914,3541,203.212
15914,12917,38.482
15914,15915,67.480
15915,15914,67.480
15916,6735,24.890
15916,6788,51.753
15916,15917,31.326
15917,15916,31.326
15918,4161,171.822
15918,4200,75.680
15918,15919,51.125
15919,15918,51.125
15920,3382,27.162
15920,3385,30.458
15920,14366,74.518
15921,3302,58.704
15921,15311,57.165
15921,15922,55.975
15922,15921,55.975
15923,6559,75.410
15923,15924,73.242
15924,6725,12.777
15924,6778,35.436
15924,15923,73.242
15925,4116,25.329
15925,13943,67.200
15925,15926,38.912
15926,15925,38.912
15927,874,70.144
15927,4213,36.583
15927,15928,27.318
15928,15927,27.318
15929,10471,40.793
15930,12981,31.051
15930,14431,129.564
15930,14432,14.780
15931,12981,20.300
15932,628,41.173
15932,3510,73.827
15932,15933,33.681
15933,15932,33.681
15934,9587,102.389
15934,11969,61.161
15934,15935,50.270
15935,12110,106.300
15935,15934,50.270
15935,17579,63.727
15936,12138,63.824
15937,9578,39.729
15937,12009,165.568
15937,15938,28.885
15938,15937,28.885
15939,537,23.910
15939,15940,230.364
15940,11973,46.492
15940,11974,13.169
15940,15939,230.364
15941,9581,58.226
15941,14396,108.415
15941,14397,37.131
15942,10542,76.460
15943,9579,43.519
15943,9580,32.150
15943,15944,51.744
15944,15943,51.744
15945,8884,47.807
15945,9612,13.757
15945,15946,44.755
15946,15945,44.755
15946,16487,19.827
15947,9612,58.727
15947,9730,54.380
15947,15948,52.575
15948,15947,52.575
15949,9621,49.063
15950,9729,55.951
15951,9611,65.592
15951,13515,19.833
15951,15952,89.672
15952,15951,89.672
15953,8884,53.253
15953,16487,24.587
15953,16707,9.445
15954,8884,17.450
15954,8895,118.860
15954,15955,40.863
15955,15954,40.863
15956,9728,20.677
15956,15957,75.638
15956,16578,13.544
15957,9734,36.698
15957,12909,24.621
15957,15956,75.638
15958,12402,57.538
15958,15959,26.743
15958,15960,31.332
15959,15958,26.743
15960,12404,49.735
15960,15958,31.332
15960,15961,44.816
15961,15960,44.816
15962,12028,50.693
15962,12151,39.856
15962,15976,33.860
15963,12143,32.820
15963,12400,1.334
15963,15964,32.559
15964,15963,32.559
15964,17727,85.749
15965,8887,72.139
15965,9717,81.118
15965,15966,114.705
15966,9717,48.091
15966,9739,56.044
15966,15965,114.705
15967,13884,115.234
15967,15485,94.963
15967,15968,46.995
15968,12027,40.220
15968,13884,39.225
15968,15967,46.995
15969,13933,21.661
15969,15970,32.730
15969,15972,48.395
15970,3508,33.648
15970,3523,16.784
15970,15969,32.730
15971,13875,17.471
15972,562,4.560
15972,3512,67.342
15972,15969,48.395
15973,3512,28.221
15973,3518,17.393
15973,15974,33.961
15974,3509,18.678
15974,3516,16.630
15974,15973,33.961
15975,9277,54.406
15975,9801,101.769
15975,15998,25.110
15976,15962,33.860
15977,221,53.691
15977,4134,45.177
15977,4153,26.683
15978,12030,107.176
15978,13854,37.673
15978,15979,65.843
15979,15978,65.843
15980,8898,12.791
15980,15981,62.740
15980,16700,41.959
15981,8898,67.463
15981,13105,24.140
15981,15980,62.740
15982,13732,33.940
15982,13881,28.998
15982,13882,79.321
15983,15489,37.736
15983,15984,83.010
15983,16392,32.948
15984,4856,22.492
15984,4888,28.157
15984,15983,83.010
15985,6825,14.259
15985,15986,58.810
15985,16002,24.120
15986,15985,58.810
15987,4718,13.675
15987,13037,13.690
15987,15506,62.118
15988,4641,141.736
15988,4673,50.344
15988,15989,95.631
15989,15988,95.631
15990,12466,42.989
15991,14502,56.778
15991,15992,45.905
15992,15991,45.905
15993,2807,72.566
15994,15995,40.567
15995,6826,56.671
15995,6830,36.467
15995,15994,40.567
15996,48,11.738
15996,15997,85.359
15997,15996,85.359
15998,13729,24.105
15998,15975,25.110
15998,15999,20.042
15999,15998,20.042
16000,16001,29.122
16001,10402,38.845
16001,10403,50.665
16001,16000,29.122
16002,6834,58.545
16002,15985,24.120
16002,16003,26.300
16003,16002,26.300
16004,9568,111.852
16004,14372,66.073
16004,16005,51.716
16005,16004,51.716
16006,13821,50.207
16006,15479,1.777
16006,16007,63.734
16007,16006,63.734
16008,2969,114.794
16008,16009,79.280
16008,16010,4.671
16009,3021,35.377
16009,3048,68.597
16009,16008,79.280
16010,3015,44.152
16010,16008,4.671
16010,16011,45.148
16011,16010,45.148
16012,3021,61.124
16013,2886,25.677
16013,16014,46.865
16013,16047,13.762
16014,16013,46.865
16014,16016,40.607
16014,16018,26.205
16015,2848,49.352
16015,3028,41.959
16015,16018,74.449
16016,3035,41.572
16016,16014,40.607
16016,16019,24.525
16017,16019,12.511
16018,16014,26.205
16018,16015,74.449
16018,16019,39.484
16019,16016,24.525
16019,16017,12.511
16019,16018,39.484
16020,2848,32.683
16020,16021,41.053
16020,16047,43.869
16021,16020,41.053
16022,16023,31.433
16023,16022,31.433
16024,17149,3.705
16024,17152,4.961
16025,13233,98.473
16025,17152,59.305
16026,9279,26.146
16026,10367,20.784
16026,16027,35.311
16027,16026,35.311
16028,5458,108.278
16028,5489,15.215
16028,16029,39.431
16029,16028,39.431
16030,11840,27.756
16030,11841,21.020
16030,16031,62.513
16031,16030,62.513
16032,3314,84.713
16032,12134,104.030
16032,14512,42.440
16033,6863,101.643
16033,16034,17.717
16033,17153,27.802
16034,6857,22.265
16034,16033,17.717
16034,16035,30.730
16035,16034,30.730
16036,5810,94.492
16036,5815,23.525
16036,16037,38.820
16037,16036,38.820
16038,117,24.161
16038,6862,112.871
16038,16046,50.266
16039,3020,74.459
16039,3028,31.690
16039,16067,44.877
16040,3213,112.523
16040,14726,22.605
16040,14728,26.287
16040,16041,58.544
16041,16040,58.544
16042,16043,41.083
16043,16042,41.083
16044,16045,24.864
16045,16044,24.864
16046,16038,50.266
16047,16013,13.762
16047,16020,43.869
16047,16049,64.290
16048,16049,18.116
16048,17176,78.504
16049,2963,34.019
16049,16047,64.290
16049,16048,18.116
16050,2870,62.477
16050,2933,74.600
16050,2961,15.483
16051,3440,83.129
16052,2829,42.239
16053,15303,88.503
16053,16054,39.905
16054,15303,47.590
16054,16053,39.905
16055,3605,104.730
16055,3660,451.150
16055,16056,104.311
16056,16055,104.311
16057,3398,114.244
16057,16064,22.902
16058,16059,55.701
16059,3258,12.922
16059,3287,58.248
16059,16058,55.701
16060,3437,10.890
16060,3448,56.210
16060,16061,54.047
16061,16060,54.047
16062,3655,57.852
16063,2886,43.962
16063,3041,34.509
16063,17174,64.622
16064,3388,44.741
16064,16057,22.902
16065,142,118.641
16065,16615,38.626
16065,17306,26.720
16066,17306,15.473
16067,16039,44.877
16068,2933,10.841
16068,16069,112.080
16068,16070,24.630
16069,2848,64.501
16069,3047,35.521
16069,16068,112.080
16070,2898,68.084
16070,16068,24.630
16070,16071,16.109
16071,3047,93.515
16071,16070,16.109
16071,16072,22.391
16072,16071,22.391
16073,3392,70.462
16073,3402,31.293
16073,14367,41.910
16074,7434,10.765
16074,7438,70.741
16074,16075,33.208
16075,7433,126.377
16075,7436,73.556
16075,16074,33.208
16076,5869,36.500
16077,3625,29.491
16078,6871,109.322
16078,6876,55.361
16078,16079,36.129
16079,16078,36.129
16080,5838,83.733
16080,5862,19.520
16080,5874,32.962
16081,14505,32.235
16081,17433,41.145
16082,11643,82.748
16082,14761,71.294
16082,16083,290.555
16083,5777,93.790
16083,16082,290.555
16084,3240,9.119
16084,3252,14.603
16084,16085,65.583
16085,16084,65.583
16086,2950,111.258
16086,3235,39.911
16086,16087,54.876
16087,16086,54.876
16088,3234,67.214
16088,3239,30.824
16088,16089,63.704
16089,16088,63.704
16090,6525,53.156
16090,6536,68.295
16090,15774,37.281
16091,8891,257.543
16091,13869,63.948
16092,3371,89.091
16092,3379,84.084
16092,16093,34.891
16093,16092,34.891
16094,5826,21.116
16094,11643,72.027
16094,16095,88.132
16095,5821,49.134
16095,5833,55.480
16095,16094,88.132
16096,13876,73.010
16097,13,85.023
16097,131,27.556
16097,16099,20.857
16098,16099,15.408
16099,16097,20.857
16099,16098,15.408
16099,16100,25.176
16100,16099,25.176
16101,4525,68.450
16101,11832,124.307
16101,16102,52.262
16102,16101,52.262
16103,9768,56.265
16103,9770,32.470
16103,16104,93.918
16104,11833,60.600
16104,12059,53.355
16104,16103,93.918
16105,4506,95.661
16105,4510,49.069
16105,16106,62.885
16106,16105,62.885
16107,16111,22.050
16108,2924,21.676
16108,2938,20.924
16108,16109,53.025
16109,16108,53.025
16109,16110,22.071
16109,16111,21.640
16110,2924,62.315
16110,2931,22.600
16110,16109,22.071
16111,2938,43.849
16111,16107,22.050
16111,16109,21.640
16112,2920,36.393
16113,2878,31.575
16113,15138,66.608
16113,16114,95.882
16114,2878,70.245
16114,2887,51.212
16114,16113,95.882
16115,2863,28.000
16115,2878,51.913
16115,2926,2.168
16116,2849,16.643
16116,2887,75.427
16116,16117,22.826
16117,16116,22.826
16118,4500,18.406
16118,4516,4.728
16119,2927,13.338
16119,2941,26.536
16119,16120,27.234
16120,11993,118.664
16120,16119,27.234
16120,16121,19.043
16121,2895,4.086
16121,16120,19.043
16121,16122,27.992
16122,16121,27.992
16123,2896,12.114
16123,2904,16.947
16123,2932,52.648
16124,2904,35.656
16124,2930,30.332
16124,2932,24.833
16125,12411,6.441
16125,16126,38.566
16126,16125,38.566
16127,2906,14.437
16127,2911,26.172
16127,2939,37.312
16128,2899,42.125
16129,2925,10.491
16130,2923,21.772
16131,2910,33.287
16131,2936,19.664
16131,16132,52.211
16132,2901,19.979
16132,2914,34.588
16132,16131,52.211
16133,2914,29.983
16133,10031,31.471
16133,16134,52.751
16134,2910,29.042
16134,2917,54.876
16134,16133,52.751
16135,13988,30.588
16135,16136,36.643
16135,16137,11.226
16136,16135,36.643
16137,16135,11.226
16137,16138,180.971
16138,12715,50.007
16138,16137,180.971
16138,17405,116.485
16139,10534,122.925
16139,16140,123.292
16139,16782,26.860
16140,16139,123.292
16141,2846,56.555
16141,2881,39.520
16141,16142,97.268
16142,16141,97.268
16143,2882,25.625
16143,2946,63.160
16143,16144,24.394
16144,16143,24.394
16144,16145,24.360
16144,16146,16.793
16145,16144,24.360
16146,16144,16.793
16147,14724,29.756
16148,16149,27.355
16148,16155,28.711
16149,14007,55.402
16149,14008,56.773
16149,16148,27.355
16149,16166,30.967
16150,10000,13.428
16150,12348,88.242
16150,16152,75.401
16151,16152,30.086
16152,16150,75.401
16152,16151,30.086
16152,16153,24.963
16153,16152,24.963
16154,12773,57.907
16154,12830,27.366
16154,13985,85.303
16155,13012,56.676
16155,14010,16.700
16155,16148,28.711
16156,11669,14.747
16156,11867,46.697
16156,16157,69.103
16157,16156,69.103
16158,9249,31.898
16158,11867,15.415
16158,16159,62.990
16159,11930,108.693
16159,16158,62.990
16160,9988,9.737
16160,14028,9.983
16160,16161,51.778
16161,16160,51.778
16162,14027,58.668
16162,14030,21.185
16162,16163,18.290
16163,16162,18.290
16164,9993,28.620
16164,9998,74.084
16164,16165,83.587
16165,16164,83.587
16166,9990,47.353
16166,14006,59.231
16166,16149,30.967
16167,9194,158.198
16167,15837,96.038
16168,7536,39.954
16168,7546,13.908
16168,16169,57.774
16169,7537,45.291
16169,7546,40.264
16169,16168,57.774
16170,8062,28.896
16170,8097,24.755
16170,16171,69.065
16171,8086,23.622
16171,8113,23.174
16171,16170,69.065
16172,7767,84.722
16172,7793,86.470
16172,16173,61.214
16173,16172,61.214
16174,10521,93.269
16174,11914,47.495
16174,16175,61.058
16175,16174,61.058
16176,7640,27.248
16176,7641,72.956
16176,16177,47.088
16177,7640,27.036
16177,7669,15.140
16177,16176,47.088
16178,11660,11.438
16178,11661,72.194
16178,16179,48.721
16179,16178,48.721
16180,11926,75.357
16180,13021,29.422
16180,16705,94.050
16181,13717,92.497
16181,15384,45.702
16181,16191,29.244
16182,16191,47.097
16183,12634,58.395
16184,10523,45.437
16184,16185,74.203
16184,16186,18.480
16185,16184,74.203
16186,10522,62.548
16186,16184,18.480
16186,16187,25.354
16187,16186,25.354
16188,10528,53.416
16188,10529,56.588
16188,16189,33.236
16189,16188,33.236
16190,7540,32.112
16190,7544,100.909
16190,13246,85.055
16191,16181,29.244
16191,16182,47.097
16191,16192,29.214
16192,16191,29.214
16193,7440,26.625
16193,7443,33.612
16193,17321,33.375
16194,3042,280.436
16194,3049,63.210
16194,16195,91.795
16195,16194,91.795
16196,10515,2.012
16196,10516,91.668
16196,16197,57.929
16197,12781,62.563
16197,12782,28.445
16197,16196,57.929
16198,1749,90.806
16198,1750,3.206
16198,16199,37.645
16199,16198,37.645
16200,10519,13.822
16200,10520,33.590
16200,16201,50.001
16201,16200,50.001
16202,16203,43.584
16202,16204,5.912
16202,16205,23.887
16203,16202,43.584
16203,16205,18.798
16203,16206,43.612
16204,10514,33.132
16204,16202,5.912
16204,16218,19.281
16205,10513,34.811
16205,16202,23.887
16205,16203,18.798
16206,10523,3.917
16206,16203,43.612
16206,16207,49.086
16207,16206,49.086
16208,3523,45.550
16209,11043,56.869
16209,11048,41.620
16210,336,34.536
16210,11048,65.138
16210,11299,62.458
16211,16212,9.118
16211,16217,33.504
16212,10051,16.913
16212,16213,153.058
16213,16212,153.058
16214,1304,84.188
16214,1482,46.518
16214,12217,43.016
16215,1482,43.324
16215,16216,26.633
16216,1328,27.449
16216,1480,18.979
16216,16215,26.633
16217,16211,33.504
16218,16204,19.281
16219,16222,66.467
16219,16228,17.292
16220,1318,33.126
16220,16513,46.172
16221,1001,45.604
16221,1299,32.080
16221,16222,16.287
16222,16219,66.467
16222,16221,16.287
16222,16223,27.834
16223,1299,22.575
16223,1489,45.730
16223,16222,27.834
16224,1365,109.796
16225,10513,27.237
16225,10514,1.240
16225,10518,70.086
16226,660,40.058
16226,4443,72.355
16226,16227,41.080
16227,4460,30.970
16227,16226,41.080
16228,16219,17.292
16228,16229,52.198
16228,16512,66.680
16229,1001,88.220
16229,16228,52.198
16229,16230,21.900
16230,16229,21.900
16230,16231,30.028
16230,16510,49.334
16231,16230,30.028
16232,16511,26.868
16233,10509,21.899
16233,14776,91.934
16233,16234,73.830
16234,16233,73.830
16235,6913,16.189
16235,6917,27.956
16235,16236,57.406
16236,6913,39.841
16236,6922,0.605
16236,16235,57.406
16237,1303,47.203
16237,1312,2.797
16237,1476,33.143
16238,1314,27.672
16238,16444,61.274
16238,16515,26.331
16238,17030,16.254
16239,14776,19.739
16239,16240,25.904
16239,16485,10.079
16240,16239,25.904
16241,12365,55.061
16241,16242,72.994
16241,16243,57.315
16242,16241,72.994
16243,16241,57.315
16243,16244,51.808
16244,683,1.493
16244,16243,51.808
16245,815,107.622
16245,16246,32.625
16245,16247,49.095
16246,16245,32.625
16247,12358,43.603
16247,16245,49.095
16247,16248,28.874
16248,16247,28.874
16249,1325,46.481
16249,16250,38.166
16250,16249,38.166
16251,15435,43.403
16252,593,21.399
16252,12358,140.326
16252,16253,62.164
16253,16252,62.164
16254,9952,20.219
16255,16258,20.152
16255,16259,31.314
16255,16262,7.708
16255,17575,31.534
16256,4398,30.112
16257,771,33.309
16257,893,65.398
16257,16921,87.104
16258,9951,32.426
16258,9952,67.236
16258,16255,20.152
16259,16255,31.314
16259,16260,50.722
16259,16261,9.276
16260,9951,67.466
16260,11733,22.134
16260,16259,50.722
16261,16259,9.276
16262,16255,7.708
16263,1212,39.129
16263,1220,47.930
16263,1222,21.975
16264,2401,24.307
16264,15239,65.678
16264,16265,100.137
16265,2236,58.860
16265,16264,100.137
16265,16976,43.201
16266,4503,14.665
16266,9633,33.999
16266,16267,52.909
16267,16266,52.909
16268,2188,31.032
16268,2193,14.214
16268,16269,57.128
16269,16268,57.128
16270,12852,68.772
16270,12853,18.624
16270,12855,72.763
16271,14608,35.394
16271,16272,77.920
16272,1030,141.773
16272,14607,20.684
16272,16271,77.920
16273,12632,19.467
16273,12854,36.259
16273,12857,26.665
16274,4498,5.346
16274,4522,61.981
16274,16275,70.361
16275,16274,70.361
16276,12304,31.475
16276,12867,30.656
16276,16277,41.319
16277,16276,41.319
16278,12867,44.309
16279,13057,38.971
16279,16280,24.616
16279,16760,13.237
16280,16279,24.616
16281,4522,43.677
16281,12852,13.064
16281,16282,37.527
16282,16281,37.527
16283,680,53.001
16283,741,51.461
16283,16919,66.942
16284,676,12.545
16284,4557,19.253
16284,16285,56.997
16285,16284,56.997
16286,12042,45.434
16286,12043,12.009
16286,16287,73.804
16287,16286,73.804
16288,9897,45.338
16288,16289,32.340
16288,16290,68.187
16289,16288,32.340
16290,9894,73.035
16290,16288,68.187
16290,16291,47.382
16291,16290,47.382
16292,1193,172.537
16292,16293,44.619
16293,16292,44.619
16294,9524,14.716
16294,12408,24.021
16294,16295,166.615
16295,9522,57.544
16295,16294,166.615
16295,17495,38.895
16296,2713,52.955
16297,7873,85.454
16297,7876,55.335
16297,16298,63.806
16298,7889,90.480
16298,7899,47.147
16298,16297,63.806
16299,9757,119.683
16299,15447,54.401
16299,16300,39.403
16300,16299,39.403
16301,12930,11.619
16301,12931,124.502
16301,16302,51.277
16302,16301,51.277
16303,2146,26.929
16303,2253,69.321
16303,16304,21.959
16304,16303,21.959
16305,16306,111.022
16305,17577,74.470
16306,16305,111.022
16307,452,65.625
16307,8586,81.681
16307,16308,74.129
16308,16307,74.129
16309,5117,7.838
16309,5135,82.610
16309,16310,51.976
16310,16309,51.976
16311,5139,58.865
16311,13832,20.396
16311,16312,30.889
16312,16311,30.889
16313,5282,18.889
16314,9753,21.214
16314,9754,9.549
16314,16315,27.649
16315,16314,27.649
16316,9750,140.723
16316,12930,22.749
16316,16780,43.666
16317,9758,54.185
16317,16318,126.504
16317,16330,94.043
16317,16331,115.588
16318,16317,126.504
16319,737,28.927
16319,796,12.526
16319,16320,28.565
16320,16319,28.565
16321,4516,25.696
16321,4520,28.559
16321,17071,4.266
16322,3850,96.155
16322,3856,29.084
16322,3876,43.490
16323,3878,74.939
16323,3889,96.946
16323,16324,28.856
16324,16323,28.856
16325,559,73.955
16325,5344,4.304
16325,16326,39.720
16326,14083,24.331
16326,14085,27.041
16326,16325,39.720
16326,16327,35.449
16327,5333,12.083
16327,16326,35.449
16327,16471,14.842
16328,9639,20.550
16328,9753,96.186
16328,13860,48.385
16329,4518,49.682
16330,16317,94.043
16330,16331,54.380
16330,17121,13.693
16331,16317,115.588
16331,16330,54.380
16331,17843,35.526
16332,5438,18.771
16332,5463,35.609
16332,16333,28.729
16333,16332,28.729
16333,16334,37.882
16333,16335,35.407
16334,5440,51.391
16334,5463,28.397
16334,16333,37.882
16335,5438,42.149
16335,5439,70.001
16335,16333,35.407
16336,9754,131.856
16336,12930,10.733
16336,17843,112.244
16337,5724,14.101
16337,5752,15.418
16337,16338,26.615
16338,5752,39.842
16338,5755,1.130
16338,16337,26.615
16339,4495,59.781
16339,12633,78.062
16339,16340,72.779
16340,3501,35.709
16340,4495,56.923
16340,16339,72.779
16341,9647,27.110
16341,9648,49.923
16341,16342,121.566
16342,16341,121.566
16343,5430,7.481
16343,5436,41.534
16343,16344,38.211
16344,5443,44.839
16344,5453,11.134
16344,16343,38.211
16345,9379,3.311
16345,16739,45.233
16346,16566,19.824
16347,5441,35.428
16347,5460,14.636
16347,16348,102.207
16348,5471,80.280
16348,5477,34.149
16348,16347,102.207
16348,16349,58.876
16349,5470,12.242
16349,5569,3.780
16349,16348,58.876
16350,5470,5.598
16350,5574,22.100
16350,16351,31.718
16351,16350,31.718
16352,5476,27.454
16353,716,31.284
16353,752,21.485
16353,16354,44.778
16354,16353,44.778
16355,630,13.909
16355,4538,42.237
16355,4562,106.576
16356,565,14.662
16356,4299,42.105
16356,4584,50.845
16357,5406,10.127
16357,5412,113.067
16357,5415,35.993
16358,8275,121.142
16358,8316,37.376
16358,12086,54.761
16359,8239,2.066
16359,8338,61.892
16359,12895,74.129
16360,12370,62.928
16360,12683,5.361
16360,14641,88.730
16361,603,72.812
16361,649,87.445
16361,4320,28.736
16362,565,33.386
16362,4323,13.563
16362,16363,83.166
16363,4317,12.565
16363,16362,83.166
16363,16364,37.156
16364,4299,21.789
16364,4573,32.587
16364,16363,37.156
16365,4314,29.205
16365,4325,15.608
16365,16369,22.346
16366,16369,19.247
16367,4328,30.461
16367,4329,61.208
16367,16368,40.530
16368,4314,21.474
16368,4324,19.828
16368,16367,40.530
16368,16369,31.274
16369,16365,22.346
16369,16366,19.247
16369,16368,31.274
16370,850,23.797
16370,4384,90.151
16370,16371,38.384
16371,14071,67.698
16371,14072,19.116
16371,16370,38.384
16372,12604,29.866
16372,12605,147.283
16372,16374,30.160
16373,9495,43.027
16373,13181,111.503
16373,16374,19.106
16373,16607,46.895
16374,16372,30.160
16374,16373,19.106
16374,16375,26.807
16375,16374,26.807
16376,13222,130.469
16376,16377,25.180
16377,4235,22.575
16377,13934,69.375
16377,16376,25.180
16378,9902,108.018
16378,16379,50.610
16379,12635,140.492
16379,16378,50.610
16379,16884,85.024
16380,4346,115.035
16381,4203,13.317
16381,4264,22.296
16381,16382,59.344
16382,4251,87.222
16382,4264,34.022
16382,16381,59.344
16383,4278,61.853
16383,4281,43.380
16383,4283,38.775
16383,16384,45.460
16384,4250,44.182
16384,4258,11.683
16384,16383,45.460
16385,13935,14.316
16386,8073,149.247
16386,8098,35.367
16386,14585,11.572
16387,7644,60.023
16387,7680,17.776
16387,16388,45.970
16388,16387,45.970
16389,6248,102.971
16390,12045,20.695
16390,12046,143.578
16390,16474,107.298
16391,4876,39.252
16391,4893,8.132
16391,16392,49.891
16392,12488,79.800
16392,15983,32.948
16392,16391,49.891
16393,7018,45.408
16393,7026,91.696
16393,7038,68.275
16394,1557,43.172
16395,573,47.809
16395,5059,1.350
16395,16396,65.212
16396,5062,122.711
16396,5067,40.456
16396,16395,65.212
16397,12597,109.827
16398,4954,91.605
16399,16400,51.987
16400,16399,51.987
16401,12895,155.009
16402,12154,64.994
16403,12890,85.734
16403,15466,102.035
16403,16404,32.557
16404,12888,85.608
16404,15467,109.337
16404,16403,32.557
16404,16405,25.064
16405,13163,69.189
16405,16404,25.064
16406,13165,86.196
16406,14690,194.957
16406,16407,40.286
16407,16406,40.286
16408,1297,47.713
16408,2430,49.588
16408,15677,85.022
16409,8231,43.512
16409,8296,40.782
16409,16410,50.673
16410,12894,44.057
16410,16409,50.673
16410,16411,27.561
16411,16410,27.561
16412,14514,62.086
16413,4016,53.284
16413,4017,37.653
16413,15713,31.692
16414,6759,60.852
16414,6813,49.573
16414,11699,143.034
16415,9420,54.190
16415,9422,65.925
16415,9424,90.437
16416,9444,22.208
16416,9445,15.113
16416,16417,107.124
16417,5020,19.050
16417,5023,26.447
16417,16416,107.124
16418,9427,69.525
16418,9430,23.247
16418,9434,46.641
16419,16420,11.973
16420,6259,66.866
16420,16419,11.973
16420,16421,13.093
16421,16420,13.093
16422,16423,53.805
16423,16422,53.805
16424,9359,164.316
16424,15297,39.989
16424,16425,60.207
16425,12266,80.156
16425,15298,38.344
16425,16424,60.207
16426,11569,112.752
16426,16427,24.748
16427,16426,24.748
16428,12263,67.634
16428,16429,22.138
16428,16432,17.498
16429,16428,22.138
16430,9356,51.903
16430,11569,100.571
16430,16431,36.513
16431,16430,36.513
16432,13577,34.693
16432,16428,17.498
16432,16433,27.693
16433,16432,27.693
16434,13074,27.745
16434,13078,26.019
16434,16435,28.066
16435,13075,30.385
16435,13610,29.666
16435,16434,28.066
16436,9340,42.436
16436,9347,99.970
16436,16437,42.501
16437,16436,42.501
16438,11941,32.858
16438,16439,96.582
16438,16441,52.859
16439,11940,30.016
16439,16438,96.582
16439,16570,115.547
16440,9243,79.319
16440,11826,87.421
16440,16441,62.268
16441,11939,67.708
16441,16438,52.859
16441,16440,62.268
16442,11986,92.501
16442,11989,20.059
16442,16443,93.445
16443,11990,33.150
16443,16442,93.445
16444,1303,50.189
16444,1339,30.401
16444,16238,61.274
16445,579,37.095
16446,12879,22.365
16446,14370,19.112
16446,15577,44.319
16447,9574,18.843
16447,14405,155.167
16448,14843,17.316
16448,16450,128.182
16449,532,69.501
16450,9566,9.274
16450,14842,105.563
16450,16451,70.324
16451,9533,10.068
16451,14841,162.680
16451,16452,63.811
16452,9570,135.578
16452,9571,9.888
16452,16453,70.431
16453,9570,195.995
16453,9574,9.659
16453,16454,67.551
16454,537,6.530
16454,9577,34.542
16455,13459,62.113
16456,11010,84.391
16456,11013,51.433
16456,15701,23.587
16456,16457,50.432
16457,3080,115.564
16457,3086,87.858
16457,16456,50.432
16458,14099,23.080
16458,17669,15.086
16459,9425,45.792
16459,16475,12.175
16459,17669,32.166
16460,12309,36.777
16461,12163,38.851
16461,15077,48.854
16461,16463,66.992
16462,16463,20.288
16463,16461,66.992
16463,16462,20.288
16463,16464,62.289
16464,12058,19.133
16464,15092,68.861
16464,16463,62.289
16465,14235,44.722
16465,14236,110.956
16465,17481,33.400
16466,14258,76.061
16466,14261,9.764
16466,14262,35.098
16467,16468,275.526
16468,16467,275.526
16469,9901,33.910
16470,3526,74.194
16470,3529,129.489
16470,13890,47.409
16471,13904,22.563
16471,16327,14.842
16471,16472,35.232
16472,5340,9.694
16472,16471,35.232
16472,17749,26.405
16473,14034,81.791
16473,14035,27.650
16473,14036,44.907
16474,16390,107.298
16475,16459,12.175
16476,856,114.016
16476,4669,90.305
16477,15081,93.971
16478,12774,11.573
16478,12775,9.438
16479,11149,72.741
16479,14679,94.500
16479,16480,33.229
16480,16479,33.229
16481,8119,88.470
16482,14713,68.113
16482,16483,37.729
16482,16519,44.726
16483,16482,37.729
16484,6588,103.433
16484,6592,77.224
16484,15809,65.226
16485,16239,10.079
16485,16486,40.917
16485,16877,23.729
16486,16485,40.917
16487,15946,19.827
16487,15953,24.587
16488,10854,55.210
16488,10855,29.687
16488,13256,3.269
16489,3498,128.619
16490,4502,5.980
16491,7987,11.469
16492,7990,15.085
16493,3420,150.469
16494,16863,74.514
16495,12579,6.123
16496,17846,225.747
16497,9819,28.602
16498,9818,28.675
16499,14832,113.173
16500,7731,45.737
16501,7709,17.852
16502,16504,9.832
16503,541,9.972
16504,16506,9.587
16505,9455,22.766
16505,14867,9.788
16506,14868,167.295
16507,16503,10.149
16508,16509,8.053
16508,16510,71.064
16509,1817,109.847
16509,10552,130.495
16509,16508,8.053
16510,983,6.625
16510,16230,49.334
16510,16511,23.498
16511,16232,26.868
16511,16512,16.155
16512,16220,37.981
16512,16228,66.680
16513,1320,6.981
16513,1359,23.010
16513,16514,69.889
16514,1286,5.891
16514,1314,27.649
16514,16515,34.511
16515,1339,58.887
16515,16238,26.331
16516,1356,122.404
16516,14602,10.604
16517,287,10.622
16517,16544,7.788
16518,10419,68.776
16518,10420,49.102
16518,16991,52.724
16519,9369,98.427
16519,14714,4.698
16519,16482,44.726
16520,10740,21.049
16520,10874,47.435
16520,14611,140.267
16521,3198,48.613
16521,3208,74.764
16521,3227,45.492
16522,11723,35.048
16523,38,52.594
16524,11721,3.904
16525,15414,34.409
16526,58,7.949
16527,11719,145.459
16528,17773,26.303
16529,4884,145.169
16530,12252,49.551
16531,14607,25.495
16532,14929,14.907
16532,16534,33.320
16533,14930,19.845
16534,1525,33.450
16535,12584,16.503
16536,7509,39.744
16537,14867,18.532
16538,7737,54.041
16539,9390,91.271
16540,9335,7.637
16540,16620,19.279
16541,16540,21.178
16542,11565,109.400
16543,9335,18.042
16544,15428,89.498
16545,14602,3.978
16546,111,21.079
16547,12733,62.818
16548,12572,145.838
16549,14861,24.176
16550,2888,221.432
16551,9413,105.102
16552,9415,34.771
16553,13357,45.721
16554,12915,49.901
16555,13588,32.075
16555,13664,104.594
16556,11955,18.434
16557,11984,32.575
16558,7726,96.566
16559,5985,27.055
16560,39,185.029
16561,9391,24.406
16562,52,85.497
16563,11728,31.352
16564,11622,90.401
16565,136,36.397
16566,16567,15.388
16567,7716,40.983
16568,16565,15.527
16569,10801,77.833
16570,9240,957.094
16570,11939,85.690
16570,16439,115.547
16571,11084,83.922
16572,11089,59.721
16572,11101,69.145
16573,11029,50.339
16573,11042,25.538
16574,11070,34.941
16575,300,7.880
16576,6616,39.056
16577,3299,74.757
16577,14509,59.647
16578,15956,13.544
16579,245,161.499
16579,1086,33.268
16579,15628,91.426
16580,1625,27.309
16580,16581,23.615
16581,16580,23.615
16582,4825,60.588
16583,4748,44.140
16584,16612,45.302
16585,1647,111.063
16585,16586,7.973
16585,16588,20.944
16586,1636,9.355
16586,15717,32.923
16586,16585,7.973
16587,16588,20.503
16588,1641,39.321
16588,16585,20.944
16588,16587,20.503
16589,16590,70.354
16590,269,72.720
16590,1894,20.904
16590,16589,70.354
16591,1891,23.629
16592,14997,54.615
16593,1880,85.648
16594,1833,97.424
16594,1852,58.430
16595,1831,56.614
16595,1849,66.404
16595,1861,50.698
16596,15487,46.448
16597,15487,103.023
16598,16599,59.372
16598,16604,15.257
16599,16598,59.372
16599,16600,22.359
16599,17611,20.610
16600,15292,13.775
16600,15293,33.989
16600,16599,22.359
16601,1678,70.568
16601,15738,23.259
16602,15742,36.927
16603,15290,63.582
16604,1824,27.824
16604,15290,47.482
16605,12902,49.327
16605,13846,97.942
16605,15486,8.184
16606,9612,130.539
16606,9616,45.127
16606,12045,75.606
16607,16373,46.895
16608,12344,14.102
16608,12671,216.513
16608,16609,12.910
16609,16608,12.910
16610,2763,58.528
16610,2771,86.913
16610,2778,278.605
16611,12382,47.213
16611,12390,44.657
16611,12391,50.001
16612,5280,55.100
16612,16584,45.302
16613,5284,48.760
16614,2761,176.796
16614,2765,10.488
16614,17557,76.267
16615,5868,31.644
16615,16065,38.626
16615,16616,27.927
16616,16615,27.927
16617,14107,25.731
16618,4280,6.377
16618,5408,67.520
16618,16619,28.805
16619,16618,28.805
16620,14991,53.914
16621,16543,55.515
16622,15856,18.413
16623,16624,70.338
16624,6866,68.883
16624,6884,183.595
16624,16623,70.338
16625,7902,161.871
16626,7906,240.981
16627,17740,16.945
16628,17743,26.730
16629,6700,63.258
16630,5114,12.272
16630,5127,13.826
16630,16631,35.646
16631,16630,35.646
16632,11648,37.600
16633,12486,39.984
16633,12487,58.460
16634,17013,22.592
16635,6699,11.172
16635,6712,57.856
16635,16636,30.622
16636,16635,30.622
16637,10119,60.032
16637,10795,104.087
16637,17664,12.988
16638,14065,94.161
16639,9892,53.029
16640,2903,55.856
16640,2935,51.436
16641,2947,86.124
16641,2949,143.581
16641,11884,2.006
16642,7192,17.663
16642,7193,52.086
16642,15825,104.640
16643,517,16.770
16643,16644,115.743
16644,1105,41.830
16644,16645,16.868
16644,16646,23.145
16645,517,115.926
16645,16644,16.868
16646,493,17.695
16646,14817,87.236
16647,10243,24.376
16648,4385,16.463
16648,16649,15.843
16649,4365,17.883
16649,4387,27.557
16649,16648,15.843
16650,9392,4.857
16650,17272,52.711
16651,14996,336.406
16651,16650,9.460
16652,232,219.558
16652,17742,67.922
16653,11991,33.586
16654,11038,160.179
16655,11029,173.569
16656,15066,129.112
16656,15069,61.564
16656,15070,29.702
16657,3034,23.164
16657,3045,38.429
16657,16658,63.429
16658,16657,63.429
16659,10868,7.386
16659,13268,9.981
16659,16660,40.592
16660,16659,40.592
16661,16662,43.747
16662,16661,43.747
16662,16663,21.357
16662,16664,25.776
16663,16662,21.357
16664,6465,21.190
16664,16662,25.776
16664,16665,21.722
16665,16664,21.722
16666,10152,41.458
16667,10159,76.637
16667,10667,9.798
16667,16670,32.967
16668,6396,55.203
16668,6441,5.950
16668,16669,51.354
16669,16668,51.354
16670,16667,32.967
16671,6482,68.554
16671,6485,34.877
16671,16672,40.597
16672,16671,40.597
16673,6045,6.416
16674,6053,7.294
16674,9394,10.390
16675,701,57.750
16676,17280,40.511
16677,198,88.419
16677,8047,59.461
16677,12860,90.197
16678,8591,118.247
16678,16679,30.253
16678,17279,11.625
16679,8585,88.313
16679,16678,30.253
16679,17278,12.373
16680,8574,76.623
16681,8574,125.714
16681,16682,76.716
16682,16681,37.681
16683,9996,70.385
16683,14007,25.871
16683,16684,41.002
16684,14031,31.282
16684,16683,41.002
16685,14387,54.732
16686,466,121.647
16686,10188,103.230
16686,12517,9.243
16687,13174,10.119
16687,16688,54.918
16687,16897,17.921
16687,16899,57.980
16688,16687,54.918
16689,7563,52.621
16689,7574,10.012
16689,7580,33.487
16690,7640,65.309
16690,7668,45.342
16690,7677,55.699
16691,1694,69.485
16691,1695,29.573
16691,1716,77.225
16692,1707,31.104
16693,1690,52.748
16693,1709,45.305
16693,1738,24.243
16694,1316,34.884
16694,1341,156.224
16694,1751,49.512
16695,7164,7.173
16695,7173,26.599
16695,16696,45.631
16696,7162,31.350
16696,7170,29.615
16696,16695,45.631
16697,7194,66.735
16697,14952,243.732
16697,16698,75.638
16698,16697,75.638
16699,8879,24.237
16699,11552,321.155
16700,15980,41.959
16700,16699,295.809
16701,655,54.152
16701,15864,22.574
16701,16702,102.048
16702,16701,102.048
16703,15386,12.091
16703,16704,37.978
16703,16705,33.235
16704,16703,37.978
16705,15387,21.642
16705,16180,94.050
16705,16703,33.235
16706,813,40.633
16707,13841,91.246
16707,15953,9.445
16707,16708,34.639
16708,16707,34.639
16709,10382,43.361
16710,9270,36.907
16711,16712,48.102
16712,3590,52.110
16712,9004,55.998
16712,16711,48.102
16713,9098,17.756
16713,9141,39.015
16713,9186,28.845
16714,9145,55.898
16714,11980,245.429
16714,16715,49.868
16715,16714,49.868
16716,7083,46.025
16716,7084,1.227
16716,14960,46.361
16717,6982,141.951
16717,7002,107.890
16717,7272,36.290
16718,13244,47.681
16719,7000,33.521
16719,7279,47.902
16719,16720,58.557
16720,7285,30.569
16720,7289,22.445
16720,16719,58.557
16721,12349,90.080
16722,9984,32.203
16722,14026,2.810
16722,16723,61.457
16723,16722,61.457
16724,11368,8.900
16725,6142,12.647
16726,13290,40.339
16727,8333,237.109
16728,9009,75.818
16728,9010,44.378
16728,9011,113.284
16729,13608,93.162
16730,7178,9.028
16731,8389,43.784
16732,989,151.349
16732,1033,99.355
16732,1044,18.551
16733,3977,4.453
16734,16735,10.465
16734,16736,22.732
16735,3786,20.919
16735,3800,22.385
16735,16734,10.465
16736,3800,11.033
16736,16734,22.732
16737,11572,145.249
16737,12266,60.355
16737,12267,137.136
16738,1539,42.600
16739,16345,45.233
16740,86,89.891
16740,3055,65.287
16740,16838,73.449
16741,1874,43.102
16741,15697,42.932
16741,15698,17.121
16742,734,28.520
16742,735,22.433
16742,3519,13.878
16743,801,10.230
16743,3525,67.371
16743,15040,83.104
16744,3522,62.408
16744,13932,17.813
16744,16745,38.092
16745,628,24.083
16745,3514,48.653
16745,16744,38.092
16746,631,42.294
16746,3515,35.651
16746,3517,61.817
16747,226,63.837
16747,804,172.687
16747,3517,52.444
16748,10114,10.683
16748,16749,39.517
16749,9660,88.492
16749,16748,39.517
16750,16751,19.910
16751,16750,19.910
16751,16752,26.800
16751,16755,40.754
16752,16751,26.800
16752,16753,17.052
16752,16754,30.502
16753,16752,17.052
16754,16752,30.502
16754,16755,36.395
16755,725,17.519
16755,16751,40.754
16755,16754,36.395
16756,3517,41.404
16757,13670,82.584
16758,10335,22.821
16758,10340,29.691
16758,12464,15.396
16759,6967,35.613
16760,11668,21.020
16760,16279,13.237
16760,16761,62.605
16761,16760,62.605
16762,13742,109.769
16763,1674,45.076
16764,12119,26.609
16765,9270,47.611
16765,13056,27.809
16765,16766,23.203
16765,16767,33.076
16766,16765,23.203
16767,16765,33.076
16768,14372,9.232
16768,16769,65.136
16768,16770,17.135
16769,16768,65.136
16770,9564,87.558
16770,16768,17.135
16770,16771,48.540
16771,16770,48.540
16772,12820,138.847
16772,13664,25.908
16772,16773,179.705
16773,16772,179.705
16774,9864,12.366
16774,13055,27.341
16774,16775,35.979
16775,16774,35.979
16776,2996,78.239
16776,2998,95.011
16776,9654,117.806
16777,17810,115.130
16777,17811,113.385
16778,1864,16.653
16779,12096,15.371
16780,16316,43.666
16781,9762,94.449
16782,12913,354.700
16782,16139,26.860
16783,1103,156.827
16784,3929,7.148
16785,3721,53.887
16786,3715,88.803
16787,8221,46.118
16788,12005,35.541
16789,12235,137.398
16790,13002,25.208
16791,13002,53.412
16792,6338,68.075
16792,6347,25.798
16792,6379,14.734
16792,15029,26.497
16793,11150,67.540
16793,11187,19.884
16793,16794,46.027
16794,16793,46.027
16795,13736,27.235
16795,16796,25.936
16795,16797,29.737
16796,13737,26.770
16796,16795,25.936
16796,16798,29.868
16797,15570,22.695
16797,16795,29.737
16797,16798,26.143
16798,15571,22.507
16798,16796,29.868
16798,16797,26.143
16799,13232,67.036
16800,6811,22.290
16800,6818,94.232
16800,6819,66.825
16801,3348,77.314
16802,6820,68.795
16802,11706,53.529
16803,118,65.927
16803,6860,87.344
16803,17154,3.232
16804,10918,87.866
16804,10919,47.570
16804,10920,34.910
16805,10916,5.313
16805,10917,2.653
16805,10918,32.509
16806,10917,79.118
16806,15269,63.443
16806,16807,4.061
16807,10917,78.453
16807,11830,208.783
16807,16806,4.061
16808,10924,89.196
16808,10931,15.325
16808,14442,202.053
16809,10926,42.433
16809,10929,6.602
16809,10934,9.519
16810,10922,59.233
16810,10928,43.034
16810,10938,90.952
16811,13929,75.338
16811,16812,21.141
16812,16811,21.141
16813,8864,87.012
16813,8866,47.565
16813,16815,92.745
16814,10491,38.800
16815,8843,52.696
16815,8860,84.917
16815,16813,92.745
16816,1048,5.432
16816,1271,45.431
16816,1488,51.739
16817,10149,109.361
16817,10737,129.409
16817,10867,16.273
16818,9155,37.274
16819,12230,12.539
16820,1418,95.397
16820,10837,45.631
16820,11626,64.239
16821,16822,44.992
16822,13054,34.513
16822,15476,53.599
16822,16821,44.992
16823,15591,11.764
16824,15590,21.227
16824,15593,35.594
16824,16825,48.396
16825,10309,18.084
16825,15591,21.845
16825,16824,48.396
16826,13049,88.095
16827,13052,11.404
16827,13053,56.077
16827,13709,39.286
16828,13656,55.906
16829,13590,17.362
16830,1513,142.202
16830,1517,36.688
16831,12844,20.045
16832,12847,41.130
16833,12845,36.821
16834,6316,40.476
16834,6317,11.231
16834,16835,78.610
16835,77,22.934
16835,6331,39.376
16835,16834,78.610
16836,15608,13.216
16837,15605,22.714
16837,15608,58.254
16838,16740,73.449
16839,13776,67.388
16840,12788,24.946
16841,11665,22.518
16842,4781,16.549
16842,4788,78.139
16842,4797,56.042
16843,12813,31.137
16843,15541,32.303
16843,16844,34.872
16844,13974,34.647
16844,13976,30.318
16844,16843,34.872
16845,9431,44.219
16846,9437,50.071
16846,16847,28.290
16846,16848,10.699
16847,16846,28.290
16848,16846,10.699
16849,4658,42.248
16849,4675,28.099
16849,4685,44.955
16850,5224,52.501
16851,333,19.116
16851,16852,113.885
16852,16851,113.885
16853,11092,20.894
16854,16855,18.917
16855,11105,31.099
16855,16854,18.917
16856,7021,0.626
16857,8886,75.542
16857,9722,16.925
16857,12169,385.057
16858,2662,35.000
16858,2692,87.788
16859,3629,34.991
16859,3648,5.716
16859,17470,18.512
16860,9905,31.536
16861,9914,88.172
16861,9915,66.021
16861,15378,51.088
16862,16863,13.543
16862,16866,6.311
16862,16867,99.073
16863,16494,74.514
16863,16862,13.543
16863,16865,16.045
16864,16865,12.627
16865,16863,16.045
16865,16864,12.627
16865,16866,34.597
16866,9913,22.940
16866,16862,6.311
16866,16865,34.597
16867,16862,99.073
16868,9256,25.482
16868,11914,83.244
16869,12416,82.566
16870,11657,54.944
16870,13022,101.814
16870,14040,19.042
16871,11912,31.966
16871,11913,98.648
16871,16872,35.239
16872,16871,35.239
16873,13187,18.237
16874,2396,31.279
16874,2402,27.210
16875,3844,70.178
16875,3859,144.475
16875,3861,41.036
16876,14803,78.391
16876,16855,70.182
16877,10510,56.967
16877,16485,23.729
16877,16878,48.094
16878,16877,48.094
16879,16880,26.476
16880,10510,43.481
16880,11673,14.813
16880,16879,26.476
16881,4335,31.944
16881,4343,11.196
16881,16882,53.723
16882,16881,53.723
16883,8474,42.608
16883,8512,91.428
16884,549,42.675
16884,16379,85.024
16884,16885,35.585
16885,16884,35.585
16886,1635,39.337
16886,1637,60.893
16886,1685,27.404
16887,1873,33.463
16888,9630,416.814
16888,12430,130.592
16888,16889,42.594
16889,16888,42.594
16890,9618,40.147
16890,13512,73.222
16890,16891,26.177
16891,16890,26.177
16892,1664,31.087
16892,1682,23.955
16892,1687,18.085
16893,9361,112.906
16893,12265,59.239
16893,14613,72.360
16893,15297,73.957
16894,15456,16.922
16894,16895,52.119
16894,16896,58.928
16894,16897,17.593
16895,16894,52.119
16896,16894,58.928
16897,16687,17.921
16897,16894,17.593
16897,16898,43.907
16897,16900,58.390
16898,16897,43.907
16899,16687,57.980
16900,16897,58.390
16901,15456,46.355
16901,15457,12.126
16901,16902,62.055
16902,10025,75.069
16902,15455,10.536
16902,16901,62.055
16903,3358,48.705
16903,16904,39.285
16903,16905,31.407
16904,15495,118.893
16904,16903,39.285
16905,16906,38.437
16906,16904,17.877
16907,10025,59.645
16908,15456,57.935
16909,9160,31.254
16909,9165,6.389
16909,16910,46.680
16910,16909,46.680
16911,12262,19.401
16911,12269,113.156
16911,16912,76.824
16912,12268,43.529
16912,12269,32.247
16912,16911,76.824
16913,12422,100.471
16913,12850,260.436
16913,14226,34.698
16914,1642,65.804
16914,1691,107.331
16915,3009,62.218
16916,542,6.589
16916,1128,64.675
16916,1132,57.056
16917,539,3.040
16917,1142,137.317
16918,1696,40.298
16919,16283,66.942
16920,869,13.398
16921,570,103.149
16921,646,39.957
16921,16257,87.104
16922,6901,56.409
16922,6903,46.690
16922,6904,66.289
16923,1137,46.405
16923,1175,4.929
16923,1594,72.926
16924,7402,135.592
16924,7409,30.478
16925,10016,42.593
16926,1279,16.266
16927,9199,113.980
16928,1260,57.641
16929,339,11.439
16929,468,105.211
16929,14598,74.564
16930,11104,10.481
16930,11109,95.926
16930,11110,42.316
16931,11137,112.640
16931,11810,27.205
16931,17170,72.354
16932,155,66.297
16933,10266,29.158
16933,13783,72.174
16933,13784,32.192
16934,13674,21.409
16934,13686,28.902
16934,16935,38.077
16935,11798,26.363
16935,13065,29.798
16935,16934,38.077
16936,10557,74.584
16936,11733,15.721
16936,16937,43.476
16937,10557,68.626
16937,16936,43.476
16937,16938,27.854
16938,16937,27.854
16939,13508,81.428
16940,7850,11.415
16941,16942,134.510
16942,396,64.058
16942,16941,134.510
16943,7858,76.392
16943,7860,29.329
16944,15470,57.383
16945,3237,16.241
16945,3296,39.302
16946,3237,90.306
16946,3282,47.527
16947,3206,12.789
16947,3274,8.645
16947,3286,57.789
16948,3275,63.213
16948,3281,5.896
16948,3297,152.288
16949,9516,43.797
16949,9678,88.669
16949,16950,41.178
16950,16949,41.178
16950,16951,39.744
16951,16950,39.744
16952,10940,70.060
16953,1216,43.571
16953,15336,9.831
16953,15773,73.758
16954,14754,72.046
16954,15508,101.064
16954,16955,35.286
16955,16954,35.286
16956,8881,28.238
16956,16957,26.634
16956,16968,5.528
16957,13099,9.423
16957,16956,26.634
16957,16969,6.871
16958,13096,35.434
16959,9725,62.425
16959,13100,30.974
16959,16960,50.082
16960,16959,50.082
16961,241,115.054
16961,1219,53.240
16961,14310,34.722
16962,9955,161.519
16962,9956,66.827
16962,16963,106.592
16963,16962,106.592
16964,9949,22.251
16964,11735,49.212
16964,16965,115.785
16965,16964,115.785
16966,9606,94.284
16967,1446,135.653
16967,1530,10.471
16967,10586,39.598
16968,16956,5.528
16968,16969,26.492
16969,16957,6.871
16969,16968,26.492
16970,2294,13.273
16970,2303,64.491
16970,2373,34.538
16971,1241,107.486
16971,1288,37.489
16971,16973,25.388
16972,1247,70.154
16973,429,37.292
16973,1258,87.956
16973,16971,25.388
16974,1033,34.151
16974,1041,144.024
16974,9653,121.078
16975,15169,52.351
16976,2399,36.162
16976,2411,1.214
16976,16265,43.201
16977,3071,105.467
16977,16978,65.415
16978,16977,65.415
16979,11014,6.427
16979,11062,62.333
16979,16980,83.067
16980,16979,83.067
16981,481,46.023
16981,16982,50.169
16982,16981,50.169
16983,16981,35.946
16983,16984,70.936
16984,11290,19.317
16984,11339,86.731
16984,16983,70.936
16985,620,10.587
16985,755,42.819
16985,4715,28.134
16986,4702,73.160
16986,4723,62.283
16986,13004,37.714
16987,12654,64.692
16987,12655,85.359
16987,16988,48.776
16988,16987,48.776
16989,2642,97.009
16990,10286,6.036
16990,15349,79.703
16991,13583,69.029
16991,16518,52.724
16992,10375,20.849
16993,9960,23.919
16993,10416,38.910
16993,13597,74.032
16994,3632,36.959
16994,3752,45.093
16994,3765,147.483
16995,10317,16.519
16995,10318,24.019
16995,10412,124.262
16996,17001,189.726
16996,17004,22.810
16996,17006,72.241
16997,2001,28.075
16997,2003,58.275
16997,2035,72.102
16998,2041,34.099
16999,14298,35.647
17000,14298,22.376
17001,966,97.040
17001,16996,189.726
17002,344,34.884
17002,2346,27.383
17003,959,33.366
17004,966,72.439
17004,972,57.247
17004,16996,22.810
17005,952,9.895
17005,971,96.939
17005,972,46.986
17006,957,56.013
17006,974,38.049
17006,16996,72.241
17007,2274,32.897
17007,2276,55.582
17008,2275,41.383
17008,2285,97.442
17008,14944,4.009
17009,1991,63.002
17010,2479,71.069
17010,15294,13.612
17011,11960,90.411
17011,11961,90.441
17011,17012,32.451
17012,17011,32.451
17013,6259,52.122
17013,13901,19.736
17013,16634,22.592
17014,2456,36.291
17014,17015,71.136
17014,17526,15.731
17015,2485,24.993
17015,17014,71.136
17015,17016,16.562
17016,2486,15.950
17016,2487,130.698
17016,17015,16.562
17017,1768,15.157
17017,1772,55.146
17018,3731,67.335
17019,2472,36.018
17019,2473,37.789
17019,2481,48.394
17020,1766,32.163
17020,1768,81.074
17021,1762,57.515
17022,2805,29.036
17022,2812,68.495
17022,17024,33.582
17023,2805,23.823
17023,2821,77.356
17023,2823,16.557
17024,17022,33.582
17025,2790,85.159
17025,17026,52.166
17026,17025,52.166
17027,2842,95.993
17027,12956,218.974
17028,1141,143.776
17028,1580,83.575
17029,1580,105.398
17029,2869,142.246
17030,16238,16.254
17031,1353,8.212
17031,1491,103.315
17032,2268,80.745
17032,17033,14.956
17032,17522,76.789
17033,14942,87.609
17033,17032,14.956
17034,10213,45.716
17034,13279,36.813
17034,17035,13.393
17035,10132,65.900
17035,10133,63.197
17035,17034,13.393
17036,17037,33.211
17037,10870,48.826
17037,17036,33.211
17037,17038,9.250
17038,17037,9.250
17039,10867,87.622
17039,10871,53.590
17039,17040,53.244
17040,17039,53.244
17041,458,229.876
17041,1532,23.562
17041,17260,13.055
17042,1538,37.010
17043,11571,393.988
17043,12263,17.764
17043,17044,40.627
17044,17043,40.627
17045,7391,192.651
17045,13229,7.331
17045,13230,88.779
17046,6467,44.596
17046,17047,10.331
17046,17048,17.714
17047,17049,17.837
17048,6460,80.262
17048,17046,17.714
17049,17048,8.834
17050,6500,95.841
17051,9232,11.018
17051,9236,89.107
17051,12725,76.359
17052,12151,36.187
17053,183,4.505
17053,15402,48.189
17054,183,25.727
17055,12027,90.904
17055,13846,36.380
17055,17056,38.582
17056,17055,38.582
17057,13883,25.339
17058,4218,118.341
17058,4226,40.887
17058,17059,46.126
17059,17058,46.126
17060,4223,32.869
17060,4280,32.151
17060,14674,41.972
17061,4223,71.813
17061,4265,109.552
17061,17062,2.982
17062,14674,58.555
17062,17061,2.982
17063,4282,90.446
17064,17065,70.123
17065,15396,7.539
17065,17064,70.123
17065,17066,38.109
17066,17065,38.109
17066,17067,5.663
17067,10558,56.679
17067,15396,38.483
17067,17066,5.663
17068,3465,62.176
17068,3475,5.564
17068,17069,43.535
17069,17068,43.535
17070,818,16.125
17070,17076,42.128
17070,17077,45.663
17071,17072,25.644
17072,4516,3.776
17073,4520,26.236
17074,17075,70.856
17074,17076,17.377
17074,17078,7.606
17075,17074,70.856
17075,17078,26.167
17075,17079,47.133
17076,17070,42.128
17076,17074,17.377
17076,17077,25.084
17077,17070,45.663
17077,17076,25.084
17077,17079,23.978
17078,17074,7.606
17078,17075,26.167
17078,17079,25.144
17079,17075,47.133
17079,17077,23.978
17079,17078,25.144
17080,12761,136.510
17080,14617,52.444
17080,17081,44.185
17081,17080,44.185
17082,6261,267.670
17082,13084,22.561
17082,13902,90.407
17083,12302,42.418
17083,17084,120.721
17083,17089,51.291
17083,17091,32.483
17084,17083,120.721
17085,12281,12.353
17085,12285,109.775
17085,14284,60.700
17086,14288,105.279
17087,12297,6.800
17087,14288,18.932
17087,17088,99.877
17088,17087,99.877
17089,17083,51.291
17090,12303,92.665
17091,12303,20.376
17091,17083,32.483
17091,17092,45.027
17092,17091,45.027
17093,14284,51.480
17093,14285,85.742
17093,14287,48.111
17094,12301,169.812
17094,17095,38.316
17094,17097,24.525
17095,14554,3.082
17095,17094,38.316
17095,17096,157.077
17096,17095,157.077
17097,17094,24.525
17098,3778,19.792
17099,3918,58.927
17099,3926,72.696
17099,13461,32.790
17100,3852,68.036
17100,3869,49.607
17100,3877,89.561
17101,3874,70.839
17102,2562,63.150
17102,2564,114.399
17102,2601,64.032
17103,2650,100.564
17104,3776,46.028
17104,3781,35.941
17104,3788,110.240
17105,3776,26.226
17105,3781,17.335
17105,3782,116.039
17106,3781,144.384
17107,15655,20.663
17108,15653,21.658
17109,8216,22.432
17110,12479,20.146
17110,17111,104.910
17111,12478,7.378
17111,17110,104.910
17112,3810,61.241
17112,3836,51.165
17113,3813,43.508
17113,3818,120.569
17114,3840,24.968
17115,3956,2.267
17115,17116,23.035
17116,17115,23.035
17116,17735,41.951
17117,8238,60.388
17118,8269,94.069
17119,8283,108.454
17120,8531,47.066
17121,4515,25.617
17121,9637,17.362
17121,16330,13.693
17122,380,46.204
17122,548,222.549
17122,12178,68.319
17123,2324,9.231
17123,2445,77.359
17124,2352,7.594
17124,13438,9.884
17125,2778,12.496
17125,14848,35.809
17126,2781,8.437
17126,17127,14.861
17127,8571,22.292
17128,2781,14.798
17129,218,77.179
17129,14847,8.170
17130,487,98.571
17131,3484,10.954
17131,14511,210.215
17132,125,32.575
17132,5625,9.674
17133,662,87.762
17134,11718,57.216
17135,54,27.448
17136,11741,272.024
17137,658,15.885
17137,853,8.134
17137,867,48.602
17138,2014,67.748
17138,14904,15.620
17139,17653,16.520
17140,11694,433.527
17140,11695,32.067
17141,3102,106.400
17142,2204,42.661
17143,14883,26.776
17144,2971,69.229
17145,2845,67.154
17145,14863,11.775
17146,9649,41.648
17147,13233,16.047
17147,17148,18.410
17148,17147,18.410
17149,17147,10.096
17149,17151,4.873
17150,17151,4.975
17151,17149,4.873
17151,17150,4.975
17151,17152,3.831
17152,16024,4.961
17152,16025,59.305
17152,17151,3.831
17153,16033,27.802
17154,6861,41.390
17154,13235,21.357
17154,16803,3.232
17155,118,40.452
17155,6853,178.794
17155,17156,16.816
17156,6853,1.826
17156,17155,16.816
17156,17157,18.277
17157,17156,18.277
17158,58,235.017
17158,12647,93.183
17158,17161,29.657
17159,15868,63.617
17160,17161,102.156
17161,17158,29.657
17161,17160,102.156
17161,17162,168.920
17162,17161,168.920
17163,3054,21.702
17163,3063,72.007
17163,17164,50.635
17164,17163,50.635
17165,782,62.921
17165,17169,47.099
17166,3345,53.758
17166,17167,22.056
17166,17168,67.888
17167,12591,36.016
17167,17166,22.056
17168,670,21.441
17168,686,14.210
17168,17166,67.888
17169,17165,47.099
17170,11139,20.961
17170,14161,104.999
17170,16931,72.354
17171,2465,21.578
17171,2469,31.148
17171,13376,53.218
17172,12769,68.934
17173,17174,56.513
17174,16063,64.622
17174,17173,56.513
17174,17175,21.509
17175,17174,21.509
17176,16048,78.504
17177,11771,73.433
17177,11879,8.482
17177,17178,58.997
17178,17177,58.997
17179,9333,150.444
17179,9349,66.493
17179,17180,111.078
17180,9349,60.739
17180,9351,59.965
17180,17179,111.078
17181,7457,4.728
17181,7459,75.318
17181,7460,69.217
17182,6803,8.663
17183,6913,15.403
17184,6919,58.033
17185,2803,68.523
17185,17186,31.836
17186,2795,65.613
17186,2797,16.798
17186,17185,31.836
17187,17188,5.823
17187,17189,32.864
17188,2800,202.383
17188,17187,5.823
17189,15845,12.207
17190,1570,76.770
17190,17130,12.558
17191,13142,21.066
17191,15609,42.615
17191,15610,40.937
17192,2700,161.878
17192,2727,53.237
17193,14665,5.347
17193,17194,12.239
17194,12022,216.148
17194,12023,5.799
17195,9623,51.356
17195,13512,61.396
17195,17196,27.891
17196,17195,27.891
17197,12757,8.292
17197,17200,11.964
17197,17214,5.696
17198,10360,56.896
17198,17201,8.446
17198,17220,5.053
17199,12753,9.850
17199,17206,13.290
17199,17220,30.985
17200,12751,9.922
17200,17197,11.964
17200,17215,5.166
17201,17198,8.446
17201,17202,11.077
17201,17219,5.360
17202,12754,9.519
17202,17201,11.077
17202,17218,5.078
17203,12756,49.762
17203,17204,27.945
17203,17208,18.439
17204,17203,27.945
17204,17205,6.092
17204,17207,40.191
17205,17204,6.092
17205,17206,21.175
17205,17208,17.826
17206,12755,15.643
17206,17199,13.290
17206,17205,21.175
17207,12750,21.757
17207,12756,15.346
17207,17204,40.191
17208,17203,18.439
17208,17205,17.826
17208,17209,23.553
17209,17208,23.553
17210,17220,10.771
17211,10285,66.895
17211,10292,58.296
17211,10293,137.707
17212,13735,60.037
17213,12752,33.574
17213,12757,5.780
17213,17214,8.170
17214,17197,5.696
17214,17213,8.170
17214,17215,11.997
17215,17200,5.166
17215,17214,11.997
17215,17216,9.973
17216,12750,32.847
17216,12751,4.746
17216,17215,9.973
17216,17217,30.840
17217,12754,5.053
17217,12755,31.905
17217,17216,30.840
17217,17218,9.298
17218,17202,5.078
17218,17217,9.298
17218,17219,11.336
17219,17201,5.360
17219,17218,11.336
17219,17220,8.403
17220,17198,5.053
17220,17199,30.985
17220,17210,10.771
17220,17219,8.403
17221,116,140.536
17222,14602,12.596
17222,16517,12.291
17223,1549,212.457
17223,11905,18.305
17223,17225,5.615
17224,15617,132.777
17224,17227,8.349
17225,17223,5.615
17225,17226,140.554
17225,17836,28.105
17226,521,6.283
17226,522,250.947
17226,14827,124.104
17227,14827,5.129
17227,17762,9.188
17228,2493,8.110
17228,13369,61.804
17229,9465,48.080
17229,17230,45.179
17231,204,4.904
17232,2570,129.084
17232,17233,8.992
17233,2559,168.154
17233,2574,4.100
17234,2579,85.887
17234,17232,4.918
17235,2569,8.427
17235,13383,124.721
17236,14409,106.661
17236,15688,8.912
17237,34,8.790
17238,50,16.584
17238,4051,7.285
17239,34,4.248
17239,17240,34.877
17240,50,3.963
17240,17242,9.468
17241,17237,23.455
17242,17238,7.888
17243,2493,58.791
17243,13369,8.823
17244,3161,55.453
17244,3180,142.660
17245,11653,32.581
17246,17245,49.108
17246,17247,23.145
17247,3140,15.792
17248,1718,8.821
17248,15819,18.373
17248,17434,87.027
17249,1394,778.656
17250,488,18.713
17250,14819,47.800
17251,12920,82.767
17252,15220,84.680
17253,454,64.556
17254,17253,79.659
17255,14651,4.687
17256,11836,19.210
17256,17257,32.270
17257,476,297.534
17257,1533,208.199
17258,1533,338.838
17258,17259,28.962
17259,475,11.883
17259,1412,56.915
17260,475,9.045
17260,17041,13.055
17260,17258,22.747
17261,263,106.089
17261,17262,32.587
17262,264,20.363
17262,480,13.886
17263,3650,8.059
17263,13464,17.308
17264,6882,35.615
17265,11618,58.750
17265,17266,90.083
17266,11619,730.506
17267,550,5.286
17267,14953,6.869
17268,14769,17.374
17268,14771,71.878
17269,3413,73.030
17269,3527,75.737
17270,10409,24.532
17270,12590,11.809
17270,17441,192.331
17271,9392,52.721
17272,17741,7.365
17273,233,50.123
17273,17738,25.825
17274,205,525.023
17274,14959,7.710
17275,1348,9.717
17275,17276,50.090
17276,2676,6.331
17276,17275,50.090
17277,12161,60.872
17277,12162,27.392
17277,12884,39.724
17278,16679,12.373
17278,17279,32.477
17279,16678,11.625
17279,17278,32.477
17280,8006,71.363
17280,16676,113.361
17281,13202,85.120
17282,13201,39.927
17283,10875,61.587
17283,17284,26.518
17283,17285,28.188
17284,17283,26.518
17285,10739,90.472
17285,10740,50.406
17285,17283,28.188
17286,8678,134.931
17286,17287,34.108
17287,12921,132.596
17287,17286,34.108
17288,17289,58.551
17289,12946,5.916
17289,13766,26.523
17289,17288,58.551
17290,7639,70.988
17290,7710,56.790
17290,7713,51.787
17291,6034,40.704
17291,6048,87.807
17291,6053,52.376
17292,7662,31.311
17292,7672,64.042
17292,13227,22.997
17293,17294,52.691
17294,7792,64.933
17294,7793,60.568
17294,17293,52.691
17295,6442,5.206
17295,6457,33.505
17295,17296,89.143
17296,17295,89.143
17297,17298,62.271
17298,6406,31.023
17298,6408,44.396
17298,17297,62.271
17299,140,65.745
17299,5869,138.037
17299,17300,42.152
17300,17299,42.152
17301,146,32.779
17301,5924,30.074
17301,17302,71.909
17302,17301,71.909
17303,8655,28.429
17304,8647,45.521
17305,17306,39.878
17306,16065,26.720
17306,16066,15.473
17306,17305,39.878
17307,5780,48.291
17307,5813,17.203
17307,17308,16.210
17308,17307,16.210
17309,5853,47.662
17310,13338,59.265
17311,15675,102.385
17312,17313,58.655
17313,626,51.613
17313,639,49.914
17313,17312,58.655
17314,17315,22.557
17315,5371,143.808
17315,17314,22.557
17315,17331,48.815
17316,15619,6.783
17316,15620,29.827
17317,4225,16.934
17317,4262,44.675
17317,17318,34.415
17318,17317,34.415
17319,17320,42.714
17320,7517,29.419
17320,14535,26.847
17320,17319,42.714
17321,16193,33.375
17322,17323,34.855
17323,6854,83.272
17323,17322,34.855
17324,17711,102.656
17325,17326,44.114
17326,613,20.153
17326,6259,15.628
17326,17325,44.114
17327,6891,30.735
17327,6907,7.706
17327,17328,24.861
17328,17327,24.861
17329,17330,50.316
17329,17331,29.315
17330,5367,6.913
17330,15396,74.378
17330,17329,50.316
17331,5367,14.065
17331,17315,48.815
17331,17329,29.315
17332,5985,40.119
17332,17333,28.884
17333,17332,28.884
17334,5550,29.443
17334,5615,13.400
17334,5620,28.814
17335,9826,43.638
17335,13006,55.486
17335,13834,13.653
17335,17336,37.547
17336,12466,49.176
17336,13005,54.700
17336,17335,37.547
17337,13871,59.106
17338,17339,115.205
17339,855,15.820
17339,17338,115.205
17339,17345,15.196
17340,877,96.300
17341,12491,59.877
17342,11853,33.337
17342,12490,89.161
17342,17343,38.278
17343,17342,38.278
17344,17346,81.523
17345,4867,33.423
17345,17339,15.196
17345,17346,6.825
17346,17344,81.523
17346,17345,6.825
17347,4719,26.187
17347,4726,44.531
17347,17348,61.654
17348,4711,75.662
17348,17347,61.654
17348,17349,26.278
17349,4714,79.452
17349,9833,27.012
17349,17348,26.278
17350,17351,42.729
17351,20,90.436
17351,13224,62.276
17351,17350,42.729
17352,17353,42.281
17353,4129,16.562
17353,4171,87.198
17353,17352,42.281
17354,11723,103.492
17354,14533,35.278
17355,17356,67.847
17356,6552,6.343
17356,15877,27.861
17356,17355,67.847
17357,13926,70.517
17358,12503,23.492
17358,12506,7.449
17358,13000,38.586
17359,4868,809.906
17359,13842,65.333
17359,17360,18.957
17360,12507,66.787
17360,14087,6.515
17360,17359,18.957
17361,17362,46.133
17362,9813,11.918
17362,12507,20.905
17362,17361,46.133
17363,17364,25.488
17364,13923,58.144
17364,17363,25.488
17365,4700,105.866
17365,4715,50.237
17366,17367,14.891
17367,6769,6.663
17367,17366,14.891
17367,17368,26.762
17368,17367,26.762
17368,17369,14.221
17368,17370,5.828
17369,17368,14.221
17370,111,37.654
17370,6769,26.727
17370,17368,5.828
17371,17373,3.186
17372,9835,35.389
17372,17373,37.610
17372,17374,68.752
17373,17371,3.186
17373,17372,37.610
17373,17374,32.880
17374,12815,14.589
17374,17372,68.752
17374,17373,32.880
17375,17376,27.568
17375,17377,11.087
17376,83,42.896
17376,17375,27.568
17377,3066,60.289
17377,17375,11.087
17377,17378,19.615
17378,17377,19.615
17379,17380,29.860
17380,779,70.754
17380,795,45.914
17380,17379,29.860
17381,13426,9.903
17381,17382,22.178
17382,17381,22.178
17383,17388,38.678
17384,17385,77.200
17385,621,11.798
17385,844,20.481
17385,17384,77.200
17386,17387,42.571
17387,680,19.021
17387,810,17.352
17387,17386,42.571
17388,606,3.786
17388,4422,23.921
17388,17383,38.678
17389,17391,112.876
17390,17391,4.356
17391,14779,5.856
17391,17389,112.876
17391,17390,4.356
17392,17393,59.550
17393,9978,85.875
17393,12817,17.750
17393,17392,59.550
17394,10392,48.939
17395,10356,23.525
17395,12994,115.924
17395,13740,45.500
17396,17399,17.514
17397,17399,18.915
17398,9994,24.031
17398,14027,30.562
17398,17399,35.937
17399,17396,17.514
17399,17397,18.915
17399,17398,35.937
17400,17401,28.648
17401,12445,2.653
17401,12446,34.668
17401,17400,28.648
17402,10000,28.416
17402,10001,25.914
17402,17403,50.906
17403,17402,50.906
17404,17405,42.542
17405,10006,28.046
17405,16138,116.485
17405,17404,42.542
17406,11921,68.922
17407,11922,53.480
17408,17409,48.738
17409,10521,60.616
17409,12740,35.262
17409,17408,48.738
17410,12760,20.986
17411,12019,61.705
17412,17413,47.294
17413,9987,90.967
17413,12790,37.224
17413,17412,47.294
17414,17415,58.230
17415,9218,260.961
17415,9219,84.893
17415,17414,58.230
17416,555,49.534
17417,727,12.163
17417,905,68.695
17417,4383,81.357
17418,10470,173.150
17418,10475,24.594
17418,17419,51.046
17419,17418,51.046
17420,12362,27.639
17420,12375,5.239
17420,17421,30.359
17421,17420,30.359
17421,17422,30.743
17421,17423,32.799
17422,17421,30.743
17423,17421,32.799
17424,9899,118.045
17424,9903,17.791
17424,17425,62.174
17425,17424,62.174
17426,9890,100.022
17426,9893,17.996
17426,17427,48.319
17427,17426,48.319
17428,12748,8.023
17428,17429,35.774
17429,12747,6.938
17429,17428,35.774
17430,17431,22.106
17431,10505,499.367
17431,17430,22.106
17432,1906,30.283
17433,3316,29.292
17433,14505,22.863
17433,16081,41.145
17434,1716,11.142
17434,14897,133.813
17435,12746,31.845
17435,12940,131.016
17435,17436,161.425
17436,17435,161.425
17437,9947,7.410
17437,11735,21.997
17437,12743,10.148
17438,237,54.103
17438,9682,7.781
17438,17439,75.165
17439,17438,75.165
17440,967,89.229
17441,9246,338.962
17441,9969,30.811
17442,3375,63.518
17443,17444,19.607
17444,17443,19.607
17445,17446,38.644
17446,17445,38.644
17447,9973,87.116
17447,13707,16.089
17447,17448,40.733
17448,17447,40.733
17449,1611,49.920
17450,8895,135.971
17450,17451,49.211
17451,17450,49.211
17452,1847,52.803
17452,12241,2.884
17452,13110,69.120
17453,12241,15.124
17454,17455,52.157
17455,9456,59.115
17455,13111,13.452
17455,17454,52.157
17456,1959,46.109
17457,10044,57.368
17458,2008,48.185
17458,2087,41.121
17458,17459,18.378
17459,17458,18.378
17460,17461,35.136
17461,8174,45.704
17461,8841,20.820
17461,17460,35.136
17462,8842,19.789
17462,8844,32.806
17462,8855,65.508
17463,17467,5.894
17464,17465,20.773
17465,17464,20.773
17465,17466,42.130
17465,17467,37.052
17466,9689,58.514
17466,9691,147.711
17466,17465,42.130
17467,17463,5.894
17467,17465,37.052
17467,17468,10.663
17468,17467,10.663
17469,12302,26.418
17470,16859,18.512
17471,17473,9.421
17472,2657,55.227
17472,17473,8.503
17472,17474,3.958
17473,17471,9.421
17473,17472,8.503
17473,17474,8.690
17474,17472,3.958
17474,17473,8.690
17474,17479,62.758
17475,17476,26.436
17476,17475,26.436
17476,17478,15.529
17476,17479,9.922
17477,17478,104.832
17478,17476,15.529
17478,17477,104.832
17478,17480,11.916
17479,2642,10.862
17479,17474,62.758
17479,17476,9.922
17480,1360,52.098
17480,2642,4.144
17480,17478,11.916
17481,14237,5.462
17481,16465,33.400
17481,17482,82.115
17482,10063,85.094
17482,12768,9.617
17482,17481,82.115
17483,12428,60.734
17483,14319,39.712
17483,15205,45.961
17484,14318,35.396
17484,17485,47.846
17484,17486,37.005
17485,17484,47.846
17486,14319,6.011
17486,17484,37.005
17486,17487,27.817
17487,17486,27.817
17488,12743,85.198
17489,3823,52.163
17489,17490,20.188
17489,17494,12.263
17490,3619,108.047
17490,17489,20.188
17490,17493,11.461
17491,17492,18.802
17491,17494,26.902
17492,17491,18.802
17492,17493,26.934
17493,17490,11.461
17493,17492,26.934
17493,17494,19.536
17494,17489,12.263
17494,17491,26.902
17494,17493,19.536
17495,9523,35.737
17495,13166,98.638
17495,16295,38.895
17496,14223,81.212
17497,14975,5.195
17497,14976,23.812
17498,11022,97.105
17498,11023,29.564
17498,17499,91.618
17499,11006,96.082
17499,17498,91.618
17500,17501,64.222
17501,471,5.922
17501,17500,64.222
17502,11108,31.425
17502,11109,74.347
17503,17504,18.826
17504,8370,20.088
17504,14629,72.223
17504,17503,18.826
17505,1213,12.961
17505,17506,34.234
17506,1196,9.132
17506,17505,35.345
17507,1284,56.729
17507,1287,77.431
17508,1225,63.658
17509,1039,27.032
17509,1242,21.819
17509,1245,40.033
17510,1235,96.886
17511,17512,28.009
17512,13328,36.373
17512,17511,28.009
17512,17514,27.507
17513,1186,64.166
17513,1191,91.731
17513,1204,141.062
17514,8446,52.980
17514,17512,27.507
17515,11802,10.761
17515,12084,148.373
17515,15121,12.913
17516,2431,38.430
17516,2436,17.363
17516,17517,88.397
17517,2442,30.049
17517,2445,59.970
17517,17516,88.397
17518,2428,84.856
17518,2450,16.281
17518,10056,97.271
17519,12084,15.873
17519,12085,50.087
17519,17520,99.824
17520,8411,28.320
17520,13399,16.378
17520,17519,99.824
17521,2440,44.651
17522,1302,45.984
17522,14942,27.781
17522,17032,76.789
17523,2414,56.597
17523,2432,11.053
17523,17524,53.130
17524,17523,53.130
17525,17528,34.841
17526,2485,34.786
17526,17014,15.731
17526,17530,6.260
17527,17528,58.338
17528,17525,34.841
17528,17527,58.338
17528,17529,22.310
17528,17530,15.149
17529,17528,22.310
17530,17526,6.260
17530,17528,15.149
17531,2478,54.573
17531,2484,24.571
17531,17532,30.231
17532,17531,30.231
17533,2283,72.912
17533,2285,48.071
17533,17534,36.124
17534,17533,36.124
17535,9524,43.640
17536,17537,47.742
17537,4007,8.230
17537,17536,47.742
17538,10497,14.137
17538,10506,49.045
17539,12627,14.126
17539,17546,13.021
17540,17541,155.661
17540,17544,26.788
17541,17544,44.099
17541,17545,5.635
17542,17543,45.682
17543,17539,25.397
17543,17547,13.233
17544,17540,26.788
17544,17541,44.099
17544,17547,7.171
17545,17541,5.635
17545,17542,14.206
17546,17540,6.922
17547,17543,13.233
17547,17544,7.171
17548,10987,86.397
17549,10982,36.550
17549,10984,48.708
17549,10987,77.657
17550,10760,30.337
17550,14982,138.948
17550,17551,17.553
17551,10758,19.068
17551,14982,126.996
17551,17550,17.553
17552,11066,68.004
17553,11134,104.232
17554,17555,97.957
17555,11134,19.378
17555,11180,105.916
17555,17554,97.957
17556,11355,29.186
17557,12130,102.308
17557,16614,76.267
17557,17558,40.705
17558,17557,40.705
17559,13155,47.965
17559,13400,16.243
17559,17560,43.289
17560,17559,43.289
17561,4026,198.200
17562,440,237.125
17564,17570,731.851
17565,11803,54.510
17566,12886,57.293
17566,15120,12.679
17566,17567,45.581
17567,17566,45.581
17568,15467,60.503
17569,280,111.748
17570,14586,12.769
17571,4360,35.632
17572,635,45.797
17572,834,27.050
17573,11906,10.008
17573,15132,23.761
17574,33,12.186
17575,16255,31.534
17576,16305,91.420
17577,281,5.418
17578,1954,84.198
17578,13367,2.182
17579,15935,63.727
17580,9589,34.235
17581,2,48.819
17581,12122,60.246
17582,3289,17.891
17582,3300,44.809
17582,11982,26.867
17582,15310,32.264
17583,6593,8.151
17583,6792,14.159
17584,14955,9.244
17584,17267,415.364
17585,14882,74.163
17586,1508,111.296
17586,14881,16.555
17587,2014,17.975
17587,14905,6.707
17588,409,18.978
17588,418,12.133
17589,10187,50.001
17589,11655,12.204
17590,17591,122.596
17591,3357,10.463
17591,3361,76.334
17591,17590,122.596
17592,1701,8.944
17592,1710,28.615
17592,1730,3.452
17593,17594,36.075
17594,17593,36.075
17595,12356,3.936
17595,12357,22.727
17596,9941,35.668
17596,10009,42.950
17596,12834,86.844
17597,5359,58.734
17598,494,57.423
17599,4121,91.265
17600,8253,66.397
17600,8256,28.391
17600,8437,53.162
17601,8281,78.804
17601,8334,11.524
17601,17615,118.419
17602,2864,189.077
17602,14866,11.535
17603,17630,51.117
17604,9569,47.367
17604,14841,10.053
17605,13451,34.516
17606,5442,3.046
17606,7723,30.718
17607,9588,65.336
17607,14834,12.534
17608,9584,13.219
17608,14835,70.927
17609,1360,9.879
17609,17610,44.010
17610,8000,9.192
17610,17609,44.010
17611,16598,42.298
17611,16599,20.610
17612,10524,79.606
17612,14041,47.415
17612,17613,38.261
17613,17612,38.261
17614,9383,121.078
17615,8260,13.054
17615,17601,118.419
17616,6488,51.236
17616,6490,53.404
17617,6274,15.394
17617,6288,63.901
17618,10285,81.694
17619,1799,28.167
17619,1814,105.894
17620,1975,25.645
17620,1984,134.577
17620,1985,35.582
17621,9258,29.148
17621,17622,17.166
17622,4233,48.701
17623,13851,71.633
17624,14408,69.015
17625,9324,112.438
17626,6931,25.894
17627,62,53.187
17628,69,14.851
17629,9297,20.264
17629,13224,83.904
17630,14998,11.751
17631,13418,13.569
17632,1915,69.177
17633,2666,197.199
17634,9685,28.030
17635,618,26.801
17635,4632,101.749
17635,4636,4.240
17636,9791,50.889
17636,11594,124.101
17636,17637,38.051
17637,17636,38.051
17638,12988,29.404
17638,17639,64.906
17639,12988,39.388
17639,17638,64.906
17639,17675,49.164
17640,2773,7.141
17640,3324,63.713
17641,12370,162.240
17641,14447,15.138
17642,9513,7.327
17642,17641,17.305
17643,9794,57.531
17643,17644,30.961
17643,17645,19.526
17644,15858,8.960
17644,17643,30.961
17644,17646,19.001
17645,15857,11.784
17645,17643,19.526
17645,17646,30.774
17646,15857,42.496
17646,17644,19.001
17646,17645,30.774
17647,1394,21.143
17647,1416,77.108
17647,17648,48.469
17648,17647,48.469
17649,13441,100.197
17649,14939,16.531
17650,2449,15.704
17650,14940,106.740
17651,2437,17.182
17651,14941,67.786
17652,3089,27.472
17652,3097,21.429
17653,3966,22.546
17653,3973,68.410
17653,17139,16.520
17654,3970,77.545
17655,6987,8.464
17655,17584,118.604
17656,13631,18.006
17657,13631,15.247
17658,2778,149.541
17658,14849,12.549
17659,13170,17.997
17659,14111,105.379
17660,10202,44.648
17660,13308,131.490
17660,17661,11.315
17661,9670,57.208
17661,10775,73.833
17661,17660,11.315
17662,7925,144.658
17663,8354,54.764
17664,10115,53.825
17664,13299,77.198
17664,16637,12.988
17665,3075,50.856
17665,11755,75.371
17665,17666,20.951
17666,17665,20.951
17667,6735,29.317
17667,6758,15.943
17667,17668,38.906
17668,13912,18.521
17668,13913,27.452
17668,17667,38.906
17669,15443,35.319
17669,16458,15.086
17669,16459,32.166
17670,10970,6.616
17670,14659,123.500
17670,15258,64.745
17671,3541,4.627
17671,15904,6.304
17672,10789,28.127
17673,594,16.013
17673,3506,9.230
17673,14967,52.696
17674,11981,7.112
17674,11982,118.519
17674,15311,33.606
17675,9633,79.230
17675,17639,49.164
17675,17676,51.282
17676,17675,51.282
17677,8880,25.602
17677,8902,187.180
17678,10278,12.188
17678,10469,152.498
17679,7756,50.017
17680,23,20.381
17680,74,23.258
17681,16536,47.055
17682,2496,65.282
17682,13472,9.178
17683,2798,106.554
17684,13364,56.370
17685,9459,17.742
17686,2794,270.807
17686,17687,13.674
17687,14869,20.569
17687,17686,13.674
17688,235,36.044
17688,17689,9.750
17689,233,104.129
17690,2166,46.352
17690,2229,102.656
17690,2270,32.145
17691,12043,71.843
17691,12960,112.464
17691,17842,163.877
17692,15860,40.413
17693,8316,35.803
17693,13149,32.976
17693,13398,15.928
17694,3266,120.810
17694,9383,11.090
17695,3365,91.609
17695,8874,41.842
17695,17696,70.989
17696,17695,70.989
17697,3201,40.866
17697,3212,8.128
17697,17698,70.729
17698,3282,37.416
17698,3286,19.544
17698,17697,70.729
17699,2952,13.417
17699,14858,20.244
17700,9563,24.100
17701,12249,275.940
17702,9903,6.016
17702,9909,133.068
17703,10525,26.083
17704,12738,13.394
17705,2744,7.703
17705,17706,38.777
17706,3868,10.150
17706,17705,38.777
17707,9584,164.059
17707,14837,11.932
17708,12001,3.194
17708,17709,12.296
17709,14838,152.995
17709,17708,12.296
17710,575,43.178
17710,4328,18.088
17711,6859,81.633
17711,6860,54.675
17711,17324,102.656
17712,259,9.045
17712,11626,20.192
17713,11815,13.232
17713,17634,36.594
17714,11750,26.056
17715,102,283.889
17716,9696,27.206
17716,10063,22.539
17716,17717,75.901
17717,17716,75.901
17718,5572,14.630
17718,5655,16.006
17718,17719,34.837
17719,17718,34.837
17720,3806,40.899
17720,3830,68.338
17720,17730,39.078
17721,6954,52.804
17721,7025,8.587
17721,7028,22.724
17722,9577,115.409
17722,9578,5.279
17722,17724,18.897
17723,17724,21.489
17724,17722,18.897
17724,17723,21.489
17724,17725,11.062
17725,17724,11.062
17726,12563,51.101
17727,9575,233.597
17727,15964,85.749
17727,17728,28.247
17728,12142,198.082
17728,12143,117.145
17728,17727,28.247
17729,12120,17.122
17730,3804,39.779
17730,3815,68.575
17730,17720,39.078
17731,1581,5.653
17732,17731,58.056
17733,11909,4.529
17733,17734,53.942
17734,11908,4.939
17734,17733,53.942
17735,354,12.905
17736,351,3.543
17737,137,10.908
17738,232,106.657
17738,17273,25.825
17739,16592,23.775
17740,2799,12.831
17741,238,57.428
17742,17271,6.806
17743,14870,17.868
17744,1871,20.080
17745,1855,158.419
17746,9470,66.197
17747,65,25.174
17748,3700,46.515
17749,5304,25.191
17749,5333,36.107
17749,16472,26.405
17750,1401,144.397
17750,10639,118.146
17750,17751,42.016
17751,17750,42.016
17752,9686,14.714
17753,15634,385.369
17754,9467,36.026
17754,9468,24.873
17755,11096,69.833
17755,11097,60.233
17755,17756,88.022
17756,17755,88.022
17757,10641,63.028
17757,10651,84.955
17757,17758,91.342
17758,17757,91.342
17759,3572,29.671
17760,10555,87.307
17761,14831,14.721
17762,521,114.760
17763,9316,19.390
17764,3120,116.036
17765,87,25.283
17765,12216,131.647
17766,6591,16.156
17767,12587,53.031
17768,6014,169.031
17769,1367,63.362
17770,12498,12.694
17771,12556,107.293
17772,244,105.406
17772,1548,80.532
17773,4713,17.400
17774,16529,26.536
17775,447,13.292
17775,15099,168.090
17776,17845,155.555
17777,15323,156.177
17778,17776,12.273
17779,11625,553.548
17780,17777,61.538
17781,3112,320.591
17781,17780,307.172
17782,8263,7.459
17782,8364,32.356
17782,8382,105.006
17783,13330,180.643
17783,17784,21.188
17784,7929,321.001
17784,17783,21.188
17784,17785,13.858
17785,7930,25.067
17785,17784,13.858
17785,17797,24.943
17786,4742,189.552
17786,17787,8.527
17787,9409,18.144
17787,17786,8.527
17788,6884,85.250
17788,6885,86.929
17788,17789,7.672
17789,3092,239.169
17789,17788,7.672
17790,9328,50.235
17790,12858,6.060
17791,17792,16.045
17791,17793,9.811
17792,3414,24.177
17792,17794,10.065
17793,3416,21.599
17794,17792,10.065
17794,17793,10.963
17795,17796,23.486
17795,17797,45.852
17796,8001,115.444
17796,9195,10.128
17796,17795,23.486
17797,17785,24.943
17797,17795,45.852
17798,204,649.616
17798,17799,8.501
17799,9469,540.495
17799,11624,42.643
17800,202,7.225
17801,6302,15.242
17802,17804,14.613
17803,17806,8.136
17804,2818,78.376
17804,17805,7.409
17805,14507,79.296
17805,17803,15.766
17806,17807,4.009
17807,3428,88.587
17807,17808,8.096
17808,3462,56.156
17808,17802,11.336
17809,9184,11.745
17809,17810,30.123
17810,9184,31.678
17810,16777,115.130
17811,15420,43.037
17811,16777,113.385
17812,1000,14.183
17812,14923,6.477
17813,4032,88.163
17813,9477,252.470
17813,9478,281.180
17814,15108,67.720
17815,189,13.957
17815,11620,214.096
17815,17816,10.243
17816,27,83.468
17816,189,9.135
17816,17815,10.243
17816,17817,568.047
17817,3106,13.935
17817,17816,568.047
17818,189,531.849
17818,17819,56.964
17819,3106,15.245
17819,17818,56.964
17819,17820,22.814
17820,3091,23.515
17820,3092,11.862
17820,17819,22.814
17821,17818,78.524
17821,17819,47.549
17822,5783,25.911
17823,12510,28.660
17823,14981,96.091
17824,8036,194.752
17824,8039,11.389
17825,8039,9.170
17825,12005,110.577
17826,97,13.737
17826,2889,85.338
17827,97,13.489
17828,1016,60.685
17828,14881,8.508
17829,14891,64.772
17830,9015,88.313
17831,1936,41.251
17831,1944,14.217
17831,17832,249.728
17832,1910,43.399
17832,1944,48.989
17832,17831,249.728
17833,322,95.653
17833,17834,28.557
17834,17833,28.557
17834,17835,94.183
17835,1549,62.137
17835,15668,82.615
17835,17834,94.183
17836,14887,207.997
17836,17225,28.105
17837,417,10.698
17837,17838,17.653
17837,17839,88.390
17838,373,56.121
17839,394,65.514
17839,15663,80.459
17840,11638,32.392
17840,11641,27.111
17840,17841,60.072
17841,17840,60.072
17842,12042,29.502
17842,12223,72.943
17842,17691,163.877
17843,4527,8.267
17843,16331,35.526
17843,16336,112.244
17844,76,19.021
17845,447,171.292
17845,17777,12.159
17846,9407,16.774
17847,1300,8.996
17847,17848,54.531
17848,1295,9.229
17848,17847,54.531
17849,13471,7.008
17850,1070,89.944
17851,17227,7.223
17852,12496,133.283
17853,23,18.039
17854,12585,57.123
17855,7746,10.463
17856,10297,23.860
17856,10298,102.394
