id,lon,lat
0,88.331816,22.553894
1,88.393367,22.591445
2,88.398027,22.591090
3,88.397035,22.590498
4,88.398971,22.591656
5,88.398569,22.592233
6,88.398362,22.592531
7,88.398129,22.592865
8,88.396218,22.591726
9,88.396786,22.591591
10,88.396979,22.591309
11,88.397192,22.591003
12,88.398770,22.591945
13,88.365160,22.514426
14,88.351367,22.512703
15,88.358702,22.538150
16,88.356859,22.535105
17,88.356181,22.530317
18,88.355787,22.529021
19,88.360226,22.527998
20,88.363504,22.527720
21,88.354290,22.537749
22,88.352962,22.531490
23,88.352359,22.524512
24,88.351628,22.521414
25,88.352367,22.517118
26,88.353094,22.512914
27,88.347867,22.545897
28,88.351613,22.545376
29,88.355009,22.550142
30,88.359650,22.547559
31,88.361494,22.546696
32,88.363762,22.544992
33,88.367026,22.542543
34,88.366120,22.543319
35,88.375890,22.539171
36,88.384443,22.541643
37,88.397896,22.542924
38,88.364893,22.531948
39,88.365128,22.519671
40,88.366057,22.517218
41,88.368605,22.544293
42,88.367834,22.543995
43,88.370508,22.540696
44,88.370916,22.542996
45,88.372462,22.556232
46,88.370459,22.545374
47,88.367080,22.561372
48,88.372744,22.558983
49,88.372631,22.557884
50,88.365840,22.543522
51,88.366229,22.543666
52,88.366023,22.542960
53,88.365848,22.543076
54,88.364990,22.538305
55,88.364136,22.538963
56,88.362386,22.539538
57,88.359996,22.540674
58,88.364608,22.534018
59,88.346599,22.538150
60,88.354268,22.537511
61,88.358501,22.537850
62,88.350643,22.560727
63,88.350523,22.559602
64,88.350546,22.558560
65,88.350196,22.555152
66,88.345833,22.532241
67,88.346649,22.538515
68,88.346807,22.539334
69,88.345921,22.517065
70,88.346562,22.523988
71,88.345536,22.530097
72,88.360994,22.518935
73,88.350482,22.524564
74,88.351935,22.524537
75,88.355159,22.524710
76,88.356423,22.524744
77,88.362288,22.525598
78,88.363179,22.525719
79,88.358365,22.544356
80,88.358353,22.548724
81,88.356498,22.544639
82,88.354529,22.544963
83,88.353799,22.542224
84,88.353588,22.545090
85,88.359254,22.546643
86,88.352627,22.545241
87,88.349105,22.545725
88,88.352806,22.552686
89,88.353911,22.549946
90,88.351393,22.554105
91,88.349982,22.549298
92,88.354085,22.555070
93,88.355257,22.562232
94,88.355152,22.560966
95,88.354731,22.557886
96,88.353002,22.552651
97,88.358402,22.561435
98,88.356780,22.554037
99,88.358024,22.551630
100,88.356065,22.552498
101,88.353362,22.553379
102,88.350945,22.563504
103,88.366836,22.560727
104,88.351665,22.565293
105,88.362525,22.561850
106,88.367118,22.561448
107,88.348872,22.538054
108,88.352113,22.538916
109,88.349373,22.539293
110,88.351939,22.537774
111,88.353708,22.535508
112,88.339882,22.537538
113,88.346389,22.538174
114,88.337952,22.533741
115,88.337044,22.533242
116,88.336344,22.532890
117,88.344289,22.538019
118,88.343983,22.535007
119,88.343465,22.531077
120,88.343726,22.526476
121,88.343828,22.525857
122,88.346925,22.515652
123,88.341894,22.568665
124,88.367166,22.513355
125,88.366485,22.516141
126,88.367195,22.513147
127,88.367282,22.511118
128,88.366514,22.516304
129,88.365955,22.516289
130,88.366049,22.516458
131,88.366090,22.513893
132,88.366533,22.513672
133,88.366454,22.511769
134,88.367243,22.511720
135,88.365853,22.511824
136,88.368977,22.521201
137,88.369581,22.521219
138,88.375146,22.519984
139,88.375244,22.519852
140,88.361877,22.518428
141,88.361633,22.517691
142,88.364224,22.517611
143,88.364424,22.518414
144,88.363857,22.516577
145,88.360219,22.518826
146,88.358249,22.516262
147,88.357536,22.516163
148,88.357640,22.516920
149,88.357694,22.517661
150,88.358507,22.517634
151,88.360698,22.513712
152,88.357952,22.515207
153,88.355714,22.515523
154,88.356055,22.513185
155,88.352928,22.513942
156,88.355864,22.514252
157,88.352839,22.514522
158,88.355791,22.514821
159,88.357298,22.515445
160,88.352727,22.515186
161,88.355673,22.516028
162,88.355529,22.517966
163,88.352484,22.516573
164,88.350742,22.516294
165,88.355560,22.517089
166,88.352638,22.515657
167,88.350262,22.515900
168,88.349728,22.515183
169,88.349098,22.513969
170,88.349328,22.516659
171,88.346102,22.515071
172,88.346062,22.515511
173,88.348136,22.515649
174,88.348843,22.515551
175,88.351785,22.514414
176,88.355391,22.519378
177,88.358417,22.519987
178,88.358465,22.519322
179,88.360933,22.519626
180,88.360926,22.520209
181,88.364174,22.520414
182,88.366069,22.525799
183,88.364292,22.525697
184,88.334763,22.540746
185,88.331698,22.542242
186,88.334940,22.533593
187,88.333106,22.534793
188,88.333864,22.539018
189,88.346976,22.546025
190,88.342873,22.547597
191,88.341690,22.547478
192,88.341161,22.547658
193,88.343346,22.552377
194,88.331947,22.550863
195,88.333168,22.534692
196,88.331996,22.533004
197,88.330343,22.522147
198,88.330222,22.521078
199,88.394941,22.527462
200,88.398279,22.521282
201,88.331100,22.547095
202,88.344342,22.555138
203,88.344505,22.555572
204,88.348393,22.560137
205,88.327211,22.533409
206,88.335489,22.603646
207,88.334563,22.603783
208,88.322331,22.603995
209,88.333455,22.603424
210,88.318322,22.563447
211,88.322901,22.539161
212,88.327631,22.542464
213,88.328153,22.542765
214,88.370148,22.568576
215,88.369683,22.571774
216,88.369381,22.571414
217,88.370085,22.571204
218,88.370903,22.570136
219,88.369492,22.570526
220,88.373005,22.534891
221,88.371739,22.533779
222,88.368659,22.530763
223,88.366185,22.528181
224,88.372220,22.529280
225,88.373119,22.536362
226,88.373203,22.537352
227,88.375747,22.539150
228,88.371987,22.539451
229,88.382455,22.565650
230,88.384312,22.565226
231,88.381855,22.565711
232,88.371888,22.564470
233,88.373155,22.563322
234,88.374126,22.563367
235,88.374560,22.563403
236,88.374863,22.563614
237,88.377446,22.565909
238,88.369916,22.565432
239,88.359785,22.575293
240,88.352280,22.577373
241,88.361739,22.595683
242,88.357402,22.581823
243,88.355157,22.576590
244,88.353036,22.572077
245,88.353053,22.569488
246,88.359381,22.564866
247,88.358703,22.562981
248,88.344395,22.571916
249,88.356798,22.567348
250,88.369486,22.606938
251,88.368835,22.607150
252,88.365756,22.605566
253,88.361289,22.601778
254,88.348113,22.578909
255,88.344140,22.585909
256,88.349633,22.584356
257,88.343761,22.586135
258,88.340448,22.586940
259,88.332720,22.581823
260,88.324140,22.568029
261,88.326240,22.570264
262,88.329366,22.575379
263,88.335279,22.580326
264,88.335855,22.579376
265,88.335115,22.574840
266,88.334813,22.574220
267,88.348257,22.573645
268,88.359135,22.570106
269,88.364939,22.568178
270,88.366997,22.572788
271,88.372350,22.585381
272,88.368187,22.587299
273,88.360748,22.569583
274,88.360304,22.568360
275,88.351730,22.587218
276,88.358238,22.586412
277,88.360419,22.586334
278,88.361306,22.586335
279,88.369753,22.591514
280,88.374676,22.606827
281,88.374287,22.581713
282,88.374832,22.585935
283,88.322124,22.512200
284,88.324027,22.519700
285,88.358131,22.570432
286,88.361188,22.579996
287,88.362779,22.586212
288,88.355767,22.577422
289,88.360281,22.576956
290,88.364986,22.578984
291,88.369243,22.577813
292,88.373530,22.576634
293,88.318468,22.563554
294,88.325193,22.559129
295,88.321488,22.561411
296,88.325313,22.559209
297,88.332586,22.552335
298,88.318462,22.566250
299,88.343097,22.570110
300,88.349123,22.568087
301,88.352345,22.567302
302,88.350294,22.555979
303,88.347471,22.563989
304,88.347859,22.564487
305,88.349909,22.570378
306,88.350818,22.572810
307,88.348506,22.566352
308,88.338776,22.563553
309,88.345285,22.564373
310,88.347147,22.563179
311,88.347490,22.571048
312,88.348409,22.573593
313,88.341087,22.567343
314,88.345187,22.565326
315,88.345025,22.564593
316,88.345631,22.564739
317,88.345056,22.564798
318,88.346970,22.564308
319,88.347179,22.564367
320,88.347444,22.563929
321,88.346948,22.563855
322,88.345541,22.564873
323,88.347384,22.564463
324,88.348046,22.565132
325,88.321445,22.510440
326,88.322853,22.514837
327,88.321381,22.510554
328,88.322785,22.514898
329,88.340701,22.587771
330,88.342464,22.588917
331,88.342991,22.590595
332,88.343629,22.591594
333,88.345782,22.594643
334,88.347847,22.600001
335,88.348486,22.601016
336,88.348513,22.601507
337,88.349707,22.602197
338,88.350359,22.603212
339,88.343179,22.601726
340,88.383522,22.605135
341,88.379273,22.603758
342,88.373671,22.601922
343,88.375595,22.602616
344,88.366498,22.599764
345,88.369851,22.607688
346,88.373860,22.605124
347,88.369872,22.607743
348,88.371998,22.611214
349,88.375389,22.594124
350,88.391214,22.592254
351,88.390727,22.592439
352,88.389859,22.592813
353,88.378311,22.594225
354,88.390881,22.592523
355,88.391210,22.592395
356,88.393070,22.589832
357,88.392122,22.586312
358,88.398513,22.585587
359,88.356820,22.579720
360,88.354482,22.580681
361,88.354181,22.579314
362,88.356416,22.578673
363,88.350610,22.572874
364,88.351088,22.573739
365,88.351227,22.573957
366,88.351199,22.573197
367,88.351064,22.572733
368,88.352359,22.577992
369,88.349939,22.582943
370,88.349788,22.582305
371,88.351222,22.581858
372,88.352987,22.587062
373,88.348910,22.577247
374,88.351710,22.583052
375,88.355673,22.589142
376,88.354957,22.586782
377,88.354082,22.580915
378,88.354248,22.581667
379,88.355203,22.585991
380,88.355648,22.586142
381,88.352815,22.584171
382,88.352701,22.585702
383,88.352187,22.584322
384,88.354529,22.583795
385,88.357753,22.583218
386,88.361846,22.582548
387,88.363891,22.582880
388,88.365238,22.581819
389,88.366006,22.581574
390,88.352347,22.581493
391,88.358780,22.572340
392,88.359840,22.571897
393,88.353388,22.573154
394,88.348799,22.575281
395,88.351414,22.574641
396,88.353641,22.573947
397,88.346778,22.575611
398,88.348652,22.574901
399,88.345571,22.573666
400,88.347892,22.572426
401,88.346355,22.571366
402,88.347283,22.572664
403,88.344538,22.569819
404,88.345725,22.571543
405,88.344860,22.569722
406,88.344002,22.567843
407,88.347663,22.577739
408,88.349385,22.578438
409,88.350078,22.578263
410,88.362919,22.574273
411,88.357707,22.578363
412,88.357730,22.578273
413,88.357554,22.575891
414,88.357857,22.577199
415,88.356745,22.577323
416,88.357046,22.578516
417,88.348983,22.576610
418,88.350222,22.578136
419,88.350391,22.583507
420,88.354126,22.582484
421,88.355877,22.582162
422,88.360240,22.581249
423,88.358187,22.579292
424,88.358340,22.579836
425,88.358523,22.580635
426,88.361429,22.581007
427,88.352998,22.593157
428,88.354847,22.592762
429,88.363794,22.590269
430,88.368831,22.589026
431,88.371795,22.588027
432,88.356592,22.592285
433,88.357194,22.594727
434,88.356636,22.598661
435,88.363463,22.596337
436,88.365090,22.595806
437,88.370890,22.594607
438,88.373126,22.594355
439,88.362196,22.596750
440,88.375875,22.609294
441,88.330676,22.548576
442,88.331273,22.545880
443,88.331443,22.545309
444,88.330139,22.545052
445,88.330790,22.546396
446,88.331467,22.546014
447,88.333236,22.546122
448,88.333163,22.518176
449,88.324572,22.521950
450,88.325986,22.541372
451,88.324159,22.519574
452,88.329959,22.518100
453,88.338836,22.517128
454,88.340454,22.516934
455,88.332928,22.513831
456,88.397096,22.536927
457,88.396099,22.532845
458,88.335355,22.586740
459,88.335838,22.587687
460,88.339196,22.585692
461,88.341536,22.585019
462,88.342830,22.584716
463,88.344020,22.585220
464,88.342453,22.586438
465,88.343502,22.586241
466,88.337263,22.586416
467,88.341725,22.586618
468,88.342052,22.601859
469,88.336833,22.589474
470,88.339398,22.594516
471,88.342628,22.593759
472,88.344379,22.593371
473,88.336082,22.588139
474,88.339431,22.587122
475,88.334285,22.584701
476,88.333607,22.583447
477,88.337025,22.581336
478,88.337303,22.581167
479,88.337774,22.581982
480,88.336134,22.579303
481,88.343264,22.605931
482,88.342208,22.602980
483,88.314432,22.594901
484,88.333496,22.585215
485,88.333673,22.593777
486,88.360064,22.566888
487,88.356133,22.567842
488,88.357379,22.568447
489,88.353556,22.564674
490,88.352797,22.562955
491,88.351993,22.559510
492,88.354610,22.566972
493,88.354546,22.567072
494,88.350656,22.559727
495,88.354805,22.559060
496,88.352395,22.562003
497,88.352422,22.566121
498,88.355102,22.561464
499,88.353452,22.561839
500,88.354991,22.560477
501,88.353291,22.561056
502,88.353386,22.561627
503,88.353808,22.562627
504,88.356165,22.563786
505,88.357336,22.565296
506,88.358180,22.566026
507,88.354157,22.564476
508,88.352789,22.568229
509,88.354589,22.567971
510,88.355321,22.567465
511,88.356054,22.566698
512,88.355300,22.565957
513,88.357034,22.564971
514,88.354322,22.566384
515,88.355171,22.565830
516,88.354417,22.564857
517,88.353354,22.566515
518,88.353960,22.565678
519,88.351921,22.565870
520,88.353825,22.565311
521,88.347922,22.568511
522,88.348707,22.570707
523,88.350961,22.570075
524,88.351217,22.572647
525,88.355648,22.569292
526,88.356231,22.571044
527,88.353143,22.570125
528,88.367194,22.573371
529,88.397362,22.562647
530,88.389551,22.572083
531,88.389465,22.572022
532,88.389371,22.572030
533,88.389215,22.571169
534,88.389301,22.571029
535,88.396164,22.563261
536,88.396339,22.562836
537,88.396791,22.566913
538,88.363107,22.563383
539,88.360826,22.563280
540,88.361852,22.562645
541,88.367307,22.561912
542,88.361213,22.564274
543,88.364201,22.562483
544,88.351411,22.586148
545,88.355137,22.583657
546,88.355115,22.582905
547,88.354895,22.582337
548,88.358156,22.585553
549,88.375438,22.528852
550,88.325884,22.527125
551,88.340287,22.523859
552,88.341241,22.523730
553,88.387027,22.523707
554,88.372885,22.521468
555,88.377632,22.522910
556,88.383704,22.522163
557,88.368552,22.536580
558,88.375794,22.520367
559,88.372641,22.513209
560,88.375316,22.514577
561,88.381400,22.522189
562,88.370775,22.539275
563,88.367071,22.540368
564,88.369555,22.540199
565,88.375588,22.524283
566,88.381065,22.521895
567,88.365588,22.541156
568,88.386549,22.520575
569,88.380737,22.522436
570,88.382167,22.520516
571,88.369134,22.534558
572,88.386091,22.514380
573,88.378464,22.519263
574,88.380214,22.522458
575,88.375040,22.526963
576,88.378186,22.524916
577,88.388226,22.516400
578,88.387332,22.522364
579,88.374263,22.527300
580,88.375141,22.527225
581,88.388159,22.514975
582,88.372829,22.511071
583,88.364794,22.536664
584,88.372611,22.513535
585,88.388161,22.515598
586,88.384913,22.513325
587,88.362488,22.541005
588,88.385219,22.520268
589,88.373396,22.521388
590,88.363314,22.540024
591,88.368909,22.538280
592,88.388093,22.516005
593,88.387692,22.521840
594,88.369335,22.538390
595,88.387332,22.519687
596,88.379546,22.525626
597,88.389440,22.516769
598,88.373570,22.526952
599,88.375310,22.528788
600,88.380647,22.521305
601,88.378658,22.511183
602,88.374916,22.522924
603,88.374301,22.525481
604,88.382215,22.523504
605,88.389283,22.514795
606,88.382711,22.522075
607,88.364481,22.540563
608,88.381710,22.522730
609,88.390420,22.522033
610,88.387633,22.523900
611,88.374948,22.512755
612,88.386776,22.515853
613,88.385745,22.510216
614,88.390068,22.515401
615,88.369506,22.538248
616,88.370940,22.542405
617,88.387272,22.521935
618,88.390284,22.521498
619,88.388743,22.514579
620,88.390211,22.516764
621,88.382684,22.521380
622,88.374287,22.524412
623,88.376089,22.515732
624,88.370989,22.535593
625,88.370209,22.510188
626,88.362726,22.540952
627,88.377119,22.513875
628,88.371362,22.536825
629,88.364141,22.537866
630,88.377626,22.520317
631,88.372180,22.538243
632,88.389103,22.514524
633,88.387160,22.514069
634,88.379275,22.524072
635,88.372396,22.530217
636,88.363778,22.539224
637,88.385546,22.520154
638,88.381492,22.525093
639,88.363635,22.540596
640,88.385947,22.523111
641,88.374421,22.534336
642,88.380096,22.522453
643,88.388772,22.516094
644,88.374464,22.536795
645,88.373617,22.527711
646,88.381295,22.521515
647,88.371137,22.539010
648,88.376689,22.539218
649,88.375700,22.524843
650,88.388290,22.513208
651,88.363958,22.537119
652,88.388931,22.515511
653,88.375772,22.522845
654,88.369940,22.535943
655,88.374674,22.529177
656,88.378251,22.522045
657,88.373694,22.529354
658,88.363039,22.537461
659,88.375155,22.518870
660,88.381609,22.524848
661,88.368287,22.537604
662,88.365243,22.539564
663,88.386751,22.515084
664,88.359681,22.537330
665,88.381190,22.522881
666,88.378983,22.517185
667,88.370839,22.543626
668,88.367619,22.509398
669,88.367913,22.535540
670,88.362803,22.542075
671,88.385948,22.510208
672,88.362913,22.541701
673,88.379629,22.514856
674,88.385243,22.521725
675,88.364896,22.537818
676,88.378717,22.519772
677,88.363548,22.537928
678,88.359931,22.542554
679,88.390509,22.515617
680,88.383715,22.522708
681,88.379438,22.525661
682,88.369145,22.534831
683,88.386614,22.523751
684,88.374569,22.527263
685,88.388451,22.521620
686,88.362464,22.542144
687,88.377049,22.520104
688,88.386321,22.513881
689,88.364647,22.541339
690,88.386106,22.522109
691,88.387955,22.516040
692,88.365090,22.541261
693,88.384335,22.510120
694,88.388885,22.509778
695,88.366449,22.540501
696,88.386879,22.519809
697,88.384886,22.522323
698,88.374374,22.516445
699,88.364344,22.539735
700,88.375736,22.515634
701,88.378036,22.517578
702,88.374173,22.522944
703,88.388400,22.514237
704,88.390170,22.514480
705,88.375067,22.523250
706,88.375257,22.520739
707,88.375145,22.527606
708,88.374692,22.514028
709,88.376751,22.518074
710,88.374447,22.533428
711,88.391294,22.509767
712,88.386748,22.520332
713,88.390461,22.522273
714,88.364351,22.539870
715,88.367928,22.534688
716,88.375430,22.521664
717,88.387061,22.520030
718,88.369348,22.509507
719,88.363086,22.539378
720,88.386465,22.514256
721,88.388504,22.516479
722,88.388797,22.521568
723,88.385219,22.520119
724,88.368638,22.534747
725,88.388979,22.513063
726,88.381249,22.523048
727,88.376681,22.522382
728,88.360791,22.537415
729,88.381721,22.521720
730,88.372870,22.524064
731,88.390455,22.515347
732,88.386813,22.519665
733,88.389258,22.520273
734,88.371538,22.538032
735,88.371220,22.537922
736,88.378662,22.521850
737,88.376201,22.515843
738,88.374533,22.522042
739,88.375017,22.528705
740,88.387325,22.514497
741,88.382698,22.522702
742,88.375961,22.526726
743,88.386631,22.514679
744,88.366307,22.535038
745,88.391924,22.509870
746,88.385423,22.520104
747,88.364350,22.538792
748,88.377237,22.513682
749,88.363466,22.540420
750,88.382114,22.520092
751,88.383213,22.510005
752,88.375413,22.521190
753,88.373631,22.513011
754,88.378320,22.522726
755,88.390308,22.517061
756,88.374849,22.514833
757,88.386770,22.516723
758,88.389094,22.515765
759,88.372843,22.540187
760,88.366188,22.539514
761,88.375857,22.524219
762,88.365027,22.540489
763,88.369528,22.539865
764,88.374874,22.531959
765,88.375530,22.521954
766,88.388277,22.515411
767,88.390935,22.518527
768,88.388405,22.514336
769,88.376560,22.514034
770,88.382568,22.522808
771,88.382183,22.520570
772,88.370288,22.540157
773,88.366433,22.535322
774,88.353942,22.510084
775,88.381518,22.522154
776,88.384055,22.519856
777,88.371609,22.513621
778,88.386952,22.515827
779,88.361928,22.543286
780,88.375136,22.528775
781,88.371805,22.538519
782,88.362066,22.543945
783,88.375488,22.519931
784,88.377187,22.524412
785,88.389318,22.521529
786,88.374410,22.521170
787,88.384032,22.519563
788,88.377581,22.520091
789,88.378995,22.522736
790,88.387041,22.520558
791,88.389442,22.515463
792,88.385913,22.523600
793,88.371904,22.543541
794,88.370416,22.537104
795,88.361746,22.542251
796,88.376384,22.516175
797,88.370614,22.534738
798,88.385782,22.513241
799,88.384187,22.522714
800,88.376545,22.513915
801,88.370596,22.538056
802,88.373991,22.511199
803,88.378653,22.518127
804,88.373249,22.539433
805,88.367565,22.539674
806,88.374599,22.527642
807,88.369160,22.537408
808,88.379055,22.524582
809,88.388422,22.516409
810,88.383707,22.522381
811,88.387633,22.518816
812,88.387455,22.514940
813,88.381393,22.525581
814,88.384211,22.522026
815,88.386544,22.523470
816,88.375783,22.522914
817,88.388403,22.514879
818,88.386439,22.510782
819,88.367463,22.539403
820,88.368041,22.537663
821,88.389387,22.517780
822,88.374426,22.520932
823,88.372691,22.520940
824,88.384991,22.522132
825,88.390597,22.522043
826,88.389558,22.509760
827,88.375018,22.511384
828,88.373502,22.511147
829,88.372321,22.512316
830,88.377080,22.513701
831,88.378522,22.517384
832,88.383579,22.520373
833,88.388513,22.521128
834,88.372566,22.529583
835,88.386327,22.510740
836,88.388587,22.515372
837,88.377419,22.524529
838,88.379479,22.519787
839,88.376480,22.521720
840,88.384732,22.522763
841,88.386399,22.520357
842,88.372802,22.541964
843,88.390418,22.517646
844,88.382698,22.521670
845,88.381820,22.522110
846,88.366307,22.539937
847,88.374906,22.522616
848,88.372607,22.513300
849,88.385193,22.521291
850,88.376731,22.524290
851,88.381697,22.521544
852,88.389477,22.518196
853,88.363102,22.537253
854,88.381009,22.522334
855,88.386672,22.513019
856,88.387785,22.519034
857,88.376840,22.515977
858,88.371281,22.510422
859,88.373691,22.525540
860,88.374249,22.523642
861,88.373229,22.520818
862,88.367127,22.538596
863,88.389373,22.516546
864,88.382467,22.510694
865,88.386453,22.519738
866,88.385237,22.519323
867,88.363537,22.537213
868,88.383164,22.521655
869,88.381264,22.521823
870,88.377508,22.517796
871,88.374444,22.511339
872,88.380953,22.521516
873,88.375091,22.523613
874,88.371244,22.535660
875,88.374544,22.526902
876,88.376596,22.524730
877,88.386973,22.513033
878,88.371338,22.542313
879,88.386595,22.520329
880,88.389372,22.522103
881,88.374823,22.514941
882,88.377108,22.516894
883,88.388743,22.520307
884,88.387912,22.514425
885,88.373659,22.524445
886,88.387807,22.515616
887,88.379145,22.515498
888,88.386810,22.510681
889,88.389376,22.522304
890,88.378381,22.522459
891,88.359172,22.537010
892,88.382311,22.520218
893,88.382660,22.521185
894,88.378310,22.518109
895,88.385487,22.519856
896,88.387962,22.515484
897,88.371828,22.537723
898,88.382814,22.519570
899,88.362805,22.537998
900,88.366572,22.540975
901,88.370326,22.534108
902,88.382462,22.522884
903,88.376294,22.514216
904,88.379887,22.525486
905,88.377450,22.522227
906,88.390459,22.518091
907,88.376378,22.521412
908,88.383207,22.522374
909,88.388886,22.515118
910,88.384432,22.513408
911,88.386219,22.514778
912,88.384811,22.520302
913,88.372963,22.542990
914,88.375108,22.529011
915,88.390530,22.518578
916,88.380154,22.511091
917,88.383327,22.521290
918,88.372886,22.524554
919,88.385419,22.521267
920,88.349877,22.583529
921,88.349477,22.582937
922,88.349624,22.582662
923,88.349529,22.583838
924,88.348531,22.579897
925,88.349749,22.583731
926,88.352060,22.593473
927,88.350271,22.587581
928,88.352895,22.586440
929,88.350516,22.574918
930,88.355762,22.583083
931,88.351085,22.579637
932,88.352086,22.574454
933,88.351052,22.577678
934,88.351285,22.580325
935,88.352240,22.572326
936,88.351872,22.572441
937,88.350007,22.575026
938,88.354308,22.583077
939,88.351538,22.575224
940,88.353193,22.571216
941,88.351005,22.575271
942,88.353598,22.577028
943,88.351835,22.576036
944,88.356671,22.581977
945,88.351056,22.571013
946,88.349768,22.574052
947,88.356996,22.583328
948,88.352972,22.577226
949,88.349620,22.578938
950,88.351140,22.578145
951,88.352520,22.575771
952,88.355289,22.590076
953,88.353355,22.593096
954,88.354525,22.592297
955,88.354683,22.592798
956,88.358683,22.588479
957,88.354478,22.590680
958,88.353277,22.591483
959,88.353637,22.590352
960,88.353305,22.592150
961,88.353231,22.590683
962,88.353031,22.593321
963,88.353280,22.592581
964,88.353196,22.589710
965,88.355936,22.590042
966,88.356191,22.590804
967,88.354709,22.587944
968,88.356639,22.592271
969,88.352602,22.590747
970,88.354416,22.591850
971,88.354273,22.590181
972,88.355335,22.590493
973,88.354292,22.590735
974,88.354250,22.591254
975,88.360783,22.589763
976,88.367284,22.590615
977,88.364270,22.592309
978,88.365988,22.588399
979,88.367174,22.587816
980,88.366374,22.594308
981,88.367178,22.592877
982,88.369696,22.594793
983,88.366824,22.585774
984,88.371234,22.592629
985,88.369463,22.593942
986,88.369324,22.592461
987,88.367896,22.592792
988,88.360275,22.585784
989,88.362937,22.589560
990,88.358174,22.585679
991,88.361364,22.577898
992,88.361779,22.587354
993,88.365430,22.590539
994,88.366717,22.593034
995,88.366080,22.590441
996,88.369999,22.592177
997,88.366224,22.592629
998,88.358155,22.577162
999,88.359579,22.577798
1000,88.364107,22.591604
1001,88.366488,22.584318
1002,88.370239,22.592823
1003,88.367176,22.588494
1004,88.367434,22.589254
1005,88.365043,22.588984
1006,88.356907,22.577305
1007,88.367028,22.595291
1008,88.368234,22.593770
1009,88.365029,22.593933
1010,88.364938,22.595160
1011,88.365236,22.591143
1012,88.357665,22.576417
1013,88.365784,22.592510
1014,88.363556,22.589360
1015,88.368986,22.592437
1016,88.359440,22.577022
1017,88.372371,22.592401
1018,88.368090,22.590328
1019,88.360167,22.587417
1020,88.368775,22.593600
1021,88.367656,22.592154
1022,88.366923,22.587931
1023,88.365327,22.589857
1024,88.369476,22.590766
1025,88.368993,22.586869
1026,88.368175,22.592713
1027,88.368501,22.591394
1028,88.366067,22.592442
1029,88.368538,22.594245
1030,88.360467,22.583980
1031,88.369099,22.592629
1032,88.355990,22.576919
1033,88.361300,22.590964
1034,88.368352,22.591066
1035,88.367931,22.589771
1036,88.359254,22.577038
1037,88.366383,22.588872
1038,88.359033,22.577916
1039,88.366760,22.591569
1040,88.367002,22.587121
1041,88.360498,22.589854
1042,88.362173,22.583872
1043,88.367741,22.591284
1044,88.362392,22.590637
1045,88.365568,22.591307
1046,88.366986,22.592340
1047,88.371041,22.591183
1048,88.365982,22.587402
1049,88.357474,22.577241
1050,88.371229,22.585426
1051,88.359862,22.587101
1052,88.367565,22.589713
1053,88.362117,22.583631
1054,88.358417,22.585641
1055,88.360590,22.578097
1056,88.359517,22.586364
1057,88.358851,22.577088
1058,88.366183,22.591300
1059,88.360359,22.583202
1060,88.358026,22.584564
1061,88.360051,22.584062
1062,88.356773,22.576682
1063,88.358334,22.578071
1064,88.360621,22.585722
1065,88.358069,22.578793
1066,88.361994,22.589522
1067,88.355814,22.576408
1068,88.354294,22.568048
1069,88.355772,22.569246
1070,88.350070,22.567882
1071,88.349376,22.568801
1072,88.352963,22.568904
1073,88.355763,22.569618
1074,88.349359,22.566072
1075,88.358460,22.573935
1076,88.359592,22.574726
1077,88.354027,22.569142
1078,88.356123,22.569130
1079,88.357246,22.575982
1080,88.354772,22.568729
1081,88.357714,22.573947
1082,88.358547,22.573187
1083,88.354865,22.571486
1084,88.355735,22.568142
1085,88.356473,22.569408
1086,88.351238,22.569997
1087,88.355088,22.567680
1088,88.353696,22.567535
1089,88.356635,22.569807
1090,88.351382,22.569503
1091,88.357977,22.572792
1092,88.358884,22.574388
1093,88.356709,22.570004
1094,88.356062,22.573293
1095,88.352931,22.568709
1096,88.350981,22.568292
1097,88.355332,22.568446
1098,88.356321,22.571015
1099,88.358839,22.574078
1100,88.352585,22.567808
1101,88.358921,22.574849
1102,88.357092,22.568950
1103,88.351954,22.566395
1104,88.356499,22.570958
1105,88.353987,22.567381
1106,88.353874,22.568612
1107,88.359199,22.575468
1108,88.357683,22.572919
1109,88.354514,22.568856
1110,88.353852,22.568139
1111,88.354631,22.570636
1112,88.354657,22.569599
1113,88.357728,22.574473
1114,88.357648,22.572510
1115,88.358444,22.574474
1116,88.355898,22.570023
1117,88.356374,22.569040
1118,88.363627,22.566332
1119,88.361737,22.564672
1120,88.358233,22.567747
1121,88.360843,22.566810
1122,88.359955,22.562593
1123,88.361842,22.567441
1124,88.360677,22.566440
1125,88.361261,22.566623
1126,88.360675,22.567342
1127,88.358133,22.567176
1128,88.360544,22.564376
1129,88.362151,22.567110
1130,88.363108,22.568792
1131,88.358479,22.571488
1132,88.361306,22.564788
1133,88.362708,22.566034
1134,88.361458,22.567049
1135,88.361173,22.563067
1136,88.358080,22.567950
1137,88.360996,22.565897
1138,88.362261,22.563828
1139,88.362758,22.565469
1140,88.362843,22.567099
1141,88.362568,22.562566
1142,88.361025,22.562256
1143,88.358662,22.567719
1144,88.358201,22.568436
1145,88.360727,22.564975
1146,88.359497,22.568281
1147,88.352190,22.565110
1148,88.356855,22.567293
1149,88.359550,22.565338
1150,88.361735,22.567484
1151,88.363805,22.564945
1152,88.365064,22.565838
1153,88.358732,22.568380
1154,88.364598,22.567285
1155,88.362630,22.566711
1156,88.359281,22.567733
1157,88.352475,22.565710
1158,88.362468,22.562572
1159,88.361594,22.569299
1160,88.362486,22.569000
1161,88.359026,22.563876
1162,88.360182,22.567489
1163,88.361481,22.564180
1164,88.362312,22.561895
1165,88.362871,22.563470
1166,88.358071,22.564651
1167,88.362408,22.564505
1168,88.358015,22.567461
1169,88.358481,22.565735
1170,88.362305,22.566969
1171,88.361927,22.566285
1172,88.361099,22.566253
1173,88.361771,22.566038
1174,88.360934,22.568109
1175,88.361485,22.565801
1176,88.359898,22.566303
1177,88.360524,22.566063
1178,88.360207,22.565145
1179,88.360091,22.566989
1180,88.363767,22.566747
1181,88.360253,22.563422
1182,88.364124,22.566156
1183,88.359586,22.571128
1184,88.360258,22.568106
1185,88.357549,22.592053
1186,88.363880,22.593985
1187,88.356847,22.592836
1188,88.357906,22.593343
1189,88.363736,22.592740
1190,88.363048,22.594727
1191,88.363884,22.594044
1192,88.360765,22.593335
1193,88.360726,22.593256
1194,88.364213,22.595105
1195,88.357488,22.593455
1196,88.359492,22.594984
1197,88.358022,22.594113
1198,88.356542,22.593677
1199,88.362506,22.591151
1200,88.364004,22.594437
1201,88.361230,22.594459
1202,88.357139,22.593555
1203,88.363812,22.593522
1204,88.361898,22.594072
1205,88.361000,22.593903
1206,88.363248,22.595157
1207,88.353800,22.596366
1208,88.354408,22.596975
1209,88.358960,22.595509
1210,88.360957,22.595411
1211,88.358231,22.597015
1212,88.359852,22.596260
1213,88.359999,22.595107
1214,88.356177,22.592386
1215,88.359997,22.595711
1216,88.353156,22.593987
1217,88.355250,22.597655
1218,88.356990,22.599356
1219,88.360182,22.596150
1220,88.360425,22.596490
1221,88.353344,22.593756
1222,88.360038,22.596782
1223,88.367429,22.591908
1224,88.370291,22.592930
1225,88.369430,22.591570
1226,88.366614,22.594826
1227,88.368293,22.589108
1228,88.367934,22.591219
1229,88.369036,22.589580
1230,88.364422,22.592966
1231,88.368457,22.589685
1232,88.368784,22.590539
1233,88.368455,22.592745
1234,88.365748,22.591011
1235,88.366681,22.590172
1236,88.368119,22.590405
1237,88.367962,22.589903
1238,88.367999,22.593871
1239,88.368479,22.592635
1240,88.369319,22.593377
1241,88.365373,22.590177
1242,88.367191,22.591388
1243,88.367284,22.591943
1244,88.369224,22.590087
1245,88.366864,22.591108
1246,88.369244,22.590825
1247,88.363970,22.591016
1248,88.369170,22.590502
1249,88.364394,22.591485
1250,88.368247,22.590750
1251,88.364776,22.592908
1252,88.366480,22.594289
1253,88.368230,22.590703
1254,88.365398,22.595320
1255,88.367458,22.591008
1256,88.368588,22.593130
1257,88.366915,22.592067
1258,88.363895,22.590688
1259,88.367135,22.590282
1260,88.365367,22.590734
1261,88.366299,22.591620
1262,88.365277,22.595052
1263,88.367393,22.592230
1264,88.367536,22.591864
1265,88.369180,22.592921
1266,88.365760,22.589281
1267,88.363852,22.588753
1268,88.364602,22.589106
1269,88.366893,22.586308
1270,88.365636,22.588999
1271,88.365508,22.587535
1272,88.363317,22.588461
1273,88.363425,22.588889
1274,88.365297,22.586950
1275,88.369694,22.588726
1276,88.366389,22.588184
1277,88.363673,22.588369
1278,88.366057,22.588365
1279,88.364639,22.589337
1280,88.366118,22.585847
1281,88.365159,22.589440
1282,88.364868,22.589467
1283,88.366011,22.589092
1284,88.363082,22.587505
1285,88.364230,22.588682
1286,88.364952,22.585967
1287,88.363953,22.587986
1288,88.364732,22.590021
1289,88.363983,22.589242
1290,88.363424,22.586078
1291,88.355103,22.586763
1292,88.354934,22.586073
1293,88.354719,22.589364
1294,88.355025,22.586219
1295,88.379617,22.583520
1296,88.376780,22.590012
1297,88.373273,22.602879
1298,88.375032,22.596807
1299,88.365735,22.584357
1300,88.378976,22.583799
1301,88.363793,22.583600
1302,88.367135,22.603764
1303,88.363904,22.585295
1304,88.363844,22.583790
1305,88.376587,22.596243
1306,88.377371,22.596144
1307,88.377478,22.589923
1308,88.376158,22.581265
1309,88.380021,22.596104
1310,88.365611,22.583563
1311,88.375500,22.602994
1312,88.364353,22.585121
1313,88.365403,22.582871
1314,88.364853,22.585680
1315,88.375552,22.576085
1316,88.367584,22.580590
1317,88.366308,22.583376
1318,88.365930,22.585525
1319,88.366668,22.583279
1320,88.365637,22.585901
1321,88.377370,22.596104
1322,88.365018,22.582911
1323,88.364506,22.585043
1324,88.365845,22.583501
1325,88.363359,22.585406
1326,88.365524,22.583892
1327,88.366090,22.585479
1328,88.362416,22.583534
1329,88.365328,22.584489
1330,88.375148,22.590111
1331,88.365082,22.584646
1332,88.371273,22.582471
1333,88.361522,22.581428
1334,88.363560,22.583355
1335,88.364400,22.582557
1336,88.379377,22.586724
1337,88.376727,22.572785
1338,88.364692,22.582005
1339,88.364037,22.586009
1340,88.365543,22.582819
1341,88.365780,22.580992
1342,88.365687,22.582817
1343,88.367801,22.583713
1344,88.362546,22.582433
1345,88.376621,22.584667
1346,88.368039,22.603819
1347,88.363285,22.583443
1348,88.377284,22.575626
1349,88.362258,22.584333
1350,88.377273,22.594199
1351,88.363261,22.582296
1352,88.376877,22.585386
1353,88.364224,22.583139
1354,88.373418,22.602860
1355,88.365741,22.585581
1356,88.362488,22.585072
1357,88.362491,22.582906
1358,88.364251,22.582101
1359,88.365539,22.585647
1360,88.379715,22.589646
1361,88.366955,22.584119
1362,88.365173,22.604535
1363,88.365357,22.583632
1364,88.364007,22.583216
1365,88.365551,22.584417
1366,88.334646,22.573705
1367,88.343243,22.582577
1368,88.337501,22.573893
1369,88.340242,22.577569
1370,88.344184,22.584639
1371,88.339812,22.576579
1372,88.336925,22.578611
1373,88.336717,22.573092
1374,88.334600,22.587244
1375,88.320538,22.563933
1376,88.335092,22.580512
1377,88.324970,22.592880
1378,88.335380,22.580820
1379,88.333349,22.574544
1380,88.331178,22.578835
1381,88.332912,22.585017
1382,88.334868,22.580693
1383,88.332085,22.585247
1384,88.333312,22.586788
1385,88.331549,22.586249
1386,88.331331,22.575885
1387,88.333573,22.588480
1388,88.321060,22.564035
1389,88.330273,22.577192
1390,88.328943,22.586823
1391,88.332991,22.586911
1392,88.332518,22.578034
1393,88.329957,22.579552
1394,88.320542,22.591690
1395,88.333720,22.585627
1396,88.328747,22.592276
1397,88.333100,22.585794
1398,88.312948,22.592490
1399,88.332127,22.585907
1400,88.331774,22.584774
1401,88.319878,22.588016
1402,88.329396,22.575418
1403,88.303856,22.585580
1404,88.332544,22.586038
1405,88.327197,22.564456
1406,88.320084,22.590151
1407,88.322344,22.586873
1408,88.322261,22.583188
1409,88.337062,22.580220
1410,88.330306,22.568292
1411,88.322781,22.582103
1412,88.333976,22.584152
1413,88.329133,22.592098
1414,88.334012,22.586164
1415,88.320550,22.591591
1416,88.320507,22.592573
1417,88.334411,22.576060
1418,88.331949,22.580282
1419,88.332642,22.586510
1420,88.330405,22.574849
1421,88.332385,22.586104
1422,88.357187,22.580969
1423,88.355853,22.583501
1424,88.356806,22.582758
1425,88.356034,22.582136
1426,88.329832,22.591898
1427,88.331487,22.583486
1428,88.334173,22.587396
1429,88.332721,22.585522
1430,88.327344,22.585851
1431,88.334423,22.587302
1432,88.330899,22.584970
1433,88.330719,22.584355
1434,88.331998,22.583117
1435,88.333754,22.586680
1436,88.333003,22.585463
1437,88.334063,22.586676
1438,88.331175,22.584266
1439,88.332098,22.585747
1440,88.331378,22.584842
1441,88.335308,22.602007
1442,88.333158,22.586358
1443,88.334015,22.587030
1444,88.326907,22.589159
1445,88.328221,22.589051
1446,88.326800,22.588575
1447,88.334134,22.587989
1448,88.353224,22.575614
1449,88.352592,22.571316
1450,88.352670,22.570142
1451,88.352809,22.574232
1452,88.352616,22.572208
1453,88.350032,22.562224
1454,88.350840,22.563574
1455,88.351156,22.579939
1456,88.349521,22.581802
1457,88.350888,22.581220
1458,88.352013,22.579683
1459,88.358804,22.583518
1460,88.359972,22.582820
1461,88.359353,22.583843
1462,88.359327,22.582951
1463,88.358602,22.583083
1464,88.358509,22.584467
1465,88.361292,22.585501
1466,88.358712,22.583345
1467,88.359040,22.583004
1468,88.359720,22.584183
1469,88.358135,22.583468
1470,88.358298,22.583648
1471,88.360302,22.582773
1472,88.358933,22.583903
1473,88.361009,22.585599
1474,88.360002,22.583237
1475,88.363222,22.583282
1476,88.364460,22.585403
1477,88.362905,22.583373
1478,88.363285,22.583262
1479,88.363365,22.583675
1480,88.362751,22.583634
1481,88.363020,22.582345
1482,88.362662,22.584222
1483,88.364059,22.588262
1484,88.355999,22.583007
1485,88.355826,22.583035
1486,88.364381,22.587211
1487,88.363790,22.583289
1488,88.365774,22.586973
1489,88.365983,22.584927
1490,88.364152,22.587900
1491,88.363928,22.582174
1492,88.366371,22.583663
1493,88.355588,22.583185
1494,88.355122,22.583198
1495,88.355661,22.582192
1496,88.354389,22.583340
1497,88.356133,22.582987
1498,88.363636,22.582841
1499,88.348299,22.579432
1500,88.358918,22.571380
1501,88.358655,22.576846
1502,88.356922,22.571496
1503,88.358638,22.577092
1504,88.360550,22.571483
1505,88.358334,22.571030
1506,88.350546,22.575255
1507,88.359096,22.571310
1508,88.359948,22.575928
1509,88.358098,22.576731
1510,88.359190,22.572156
1511,88.359959,22.570445
1512,88.358716,22.576227
1513,88.352305,22.589282
1514,88.355694,22.595703
1515,88.357521,22.595772
1516,88.354470,22.588392
1517,88.352311,22.587969
1518,88.361377,22.594806
1519,88.364110,22.594734
1520,88.368007,22.592053
1521,88.367274,22.589888
1522,88.367077,22.589359
1523,88.366551,22.591257
1524,88.369298,22.591050
1525,88.364660,22.593993
1526,88.365712,22.593792
1527,88.368114,22.592330
1528,88.364828,22.594708
1529,88.333943,22.585269
1530,88.328123,22.588490
1531,88.333733,22.584869
1532,88.334411,22.585052
1533,88.337310,22.583286
1534,88.333964,22.587470
1535,88.333323,22.586320
1536,88.331364,22.589178
1537,88.333900,22.585957
1538,88.333774,22.585725
1539,88.334070,22.586274
1540,88.334101,22.585548
1541,88.351872,22.571314
1542,88.356915,22.568386
1543,88.351744,22.571930
1544,88.351108,22.571534
1545,88.353998,22.570847
1546,88.356893,22.569957
1547,88.356638,22.568989
1548,88.353760,22.571076
1549,88.345926,22.567235
1550,88.343157,22.568153
1551,88.349744,22.569839
1552,88.350552,22.565641
1553,88.349173,22.564073
1554,88.342440,22.566601
1555,88.343233,22.567591
1556,88.342868,22.566808
1557,88.346350,22.570948
1558,88.342940,22.566323
1559,88.346499,22.571332
1560,88.349949,22.567469
1561,88.343624,22.567981
1562,88.355726,22.565738
1563,88.359994,22.565208
1564,88.360311,22.566220
1565,88.360529,22.566886
1566,88.361555,22.564147
1567,88.354780,22.566092
1568,88.356882,22.565919
1569,88.357789,22.566399
1570,88.357712,22.568003
1571,88.357599,22.567695
1572,88.357804,22.564887
1573,88.359959,22.567550
1574,88.355251,22.566664
1575,88.358028,22.565127
1576,88.355701,22.567063
1577,88.359629,22.566989
1578,88.356423,22.565318
1579,88.359790,22.566951
1580,88.363876,22.561747
1581,88.378950,22.600837
1582,88.383218,22.600894
1583,88.378871,22.601570
1584,88.381091,22.594338
1585,88.381564,22.601102
1586,88.377317,22.603161
1587,88.382341,22.602084
1588,88.378325,22.601864
1589,88.379173,22.601642
1590,88.360954,22.567236
1591,88.364832,22.567901
1592,88.362355,22.567379
1593,88.363532,22.568650
1594,88.361793,22.566073
1595,88.361443,22.568414
1596,88.362459,22.567495
1597,88.361168,22.568004
1598,88.362139,22.565664
1599,88.361031,22.567209
1600,88.360402,22.566549
1601,88.364311,22.566556
1602,88.361384,22.567842
1603,88.363369,22.568316
1604,88.363001,22.566486
1605,88.360396,22.565690
1606,88.360906,22.565535
1607,88.360793,22.566819
1608,88.364470,22.572109
1609,88.364914,22.569787
1610,88.362692,22.570348
1611,88.361892,22.570131
1612,88.362498,22.569947
1613,88.364412,22.569367
1614,88.360623,22.575021
1615,88.364375,22.571882
1616,88.365091,22.569867
1617,88.364069,22.571983
1618,88.366140,22.573077
1619,88.365558,22.570798
1620,88.363345,22.575256
1621,88.362485,22.577557
1622,88.363440,22.570074
1623,88.364081,22.571107
1624,88.363934,22.569945
1625,88.361392,22.570956
1626,88.363939,22.573373
1627,88.364681,22.569823
1628,88.364114,22.572233
1629,88.362146,22.572513
1630,88.361520,22.578411
1631,88.362720,22.571670
1632,88.363174,22.571608
1633,88.365353,22.571155
1634,88.361759,22.570737
1635,88.362731,22.571867
1636,88.365519,22.570135
1637,88.363360,22.571968
1638,88.362029,22.571794
1639,88.360756,22.576565
1640,88.363726,22.571781
1641,88.364790,22.570313
1642,88.365421,22.573358
1643,88.362149,22.570593
1644,88.363176,22.573239
1645,88.364566,22.569330
1646,88.361859,22.571860
1647,88.365143,22.569182
1648,88.362380,22.577314
1649,88.365700,22.572134
1650,88.364023,22.572850
1651,88.365444,22.571632
1652,88.362831,22.568884
1653,88.363662,22.571626
1654,88.364527,22.573712
1655,88.361088,22.576813
1656,88.364987,22.569224
1657,88.361790,22.577038
1658,88.365065,22.571558
1659,88.363775,22.569532
1660,88.360587,22.575835
1661,88.361923,22.577716
1662,88.363425,22.571105
1663,88.364972,22.571196
1664,88.364791,22.571497
1665,88.360924,22.575944
1666,88.363846,22.572078
1667,88.364654,22.569681
1668,88.363943,22.568512
1669,88.365805,22.570057
1670,88.364605,22.570389
1671,88.362169,22.571344
1672,88.363080,22.569706
1673,88.365685,22.573270
1674,88.364571,22.573045
1675,88.359875,22.575595
1676,88.363891,22.569885
1677,88.365276,22.572300
1678,88.366238,22.571081
1679,88.364444,22.572729
1680,88.366038,22.572801
1681,88.364057,22.573451
1682,88.364872,22.571980
1683,88.364191,22.571424
1684,88.360875,22.575759
1685,88.362577,22.572290
1686,88.363573,22.568636
1687,88.364690,22.571808
1688,88.363747,22.572981
1689,88.365165,22.571817
1690,88.367335,22.577836
1691,88.365816,22.573675
1692,88.367116,22.575820
1693,88.366998,22.576386
1694,88.364199,22.575903
1695,88.365105,22.575597
1696,88.367044,22.576057
1697,88.366051,22.574321
1698,88.364550,22.577501
1699,88.366371,22.575550
1700,88.369614,22.578646
1701,88.367681,22.574505
1702,88.365324,22.575218
1703,88.367063,22.575100
1704,88.364302,22.577530
1705,88.363702,22.576070
1706,88.366669,22.574158
1707,88.366116,22.575910
1708,88.366183,22.576341
1709,88.367057,22.578407
1710,88.367662,22.574263
1711,88.367458,22.575740
1712,88.365223,22.574871
1713,88.366774,22.573991
1714,88.366311,22.575350
1715,88.366283,22.574787
1716,88.364994,22.576371
1717,88.367311,22.575036
1718,88.364316,22.576866
1719,88.366000,22.575554
1720,88.364349,22.573774
1721,88.366253,22.575017
1722,88.366732,22.577306
1723,88.366862,22.574685
1724,88.367217,22.575544
1725,88.367959,22.580358
1726,88.367154,22.576392
1727,88.366982,22.574648
1728,88.365701,22.575598
1729,88.366652,22.576072
1730,88.367780,22.574530
1731,88.368331,22.580217
1732,88.368685,22.576561
1733,88.366072,22.577348
1734,88.367446,22.576733
1735,88.367626,22.574993
1736,88.366553,22.576321
1737,88.366161,22.576110
1738,88.367707,22.578231
1739,88.366626,22.575801
1740,88.367349,22.575499
1741,88.367473,22.575474
1742,88.369953,22.579412
1743,88.370121,22.579801
1744,88.367830,22.581838
1745,88.367189,22.584010
1746,88.366102,22.581814
1747,88.367927,22.581840
1748,88.367776,22.581441
1749,88.366505,22.581747
1750,88.367392,22.581538
1751,88.367399,22.581121
1752,88.367000,22.583521
1753,88.368229,22.582522
1754,88.367512,22.581913
1755,88.367817,22.583141
1756,88.367968,22.583648
1757,88.368574,22.583391
1758,88.368922,22.581718
1759,88.369173,22.581659
1760,88.370474,22.580632
1761,88.369054,22.580963
1762,88.367769,22.581350
1763,88.369414,22.580999
1764,88.368911,22.580586
1765,88.369472,22.581618
1766,88.368543,22.581788
1767,88.368092,22.580777
1768,88.368285,22.580807
1769,88.368748,22.580079
1770,88.368591,22.580679
1771,88.369095,22.579982
1772,88.368233,22.580260
1773,88.369546,22.581835
1774,88.369905,22.582877
1775,88.369697,22.580878
1776,88.369347,22.581083
1777,88.370145,22.581295
1778,88.370684,22.581106
1779,88.369337,22.580712
1780,88.369002,22.580822
1781,88.369165,22.582352
1782,88.369444,22.583050
1783,88.369622,22.582100
1784,88.369359,22.582294
1785,88.370253,22.582753
1786,88.369416,22.582461
1787,88.371512,22.584817
1788,88.368271,22.584829
1789,88.371297,22.583900
1790,88.371732,22.583709
1791,88.367885,22.584944
1792,88.370784,22.584224
1793,88.371153,22.584672
1794,88.371397,22.584211
1795,88.367594,22.584536
1796,88.371569,22.584716
1797,88.369399,22.584755
1798,88.371121,22.585024
1799,88.370970,22.585087
1800,88.370081,22.584455
1801,88.370142,22.584412
1802,88.369675,22.584642
1803,88.370800,22.584730
1804,88.369191,22.583148
1805,88.369703,22.582953
1806,88.371057,22.584757
1807,88.370211,22.585483
1808,88.367324,22.585110
1809,88.372075,22.584582
1810,88.369797,22.584603
1811,88.369360,22.583650
1812,88.371430,22.584373
1813,88.368042,22.584405
1814,88.370369,22.584308
1815,88.371252,22.584929
1816,88.371955,22.584229
1817,88.368597,22.585642
1818,88.369628,22.584932
1819,88.371174,22.584729
1820,88.371340,22.584034
1821,88.370839,22.584817
1822,88.368411,22.568372
1823,88.368880,22.569547
1824,88.367956,22.571743
1825,88.367480,22.567420
1826,88.368029,22.569039
1827,88.367159,22.569250
1828,88.367394,22.567963
1829,88.367629,22.571186
1830,88.368867,22.570152
1831,88.366258,22.570365
1832,88.366921,22.570952
1833,88.366728,22.569947
1834,88.367631,22.567892
1835,88.367573,22.570493
1836,88.367843,22.571147
1837,88.367643,22.569133
1838,88.367154,22.569674
1839,88.367294,22.570417
1840,88.367857,22.569875
1841,88.367246,22.570117
1842,88.368871,22.568888
1843,88.368267,22.570068
1844,88.368287,22.569812
1845,88.367737,22.571735
1846,88.368880,22.570717
1847,88.368934,22.567949
1848,88.366188,22.569451
1849,88.366893,22.570889
1850,88.367845,22.570854
1851,88.367265,22.567484
1852,88.365566,22.569520
1853,88.366958,22.569297
1854,88.366230,22.569668
1855,88.368641,22.567037
1856,88.368123,22.569550
1857,88.367514,22.568514
1858,88.367863,22.570026
1859,88.367596,22.570846
1860,88.368856,22.568525
1861,88.367182,22.570121
1862,88.365948,22.570402
1863,88.367047,22.571433
1864,88.370436,22.571057
1865,88.368972,22.570576
1866,88.370186,22.570039
1867,88.370345,22.570400
1868,88.369962,22.570491
1869,88.368973,22.571452
1870,88.369825,22.569606
1871,88.370761,22.569827
1872,88.368981,22.571496
1873,88.370718,22.570954
1874,88.369628,22.571396
1875,88.367739,22.565900
1876,88.364743,22.565940
1877,88.366711,22.565726
1878,88.364983,22.566672
1879,88.366082,22.566198
1880,88.367683,22.565518
1881,88.365912,22.567083
1882,88.367682,22.567353
1883,88.366783,22.565693
1884,88.366832,22.567618
1885,88.366288,22.567004
1886,88.365582,22.567159
1887,88.365396,22.566471
1888,88.366156,22.565433
1889,88.366674,22.565266
1890,88.364750,22.567683
1891,88.365702,22.566348
1892,88.364530,22.567095
1893,88.365282,22.566511
1894,88.365812,22.567935
1895,88.366834,22.564802
1896,88.364977,22.567608
1897,88.367303,22.566086
1898,88.366483,22.567732
1899,88.365909,22.565112
1900,88.367359,22.567455
1901,88.365956,22.565493
1902,88.363960,22.563084
1903,88.366588,22.563447
1904,88.366817,22.564691
1905,88.364970,22.565351
1906,88.366363,22.564762
1907,88.366753,22.564336
1908,88.369606,22.574561
1909,88.370015,22.573288
1910,88.370305,22.574306
1911,88.368009,22.573503
1912,88.367636,22.574205
1913,88.368734,22.573389
1914,88.368557,22.573385
1915,88.368754,22.572138
1916,88.371564,22.572813
1917,88.368884,22.574078
1918,88.368326,22.573379
1919,88.371990,22.572678
1920,88.369304,22.574008
1921,88.369102,22.573608
1922,88.370985,22.574579
1923,88.371807,22.577101
1924,88.371926,22.575140
1925,88.371166,22.577279
1926,88.372571,22.575086
1927,88.371070,22.575199
1928,88.372463,22.574518
1929,88.371592,22.575159
1930,88.370358,22.575262
1931,88.371312,22.576605
1932,88.372041,22.574592
1933,88.372545,22.575604
1934,88.371488,22.574786
1935,88.372342,22.576947
1936,88.371617,22.573758
1937,88.372093,22.574684
1938,88.370553,22.575796
1939,88.371440,22.575898
1940,88.369947,22.577617
1941,88.372694,22.575608
1942,88.369921,22.574461
1943,88.372001,22.573598
1944,88.371126,22.573966
1945,88.371455,22.581286
1946,88.370802,22.579256
1947,88.371388,22.581109
1948,88.371510,22.581435
1949,88.371850,22.582314
1950,88.371187,22.580319
1951,88.369855,22.578583
1952,88.370995,22.577326
1953,88.369778,22.577664
1954,88.373372,22.581899
1955,88.371442,22.579061
1956,88.371411,22.581943
1957,88.372055,22.580749
1958,88.371666,22.581857
1959,88.371248,22.578446
1960,88.371671,22.579811
1961,88.371175,22.581551
1962,88.371812,22.580933
1963,88.371525,22.580250
1964,88.374361,22.584692
1965,88.372163,22.582235
1966,88.372707,22.585421
1967,88.373278,22.583805
1968,88.372544,22.582124
1969,88.372610,22.584669
1970,88.372587,22.583415
1971,88.373198,22.583327
1972,88.373765,22.584638
1973,88.372810,22.585427
1974,88.373444,22.584831
1975,88.372835,22.584357
1976,88.373369,22.583034
1977,88.372110,22.583468
1978,88.373540,22.585473
1979,88.371677,22.583571
1980,88.371751,22.582337
1981,88.372780,22.583993
1982,88.372490,22.583429
1983,88.372266,22.584162
1984,88.373352,22.585476
1985,88.373422,22.584260
1986,88.373091,22.583979
1987,88.372235,22.583817
1988,88.373768,22.583406
1989,88.373700,22.584211
1990,88.372581,22.583922
1991,88.373158,22.582444
1992,88.373893,22.584176
1993,88.373002,22.582003
1994,88.373994,22.584636
1995,88.373500,22.584614
1996,88.373229,22.583547
1997,88.373090,22.583344
1998,88.372538,22.583671
1999,88.372379,22.584482
2000,88.372733,22.582693
2001,88.370541,22.588166
2002,88.372850,22.585985
2003,88.370300,22.587422
2004,88.371986,22.585993
2005,88.373058,22.587123
2006,88.373588,22.592213
2007,88.372686,22.586546
2008,88.373610,22.586966
2009,88.373358,22.590974
2010,88.371949,22.587042
2011,88.373144,22.587323
2012,88.373399,22.586286
2013,88.372398,22.585980
2014,88.369641,22.585532
2015,88.372248,22.586702
2016,88.372592,22.585920
2017,88.373937,22.590546
2018,88.372045,22.587362
2019,88.371756,22.588035
2020,88.373008,22.586727
2021,88.372335,22.586912
2022,88.370642,22.588404
2023,88.373898,22.585785
2024,88.370974,22.586531
2025,88.371588,22.587471
2026,88.372163,22.586485
2027,88.369981,22.586181
2028,88.372705,22.586389
2029,88.371792,22.586648
2030,88.375251,22.591926
2031,88.374013,22.586593
2032,88.373477,22.586621
2033,88.372999,22.586667
2034,88.370556,22.585812
2035,88.371092,22.587817
2036,88.373874,22.585416
2037,88.372006,22.591304
2038,88.372202,22.587868
2039,88.371504,22.587181
2040,88.372617,22.587116
2041,88.370849,22.587284
2042,88.371668,22.587648
2043,88.374678,22.587907
2044,88.373766,22.588612
2045,88.373988,22.586624
2046,88.371976,22.590411
2047,88.373321,22.590343
2048,88.369241,22.588882
2049,88.372688,22.588224
2050,88.370312,22.591376
2051,88.371549,22.588972
2052,88.373474,22.589460
2053,88.369845,22.589558
2054,88.370126,22.589774
2055,88.372810,22.587848
2056,88.374303,22.586780
2057,88.374438,22.586775
2058,88.370921,22.589112
2059,88.371132,22.589694
2060,88.373347,22.590472
2061,88.372451,22.588649
2062,88.370326,22.590675
2063,88.371758,22.589534
2064,88.373584,22.589756
2065,88.370138,22.590717
2066,88.373979,22.590242
2067,88.373996,22.589285
2068,88.373465,22.590944
2069,88.371056,22.591490
2070,88.374537,22.588470
2071,88.369797,22.589529
2072,88.372049,22.589413
2073,88.371576,22.591384
2074,88.373693,22.590031
2075,88.372850,22.589594
2076,88.370434,22.589184
2077,88.372181,22.589750
2078,88.371453,22.590885
2079,88.372104,22.590894
2080,88.373021,22.590197
2081,88.372974,22.589996
2082,88.372951,22.589897
2083,88.371940,22.588838
2084,88.373628,22.589863
2085,88.373564,22.588704
2086,88.371263,22.590116
2087,88.373745,22.587759
2088,88.374265,22.590214
2089,88.372650,22.589105
2090,88.370947,22.591014
2091,88.370251,22.589238
2092,88.373364,22.589184
2093,88.374543,22.588698
2094,88.369913,22.589817
2095,88.373783,22.588047
2096,88.372038,22.590642
2097,88.372376,22.588355
2098,88.373903,22.589010
2099,88.370268,22.589306
2100,88.369963,22.588633
2101,88.372057,22.590714
2102,88.374050,22.588964
2103,88.371620,22.590031
2104,88.373235,22.588854
2105,88.375024,22.588443
2106,88.374640,22.587600
2107,88.373859,22.589814
2108,88.374549,22.588886
2109,88.371849,22.588528
2110,88.374066,22.587436
2111,88.372370,22.589722
2112,88.370637,22.589820
2113,88.372203,22.591253
2114,88.369489,22.589655
2115,88.374008,22.588703
2116,88.373740,22.588236
2117,88.372869,22.590732
2118,88.370837,22.590595
2119,88.369105,22.589766
2120,88.373099,22.587356
2121,88.369877,22.590437
2122,88.374207,22.589723
2123,88.370852,22.589124
2124,88.370155,22.591411
2125,88.370553,22.590502
2126,88.372421,22.590329
2127,88.369785,22.590456
2128,88.373330,22.588062
2129,88.369605,22.588761
2130,88.357927,22.598768
2131,88.361224,22.600023
2132,88.372173,22.591817
2133,88.371389,22.591422
2134,88.363172,22.599304
2135,88.371533,22.593422
2136,88.372654,22.594390
2137,88.359753,22.597990
2138,88.358064,22.598615
2139,88.362601,22.601235
2140,88.375314,22.593032
2141,88.371367,22.594539
2142,88.357898,22.598687
2143,88.372188,22.594445
2144,88.371963,22.593684
2145,88.362921,22.598733
2146,88.363395,22.599890
2147,88.360753,22.598775
2148,88.357508,22.599432
2149,88.362904,22.600134
2150,88.360001,22.599953
2151,88.362725,22.600598
2152,88.370552,22.593667
2153,88.361562,22.597597
2154,88.362077,22.597900
2155,88.362237,22.599735
2156,88.361516,22.601684
2157,88.361062,22.601453
2158,88.360901,22.599739
2159,88.371048,22.593542
2160,88.358097,22.599020
2161,88.362181,22.600485
2162,88.360307,22.599906
2163,88.360108,22.598688
2164,88.360827,22.598906
2165,88.362017,22.598754
2166,88.363315,22.600940
2167,88.362179,22.598713
2168,88.361245,22.599723
2169,88.362630,22.599594
2170,88.360682,22.600238
2171,88.373837,22.590830
2172,88.371718,22.592511
2173,88.374354,22.590429
2174,88.362581,22.600308
2175,88.360367,22.600352
2176,88.371854,22.593123
2177,88.358515,22.599926
2178,88.361761,22.598101
2179,88.362515,22.597636
2180,88.374422,22.590804
2181,88.360048,22.597850
2182,88.371949,22.593384
2183,88.359003,22.599060
2184,88.371579,22.593537
2185,88.372600,22.592919
2186,88.360071,22.597493
2187,88.360178,22.599629
2188,88.362841,22.598490
2189,88.361803,22.598077
2190,88.361882,22.598039
2191,88.361086,22.600085
2192,88.359067,22.600169
2193,88.362430,22.598636
2194,88.371969,22.594469
2195,88.357012,22.599053
2196,88.360239,22.597794
2197,88.363064,22.600447
2198,88.360927,22.600762
2199,88.372274,22.593939
2200,88.361038,22.599326
2201,88.374054,22.594264
2202,88.360493,22.599866
2203,88.360373,22.598101
2204,88.360194,22.600392
2205,88.374524,22.591710
2206,88.357695,22.598299
2207,88.373676,22.592594
2208,88.361929,22.599873
2209,88.372412,22.593511
2210,88.359574,22.598225
2211,88.359544,22.600018
2212,88.362367,22.600759
2213,88.374254,22.593166
2214,88.359651,22.597634
2215,88.360580,22.598456
2216,88.361335,22.601310
2217,88.357142,22.599184
2218,88.358154,22.599143
2219,88.356776,22.598624
2220,88.359068,22.599224
2221,88.361350,22.600574
2222,88.359766,22.598853
2223,88.372140,22.593642
2224,88.361170,22.600243
2225,88.373539,22.591951
2226,88.372533,22.593841
2227,88.360500,22.599498
2228,88.375069,22.590663
2229,88.364046,22.601670
2230,88.362141,22.602126
2231,88.364766,22.597270
2232,88.364225,22.597209
2233,88.365215,22.598428
2234,88.365505,22.599179
2235,88.365118,22.604426
2236,88.365518,22.597040
2237,88.364648,22.597058
2238,88.365551,22.599477
2239,88.364749,22.603521
2240,88.362625,22.597921
2241,88.366080,22.598563
2242,88.363752,22.598135
2243,88.364687,22.603358
2244,88.364332,22.597397
2245,88.364146,22.603894
2246,88.363352,22.602178
2247,88.363509,22.599278
2248,88.363166,22.601865
2249,88.365315,22.598434
2250,88.363123,22.597778
2251,88.364693,22.604727
2252,88.363318,22.598809
2253,88.364266,22.599584
2254,88.365685,22.599094
2255,88.363042,22.601658
2256,88.362762,22.601169
2257,88.363583,22.597614
2258,88.363645,22.596420
2259,88.365419,22.598453
2260,88.364423,22.602662
2261,88.364386,22.596606
2262,88.367060,22.598615
2263,88.364893,22.603882
2264,88.365022,22.603235
2265,88.365780,22.603726
2266,88.366492,22.600145
2267,88.365154,22.599514
2268,88.367141,22.602507
2269,88.365247,22.599709
2270,88.363634,22.600519
2271,88.365196,22.602750
2272,88.365842,22.599450
2273,88.365400,22.603140
2274,88.367745,22.606361
2275,88.368461,22.605651
2276,88.368574,22.606152
2277,88.367654,22.606081
2278,88.366236,22.605921
2279,88.365666,22.605405
2280,88.366974,22.606468
2281,88.367106,22.604778
2282,88.366678,22.603886
2283,88.366406,22.606059
2284,88.369109,22.606095
2285,88.367496,22.605646
2286,88.368012,22.607014
2287,88.368635,22.606489
2288,88.367929,22.606765
2289,88.367401,22.605341
2290,88.368274,22.597874
2291,88.370558,22.595846
2292,88.369983,22.596338
2293,88.370086,22.600501
2294,88.368522,22.595596
2295,88.370121,22.598895
2296,88.370760,22.596223
2297,88.369777,22.599269
2298,88.371223,22.600174
2299,88.372117,22.599635
2300,88.368793,22.598501
2301,88.368112,22.595864
2302,88.368053,22.599279
2303,88.368342,22.595025
2304,88.368026,22.597075
2305,88.368206,22.597927
2306,88.367863,22.598639
2307,88.370651,22.595336
2308,88.369917,22.598928
2309,88.369689,22.599048
2310,88.367615,22.598298
2311,88.366462,22.599669
2312,88.367132,22.600552
2313,88.372316,22.600657
2314,88.369960,22.598169
2315,88.370539,22.600285
2316,88.370231,22.596232
2317,88.366822,22.597952
2318,88.370405,22.597413
2319,88.372771,22.599525
2320,88.367804,22.597446
2321,88.372387,22.601337
2322,88.368369,22.597054
2323,88.368857,22.597491
2324,88.370066,22.600648
2325,88.372505,22.598789
2326,88.370423,22.596157
2327,88.368314,22.596734
2328,88.367844,22.599011
2329,88.366803,22.595955
2330,88.367892,22.595331
2331,88.369739,22.594902
2332,88.370010,22.598549
2333,88.370288,22.599123
2334,88.368943,22.596896
2335,88.366624,22.598604
2336,88.367428,22.598405
2337,88.368362,22.597013
2338,88.371714,22.596727
2339,88.368734,22.598372
2340,88.367869,22.599173
2341,88.370058,22.598146
2342,88.368066,22.597168
2343,88.367730,22.597287
2344,88.369822,22.598597
2345,88.371347,22.595868
2346,88.366799,22.599601
2347,88.369807,22.594772
2348,88.369741,22.597180
2349,88.370064,22.596494
2350,88.369178,22.599518
2351,88.368311,22.599428
2352,88.368322,22.600226
2353,88.366314,22.599284
2354,88.367642,22.600047
2355,88.368651,22.597617
2356,88.368443,22.598181
2357,88.370640,22.598057
2358,88.371236,22.595569
2359,88.369523,22.596540
2360,88.371389,22.600734
2361,88.368412,22.598585
2362,88.367747,22.596589
2363,88.370107,22.595577
2364,88.369129,22.597365
2365,88.367494,22.596299
2366,88.370959,22.599081
2367,88.369606,22.598645
2368,88.366842,22.597520
2369,88.370212,22.595153
2370,88.369059,22.597923
2371,88.370271,22.597061
2372,88.368396,22.598872
2373,88.368929,22.595387
2374,88.369334,22.595170
2375,88.367716,22.599070
2376,88.371332,22.601007
2377,88.367258,22.595796
2378,88.371137,22.599872
2379,88.368805,22.599720
2380,88.372203,22.599900
2381,88.368259,22.595748
2382,88.369818,22.597495
2383,88.369725,22.595393
2384,88.366842,22.597998
2385,88.368943,22.596109
2386,88.367652,22.597246
2387,88.367102,22.598591
2388,88.371057,22.599503
2389,88.369254,22.598302
2390,88.367999,22.598808
2391,88.366969,22.599248
2392,88.366387,22.598589
2393,88.365994,22.598292
2394,88.366218,22.595505
2395,88.373095,22.598702
2396,88.373015,22.599471
2397,88.368761,22.596430
2398,88.370028,22.596419
2399,88.366587,22.597023
2400,88.367343,22.596358
2401,88.366674,22.597604
2402,88.373578,22.599400
2403,88.367692,22.598785
2404,88.368974,22.598901
2405,88.371952,22.599290
2406,88.369530,22.595060
2407,88.369877,22.597545
2408,88.369535,22.595510
2409,88.369927,22.595257
2410,88.371776,22.598877
2411,88.366462,22.596719
2412,88.368205,22.602856
2413,88.367745,22.603006
2414,88.368171,22.602789
2415,88.372155,22.602398
2416,88.371022,22.603356
2417,88.368512,22.601346
2418,88.369642,22.602909
2419,88.368879,22.603275
2420,88.373062,22.602235
2421,88.371700,22.602977
2422,88.370366,22.602586
2423,88.372017,22.601986
2424,88.370450,22.603475
2425,88.367718,22.601663
2426,88.369998,22.602864
2427,88.368400,22.603348
2428,88.371481,22.602105
2429,88.370100,22.602305
2430,88.372351,22.603082
2431,88.370220,22.602026
2432,88.368756,22.602537
2433,88.369362,22.601726
2434,88.368841,22.602774
2435,88.370974,22.602798
2436,88.370069,22.601544
2437,88.367296,22.601825
2438,88.370818,22.602570
2439,88.368462,22.603869
2440,88.369477,22.602933
2441,88.371518,22.602483
2442,88.369931,22.601131
2443,88.370089,22.603547
2444,88.369186,22.601252
2445,88.370776,22.600923
2446,88.369576,22.603668
2447,88.372501,22.602289
2448,88.370053,22.602061
2449,88.366931,22.600850
2450,88.370815,22.601806
2451,88.372006,22.598846
2452,88.372110,22.597726
2453,88.371631,22.603235
2454,88.369323,22.605456
2455,88.369236,22.604851
2456,88.369445,22.605969
2457,88.372807,22.604506
2458,88.371433,22.603838
2459,88.371954,22.603983
2460,88.369993,22.604708
2461,88.373376,22.603585
2462,88.369053,22.603776
2463,88.370678,22.604370
2464,88.371608,22.606150
2465,88.372620,22.603793
2466,88.371730,22.604530
2467,88.371994,22.603969
2468,88.373307,22.604258
2469,88.372633,22.603484
2470,88.369764,22.603628
2471,88.372829,22.603371
2472,88.371250,22.604662
2473,88.371563,22.604270
2474,88.371815,22.603776
2475,88.371958,22.605221
2476,88.370450,22.606591
2477,88.373042,22.605499
2478,88.373089,22.604998
2479,88.369306,22.605157
2480,88.372543,22.605738
2481,88.371124,22.603912
2482,88.372863,22.604485
2483,88.372099,22.604423
2484,88.372332,22.605133
2485,88.370282,22.605910
2486,88.370159,22.605407
2487,88.371421,22.605367
2488,88.373962,22.603525
2489,88.374443,22.604734
2490,88.375236,22.604087
2491,88.376586,22.602919
2492,88.375059,22.603326
2493,88.373375,22.603713
2494,88.372795,22.597309
2495,88.374256,22.595891
2496,88.374595,22.594214
2497,88.373368,22.594756
2498,88.374422,22.595876
2499,88.373348,22.594335
2500,88.373480,22.597184
2501,88.373433,22.599763
2502,88.374159,22.597121
2503,88.373651,22.598058
2504,88.371946,22.595767
2505,88.374416,22.595307
2506,88.372490,22.597499
2507,88.372512,22.596619
2508,88.373295,22.597211
2509,88.372848,22.595479
2510,88.372974,22.595143
2511,88.372312,22.596871
2512,88.373570,22.597637
2513,88.374597,22.598493
2514,88.373186,22.596861
2515,88.372843,22.596955
2516,88.373158,22.597228
2517,88.371203,22.597761
2518,88.372738,22.595011
2519,88.373933,22.596300
2520,88.370617,22.597992
2521,88.374423,22.597052
2522,88.374260,22.595308
2523,88.373441,22.596023
2524,88.370520,22.597721
2525,88.373362,22.598287
2526,88.371969,22.596685
2527,88.373713,22.597160
2528,88.371079,22.597522
2529,88.374370,22.595586
2530,88.373503,22.596405
2531,88.371282,22.598035
2532,88.372748,22.596592
2533,88.371448,22.598958
2534,88.374604,22.595313
2535,88.373619,22.597880
2536,88.373031,22.595423
2537,88.372591,22.594399
2538,88.374143,22.594674
2539,88.373027,22.598343
2540,88.373380,22.594843
2541,88.371379,22.595937
2542,88.372926,22.594921
2543,88.374333,22.594234
2544,88.375351,22.595492
2545,88.373410,22.595674
2546,88.373394,22.595354
2547,88.373491,22.599959
2548,88.374342,22.595306
2549,88.375834,22.599623
2550,88.379512,22.597994
2551,88.378481,22.598015
2552,88.374837,22.599220
2553,88.375144,22.599867
2554,88.377670,22.597734
2555,88.375058,22.601062
2556,88.374624,22.601477
2557,88.375327,22.601388
2558,88.375233,22.600657
2559,88.376996,22.598711
2560,88.375292,22.600975
2561,88.378637,22.598223
2562,88.379152,22.597045
2563,88.374345,22.599485
2564,88.378765,22.597203
2565,88.375863,22.602008
2566,88.375215,22.600513
2567,88.378036,22.598421
2568,88.374454,22.601406
2569,88.374549,22.598682
2570,88.376104,22.601321
2571,88.375342,22.599252
2572,88.377942,22.598447
2573,88.373914,22.601182
2574,88.376441,22.600132
2575,88.376102,22.599014
2576,88.379811,22.596988
2577,88.379619,22.597750
2578,88.376992,22.602386
2579,88.375638,22.600481
2580,88.374869,22.599399
2581,88.377139,22.597986
2582,88.374430,22.601029
2583,88.375755,22.601347
2584,88.377171,22.596139
2585,88.376700,22.595375
2586,88.378039,22.594221
2587,88.378029,22.594178
2588,88.375842,22.596519
2589,88.378497,22.590328
2590,88.379239,22.592682
2591,88.375215,22.591318
2592,88.377993,22.597598
2593,88.377752,22.593082
2594,88.377358,22.596790
2595,88.379963,22.594431
2596,88.377895,22.596844
2597,88.378843,22.594845
2598,88.379070,22.595934
2599,88.378803,22.594499
2600,88.378273,22.597476
2601,88.378913,22.595927
2602,88.377057,22.591801
2603,88.377652,22.596064
2604,88.375784,22.590072
2605,88.377593,22.590495
2606,88.376611,22.596239
2607,88.376968,22.596731
2608,88.376378,22.597148
2609,88.375258,22.592095
2610,88.379261,22.590668
2611,88.376493,22.598206
2612,88.376534,22.597535
2613,88.378091,22.592984
2614,88.376900,22.596187
2615,88.377213,22.596593
2616,88.377228,22.597709
2617,88.378524,22.595447
2618,88.377505,22.592294
2619,88.378910,22.595390
2620,88.378725,22.595918
2621,88.377761,22.591022
2622,88.379956,22.594172
2623,88.377147,22.592378
2624,88.378275,22.594653
2625,88.378120,22.596916
2626,88.378103,22.594408
2627,88.378262,22.592934
2628,88.374796,22.597714
2629,88.379871,22.592670
2630,88.376710,22.598139
2631,88.379912,22.593398
2632,88.375305,22.592709
2633,88.377249,22.591507
2634,88.377847,22.592204
2635,88.379313,22.594166
2636,88.378549,22.593793
2637,88.377996,22.593987
2638,88.375945,22.592041
2639,88.375882,22.591253
2640,88.379076,22.593553
2641,88.376958,22.591158
2642,88.379170,22.589679
2643,88.378813,22.592779
2644,88.378523,22.593729
2645,88.377854,22.591319
2646,88.376268,22.597594
2647,88.379120,22.595347
2648,88.375375,22.595343
2649,88.378913,22.591912
2650,88.376487,22.594569
2651,88.376815,22.590233
2652,88.375365,22.593857
2653,88.378995,22.595374
2654,88.377269,22.572274
2655,88.374964,22.587260
2656,88.378186,22.589150
2657,88.377892,22.589862
2658,88.377692,22.588640
2659,88.376898,22.586782
2660,88.377515,22.589343
2661,88.377398,22.584418
2662,88.377573,22.588235
2663,88.378213,22.585207
2664,88.377773,22.586876
2665,88.377814,22.589202
2666,88.379283,22.585934
2667,88.376682,22.588363
2668,88.376292,22.584732
2669,88.377222,22.586843
2670,88.377497,22.589259
2671,88.377262,22.589951
2672,88.375536,22.587481
2673,88.376170,22.588289
2674,88.375566,22.587640
2675,88.376811,22.587312
2676,88.377895,22.575446
2677,88.376343,22.587280
2678,88.379538,22.588124
2679,88.376318,22.587624
2680,88.376699,22.588209
2681,88.375758,22.587098
2682,88.376426,22.588250
2683,88.375736,22.587604
2684,88.375804,22.585480
2685,88.375063,22.589053
2686,88.377450,22.585682
2687,88.375686,22.588041
2688,88.375486,22.585613
2689,88.377620,22.586104
2690,88.375606,22.589006
2691,88.378358,22.588908
2692,88.378383,22.588518
2693,88.375046,22.588757
2694,88.377770,22.585318
2695,88.377765,22.588990
2696,88.376918,22.585806
2697,88.374982,22.587484
2698,88.376344,22.581580
2699,88.376074,22.582842
2700,88.375287,22.577744
2701,88.374136,22.580667
2702,88.378244,22.579743
2703,88.378404,22.584019
2704,88.376243,22.578090
2705,88.376025,22.581985
2706,88.376080,22.576749
2707,88.375943,22.576372
2708,88.377070,22.576193
2709,88.376045,22.577516
2710,88.376287,22.581469
2711,88.377771,22.577714
2712,88.374602,22.583892
2713,88.375761,22.580981
2714,88.375961,22.583669
2715,88.376344,22.583717
2716,88.375656,22.578240
2717,88.375864,22.579124
2718,88.376878,22.577940
2719,88.375766,22.578209
2720,88.374393,22.577472
2721,88.375576,22.580450
2722,88.374744,22.576303
2723,88.373845,22.578689
2724,88.375347,22.578320
2725,88.377720,22.581925
2726,88.375966,22.577288
2727,88.373666,22.577527
2728,88.377913,22.584201
2729,88.375777,22.582887
2730,88.374903,22.576837
2731,88.376918,22.581924
2732,88.375160,22.583808
2733,88.376627,22.580068
2734,88.375832,22.576898
2735,88.375585,22.582079
2736,88.375245,22.577382
2737,88.376443,22.581954
2738,88.375824,22.576026
2739,88.375535,22.580260
2740,88.374305,22.576957
2741,88.374218,22.576448
2742,88.375041,22.577409
2743,88.378208,22.581933
2744,88.378698,22.581949
2745,88.376308,22.583597
2746,88.375912,22.581347
2747,88.377655,22.583380
2748,88.375421,22.582953
2749,88.375580,22.584985
2750,88.375764,22.576700
2751,88.375490,22.578279
2752,88.375670,22.577625
2753,88.374288,22.574902
2754,88.381778,22.565722
2755,88.374352,22.575369
2756,88.373425,22.575980
2757,88.375287,22.575188
2758,88.374188,22.571317
2759,88.376382,22.570479
2760,88.375745,22.571097
2761,88.375054,22.571530
2762,88.375385,22.575561
2763,88.375577,22.573135
2764,88.373059,22.570029
2765,88.375740,22.572975
2766,88.375627,22.570179
2767,88.373510,22.569732
2768,88.371617,22.570066
2769,88.372994,22.570739
2770,88.372860,22.570137
2771,88.374766,22.572300
2772,88.377868,22.569436
2773,88.382528,22.562971
2774,88.372366,22.569575
2775,88.372334,22.569312
2776,88.373118,22.570980
2777,88.372447,22.570956
2778,88.372332,22.573098
2779,88.377304,22.570611
2780,88.374989,22.571369
2781,88.371231,22.570841
2782,88.373234,22.570614
2783,88.375164,22.574684
2784,88.370406,22.569355
2785,88.378193,22.566033
2786,88.376138,22.565241
2787,88.378699,22.568429
2788,88.370642,22.569861
2789,88.368439,22.565094
2790,88.372093,22.560486
2791,88.371867,22.559237
2792,88.374713,22.559522
2793,88.375364,22.559538
2794,88.367454,22.562270
2795,88.371588,22.561285
2796,88.370631,22.560710
2797,88.371362,22.560574
2798,88.368063,22.560741
2799,88.368583,22.565107
2800,88.373984,22.560591
2801,88.371045,22.560637
2802,88.375675,22.559593
2803,88.371384,22.561336
2804,88.366352,22.554944
2805,88.367429,22.558653
2806,88.371477,22.556371
2807,88.370552,22.556977
2808,88.368858,22.557101
2809,88.368248,22.558395
2810,88.367543,22.557554
2811,88.371247,22.551265
2812,88.367972,22.559208
2813,88.372540,22.556994
2814,88.369062,22.556870
2815,88.371341,22.557196
2816,88.370600,22.553230
2817,88.365999,22.558507
2818,88.370740,22.552717
2819,88.368530,22.557665
2820,88.366616,22.557610
2821,88.366652,22.558481
2822,88.365995,22.552920
2823,88.367565,22.558432
2824,88.367876,22.560143
2825,88.368203,22.560657
2826,88.371518,22.557604
2827,88.370626,22.558141
2828,88.371173,22.557606
2829,88.372098,22.557933
2830,88.371735,22.557424
2831,88.371395,22.558036
2832,88.372138,22.557103
2833,88.371172,22.558066
2834,88.371313,22.557605
2835,88.370695,22.558589
2836,88.372258,22.557703
2837,88.370983,22.557588
2838,88.368682,22.560074
2839,88.371807,22.557966
2840,88.371756,22.556375
2841,88.364531,22.559771
2842,88.364843,22.560776
2843,88.363372,22.556856
2844,88.363565,22.557685
2845,88.365095,22.556124
2846,88.360308,22.558366
2847,88.363358,22.556626
2848,88.360812,22.553590
2849,88.363259,22.557960
2850,88.363559,22.556652
2851,88.365223,22.559227
2852,88.360801,22.557687
2853,88.362111,22.553134
2854,88.362272,22.560345
2855,88.356514,22.553471
2856,88.363977,22.558287
2857,88.364612,22.558264
2858,88.363132,22.558623
2859,88.357261,22.556373
2860,88.361664,22.559300
2861,88.365125,22.558366
2862,88.361335,22.557480
2863,88.362781,22.556933
2864,88.366205,22.559051
2865,88.364945,22.559743
2866,88.363607,22.554526
2867,88.363280,22.558316
2868,88.364074,22.557117
2869,88.362905,22.560531
2870,88.361531,22.555086
2871,88.360437,22.555423
2872,88.357006,22.553591
2873,88.361740,22.560348
2874,88.361974,22.559748
2875,88.364525,22.558980
2876,88.363473,22.558386
2877,88.357650,22.558274
2878,88.362217,22.556748
2879,88.360828,22.557116
2880,88.363098,22.557310
2881,88.360405,22.557652
2882,88.359032,22.557950
2883,88.362365,22.558827
2884,88.363451,22.557268
2885,88.358656,22.556107
2886,88.359685,22.553630
2887,88.362415,22.557822
2888,88.363651,22.552309
2889,88.358595,22.562308
2890,88.360101,22.560975
2891,88.359757,22.562656
2892,88.360322,22.561718
2893,88.359244,22.562081
2894,88.359605,22.561966
2895,88.361523,22.558998
2896,88.360301,22.558800
2897,88.361303,22.560161
2898,88.362743,22.554087
2899,88.360950,22.560354
2900,88.358730,22.558012
2901,88.359772,22.559735
2902,88.362175,22.559134
2903,88.358849,22.561327
2904,88.360520,22.558950
2905,88.359309,22.560267
2906,88.360982,22.559399
2907,88.359922,22.561035
2908,88.361553,22.559141
2909,88.362851,22.558227
2910,88.360447,22.560043
2911,88.361271,22.559454
2912,88.359640,22.560309
2913,88.362095,22.557733
2914,88.359960,22.560194
2915,88.358764,22.561009
2916,88.358963,22.559269
2917,88.360730,22.560751
2918,88.362622,22.558305
2919,88.358552,22.559362
2920,88.362591,22.556044
2921,88.362296,22.559445
2922,88.362122,22.554949
2923,88.360581,22.559527
2924,88.363669,22.556601
2925,88.361531,22.560027
2926,88.362739,22.556686
2927,88.361086,22.558831
2928,88.360787,22.559963
2929,88.359658,22.559290
2930,88.360630,22.559065
2931,88.363406,22.555877
2932,88.360234,22.559343
2933,88.361939,22.554444
2934,88.358696,22.559219
2935,88.359279,22.560745
2936,88.360264,22.559598
2937,88.359325,22.559251
2938,88.363971,22.556366
2939,88.361143,22.559840
2940,88.362647,22.554829
2941,88.361170,22.558582
2942,88.360954,22.559205
2943,88.365401,22.549377
2944,88.359775,22.557180
2945,88.358728,22.556395
2946,88.358902,22.557161
2947,88.360049,22.557140
2948,88.360374,22.555450
2949,88.359526,22.556469
2950,88.365444,22.550041
2951,88.365208,22.548921
2952,88.362526,22.549446
2953,88.360439,22.557491
2954,88.359380,22.554865
2955,88.357206,22.556052
2956,88.359921,22.554764
2957,88.358087,22.555615
2958,88.358741,22.555083
2959,88.357419,22.554968
2960,88.358634,22.554787
2961,88.361178,22.554467
2962,88.360210,22.554710
2963,88.360371,22.554117
2964,88.358879,22.555965
2965,88.359019,22.554690
2966,88.356864,22.554425
2967,88.357947,22.554890
2968,88.359322,22.554675
2969,88.358162,22.553599
2970,88.358872,22.553615
2971,88.351417,22.564444
2972,88.352064,22.564319
2973,88.354936,22.564208
2974,88.352338,22.565054
2975,88.356522,22.562441
2976,88.357256,22.562160
2977,88.356211,22.561897
2978,88.357200,22.562654
2979,88.355890,22.563315
2980,88.356712,22.562867
2981,88.353210,22.563752
2982,88.355893,22.562746
2983,88.356640,22.562706
2984,88.353396,22.562752
2985,88.354311,22.564423
2986,88.354910,22.556769
2987,88.352460,22.558252
2988,88.354014,22.561711
2989,88.352696,22.559400
2990,88.356600,22.556531
2991,88.352125,22.560560
2992,88.354650,22.556843
2993,88.352947,22.558173
2994,88.352838,22.556637
2995,88.353845,22.560803
2996,88.352743,22.555835
2997,88.353663,22.559247
2998,88.354429,22.555783
2999,88.353633,22.553949
3000,88.356909,22.561224
3001,88.356814,22.559103
3002,88.355879,22.557382
3003,88.356490,22.559264
3004,88.355025,22.560581
3005,88.357130,22.560142
3006,88.357531,22.561575
3007,88.356905,22.558379
3008,88.356476,22.561520
3009,88.355731,22.559913
3010,88.358046,22.559839
3011,88.356507,22.556314
3012,88.356326,22.555724
3013,88.355171,22.552789
3014,88.332141,22.554669
3015,88.357916,22.552157
3016,88.358899,22.545729
3017,88.359711,22.552271
3018,88.357076,22.545891
3019,88.358143,22.550673
3020,88.361517,22.552660
3021,88.358609,22.552093
3022,88.359280,22.551084
3023,88.361680,22.552656
3024,88.357721,22.550822
3025,88.360401,22.552346
3026,88.360455,22.549142
3027,88.362358,22.552959
3028,88.360499,22.552823
3029,88.359359,22.552857
3030,88.360899,22.549676
3031,88.358420,22.548681
3032,88.359412,22.549540
3033,88.358773,22.545398
3034,88.361171,22.550753
3035,88.359734,22.552460
3036,88.362284,22.552592
3037,88.362002,22.548070
3038,88.360215,22.548792
3039,88.356328,22.552389
3040,88.362250,22.551756
3041,88.358921,22.553617
3042,88.358786,22.549216
3043,88.360833,22.548546
3044,88.359673,22.550182
3045,88.360585,22.550871
3046,88.360276,22.551712
3047,88.361714,22.553399
3048,88.358736,22.553020
3049,88.356028,22.550930
3050,88.357772,22.542847
3051,88.354183,22.543703
3052,88.360161,22.543140
3053,88.351926,22.542642
3054,88.358883,22.543204
3055,88.352240,22.543892
3056,88.352902,22.542446
3057,88.350143,22.542933
3058,88.353173,22.543675
3059,88.359738,22.542389
3060,88.356005,22.543253
3061,88.359687,22.543261
3062,88.358511,22.542246
3063,88.358019,22.543475
3064,88.358672,22.542677
3065,88.351038,22.542785
3066,88.354123,22.543464
3067,88.346199,22.595949
3068,88.341417,22.591963
3069,88.340439,22.592060
3070,88.337575,22.590808
3071,88.340674,22.597997
3072,88.340788,22.590366
3073,88.340506,22.589521
3074,88.344922,22.596490
3075,88.338950,22.591217
3076,88.342936,22.591342
3077,88.343125,22.593643
3078,88.340922,22.590691
3079,88.340076,22.588694
3080,88.340759,22.592795
3081,88.342663,22.589992
3082,88.342400,22.591515
3083,88.342034,22.590200
3084,88.342300,22.593849
3085,88.338126,22.591888
3086,88.338965,22.593532
3087,88.342261,22.596970
3088,88.343412,22.594811
3089,88.352684,22.541451
3090,88.347189,22.541564
3091,88.343768,22.541396
3092,88.344084,22.541354
3093,88.354869,22.541139
3094,88.347222,22.541742
3095,88.353611,22.541391
3096,88.358174,22.540958
3097,88.352399,22.541274
3098,88.357015,22.541030
3099,88.362779,22.541767
3100,88.343270,22.547534
3101,88.341221,22.540999
3102,88.348612,22.541683
3103,88.349812,22.541582
3104,88.363232,22.541974
3105,88.351589,22.541512
3106,88.344133,22.541646
3107,88.357064,22.541163
3108,88.360101,22.540872
3109,88.349726,22.541411
3110,88.341313,22.540937
3111,88.359356,22.540948
3112,88.331111,22.544561
3113,88.331110,22.550988
3114,88.326128,22.546664
3115,88.326356,22.546807
3116,88.326686,22.546761
3117,88.325977,22.547999
3118,88.326185,22.547080
3119,88.325817,22.546491
3120,88.332304,22.541920
3121,88.326806,22.544841
3122,88.327696,22.549164
3123,88.329448,22.547110
3124,88.329661,22.545179
3125,88.329575,22.543720
3126,88.327499,22.544283
3127,88.329011,22.543650
3128,88.331406,22.552943
3129,88.330329,22.549625
3130,88.326574,22.550486
3131,88.327821,22.543274
3132,88.330125,22.547574
3133,88.327344,22.551116
3134,88.325757,22.547809
3135,88.330897,22.551086
3136,88.326343,22.547217
3137,88.330165,22.553683
3138,88.326324,22.546858
3139,88.326233,22.548221
3140,88.329301,22.544186
3141,88.325974,22.546911
3142,88.326136,22.545971
3143,88.329733,22.549538
3144,88.326334,22.546330
3145,88.329755,22.548186
3146,88.330714,22.550604
3147,88.329620,22.549729
3148,88.327127,22.544759
3149,88.326541,22.546984
3150,88.331933,22.553137
3151,88.330906,22.549882
3152,88.327249,22.546849
3153,88.326578,22.546479
3154,88.331052,22.549351
3155,88.327514,22.549317
3156,88.328317,22.546207
3157,88.325213,22.548659
3158,88.325343,22.549654
3159,88.331473,22.552574
3160,88.326842,22.546526
3161,88.329339,22.544791
3162,88.330049,22.549357
3163,88.328607,22.543509
3164,88.330454,22.549967
3165,88.327736,22.544124
3166,88.326451,22.546187
3167,88.340424,22.550473
3168,88.326013,22.546174
3169,88.327882,22.544446
3170,88.330430,22.549089
3171,88.327659,22.543505
3172,88.327433,22.547921
3173,88.327279,22.544047
3174,88.330938,22.550516
3175,88.325251,22.547371
3176,88.329514,22.548321
3177,88.326470,22.546639
3178,88.327901,22.549645
3179,88.327710,22.544607
3180,88.327929,22.544555
3181,88.330686,22.554157
3182,88.327729,22.547225
3183,88.326666,22.546367
3184,88.327531,22.543687
3185,88.329240,22.548539
3186,88.330192,22.549245
3187,88.326437,22.547305
3188,88.324749,22.549409
3189,88.327107,22.546761
3190,88.331715,22.553277
3191,88.329424,22.545132
3192,88.326735,22.550608
3193,88.328040,22.545009
3194,88.325686,22.546688
3195,88.331640,22.552996
3196,88.368968,22.553954
3197,88.366546,22.556713
3198,88.367005,22.555386
3199,88.368837,22.553126
3200,88.370463,22.553804
3201,88.367577,22.552294
3202,88.368774,22.553979
3203,88.369435,22.553788
3204,88.366436,22.555500
3205,88.360159,22.548368
3206,88.368207,22.553245
3207,88.367069,22.552788
3208,88.367563,22.555742
3209,88.366238,22.554298
3210,88.367842,22.554225
3211,88.366932,22.552232
3212,88.367552,22.552734
3213,88.369076,22.555336
3214,88.367226,22.554649
3215,88.366883,22.554797
3216,88.366993,22.552785
3217,88.368720,22.553627
3218,88.368656,22.553150
3219,88.370165,22.555345
3220,88.364971,22.555806
3221,88.366524,22.556000
3222,88.368349,22.554635
3223,88.366435,22.555454
3224,88.368551,22.555404
3225,88.369634,22.555197
3226,88.369303,22.556536
3227,88.367275,22.554775
3228,88.368142,22.554385
3229,88.367964,22.553641
3230,88.367497,22.556643
3231,88.359830,22.547392
3232,88.367295,22.554355
3233,88.365898,22.552244
3234,88.364695,22.551394
3235,88.365762,22.551367
3236,88.366903,22.551176
3237,88.367737,22.551165
3238,88.365469,22.551395
3239,88.364793,22.552271
3240,88.364664,22.551058
3241,88.329626,22.546917
3242,88.330343,22.547602
3243,88.329457,22.545402
3244,88.362811,22.545671
3245,88.363595,22.552157
3246,88.365687,22.545560
3247,88.365165,22.548498
3248,88.363225,22.543831
3249,88.364292,22.551099
3250,88.365788,22.543853
3251,88.365017,22.544101
3252,88.364893,22.551030
3253,88.364004,22.545475
3254,88.365615,22.547143
3255,88.362911,22.550469
3256,88.365460,22.544684
3257,88.366378,22.545618
3258,88.370811,22.551605
3259,88.366626,22.546946
3260,88.369197,22.549083
3261,88.368005,22.546762
3262,88.370571,22.545671
3263,88.368339,22.551692
3264,88.367743,22.549464
3265,88.368732,22.551168
3266,88.367590,22.543906
3267,88.370139,22.551297
3268,88.366912,22.551416
3269,88.365858,22.544207
3270,88.368729,22.552643
3271,88.366968,22.547980
3272,88.369671,22.553293
3273,88.367621,22.551442
3274,88.368413,22.553214
3275,88.367454,22.548812
3276,88.371074,22.549943
3277,88.366352,22.552238
3278,88.369465,22.551017
3279,88.368941,22.551733
3280,88.367929,22.550118
3281,88.366823,22.549028
3282,88.368135,22.552220
3283,88.369209,22.552708
3284,88.370191,22.552350
3285,88.366439,22.552898
3286,88.368277,22.552715
3287,88.370769,22.552221
3288,88.368725,22.551642
3289,88.369692,22.548955
3290,88.369571,22.545867
3291,88.370000,22.551733
3292,88.368373,22.552957
3293,88.370972,22.548725
3294,88.366796,22.550445
3295,88.367310,22.550571
3296,88.367673,22.550669
3297,88.367216,22.550343
3298,88.367621,22.550314
3299,88.370267,22.550154
3300,88.370008,22.549341
3301,88.368898,22.547698
3302,88.368759,22.548575
3303,88.371132,22.550616
3304,88.369066,22.548264
3305,88.366363,22.545316
3306,88.367240,22.544700
3307,88.365818,22.547628
3308,88.367608,22.546224
3309,88.366645,22.544992
3310,88.366341,22.544109
3311,88.368026,22.545035
3312,88.366471,22.546290
3313,88.368250,22.544860
3314,88.371591,22.554669
3315,88.372098,22.554542
3316,88.371872,22.556351
3317,88.370196,22.555151
3318,88.371681,22.555057
3319,88.377789,22.561411
3320,88.377977,22.563809
3321,88.377534,22.563806
3322,88.378122,22.562580
3323,88.381641,22.561247
3324,88.383197,22.563125
3325,88.375913,22.563559
3326,88.382923,22.559008
3327,88.382354,22.560162
3328,88.379034,22.563789
3329,88.384323,22.554990
3330,88.381394,22.563209
3331,88.383041,22.558756
3332,88.378079,22.563025
3333,88.377718,22.563072
3334,88.361015,22.545349
3335,88.361704,22.541299
3336,88.362154,22.546164
3337,88.361351,22.543122
3338,88.364851,22.543688
3339,88.361967,22.545062
3340,88.360287,22.543469
3341,88.361046,22.542337
3342,88.360875,22.541087
3343,88.362064,22.544474
3344,88.363319,22.544063
3345,88.362485,22.543103
3346,88.363169,22.543388
3347,88.370528,22.540725
3348,88.369245,22.541466
3349,88.369276,22.541872
3350,88.370803,22.541707
3351,88.368078,22.541222
3352,88.369227,22.541232
3353,88.369208,22.541029
3354,88.381588,22.564886
3355,88.383565,22.560910
3356,88.385211,22.561671
3357,88.383348,22.560666
3358,88.378535,22.566084
3359,88.382107,22.564553
3360,88.383921,22.561589
3361,88.382928,22.559989
3362,88.381409,22.556797
3363,88.378042,22.563506
3364,88.374318,22.555580
3365,88.386079,22.557797
3366,88.380723,22.556951
3367,88.376378,22.555382
3368,88.381272,22.556318
3369,88.380921,22.556395
3370,88.380192,22.556422
3371,88.382140,22.556124
3372,88.381710,22.557131
3373,88.380035,22.557113
3374,88.373900,22.555521
3375,88.380084,22.557726
3376,88.381072,22.556814
3377,88.372376,22.555842
3378,88.382877,22.559103
3379,88.383534,22.555253
3380,88.375310,22.555558
3381,88.377511,22.554346
3382,88.375826,22.557254
3383,88.376769,22.559230
3384,88.376143,22.557226
3385,88.376073,22.556930
3386,88.375839,22.555744
3387,88.376314,22.559345
3388,88.377663,22.554924
3389,88.377424,22.559058
3390,88.376166,22.557707
3391,88.376666,22.557131
3392,88.376022,22.556549
3393,88.380082,22.557615
3394,88.379359,22.557713
3395,88.376851,22.557574
3396,88.375657,22.555687
3397,88.375754,22.557250
3398,88.379390,22.554608
3399,88.376851,22.557299
3400,88.375827,22.557751
3401,88.375721,22.555845
3402,88.376674,22.556194
3403,88.380933,22.552553
3404,88.382039,22.552511
3405,88.379946,22.553341
3406,88.380493,22.553212
3407,88.379875,22.554853
3408,88.380423,22.552900
3409,88.373530,22.557765
3410,88.373166,22.556188
3411,88.373904,22.558045
3412,88.373089,22.555692
3413,88.375509,22.555533
3414,88.374550,22.558682
3415,88.374356,22.556004
3416,88.374048,22.558847
3417,88.373331,22.556853
3418,88.373067,22.554984
3419,88.371938,22.553753
3420,88.373955,22.552642
3421,88.377049,22.551087
3422,88.374263,22.551799
3423,88.372363,22.549882
3424,88.372981,22.554472
3425,88.372430,22.551790
3426,88.371649,22.552534
3427,88.371030,22.549394
3428,88.372417,22.552042
3429,88.372246,22.555130
3430,88.376373,22.555179
3431,88.374345,22.552325
3432,88.372599,22.550922
3433,88.373825,22.554361
3434,88.375223,22.552393
3435,88.375434,22.554921
3436,88.374237,22.555457
3437,88.372661,22.553004
3438,88.375013,22.552508
3439,88.377462,22.551805
3440,88.374108,22.554814
3441,88.372546,22.552388
3442,88.377339,22.551909
3443,88.373026,22.552332
3444,88.375150,22.551320
3445,88.372213,22.549173
3446,88.371838,22.548059
3447,88.371797,22.553161
3448,88.372793,22.553595
3449,88.374230,22.551559
3450,88.372320,22.549685
3451,88.373685,22.552142
3452,88.374310,22.552100
3453,88.377406,22.551537
3454,88.374892,22.551324
3455,88.377296,22.550586
3456,88.372202,22.550943
3457,88.373905,22.548843
3458,88.373768,22.549726
3459,88.372430,22.549989
3460,88.374072,22.551172
3461,88.372906,22.548936
3462,88.371470,22.551813
3463,88.373953,22.551589
3464,88.371862,22.551382
3465,88.374061,22.551043
3466,88.374495,22.551003
3467,88.371555,22.549333
3468,88.372274,22.546227
3469,88.373218,22.550443
3470,88.372446,22.545514
3471,88.372703,22.550518
3472,88.373990,22.550115
3473,88.373272,22.549784
3474,88.373465,22.550607
3475,88.374020,22.550435
3476,88.373998,22.551368
3477,88.373406,22.548915
3478,88.374715,22.550373
3479,88.372505,22.551323
3480,88.372456,22.551611
3481,88.373728,22.549320
3482,88.371434,22.548612
3483,88.374066,22.549685
3484,88.370721,22.546870
3485,88.372172,22.546745
3486,88.371216,22.543597
3487,88.370894,22.548232
3488,88.372878,22.540084
3489,88.371947,22.548476
3490,88.372818,22.542084
3491,88.372857,22.545952
3492,88.371031,22.540556
3493,88.376552,22.543080
3494,88.373394,22.540055
3495,88.377486,22.543197
3496,88.375366,22.545327
3497,88.373429,22.541968
3498,88.373136,22.545962
3499,88.372943,22.547944
3500,88.373736,22.548864
3501,88.378286,22.543217
3502,88.372146,22.537672
3503,88.372734,22.537266
3504,88.371572,22.538235
3505,88.372732,22.537315
3506,88.369338,22.538617
3507,88.370255,22.539815
3508,88.370433,22.539139
3509,88.370189,22.538535
3510,88.372441,22.536549
3511,88.369696,22.538597
3512,88.370342,22.538817
3513,88.371476,22.537857
3514,88.370999,22.537153
3515,88.372761,22.537792
3516,88.369848,22.538575
3517,88.372840,22.538217
3518,88.369904,22.538885
3519,88.371148,22.538157
3520,88.369852,22.539848
3521,88.369740,22.537247
3522,88.371043,22.537506
3523,88.370051,22.539424
3524,88.369935,22.537903
3525,88.370712,22.538744
3526,88.378109,22.553997
3527,88.376779,22.554995
3528,88.379515,22.553679
3529,88.377985,22.553515
3530,88.376016,22.552239
3531,88.376156,22.552247
3532,88.377988,22.553108
3533,88.385890,22.571160
3534,88.385425,22.571107
3535,88.382794,22.570021
3536,88.385090,22.572973
3537,88.382188,22.569257
3538,88.386050,22.568916
3539,88.383619,22.571783
3540,88.384626,22.565165
3541,88.386056,22.571194
3542,88.382344,22.569867
3543,88.385135,22.566329
3544,88.385172,22.573363
3545,88.382858,22.566573
3546,88.385739,22.570040
3547,88.384536,22.573535
3548,88.383752,22.572267
3549,88.383822,22.572554
3550,88.384429,22.573072
3551,88.385628,22.571079
3552,88.384904,22.572026
3553,88.382223,22.569393
3554,88.385019,22.572010
3555,88.382644,22.569911
3556,88.382386,22.565962
3557,88.385001,22.572378
3558,88.382690,22.569345
3559,88.385447,22.565001
3560,88.384057,22.573672
3561,88.384323,22.572493
3562,88.377454,22.573389
3563,88.379488,22.574150
3564,88.379777,22.574894
3565,88.380160,22.573448
3566,88.379110,22.574239
3567,88.379606,22.573671
3568,88.380281,22.574746
3569,88.383446,22.581882
3570,88.380723,22.578106
3571,88.378305,22.575304
3572,88.378789,22.575525
3573,88.381394,22.582783
3574,88.379418,22.576692
3575,88.379142,22.577781
3576,88.379566,22.576175
3577,88.378910,22.577842
3578,88.379434,22.577606
3579,88.380331,22.577230
3580,88.378465,22.577935
3581,88.383143,22.580083
3582,88.381321,22.579177
3583,88.382612,22.580155
3584,88.380822,22.579879
3585,88.383515,22.580045
3586,88.380272,22.575948
3587,88.382181,22.574196
3588,88.382065,22.576381
3589,88.384354,22.580011
3590,88.385943,22.576854
3591,88.382888,22.576072
3592,88.384173,22.579960
3593,88.379791,22.575810
3594,88.380735,22.577243
3595,88.380131,22.575707
3596,88.379877,22.576040
3597,88.385232,22.576755
3598,88.383075,22.573946
3599,88.388813,22.584603
3600,88.386235,22.588469
3601,88.390727,22.588690
3602,88.381032,22.587227
3603,88.380072,22.587488
3604,88.386629,22.584428
3605,88.386495,22.584434
3606,88.386541,22.587825
3607,88.384093,22.589232
3608,88.382108,22.588450
3609,88.385857,22.587760
3610,88.381630,22.585442
3611,88.380848,22.588789
3612,88.388990,22.584543
3613,88.385672,22.586614
3614,88.383800,22.592361
3615,88.385263,22.586743
3616,88.380529,22.592478
3617,88.387332,22.586279
3618,88.383097,22.587458
3619,88.388617,22.593209
3620,88.385546,22.591248
3621,88.383427,22.592649
3622,88.386549,22.585866
3623,88.385935,22.587541
3624,88.380530,22.586292
3625,88.383524,22.587312
3626,88.384052,22.592141
3627,88.381509,22.588761
3628,88.386130,22.587158
3629,88.380315,22.589486
3630,88.386993,22.590566
3631,88.381543,22.582724
3632,88.383009,22.593322
3633,88.388843,22.588268
3634,88.381040,22.589354
3635,88.389365,22.584330
3636,88.389725,22.589078
3637,88.382357,22.587685
3638,88.381655,22.589163
3639,88.381994,22.584370
3640,88.382077,22.587764
3641,88.386456,22.588134
3642,88.386144,22.588359
3643,88.385975,22.587327
3644,88.383053,22.594395
3645,88.379963,22.586586
3646,88.381952,22.587800
3647,88.382290,22.588387
3648,88.380702,22.589407
3649,88.380697,22.586544
3650,88.382879,22.594385
3651,88.382706,22.588761
3652,88.384130,22.592089
3653,88.389634,22.588942
3654,88.382154,22.586358
3655,88.383698,22.586022
3656,88.381957,22.588502
3657,88.388523,22.587820
3658,88.381963,22.585813
3659,88.380583,22.586558
3660,88.382592,22.582318
3661,88.382145,22.588979
3662,88.386326,22.588058
3663,88.383645,22.588419
3664,88.391513,22.592186
3665,88.381434,22.585972
3666,88.386069,22.590997
3667,88.381919,22.589067
3668,88.382730,22.588752
3669,88.385737,22.582443
3670,88.385353,22.581961
3671,88.385247,22.582504
3672,88.385153,22.581321
3673,88.386794,22.580672
3674,88.386981,22.583318
3675,88.388004,22.584217
3676,88.386114,22.581631
3677,88.386442,22.582820
3678,88.387327,22.582528
3679,88.387408,22.583553
3680,88.386751,22.582699
3681,88.387686,22.583430
3682,88.388278,22.584039
3683,88.387048,22.582598
3684,88.388082,22.585436
3685,88.388118,22.587067
3686,88.387542,22.585648
3687,88.388219,22.586634
3688,88.387603,22.586980
3689,88.387802,22.586644
3690,88.388946,22.585450
3691,88.387748,22.587337
3692,88.388024,22.587209
3693,88.387933,22.586780
3694,88.393329,22.591040
3695,88.388676,22.587613
3696,88.388548,22.586892
3697,88.388319,22.587213
3698,88.389851,22.588342
3699,88.389074,22.586876
3700,88.389456,22.586851
3701,88.390340,22.588793
3702,88.388306,22.587584
3703,88.388062,22.586526
3704,88.387071,22.584389
3705,88.392621,22.588253
3706,88.388634,22.587031
3707,88.387998,22.586931
3708,88.389941,22.588922
3709,88.388739,22.587075
3710,88.388185,22.585693
3711,88.388379,22.586716
3712,88.388462,22.587743
3713,88.388963,22.586615
3714,88.389229,22.587369
3715,88.388671,22.588009
3716,88.383754,22.588696
3717,88.383976,22.588278
3718,88.386811,22.587950
3719,88.386866,22.587545
3720,88.387437,22.587415
3721,88.387759,22.587958
3722,88.387832,22.590044
3723,88.388446,22.589164
3724,88.388712,22.589598
3725,88.388194,22.587412
3726,88.387557,22.589152
3727,88.387979,22.587552
3728,88.388885,22.589512
3729,88.388597,22.589079
3730,88.383301,22.590412
3731,88.383168,22.589409
3732,88.384811,22.591465
3733,88.385157,22.590752
3734,88.384774,22.591297
3735,88.384141,22.591735
3736,88.384894,22.591694
3737,88.382996,22.589786
3738,88.384210,22.591272
3739,88.382409,22.589323
3740,88.383521,22.588729
3741,88.383812,22.589202
3742,88.382483,22.589539
3743,88.384667,22.590857
3744,88.382224,22.588947
3745,88.384766,22.590792
3746,88.382920,22.589590
3747,88.384591,22.591357
3748,88.385779,22.590291
3749,88.383277,22.592352
3750,88.383272,22.589672
3751,88.384659,22.591524
3752,88.382649,22.592682
3753,88.383999,22.589142
3754,88.383712,22.591255
3755,88.384754,22.590280
3756,88.383910,22.591812
3757,88.382894,22.589418
3758,88.384490,22.591901
3759,88.383226,22.593147
3760,88.383095,22.589761
3761,88.382516,22.589659
3762,88.382811,22.592317
3763,88.382093,22.589470
3764,88.385204,22.590149
3765,88.381645,22.592589
3766,88.382242,22.589741
3767,88.382174,22.590113
3768,88.385813,22.591120
3769,88.382164,22.589633
3770,88.382865,22.589218
3771,88.384952,22.590235
3772,88.386842,22.593290
3773,88.380605,22.594433
3774,88.387458,22.593652
3775,88.383184,22.593179
3776,88.382118,22.594320
3777,88.384315,22.594448
3778,88.385170,22.593622
3779,88.385149,22.594354
3780,88.385092,22.593419
3781,88.382006,22.594143
3782,88.382989,22.593433
3783,88.383486,22.593494
3784,88.385537,22.593503
3785,88.382201,22.594354
3786,88.384083,22.593306
3787,88.385479,22.593296
3788,88.380605,22.594217
3789,88.384663,22.593116
3790,88.384978,22.593889
3791,88.384594,22.594444
3792,88.384819,22.593500
3793,88.385192,22.592652
3794,88.385309,22.592901
3795,88.384052,22.592945
3796,88.385509,22.592420
3797,88.385268,22.591612
3798,88.384611,22.592238
3799,88.384409,22.592347
3800,88.383685,22.593435
3801,88.384370,22.592492
3802,88.384955,22.591681
3803,88.384754,22.592642
3804,88.388469,22.589720
3805,88.389833,22.590180
3806,88.388813,22.589550
3807,88.389224,22.589343
3808,88.388279,22.591562
3809,88.389482,22.592413
3810,88.389718,22.590535
3811,88.389877,22.592299
3812,88.386479,22.591591
3813,88.389027,22.591274
3814,88.390184,22.591401
3815,88.388829,22.590636
3816,88.389639,22.589543
3817,88.390215,22.592648
3818,88.389498,22.591149
3819,88.389576,22.590296
3820,88.389973,22.590478
3821,88.389362,22.592113
3822,88.389342,22.589643
3823,88.387954,22.591708
3824,88.386431,22.590811
3825,88.386246,22.590906
3826,88.388141,22.591433
3827,88.389772,22.592001
3828,88.389224,22.591770
3829,88.388376,22.591329
3830,88.389162,22.590478
3831,88.386736,22.591413
3832,88.389645,22.592887
3833,88.388046,22.591230
3834,88.389652,22.591625
3835,88.389502,22.589200
3836,88.389973,22.591518
3837,88.388215,22.591591
3838,88.387536,22.591200
3839,88.389337,22.592987
3840,88.389384,22.592970
3841,88.380407,22.598514
3842,88.383254,22.594976
3843,88.379764,22.598999
3844,88.380779,22.599456
3845,88.392242,22.595120
3846,88.380665,22.600050
3847,88.381406,22.599080
3848,88.383963,22.600095
3849,88.380333,22.599697
3850,88.381196,22.596851
3851,88.379269,22.600112
3852,88.380707,22.596088
3853,88.380001,22.598490
3854,88.380429,22.599961
3855,88.391486,22.595743
3856,88.381469,22.597916
3857,88.379601,22.599319
3858,88.380633,22.596106
3859,88.382465,22.599132
3860,88.383135,22.599619
3861,88.380849,22.599841
3862,88.380458,22.600092
3863,88.394499,22.592339
3864,88.380627,22.599360
3865,88.383298,22.599913
3866,88.381979,22.598805
3867,88.379450,22.599649
3868,88.379246,22.581895
3869,88.381481,22.596203
3870,88.386195,22.597565
3871,88.382709,22.599251
3872,88.382858,22.595159
3873,88.384243,22.598915
3874,88.385122,22.596922
3875,88.381686,22.596632
3876,88.381738,22.597557
3877,88.382085,22.595468
3878,88.383159,22.597679
3879,88.383467,22.598238
3880,88.383204,22.595956
3881,88.384090,22.597023
3882,88.384584,22.598137
3883,88.382408,22.596173
3884,88.383749,22.595712
3885,88.382481,22.597299
3886,88.384161,22.597223
3887,88.382988,22.599435
3888,88.383398,22.597273
3889,88.382628,22.596213
3890,88.382788,22.598549
3891,88.383669,22.595445
3892,88.382114,22.596442
3893,88.383074,22.596256
3894,88.383808,22.599030
3895,88.384933,22.598014
3896,88.383586,22.597413
3897,88.382550,22.598111
3898,88.383639,22.597554
3899,88.383868,22.595980
3900,88.384258,22.596940
3901,88.383517,22.597230
3902,88.385416,22.599394
3903,88.381925,22.596526
3904,88.382601,22.598117
3905,88.381387,22.596771
3906,88.384745,22.596791
3907,88.383884,22.598805
3908,88.385571,22.597801
3909,88.383544,22.594817
3910,88.385530,22.595004
3911,88.385885,22.598857
3912,88.385206,22.597154
3913,88.386681,22.595996
3914,88.386362,22.596087
3915,88.385305,22.598624
3916,88.384768,22.597277
3917,88.386134,22.595508
3918,88.385246,22.595261
3919,88.385906,22.594974
3920,88.384377,22.595854
3921,88.385963,22.596209
3922,88.386054,22.595309
3923,88.384319,22.595304
3924,88.385103,22.597957
3925,88.385666,22.595688
3926,88.385109,22.595295
3927,88.385612,22.597783
3928,88.389478,22.595922
3929,88.389838,22.594905
3930,88.390070,22.595446
3931,88.386753,22.594723
3932,88.386131,22.594901
3933,88.390540,22.595351
3934,88.390310,22.595554
3935,88.390593,22.593981
3936,88.389132,22.595197
3937,88.389947,22.596751
3938,88.389472,22.595075
3939,88.387447,22.594542
3940,88.389377,22.595740
3941,88.389695,22.595605
3942,88.390379,22.595153
3943,88.388888,22.594657
3944,88.384659,22.595224
3945,88.388955,22.594806
3946,88.388280,22.594954
3947,88.390942,22.594858
3948,88.390678,22.594229
3949,88.389459,22.594452
3950,88.390135,22.593840
3951,88.390014,22.592819
3952,88.390290,22.593339
3953,88.391061,22.593856
3954,88.389967,22.593491
3955,88.389478,22.593860
3956,88.390562,22.592765
3957,88.389579,22.593650
3958,88.388632,22.594181
3959,88.390207,22.593157
3960,88.390545,22.593020
3961,88.380757,22.602733
3962,88.378385,22.603185
3963,88.379529,22.602590
3964,88.378876,22.602737
3965,88.378100,22.602083
3966,88.380007,22.602593
3967,88.378689,22.602763
3968,88.378369,22.602804
3969,88.378685,22.602596
3970,88.379238,22.601785
3971,88.378174,22.602909
3972,88.379421,22.602189
3973,88.379538,22.602624
3974,88.374817,22.606731
3975,88.377016,22.606672
3976,88.373943,22.605969
3977,88.378458,22.603527
3978,88.377093,22.603391
3979,88.378436,22.605945
3980,88.377285,22.605439
3981,88.374936,22.607550
3982,88.375135,22.607384
3983,88.377381,22.604335
3984,88.377108,22.604753
3985,88.374571,22.605456
3986,88.375418,22.607954
3987,88.377364,22.606538
3988,88.377931,22.605664
3989,88.377098,22.604002
3990,88.379364,22.605451
3991,88.377267,22.605740
3992,88.379114,22.603715
3993,88.379796,22.603990
3994,88.380029,22.604950
3995,88.377173,22.604160
3996,88.379074,22.605618
3997,88.380737,22.604339
3998,88.377314,22.604115
3999,88.377710,22.605914
4000,88.376899,22.606174
4001,88.377304,22.606036
4002,88.377121,22.606999
4003,88.372285,22.606753
4004,88.374022,22.606969
4005,88.372010,22.607443
4006,88.373281,22.607108
4007,88.372794,22.606509
4008,88.371973,22.607534
4009,88.374601,22.606289
4010,88.374580,22.606796
4011,88.373442,22.606767
4012,88.373106,22.606361
4013,88.373566,22.607014
4014,88.373600,22.607440
4015,88.369600,22.608529
4016,88.369488,22.608446
4017,88.368724,22.608037
4018,88.371162,22.609671
4019,88.371084,22.609990
4020,88.372474,22.612527
4021,88.369417,22.609974
4022,88.368945,22.610319
4023,88.370327,22.610771
4024,88.370121,22.609717
4025,88.374801,22.610272
4026,88.375457,22.609713
4027,88.372230,22.610506
4028,88.373457,22.609863
4029,88.373744,22.610876
4030,88.377407,22.609133
4031,88.374446,22.611254
4032,88.376546,22.609188
4033,88.374677,22.609543
4034,88.374134,22.609829
4035,88.374639,22.610758
4036,88.374442,22.609581
4037,88.368192,22.538003
4038,88.367428,22.538430
4039,88.367338,22.539152
4040,88.368541,22.539402
4041,88.368449,22.539928
4042,88.367354,22.541209
4043,88.368346,22.538769
4044,88.366757,22.540940
4045,88.369441,22.539316
4046,88.366811,22.541276
4047,88.368465,22.539484
4048,88.367924,22.538053
4049,88.364694,22.542027
4050,88.361647,22.541046
4051,88.365654,22.543640
4052,88.358659,22.538854
4053,88.361796,22.539840
4054,88.359201,22.538891
4055,88.365698,22.541609
4056,88.364666,22.541712
4057,88.362618,22.541485
4058,88.361418,22.537503
4059,88.365770,22.541929
4060,88.362905,22.540602
4061,88.360979,22.538874
4062,88.359969,22.539473
4063,88.362338,22.538137
4064,88.362477,22.538839
4065,88.362205,22.538994
4066,88.364880,22.535522
4067,88.362767,22.538053
4068,88.360645,22.538983
4069,88.360876,22.538567
4070,88.362121,22.538563
4071,88.360795,22.538265
4072,88.360351,22.535869
4073,88.364111,22.536674
4074,88.360268,22.538650
4075,88.360464,22.538623
4076,88.362420,22.538548
4077,88.362576,22.537581
4078,88.367859,22.536781
4079,88.368254,22.538162
4080,88.368480,22.536353
4081,88.367945,22.536560
4082,88.366767,22.537895
4083,88.367704,22.536420
4084,88.366449,22.537957
4085,88.368425,22.536213
4086,88.368658,22.537972
4087,88.368946,22.537222
4088,88.365848,22.535097
4089,88.368583,22.536655
4090,88.366887,22.537086
4091,88.368073,22.537100
4092,88.368920,22.537894
4093,88.367112,22.536515
4094,88.367274,22.536964
4095,88.366017,22.535567
4096,88.367130,22.536604
4097,88.366698,22.535994
4098,88.366859,22.536644
4099,88.367424,22.537771
4100,88.367049,22.537827
4101,88.368744,22.538296
4102,88.367610,22.536258
4103,88.368026,22.536927
4104,88.367070,22.536299
4105,88.365883,22.535658
4106,88.366454,22.535465
4107,88.367818,22.537706
4108,88.367549,22.536443
4109,88.368711,22.536943
4110,88.370641,22.535494
4111,88.369887,22.535128
4112,88.369210,22.536312
4113,88.368508,22.535028
4114,88.369129,22.536353
4115,88.369266,22.535421
4116,88.370457,22.537092
4117,88.368736,22.535361
4118,88.370059,22.533379
4119,88.371119,22.536294
4120,88.369671,22.531901
4121,88.371314,22.534037
4122,88.367323,22.529908
4123,88.371185,22.535271
4124,88.367700,22.532155
4125,88.370981,22.534603
4126,88.369450,22.529104
4127,88.367293,22.530123
4128,88.372751,22.530734
4129,88.367818,22.530549
4130,88.371599,22.533959
4131,88.368848,22.532041
4132,88.368620,22.533265
4133,88.372538,22.530788
4134,88.372178,22.533206
4135,88.373027,22.535048
4136,88.372089,22.532259
4137,88.371335,22.532847
4138,88.368194,22.529028
4139,88.371773,22.529252
4140,88.369007,22.530461
4141,88.370668,22.530524
4142,88.370676,22.530887
4143,88.370051,22.529142
4144,88.371131,22.529768
4145,88.371733,22.531651
4146,88.369941,22.531216
4147,88.372733,22.531982
4148,88.369819,22.529127
4149,88.368185,22.529677
4150,88.369001,22.529819
4151,88.366836,22.530187
4152,88.370617,22.530123
4153,88.372353,22.533789
4154,88.371969,22.530119
4155,88.371754,22.532026
4156,88.369655,22.531199
4157,88.371960,22.535280
4158,88.368298,22.531957
4159,88.369021,22.531215
4160,88.370081,22.529962
4161,88.369837,22.532076
4162,88.372017,22.535579
4163,88.367669,22.532537
4164,88.370239,22.533870
4165,88.366270,22.529348
4166,88.370724,22.535027
4167,88.371990,22.532024
4168,88.372660,22.531295
4169,88.372464,22.535389
4170,88.372431,22.536191
4171,88.367691,22.531474
4172,88.368564,22.530664
4173,88.371938,22.535111
4174,88.372007,22.535532
4175,88.370640,22.531213
4176,88.370456,22.534387
4177,88.371944,22.535142
4178,88.372360,22.535478
4179,88.372253,22.534524
4180,88.373061,22.535473
4181,88.371679,22.534208
4182,88.366521,22.534830
4183,88.371072,22.534922
4184,88.371094,22.530485
4185,88.369631,22.530391
4186,88.370937,22.535475
4187,88.368792,22.534724
4188,88.370914,22.533870
4189,88.368909,22.532467
4190,88.371656,22.532397
4191,88.369192,22.529804
4192,88.369650,22.530948
4193,88.371051,22.530890
4194,88.370588,22.529772
4195,88.371960,22.531124
4196,88.368663,22.529851
4197,88.371373,22.530401
4198,88.368746,22.531691
4199,88.368697,22.534122
4200,88.371575,22.533615
4201,88.366481,22.530125
4202,88.371856,22.533880
4203,88.370577,22.529176
4204,88.370914,22.534277
4205,88.370867,22.535335
4206,88.372427,22.535060
4207,88.368820,22.530995
4208,88.368815,22.533591
4209,88.368735,22.529075
4210,88.371639,22.532684
4211,88.370600,22.529972
4212,88.368722,22.532082
4213,88.372138,22.536107
4214,88.372438,22.534396
4215,88.371274,22.533805
4216,88.368595,22.524482
4217,88.366010,22.525389
4218,88.366159,22.526856
4219,88.368153,22.528204
4220,88.368601,22.525455
4221,88.367432,22.524524
4222,88.367872,22.525758
4223,88.371720,22.524729
4224,88.367248,22.526036
4225,88.368603,22.526389
4226,88.367705,22.526750
4227,88.366119,22.526130
4228,88.367356,22.528444
4229,88.368566,22.527900
4230,88.366154,22.527149
4231,88.369807,22.524761
4232,88.367501,22.525586
4233,88.366458,22.528480
4234,88.367965,22.524484
4235,88.368558,22.528240
4236,88.368604,22.526357
4237,88.371599,22.529241
4238,88.371879,22.529258
4239,88.372160,22.528509
4240,88.371754,22.527735
4241,88.372297,22.527478
4242,88.370724,22.528037
4243,88.369568,22.527985
4244,88.368572,22.527580
4245,88.371621,22.526559
4246,88.372323,22.526526
4247,88.369983,22.528423
4248,88.370829,22.527732
4249,88.370827,22.528027
4250,88.370850,22.527049
4251,88.370374,22.528062
4252,88.369488,22.528401
4253,88.371774,22.528041
4254,88.371897,22.528684
4255,88.370617,22.528776
4256,88.369864,22.527986
4257,88.370349,22.527539
4258,88.370312,22.526976
4259,88.372588,22.527463
4260,88.369568,22.527573
4261,88.371809,22.528326
4262,88.368566,22.526942
4263,88.371183,22.528046
4264,88.370232,22.529144
4265,88.371609,22.526314
4266,88.369991,22.528276
4267,88.370824,22.527536
4268,88.369935,22.529135
4269,88.371750,22.527526
4270,88.372470,22.528451
4271,88.372185,22.528662
4272,88.369497,22.529107
4273,88.371651,22.528322
4274,88.371719,22.527099
4275,88.372329,22.528037
4276,88.369779,22.526961
4277,88.370304,22.525933
4278,88.369818,22.526592
4279,88.370803,22.526356
4280,88.371087,22.524730
4281,88.370836,22.526530
4282,88.369421,22.526941
4283,88.370372,22.526235
4284,88.369501,22.525937
4285,88.370748,22.525889
4286,88.369826,22.526087
4287,88.369236,22.524915
4288,88.371200,22.527082
4289,88.371115,22.526309
4290,88.368594,22.524948
4291,88.371493,22.526274
4292,88.368917,22.526391
4293,88.369807,22.525931
4294,88.371197,22.526451
4295,88.371083,22.525458
4296,88.371346,22.526292
4297,88.374218,22.524419
4298,88.375269,22.524512
4299,88.375045,22.524373
4300,88.373674,22.524985
4301,88.373450,22.525228
4302,88.374042,22.526180
4303,88.373668,22.524765
4304,88.375595,22.525639
4305,88.373514,22.526114
4306,88.373601,22.527578
4307,88.374327,22.525565
4308,88.374538,22.526697
4309,88.373870,22.524747
4310,88.373310,22.526994
4311,88.374217,22.524760
4312,88.373245,22.526107
4313,88.374359,22.526148
4314,88.375025,22.526054
4315,88.375836,22.525740
4316,88.374023,22.524974
4317,88.374863,22.524826
4318,88.374017,22.525223
4319,88.373519,22.526229
4320,88.374874,22.524938
4321,88.375819,22.525590
4322,88.375763,22.525181
4323,88.375688,22.524695
4324,88.375427,22.526045
4325,88.374994,22.525652
4326,88.374280,22.525529
4327,88.375544,22.525773
4328,88.375032,22.526416
4329,88.375923,22.526422
4330,88.373929,22.525818
4331,88.373682,22.525231
4332,88.378389,22.525420
4333,88.376272,22.525766
4334,88.378558,22.525886
4335,88.375816,22.525562
4336,88.377263,22.525411
4337,88.377936,22.524776
4338,88.377494,22.524750
4339,88.376319,22.526063
4340,88.376750,22.524589
4341,88.376046,22.526212
4342,88.376707,22.524283
4343,88.376236,22.525564
4344,88.376308,22.525966
4345,88.378661,22.525196
4346,88.377786,22.525042
4347,88.378966,22.525382
4348,88.375898,22.526223
4349,88.377749,22.524926
4350,88.377836,22.525126
4351,88.376082,22.526552
4352,88.375852,22.525852
4353,88.380984,22.519970
4354,88.376877,22.523117
4355,88.378057,22.524837
4356,88.380535,22.520131
4357,88.379181,22.524207
4358,88.378346,22.524390
4359,88.377848,22.523472
4360,88.379420,22.524381
4361,88.378471,22.523893
4362,88.378926,22.523410
4363,88.375982,22.523640
4364,88.376287,22.523546
4365,88.378915,22.523941
4366,88.377258,22.523470
4367,88.380154,22.523214
4368,88.379127,22.523318
4369,88.378210,22.524690
4370,88.377849,22.522196
4371,88.379079,22.524391
4372,88.380759,22.520032
4373,88.378626,22.525176
4374,88.379530,22.523687
4375,88.379034,22.524182
4376,88.378317,22.523971
4377,88.378717,22.522959
4378,88.379248,22.523261
4379,88.380643,22.522897
4380,88.378816,22.524163
4381,88.380690,22.519286
4382,88.378912,22.524349
4383,88.377083,22.523042
4384,88.377756,22.523898
4385,88.378978,22.524082
4386,88.379063,22.524253
4387,88.379323,22.523786
4388,88.375956,22.523593
4389,88.379393,22.523193
4390,88.377929,22.522530
4391,88.381186,22.525119
4392,88.380549,22.524301
4393,88.379634,22.524477
4394,88.380624,22.523405
4395,88.384283,22.521158
4396,88.380569,22.522775
4397,88.380767,22.522741
4398,88.385392,22.521092
4399,88.383039,22.522301
4400,88.384718,22.521403
4401,88.379734,22.523932
4402,88.382805,22.521108
4403,88.385360,22.521949
4404,88.385564,22.522601
4405,88.383721,22.522137
4406,88.380093,22.524875
4407,88.381535,22.523133
4408,88.381016,22.519656
4409,88.380113,22.523260
4410,88.379554,22.521980
4411,88.393321,22.518390
4412,88.379327,22.521975
4413,88.379096,22.521972
4414,88.379837,22.524581
4415,88.384396,22.520682
4416,88.379137,22.522675
4417,88.382829,22.520512
4418,88.384379,22.521424
4419,88.393346,22.518702
4420,88.381225,22.520013
4421,88.385202,22.520432
4422,88.382701,22.522324
4423,88.383786,22.521249
4424,88.379261,22.522356
4425,88.383129,22.521365
4426,88.385390,22.522421
4427,88.383205,22.522064
4428,88.383087,22.520687
4429,88.383746,22.521649
4430,88.380195,22.523977
4431,88.380386,22.523462
4432,88.391565,22.520431
4433,88.384138,22.521214
4434,88.383021,22.520481
4435,88.383701,22.521993
4436,88.380423,22.523992
4437,88.379934,22.523857
4438,88.384380,22.520566
4439,88.385575,22.521723
4440,88.379605,22.524215
4441,88.383483,22.522038
4442,88.381148,22.520652
4443,88.381896,22.523905
4444,88.380723,22.525131
4445,88.380836,22.524638
4446,88.382820,22.520523
4447,88.379283,22.521635
4448,88.380889,22.525175
4449,88.385825,22.521308
4450,88.382663,22.520794
4451,88.379205,22.522257
4452,88.380878,22.523982
4453,88.381193,22.524547
4454,88.384921,22.520553
4455,88.384248,22.520258
4456,88.381142,22.520273
4457,88.380209,22.523524
4458,88.379436,22.522190
4459,88.381123,22.524827
4460,88.381175,22.524407
4461,88.380993,22.519988
4462,88.383552,22.520211
4463,88.379467,22.523721
4464,88.390207,22.520586
4465,88.380496,22.522599
4466,88.380225,22.523722
4467,88.385165,22.521122
4468,88.385497,22.523033
4469,88.380627,22.520578
4470,88.380449,22.522960
4471,88.383883,22.520169
4472,88.384517,22.521037
4473,88.382822,22.520198
4474,88.380894,22.520469
4475,88.382030,22.523614
4476,88.380143,22.524411
4477,88.380072,22.524707
4478,88.379544,22.524682
4479,88.379251,22.522614
4480,88.383818,22.520708
4481,88.380187,22.521906
4482,88.379938,22.523467
4483,88.385837,22.521421
4484,88.380807,22.520040
4485,88.380180,22.524478
4486,88.384775,22.520917
4487,88.383097,22.521009
4488,88.381391,22.523884
4489,88.380217,22.525261
4490,88.380761,22.523345
4491,88.380301,22.524804
4492,88.381669,22.523066
4493,88.380227,22.525450
4494,88.380565,22.523258
4495,88.378406,22.544037
4496,88.375805,22.546056
4497,88.375957,22.545641
4498,88.381163,22.543239
4499,88.375041,22.545408
4500,88.380241,22.549989
4501,88.377666,22.549536
4502,88.374654,22.545518
4503,88.381340,22.545062
4504,88.376845,22.550844
4505,88.376374,22.546552
4506,88.379532,22.550200
4507,88.377214,22.549809
4508,88.377344,22.550507
4509,88.376460,22.546664
4510,88.378159,22.550445
4511,88.382241,22.542717
4512,88.377564,22.544745
4513,88.375499,22.546373
4514,88.375586,22.546111
4515,88.379024,22.547685
4516,88.380428,22.549873
4517,88.379034,22.546633
4518,88.378722,22.547777
4519,88.376931,22.547757
4520,88.380935,22.549739
4521,88.378304,22.548334
4522,88.381244,22.543838
4523,88.375751,22.545875
4524,88.381118,22.542884
4525,88.381488,22.549665
4526,88.376112,22.545099
4527,88.379532,22.547346
4528,88.379779,22.521080
4529,88.378332,22.520126
4530,88.378627,22.521862
4531,88.378173,22.521586
4532,88.380360,22.519320
4533,88.379832,22.521222
4534,88.379762,22.520566
4535,88.378651,22.520336
4536,88.380125,22.520337
4537,88.379361,22.520339
4538,88.378006,22.520468
4539,88.378315,22.520580
4540,88.377567,22.520544
4541,88.380110,22.520340
4542,88.380177,22.519929
4543,88.380140,22.520486
4544,88.379899,22.521020
4545,88.379925,22.521407
4546,88.379710,22.520390
4547,88.378722,22.521306
4548,88.378446,22.521492
4549,88.378443,22.519351
4550,88.378318,22.520350
4551,88.378389,22.521339
4552,88.379002,22.520872
4553,88.378302,22.519935
4554,88.379329,22.521622
4555,88.377919,22.521763
4556,88.380290,22.520853
4557,88.379010,22.519680
4558,88.380350,22.519242
4559,88.379829,22.520248
4560,88.377983,22.522152
4561,88.377473,22.521818
4562,88.378342,22.520681
4563,88.377019,22.520328
4564,88.378682,22.520486
4565,88.378605,22.520093
4566,88.376892,22.521644
4567,88.375664,22.522448
4568,88.375298,22.523342
4569,88.376027,22.521504
4570,88.374099,22.524424
4571,88.377408,22.519807
4572,88.373427,22.524161
4573,88.374516,22.524392
4574,88.375522,22.523214
4575,88.376294,22.520038
4576,88.375501,22.519840
4577,88.375531,22.523314
4578,88.375094,22.523381
4579,88.374095,22.523620
4580,88.375820,22.520325
4581,88.374287,22.521862
4582,88.375705,22.520827
4583,88.375775,22.524238
4584,88.375469,22.523920
4585,88.374787,22.520396
4586,88.373605,22.524137
4587,88.375539,22.523459
4588,88.376304,22.521178
4589,88.376146,22.521263
4590,88.374903,22.521878
4591,88.374694,22.521881
4592,88.374923,22.522434
4593,88.372973,22.521777
4594,88.375872,22.523252
4595,88.374091,22.522681
4596,88.373511,22.522465
4597,88.373824,22.521326
4598,88.375559,22.522060
4599,88.373492,22.522088
4600,88.374034,22.522438
4601,88.375263,22.522111
4602,88.373358,22.523704
4603,88.373420,22.523917
4604,88.374071,22.523835
4605,88.374964,22.522109
4606,88.376757,22.520272
4607,88.373409,22.523560
4608,88.376085,22.519619
4609,88.375997,22.521586
4610,88.373605,22.524016
4611,88.372639,22.522492
4612,88.374889,22.520826
4613,88.375152,22.521682
4614,88.377437,22.520101
4615,88.373356,22.523920
4616,88.373970,22.522049
4617,88.373773,22.524145
4618,88.373422,22.524465
4619,88.378022,22.519999
4620,88.376630,22.519928
4621,88.377269,22.521209
4622,88.376009,22.520953
4623,88.375016,22.522921
4624,88.376212,22.520887
4625,88.374537,22.523838
4626,88.374073,22.520839
4627,88.373316,22.520799
4628,88.377988,22.519306
4629,88.372975,22.523223
4630,88.386955,22.521227
4631,88.387934,22.520963
4632,88.389348,22.521786
4633,88.389020,22.522125
4634,88.387898,22.520854
4635,88.387793,22.521460
4636,88.390347,22.521771
4637,88.387359,22.520015
4638,88.387861,22.521185
4639,88.388183,22.521130
4640,88.387209,22.521016
4641,88.387587,22.519957
4642,88.386296,22.521836
4643,88.388181,22.521697
4644,88.387057,22.521964
4645,88.388937,22.521557
4646,88.388193,22.521442
4647,88.386207,22.521482
4648,88.386839,22.521665
4649,88.386352,22.522061
4650,88.390334,22.519001
4651,88.387027,22.519586
4652,88.385592,22.519502
4653,88.389401,22.519792
4654,88.390620,22.519796
4655,88.389449,22.519046
4656,88.390664,22.519938
4657,88.390883,22.519911
4658,88.391110,22.518861
4659,88.389640,22.519568
4660,88.387563,22.518361
4661,88.387075,22.518443
4662,88.389850,22.519210
4663,88.389786,22.519232
4664,88.387744,22.519078
4665,88.390577,22.519661
4666,88.391683,22.520376
4667,88.390854,22.518898
4668,88.386912,22.518887
4669,88.389757,22.518821
4670,88.390823,22.518765
4671,88.387129,22.518849
4672,88.389528,22.519583
4673,88.389320,22.519315
4674,88.391392,22.519701
4675,88.390951,22.519286
4676,88.389210,22.519890
4677,88.390388,22.519695
4678,88.391072,22.518748
4679,88.389815,22.519666
4680,88.393056,22.518989
4681,88.386939,22.519014
4682,88.387118,22.518645
4683,88.390299,22.518751
4684,88.390388,22.519248
4685,88.391356,22.519610
4686,88.392486,22.518567
4687,88.390301,22.518768
4688,88.390575,22.518935
4689,88.387112,22.517760
4690,88.387287,22.519272
4691,88.387050,22.518342
4692,88.385794,22.519833
4693,88.389581,22.519260
4694,88.390428,22.519852
4695,88.391058,22.518744
4696,88.389357,22.519303
4697,88.391081,22.517527
4698,88.390833,22.515084
4699,88.392461,22.517183
4700,88.389591,22.515434
4701,88.392255,22.515564
4702,88.391346,22.515016
4703,88.392911,22.515238
4704,88.391464,22.515883
4705,88.389095,22.515903
4706,88.390905,22.516613
4707,88.390398,22.514900
4708,88.390319,22.515637
4709,88.392351,22.516075
4710,88.391149,22.515865
4711,88.392819,22.516558
4712,88.391615,22.516357
4713,88.392778,22.514416
4714,88.393071,22.516505
4715,88.389858,22.516756
4716,88.391568,22.516028
4717,88.392291,22.515760
4718,88.391159,22.518005
4719,88.393241,22.517754
4720,88.391782,22.516997
4721,88.389122,22.516157
4722,88.389521,22.516357
4723,88.390845,22.515716
4724,88.390639,22.516672
4725,88.391572,22.517951
4726,88.392558,22.517834
4727,88.390222,22.515383
4728,88.391763,22.518298
4729,88.391680,22.514961
4730,88.391624,22.514552
4731,88.391872,22.517920
4732,88.391487,22.517368
4733,88.382800,22.517626
4734,88.386201,22.517223
4735,88.380290,22.519161
4736,88.380469,22.518971
4737,88.383956,22.517635
4738,88.383980,22.518300
4739,88.387204,22.516622
4740,88.384685,22.518410
4741,88.384371,22.518796
4742,88.385027,22.519301
4743,88.384125,22.519471
4744,88.384266,22.517700
4745,88.383567,22.519172
4746,88.383436,22.519208
4747,88.383843,22.519150
4748,88.389354,22.517475
4749,88.383422,22.519538
4750,88.387710,22.516846
4751,88.383590,22.518907
4752,88.387621,22.516534
4753,88.385690,22.517333
4754,88.383149,22.519078
4755,88.385816,22.517743
4756,88.383220,22.518503
4757,88.381363,22.518567
4758,88.383555,22.518604
4759,88.381589,22.518385
4760,88.380841,22.518816
4761,88.381286,22.518809
4762,88.381346,22.518937
4763,88.381542,22.518962
4764,88.381032,22.519246
4765,88.381192,22.518657
4766,88.381436,22.518730
4767,88.385581,22.516058
4768,88.385517,22.514418
4769,88.384358,22.515496
4770,88.384387,22.514311
4771,88.385914,22.515029
4772,88.384495,22.513769
4773,88.385788,22.514456
4774,88.385069,22.514165
4775,88.385204,22.515380
4776,88.386407,22.515396
4777,88.385842,22.514641
4778,88.385687,22.514149
4779,88.385604,22.513929
4780,88.384702,22.515459
4781,88.384385,22.515061
4782,88.386048,22.515766
4783,88.386146,22.514557
4784,88.384881,22.515743
4785,88.381828,22.511437
4786,88.381874,22.510785
4787,88.381256,22.513615
4788,88.385136,22.515126
4789,88.381646,22.511665
4790,88.385020,22.513913
4791,88.384718,22.515716
4792,88.385161,22.513296
4793,88.385130,22.513883
4794,88.385533,22.514728
4795,88.385031,22.513575
4796,88.384352,22.514119
4797,88.385081,22.514948
4798,88.385022,22.514741
4799,88.384385,22.514061
4800,88.381877,22.511130
4801,88.385667,22.515225
4802,88.385379,22.515883
4803,88.386007,22.514093
4804,88.383867,22.516524
4805,88.384082,22.516055
4806,88.384382,22.516676
4807,88.385148,22.516206
4808,88.385632,22.517084
4809,88.384230,22.516593
4810,88.384019,22.516172
4811,88.385225,22.516924
4812,88.384284,22.516985
4813,88.383953,22.517062
4814,88.385666,22.517342
4815,88.384315,22.517086
4816,88.384606,22.516259
4817,88.385359,22.517491
4818,88.384375,22.516260
4819,88.384660,22.516561
4820,88.384904,22.517039
4821,88.384374,22.516135
4822,88.384587,22.516793
4823,88.384982,22.517584
4824,88.386240,22.516253
4825,88.385593,22.516586
4826,88.386159,22.515862
4827,88.385582,22.516319
4828,88.385951,22.517054
4829,88.385603,22.516738
4830,88.388900,22.515355
4831,88.387150,22.515017
4832,88.389309,22.514993
4833,88.388220,22.515210
4834,88.387010,22.514577
4835,88.388965,22.514838
4836,88.386873,22.515542
4837,88.386277,22.516581
4838,88.388193,22.515103
4839,88.387192,22.515217
4840,88.390039,22.514887
4841,88.387455,22.516362
4842,88.387264,22.515577
4843,88.389465,22.514968
4844,88.389004,22.514943
4845,88.388544,22.515193
4846,88.387854,22.515746
4847,88.387756,22.516274
4848,88.389009,22.514700
4849,88.388620,22.515590
4850,88.387598,22.515822
4851,88.389207,22.515439
4852,88.388407,22.515895
4853,88.387235,22.515423
4854,88.389139,22.514797
4855,88.387596,22.513337
4856,88.389714,22.513127
4857,88.386782,22.513497
4858,88.386686,22.513823
4859,88.386154,22.514582
4860,88.389728,22.513796
4861,88.388883,22.513073
4862,88.389342,22.513079
4863,88.388054,22.513880
4864,88.389403,22.513813
4865,88.388376,22.513530
4866,88.386018,22.513457
4867,88.386067,22.513172
4868,88.392472,22.512003
4869,88.386292,22.513360
4870,88.386732,22.513372
4871,88.385881,22.513640
4872,88.386724,22.513153
4873,88.388728,22.513623
4874,88.387223,22.514259
4875,88.387804,22.513333
4876,88.391365,22.513359
4877,88.386139,22.513408
4878,88.385920,22.513772
4879,88.392345,22.511028
4880,88.386580,22.513562
4881,88.390239,22.513926
4882,88.389205,22.513822
4883,88.386535,22.514466
4884,88.390943,22.514547
4885,88.388670,22.513438
4886,88.388578,22.513127
4887,88.389708,22.514499
4888,88.390149,22.513315
4889,88.387977,22.513281
4890,88.387188,22.513541
4891,88.392717,22.513800
4892,88.390983,22.513995
4893,88.390907,22.513403
4894,88.381436,22.518097
4895,88.381488,22.518211
4896,88.380644,22.517765
4897,88.378918,22.518108
4898,88.380981,22.518424
4899,88.379731,22.517986
4900,88.379079,22.517463
4901,88.379602,22.517976
4902,88.380172,22.518062
4903,88.378814,22.517640
4904,88.380565,22.518553
4905,88.379272,22.517671
4906,88.378869,22.517236
4907,88.379517,22.517606
4908,88.380266,22.517892
4909,88.379776,22.518048
4910,88.380504,22.518248
4911,88.381093,22.518704
4912,88.381988,22.518067
4913,88.381624,22.517111
4914,88.381567,22.518042
4915,88.379356,22.518013
4916,88.381405,22.517758
4917,88.380137,22.518202
4918,88.380970,22.518395
4919,88.380310,22.517612
4920,88.379574,22.517102
4921,88.379154,22.517077
4922,88.380381,22.517853
4923,88.379683,22.517076
4924,88.379844,22.516898
4925,88.380815,22.517089
4926,88.379830,22.516812
4927,88.380815,22.517442
4928,88.380332,22.517684
4929,88.380201,22.517314
4930,88.379352,22.516718
4931,88.379934,22.516515
4932,88.379592,22.516591
4933,88.380746,22.517288
4934,88.379552,22.516936
4935,88.379537,22.516817
4936,88.379802,22.516549
4937,88.380051,22.517405
4938,88.380262,22.517452
4939,88.379429,22.516321
4940,88.379986,22.516721
4941,88.380227,22.516403
4942,88.379656,22.517480
4943,88.382390,22.517509
4944,88.382273,22.515912
4945,88.380226,22.514516
4946,88.382886,22.517352
4947,88.381483,22.516996
4948,88.381904,22.516597
4949,88.382922,22.517517
4950,88.381210,22.516304
4951,88.382489,22.517883
4952,88.382491,22.516543
4953,88.381048,22.515446
4954,88.382231,22.517981
4955,88.379654,22.515429
4956,88.381112,22.516747
4957,88.380163,22.515771
4958,88.382299,22.515177
4959,88.379147,22.515455
4960,88.381742,22.515306
4961,88.381189,22.516198
4962,88.382022,22.515240
4963,88.383310,22.516190
4964,88.380938,22.516839
4965,88.383004,22.516839
4966,88.380364,22.514840
4967,88.379613,22.515531
4968,88.381404,22.515876
4969,88.382343,22.516120
4970,88.381840,22.515590
4971,88.379152,22.515622
4972,88.379629,22.515731
4973,88.381214,22.516450
4974,88.381058,22.516468
4975,88.381148,22.516463
4976,88.382453,22.515151
4977,88.382668,22.516981
4978,88.381837,22.516013
4979,88.383194,22.516474
4980,88.381139,22.515911
4981,88.380138,22.516285
4982,88.379771,22.515508
4983,88.382987,22.516232
4984,88.381263,22.516736
4985,88.382400,22.516294
4986,88.380981,22.516224
4987,88.382886,22.516850
4988,88.381171,22.516603
4989,88.380428,22.514996
4990,88.381721,22.515747
4991,88.382336,22.515479
4992,88.383296,22.516888
4993,88.382705,22.516262
4994,88.379931,22.514732
4995,88.380008,22.514944
4996,88.382153,22.515784
4997,88.381351,22.516447
4998,88.382724,22.515630
4999,88.383166,22.515033
5000,88.384367,22.515164
5001,88.384258,22.515737
5002,88.383576,22.515691
5003,88.383562,22.515003
5004,88.384356,22.515380
5005,88.384023,22.515181
5006,88.383314,22.515952
5007,88.383862,22.515391
5008,88.384438,22.514768
5009,88.383913,22.514840
5010,88.382739,22.515698
5011,88.383604,22.515166
5012,88.383400,22.515001
5013,88.383577,22.515002
5014,88.383290,22.515615
5015,88.382729,22.513314
5016,88.383741,22.513349
5017,88.383721,22.513591
5018,88.382782,22.515067
5019,88.383302,22.514246
5020,88.383803,22.514193
5021,88.383455,22.514227
5022,88.382957,22.514325
5023,88.383748,22.513787
5024,88.382289,22.513336
5025,88.384417,22.514434
5026,88.382975,22.513906
5027,88.383845,22.514511
5028,88.383854,22.514572
5029,88.383508,22.514624
5030,88.382462,22.514453
5031,88.380657,22.514541
5032,88.381479,22.514666
5033,88.381068,22.514477
5034,88.381678,22.515011
5035,88.380926,22.515165
5036,88.381648,22.514066
5037,88.382136,22.514498
5038,88.381640,22.513495
5039,88.380591,22.514148
5040,88.381885,22.513414
5041,88.380854,22.515048
5042,88.380726,22.514433
5043,88.380956,22.513802
5044,88.380760,22.514759
5045,88.382338,22.515168
5046,88.382609,22.515111
5047,88.381800,22.514574
5048,88.381799,22.513945
5049,88.381462,22.514817
5050,88.382725,22.514794
5051,88.381996,22.513738
5052,88.381432,22.513568
5053,88.375424,22.519150
5054,88.376272,22.518609
5055,88.375679,22.519682
5056,88.375906,22.519324
5057,88.375400,22.518709
5058,88.376326,22.518727
5059,88.378374,22.518829
5060,88.376198,22.518305
5061,88.377655,22.518288
5062,88.378439,22.518129
5063,88.379634,22.519180
5064,88.379899,22.518374
5065,88.377929,22.518865
5066,88.377566,22.517767
5067,88.379040,22.519222
5068,88.375987,22.519004
5069,88.375924,22.518815
5070,88.377430,22.519339
5071,88.375610,22.519046
5072,88.378505,22.515881
5073,88.378924,22.516755
5074,88.379407,22.516500
5075,88.377621,22.517103
5076,88.378670,22.516293
5077,88.379436,22.516360
5078,88.378272,22.516462
5079,88.378741,22.516336
5080,88.378354,22.516373
5081,88.378188,22.516087
5082,88.379330,22.516092
5083,88.377037,22.517589
5084,88.379043,22.516514
5085,88.376701,22.517461
5086,88.378027,22.516501
5087,88.378759,22.516807
5088,88.377276,22.517191
5089,88.377656,22.515604
5090,88.377446,22.516204
5091,88.378560,22.515825
5092,88.377354,22.515953
5093,88.377835,22.515929
5094,88.378734,22.515095
5095,88.378066,22.516184
5096,88.378056,22.515739
5097,88.379165,22.515347
5098,88.377748,22.516077
5099,88.376886,22.516127
5100,88.376988,22.516409
5101,88.374891,22.518263
5102,88.374335,22.516438
5103,88.375998,22.518405
5104,88.376740,22.516963
5105,88.374662,22.516916
5106,88.375096,22.517778
5107,88.375514,22.517958
5108,88.376249,22.516931
5109,88.376016,22.516320
5110,88.376744,22.517268
5111,88.374740,22.516945
5112,88.375726,22.517879
5113,88.376702,22.517333
5114,88.374685,22.517634
5115,88.375773,22.516404
5116,88.376177,22.518313
5117,88.375781,22.517244
5118,88.374892,22.517044
5119,88.374833,22.518107
5120,88.374605,22.517468
5121,88.374439,22.516976
5122,88.374885,22.516896
5123,88.374941,22.517038
5124,88.374839,22.516544
5125,88.374633,22.516541
5126,88.376018,22.517807
5127,88.374764,22.517857
5128,88.375275,22.518258
5129,88.375824,22.518499
5130,88.377060,22.516711
5131,88.376000,22.517009
5132,88.376762,22.516796
5133,88.375497,22.518649
5134,88.374633,22.516755
5135,88.376621,22.517016
5136,88.375641,22.518580
5137,88.375163,22.517542
5138,88.374544,22.516749
5139,88.375591,22.517075
5140,88.375141,22.516507
5141,88.373713,22.516576
5142,88.374151,22.516410
5143,88.374504,22.517326
5144,88.373427,22.517403
5145,88.373249,22.516924
5146,88.374463,22.517092
5147,88.374114,22.517500
5148,88.373970,22.517539
5149,88.374233,22.518133
5150,88.374623,22.517494
5151,88.374485,22.518067
5152,88.374187,22.518060
5153,88.374135,22.517906
5154,88.374798,22.517984
5155,88.374426,22.517801
5156,88.374531,22.518859
5157,88.373335,22.518762
5158,88.374550,22.518443
5159,88.374772,22.519190
5160,88.373769,22.518534
5161,88.373783,22.517600
5162,88.374412,22.518750
5163,88.373847,22.517773
5164,88.373490,22.519171
5165,88.373199,22.519191
5166,88.373731,22.519684
5167,88.374257,22.518178
5168,88.373543,22.518675
5169,88.373079,22.518853
5170,88.372984,22.518500
5171,88.372637,22.518606
5172,88.373038,22.518734
5173,88.373456,22.519092
5174,88.373326,22.519983
5175,88.373100,22.519233
5176,88.372784,22.518810
5177,88.373094,22.519715
5178,88.373328,22.518393
5179,88.373200,22.517893
5180,88.372026,22.517759
5181,88.373361,22.517233
5182,88.372792,22.517768
5183,88.372843,22.517989
5184,88.372766,22.517673
5185,88.373455,22.517506
5186,88.372748,22.517504
5187,88.372630,22.517157
5188,88.372723,22.517398
5189,88.374741,22.515115
5190,88.374458,22.515592
5191,88.374768,22.515754
5192,88.374783,22.515437
5193,88.375009,22.515741
5194,88.373954,22.515263
5195,88.374340,22.515175
5196,88.373343,22.515650
5197,88.374584,22.515473
5198,88.373481,22.515654
5199,88.371172,22.515446
5200,88.372440,22.515425
5201,88.374736,22.515630
5202,88.372748,22.515465
5203,88.374753,22.515468
5204,88.375088,22.515374
5205,88.373875,22.516010
5206,88.373567,22.515626
5207,88.375566,22.515845
5208,88.375635,22.516147
5209,88.373586,22.516071
5210,88.372954,22.516380
5211,88.372704,22.516385
5212,88.375085,22.515191
5213,88.373729,22.515994
5214,88.375707,22.516419
5215,88.372641,22.515447
5216,88.373689,22.515451
5217,88.375545,22.515297
5218,88.372064,22.515497
5219,88.372231,22.516526
5220,88.372558,22.516424
5221,88.375988,22.515701
5222,88.377145,22.513167
5223,88.375529,22.515226
5224,88.376773,22.514665
5225,88.376193,22.513990
5226,88.377009,22.514651
5227,88.377463,22.515086
5228,88.377203,22.514537
5229,88.377545,22.514866
5230,88.377193,22.515838
5231,88.377454,22.514663
5232,88.375659,22.514438
5233,88.375451,22.515017
5234,88.377280,22.513863
5235,88.376880,22.514640
5236,88.375863,22.514244
5237,88.375402,22.514368
5238,88.375718,22.514120
5239,88.375933,22.515369
5240,88.376011,22.515235
5241,88.375788,22.515164
5242,88.377029,22.515451
5243,88.377271,22.515269
5244,88.375554,22.515331
5245,88.376478,22.515761
5246,88.375821,22.514528
5247,88.376074,22.514524
5248,88.376235,22.514580
5249,88.376486,22.515384
5250,88.376867,22.514485
5251,88.376323,22.514353
5252,88.376276,22.514153
5253,88.375882,22.514675
5254,88.376062,22.514368
5255,88.376146,22.514197
5256,88.375385,22.514780
5257,88.376146,22.514509
5258,88.375740,22.514296
5259,88.375990,22.514900
5260,88.376164,22.514923
5261,88.372734,22.514508
5262,88.374201,22.514852
5263,88.373579,22.514987
5264,88.373130,22.515221
5265,88.371666,22.514174
5266,88.372744,22.514816
5267,88.373641,22.515263
5268,88.371759,22.515450
5269,88.373141,22.515596
5270,88.374291,22.515189
5271,88.372038,22.514853
5272,88.373741,22.515387
5273,88.371692,22.514388
5274,88.371541,22.513021
5275,88.372430,22.513908
5276,88.372197,22.513572
5277,88.374116,22.513145
5278,88.374495,22.513082
5279,88.373445,22.513046
5280,88.374362,22.513900
5281,88.373561,22.514741
5282,88.371857,22.512969
5283,88.372259,22.514193
5284,88.373687,22.513000
5285,88.372705,22.514436
5286,88.372418,22.514270
5287,88.374051,22.512931
5288,88.374202,22.513435
5289,88.373482,22.513566
5290,88.374781,22.513876
5291,88.375232,22.513664
5292,88.375532,22.513888
5293,88.375869,22.514059
5294,88.374975,22.513062
5295,88.375396,22.512935
5296,88.375938,22.513365
5297,88.375513,22.514217
5298,88.374906,22.513617
5299,88.375751,22.513137
5300,88.375555,22.512091
5301,88.375686,22.512954
5302,88.375603,22.512431
5303,88.375049,22.511929
5304,88.373546,22.511974
5305,88.376024,22.512611
5306,88.376797,22.513157
5307,88.375601,22.513496
5308,88.376767,22.512432
5309,88.376016,22.512788
5310,88.375650,22.513258
5311,88.375423,22.512478
5312,88.376748,22.512811
5313,88.378254,22.515239
5314,88.378190,22.514385
5315,88.377687,22.514614
5316,88.378296,22.514847
5317,88.378365,22.514524
5318,88.377636,22.515102
5319,88.378141,22.514681
5320,88.377980,22.515301
5321,88.378036,22.514772
5322,88.377572,22.513119
5323,88.378114,22.514939
5324,88.378697,22.515108
5325,88.377442,22.514291
5326,88.378275,22.514366
5327,88.373495,22.511410
5328,88.374565,22.511804
5329,88.371574,22.512094
5330,88.373594,22.512640
5331,88.374407,22.512421
5332,88.371960,22.512390
5333,88.373213,22.512230
5334,88.373202,22.511977
5335,88.373969,22.511906
5336,88.373155,22.511421
5337,88.373725,22.511616
5338,88.373058,22.511804
5339,88.372644,22.511783
5340,88.373585,22.512524
5341,88.374633,22.512242
5342,88.373317,22.513070
5343,88.373976,22.511624
5344,88.372506,22.512524
5345,88.374389,22.511981
5346,88.374601,22.511387
5347,88.371635,22.511931
5348,88.371840,22.512091
5349,88.372646,22.511645
5350,88.373137,22.511111
5351,88.372640,22.511767
5352,88.374459,22.512851
5353,88.371622,22.512516
5354,88.374397,22.512253
5355,88.373181,22.511697
5356,88.371526,22.511672
5357,88.371757,22.510566
5358,88.371630,22.511303
5359,88.372344,22.511851
5360,88.372263,22.511132
5361,88.372335,22.510814
5362,88.366186,22.516519
5363,88.365342,22.522403
5364,88.366165,22.516979
5365,88.366267,22.516522
5366,88.364952,22.520449
5367,88.366865,22.523091
5368,88.365339,22.519745
5369,88.365169,22.520834
5370,88.366281,22.516006
5371,88.366693,22.521241
5372,88.366100,22.521192
5373,88.367167,22.521218
5374,88.365178,22.520971
5375,88.366151,22.521279
5376,88.366670,22.520782
5377,88.368716,22.521281
5378,88.369039,22.524597
5379,88.368164,22.523944
5380,88.367895,22.523930
5381,88.365778,22.521640
5382,88.368632,22.523363
5383,88.365253,22.521670
5384,88.368130,22.521231
5385,88.368929,22.523575
5386,88.368235,22.524474
5387,88.368418,22.522431
5388,88.368799,22.523580
5389,88.367369,22.523939
5390,88.368982,22.523946
5391,88.367861,22.523024
5392,88.368754,22.522374
5393,88.367795,22.523006
5394,88.368280,22.523397
5395,88.367769,22.522783
5396,88.368989,22.522387
5397,88.368151,22.523832
5398,88.372100,22.523481
5399,88.371032,22.522558
5400,88.368755,22.524507
5401,88.371910,22.522513
5402,88.369945,22.524760
5403,88.371234,22.522849
5404,88.369882,22.524408
5405,88.370784,22.522601
5406,88.371061,22.523044
5407,88.370418,22.523952
5408,88.370368,22.524739
5409,88.370291,22.524392
5410,88.371340,22.522275
5411,88.369469,22.523889
5412,88.371791,22.522972
5413,88.371918,22.522592
5414,88.369796,22.523907
5415,88.370717,22.523173
5416,88.371176,22.522545
5417,88.370794,22.521974
5418,88.368912,22.523416
5419,88.369210,22.522989
5420,88.368916,22.522997
5421,88.369228,22.523367
5422,88.369485,22.524246
5423,88.369510,22.524750
5424,88.371341,22.521118
5425,88.371329,22.521724
5426,88.371615,22.521992
5427,88.371998,22.521925
5428,88.371770,22.522089
5429,88.371111,22.522156
5430,88.371279,22.520761
5431,88.371450,22.522336
5432,88.371393,22.521434
5433,88.371623,22.522415
5434,88.371879,22.521363
5435,88.369878,22.521036
5436,88.371744,22.520662
5437,88.369794,22.520773
5438,88.371001,22.520818
5439,88.370806,22.519828
5440,88.370277,22.520236
5441,88.371641,22.519452
5442,88.369445,22.521118
5443,88.371727,22.520342
5444,88.369576,22.520584
5445,88.370180,22.519969
5446,88.371103,22.518170
5447,88.367560,22.519995
5448,88.368397,22.520419
5449,88.369360,22.520847
5450,88.369659,22.519427
5451,88.367924,22.519861
5452,88.369912,22.520366
5453,88.371189,22.520422
5454,88.368790,22.519583
5455,88.371483,22.520086
5456,88.369701,22.518914
5457,88.367295,22.520526
5458,88.368431,22.519658
5459,88.369828,22.520124
5460,88.371224,22.519685
5461,88.369197,22.520406
5462,88.369321,22.520036
5463,88.370485,22.520927
5464,88.369432,22.520289
5465,88.368968,22.519434
5466,88.370061,22.520392
5467,88.370648,22.520133
5468,88.370829,22.519579
5469,88.370708,22.519258
5470,88.370594,22.518348
5471,88.370330,22.519067
5472,88.370010,22.519500
5473,88.371066,22.519181
5474,88.371827,22.518945
5475,88.370442,22.519330
5476,88.370571,22.519658
5477,88.371306,22.518735
5478,88.369886,22.519223
5479,88.371580,22.518271
5480,88.370439,22.518839
5481,88.371256,22.518043
5482,88.370112,22.519794
5483,88.370193,22.519438
5484,88.371546,22.517695
5485,88.371499,22.519081
5486,88.370321,22.518518
5487,88.366765,22.518458
5488,88.367143,22.517261
5489,88.368072,22.518714
5490,88.367400,22.518732
5491,88.365543,22.519125
5492,88.368458,22.517570
5493,88.366460,22.517451
5494,88.367152,22.517652
5495,88.369496,22.517519
5496,88.368448,22.516821
5497,88.368431,22.516707
5498,88.368612,22.516831
5499,88.370060,22.516040
5500,88.366763,22.517354
5501,88.368544,22.518642
5502,88.370000,22.516224
5503,88.366486,22.516384
5504,88.368453,22.518087
5505,88.366731,22.517356
5506,88.366178,22.517224
5507,88.366486,22.518834
5508,88.366430,22.516977
5509,88.366081,22.517577
5510,88.370068,22.515989
5511,88.370107,22.515979
5512,88.368034,22.517989
5513,88.367500,22.519738
5514,88.367388,22.518483
5515,88.366199,22.516831
5516,88.366755,22.516490
5517,88.370782,22.515756
5518,88.367144,22.517325
5519,88.367570,22.518055
5520,88.368198,22.518293
5521,88.369363,22.516807
5522,88.367584,22.518480
5523,88.369571,22.518002
5524,88.369507,22.517063
5525,88.368230,22.518649
5526,88.368455,22.517798
5527,88.369511,22.517728
5528,88.366991,22.518085
5529,88.369488,22.519044
5530,88.368524,22.518524
5531,88.369464,22.518699
5532,88.368798,22.518432
5533,88.369429,22.518581
5534,88.369102,22.519277
5535,88.369590,22.518141
5536,88.368777,22.518308
5537,88.369080,22.518526
5538,88.368766,22.519065
5539,88.369650,22.518435
5540,88.368766,22.518493
5541,88.369683,22.518600
5542,88.369623,22.518303
5543,88.368649,22.518839
5544,88.368778,22.518628
5545,88.367452,22.516782
5546,88.367252,22.516314
5547,88.367486,22.516232
5548,88.367659,22.516181
5549,88.367383,22.516620
5550,88.368352,22.516571
5551,88.368460,22.517134
5552,88.367577,22.517012
5553,88.367208,22.516680
5554,88.368012,22.516941
5555,88.367343,22.517231
5556,88.367613,22.516757
5557,88.367871,22.516646
5558,88.368023,22.516543
5559,88.368180,22.516888
5560,88.367892,22.516361
5561,88.368459,22.517362
5562,88.367854,22.516604
5563,88.367208,22.516878
5564,88.369537,22.517289
5565,88.367732,22.516339
5566,88.367379,22.517655
5567,88.367361,22.517452
5568,88.370960,22.518237
5569,88.370741,22.518300
5570,88.370644,22.516770
5571,88.370996,22.516755
5572,88.370703,22.515805
5573,88.370164,22.517334
5574,88.370366,22.518481
5575,88.369946,22.517459
5576,88.370366,22.517087
5577,88.369746,22.516352
5578,88.370287,22.517348
5579,88.371144,22.518147
5580,88.370000,22.516969
5581,88.371116,22.516264
5582,88.369854,22.517838
5583,88.370834,22.516151
5584,88.370204,22.517017
5585,88.369521,22.517774
5586,88.370584,22.517370
5587,88.369578,22.518068
5588,88.370896,22.516324
5589,88.371480,22.517781
5590,88.371337,22.517224
5591,88.369989,22.516945
5592,88.371032,22.517013
5593,88.370300,22.516466
5594,88.370196,22.516836
5595,88.369756,22.516797
5596,88.371038,22.517055
5597,88.369610,22.518223
5598,88.371164,22.516108
5599,88.371240,22.516240
5600,88.369549,22.517894
5601,88.370027,22.516482
5602,88.371536,22.517389
5603,88.370653,22.516954
5604,88.370977,22.516622
5605,88.369826,22.516550
5606,88.371311,22.516659
5607,88.370262,22.516305
5608,88.370145,22.518125
5609,88.371634,22.517582
5610,88.368917,22.514897
5611,88.368306,22.515060
5612,88.368831,22.515720
5613,88.368801,22.514918
5614,88.367896,22.516146
5615,88.368479,22.516204
5616,88.369273,22.516191
5617,88.368998,22.516887
5618,88.369016,22.516210
5619,88.369086,22.515508
5620,88.368712,22.516378
5621,88.369503,22.516639
5622,88.369011,22.515225
5623,88.369053,22.516208
5624,88.369233,22.515089
5625,88.366782,22.515955
5626,88.369812,22.515813
5627,88.369101,22.514867
5628,88.368591,22.514982
5629,88.369189,22.515496
5630,88.369295,22.516503
5631,88.369012,22.516520
5632,88.368865,22.516199
5633,88.369599,22.515521
5634,88.367841,22.515815
5635,88.368835,22.515894
5636,88.366979,22.514672
5637,88.369439,22.514785
5638,88.368272,22.514363
5639,88.368226,22.512692
5640,88.367479,22.512088
5641,88.367385,22.512850
5642,88.368720,22.512474
5643,88.370635,22.514944
5644,88.370211,22.514436
5645,88.370261,22.512072
5646,88.370707,22.515130
5647,88.367386,22.514590
5648,88.370396,22.514410
5649,88.368311,22.514511
5650,88.369499,22.515040
5651,88.369779,22.515310
5652,88.370684,22.514599
5653,88.369138,22.512350
5654,88.370248,22.514848
5655,88.370433,22.515921
5656,88.370531,22.515174
5657,88.369614,22.512328
5658,88.370439,22.514732
5659,88.368579,22.514447
5660,88.370284,22.515959
5661,88.367464,22.514020
5662,88.370665,22.515490
5663,88.369970,22.512183
5664,88.370163,22.512112
5665,88.370477,22.515361
5666,88.370335,22.513382
5667,88.368877,22.514350
5668,88.367905,22.512842
5669,88.369332,22.514516
5670,88.370000,22.514467
5671,88.369282,22.513060
5672,88.369449,22.513356
5673,88.368961,22.514480
5674,88.369278,22.514369
5675,88.369862,22.513233
5676,88.369265,22.513496
5677,88.369683,22.513003
5678,88.367920,22.513404
5679,88.369225,22.514217
5680,88.369267,22.513901
5681,88.368752,22.513148
5682,88.370087,22.514888
5683,88.368572,22.513721
5684,88.368382,22.513048
5685,88.369288,22.514050
5686,88.369839,22.514028
5687,88.369052,22.514589
5688,88.368505,22.513296
5689,88.368869,22.514208
5690,88.369363,22.514590
5691,88.370013,22.514626
5692,88.369175,22.514086
5693,88.368008,22.513522
5694,88.369283,22.512347
5695,88.369979,22.512830
5696,88.369711,22.513045
5697,88.367919,22.511318
5698,88.369358,22.513196
5699,88.369667,22.512917
5700,88.370569,22.512042
5701,88.371128,22.511522
5702,88.371076,22.510359
5703,88.370853,22.511977
5704,88.369726,22.510052
5705,88.370815,22.511054
5706,88.371123,22.511289
5707,88.369197,22.511304
5708,88.371108,22.512398
5709,88.371195,22.512457
5710,88.370130,22.510581
5711,88.370843,22.511667
5712,88.370114,22.510856
5713,88.370506,22.511805
5714,88.369310,22.510682
5715,88.370984,22.512416
5716,88.368993,22.511224
5717,88.369541,22.510680
5718,88.369357,22.511031
5719,88.369337,22.509842
5720,88.370142,22.510996
5721,88.368785,22.510622
5722,88.371049,22.513238
5723,88.368806,22.509419
5724,88.370456,22.511050
5725,88.368795,22.509827
5726,88.369177,22.511155
5727,88.370119,22.510823
5728,88.369553,22.510367
5729,88.368353,22.510072
5730,88.368809,22.510340
5731,88.370779,22.510324
5732,88.368571,22.510654
5733,88.368983,22.510922
5734,88.369973,22.512403
5735,88.370803,22.511330
5736,88.370359,22.510843
5737,88.369544,22.509550
5738,88.370197,22.511456
5739,88.368666,22.510911
5740,88.370471,22.512630
5741,88.371639,22.513877
5742,88.371261,22.512193
5743,88.370765,22.512208
5744,88.368973,22.510696
5745,88.370151,22.510398
5746,88.369888,22.511111
5747,88.370126,22.510675
5748,88.368428,22.510697
5749,88.369748,22.510307
5750,88.370923,22.512890
5751,88.370125,22.512126
5752,88.370171,22.511022
5753,88.371153,22.513102
5754,88.369482,22.511265
5755,88.370346,22.511266
5756,88.370351,22.511447
5757,88.370587,22.510837
5758,88.370681,22.510862
5759,88.370367,22.510612
5760,88.370698,22.510596
5761,88.370830,22.512737
5762,88.370730,22.513204
5763,88.368801,22.510115
5764,88.371807,22.513864
5765,88.370263,22.512716
5766,88.369796,22.511729
5767,88.369150,22.510468
5768,88.369411,22.511281
5769,88.371111,22.510942
5770,88.370154,22.512244
5771,88.367643,22.509876
5772,88.370459,22.511275
5773,88.364959,22.511062
5774,88.359557,22.513589
5775,88.354576,22.513275
5776,88.347034,22.514215
5777,88.360670,22.513915
5778,88.360058,22.510102
5779,88.346083,22.514877
5780,88.364061,22.514286
5781,88.364104,22.514058
5782,88.351355,22.512949
5783,88.353057,22.513127
5784,88.350004,22.512968
5785,88.347357,22.513967
5786,88.359546,22.513795
5787,88.359216,22.513763
5788,88.355995,22.513422
5789,88.366079,22.516047
5790,88.360573,22.508739
5791,88.365980,22.513041
5792,88.365196,22.513250
5793,88.365878,22.512081
5794,88.365325,22.512151
5795,88.363012,22.514157
5796,88.362821,22.515832
5797,88.363309,22.515664
5798,88.365848,22.516028
5799,88.364235,22.516530
5800,88.364015,22.515201
5801,88.364272,22.514912
5802,88.364997,22.514627
5803,88.363795,22.515155
5804,88.365708,22.516335
5805,88.361709,22.516291
5806,88.363200,22.515217
5807,88.363092,22.514894
5808,88.363161,22.515097
5809,88.362152,22.514064
5810,88.364151,22.515945
5811,88.362317,22.515205
5812,88.365256,22.514831
5813,88.364009,22.514873
5814,88.362548,22.515554
5815,88.365268,22.515697
5816,88.365495,22.516379
5817,88.365453,22.514692
5818,88.363095,22.516676
5819,88.365043,22.514988
5820,88.362406,22.515360
5821,88.361280,22.515570
5822,88.361352,22.515014
5823,88.360553,22.514742
5824,88.361317,22.515262
5825,88.361607,22.515179
5826,88.360415,22.515721
5827,88.360660,22.513986
5828,88.360851,22.515761
5829,88.362151,22.514754
5830,88.361602,22.515305
5831,88.361386,22.514807
5832,88.362142,22.514140
5833,88.361210,22.516508
5834,88.361483,22.517080
5835,88.362343,22.517339
5836,88.362329,22.517230
5837,88.363422,22.517051
5838,88.365480,22.517723
5839,88.363773,22.516588
5840,88.365363,22.516925
5841,88.364868,22.516689
5842,88.364716,22.517906
5843,88.362838,22.517270
5844,88.365953,22.517254
5845,88.362261,22.516782
5846,88.365589,22.518283
5847,88.363517,22.517386
5848,88.366025,22.516965
5849,88.362790,22.516712
5850,88.364338,22.517948
5851,88.363716,22.515995
5852,88.364140,22.517346
5853,88.364630,22.516505
5854,88.361959,22.517155
5855,88.365499,22.516573
5856,88.365778,22.517756
5857,88.365365,22.517961
5858,88.362308,22.517086
5859,88.363091,22.515710
5860,88.363326,22.516645
5861,88.364566,22.517389
5862,88.365107,22.517314
5863,88.364367,22.516901
5864,88.364707,22.516726
5865,88.363507,22.517351
5866,88.363039,22.516851
5867,88.362969,22.517275
5868,88.362390,22.517715
5869,88.363857,22.518476
5870,88.365623,22.517230
5871,88.362058,22.517260
5872,88.364638,22.517146
5873,88.363428,22.516633
5874,88.364845,22.517062
5875,88.362356,22.517442
5876,88.364057,22.517116
5877,88.364834,22.517023
5878,88.363572,22.515527
5879,88.362976,22.516318
5880,88.359074,22.514176
5881,88.358870,22.514498
5882,88.358217,22.516036
5883,88.361103,22.518044
5884,88.362084,22.516136
5885,88.362798,22.516507
5886,88.358178,22.515801
5887,88.359645,22.518133
5888,88.360213,22.518155
5889,88.359510,22.517522
5890,88.358756,22.516317
5891,88.358504,22.516016
5892,88.359704,22.518133
5893,88.362199,22.516319
5894,88.359792,22.517698
5895,88.357747,22.515761
5896,88.361819,22.516535
5897,88.360165,22.517667
5898,88.362549,22.516450
5899,88.362441,22.515992
5900,88.357271,22.514578
5901,88.358357,22.514975
5902,88.361715,22.517968
5903,88.358815,22.516606
5904,88.357817,22.515892
5905,88.356865,22.516148
5906,88.359172,22.517583
5907,88.358156,22.515716
5908,88.362069,22.516497
5909,88.358080,22.515455
5910,88.359358,22.518102
5911,88.362667,22.516177
5912,88.362286,22.516052
5913,88.356938,22.514002
5914,88.358396,22.517087
5915,88.358015,22.514383
5916,88.356811,22.518041
5917,88.357660,22.517166
5918,88.357979,22.517134
5919,88.355904,22.513882
5920,88.357967,22.516862
5921,88.358101,22.514063
5922,88.358171,22.514415
5923,88.357636,22.516890
5924,88.358345,22.516820
5925,88.356347,22.517177
5926,88.356396,22.516093
5927,88.356905,22.516660
5928,88.357233,22.516529
5929,88.357327,22.516994
5930,88.357581,22.514811
5931,88.352307,22.517447
5932,88.352614,22.515771
5933,88.353308,22.515852
5934,88.354065,22.515940
5935,88.353802,22.515910
5936,88.353877,22.516807
5937,88.354893,22.516977
5938,88.354169,22.516855
5939,88.353405,22.516727
5940,88.355643,22.516360
5941,88.354073,22.515333
5942,88.348848,22.513213
5943,88.348758,22.512997
5944,88.351522,22.516419
5945,88.351150,22.515964
5946,88.351223,22.514385
5947,88.350092,22.514033
5948,88.349451,22.514724
5949,88.351294,22.515525
5950,88.349194,22.514242
5951,88.351800,22.513807
5952,88.352550,22.516150
5953,88.350615,22.512710
5954,88.350108,22.514346
5955,88.349719,22.514007
5956,88.351192,22.515353
5957,88.351627,22.516033
5958,88.350129,22.514589
5959,88.350774,22.515553
5960,88.349754,22.514095
5961,88.350067,22.513711
5962,88.349198,22.516925
5963,88.350162,22.514963
5964,88.349943,22.512746
5965,88.351679,22.515540
5966,88.351721,22.515089
5967,88.350959,22.515880
5968,88.349018,22.515964
5969,88.349276,22.515852
5970,88.349369,22.516067
5971,88.347287,22.514975
5972,88.349561,22.516000
5973,88.350372,22.516462
5974,88.350072,22.516118
5975,88.347512,22.515671
5976,88.346923,22.517101
5977,88.347285,22.516175
5978,88.363093,22.520317
5979,88.362207,22.519808
5980,88.361464,22.519706
5981,88.363123,22.519750
5982,88.362515,22.519160
5983,88.362320,22.519591
5984,88.362443,22.519621
5985,88.363156,22.519281
5986,88.361408,22.520222
5987,88.360564,22.519596
5988,88.355483,22.518489
5989,88.356015,22.519722
5990,88.355793,22.518526
5991,88.358495,22.518512
5992,88.355418,22.519123
5993,88.355922,22.519798
5994,88.355462,22.518694
5995,88.360600,22.520186
5996,88.356194,22.518936
5997,88.356037,22.518050
5998,88.355855,22.519056
5999,88.356417,22.519468
6000,88.355505,22.518252
6001,88.357507,22.518813
6002,88.355772,22.519191
6003,88.357862,22.518384
6004,88.360540,22.520179
6005,88.355742,22.519081
6006,88.358432,22.520349
6007,88.360000,22.519532
6008,88.354362,22.519387
6009,88.355454,22.518771
6010,88.353943,22.520340
6011,88.355173,22.519702
6012,88.354760,22.518694
6013,88.353085,22.519167
6014,88.354203,22.517759
6015,88.353744,22.520468
6016,88.353161,22.519827
6017,88.353598,22.519195
6018,88.353926,22.519229
6019,88.353199,22.520320
6020,88.354062,22.518627
6021,88.354783,22.519049
6022,88.353208,22.520455
6023,88.354849,22.519237
6024,88.355000,22.518981
6025,88.355531,22.519677
6026,88.352214,22.521147
6027,88.354592,22.519946
6028,88.352417,22.520034
6029,88.354323,22.520102
6030,88.354990,22.519799
6031,88.355261,22.519532
6032,88.353210,22.520711
6033,88.345981,22.512827
6034,88.346801,22.511462
6035,88.350729,22.510873
6036,88.346890,22.514032
6037,88.349889,22.512037
6038,88.345760,22.510184
6039,88.348241,22.510147
6040,88.346396,22.509041
6041,88.346842,22.511886
6042,88.348207,22.509579
6043,88.349806,22.511650
6044,88.346854,22.512755
6045,88.345644,22.509136
6046,88.346852,22.512228
6047,88.348266,22.511340
6048,88.345933,22.511853
6049,88.346843,22.512051
6050,88.347825,22.512661
6051,88.346805,22.510826
6052,88.348552,22.512341
6053,88.345900,22.511551
6054,88.347859,22.511784
6055,88.347527,22.512212
6056,88.348258,22.510659
6057,88.346762,22.510064
6058,88.347144,22.510799
6059,88.347860,22.512044
6060,88.347795,22.511364
6061,88.365089,22.509834
6062,88.367355,22.509550
6063,88.367003,22.510346
6064,88.377156,22.510875
6065,88.377847,22.506495
6066,88.372814,22.510444
6067,88.372417,22.509232
6068,88.371504,22.510487
6069,88.371650,22.510302
6070,88.373380,22.510446
6071,88.372529,22.510408
6072,88.372330,22.510208
6073,88.372522,22.510215
6074,88.373122,22.510659
6075,88.374121,22.511234
6076,88.373296,22.510675
6077,88.372514,22.510067
6078,88.372681,22.510324
6079,88.373272,22.511121
6080,88.373090,22.511107
6081,88.372772,22.511044
6082,88.373939,22.508310
6083,88.374017,22.509125
6084,88.376682,22.510208
6085,88.375885,22.510354
6086,88.374643,22.510503
6087,88.374708,22.511050
6088,88.376236,22.510176
6089,88.374295,22.510206
6090,88.375280,22.511375
6091,88.374711,22.511394
6092,88.374673,22.510240
6093,88.375652,22.510713
6094,88.375310,22.510893
6095,88.374852,22.510220
6096,88.375532,22.510571
6097,88.375770,22.511028
6098,88.376106,22.510845
6099,88.375152,22.510722
6100,88.375816,22.510716
6101,88.376412,22.510835
6102,88.375129,22.510253
6103,88.375340,22.510661
6104,88.375328,22.511051
6105,88.375825,22.510843
6106,88.375367,22.510490
6107,88.373810,22.511168
6108,88.374285,22.510277
6109,88.374254,22.510520
6110,88.373502,22.510684
6111,88.373946,22.509852
6112,88.373884,22.510634
6113,88.373948,22.510188
6114,88.374902,22.509733
6115,88.376702,22.510376
6116,88.375349,22.509915
6117,88.376685,22.510757
6118,88.376232,22.510334
6119,88.375347,22.511405
6120,88.377950,22.511680
6121,88.378718,22.511613
6122,88.375928,22.512210
6123,88.377883,22.511400
6124,88.377894,22.512004
6125,88.377038,22.511422
6126,88.377278,22.510939
6127,88.377245,22.511446
6128,88.377276,22.512133
6129,88.376026,22.511434
6130,88.377090,22.510842
6131,88.376191,22.512241
6132,88.377081,22.510986
6133,88.375686,22.512076
6134,88.376550,22.511888
6135,88.376228,22.512397
6136,88.376696,22.511326
6137,88.376103,22.511940
6138,88.378683,22.511179
6139,88.375735,22.511510
6140,88.375044,22.511799
6141,88.377258,22.512039
6142,88.377041,22.511544
6143,88.376923,22.511861
6144,88.375431,22.512101
6145,88.376235,22.511312
6146,88.376946,22.512477
6147,88.380391,22.511778
6148,88.380633,22.512504
6149,88.380185,22.512179
6150,88.380175,22.511628
6151,88.380640,22.511757
6152,88.380629,22.512139
6153,88.378779,22.512280
6154,88.377210,22.512572
6155,88.380450,22.512126
6156,88.378985,22.513144
6157,88.377933,22.512359
6158,88.378903,22.512928
6159,88.379961,22.512487
6160,88.380182,22.511866
6161,88.377041,22.512887
6162,88.379261,22.512882
6163,88.381576,22.511137
6164,88.378078,22.513070
6165,88.379283,22.511420
6166,88.377496,22.511997
6167,88.380329,22.512505
6168,88.380190,22.511084
6169,88.381328,22.511492
6170,88.379769,22.512143
6171,88.381452,22.511959
6172,88.378889,22.512280
6173,88.376756,22.512886
6174,88.379806,22.511730
6175,88.379132,22.511810
6176,88.378764,22.512148
6177,88.381070,22.511395
6178,88.381621,22.511693
6179,88.379986,22.511499
6180,88.377199,22.513160
6181,88.380188,22.511957
6182,88.379337,22.511152
6183,88.378912,22.512559
6184,88.380314,22.511447
6185,88.379165,22.512035
6186,88.381309,22.512500
6187,88.378535,22.513055
6188,88.379953,22.511977
6189,88.381574,22.511383
6190,88.379742,22.512481
6191,88.379494,22.514376
6192,88.379010,22.513845
6193,88.379431,22.514229
6194,88.380196,22.513718
6195,88.379690,22.514820
6196,88.380670,22.512900
6197,88.379552,22.514555
6198,88.378597,22.513569
6199,88.380353,22.514391
6200,88.380679,22.512502
6201,88.380037,22.513071
6202,88.379749,22.512864
6203,88.379916,22.513746
6204,88.379309,22.514665
6205,88.379132,22.514956
6206,88.378848,22.514126
6207,88.380045,22.512491
6208,88.378084,22.513759
6209,88.379758,22.514299
6210,88.378834,22.510300
6211,88.380107,22.510306
6212,88.378914,22.511120
6213,88.382344,22.508055
6214,88.378603,22.510106
6215,88.378798,22.510080
6216,88.378562,22.509204
6217,88.379830,22.509111
6218,88.382914,22.510124
6219,88.378197,22.510780
6220,88.378315,22.510862
6221,88.377424,22.510662
6222,88.378030,22.510520
6223,88.378588,22.510853
6224,88.377148,22.510718
6225,88.377398,22.510215
6226,88.377116,22.510233
6227,88.378880,22.510851
6228,88.377999,22.511049
6229,88.377754,22.510148
6230,88.378023,22.510220
6231,88.378378,22.510429
6232,88.377782,22.510225
6233,88.378851,22.510423
6234,88.377792,22.510524
6235,88.378602,22.510187
6236,88.379412,22.509819
6237,88.379283,22.510116
6238,88.345399,22.601396
6239,88.381967,22.510771
6240,88.380117,22.510887
6241,88.380867,22.510867
6242,88.381933,22.509906
6243,88.380398,22.510848
6244,88.380844,22.510079
6245,88.380922,22.509648
6246,88.381555,22.510813
6247,88.381414,22.509220
6248,88.382232,22.510057
6249,88.381947,22.510079
6250,88.382331,22.510715
6251,88.382841,22.510177
6252,88.382397,22.510427
6253,88.383103,22.509450
6254,88.384951,22.509660
6255,88.385753,22.509397
6256,88.385703,22.509184
6257,88.385841,22.509629
6258,88.386103,22.510125
6259,88.385397,22.510230
6260,88.385911,22.510210
6261,88.387402,22.508235
6262,88.383194,22.511844
6263,88.382126,22.512619
6264,88.382300,22.512837
6265,88.382206,22.511034
6266,88.381864,22.511346
6267,88.382654,22.510653
6268,88.382826,22.513311
6269,88.382853,22.511902
6270,88.382156,22.512250
6271,88.381976,22.511407
6272,88.381876,22.511056
6273,88.382690,22.512718
6274,88.382582,22.511065
6275,88.381612,22.512313
6276,88.382717,22.511031
6277,88.382252,22.511008
6278,88.382205,22.510734
6279,88.382734,22.510602
6280,88.382150,22.511920
6281,88.381545,22.511775
6282,88.381349,22.512300
6283,88.382344,22.513329
6284,88.383358,22.510647
6285,88.382759,22.513045
6286,88.382361,22.511740
6287,88.382996,22.511009
6288,88.383060,22.511391
6289,88.383006,22.512978
6290,88.383272,22.512284
6291,88.363289,22.521504
6292,88.361857,22.523382
6293,88.363115,22.521056
6294,88.362517,22.521091
6295,88.362550,22.522434
6296,88.362232,22.521609
6297,88.365085,22.522281
6298,88.362256,22.523052
6299,88.363571,22.521492
6300,88.362525,22.521584
6301,88.363567,22.521010
6302,88.364948,22.520971
6303,88.364986,22.521440
6304,88.361829,22.523074
6305,88.360662,22.521193
6306,88.365451,22.523209
6307,88.362591,22.525103
6308,88.360199,22.524069
6309,88.361557,22.524168
6310,88.360776,22.524200
6311,88.362254,22.524819
6312,88.364044,22.525686
6313,88.363481,22.524136
6314,88.363080,22.523791
6315,88.363455,22.524008
6316,88.363012,22.525210
6317,88.363010,22.525675
6318,88.362552,22.523840
6319,88.363000,22.525092
6320,88.363279,22.524926
6321,88.363522,22.524376
6322,88.363017,22.524392
6323,88.363608,22.524906
6324,88.362944,22.524757
6325,88.363580,22.524663
6326,88.363035,22.524133
6327,88.363525,22.525684
6328,88.363490,22.525190
6329,88.363914,22.524656
6330,88.358923,22.522577
6331,88.362269,22.525038
6332,88.361905,22.524728
6333,88.361801,22.525092
6334,88.360328,22.524887
6335,88.361208,22.524758
6336,88.361473,22.521155
6337,88.360569,22.520705
6338,88.360492,22.522547
6339,88.360476,22.522834
6340,88.360886,22.524202
6341,88.360321,22.523036
6342,88.360564,22.525294
6343,88.360344,22.524150
6344,88.360845,22.524493
6345,88.359156,22.523866
6346,88.359828,22.525176
6347,88.360906,22.522482
6348,88.360537,22.524817
6349,88.361203,22.522682
6350,88.359801,22.524887
6351,88.361519,22.524996
6352,88.361176,22.524897
6353,88.359730,22.524691
6354,88.361063,22.525374
6355,88.361173,22.521621
6356,88.361479,22.521601
6357,88.361454,22.525444
6358,88.359727,22.522855
6359,88.360769,22.523458
6360,88.360070,22.522851
6361,88.360040,22.522159
6362,88.360792,22.523662
6363,88.358812,22.520383
6364,88.359617,22.521645
6365,88.359587,22.521993
6366,88.360360,22.521217
6367,88.358977,22.521942
6368,88.359022,22.520806
6369,88.360513,22.522731
6370,88.360921,22.522645
6371,88.358442,22.520686
6372,88.360752,22.521589
6373,88.360231,22.523236
6374,88.360124,22.521658
6375,88.359355,22.523068
6376,88.359322,22.523983
6377,88.359545,22.523632
6378,88.359548,22.522735
6379,88.360877,22.522120
6380,88.361172,22.520210
6381,88.360702,22.521353
6382,88.359566,22.522284
6383,88.360198,22.523671
6384,88.360044,22.522299
6385,88.357970,22.522071
6386,88.358558,22.522058
6387,88.358054,22.524277
6388,88.358525,22.523251
6389,88.358067,22.520905
6390,88.357258,22.524768
6391,88.358576,22.522939
6392,88.357651,22.522721
6393,88.357325,22.522358
6394,88.358212,22.522713
6395,88.358804,22.522054
6396,88.357196,22.523592
6397,88.358875,22.522390
6398,88.357193,22.524483
6399,88.358026,22.523625
6400,88.357919,22.524445
6401,88.358185,22.522068
6402,88.358584,22.522386
6403,88.359065,22.523286
6404,88.358533,22.521044
6405,88.357318,22.522663
6406,88.357485,22.520694
6407,88.355954,22.524057
6408,88.357474,22.520016
6409,88.356088,22.522107
6410,88.355699,22.522361
6411,88.355137,22.524219
6412,88.354707,22.521401
6413,88.355750,22.524125
6414,88.357713,22.521308
6415,88.355397,22.522014
6416,88.354821,22.521756
6417,88.355486,22.521240
6418,88.355724,22.523553
6419,88.355827,22.522651
6420,88.355323,22.521791
6421,88.356949,22.521296
6422,88.354989,22.522669
6423,88.355083,22.523582
6424,88.355853,22.523058
6425,88.356437,22.524077
6426,88.356028,22.524740
6427,88.354528,22.520472
6428,88.355234,22.522569
6429,88.355479,22.522847
6430,88.355877,22.521159
6431,88.356012,22.524064
6432,88.356452,22.523685
6433,88.355626,22.521973
6434,88.355296,22.523347
6435,88.355183,22.522372
6436,88.355050,22.523114
6437,88.355068,22.523392
6438,88.356276,22.521023
6439,88.355476,22.523593
6440,88.355576,22.521736
6441,88.357090,22.524068
6442,88.356132,22.520440
6443,88.355031,22.522903
6444,88.355677,22.521199
6445,88.355079,22.520129
6446,88.355615,22.520247
6447,88.355436,22.520767
6448,88.354790,22.520274
6449,88.355470,22.519985
6450,88.355743,22.520542
6451,88.355453,22.520874
6452,88.355771,22.519787
6453,88.355269,22.520958
6454,88.355752,22.520677
6455,88.354962,22.520685
6456,88.355859,22.519841
6457,88.355956,22.520134
6458,88.355721,22.520477
6459,88.355289,22.527046
6460,88.356706,22.528760
6461,88.356689,22.528548
6462,88.356485,22.527173
6463,88.357388,22.525346
6464,88.356415,22.528607
6465,88.355762,22.528978
6466,88.355328,22.527479
6467,88.358046,22.528434
6468,88.357002,22.527059
6469,88.355919,22.526975
6470,88.355210,22.525607
6471,88.356935,22.528496
6472,88.355854,22.526595
6473,88.356549,22.525439
6474,88.355205,22.525534
6475,88.356002,22.525505
6476,88.355712,22.525869
6477,88.355281,22.526825
6478,88.355890,22.526805
6479,88.355221,22.525933
6480,88.355274,22.526659
6481,88.357500,22.525662
6482,88.359715,22.525416
6483,88.361053,22.526148
6484,88.357820,22.526955
6485,88.359871,22.526283
6486,88.358108,22.525554
6487,88.360541,22.527931
6488,88.360459,22.525279
6489,88.359732,22.525163
6490,88.360375,22.526216
6491,88.360523,22.526226
6492,88.363404,22.529187
6493,88.362850,22.529697
6494,88.365371,22.530240
6495,88.365527,22.529653
6496,88.361170,22.528695
6497,88.364553,22.529460
6498,88.361414,22.527608
6499,88.360897,22.528488
6500,88.356269,22.530695
6501,88.361099,22.527666
6502,88.360787,22.527816
6503,88.364031,22.530028
6504,88.361809,22.531421
6505,88.363669,22.530528
6506,88.362450,22.531460
6507,88.362497,22.532291
6508,88.361992,22.529726
6509,88.361852,22.530807
6510,88.362397,22.531009
6511,88.362150,22.530829
6512,88.362149,22.530998
6513,88.361885,22.529187
6514,88.363236,22.532729
6515,88.362928,22.532494
6516,88.362327,22.531453
6517,88.362930,22.532266
6518,88.359093,22.537102
6519,88.358760,22.536508
6520,88.360185,22.536021
6521,88.356878,22.533710
6522,88.356556,22.532149
6523,88.358597,22.539164
6524,88.356694,22.537624
6525,88.357050,22.540734
6526,88.356998,22.539025
6527,88.357852,22.539596
6528,88.356618,22.537899
6529,88.357398,22.538478
6530,88.357203,22.538505
6531,88.357935,22.539071
6532,88.357493,22.538889
6533,88.357570,22.537526
6534,88.356862,22.538600
6535,88.357703,22.538420
6536,88.357033,22.539642
6537,88.356267,22.539595
6538,88.355251,22.540481
6539,88.355416,22.539724
6540,88.356238,22.539103
6541,88.356396,22.539597
6542,88.355811,22.538799
6543,88.355877,22.537308
6544,88.355679,22.538230
6545,88.355950,22.536371
6546,88.355597,22.538019
6547,88.356985,22.538945
6548,88.356199,22.537059
6549,88.355366,22.539320
6550,88.355470,22.537944
6551,88.355674,22.538368
6552,88.354787,22.536932
6553,88.356217,22.539019
6554,88.355825,22.537182
6555,88.355405,22.537515
6556,88.355503,22.536373
6557,88.354060,22.535359
6558,88.356237,22.535188
6559,88.353487,22.534762
6560,88.353914,22.534874
6561,88.355405,22.535794
6562,88.354526,22.535715
6563,88.355210,22.535562
6564,88.354793,22.534893
6565,88.354481,22.538740
6566,88.353741,22.538859
6567,88.349475,22.539869
6568,88.350036,22.539968
6569,88.350082,22.540348
6570,88.349500,22.540027
6571,88.349289,22.539005
6572,88.356749,22.532646
6573,88.356206,22.533731
6574,88.352947,22.531138
6575,88.354814,22.529516
6576,88.355841,22.532186
6577,88.353314,22.530079
6578,88.354939,22.530214
6579,88.354932,22.530639
6580,88.353334,22.529630
6581,88.355046,22.531155
6582,88.355508,22.533207
6583,88.354398,22.531885
6584,88.355921,22.533092
6585,88.356117,22.532814
6586,88.354488,22.530650
6587,88.352861,22.530071
6588,88.354409,22.533338
6589,88.355379,22.531066
6590,88.354486,22.531542
6591,88.353007,22.532173
6592,88.353491,22.532081
6593,88.352915,22.529673
6594,88.354053,22.531940
6595,88.354890,22.532440
6596,88.354199,22.529422
6597,88.353984,22.527522
6598,88.353415,22.528767
6599,88.354873,22.528522
6600,88.353489,22.528043
6601,88.354628,22.527791
6602,88.352981,22.528294
6603,88.356056,22.529772
6604,88.354195,22.527523
6605,88.353912,22.527033
6606,88.354542,22.526922
6607,88.353181,22.528637
6608,88.354601,22.527493
6609,88.352668,22.527646
6610,88.355283,22.526874
6611,88.353479,22.527593
6612,88.353277,22.528835
6613,88.353482,22.527061
6614,88.353439,22.528113
6615,88.353661,22.527989
6616,88.352612,22.527093
6617,88.353743,22.528388
6618,88.354118,22.526949
6619,88.355137,22.528454
6620,88.354759,22.528598
6621,88.354000,22.528577
6622,88.354229,22.528506
6623,88.353580,22.526625
6624,88.354018,22.525989
6625,88.352500,22.525716
6626,88.353164,22.526274
6627,88.352543,22.525973
6628,88.352918,22.525651
6629,88.354006,22.525707
6630,88.353354,22.526027
6631,88.353177,22.524556
6632,88.353261,22.525588
6633,88.353893,22.524656
6634,88.353991,22.525508
6635,88.353928,22.521202
6636,88.353921,22.520733
6637,88.352168,22.523521
6638,88.353441,22.523359
6639,88.353580,22.521610
6640,88.354055,22.522763
6641,88.354480,22.520387
6642,88.354094,22.521635
6643,88.353347,22.523367
6644,88.353570,22.520551
6645,88.353298,22.524569
6646,88.351775,22.522032
6647,88.354129,22.521397
6648,88.354032,22.523352
6649,88.353374,22.523707
6650,88.353338,22.522552
6651,88.353473,22.520996
6652,88.352534,22.522752
6653,88.352710,22.521622
6654,88.352693,22.522743
6655,88.354567,22.524658
6656,88.352110,22.521420
6657,88.353990,22.523675
6658,88.354781,22.521578
6659,88.352672,22.521270
6660,88.354250,22.522297
6661,88.354310,22.521152
6662,88.354335,22.523366
6663,88.354443,22.523930
6664,88.352611,22.523813
6665,88.354258,22.522433
6666,88.353808,22.521618
6667,88.354130,22.523671
6668,88.352872,22.521228
6669,88.352123,22.521557
6670,88.353407,22.520631
6671,88.353307,22.522058
6672,88.354267,22.522710
6673,88.354017,22.523968
6674,88.352547,22.521012
6675,88.354659,22.521067
6676,88.352694,22.524522
6677,88.352053,22.521224
6678,88.354942,22.522363
6679,88.354596,22.522748
6680,88.352549,22.521860
6681,88.353074,22.521123
6682,88.354636,22.523375
6683,88.354561,22.524200
6684,88.352735,22.522036
6685,88.353878,22.522008
6686,88.354449,22.521628
6687,88.353036,22.521724
6688,88.354589,22.521762
6689,88.352244,22.523883
6690,88.353278,22.521636
6691,88.352803,22.535870
6692,88.351467,22.537810
6693,88.352165,22.537740
6694,88.350500,22.537427
6695,88.352656,22.537702
6696,88.354024,22.536177
6697,88.350825,22.536399
6698,88.350201,22.537458
6699,88.348750,22.537410
6700,88.350894,22.536705
6701,88.351853,22.537780
6702,88.349339,22.537050
6703,88.353863,22.535832
6704,88.351159,22.536339
6705,88.352159,22.536095
6706,88.353291,22.535983
6707,88.350399,22.536485
6708,88.349865,22.536601
6709,88.353397,22.536372
6710,88.349990,22.536947
6711,88.352976,22.536441
6712,88.348615,22.536802
6713,88.349722,22.535916
6714,88.349293,22.537336
6715,88.350244,22.537909
6716,88.351069,22.537414
6717,88.348435,22.536218
6718,88.350825,22.530255
6719,88.349154,22.530980
6720,88.351505,22.535628
6721,88.347760,22.535108
6722,88.348095,22.535023
6723,88.352759,22.528612
6724,88.353050,22.534689
6725,88.352802,22.534501
6726,88.351453,22.529545
6727,88.349101,22.529597
6728,88.352213,22.532325
6729,88.351268,22.531298
6730,88.351385,22.533419
6731,88.352156,22.531253
6732,88.351180,22.529284
6733,88.351155,22.529571
6734,88.350802,22.530568
6735,88.350833,22.531938
6736,88.351014,22.535691
6737,88.351630,22.533414
6738,88.347170,22.528894
6739,88.345932,22.533258
6740,88.350835,22.528822
6741,88.350800,22.531371
6742,88.349150,22.531460
6743,88.349136,22.530341
6744,88.350452,22.533610
6745,88.349068,22.528930
6746,88.350753,22.534398
6747,88.351964,22.531815
6748,88.352814,22.529395
6749,88.350309,22.534499
6750,88.351810,22.531250
6751,88.350060,22.533340
6752,88.350301,22.533418
6753,88.347448,22.533017
6754,88.345376,22.529107
6755,88.349602,22.532398
6756,88.352405,22.535366
6757,88.350165,22.529594
6758,88.351271,22.531932
6759,88.348241,22.535543
6760,88.348529,22.534916
6761,88.349201,22.534767
6762,88.352731,22.535448
6763,88.348317,22.535806
6764,88.349926,22.534775
6765,88.348769,22.535682
6766,88.351916,22.533899
6767,88.352212,22.535452
6768,88.352224,22.533874
6769,88.353123,22.535716
6770,88.351070,22.535940
6771,88.348931,22.535311
6772,88.348947,22.536115
6773,88.349113,22.536703
6774,88.349248,22.534958
6775,88.351471,22.534073
6776,88.352322,22.534262
6777,88.351277,22.534948
6778,88.352495,22.534173
6779,88.352029,22.534397
6780,88.352540,22.534697
6781,88.352228,22.534826
6782,88.353255,22.533674
6783,88.349944,22.532797
6784,88.352064,22.529476
6785,88.351627,22.529518
6786,88.349621,22.529582
6787,88.350314,22.532704
6788,88.350925,22.532622
6789,88.352303,22.533112
6790,88.350257,22.532030
6791,88.350021,22.533143
6792,88.352846,22.529807
6793,88.349697,22.531877
6794,88.352379,22.533313
6795,88.350375,22.532456
6796,88.351934,22.528983
6797,88.351500,22.532574
6798,88.351361,22.533235
6799,88.352178,22.532743
6800,88.350708,22.533282
6801,88.351573,22.529100
6802,88.352648,22.532989
6803,88.351589,22.530531
6804,88.350416,22.529308
6805,88.352104,22.532458
6806,88.350239,22.531779
6807,88.349590,22.531448
6808,88.352627,22.532617
6809,88.352107,22.529910
6810,88.346964,22.534627
6811,88.347954,22.533659
6812,88.348406,22.534322
6813,88.347561,22.535153
6814,88.347669,22.533729
6815,88.347900,22.534462
6816,88.349845,22.534611
6817,88.349036,22.534225
6818,88.347777,22.534078
6819,88.348796,22.533468
6820,88.346825,22.535296
6821,88.350119,22.533915
6822,88.348006,22.534768
6823,88.349697,22.534058
6824,88.347754,22.534005
6825,88.347522,22.531280
6826,88.348668,22.531013
6827,88.348654,22.532811
6828,88.346777,22.533109
6829,88.346547,22.531490
6830,88.347785,22.531203
6831,88.346401,22.529032
6832,88.349109,22.529898
6833,88.348062,22.529819
6834,88.346619,22.531497
6835,88.347312,22.529767
6836,88.348100,22.528892
6837,88.346403,22.529576
6838,88.348010,22.530498
6839,88.348882,22.531004
6840,88.344761,22.533500
6841,88.343750,22.533795
6842,88.345050,22.531862
6843,88.345795,22.531828
6844,88.344648,22.533557
6845,88.345714,22.531252
6846,88.343446,22.531676
6847,88.344065,22.531606
6848,88.344711,22.531461
6849,88.345290,22.534234
6850,88.345412,22.534801
6851,88.343492,22.535124
6852,88.344933,22.534065
6853,88.343881,22.534484
6854,88.346042,22.534672
6855,88.345312,22.534827
6856,88.344064,22.535779
6857,88.346338,22.536509
6858,88.345114,22.535244
6859,88.346132,22.535585
6860,88.344817,22.535713
6861,88.345050,22.534890
6862,88.344178,22.536792
6863,88.344998,22.536770
6864,88.339828,22.535081
6865,88.342991,22.535130
6866,88.342632,22.537594
6867,88.341511,22.535256
6868,88.342373,22.535187
6869,88.341459,22.535086
6870,88.344479,22.528985
6871,88.343893,22.530010
6872,88.344611,22.530153
6873,88.344440,22.530384
6874,88.343454,22.530030
6875,88.343418,22.529049
6876,88.345490,22.529879
6877,88.345307,22.538113
6878,88.345598,22.539699
6879,88.345853,22.541614
6880,88.345427,22.538648
6881,88.345482,22.538940
6882,88.339611,22.537746
6883,88.345562,22.539479
6884,88.344269,22.538374
6885,88.343377,22.539187
6886,88.341216,22.540425
6887,88.341663,22.537500
6888,88.341888,22.535487
6889,88.342168,22.536605
6890,88.341510,22.535493
6891,88.341704,22.536965
6892,88.342566,22.536943
6893,88.341602,22.535979
6894,88.342239,22.535985
6895,88.342524,22.536566
6896,88.340416,22.533774
6897,88.340022,22.537527
6898,88.340628,22.535074
6899,88.340848,22.536239
6900,88.339901,22.537122
6901,88.340801,22.536637
6902,88.341158,22.536214
6903,88.339824,22.536485
6904,88.340269,22.537079
6905,88.341566,22.535836
6906,88.340826,22.535977
6907,88.341667,22.537309
6908,88.341222,22.535497
6909,88.339394,22.537101
6910,88.337033,22.537905
6911,88.337953,22.537028
6912,88.339622,22.537875
6913,88.337920,22.534255
6914,88.337446,22.533714
6915,88.337008,22.534472
6916,88.337223,22.534737
6917,88.338295,22.534061
6918,88.337017,22.534266
6919,88.336765,22.534660
6920,88.336925,22.534864
6921,88.337128,22.534380
6922,88.337661,22.533981
6923,88.333483,22.535231
6924,88.334996,22.533385
6925,88.335225,22.530171
6926,88.335033,22.532550
6927,88.328232,22.540954
6928,88.330094,22.540701
6929,88.328378,22.541519
6930,88.326399,22.541675
6931,88.333419,22.541310
6932,88.327317,22.539666
6933,88.327298,22.541082
6934,88.329796,22.533102
6935,88.329156,22.533144
6936,88.324652,22.548996
6937,88.327051,22.542289
6938,88.324048,22.548892
6939,88.323373,22.548354
6940,88.324384,22.548946
6941,88.323759,22.548760
6942,88.324627,22.549151
6943,88.324076,22.548327
6944,88.324122,22.548749
6945,88.324589,22.548751
6946,88.326581,22.541797
6947,88.321927,22.545639
6948,88.321586,22.545961
6949,88.319611,22.545147
6950,88.326428,22.543613
6951,88.325315,22.542716
6952,88.324551,22.543398
6953,88.321128,22.541534
6954,88.320819,22.542560
6955,88.320273,22.545319
6956,88.319127,22.542918
6957,88.321337,22.543150
6958,88.319899,22.538815
6959,88.319795,22.542793
6960,88.320886,22.541118
6961,88.320787,22.541049
6962,88.322841,22.543271
6963,88.322072,22.543712
6964,88.322136,22.543704
6965,88.321419,22.543832
6966,88.321986,22.543441
6967,88.322551,22.545102
6968,88.324086,22.542533
6969,88.323431,22.544342
6970,88.323719,22.540506
6971,88.322110,22.543411
6972,88.322058,22.542989
6973,88.321869,22.543692
6974,88.322538,22.543516
6975,88.321573,22.543084
6976,88.321806,22.543483
6977,88.322783,22.542820
6978,88.320511,22.544529
6979,88.321527,22.544388
6980,88.320111,22.544581
6981,88.321433,22.539804
6982,88.325162,22.536731
6983,88.322329,22.539290
6984,88.321585,22.539986
6985,88.324623,22.533850
6986,88.323968,22.531664
6987,88.326878,22.531885
6988,88.324207,22.532078
6989,88.324983,22.540692
6990,88.325896,22.538470
6991,88.323804,22.539858
6992,88.325084,22.533768
6993,88.323327,22.540430
6994,88.321785,22.532396
6995,88.319108,22.535351
6996,88.320874,22.541109
6997,88.315904,22.533735
6998,88.324878,22.539026
6999,88.324134,22.531591
7000,88.324304,22.533917
7001,88.318229,22.527171
7002,88.324781,22.534516
7003,88.324920,22.530275
7004,88.321929,22.529234
7005,88.322330,22.531682
7006,88.325227,22.530392
7007,88.321809,22.526247
7008,88.322839,22.526108
7009,88.322466,22.532236
7010,88.321932,22.527101
7011,88.322233,22.529301
7012,88.322137,22.529053
7013,88.322883,22.534452
7014,88.321995,22.529244
7015,88.317378,22.557656
7016,88.346892,22.563917
7017,88.345414,22.564380
7018,88.324048,22.542360
7019,88.325209,22.542817
7020,88.324775,22.542674
7021,88.325827,22.541275
7022,88.324573,22.542763
7023,88.324730,22.543048
7024,88.324127,22.542625
7025,88.321275,22.542575
7026,88.323067,22.541994
7027,88.322894,22.540467
7028,88.321306,22.542855
7029,88.323002,22.541049
7030,88.323049,22.541890
7031,88.323048,22.541401
7032,88.321523,22.541500
7033,88.321715,22.541461
7034,88.323096,22.542382
7035,88.321702,22.542095
7036,88.321677,22.542761
7037,88.322287,22.541483
7038,88.323870,22.541352
7039,88.321437,22.540891
7040,88.321248,22.540261
7041,88.320908,22.540346
7042,88.320870,22.539126
7043,88.321980,22.539869
7044,88.322292,22.540145
7045,88.322202,22.540652
7046,88.320613,22.540012
7047,88.320336,22.538846
7048,88.320795,22.539945
7049,88.322685,22.539543
7050,88.321646,22.540155
7051,88.322101,22.539416
7052,88.320508,22.539788
7053,88.322341,22.540133
7054,88.322302,22.539984
7055,88.322249,22.539902
7056,88.321282,22.540254
7057,88.320338,22.540118
7058,88.321320,22.539594
7059,88.322445,22.540571
7060,88.322709,22.540498
7061,88.320668,22.542096
7062,88.318731,22.541618
7063,88.320997,22.541271
7064,88.320585,22.541409
7065,88.320505,22.541132
7066,88.326768,22.539927
7067,88.326159,22.540118
7068,88.325840,22.539580
7069,88.326487,22.539441
7070,88.326630,22.539695
7071,88.326830,22.539482
7072,88.324479,22.540375
7073,88.328441,22.542966
7074,88.326200,22.538938
7075,88.324110,22.539979
7076,88.326645,22.539372
7077,88.325024,22.540731
7078,88.325135,22.539530
7079,88.325354,22.539804
7080,88.323864,22.539805
7081,88.328348,22.542766
7082,88.326260,22.538753
7083,88.326587,22.539202
7084,88.326897,22.538975
7085,88.326886,22.538916
7086,88.327254,22.539612
7087,88.326288,22.538787
7088,88.326205,22.538643
7089,88.326535,22.539047
7090,88.326236,22.539001
7091,88.326551,22.537006
7092,88.326420,22.536500
7093,88.326087,22.536643
7094,88.320808,22.538819
7095,88.326986,22.537028
7096,88.326214,22.537208
7097,88.325758,22.536684
7098,88.326815,22.536387
7099,88.325685,22.537183
7100,88.323079,22.539265
7101,88.323857,22.538858
7102,88.321718,22.538898
7103,88.324370,22.537153
7104,88.324043,22.538126
7105,88.323660,22.538911
7106,88.321494,22.538233
7107,88.324305,22.536903
7108,88.323093,22.537173
7109,88.323247,22.538773
7110,88.323780,22.538631
7111,88.324121,22.539528
7112,88.325531,22.537653
7113,88.324464,22.538361
7114,88.325701,22.536392
7115,88.326009,22.536663
7116,88.325245,22.534177
7117,88.324727,22.534288
7118,88.326084,22.533615
7119,88.325736,22.531975
7120,88.325387,22.533725
7121,88.324402,22.532975
7122,88.324791,22.533168
7123,88.324800,22.532092
7124,88.325868,22.532630
7125,88.324865,22.532883
7126,88.324877,22.532922
7127,88.324471,22.533235
7128,88.325918,22.532861
7129,88.325154,22.532870
7130,88.325980,22.533133
7131,88.325269,22.533257
7132,88.325287,22.532445
7133,88.325344,22.532787
7134,88.324866,22.532489
7135,88.325805,22.532318
7136,88.324734,22.532580
7137,88.325615,22.532673
7138,88.322230,22.531159
7139,88.323096,22.530515
7140,88.323218,22.530489
7141,88.324738,22.530218
7142,88.324098,22.529974
7143,88.323680,22.530749
7144,88.324652,22.531653
7145,88.326081,22.531081
7146,88.322432,22.534566
7147,88.324888,22.530493
7148,88.324735,22.530502
7149,88.324054,22.530944
7150,88.323282,22.531001
7151,88.323077,22.531027
7152,88.324584,22.530881
7153,88.324649,22.531201
7154,88.323716,22.530970
7155,88.324684,22.531489
7156,88.322158,22.530782
7157,88.324845,22.530490
7158,88.323621,22.530374
7159,88.323597,22.529786
7160,88.324760,22.532097
7161,88.322868,22.531454
7162,88.322619,22.531639
7163,88.323504,22.531191
7164,88.323082,22.531781
7165,88.323618,22.530975
7166,88.322546,22.531328
7167,88.323739,22.532003
7168,88.323704,22.531484
7169,88.322264,22.531339
7170,88.322693,22.532182
7171,88.323453,22.531709
7172,88.323343,22.531325
7173,88.323150,22.532078
7174,88.323311,22.530999
7175,88.323340,22.531229
7176,88.323659,22.531200
7177,88.325078,22.530478
7178,88.325028,22.531428
7179,88.323971,22.531100
7180,88.324196,22.531310
7181,88.324684,22.531464
7182,88.318100,22.527909
7183,88.322609,22.528402
7184,88.322069,22.528404
7185,88.325695,22.530506
7186,88.323797,22.528180
7187,88.325635,22.530075
7188,88.325105,22.530352
7189,88.323540,22.528113
7190,88.325300,22.527378
7191,88.325242,22.527691
7192,88.323043,22.527901
7193,88.322546,22.528127
7194,88.322834,22.527005
7195,88.323344,22.528194
7196,88.323324,22.525297
7197,88.321694,22.525539
7198,88.325213,22.524645
7199,88.321235,22.525629
7200,88.322674,22.527022
7201,88.322206,22.526767
7202,88.321850,22.526530
7203,88.322312,22.526461
7204,88.322600,22.526417
7205,88.322117,22.526705
7206,88.322103,22.526492
7207,88.322323,22.526733
7208,88.322566,22.526144
7209,88.322339,22.527057
7210,88.319866,22.527044
7211,88.320059,22.528602
7212,88.319990,22.525686
7213,88.319577,22.525969
7214,88.321425,22.526571
7215,88.320790,22.526363
7216,88.319738,22.526422
7217,88.320959,22.527080
7218,88.321831,22.526398
7219,88.320237,22.527022
7220,88.320032,22.525868
7221,88.321184,22.526444
7222,88.320747,22.526226
7223,88.320123,22.526368
7224,88.321182,22.526586
7225,88.321217,22.527105
7226,88.319786,22.526036
7227,88.320048,22.525982
7228,88.321186,22.526115
7229,88.321288,22.525785
7230,88.321777,22.526026
7231,88.321736,22.525768
7232,88.324490,22.521844
7233,88.319469,22.525329
7234,88.324316,22.521398
7235,88.322739,22.521576
7236,88.323744,22.522175
7237,88.324610,22.522069
7238,88.323705,22.521832
7239,88.324407,22.521880
7240,88.323313,22.522236
7241,88.321432,22.536550
7242,88.320376,22.538140
7243,88.320831,22.536671
7244,88.321674,22.538078
7245,88.320685,22.534889
7246,88.320996,22.537086
7247,88.320855,22.535455
7248,88.320322,22.537970
7249,88.320484,22.538470
7250,88.320816,22.538381
7251,88.320522,22.538788
7252,88.320235,22.538769
7253,88.321592,22.537421
7254,88.321063,22.536823
7255,88.321480,22.536744
7256,88.319302,22.536075
7257,88.319540,22.537038
7258,88.321283,22.538010
7259,88.321528,22.536955
7260,88.319398,22.536433
7261,88.320027,22.536274
7262,88.321381,22.536338
7263,88.322567,22.535027
7264,88.322844,22.536196
7265,88.322251,22.535088
7266,88.321257,22.535817
7267,88.321807,22.536238
7268,88.321777,22.535911
7269,88.322043,22.535576
7270,88.322093,22.535842
7271,88.318840,22.504118
7272,88.324639,22.535518
7273,88.323173,22.535584
7274,88.322731,22.535695
7275,88.323988,22.535767
7276,88.323531,22.534262
7277,88.323699,22.534693
7278,88.323483,22.533527
7279,88.323595,22.534244
7280,88.322710,22.533597
7281,88.322678,22.533416
7282,88.323087,22.533346
7283,88.323161,22.533676
7284,88.322749,22.533756
7285,88.324172,22.533518
7286,88.323142,22.533535
7287,88.323354,22.533287
7288,88.323300,22.532804
7289,88.323657,22.533540
7290,88.323420,22.532027
7291,88.323606,22.533257
7292,88.322886,22.532136
7293,88.323622,22.532006
7294,88.323035,22.532710
7295,88.322849,22.532789
7296,88.324127,22.533180
7297,88.324444,22.533132
7298,88.322561,22.532838
7299,88.322186,22.534589
7300,88.320148,22.532777
7301,88.321985,22.533562
7302,88.321837,22.532729
7303,88.322463,22.533200
7304,88.321930,22.533302
7305,88.322617,22.533162
7306,88.322232,22.533040
7307,88.321850,22.532813
7308,88.322557,22.532810
7309,88.322519,22.532577
7310,88.322669,22.533401
7311,88.321197,22.532936
7312,88.321113,22.532548
7313,88.318892,22.534556
7314,88.320012,22.535064
7315,88.319730,22.534311
7316,88.320450,22.534070
7317,88.320350,22.533672
7318,88.320140,22.533696
7319,88.320146,22.533885
7320,88.320393,22.533843
7321,88.322393,22.531996
7322,88.321718,22.531169
7323,88.321318,22.531561
7324,88.321503,22.531911
7325,88.321388,22.531536
7326,88.322149,22.531764
7327,88.321754,22.532402
7328,88.322050,22.532078
7329,88.322223,22.531124
7330,88.322306,22.531558
7331,88.321961,22.529767
7332,88.320348,22.529385
7333,88.320084,22.530037
7334,88.320100,22.530124
7335,88.322115,22.530555
7336,88.319986,22.529407
7337,88.322060,22.530278
7338,88.319958,22.528575
7339,88.320937,22.529507
7340,88.321761,22.530347
7341,88.321302,22.529915
7342,88.321535,22.530944
7343,88.322177,22.530882
7344,88.320033,22.529768
7345,88.321622,22.529830
7346,88.320451,22.528733
7347,88.321058,22.529834
7348,88.320892,22.528893
7349,88.320792,22.530227
7350,88.320996,22.530178
7351,88.320861,22.531109
7352,88.320836,22.530787
7353,88.319829,22.530909
7354,88.321653,22.530007
7355,88.321146,22.530854
7356,88.320154,22.530347
7357,88.321207,22.531139
7358,88.320968,22.530071
7359,88.319801,22.530978
7360,88.320916,22.529863
7361,88.321014,22.532575
7362,88.320781,22.531476
7363,88.321191,22.531067
7364,88.320373,22.531547
7365,88.321155,22.530039
7366,88.321372,22.530968
7367,88.321460,22.531835
7368,88.320896,22.531820
7369,88.321509,22.530768
7370,88.319681,22.531916
7371,88.321111,22.531613
7372,88.319931,22.531360
7373,88.320269,22.530848
7374,88.320139,22.531802
7375,88.320572,22.530522
7376,88.320701,22.531122
7377,88.320205,22.530641
7378,88.320511,22.530306
7379,88.321180,22.531895
7380,88.320387,22.531159
7381,88.320933,22.532120
7382,88.320604,22.531890
7383,88.316969,22.525627
7384,88.331951,22.531750
7385,88.328592,22.531969
7386,88.329025,22.531974
7387,88.329816,22.531918
7388,88.329016,22.531818
7389,88.329597,22.531936
7390,88.333500,22.535072
7391,88.335236,22.530091
7392,88.331364,22.527542
7393,88.331359,22.527432
7394,88.338894,22.530064
7395,88.338510,22.534539
7396,88.342787,22.533925
7397,88.341196,22.533813
7398,88.340825,22.532453
7399,88.340957,22.531955
7400,88.343420,22.534769
7401,88.340713,22.532780
7402,88.338971,22.532550
7403,88.338668,22.534432
7404,88.340297,22.532361
7405,88.341030,22.531930
7406,88.340800,22.532529
7407,88.339785,22.533699
7408,88.343482,22.532047
7409,88.338310,22.533515
7410,88.340082,22.533206
7411,88.340469,22.533374
7412,88.340610,22.532989
7413,88.340176,22.533101
7414,88.340158,22.532774
7415,88.340474,22.532392
7416,88.340528,22.533150
7417,88.340354,22.532755
7418,88.339860,22.533419
7419,88.340031,22.533010
7420,88.340072,22.532024
7421,88.340249,22.531989
7422,88.340529,22.532078
7423,88.340164,22.532318
7424,88.340263,22.532096
7425,88.340563,22.531866
7426,88.340112,22.532143
7427,88.341067,22.532819
7428,88.341310,22.532539
7429,88.343520,22.532336
7430,88.342880,22.532601
7431,88.340895,22.533814
7432,88.340949,22.533227
7433,88.341741,22.530956
7434,88.342824,22.530704
7435,88.343440,22.530650
7436,88.343463,22.530872
7437,88.341736,22.530810
7438,88.342043,22.530819
7439,88.341521,22.531624
7440,88.342279,22.529000
7441,88.342088,22.530236
7442,88.341756,22.530245
7443,88.341693,22.529022
7444,88.341855,22.531860
7445,88.341063,22.531599
7446,88.341529,22.531891
7447,88.340767,22.531684
7448,88.342783,22.530134
7449,88.341625,22.531608
7450,88.341024,22.531766
7451,88.343006,22.529603
7452,88.342120,22.530235
7453,88.342041,22.529826
7454,88.343444,22.529574
7455,88.342366,22.529537
7456,88.350212,22.527834
7457,88.348410,22.528038
7458,88.347260,22.528697
7459,88.349046,22.527622
7460,88.348545,22.528630
7461,88.349432,22.527057
7462,88.349657,22.526781
7463,88.350421,22.528133
7464,88.349996,22.526397
7465,88.349551,22.527504
7466,88.349893,22.525187
7467,88.349614,22.528225
7468,88.351439,22.525909
7469,88.349103,22.527549
7470,88.349046,22.528316
7471,88.349388,22.528932
7472,88.349870,22.524509
7473,88.350084,22.527149
7474,88.349712,22.528436
7475,88.351182,22.526790
7476,88.350716,22.526959
7477,88.352680,22.527777
7478,88.351995,22.528161
7479,88.351259,22.528741
7480,88.351498,22.527428
7481,88.352381,22.528090
7482,88.350110,22.527441
7483,88.352185,22.526769
7484,88.350620,22.525890
7485,88.351521,22.526064
7486,88.350711,22.527610
7487,88.350270,22.526647
7488,88.351670,22.527495
7489,88.350297,22.527106
7490,88.351500,22.528197
7491,88.351198,22.527940
7492,88.350213,22.527810
7493,88.351248,22.528221
7494,88.350822,22.528022
7495,88.352016,22.528431
7496,88.351034,22.525476
7497,88.349978,22.525925
7498,88.352634,22.527298
7499,88.352100,22.527791
7500,88.352705,22.528088
7501,88.351775,22.526566
7502,88.351105,22.527517
7503,88.351673,22.528197
7504,88.352086,22.525084
7505,88.351799,22.525431
7506,88.351045,22.524559
7507,88.351579,22.525082
7508,88.351585,22.524534
7509,88.352482,22.525430
7510,88.351909,22.525082
7511,88.347325,22.528375
7512,88.348861,22.525478
7513,88.346940,22.526405
7514,88.346210,22.526435
7515,88.347539,22.526666
7516,88.348844,22.526567
7517,88.348152,22.526638
7518,88.347533,22.526051
7519,88.347517,22.523892
7520,88.349039,22.526546
7521,88.349007,22.526022
7522,88.349262,22.525382
7523,88.347542,22.526315
7524,88.348757,22.526090
7525,88.349342,22.525629
7526,88.347511,22.524769
7527,88.348835,22.524197
7528,88.346354,22.525577
7529,88.343575,22.527252
7530,88.343383,22.527994
7531,88.345895,22.527458
7532,88.345348,22.525917
7533,88.344562,22.527230
7534,88.343912,22.523540
7535,88.345273,22.527638
7536,88.343865,22.525262
7537,88.344818,22.525735
7538,88.344519,22.526709
7539,88.346264,22.526183
7540,88.344438,22.527849
7541,88.344507,22.527508
7542,88.346115,22.526768
7543,88.344568,22.527076
7544,88.345721,22.528000
7545,88.343997,22.527963
7546,88.344385,22.525324
7547,88.344688,22.525365
7548,88.345612,22.525476
7549,88.342679,22.523915
7550,88.343360,22.524313
7551,88.344728,22.524946
7552,88.343232,22.526264
7553,88.342800,22.526250
7554,88.343153,22.523490
7555,88.343323,22.525852
7556,88.345639,22.524951
7557,88.344853,22.523611
7558,88.343924,22.524256
7559,88.343240,22.526467
7560,88.345597,22.523655
7561,88.351979,22.522796
7562,88.347204,22.522319
7563,88.350661,22.524559
7564,88.350763,22.523491
7565,88.350736,22.523570
7566,88.349584,22.522470
7567,88.349498,22.522213
7568,88.350689,22.523221
7569,88.347311,22.522900
7570,88.350370,22.523597
7571,88.350623,22.522873
7572,88.349707,22.522878
7573,88.346694,22.522218
7574,88.350680,22.523996
7575,88.350336,22.523286
7576,88.349867,22.523883
7577,88.349810,22.521774
7578,88.349433,22.521876
7579,88.351429,22.523950
7580,88.350351,22.524090
7581,88.349877,22.524066
7582,88.350087,22.523325
7583,88.351448,22.523801
7584,88.351380,22.524544
7585,88.351447,22.523650
7586,88.350262,22.524547
7587,88.349833,22.523382
7588,88.350273,22.524087
7589,88.350048,22.522870
7590,88.351128,22.523645
7591,88.350701,22.523798
7592,88.350313,22.522886
7593,88.351145,22.521876
7594,88.351048,22.522843
7595,88.350627,22.522782
7596,88.350465,22.522053
7597,88.351533,22.521909
7598,88.350444,22.521646
7599,88.349686,22.521804
7600,88.351155,22.522121
7601,88.351029,22.522163
7602,88.351823,22.522210
7603,88.351032,22.521518
7604,88.351732,22.521871
7605,88.351581,22.522251
7606,88.349777,22.522140
7607,88.351663,22.522803
7608,88.348682,22.523214
7609,88.348782,22.523679
7610,88.347401,22.523311
7611,88.349522,22.522831
7612,88.348988,22.524289
7613,88.349499,22.523741
7614,88.349357,22.523405
7615,88.349285,22.523137
7616,88.349221,22.522831
7617,88.349394,22.523457
7618,88.349829,22.523348
7619,88.349525,22.523858
7620,88.349862,22.523740
7621,88.349004,22.523877
7622,88.348982,22.523827
7623,88.349546,22.523386
7624,88.347966,22.522882
7625,88.348044,22.523306
7626,88.348968,22.521988
7627,88.347469,22.522221
7628,88.349157,22.522752
7629,88.347118,22.518172
7630,88.349258,22.518194
7631,88.348028,22.517958
7632,88.352001,22.519127
7633,88.349679,22.521400
7634,88.349095,22.517686
7635,88.349233,22.520181
7636,88.348934,22.520238
7637,88.347209,22.518645
7638,88.350036,22.518050
7639,88.348980,22.517277
7640,88.347602,22.520454
7641,88.346635,22.520573
7642,88.347791,22.519949
7643,88.346571,22.520259
7644,88.350173,22.519397
7645,88.349205,22.520873
7646,88.348533,22.519792
7647,88.350763,22.521578
7648,88.348773,22.519741
7649,88.348790,22.520784
7650,88.348830,22.520959
7651,88.351893,22.519762
7652,88.348693,22.522057
7653,88.351265,22.520855
7654,88.348839,22.519996
7655,88.351373,22.519220
7656,88.350560,22.519932
7657,88.350515,22.519339
7658,88.350249,22.521236
7659,88.349963,22.519443
7660,88.350652,22.520918
7661,88.349637,22.521251
7662,88.349307,22.520346
7663,88.349283,22.521344
7664,88.351426,22.520820
7665,88.348330,22.520880
7666,88.351051,22.520413
7667,88.350770,22.520228
7668,88.348666,22.520301
7669,88.347586,22.520833
7670,88.349897,22.519848
7671,88.350197,22.520987
7672,88.350005,22.520449
7673,88.351450,22.519815
7674,88.351186,22.520138
7675,88.351078,22.520884
7676,88.349045,22.521972
7677,88.348261,22.520875
7678,88.349921,22.517041
7679,88.352096,22.518615
7680,88.350126,22.518701
7681,88.352193,22.518110
7682,88.349977,22.517548
7683,88.350962,22.517666
7684,88.349095,22.519039
7685,88.348464,22.519555
7686,88.347765,22.519295
7687,88.349728,22.518141
7688,88.349482,22.518161
7689,88.348092,22.519225
7690,88.348277,22.518360
7691,88.347539,22.518496
7692,88.347645,22.518476
7693,88.349261,22.519591
7694,88.347914,22.517992
7695,88.348406,22.519356
7696,88.347557,22.518086
7697,88.348051,22.518392
7698,88.347603,22.519363
7699,88.347912,22.518637
7700,88.348821,22.518925
7701,88.349372,22.517619
7702,88.349182,22.519342
7703,88.347968,22.518838
7704,88.348020,22.519242
7705,88.348194,22.518818
7706,88.347659,22.518910
7707,88.349047,22.518826
7708,88.349749,22.518525
7709,88.349010,22.516904
7710,88.348155,22.516909
7711,88.349414,22.518563
7712,88.347755,22.516990
7713,88.348431,22.517851
7714,88.346291,22.518837
7715,88.330849,22.525182
7716,88.368194,22.520776
7717,88.369072,22.521211
7718,88.367345,22.520424
7719,88.363855,22.519276
7720,88.365161,22.519557
7721,88.361287,22.518848
7722,88.365372,22.519641
7723,88.369152,22.521134
7724,88.369267,22.521298
7725,88.359627,22.518571
7726,88.361998,22.518974
7727,88.360225,22.518689
7728,88.368976,22.521101
7729,88.358523,22.518375
7730,88.347492,22.516941
7731,88.348400,22.516764
7732,88.352340,22.517292
7733,88.346918,22.516995
7734,88.345900,22.516956
7735,88.347741,22.516897
7736,88.349225,22.516833
7737,88.355546,22.517832
7738,88.345569,22.508375
7739,88.345896,22.515187
7740,88.345467,22.509156
7741,88.346426,22.520325
7742,88.346422,22.523797
7743,88.345421,22.508565
7744,88.345883,22.515107
7745,88.346581,22.522029
7746,88.346427,22.523652
7747,88.343930,22.523440
7748,88.345686,22.523567
7749,88.345688,22.523013
7750,88.341211,22.523660
7751,88.344906,22.516012
7752,88.344852,22.515691
7753,88.344715,22.520602
7754,88.345434,22.520496
7755,88.345024,22.517397
7756,88.345004,22.516877
7757,88.345474,22.522262
7758,88.345696,22.523147
7759,88.345399,22.521755
7760,88.346444,22.523366
7761,88.346030,22.521597
7762,88.345890,22.521261
7763,88.346595,22.521525
7764,88.345930,22.522086
7765,88.346581,22.521213
7766,88.345379,22.521297
7767,88.341477,22.522691
7768,88.343877,22.523076
7769,88.343925,22.522458
7770,88.344358,22.521410
7771,88.344605,22.521409
7772,88.345407,22.521884
7773,88.344530,22.522208
7774,88.344911,22.522418
7775,88.344105,22.520939
7776,88.343792,22.520696
7777,88.344777,22.521058
7778,88.344367,22.522455
7779,88.343797,22.520935
7780,88.343848,22.521267
7781,88.344645,22.521891
7782,88.344887,22.521885
7783,88.340423,22.522406
7784,88.341380,22.516870
7785,88.340273,22.523790
7786,88.342856,22.522465
7787,88.341536,22.523590
7788,88.341349,22.520549
7789,88.341560,22.523671
7790,88.343176,22.523404
7791,88.342405,22.520628
7792,88.342508,22.520812
7793,88.341352,22.521157
7794,88.340297,22.520590
7795,88.341414,22.520104
7796,88.345249,22.518858
7797,88.344586,22.518868
7798,88.345298,22.519422
7799,88.344779,22.518915
7800,88.345287,22.519234
7801,88.345392,22.520142
7802,88.345796,22.519713
7803,88.343198,22.519776
7804,88.346028,22.518743
7805,88.345348,22.519780
7806,88.346351,22.520009
7807,88.346132,22.519145
7808,88.342154,22.520024
7809,88.343416,22.520452
7810,88.342902,22.519710
7811,88.343438,22.520374
7812,88.344480,22.518280
7813,88.344344,22.519629
7814,88.343987,22.517777
7815,88.343407,22.520695
7816,88.342621,22.520162
7817,88.343452,22.520198
7818,88.342965,22.519693
7819,88.343391,22.519802
7820,88.343178,22.520186
7821,88.344703,22.519541
7822,88.343049,22.520486
7823,88.343824,22.520304
7824,88.342705,22.520657
7825,88.343856,22.519696
7826,88.344313,22.517661
7827,88.342073,22.517946
7828,88.342617,22.518049
7829,88.342352,22.518003
7830,88.342298,22.518908
7831,88.342790,22.518072
7832,88.341934,22.518983
7833,88.342081,22.519113
7834,88.342981,22.518075
7835,88.342996,22.518676
7836,88.341458,22.517873
7837,88.342606,22.519309
7838,88.342995,22.518773
7839,88.341445,22.518386
7840,88.342338,22.518421
7841,88.342136,22.519538
7842,88.342994,22.518893
7843,88.341947,22.518419
7844,88.343433,22.518750
7845,88.342168,22.519752
7846,88.341940,22.518900
7847,88.343725,22.518773
7848,88.343362,22.518017
7849,88.343741,22.517891
7850,88.344175,22.518819
7851,88.345083,22.517827
7852,88.344868,22.519511
7853,88.343786,22.518555
7854,88.344070,22.518397
7855,88.344443,22.517969
7856,88.342235,22.516874
7857,88.343187,22.516906
7858,88.343675,22.516926
7859,88.343217,22.518047
7860,88.343777,22.517864
7861,88.341245,22.516876
7862,88.338625,22.519714
7863,88.339424,22.519298
7864,88.337931,22.520731
7865,88.338916,22.518399
7866,88.339483,22.518949
7867,88.339452,22.519624
7868,88.339715,22.518442
7869,88.339812,22.518952
7870,88.338562,22.519522
7871,88.338950,22.520760
7872,88.339366,22.519044
7873,88.337686,22.517340
7874,88.339667,22.519545
7875,88.339849,22.518808
7876,88.338068,22.518505
7877,88.338583,22.517148
7878,88.339443,22.519503
7879,88.337674,22.520258
7880,88.336844,22.517513
7881,88.338129,22.518640
7882,88.337480,22.518569
7883,88.337078,22.518795
7884,88.335870,22.517692
7885,88.337167,22.520207
7886,88.338028,22.520289
7887,88.335869,22.519009
7888,88.336553,22.520067
7889,88.337132,22.518628
7890,88.337062,22.519463
7891,88.337235,22.519457
7892,88.336566,22.518662
7893,88.334843,22.518369
7894,88.334764,22.517924
7895,88.334833,22.519875
7896,88.333547,22.519855
7897,88.335829,22.520018
7898,88.337374,22.520243
7899,88.336912,22.518026
7900,88.337180,22.518776
7901,88.403962,22.570775
7902,88.398500,22.586225
7903,88.395398,22.591885
7904,88.395412,22.592318
7905,88.398403,22.586185
7906,88.396739,22.589451
7907,88.395300,22.591846
7908,88.395468,22.592944
7909,88.395545,22.592662
7910,88.395240,22.591634
7911,88.397171,22.588898
7912,88.396602,22.589634
7913,88.396816,22.589730
7914,88.396370,22.589269
7915,88.396629,22.591106
7916,88.397388,22.590707
7917,88.396555,22.591927
7918,88.393721,22.591594
7919,88.393671,22.591658
7920,88.395054,22.592558
7921,88.395105,22.592506
7922,88.399795,22.595717
7923,88.395460,22.592723
7924,88.399580,22.595407
7925,88.398193,22.594301
7926,88.399402,22.595167
7927,88.398428,22.594957
7928,88.397873,22.594618
7929,88.398671,22.594997
7930,88.396017,22.593080
7931,88.400997,22.580873
7932,88.401124,22.580887
7933,88.398650,22.585763
7934,88.395753,22.591453
7935,88.398829,22.585698
7936,88.404364,22.551528
7937,88.402847,22.586795
7938,88.400978,22.589748
7939,88.399726,22.591350
7940,88.399822,22.591420
7941,88.399556,22.591597
7942,88.399666,22.591648
7943,88.399899,22.584522
7944,88.399376,22.584222
7945,88.399608,22.584259
7946,88.399507,22.584259
7947,88.399490,22.584294
7948,88.399919,22.584912
7949,88.400486,22.585307
7950,88.402871,22.586564
7951,88.399732,22.592122
7952,88.399847,22.592190
7953,88.399631,22.592496
7954,88.399044,22.592582
7955,88.399413,22.592804
7956,88.399197,22.593110
7957,88.398867,22.593344
7958,88.398982,22.593414
7959,88.401521,22.593636
7960,88.401310,22.593949
7961,88.401101,22.594259
7962,88.404593,22.595005
7963,88.403705,22.596263
7964,88.402433,22.586451
7965,88.398925,22.586912
7966,88.398303,22.588165
7967,88.401202,22.588253
7968,88.397934,22.588926
7969,88.397751,22.589300
7970,88.400414,22.589409
7971,88.397564,22.589645
7972,88.397331,22.590053
7973,88.399939,22.590104
7974,88.399703,22.590450
7975,88.399480,22.590777
7976,88.399585,22.591372
7977,88.399524,22.591448
7978,88.399836,22.591546
7979,88.399770,22.591624
7980,88.405052,22.594597
7981,88.404996,22.594690
7982,88.398910,22.588523
7983,88.399299,22.588752
7984,88.399672,22.588972
7985,88.400042,22.589189
7986,88.398444,22.589226
7987,88.398818,22.589445
7988,88.398203,22.589566
7989,88.399191,22.589665
7990,88.398578,22.589786
7991,88.399561,22.589882
7992,88.399688,22.585347
7993,88.399482,22.585714
7994,88.399276,22.586137
7995,88.400812,22.586503
7996,88.402183,22.586815
7997,88.401305,22.587319
7998,88.400445,22.584027
7999,88.399952,22.584642
8000,88.380325,22.589621
8001,88.395945,22.592046
8002,88.398977,22.592470
8003,88.337510,22.523956
8004,88.337532,22.523365
8005,88.336700,22.527506
8006,88.327351,22.522227
8007,88.327929,22.526740
8008,88.326719,22.523714
8009,88.327091,22.525287
8010,88.326561,22.524900
8011,88.327520,22.523566
8012,88.326775,22.523985
8013,88.323601,22.568251
8014,88.322230,22.568714
8015,88.322177,22.570978
8016,88.324121,22.567948
8017,88.322683,22.569319
8018,88.323297,22.570565
8019,88.323928,22.566567
8020,88.324135,22.570264
8021,88.320289,22.567964
8022,88.321608,22.570234
8023,88.322581,22.568400
8024,88.318751,22.566069
8025,88.323850,22.570032
8026,88.322863,22.567380
8027,88.323094,22.569556
8028,88.321151,22.569438
8029,88.324408,22.571009
8030,88.326200,22.570192
8031,88.320203,22.567952
8032,88.324508,22.570593
8033,88.323237,22.567869
8034,88.325452,22.570841
8035,88.324664,22.569322
8036,88.350639,22.549126
8037,88.356343,22.547611
8038,88.353120,22.546944
8039,88.350205,22.547316
8040,88.353415,22.548058
8041,88.353501,22.548350
8042,88.355473,22.544805
8043,88.354394,22.547880
8044,88.349761,22.545635
8045,88.327714,22.521160
8046,88.328394,22.520721
8047,88.330106,22.519764
8048,88.328778,22.515995
8049,88.355364,22.547753
8050,88.333311,22.525706
8051,88.332720,22.525867
8052,88.334866,22.526658
8053,88.334486,22.524318
8054,88.331026,22.525925
8055,88.333537,22.526934
8056,88.333235,22.525396
8057,88.336745,22.527446
8058,88.338595,22.523918
8059,88.343099,22.526076
8060,88.343370,22.525850
8061,88.343000,22.526284
8062,88.341579,22.526167
8063,88.343354,22.526475
8064,88.342239,22.526881
8065,88.341014,22.525216
8066,88.342013,22.528045
8067,88.340069,22.524554
8068,88.341443,22.524812
8069,88.342826,22.528976
8070,88.342261,22.527634
8071,88.341172,22.524346
8072,88.342102,22.524070
8073,88.341257,22.524116
8074,88.341434,22.524495
8075,88.342353,22.525109
8076,88.342325,22.524943
8077,88.341850,22.525015
8078,88.342398,22.525364
8079,88.341523,22.525726
8080,88.342500,22.526115
8081,88.341478,22.525246
8082,88.341933,22.525950
8083,88.341555,22.525993
8084,88.342160,22.528239
8085,88.341893,22.526915
8086,88.342280,22.526540
8087,88.341648,22.528036
8088,88.342202,22.524295
8089,88.342830,22.528623
8090,88.343028,22.526864
8091,88.340954,22.524641
8092,88.342754,22.526698
8093,88.342828,22.528588
8094,88.343357,22.528132
8095,88.342840,22.528023
8096,88.341960,22.528387
8097,88.341619,22.526648
8098,88.341427,22.524106
8099,88.342958,22.527651
8100,88.339564,22.523884
8101,88.342190,22.528236
8102,88.342226,22.524403
8103,88.343347,22.528551
8104,88.342826,22.528182
8105,88.342789,22.527683
8106,88.342558,22.527708
8107,88.341497,22.525451
8108,88.342297,22.528824
8109,88.340949,22.524876
8110,88.341436,22.524569
8111,88.342151,22.527611
8112,88.342150,22.528048
8113,88.342252,22.526120
8114,88.341629,22.527230
8115,88.342821,22.528204
8116,88.338836,22.520305
8117,88.340080,22.521511
8118,88.338315,22.520327
8119,88.339771,22.521210
8120,88.338014,22.521706
8121,88.339825,22.523875
8122,88.338988,22.520879
8123,88.339817,22.523820
8124,88.338256,22.521156
8125,88.339128,22.521156
8126,88.337749,22.521119
8127,88.338548,22.520362
8128,88.338712,22.521522
8129,88.338242,22.521251
8130,88.337586,22.521618
8131,88.338309,22.520176
8132,88.338004,22.520367
8133,88.339232,22.521316
8134,88.338334,22.520540
8135,88.338291,22.520816
8136,88.338446,22.522991
8137,88.338704,22.521227
8138,88.338209,22.521493
8139,88.338184,22.521687
8140,88.337655,22.521360
8141,88.339525,22.521739
8142,88.338728,22.521770
8143,88.338888,22.520472
8144,88.392216,22.588349
8145,88.389398,22.572277
8146,88.392595,22.588877
8147,88.392364,22.588936
8148,88.392444,22.589240
8149,88.382837,22.582115
8150,88.390134,22.576750
8151,88.391407,22.588781
8152,88.386550,22.580898
8153,88.386846,22.580767
8154,88.392045,22.588969
8155,88.390313,22.578077
8156,88.391365,22.588655
8157,88.393234,22.589910
8158,88.392659,22.589019
8159,88.392603,22.587510
8160,88.392732,22.589340
8161,88.392515,22.588551
8162,88.392274,22.588590
8163,88.391349,22.591500
8164,88.392552,22.588724
8165,88.391973,22.589157
8166,88.389300,22.572199
8167,88.392013,22.589321
8168,88.392571,22.589768
8169,88.392069,22.589613
8170,88.389498,22.572265
8171,88.392487,22.589400
8172,88.390412,22.580257
8173,88.392083,22.589454
8174,88.387754,22.580407
8175,88.392691,22.589182
8176,88.392403,22.589084
8177,88.392321,22.588773
8178,88.392258,22.586282
8179,88.392525,22.589560
8180,88.392018,22.588845
8181,88.391977,22.588657
8182,88.393026,22.589674
8183,88.391262,22.588806
8184,88.392055,22.595264
8185,88.392208,22.595081
8186,88.392746,22.594703
8187,88.392574,22.594562
8188,88.392636,22.594613
8189,88.391686,22.594115
8190,88.392061,22.594739
8191,88.391721,22.592248
8192,88.392311,22.594332
8193,88.392142,22.594942
8194,88.392449,22.594465
8195,88.391951,22.595341
8196,88.392294,22.595204
8197,88.391823,22.593885
8198,88.391973,22.594510
8199,88.393201,22.591034
8200,88.394670,22.592100
8201,88.396167,22.589211
8202,88.395409,22.590279
8203,88.393668,22.590187
8204,88.394813,22.590353
8205,88.395385,22.590192
8206,88.395814,22.590732
8207,88.395011,22.590953
8208,88.396311,22.589173
8209,88.394883,22.589838
8210,88.396227,22.589303
8211,88.393594,22.589829
8212,88.394001,22.589645
8213,88.395007,22.590298
8214,88.393212,22.589808
8215,88.394126,22.589738
8216,88.393799,22.590933
8217,88.395599,22.591376
8218,88.395347,22.590061
8219,88.394478,22.590432
8220,88.394185,22.590075
8221,88.394918,22.589969
8222,88.395385,22.590833
8223,88.395196,22.589524
8224,88.393582,22.591385
8225,88.396777,22.589805
8226,88.395062,22.591639
8227,88.395576,22.590800
8228,88.393475,22.595074
8229,88.397442,22.603542
8230,88.393774,22.600185
8231,88.398284,22.604641
8232,88.395926,22.602922
8233,88.397158,22.602560
8234,88.401662,22.608221
8235,88.399757,22.604185
8236,88.397838,22.603451
8237,88.393810,22.602401
8238,88.400037,22.604144
8239,88.398904,22.606359
8240,88.393210,22.596339
8241,88.398970,22.604323
8242,88.396724,22.604148
8243,88.395864,22.602576
8244,88.397987,22.604004
8245,88.401283,22.606506
8246,88.399105,22.607706
8247,88.395183,22.599545
8248,88.393611,22.601519
8249,88.394634,22.601442
8250,88.396892,22.602662
8251,88.397302,22.601221
8252,88.391997,22.595908
8253,88.397216,22.598650
8254,88.394239,22.603188
8255,88.398746,22.603595
8256,88.397235,22.599501
8257,88.393868,22.597283
8258,88.398729,22.597970
8259,88.392499,22.596343
8260,88.395628,22.599356
8261,88.401942,22.609696
8262,88.396055,22.604362
8263,88.395125,22.592606
8264,88.400277,22.604058
8265,88.400310,22.608659
8266,88.394609,22.603145
8267,88.398743,22.604965
8268,88.399907,22.604161
8269,88.396774,22.604765
8270,88.399797,22.608490
8271,88.399833,22.603174
8272,88.399587,22.603708
8273,88.394137,22.601098
8274,88.398539,22.604519
8275,88.398935,22.606504
8276,88.397098,22.601887
8277,88.396018,22.603452
8278,88.396689,22.601487
8279,88.397409,22.601477
8280,88.393927,22.603229
8281,88.396841,22.599816
8282,88.398456,22.603613
8283,88.399950,22.606108
8284,88.399561,22.607682
8285,88.396501,22.604230
8286,88.401020,22.600053
8287,88.396162,22.604364
8288,88.399631,22.605026
8289,88.396072,22.603426
8290,88.393885,22.596242
8291,88.400116,22.606707
8292,88.397258,22.603688
8293,88.396315,22.603569
8294,88.394054,22.607939
8295,88.399569,22.604727
8296,88.397661,22.604594
8297,88.397707,22.602977
8298,88.398556,22.604554
8299,88.398823,22.605229
8300,88.396730,22.605517
8301,88.393663,22.603584
8302,88.394012,22.597458
8303,88.396895,22.604019
8304,88.396723,22.604533
8305,88.397499,22.603532
8306,88.393435,22.596813
8307,88.403005,22.601333
8308,88.401961,22.609627
8309,88.399878,22.603146
8310,88.396194,22.604354
8311,88.401009,22.605265
8312,88.394261,22.597072
8313,88.398469,22.603819
8314,88.399837,22.607762
8315,88.395850,22.600934
8316,88.399012,22.607062
8317,88.399972,22.608301
8318,88.395129,22.599575
8319,88.400540,22.603980
8320,88.399417,22.604225
8321,88.393019,22.600449
8322,88.396343,22.604316
8323,88.393575,22.595120
8324,88.400395,22.602638
8325,88.393602,22.603283
8326,88.394455,22.599821
8327,88.395950,22.604349
8328,88.396516,22.603265
8329,88.400250,22.607264
8330,88.398496,22.597703
8331,88.396955,22.595621
8332,88.395387,22.601222
8333,88.399984,22.604999
8334,88.396262,22.600424
8335,88.392396,22.596270
8336,88.393185,22.594878
8337,88.396930,22.604715
8338,88.398944,22.605807
8339,88.392218,22.596613
8340,88.392504,22.596563
8341,88.392837,22.596341
8342,88.392276,22.596824
8343,88.393420,22.597259
8344,88.392940,22.596729
8345,88.393760,22.595538
8346,88.392596,22.597004
8347,88.393049,22.596924
8348,88.393643,22.595274
8349,88.392536,22.596783
8350,88.394278,22.594455
8351,88.399275,22.596196
8352,88.400025,22.597012
8353,88.396982,22.595228
8354,88.400172,22.596089
8355,88.397553,22.594856
8356,88.398818,22.597421
8357,88.398873,22.598095
8358,88.403705,22.598237
8359,88.394443,22.594838
8360,88.394430,22.594566
8361,88.399134,22.597911
8362,88.394145,22.594608
8363,88.395142,22.593413
8364,88.394885,22.592886
8365,88.399253,22.598046
8366,88.397946,22.594883
8367,88.399284,22.597447
8368,88.399119,22.596276
8369,88.394503,22.594623
8370,88.397167,22.594513
8371,88.399041,22.596024
8372,88.397366,22.595111
8373,88.398013,22.594785
8374,88.394311,22.594737
8375,88.399466,22.596731
8376,88.399341,22.597745
8377,88.399773,22.596417
8378,88.399542,22.597973
8379,88.399611,22.596603
8380,88.394761,22.593884
8381,88.399157,22.596258
8382,88.395814,22.593318
8383,88.399628,22.597512
8384,88.399418,22.597678
8385,88.394100,22.595011
8386,88.394881,22.594161
8387,88.398355,22.593590
8388,88.398251,22.593528
8389,88.395417,22.588853
8390,88.400911,22.580715
8391,88.395249,22.588230
8392,88.399091,22.570422
8393,88.400712,22.580608
8394,88.397144,22.588104
8395,88.398638,22.570273
8396,88.395914,22.589268
8397,88.393422,22.587357
8398,88.393907,22.588562
8399,88.393765,22.588058
8400,88.393599,22.587711
8401,88.400080,22.570219
8402,88.393139,22.580016
8403,88.395063,22.589465
8404,88.395770,22.588762
8405,88.394081,22.588521
8406,88.394070,22.585861
8407,88.394433,22.587139
8408,88.397311,22.587778
8409,88.393692,22.588630
8410,88.395346,22.608308
8411,88.399263,22.609064
8412,88.392925,22.597708
8413,88.394007,22.600085
8414,88.394464,22.598978
8415,88.393584,22.600264
8416,88.394584,22.599256
8417,88.393364,22.597858
8418,88.394239,22.599391
8419,88.394623,22.599548
8420,88.394381,22.599645
8421,88.392717,22.597667
8422,88.394103,22.599148
8423,88.394833,22.600570
8424,88.393416,22.600744
8425,88.394908,22.601412
8426,88.395261,22.601267
8427,88.394987,22.601719
8428,88.394541,22.600713
8429,88.395093,22.602039
8430,88.393946,22.600652
8431,88.394867,22.601803
8432,88.394046,22.600898
8433,88.395456,22.602395
8434,88.395390,22.602174
8435,88.395251,22.602256
8436,88.399993,22.600065
8437,88.396747,22.599356
8438,88.395702,22.600751
8439,88.400821,22.600303
8440,88.396297,22.599451
8441,88.399105,22.600062
8442,88.398208,22.600431
8443,88.397619,22.600157
8444,88.399475,22.601042
8445,88.400567,22.600231
8446,88.400087,22.599190
8447,88.399634,22.600211
8448,88.399475,22.599865
8449,88.399432,22.600915
8450,88.397965,22.600689
8451,88.399486,22.598707
8452,88.399770,22.600476
8453,88.398856,22.599064
8454,88.398249,22.598188
8455,88.396619,22.598912
8456,88.399902,22.600720
8457,88.395854,22.601576
8458,88.396111,22.602402
8459,88.397333,22.602136
8460,88.396408,22.602830
8461,88.396492,22.602805
8462,88.396278,22.603466
8463,88.397005,22.602236
8464,88.397227,22.601934
8465,88.397562,22.602061
8466,88.396912,22.602275
8467,88.396709,22.602733
8468,88.396648,22.602297
8469,88.397085,22.602432
8470,88.397404,22.602336
8471,88.396474,22.602356
8472,88.397023,22.602249
8473,88.396178,22.602367
8474,88.395634,22.609740
8475,88.397557,22.609886
8476,88.395764,22.611265
8477,88.395728,22.610782
8478,88.395782,22.608400
8479,88.397418,22.612293
8480,88.398370,22.608952
8481,88.400328,22.609793
8482,88.399258,22.609139
8483,88.399509,22.610425
8484,88.398916,22.609613
8485,88.398375,22.609454
8486,88.397616,22.608791
8487,88.397560,22.609287
8488,88.399873,22.609271
8489,88.398136,22.609324
8490,88.397667,22.610385
8491,88.398128,22.608900
8492,88.399452,22.609187
8493,88.397173,22.608692
8494,88.397588,22.609972
8495,88.397966,22.609946
8496,88.397312,22.609320
8497,88.396871,22.609134
8498,88.396796,22.609470
8499,88.397205,22.609059
8500,88.396767,22.609000
8501,88.397138,22.609712
8502,88.397456,22.609607
8503,88.396976,22.609543
8504,88.397370,22.609434
8505,88.397190,22.608944
8506,88.395326,22.609147
8507,88.396259,22.608702
8508,88.393684,22.619893
8509,88.395708,22.608629
8510,88.395430,22.608324
8511,88.394769,22.608198
8512,88.395213,22.610596
8513,88.398973,22.602685
8514,88.398468,22.602743
8515,88.399722,22.602923
8516,88.400014,22.602745
8517,88.399076,22.602656
8518,88.399234,22.603074
8519,88.398794,22.603590
8520,88.399706,22.602889
8521,88.399121,22.603489
8522,88.399571,22.602585
8523,88.399024,22.604040
8524,88.399527,22.604562
8525,88.399010,22.604574
8526,88.400465,22.604515
8527,88.399087,22.604298
8528,88.398891,22.604080
8529,88.399998,22.604451
8530,88.398641,22.604724
8531,88.399421,22.605671
8532,88.401132,22.605435
8533,88.399795,22.605571
8534,88.349926,22.582572
8535,88.337526,22.523110
8536,88.336837,22.522996
8537,88.337684,22.521278
8538,88.337341,22.520696
8539,88.337566,22.520258
8540,88.337254,22.521258
8541,88.337516,22.520823
8542,88.337496,22.521037
8543,88.337671,22.520564
8544,88.337756,22.521101
8545,88.337481,22.520934
8546,88.337296,22.521027
8547,88.337708,22.520719
8548,88.337119,22.520481
8549,88.337330,22.520848
8550,88.336716,22.520273
8551,88.336757,22.520120
8552,88.336569,22.520691
8553,88.336971,22.520342
8554,88.336555,22.520954
8555,88.336446,22.520354
8556,88.336624,22.520414
8557,88.336468,22.520047
8558,88.336128,22.520895
8559,88.336153,22.520023
8560,88.336419,22.520270
8561,88.336163,22.520293
8562,88.335423,22.520977
8563,88.336139,22.521138
8564,88.335335,22.521234
8565,88.336156,22.520563
8566,88.335073,22.519921
8567,88.335853,22.520565
8568,88.335740,22.520015
8569,88.335904,22.520278
8570,88.335719,22.520248
8571,88.371291,22.571182
8572,88.333178,22.520869
8573,88.334362,22.521078
8574,88.330436,22.522917
8575,88.326341,22.527061
8576,88.326082,22.523895
8577,88.329248,22.518680
8578,88.327170,22.522269
8579,88.328370,22.519550
8580,88.326909,22.519393
8581,88.327447,22.520843
8582,88.328115,22.520092
8583,88.326756,22.520363
8584,88.326414,22.520647
8585,88.325346,22.518867
8586,88.330149,22.519409
8587,88.326709,22.520136
8588,88.325403,22.521945
8589,88.327626,22.519081
8590,88.329406,22.519000
8591,88.327482,22.518130
8592,88.329196,22.518060
8593,88.328838,22.518690
8594,88.327007,22.520022
8595,88.326944,22.519629
8596,88.331922,22.520970
8597,88.333055,22.519596
8598,88.334407,22.518894
8599,88.333186,22.518406
8600,88.334176,22.518413
8601,88.333268,22.519240
8602,88.335842,22.519677
8603,88.335462,22.519275
8604,88.336112,22.519711
8605,88.336289,22.519728
8606,88.338405,22.519114
8607,88.338192,22.519559
8608,88.337533,22.518736
8609,88.337559,22.519742
8610,88.336068,22.520022
8611,88.336310,22.519571
8612,88.337545,22.519438
8613,88.336127,22.518315
8614,88.338522,22.519612
8615,88.337266,22.519785
8616,88.338004,22.519321
8617,88.338287,22.519941
8618,88.337148,22.519099
8619,88.337302,22.519974
8620,88.337983,22.518960
8621,88.337572,22.519978
8622,88.336153,22.519170
8623,88.338178,22.519864
8624,88.337509,22.518970
8625,88.338104,22.519573
8626,88.337739,22.519306
8627,88.337194,22.519986
8628,88.336663,22.519086
8629,88.336141,22.519055
8630,88.338063,22.519856
8631,88.335851,22.519443
8632,88.336632,22.519790
8633,88.332253,22.513738
8634,88.330419,22.515558
8635,88.331910,22.517717
8636,88.331821,22.516013
8637,88.332521,22.513547
8638,88.326364,22.517560
8639,88.332831,22.513469
8640,88.331412,22.516015
8641,88.331376,22.517498
8642,88.334487,22.512534
8643,88.331809,22.515003
8644,88.331410,22.515310
8645,88.331392,22.517755
8646,88.332451,22.514014
8647,88.331867,22.516873
8648,88.331423,22.515767
8649,88.331360,22.516663
8650,88.331076,22.515241
8651,88.327964,22.517387
8652,88.330183,22.515600
8653,88.333094,22.513472
8654,88.332174,22.514991
8655,88.331877,22.517130
8656,88.331250,22.514603
8657,88.331692,22.515232
8658,88.330204,22.515286
8659,88.333055,22.515100
8660,88.331641,22.515197
8661,88.333001,22.514458
8662,88.332203,22.515226
8663,88.332447,22.514973
8664,88.331649,22.514388
8665,88.331897,22.517445
8666,88.332737,22.514863
8667,88.332713,22.514458
8668,88.329047,22.516317
8669,88.328096,22.516948
8670,88.332475,22.515189
8671,88.330206,22.515782
8672,88.331949,22.518360
8673,88.339175,22.511527
8674,88.336663,22.511782
8675,88.336652,22.511599
8676,88.337182,22.514222
8677,88.337236,22.512936
8678,88.339439,22.511179
8679,88.338550,22.510036
8680,88.338601,22.509790
8681,88.339882,22.513301
8682,88.334721,22.517929
8683,88.339243,22.513325
8684,88.337030,22.516603
8685,88.337819,22.516563
8686,88.337894,22.517326
8687,88.333508,22.515794
8688,88.335088,22.516663
8689,88.336977,22.517481
8690,88.334036,22.515691
8691,88.339940,22.514924
8692,88.334934,22.515507
8693,88.338515,22.516549
8694,88.334011,22.516228
8695,88.338331,22.516524
8696,88.333145,22.516757
8697,88.334649,22.516975
8698,88.337208,22.513489
8699,88.334631,22.515560
8700,88.334004,22.515840
8701,88.334339,22.516723
8702,88.339896,22.516312
8703,88.334044,22.516398
8704,88.335313,22.517810
8705,88.337186,22.515032
8706,88.334969,22.515777
8707,88.335014,22.516285
8708,88.334538,22.516454
8709,88.337400,22.516557
8710,88.334785,22.513015
8711,88.335206,22.514379
8712,88.334893,22.515025
8713,88.335338,22.512130
8714,88.335221,22.513958
8715,88.335111,22.513719
8716,88.334042,22.513417
8717,88.334995,22.513022
8718,88.335269,22.514901
8719,88.335749,22.512751
8720,88.334401,22.513370
8721,88.333144,22.513670
8722,88.333995,22.513127
8723,88.335747,22.512909
8724,88.335333,22.515415
8725,88.335198,22.512944
8726,88.333736,22.513574
8727,88.335148,22.513403
8728,88.337009,22.517045
8729,88.333238,22.515849
8730,88.336419,22.516863
8731,88.335466,22.516966
8732,88.337434,22.516812
8733,88.335620,22.517737
8734,88.337128,22.516825
8735,88.336436,22.516577
8736,88.335836,22.516867
8737,88.337849,22.516869
8738,88.335157,22.517005
8739,88.336749,22.516804
8740,88.338166,22.516861
8741,88.337486,22.516974
8742,88.335490,22.517029
8743,88.336779,22.516591
8744,88.337015,22.516824
8745,88.336788,22.515058
8746,88.335548,22.516138
8747,88.336490,22.515128
8748,88.336843,22.515058
8749,88.335949,22.516591
8750,88.335574,22.516611
8751,88.335985,22.514420
8752,88.336867,22.516115
8753,88.336489,22.514446
8754,88.335975,22.514494
8755,88.335945,22.515269
8756,88.336485,22.515476
8757,88.335950,22.515473
8758,88.336966,22.515471
8759,88.336875,22.516596
8760,88.337355,22.516269
8761,88.336778,22.515478
8762,88.335630,22.514292
8763,88.336169,22.514708
8764,88.336453,22.516186
8765,88.336481,22.515530
8766,88.335465,22.515885
8767,88.336309,22.515188
8768,88.336679,22.515079
8769,88.335449,22.515729
8770,88.334977,22.515931
8771,88.335921,22.516208
8772,88.335918,22.515874
8773,88.336871,22.516342
8774,88.335713,22.515880
8775,88.336172,22.514440
8776,88.336828,22.514774
8777,88.335547,22.515887
8778,88.337745,22.516304
8779,88.336512,22.513519
8780,88.335948,22.514078
8781,88.337739,22.514406
8782,88.338292,22.514972
8783,88.337736,22.514249
8784,88.338355,22.515693
8785,88.337808,22.516567
8786,88.337176,22.514415
8787,88.338764,22.514947
8788,88.337181,22.514254
8789,88.338521,22.515613
8790,88.337909,22.515863
8791,88.336544,22.513622
8792,88.338712,22.515940
8793,88.337526,22.514637
8794,88.337375,22.516372
8795,88.335888,22.513589
8796,88.336647,22.514440
8797,88.338101,22.516241
8798,88.335948,22.514106
8799,88.338869,22.516215
8800,88.337170,22.514608
8801,88.338034,22.513413
8802,88.337795,22.516053
8803,88.337855,22.515628
8804,88.337335,22.516113
8805,88.338329,22.516253
8806,88.338329,22.516226
8807,88.337631,22.513964
8808,88.338341,22.515853
8809,88.341388,22.516430
8810,88.341623,22.509762
8811,88.335405,22.513665
8812,88.336454,22.511878
8813,88.337019,22.512757
8814,88.337225,22.513136
8815,88.336344,22.512741
8816,88.337799,22.512543
8817,88.339879,22.513032
8818,88.335839,22.513474
8819,88.336202,22.511985
8820,88.338890,22.512128
8821,88.335687,22.511954
8822,88.336118,22.512013
8823,88.335937,22.512760
8824,88.338882,22.511505
8825,88.336607,22.512688
8826,88.336581,22.512966
8827,88.336348,22.512698
8828,88.339258,22.513015
8829,88.337892,22.513067
8830,88.335924,22.513090
8831,88.337122,22.512257
8832,88.336560,22.512194
8833,88.336311,22.513092
8834,88.337244,22.512591
8835,88.335900,22.513582
8836,88.336363,22.513536
8837,88.390342,22.582684
8838,88.391128,22.583841
8839,88.389794,22.581888
8840,88.390648,22.583674
8841,88.388026,22.580950
8842,88.388481,22.581579
8843,88.390897,22.584439
8844,88.388187,22.581355
8845,88.388434,22.581462
8846,88.390735,22.583943
8847,88.390322,22.582615
8848,88.390257,22.582397
8849,88.390499,22.583205
8850,88.388373,22.581312
8851,88.389061,22.583560
8852,88.390712,22.582280
8853,88.389484,22.580794
8854,88.391039,22.583580
8855,88.388517,22.582185
8856,88.388988,22.581315
8857,88.390548,22.581703
8858,88.390629,22.581980
8859,88.390087,22.581822
8860,88.389612,22.584791
8861,88.390169,22.582099
8862,88.391289,22.585841
8863,88.390814,22.582577
8864,88.389868,22.585575
8865,88.390557,22.583389
8866,88.391133,22.585258
8867,88.390878,22.581616
8868,88.389095,22.581287
8869,88.388820,22.582950
8870,88.390037,22.586172
8871,88.391582,22.584269
8872,88.389556,22.581042
8873,88.391006,22.583300
8874,88.386987,22.556942
8875,88.388527,22.554555
8876,88.388205,22.554631
8877,88.387864,22.556902
8878,88.386313,22.545131
8879,88.400371,22.548151
8880,88.388151,22.547489
8881,88.388503,22.548113
8882,88.400040,22.548382
8883,88.396766,22.553829
8884,88.392032,22.554805
8885,88.399361,22.546509
8886,88.388582,22.549474
8887,88.388625,22.556402
8888,88.387330,22.551011
8889,88.387110,22.553507
8890,88.397133,22.553640
8891,88.387259,22.556726
8892,88.389819,22.557424
8893,88.400202,22.548282
8894,88.388088,22.554267
8895,88.393336,22.554583
8896,88.387316,22.554017
8897,88.397176,22.552694
8898,88.397469,22.550098
8899,88.396377,22.553900
8900,88.389226,22.556137
8901,88.395102,22.552357
8902,88.387031,22.546048
8903,88.387260,22.550314
8904,88.384540,22.554889
8905,88.386100,22.546145
8906,88.385712,22.548062
8907,88.393736,22.587637
8908,88.394000,22.588330
8909,88.393603,22.588362
8910,88.393585,22.588018
8911,88.393335,22.587924
8912,88.393831,22.588586
8913,88.393848,22.588397
8914,88.399814,22.583220
8915,88.398704,22.585653
8916,88.395758,22.579815
8917,88.397246,22.581891
8918,88.394246,22.580313
8919,88.393949,22.580626
8920,88.394278,22.579904
8921,88.394977,22.580596
8922,88.395122,22.581604
8923,88.394883,22.580616
8924,88.394294,22.580677
8925,88.394019,22.581087
8926,88.394491,22.581695
8927,88.393857,22.579937
8928,88.394385,22.581286
8929,88.394939,22.580403
8930,88.393444,22.581893
8931,88.392721,22.580958
8932,88.393360,22.579991
8933,88.392707,22.580026
8934,88.394381,22.581873
8935,88.393734,22.582618
8936,88.394275,22.580586
8937,88.392710,22.580141
8938,88.397984,22.588268
8939,88.398644,22.586104
8940,88.397702,22.588172
8941,88.396891,22.589807
8942,88.394865,22.580365
8943,88.394806,22.579864
8944,88.395336,22.580507
8945,88.393901,22.580351
8946,88.391324,22.582787
8947,88.392128,22.582139
8948,88.392992,22.582424
8949,88.393096,22.582780
8950,88.392186,22.583500
8951,88.393234,22.583040
8952,88.392239,22.582590
8953,88.393724,22.582934
8954,88.391558,22.581930
8955,88.392166,22.582292
8956,88.391608,22.582251
8957,88.391427,22.581540
8958,88.391807,22.583070
8959,88.392373,22.582082
8960,88.390836,22.581005
8961,88.392318,22.582959
8962,88.392063,22.583017
8963,88.391921,22.581855
8964,88.392489,22.582535
8965,88.392448,22.582064
8966,88.392420,22.582208
8967,88.392607,22.581695
8968,88.392948,22.581689
8969,88.392586,22.582897
8970,88.391809,22.581461
8971,88.391332,22.581010
8972,88.391931,22.583565
8973,88.392958,22.583299
8974,88.392501,22.581304
8975,88.392380,22.581750
8976,88.392898,22.582104
8977,88.391653,22.582423
8978,88.389029,22.580158
8979,88.388612,22.577015
8980,88.386533,22.577914
8981,88.385350,22.581184
8982,88.385664,22.575519
8983,88.385426,22.573300
8984,88.389032,22.580235
8985,88.388936,22.579244
8986,88.387276,22.580395
8987,88.386942,22.579843
8988,88.388802,22.578269
8989,88.388982,22.579549
8990,88.389672,22.579449
8991,88.388762,22.578014
8992,88.389456,22.577915
8993,88.390165,22.578101
8994,88.389993,22.576765
8995,88.389479,22.578186
8996,88.390351,22.579382
8997,88.389279,22.576814
8998,88.388052,22.577166
8999,88.387907,22.577208
9000,88.388029,22.577648
9001,88.385519,22.574743
9002,88.388696,22.576981
9003,88.388336,22.576125
9004,88.385740,22.575900
9005,88.387110,22.576601
9006,88.387751,22.576361
9007,88.388038,22.575818
9008,88.389898,22.576067
9009,88.388974,22.576272
9010,88.388632,22.575240
9011,88.389808,22.575406
9012,88.389116,22.576826
9013,88.387099,22.574204
9014,88.387714,22.572681
9015,88.388438,22.572473
9016,88.386828,22.574678
9017,88.385675,22.574710
9018,88.386049,22.573131
9019,88.385590,22.575107
9020,88.387561,22.574867
9021,88.388042,22.572589
9022,88.385922,22.574399
9023,88.386295,22.573835
9024,88.386549,22.572996
9025,88.385853,22.574676
9026,88.386878,22.573955
9027,88.388803,22.573640
9028,88.387265,22.574583
9029,88.386179,22.574604
9030,88.386094,22.574352
9031,88.386875,22.575008
9032,88.386823,22.574642
9033,88.392351,22.578471
9034,88.390797,22.572022
9035,88.391739,22.574124
9036,88.390656,22.574257
9037,88.391411,22.579946
9038,88.393476,22.577699
9039,88.395934,22.579812
9040,88.391865,22.578527
9041,88.395322,22.578442
9042,88.391266,22.578601
9043,88.391423,22.580084
9044,88.391420,22.578369
9045,88.392021,22.575993
9046,88.394448,22.578397
9047,88.390841,22.572656
9048,88.396318,22.579801
9049,88.391778,22.577868
9050,88.392269,22.577819
9051,88.395821,22.578450
9052,88.389667,22.574383
9053,88.395446,22.579823
9054,88.389569,22.572174
9055,88.393558,22.578233
9056,88.391163,22.577932
9057,88.389803,22.574362
9058,88.393078,22.575833
9059,88.391507,22.577280
9060,88.391833,22.577231
9061,88.391024,22.577151
9062,88.392108,22.576599
9063,88.391449,22.576683
9064,88.390076,22.576221
9065,88.391833,22.574770
9066,88.391423,22.577286
9067,88.390813,22.575481
9068,88.391067,22.577319
9069,88.391847,22.577448
9070,88.389922,22.576245
9071,88.390890,22.576115
9072,88.390766,22.577248
9073,88.389984,22.575590
9074,88.392188,22.577204
9075,88.390744,22.574908
9076,88.390979,22.576746
9077,88.391799,22.576937
9078,88.391923,22.575344
9079,88.397037,22.577683
9080,88.397345,22.576920
9081,88.397908,22.577097
9082,88.397530,22.577555
9083,88.396556,22.576172
9084,88.400104,22.577047
9085,88.396846,22.575628
9086,88.395852,22.578456
9087,88.399397,22.577340
9088,88.395325,22.571174
9089,88.399225,22.576606
9090,88.395838,22.577999
9091,88.401763,22.576985
9092,88.399884,22.577269
9093,88.397934,22.577244
9094,88.398018,22.577884
9095,88.396573,22.575296
9096,88.399376,22.577062
9097,88.397970,22.577451
9098,88.395873,22.572705
9099,88.397862,22.576775
9100,88.396849,22.577070
9101,88.396518,22.575096
9102,88.393378,22.575122
9103,88.396271,22.574329
9104,88.394888,22.574390
9105,88.394058,22.575262
9106,88.394339,22.576187
9107,88.394108,22.575588
9108,88.398268,22.575456
9109,88.396141,22.576196
9110,88.394642,22.574161
9111,88.392772,22.574097
9112,88.394929,22.574679
9113,88.393322,22.574310
9114,88.394387,22.573707
9115,88.398327,22.576153
9116,88.397600,22.575514
9117,88.395171,22.573896
9118,88.396347,22.574537
9119,88.393579,22.575584
9120,88.393451,22.575400
9121,88.397017,22.574983
9122,88.397163,22.574265
9123,88.395341,22.574616
9124,88.394454,22.575287
9125,88.394854,22.574242
9126,88.394062,22.573911
9127,88.394222,22.574344
9128,88.393982,22.574937
9129,88.396400,22.577820
9130,88.397469,22.576279
9131,88.398592,22.576608
9132,88.393942,22.574463
9133,88.398989,22.576607
9134,88.397756,22.576237
9135,88.391471,22.572601
9136,88.391098,22.572706
9137,88.391388,22.572614
9138,88.391415,22.572774
9139,88.395920,22.572933
9140,88.394389,22.573057
9141,88.395474,22.572609
9142,88.394811,22.573064
9143,88.394161,22.573381
9144,88.395089,22.573096
9145,88.393777,22.571581
9146,88.393452,22.572112
9147,88.395164,22.572657
9148,88.395539,22.573005
9149,88.394742,22.573304
9150,88.396035,22.573454
9151,88.394475,22.573156
9152,88.394678,22.575839
9153,88.394298,22.575901
9154,88.394760,22.575920
9155,88.394907,22.577126
9156,88.395216,22.578452
9157,88.394545,22.578106
9158,88.395138,22.578075
9159,88.395567,22.575073
9160,88.395760,22.574845
9161,88.395677,22.575475
9162,88.395905,22.575435
9163,88.395638,22.574771
9164,88.396316,22.574456
9165,88.395980,22.574673
9166,88.395320,22.574175
9167,88.393992,22.574815
9168,88.395711,22.575858
9169,88.395615,22.573978
9170,88.395943,22.574041
9171,88.396157,22.573983
9172,88.396124,22.573852
9173,88.396599,22.575375
9174,88.398812,22.575596
9175,88.397173,22.575110
9176,88.397139,22.574439
9177,88.397273,22.575568
9178,88.397082,22.574292
9179,88.399322,22.575484
9180,88.397203,22.575282
9181,88.396171,22.572647
9182,88.396159,22.572234
9183,88.396389,22.573919
9184,88.398383,22.573469
9185,88.395913,22.572884
9186,88.395803,22.572291
9187,88.396108,22.572851
9188,88.399336,22.573287
9189,88.399464,22.571291
9190,88.399505,22.571488
9191,88.399443,22.570970
9192,88.400668,22.573030
9193,88.400239,22.571555
9194,88.398663,22.573412
9195,88.396946,22.592695
9196,88.399076,22.591490
9197,88.397187,22.592319
9198,88.398024,22.593015
9199,88.386345,22.538417
9200,88.386360,22.538526
9201,88.387477,22.539948
9202,88.386185,22.538163
9203,88.386232,22.538866
9204,88.396554,22.535506
9205,88.397224,22.536920
9206,88.397384,22.537627
9207,88.396208,22.532829
9208,88.397614,22.538589
9209,88.396956,22.535409
9210,88.397416,22.537340
9211,88.398347,22.541612
9212,88.402091,22.538556
9213,88.381404,22.535070
9214,88.380032,22.535990
9215,88.379897,22.536448
9216,88.381000,22.535750
9217,88.381492,22.535784
9218,88.376427,22.536429
9219,88.379748,22.536863
9220,88.381417,22.534955
9221,88.381922,22.534848
9222,88.393248,22.535457
9223,88.381486,22.534905
9224,88.381568,22.535980
9225,88.391856,22.534862
9226,88.386087,22.533234
9227,88.391037,22.536798
9228,88.393683,22.535763
9229,88.397077,22.530465
9230,88.397510,22.532924
9231,88.396049,22.531688
9232,88.381986,22.536194
9233,88.393606,22.535465
9234,88.397851,22.532845
9235,88.396148,22.532134
9236,88.382894,22.536384
9237,88.395996,22.531444
9238,88.395883,22.531472
9239,88.397706,22.534467
9240,88.408410,22.531026
9241,88.396809,22.534674
9242,88.383116,22.537489
9243,88.398480,22.534266
9244,88.383889,22.536558
9245,88.396310,22.534766
9246,88.395760,22.525515
9247,88.391562,22.525845
9248,88.395224,22.528833
9249,88.385815,22.528137
9250,88.385087,22.528262
9251,88.397975,22.521985
9252,88.383019,22.528521
9253,88.395199,22.526873
9254,88.394988,22.527168
9255,88.399243,22.519978
9256,88.383645,22.528457
9257,88.395417,22.526343
9258,88.366946,22.528993
9259,88.378414,22.528840
9260,88.390487,22.525387
9261,88.395288,22.526605
9262,88.398804,22.520655
9263,88.395089,22.525576
9264,88.389259,22.525995
9265,88.388499,22.526848
9266,88.381870,22.528872
9267,88.398930,22.520510
9268,88.399137,22.519787
9269,88.395647,22.525359
9270,88.388432,22.526249
9271,88.387721,22.527775
9272,88.395148,22.527144
9273,88.401154,22.516214
9274,88.395561,22.525297
9275,88.367769,22.572485
9276,88.351563,22.541322
9277,88.396221,22.510545
9278,88.398030,22.513678
9279,88.395538,22.513242
9280,88.397576,22.510371
9281,88.399213,22.509411
9282,88.396567,22.513059
9283,88.397920,22.512896
9284,88.399943,22.511793
9285,88.396464,22.513086
9286,88.397811,22.512044
9287,88.400156,22.513454
9288,88.343987,22.585560
9289,88.349294,22.584484
9290,88.342694,22.585576
9291,88.349572,22.583659
9292,88.344658,22.585621
9293,88.344114,22.585645
9294,88.391571,22.592298
9295,88.349556,22.584167
9296,88.365978,22.528707
9297,88.365952,22.528033
9298,88.365939,22.528186
9299,88.366166,22.527428
9300,88.366101,22.528389
9301,88.365785,22.528823
9302,88.365978,22.527824
9303,88.369307,22.569936
9304,88.368501,22.564851
9305,88.368217,22.563789
9306,88.367336,22.561615
9307,88.369748,22.569480
9308,88.352195,22.543712
9309,88.336874,22.562278
9310,88.330746,22.544621
9311,88.330989,22.542728
9312,88.331002,22.548798
9313,88.330863,22.542905
9314,88.330396,22.544072
9315,88.330577,22.547567
9316,88.333496,22.541428
9317,88.331782,22.542363
9318,88.317720,22.569935
9319,88.318414,22.566182
9320,88.320980,22.564003
9321,88.320875,22.563961
9322,88.333695,22.538932
9323,88.334690,22.540631
9324,88.334649,22.540802
9325,88.334581,22.540690
9326,88.333391,22.535319
9327,88.333732,22.539113
9328,88.340680,22.540798
9329,88.365801,22.543145
9330,88.337694,22.540025
9331,88.339031,22.540343
9332,88.339282,22.540416
9333,88.326230,22.512924
9334,88.324980,22.515214
9335,88.323220,22.516319
9336,88.325095,22.515944
9337,88.324829,22.515316
9338,88.326134,22.512749
9339,88.326961,22.513866
9340,88.324567,22.514718
9341,88.325187,22.516711
9342,88.323691,22.512238
9343,88.331480,22.511821
9344,88.323304,22.516294
9345,88.329618,22.512071
9346,88.327809,22.514979
9347,88.323420,22.515437
9348,88.323464,22.517017
9349,88.324488,22.514027
9350,88.326602,22.513420
9351,88.324036,22.513025
9352,88.327396,22.514443
9353,88.324319,22.514145
9354,88.332546,22.510932
9355,88.325239,22.515843
9356,88.322965,22.510145
9357,88.325719,22.511713
9358,88.323654,22.512191
9359,88.325772,22.512117
9360,88.325878,22.512770
9361,88.329504,22.511482
9362,88.323786,22.512425
9363,88.325532,22.516501
9364,88.322175,22.512345
9365,88.314299,22.520062
9366,88.408095,22.561687
9367,88.386332,22.538593
9368,88.386281,22.538497
9369,88.382140,22.537090
9370,88.379830,22.536551
9371,88.379783,22.536709
9372,88.386253,22.538566
9373,88.379930,22.536541
9374,88.379867,22.536749
9375,88.386255,22.538783
9376,88.376695,22.536042
9377,88.386183,22.538756
9378,88.357630,22.547397
9379,88.375113,22.519910
9380,88.372504,22.521013
9381,88.369574,22.521138
9382,88.370410,22.544818
9383,88.366545,22.543391
9384,88.370575,22.544992
9385,88.370355,22.545029
9386,88.370631,22.544577
9387,88.370368,22.544839
9388,88.370332,22.545000
9389,88.370585,22.544911
9390,88.354223,22.517608
9391,88.363167,22.519149
9392,88.368852,22.565822
9393,88.351182,22.628480
9394,88.345729,22.511566
9395,88.400066,22.512757
9396,88.398528,22.513365
9397,88.398472,22.512852
9398,88.399703,22.512747
9399,88.397990,22.513441
9400,88.399743,22.512975
9401,88.398505,22.513138
9402,88.398049,22.513786
9403,88.396943,22.513801
9404,88.396588,22.513843
9405,88.396978,22.513907
9406,88.396654,22.513954
9407,88.392768,22.514330
9408,88.390218,22.514741
9409,88.386631,22.518203
9410,88.380639,22.519197
9411,88.378482,22.519346
9412,88.377995,22.519386
9413,88.377400,22.519420
9414,88.382870,22.519490
9415,88.376043,22.519547
9416,88.375468,22.519763
9417,88.375279,22.519927
9418,88.393271,22.509982
9419,88.393409,22.510149
9420,88.384384,22.510139
9421,88.382983,22.510903
9422,88.383941,22.510936
9423,88.389047,22.510957
9424,88.384413,22.511432
9425,88.385131,22.511450
9426,88.384709,22.511457
9427,88.383943,22.511509
9428,88.386877,22.511592
9429,88.386028,22.511681
9430,88.383159,22.511711
9431,88.384016,22.511873
9432,88.393603,22.511854
9433,88.385904,22.511872
9434,88.383611,22.512019
9435,88.385260,22.512239
9436,88.393662,22.512312
9437,88.384849,22.512345
9438,88.384400,22.512626
9439,88.384055,22.512573
9440,88.383767,22.512581
9441,88.383387,22.512595
9442,88.384181,22.513018
9443,88.383437,22.513070
9444,88.383858,22.513368
9445,88.384219,22.513405
9446,88.393094,22.589943
9447,88.393451,22.591392
9448,88.391635,22.596201
9449,88.391525,22.596918
9450,88.391667,22.596467
9451,88.358584,22.551221
9452,88.366232,22.527829
9453,88.366543,22.543165
9454,88.365766,22.543253
9455,88.367206,22.561657
9456,88.369953,22.568757
9457,88.369559,22.607124
9458,88.369796,22.607556
9459,88.374786,22.585244
9460,88.376668,22.602951
9461,88.377234,22.603134
9462,88.384506,22.605433
9463,88.364092,22.577036
9464,88.360746,22.578628
9465,88.348411,22.560511
9466,88.349314,22.551913
9467,88.350718,22.554780
9468,88.350249,22.555115
9469,88.349979,22.555267
9470,88.350089,22.556022
9471,88.350365,22.558633
9472,88.350488,22.559217
9473,88.350587,22.559217
9474,88.335831,22.524146
9475,88.369969,22.607896
9476,88.369919,22.607943
9477,88.377221,22.611978
9478,88.377138,22.612020
9479,88.377021,22.614576
9480,88.339662,22.565099
9481,88.338424,22.563530
9482,88.338585,22.563849
9483,88.385262,22.611912
9484,88.383712,22.607662
9485,88.383604,22.607489
9486,88.383685,22.606687
9487,88.390010,22.609232
9488,88.389771,22.609689
9489,88.379919,22.610544
9490,88.397470,22.509591
9491,88.369991,22.514143
9492,88.363984,22.516557
9493,88.393298,22.518185
9494,88.395107,22.527415
9495,88.385422,22.609236
9496,88.385226,22.610747
9497,88.384258,22.609393
9498,88.384792,22.609297
9499,88.361072,22.539168
9500,88.366063,22.538051
9501,88.361709,22.538948
9502,88.363792,22.536711
9503,88.365072,22.540171
9504,88.365348,22.540046
9505,88.364823,22.539644
9506,88.364904,22.539899
9507,88.401664,22.521597
9508,88.401314,22.524546
9509,88.399879,22.521891
9510,88.400932,22.524660
9511,88.399570,22.520952
9512,88.401467,22.520622
9513,88.384036,22.605296
9514,88.373956,22.605319
9515,88.374105,22.605598
9516,88.390764,22.607621
9517,88.382863,22.607091
9518,88.381940,22.607252
9519,88.384007,22.608120
9520,88.382113,22.608605
9521,88.376907,22.609165
9522,88.381317,22.609166
9523,88.380049,22.609168
9524,88.381488,22.609618
9525,88.382339,22.610687
9526,88.391399,22.601564
9527,88.391368,22.602207
9528,88.405950,22.558671
9529,88.395558,22.559897
9530,88.391507,22.560310
9531,88.390133,22.560491
9532,88.395822,22.562940
9533,88.396524,22.565130
9534,88.397096,22.570041
9535,88.400972,22.536530
9536,88.397944,22.539277
9537,88.396425,22.525605
9538,88.398435,22.525191
9539,88.399345,22.525027
9540,88.399909,22.523609
9541,88.399509,22.523180
9542,88.399223,22.523326
9543,88.398973,22.523447
9544,88.397404,22.524296
9545,88.399861,22.522992
9546,88.398122,22.523765
9547,88.398147,22.523844
9548,88.397776,22.523006
9549,88.398669,22.522459
9550,88.399227,22.521851
9551,88.407358,22.600157
9552,88.325635,22.562769
9553,88.320156,22.562706
9554,88.317059,22.553324
9555,88.321013,22.563828
9556,88.319057,22.565807
9557,88.399858,22.553488
9558,88.399869,22.552039
9559,88.399482,22.552274
9560,88.397979,22.553607
9561,88.397876,22.553620
9562,88.399133,22.546496
9563,88.343266,22.582464
9564,88.392277,22.563640
9565,88.388905,22.564306
9566,88.396435,22.564498
9567,88.394414,22.564878
9568,88.393691,22.564992
9569,88.394574,22.564980
9570,88.395193,22.565588
9571,88.396594,22.565696
9572,88.389854,22.565185
9573,88.393927,22.565713
9574,88.396660,22.566311
9575,88.390763,22.566577
9576,88.389232,22.566561
9577,88.396776,22.567228
9578,88.395699,22.567649
9579,88.389462,22.568026
9580,88.388737,22.568148
9581,88.391091,22.568373
9582,88.392217,22.568412
9583,88.397001,22.568645
9584,88.391299,22.568514
9585,88.389596,22.568993
9586,88.388846,22.569064
9587,88.395704,22.569186
9588,88.390779,22.569077
9589,88.395152,22.569392
9590,88.393284,22.569769
9591,88.392287,22.569953
9592,88.389728,22.570231
9593,88.389872,22.570253
9594,88.388398,22.570713
9595,88.389089,22.570984
9596,88.388499,22.571052
9597,88.400404,22.590378
9598,88.367292,22.508627
9599,88.405988,22.559100
9600,88.398909,22.559960
9601,88.395422,22.560370
9602,88.391259,22.560842
9603,88.399365,22.562251
9604,88.392094,22.563676
9605,88.391344,22.547795
9606,88.391469,22.547943
9607,88.391690,22.549189
9608,88.392469,22.552356
9609,88.396867,22.554264
9610,88.397007,22.554569
9611,88.396998,22.554619
9612,88.391464,22.554968
9613,88.394750,22.555878
9614,88.396995,22.555832
9615,88.396236,22.556350
9616,88.391747,22.556518
9617,88.391869,22.556783
9618,88.395714,22.556932
9619,88.392009,22.557049
9620,88.392053,22.557151
9621,88.398542,22.557119
9622,88.398623,22.557201
9623,88.394574,22.557205
9624,88.395831,22.557402
9625,88.392186,22.557460
9626,88.394694,22.557672
9627,88.395946,22.557870
9628,88.396388,22.558624
9629,88.396219,22.558741
9630,88.395596,22.559894
9631,88.395584,22.560351
9632,88.383618,22.544092
9633,88.381392,22.544648
9634,88.383949,22.545032
9635,88.383980,22.545481
9636,88.384407,22.546670
9637,88.379210,22.547585
9638,88.382434,22.547673
9639,88.381933,22.548104
9640,88.381184,22.548737
9641,88.381006,22.548788
9642,88.381150,22.548916
9643,88.388736,22.556349
9644,88.400609,22.565304
9645,88.377276,22.539590
9646,88.379012,22.539853
9647,88.377811,22.540601
9648,88.377697,22.541233
9649,88.375632,22.542271
9650,88.375862,22.543143
9651,88.387080,22.545847
9652,88.370829,22.547586
9653,88.359883,22.591451
9654,88.354259,22.555431
9655,88.353747,22.559969
9656,88.354300,22.559912
9657,88.330220,22.577087
9658,88.328586,22.577085
9659,88.322504,22.572053
9660,88.322922,22.571932
9661,88.323700,22.573921
9662,88.325830,22.576600
9663,88.326866,22.576080
9664,88.327051,22.576059
9665,88.328535,22.576904
9666,88.328256,22.575649
9667,88.325637,22.575132
9668,88.326896,22.574585
9669,88.325452,22.573913
9670,88.321292,22.574866
9671,88.320638,22.572797
9672,88.399220,22.591158
9673,88.391481,22.612902
9674,88.390913,22.610951
9675,88.392654,22.610131
9676,88.392724,22.610617
9677,88.391525,22.609983
9678,88.390266,22.608720
9679,88.323014,22.539816
9680,88.324318,22.532612
9681,88.324177,22.531758
9682,88.378038,22.566008
9683,88.348889,22.545753
9684,88.337374,22.581394
9685,88.334227,22.581852
9686,88.343532,22.583195
9687,88.340355,22.586848
9688,88.391150,22.560352
9689,88.394637,22.569487
9690,88.389006,22.570402
9691,88.395267,22.571195
9692,88.330066,22.580624
9693,88.329460,22.579992
9694,88.318491,22.598140
9695,88.318450,22.598710
9696,88.320910,22.600693
9697,88.321918,22.604160
9698,88.335485,22.612990
9699,88.377890,22.511463
9700,88.377783,22.511469
9701,88.378845,22.511138
9702,88.378915,22.511471
9703,88.378413,22.511946
9704,88.378961,22.510288
9705,88.378175,22.510438
9706,88.379115,22.510607
9707,88.378865,22.510630
9708,88.379058,22.510787
9709,88.378877,22.510805
9710,88.378903,22.511608
9711,88.378719,22.511629
9712,88.397936,22.540391
9713,88.384332,22.558920
9714,88.384984,22.559513
9715,88.385102,22.558343
9716,88.383897,22.556406
9717,88.389220,22.557666
9718,88.389410,22.558163
9719,88.386807,22.560900
9720,88.384924,22.554738
9721,88.385186,22.555557
9722,88.389300,22.549473
9723,88.390169,22.549380
9724,88.390093,22.549388
9725,88.389730,22.547777
9726,88.390034,22.551096
9727,88.387310,22.551882
9728,88.390509,22.552636
9729,88.390281,22.554442
9730,88.390496,22.555453
9731,88.389909,22.551982
9732,88.390260,22.551885
9733,88.390833,22.551742
9734,88.390976,22.552462
9735,88.392410,22.557005
9736,88.392835,22.558248
9737,88.387913,22.557049
9738,88.387653,22.557317
9739,88.388283,22.558024
9740,88.387424,22.558315
9741,88.387240,22.558389
9742,88.383456,22.545880
9743,88.383194,22.545936
9744,88.383557,22.546377
9745,88.383288,22.546441
9746,88.383942,22.546835
9747,88.381999,22.547424
9748,88.381804,22.547469
9749,88.382832,22.547339
9750,88.381287,22.547658
9751,88.381995,22.547678
9752,88.381984,22.547744
9753,88.381335,22.547785
9754,88.381097,22.547953
9755,88.384242,22.548118
9756,88.384298,22.548329
9757,88.383909,22.548616
9758,88.380386,22.548712
9759,88.383924,22.548688
9760,88.383950,22.548814
9761,88.382174,22.549644
9762,88.382323,22.549970
9763,88.384295,22.550306
9764,88.380954,22.550684
9765,88.381292,22.550704
9766,88.384409,22.550649
9767,88.383962,22.550881
9768,88.383121,22.551362
9769,88.381415,22.551414
9770,88.382343,22.551481
9771,88.381861,22.552166
9772,88.381100,22.552197
9773,88.380879,22.552221
9774,88.380898,22.552335
9775,88.381160,22.552546
9776,88.380260,22.552758
9777,88.380120,22.553300
9778,88.394038,22.538379
9779,88.389454,22.538760
9780,88.389730,22.538923
9781,88.386195,22.539171
9782,88.385306,22.539379
9783,88.384234,22.539540
9784,88.389780,22.539924
9785,88.385455,22.540090
9786,88.388581,22.540358
9787,88.387268,22.540429
9788,88.387220,22.540553
9789,88.382725,22.542493
9790,88.382323,22.543181
9791,88.377758,22.545717
9792,88.377911,22.546172
9793,88.378379,22.546215
9794,88.377959,22.546314
9795,88.377675,22.546433
9796,88.377269,22.546625
9797,88.377417,22.547679
9798,88.394425,22.509819
9799,88.395050,22.510396
9800,88.395824,22.510464
9801,88.396099,22.510534
9802,88.394562,22.510875
9803,88.395191,22.511649
9804,88.395060,22.511667
9805,88.394694,22.511709
9806,88.394288,22.511763
9807,88.394892,22.511906
9808,88.394298,22.511977
9809,88.393638,22.512058
9810,88.394922,22.512142
9811,88.395223,22.512818
9812,88.394999,22.512854
9813,88.393300,22.513115
9814,88.392634,22.513321
9815,88.395285,22.513271
9816,88.393333,22.513466
9817,88.392687,22.513556
9818,88.395387,22.514021
9819,88.395396,22.514098
9820,88.395592,22.515568
9821,88.395638,22.515859
9822,88.394464,22.516105
9823,88.393796,22.516209
9824,88.394693,22.516595
9825,88.394531,22.516610
9826,88.393894,22.516688
9827,88.395753,22.516613
9828,88.394782,22.517180
9829,88.394617,22.517261
9830,88.393963,22.517351
9831,88.393798,22.517372
9832,88.393442,22.517422
9833,88.393200,22.517455
9834,88.398422,22.521987
9835,88.392618,22.522573
9836,88.392356,22.523696
9837,88.397887,22.524026
9838,88.399133,22.524088
9839,88.397622,22.524176
9840,88.398250,22.524266
9841,88.397124,22.524449
9842,88.396859,22.524591
9843,88.391177,22.524812
9844,88.400184,22.524834
9845,88.399928,22.524883
9846,88.399855,22.524898
9847,88.399658,22.524943
9848,88.399576,22.524965
9849,88.399297,22.525036
9850,88.399006,22.525088
9851,88.398705,22.525143
9852,88.398472,22.525185
9853,88.398196,22.525236
9854,88.397915,22.525288
9855,88.397606,22.525353
9856,88.400857,22.525373
9857,88.397289,22.525426
9858,88.397032,22.525485
9859,88.400003,22.525539
9860,88.399715,22.525595
9861,88.399443,22.525652
9862,88.399146,22.525712
9863,88.398874,22.525786
9864,88.391782,22.526017
9865,88.400136,22.526115
9866,88.399840,22.526196
9867,88.399594,22.526224
9868,88.399294,22.526246
9869,88.399040,22.526295
9870,88.380971,22.537230
9871,88.381355,22.537337
9872,88.379507,22.537533
9873,88.382796,22.537800
9874,88.383408,22.537998
9875,88.381195,22.537995
9876,88.381878,22.538220
9877,88.380654,22.538216
9878,88.382532,22.538422
9879,88.382599,22.538456
9880,88.380961,22.538536
9881,88.381614,22.538997
9882,88.382313,22.539367
9883,88.383073,22.539756
9884,88.386278,22.540052
9885,88.384880,22.540187
9886,88.383870,22.540189
9887,88.384574,22.540345
9888,88.385051,22.540533
9889,88.385455,22.540605
9890,88.384979,22.540748
9891,88.383681,22.540793
9892,88.383856,22.540870
9893,88.383962,22.540931
9894,88.385116,22.541802
9895,88.389373,22.543200
9896,88.388967,22.543273
9897,88.385425,22.543439
9898,88.388863,22.544365
9899,88.379091,22.528891
9900,88.381261,22.528944
9901,88.378535,22.529773
9902,88.376837,22.530064
9903,88.379262,22.530089
9904,88.381505,22.530047
9905,88.379600,22.530228
9906,88.380426,22.530239
9907,88.379144,22.530295
9908,88.383117,22.530380
9909,88.378026,22.530571
9910,88.382735,22.530606
9911,88.379689,22.530553
9912,88.376574,22.530779
9913,88.382674,22.531203
9914,88.379165,22.531390
9915,88.380514,22.531467
9916,88.381406,22.532007
9917,88.379318,22.532190
9918,88.378200,22.533359
9919,88.379218,22.533371
9920,88.387859,22.533389
9921,88.377737,22.533443
9922,88.378694,22.533431
9923,88.380517,22.533821
9924,88.376984,22.533892
9925,88.379806,22.533945
9926,88.378604,22.534230
9927,88.379047,22.534256
9928,88.379899,22.534355
9929,88.380865,22.534285
9930,88.378548,22.534530
9931,88.378434,22.534545
9932,88.388027,22.534556
9933,88.376278,22.534612
9934,88.378418,22.534622
9935,88.387500,22.534683
9936,88.377239,22.534837
9937,88.379719,22.534886
9938,88.376882,22.534883
9939,88.386432,22.534885
9940,88.391026,22.534984
9941,88.390023,22.535114
9942,88.387911,22.535840
9943,88.388206,22.538568
9944,88.392651,22.542426
9945,88.391729,22.542430
9946,88.385359,22.543845
9947,88.386537,22.543907
9948,88.387610,22.544722
9949,88.386378,22.544802
9950,88.385450,22.544858
9951,88.384976,22.544929
9952,88.384142,22.545002
9953,88.390490,22.545028
9954,88.392288,22.545608
9955,88.391617,22.545756
9956,88.391609,22.547540
9957,88.395399,22.548518
9958,88.394925,22.518252
9959,88.395268,22.519179
9960,88.397209,22.520022
9961,88.390250,22.521172
9962,88.397662,22.521349
9963,88.396748,22.521548
9964,88.395784,22.521577
9965,88.390780,22.521676
9966,88.394212,22.522136
9967,88.395932,22.522249
9968,88.397002,22.522788
9969,88.397067,22.522795
9970,88.396011,22.522952
9971,88.396095,22.523424
9972,88.393663,22.523493
9973,88.395885,22.523608
9974,88.393823,22.524091
9975,88.394150,22.525938
9976,88.390587,22.526359
9977,88.390450,22.526477
9978,88.389765,22.526501
9979,88.393405,22.527272
9980,88.390696,22.527287
9981,88.387681,22.527794
9982,88.393263,22.528231
9983,88.394974,22.528324
9984,88.388425,22.528631
9985,88.392745,22.528881
9986,88.386559,22.528936
9987,88.387593,22.529107
9988,88.387141,22.529190
9989,88.392045,22.529383
9990,88.386144,22.529320
9991,88.383193,22.529667
9992,88.384716,22.529950
9993,88.387789,22.530035
9994,88.387037,22.530136
9995,88.386856,22.530172
9996,88.386497,22.530296
9997,88.386270,22.530404
9998,88.388672,22.530378
9999,88.385193,22.530435
10000,88.389415,22.530738
10001,88.389623,22.531187
10002,88.388152,22.531269
10003,88.387122,22.531532
10004,88.391333,22.532116
10005,88.388217,22.532175
10006,88.388186,22.533344
10007,88.390246,22.533700
10008,88.383777,22.534269
10009,88.389280,22.535226
10010,88.383998,22.535513
10011,88.389692,22.535769
10012,88.390481,22.535907
10013,88.389834,22.536213
10014,88.390829,22.535811
10015,88.388060,22.536396
10016,88.385485,22.536991
10017,88.390108,22.537445
10018,88.390666,22.570220
10019,88.399920,22.513479
10020,88.347756,22.514632
10021,88.389875,22.515158
10022,88.384185,22.502352
10023,88.341549,22.596010
10024,88.342920,22.597389
10025,88.390641,22.604178
10026,88.345689,22.597567
10027,88.346463,22.598863
10028,88.378874,22.539760
10029,88.329970,22.571329
10030,88.362316,22.543552
10031,88.360187,22.560705
10032,88.319141,22.609523
10033,88.371725,22.585429
10034,88.346723,22.608127
10035,88.322369,22.573976
10036,88.344914,22.606901
10037,88.388403,22.514623
10038,88.335384,22.518242
10039,88.334625,22.516721
10040,88.382892,22.512338
10041,88.394012,22.574601
10042,88.362811,22.578244
10043,88.357144,22.582707
10044,88.364113,22.583873
10045,88.324995,22.592644
10046,88.385858,22.526072
10047,88.338622,22.599283
10048,88.389970,22.534868
10049,88.359710,22.596018
10050,88.353657,22.590529
10051,88.351589,22.605442
10052,88.353906,22.609137
10053,88.321187,22.572211
10054,88.332398,22.585708
10055,88.330827,22.578228
10056,88.371007,22.600992
10057,88.384248,22.606493
10058,88.370836,22.609608
10059,88.370347,22.610980
10060,88.375294,22.600998
10061,88.367966,22.574044
10062,88.376483,22.521735
10063,88.321234,22.600390
10064,88.321733,22.599576
10065,88.321737,22.598934
10066,88.322790,22.599008
10067,88.322831,22.598215
10068,88.381285,22.549208
10069,88.380578,22.549449
10070,88.374847,22.533116
10071,88.376679,22.533207
10072,88.376192,22.533290
10073,88.377039,22.533550
10074,88.322842,22.598466
10075,88.322810,22.598909
10076,88.366991,22.542569
10077,88.323232,22.565713
10078,88.321886,22.565824
10079,88.316846,22.567511
10080,88.321469,22.567259
10081,88.322680,22.565265
10082,88.322402,22.566431
10083,88.321446,22.569952
10084,88.322695,22.566170
10085,88.320654,22.568558
10086,88.321151,22.568278
10087,88.321446,22.568288
10088,88.321413,22.568263
10089,88.322037,22.568786
10090,88.321977,22.568307
10091,88.321646,22.568592
10092,88.321729,22.568549
10093,88.321723,22.568544
10094,88.321795,22.568482
10095,88.319382,22.568285
10096,88.320718,22.568661
10097,88.320103,22.569050
10098,88.321323,22.569739
10099,88.320463,22.567940
10100,88.320376,22.568119
10101,88.321081,22.570579
10102,88.320635,22.570718
10103,88.320949,22.571064
10104,88.319860,22.572572
10105,88.320925,22.571747
10106,88.322263,22.570969
10107,88.323338,22.571754
10108,88.320500,22.570774
10109,88.320642,22.571148
10110,88.320455,22.571242
10111,88.320225,22.570817
10112,88.320372,22.569662
10113,88.322073,22.572478
10114,88.323454,22.573046
10115,88.324895,22.571334
10116,88.323954,22.571441
10117,88.324322,22.571968
10118,88.324570,22.571841
10119,88.324718,22.572090
10120,88.327668,22.565027
10121,88.325209,22.569527
10122,88.324772,22.569332
10123,88.324922,22.569032
10124,88.319679,22.563082
10125,88.324398,22.574560
10126,88.325422,22.573899
10127,88.325608,22.573607
10128,88.324937,22.575399
10129,88.325586,22.576036
10130,88.323845,22.576764
10131,88.323908,22.576999
10132,88.324911,22.576791
10133,88.325214,22.576844
10134,88.326581,22.575562
10135,88.325139,22.575734
10136,88.324236,22.576025
10137,88.324479,22.576514
10138,88.322519,22.574997
10139,88.322438,22.574456
10140,88.322556,22.574666
10141,88.323008,22.574972
10142,88.323580,22.575216
10143,88.324460,22.574638
10144,88.322766,22.575972
10145,88.322719,22.575833
10146,88.322245,22.575986
10147,88.319866,22.577157
10148,88.320024,22.578661
10149,88.320243,22.580293
10150,88.319334,22.579977
10151,88.319819,22.580781
10152,88.324564,22.579882
10153,88.324844,22.579790
10154,88.327268,22.578981
10155,88.328355,22.578148
10156,88.323205,22.580801
10157,88.322845,22.580822
10158,88.322564,22.579529
10159,88.327650,22.580351
10160,88.325225,22.581380
10161,88.326574,22.580752
10162,88.327372,22.582469
10163,88.327422,22.582911
10164,88.328488,22.582551
10165,88.325565,22.581248
10166,88.325829,22.582254
10167,88.327171,22.581987
10168,88.330650,22.577883
10169,88.329291,22.578249
10170,88.329237,22.577150
10171,88.326029,22.583330
10172,88.326994,22.583125
10173,88.328299,22.578667
10174,88.329619,22.577198
10175,88.329823,22.578056
10176,88.329726,22.578102
10177,88.328265,22.574303
10178,88.320929,22.569032
10179,88.324725,22.570446
10180,88.325773,22.570557
10181,88.324990,22.569831
10182,88.321281,22.569428
10183,88.321191,22.569508
10184,88.320919,22.569014
10185,88.320187,22.569214
10186,88.312571,22.561941
10187,88.324148,22.561773
10188,88.339269,22.586030
10189,88.341185,22.585250
10190,88.341864,22.584943
10191,88.338526,22.586478
10192,88.338707,22.586961
10193,88.322467,22.573175
10194,88.322621,22.573431
10195,88.323041,22.574183
10196,88.321947,22.576695
10197,88.320641,22.573344
10198,88.320554,22.573430
10199,88.322183,22.573635
10200,88.322052,22.573420
10201,88.320850,22.572466
10202,88.320223,22.575104
10203,88.319393,22.574009
10204,88.320578,22.574385
10205,88.320278,22.573711
10206,88.319971,22.575147
10207,88.320408,22.576325
10208,88.320467,22.576460
10209,88.323746,22.575128
10210,88.323460,22.574775
10211,88.323809,22.574530
10212,88.324091,22.574886
10213,88.325198,22.577781
10214,88.325199,22.578348
10215,88.324434,22.578557
10216,88.324724,22.579227
10217,88.324331,22.578575
10218,88.324077,22.578161
10219,88.324050,22.577832
10220,88.322261,22.577674
10221,88.322073,22.577356
10222,88.323837,22.576140
10223,88.322860,22.576375
10224,88.324221,22.569027
10225,88.324681,22.568393
10226,88.325639,22.568948
10227,88.321441,22.561662
10228,88.320051,22.563545
10229,88.319295,22.563969
10230,88.336064,22.509159
10231,88.333699,22.510690
10232,88.332575,22.509441
10233,88.332789,22.509667
10234,88.333384,22.509578
10235,88.334636,22.509536
10236,88.334601,22.510097
10237,88.340545,22.511497
10238,88.341005,22.511487
10239,88.341451,22.511488
10240,88.343951,22.511101
10241,88.344377,22.511102
10242,88.342637,22.511449
10243,88.342615,22.510965
10244,88.340985,22.510685
10245,88.340462,22.510761
10246,88.344525,22.513779
10247,88.344863,22.513514
10248,88.345816,22.513425
10249,88.344520,22.513282
10250,88.345069,22.513498
10251,88.344926,22.511606
10252,88.343489,22.515080
10253,88.343356,22.513993
10254,88.344116,22.513861
10255,88.344744,22.515316
10256,88.344527,22.515456
10257,88.342869,22.514001
10258,88.342862,22.514113
10259,88.342792,22.514576
10260,88.342785,22.514791
10261,88.343215,22.514932
10262,88.342489,22.513994
10263,88.343433,22.514736
10264,88.344098,22.514637
10265,88.342493,22.514950
10266,88.341471,22.515372
10267,88.343925,22.516932
10268,88.344035,22.515581
10269,88.343072,22.516893
10270,88.343159,22.516703
10271,88.343277,22.516907
10272,88.319520,22.562900
10273,88.399365,22.545837
10274,88.350135,22.511373
10275,88.399409,22.520254
10276,88.401347,22.516266
10277,88.398356,22.542849
10278,88.398524,22.542854
10279,88.398671,22.542686
10280,88.398558,22.542384
10281,88.398636,22.542541
10282,88.398281,22.542512
10283,88.398240,22.542568
10284,88.401603,22.513318
10285,88.400626,22.516517
10286,88.399240,22.516569
10287,88.398782,22.517451
10288,88.399369,22.517911
10289,88.398836,22.513690
10290,88.399133,22.515609
10291,88.398794,22.517595
10292,88.399419,22.516673
10293,88.399512,22.517387
10294,88.398972,22.514565
10295,88.401295,22.514286
10296,88.401584,22.513983
10297,88.399890,22.517987
10298,88.398678,22.518176
10299,88.395493,22.514789
10300,88.396017,22.514712
10301,88.395925,22.514035
10302,88.393330,22.518433
10303,88.398740,22.520057
10304,88.391791,22.522032
10305,88.392058,22.523990
10306,88.391545,22.524507
10307,88.391734,22.524842
10308,88.391786,22.524946
10309,88.391859,22.525097
10310,88.392434,22.525247
10311,88.391681,22.523326
10312,88.393045,22.523628
10313,88.393924,22.524066
10314,88.394079,22.524020
10315,88.396329,22.523701
10316,88.396868,22.522809
10317,88.396792,22.522828
10318,88.396987,22.522644
10319,88.394864,22.523831
10320,88.394141,22.523008
10321,88.393854,22.522247
10322,88.394561,22.521936
10323,88.393059,22.521758
10324,88.393619,22.520733
10325,88.393984,22.520574
10326,88.395077,22.519277
10327,88.395825,22.518936
10328,88.395940,22.518410
10329,88.395977,22.518315
10330,88.396876,22.515933
10331,88.396722,22.515706
10332,88.395898,22.515822
10333,88.395832,22.515439
10334,88.396677,22.515333
10335,88.396499,22.514500
10336,88.395996,22.514557
10337,88.396594,22.514656
10338,88.396939,22.515454
10339,88.395961,22.514296
10340,88.396659,22.514218
10341,88.396447,22.514242
10342,88.396479,22.514502
10343,88.396935,22.550459
10344,88.396746,22.549609
10345,88.396715,22.549431
10346,88.396684,22.549295
10347,88.396496,22.547824
10348,88.396468,22.547274
10349,88.396438,22.546752
10350,88.399694,22.509924
10351,88.397550,22.510170
10352,88.399832,22.513208
10353,88.399823,22.510853
10354,88.401530,22.510646
10355,88.398587,22.510057
10356,88.398918,22.512418
10357,88.398647,22.510510
10358,88.399645,22.511137
10359,88.398815,22.511732
10360,88.397778,22.511817
10361,88.399674,22.511384
10362,88.395603,22.513712
10363,88.395349,22.513738
10364,88.396306,22.513645
10365,88.395570,22.513471
10366,88.396038,22.513421
10367,88.395493,22.512822
10368,88.394370,22.512213
10369,88.397465,22.520821
10370,88.397368,22.520527
10371,88.395142,22.521078
10372,88.396145,22.521595
10373,88.396036,22.520973
10374,88.397377,22.520553
10375,88.397896,22.520463
10376,88.397793,22.520081
10377,88.396792,22.518584
10378,88.398378,22.519100
10379,88.397876,22.519879
10380,88.397302,22.519940
10381,88.398153,22.519862
10382,88.397963,22.519175
10383,88.397497,22.538647
10384,88.398230,22.513407
10385,88.397882,22.512594
10386,88.397818,22.512109
10387,88.397604,22.512077
10388,88.397052,22.511896
10389,88.396653,22.511942
10390,88.396655,22.512073
10391,88.396425,22.512124
10392,88.396830,22.513018
10393,88.396670,22.512182
10394,88.390403,22.514758
10395,88.390394,22.509749
10396,88.390996,22.510562
10397,88.386010,22.513189
10398,88.385933,22.511910
10399,88.385944,22.511801
10400,88.386001,22.511719
10401,88.327759,22.547919
10402,88.344557,22.526674
10403,88.344640,22.525875
10404,88.393108,22.521347
10405,88.392175,22.523878
10406,88.390592,22.525117
10407,88.393004,22.522331
10408,88.396362,22.521610
10409,88.398017,22.521288
10410,88.396201,22.521601
10411,88.396295,22.522159
10412,88.396500,22.521591
10413,88.397232,22.522129
10414,88.397573,22.521409
10415,88.396399,22.520183
10416,88.396615,22.520133
10417,88.396504,22.519637
10418,88.395571,22.519046
10419,88.395693,22.519387
10420,88.396277,22.519703
10421,88.396210,22.519434
10422,88.396524,22.519727
10423,88.395925,22.519319
10424,88.393725,22.518911
10425,88.393609,22.519542
10426,88.393638,22.519679
10427,88.393552,22.520191
10428,88.395747,22.514756
10429,88.395770,22.514947
10430,88.396495,22.514868
10431,88.395804,22.515196
10432,88.396646,22.515081
10433,88.395869,22.515654
10434,88.396706,22.515570
10435,88.396681,22.518389
10436,88.398179,22.518233
10437,88.398189,22.516135
10438,88.398292,22.518215
10439,88.398431,22.518199
10440,88.394525,22.510641
10441,88.395072,22.510591
10442,88.396770,22.512870
10443,88.397672,22.512762
10444,88.397695,22.512922
10445,88.396731,22.512622
10446,88.398716,22.511000
10447,88.399608,22.510887
10448,88.391852,22.542395
10449,88.389291,22.541966
10450,88.388650,22.541414
10451,88.367747,22.541370
10452,88.370755,22.539754
10453,88.371940,22.539353
10454,88.375776,22.539067
10455,88.376660,22.539004
10456,88.376934,22.539206
10457,88.376668,22.539075
10458,88.378657,22.539061
10459,88.389056,22.541455
10460,88.398191,22.541822
10461,88.398268,22.542671
10462,88.398167,22.542775
10463,88.397625,22.543099
10464,88.393484,22.542578
10465,88.395634,22.543004
10466,88.397006,22.546646
10467,88.396636,22.543349
10468,88.397924,22.543152
10469,88.398819,22.544169
10470,88.375920,22.538984
10471,88.376611,22.538541
10472,88.378124,22.537243
10473,88.378478,22.538505
10474,88.374210,22.534844
10475,88.374562,22.538041
10476,88.375517,22.537818
10477,88.376590,22.537674
10478,88.376619,22.537794
10479,88.376499,22.537306
10480,88.376505,22.537329
10481,88.377668,22.537103
10482,88.375882,22.538220
10483,88.375795,22.537842
10484,88.374674,22.537429
10485,88.375459,22.537502
10486,88.365228,22.522646
10487,88.365283,22.522617
10488,88.366118,22.517228
10489,88.365288,22.522917
10490,88.360538,22.544087
10491,88.359478,22.541473
10492,88.357290,22.541008
10493,88.360300,22.543705
10494,88.358955,22.541087
10495,88.356772,22.541181
10496,88.365199,22.542897
10497,88.362792,22.541575
10498,88.359108,22.540944
10499,88.362616,22.541700
10500,88.341695,22.541118
10501,88.341720,22.541039
10502,88.343934,22.541473
10503,88.343926,22.541553
10504,88.364658,22.542594
10505,88.359479,22.540978
10506,88.362436,22.541493
10507,88.360206,22.543449
10508,88.357998,22.541090
10509,88.382618,22.524673
10510,88.384675,22.524708
10511,88.384710,22.524697
10512,88.382263,22.526564
10513,88.382229,22.526325
10514,88.382186,22.526072
10515,88.382115,22.525563
10516,88.381933,22.524739
10517,88.381241,22.526288
10518,88.381787,22.526456
10519,88.380820,22.526011
10520,88.380642,22.525653
10521,88.382269,22.527189
10522,88.382311,22.526749
10523,88.383205,22.526263
10524,88.384305,22.525973
10525,88.383640,22.526172
10526,88.383886,22.526895
10527,88.384431,22.528393
10528,88.382089,22.528926
10529,88.382997,22.529406
10530,88.334024,22.539456
10531,88.333919,22.539492
10532,88.364439,22.554392
10533,88.392989,22.515889
10534,88.391483,22.533780
10535,88.394029,22.535389
10536,88.394095,22.535675
10537,88.394007,22.535317
10538,88.394187,22.536014
10539,88.395990,22.532881
10540,88.396026,22.533237
10541,88.391265,22.550374
10542,88.389756,22.551171
10543,88.391107,22.549981
10544,88.390769,22.549693
10545,88.392093,22.550179
10546,88.387913,22.541566
10547,88.351135,22.537851
10548,88.398780,22.511480
10549,88.398161,22.512891
10550,88.395929,22.518443
10551,88.398842,22.511920
10552,88.367978,22.586811
10553,88.321571,22.561508
10554,88.360447,22.544095
10555,88.334999,22.533634
10556,88.352239,22.572320
10557,88.385002,22.543468
10558,88.366776,22.524638
10559,88.319931,22.591663
10560,88.317194,22.586286
10561,88.316532,22.584472
10562,88.320047,22.590082
10563,88.318017,22.590393
10564,88.321416,22.584545
10565,88.321768,22.582129
10566,88.321404,22.582772
10567,88.320161,22.585897
10568,88.320992,22.585259
10569,88.319818,22.585164
10570,88.323832,22.593040
10571,88.323705,22.592016
10572,88.323685,22.591134
10573,88.323829,22.590234
10574,88.323786,22.588669
10575,88.324474,22.587220
10576,88.324366,22.586346
10577,88.327173,22.592451
10578,88.327775,22.592371
10579,88.327697,22.591759
10580,88.327292,22.590697
10581,88.326825,22.588842
10582,88.326772,22.588200
10583,88.327062,22.589884
10584,88.327853,22.589733
10585,88.328121,22.590548
10586,88.328001,22.588055
10587,88.326296,22.588294
10588,88.327198,22.589120
10589,88.327321,22.589739
10590,88.327341,22.589820
10591,88.326875,22.590813
10592,88.327043,22.589817
10593,88.325653,22.590021
10594,88.328501,22.590381
10595,88.325195,22.590066
10596,88.325309,22.591259
10597,88.325739,22.592713
10598,88.324785,22.592903
10599,88.324859,22.591403
10600,88.320516,22.590837
10601,88.322951,22.593212
10602,88.323038,22.592064
10603,88.321216,22.591316
10604,88.321165,22.590925
10605,88.322227,22.590629
10606,88.323594,22.590862
10607,88.322720,22.590618
10608,88.320559,22.591344
10609,88.320195,22.587858
10610,88.320273,22.588331
10611,88.320913,22.588331
10612,88.321503,22.588304
10613,88.322285,22.588312
10614,88.322129,22.590361
10615,88.322282,22.589904
10616,88.322128,22.589896
10617,88.322463,22.588465
10618,88.320308,22.590366
10619,88.323842,22.589928
10620,88.319834,22.589347
10621,88.321365,22.589161
10622,88.321611,22.589955
10623,88.323206,22.586556
10624,88.323018,22.588371
10625,88.324168,22.588212
10626,88.324216,22.588378
10627,88.325116,22.589179
10628,88.325382,22.589352
10629,88.325791,22.589049
10630,88.325756,22.588824
10631,88.326276,22.588986
10632,88.325654,22.588141
10633,88.325291,22.587110
10634,88.325415,22.587654
10635,88.325620,22.587619
10636,88.321110,22.584981
10637,88.321267,22.586810
10638,88.321394,22.586026
10639,88.320735,22.585892
10640,88.320189,22.585765
10641,88.321219,22.584783
10642,88.323050,22.585038
10643,88.323636,22.584459
10644,88.323892,22.583361
10645,88.323918,22.582519
10646,88.323893,22.581826
10647,88.323677,22.585782
10648,88.323830,22.586431
10649,88.321338,22.586561
10650,88.322444,22.586837
10651,88.322611,22.585097
10652,88.321936,22.587053
10653,88.323035,22.586619
10654,88.323079,22.585946
10655,88.325362,22.586187
10656,88.326139,22.584554
10657,88.327884,22.584130
10658,88.328704,22.583544
10659,88.326679,22.547503
10660,88.326880,22.547153
10661,88.327005,22.546936
10662,88.348285,22.548146
10663,88.328835,22.581377
10664,88.329007,22.582010
10665,88.329477,22.583073
10666,88.328644,22.583164
10667,88.328486,22.580311
10668,88.328720,22.580996
10669,88.326981,22.581582
10670,88.330609,22.581642
10671,88.330573,22.581988
10672,88.330684,22.582514
10673,88.330619,22.581552
10674,88.330098,22.581123
10675,88.329602,22.581105
10676,88.331936,22.580259
10677,88.331282,22.580292
10678,88.331047,22.580341
10679,88.330837,22.579024
10680,88.330195,22.580575
10681,88.327984,22.578354
10682,88.327760,22.578404
10683,88.327096,22.577756
10684,88.326525,22.577684
10685,88.330115,22.578546
10686,88.325325,22.578112
10687,88.328735,22.575566
10688,88.329658,22.575982
10689,88.323294,22.574913
10690,88.322596,22.575133
10691,88.322323,22.575247
10692,88.322361,22.575334
10693,88.322036,22.575429
10694,88.323025,22.575894
10695,88.323762,22.577036
10696,88.323673,22.576801
10697,88.323061,22.576954
10698,88.323051,22.578205
10699,88.323027,22.577915
10700,88.323322,22.577511
10701,88.323284,22.577842
10702,88.322519,22.578155
10703,88.321697,22.578439
10704,88.321874,22.576446
10705,88.321576,22.576524
10706,88.321438,22.576579
10707,88.321005,22.577106
10708,88.320729,22.577046
10709,88.320114,22.575695
10710,88.320351,22.575636
10711,88.321751,22.576091
10712,88.320018,22.573836
10713,88.320233,22.574462
10714,88.316781,22.567221
10715,88.320570,22.563180
10716,88.323077,22.564666
10717,88.322746,22.565298
10718,88.323258,22.564831
10719,88.324020,22.564258
10720,88.324670,22.564592
10721,88.325255,22.566664
10722,88.323236,22.567063
10723,88.323422,22.567313
10724,88.322447,22.566391
10725,88.322820,22.566783
10726,88.322541,22.567001
10727,88.323130,22.566584
10728,88.322768,22.566823
10729,88.322938,22.566986
10730,88.322508,22.566966
10731,88.321971,22.566813
10732,88.322180,22.567018
10733,88.321747,22.567016
10734,88.322125,22.567357
10735,88.319035,22.571106
10736,88.323747,22.565293
10737,88.321150,22.581776
10738,88.321175,22.582120
10739,88.322509,22.582141
10740,88.322463,22.580880
10741,88.323398,22.581911
10742,88.326466,22.579564
10743,88.326413,22.579398
10744,88.326082,22.578864
10745,88.325437,22.579104
10746,88.326180,22.578972
10747,88.325770,22.577979
10748,88.326468,22.577438
10749,88.327448,22.576729
10750,88.326516,22.577422
10751,88.326163,22.576473
10752,88.328347,22.573630
10753,88.327134,22.573949
10754,88.327204,22.574550
10755,88.327319,22.573260
10756,88.328031,22.573114
10757,88.326700,22.572316
10758,88.327327,22.571963
10759,88.327057,22.572784
10760,88.327648,22.572487
10761,88.327654,22.573903
10762,88.326478,22.572916
10763,88.326540,22.573524
10764,88.325649,22.573376
10765,88.326097,22.573094
10766,88.327008,22.572720
10767,88.325879,22.572786
10768,88.326225,22.572612
10769,88.326320,22.573575
10770,88.327377,22.573355
10771,88.326539,22.573873
10772,88.326314,22.574360
10773,88.323874,22.570052
10774,88.323297,22.568601
10775,88.320636,22.574364
10776,88.320780,22.574324
10777,88.322402,22.574034
10778,88.322197,22.573660
10779,88.321972,22.573778
10780,88.322170,22.574104
10781,88.322192,22.574142
10782,88.321889,22.573658
10783,88.321608,22.574375
10784,88.321245,22.574064
10785,88.322907,22.573284
10786,88.320181,22.572902
10787,88.327237,22.574535
10788,88.327254,22.575316
10789,88.327249,22.574684
10790,88.325969,22.574209
10791,88.325820,22.574449
10792,88.326283,22.574348
10793,88.326083,22.574745
10794,88.324235,22.573154
10795,88.325746,22.572642
10796,88.324633,22.572562
10797,88.324777,22.574295
10798,88.324115,22.573598
10799,88.328642,22.574137
10800,88.331764,22.567297
10801,88.335554,22.571865
10802,88.330070,22.575146
10803,88.331018,22.576238
10804,88.334498,22.573812
10805,88.334718,22.573654
10806,88.335267,22.574106
10807,88.336501,22.572897
10808,88.335586,22.574254
10809,88.336640,22.573165
10810,88.336316,22.574527
10811,88.337054,22.573449
10812,88.335951,22.572445
10813,88.334339,22.573285
10814,88.336118,22.572497
10815,88.336019,22.573792
10816,88.336575,22.574119
10817,88.336738,22.574695
10818,88.336848,22.574644
10819,88.337039,22.574382
10820,88.331953,22.575283
10821,88.333178,22.574636
10822,88.334237,22.575506
10823,88.334989,22.576533
10824,88.332687,22.576708
10825,88.333664,22.577012
10826,88.333181,22.576488
10827,88.333797,22.579610
10828,88.334210,22.579380
10829,88.335137,22.578685
10830,88.333109,22.579903
10831,88.332824,22.579391
10832,88.333749,22.578993
10833,88.333508,22.579724
10834,88.333221,22.579210
10835,88.333848,22.578950
10836,88.332976,22.581501
10837,88.332735,22.580888
10838,88.333541,22.580582
10839,88.333783,22.580498
10840,88.336026,22.580827
10841,88.330327,22.581445
10842,88.330296,22.581870
10843,88.330496,22.582359
10844,88.329983,22.582496
10845,88.330093,22.582709
10846,88.331196,22.582687
10847,88.333243,22.582706
10848,88.330774,22.584569
10849,88.331236,22.584436
10850,88.330602,22.583830
10851,88.331145,22.583728
10852,88.330091,22.583976
10853,88.330254,22.585216
10854,88.330299,22.583903
10855,88.329958,22.584021
10856,88.329971,22.584453
10857,88.329650,22.584383
10858,88.329554,22.584040
10859,88.329331,22.584530
10860,88.325485,22.586167
10861,88.326467,22.584483
10862,88.326376,22.583976
10863,88.327463,22.585829
10864,88.326623,22.584474
10865,88.321583,22.578319
10866,88.321144,22.578384
10867,88.321382,22.580674
10868,88.323518,22.580710
10869,88.323310,22.580044
10870,88.321241,22.578912
10871,88.321479,22.579418
10872,88.320702,22.579423
10873,88.320641,22.579423
10874,88.321797,22.580851
10875,88.321838,22.581180
10876,88.321969,22.581618
10877,88.318747,22.595520
10878,88.325027,22.592868
10879,88.324958,22.592255
10880,88.324060,22.593979
10881,88.325077,22.593805
10882,88.325193,22.594221
10883,88.323459,22.594349
10884,88.325793,22.594089
10885,88.324399,22.595145
10886,88.323942,22.595184
10887,88.323251,22.595632
10888,88.322425,22.595660
10889,88.320724,22.595672
10890,88.320571,22.596137
10891,88.320883,22.596812
10892,88.320323,22.597720
10893,88.320505,22.597680
10894,88.319739,22.596615
10895,88.320029,22.597534
10896,88.322130,22.597511
10897,88.321295,22.596423
10898,88.321642,22.597497
10899,88.320457,22.596174
10900,88.321660,22.596257
10901,88.321523,22.595745
10902,88.322453,22.597454
10903,88.322490,22.597120
10904,88.324391,22.596777
10905,88.324488,22.598100
10906,88.323273,22.596592
10907,88.323129,22.596627
10908,88.323865,22.598155
10909,88.323933,22.597414
10910,88.326390,22.595469
10911,88.327410,22.595026
10912,88.325596,22.596290
10913,88.325110,22.596550
10914,88.325000,22.596559
10915,88.330489,22.593611
10916,88.330607,22.593973
10917,88.330631,22.594041
10918,88.330325,22.594119
10919,88.329640,22.594745
10920,88.330017,22.594349
10921,88.329412,22.593984
10922,88.330764,22.591519
10923,88.331325,22.593294
10924,88.331558,22.593920
10925,88.331430,22.591064
10926,88.332012,22.592651
10927,88.331782,22.591644
10928,88.331340,22.591850
10929,88.331597,22.592700
10930,88.331697,22.593109
10931,88.331909,22.593243
10932,88.331715,22.593214
10933,88.331251,22.592916
10934,88.331645,22.592838
10935,88.330527,22.593729
10936,88.331370,22.593444
10937,88.330284,22.593039
10938,88.331226,22.592799
10939,88.330734,22.593317
10940,88.330625,22.592950
10941,88.330228,22.592883
10942,88.329307,22.593190
10943,88.329483,22.591996
10944,88.329858,22.593002
10945,88.338172,22.591979
10946,88.335872,22.592970
10947,88.338864,22.593336
10948,88.337245,22.593792
10949,88.337237,22.593668
10950,88.338691,22.592997
10951,88.337896,22.593292
10952,88.337995,22.593632
10953,88.339015,22.593627
10954,88.338112,22.593947
10955,88.337355,22.594112
10956,88.336889,22.592458
10957,88.337083,22.592950
10958,88.337689,22.592717
10959,88.338369,22.592364
10960,88.337432,22.592305
10961,88.337105,22.593029
10962,88.336214,22.593403
10963,88.335972,22.592923
10964,88.336363,22.593838
10965,88.336840,22.594240
10966,88.334166,22.593585
10967,88.334363,22.595116
10968,88.334249,22.594332
10969,88.337851,22.595332
10970,88.336660,22.594869
10971,88.336908,22.594854
10972,88.337578,22.594640
10973,88.339987,22.576966
10974,88.338441,22.577480
10975,88.337047,22.587789
10976,88.342002,22.584910
10977,88.342363,22.585921
10978,88.342108,22.584900
10979,88.342422,22.584812
10980,88.342688,22.585064
10981,88.338655,22.589432
10982,88.338468,22.588919
10983,88.339890,22.588318
10984,88.338663,22.588831
10985,88.337036,22.589560
10986,88.337436,22.587667
10987,88.337806,22.588521
10988,88.337900,22.588743
10989,88.338076,22.589086
10990,88.341973,22.586556
10991,88.342480,22.586196
10992,88.342321,22.586377
10993,88.342019,22.586487
10994,88.340265,22.591667
10995,88.339386,22.591900
10996,88.339529,22.592272
10997,88.340427,22.592033
10998,88.340736,22.591577
10999,88.339457,22.592078
11000,88.338935,22.592302
11001,88.338434,22.592492
11002,88.339100,22.592658
11003,88.341589,22.590381
11004,88.342123,22.591019
11005,88.342301,22.590967
11006,88.343924,22.592297
11007,88.343791,22.596538
11008,88.342389,22.597932
11009,88.342358,22.598065
11010,88.339182,22.593943
11011,88.340938,22.593287
11012,88.338493,22.590374
11013,88.340389,22.593470
11014,88.340612,22.594257
11015,88.346384,22.592752
11016,88.339229,22.594033
11017,88.341615,22.592500
11018,88.342529,22.592067
11019,88.343317,22.592476
11020,88.342903,22.592551
11021,88.341798,22.592912
11022,88.343254,22.592488
11023,88.343370,22.593593
11024,88.342429,22.592660
11025,88.343002,22.593672
11026,88.342840,22.592357
11027,88.343228,22.592174
11028,88.346684,22.600037
11029,88.347481,22.599366
11030,88.346528,22.598795
11031,88.346577,22.599164
11032,88.347166,22.598929
11033,88.346573,22.599441
11034,88.346898,22.601104
11035,88.347501,22.600957
11036,88.349240,22.601356
11037,88.350800,22.600591
11038,88.348750,22.600935
11039,88.348095,22.600342
11040,88.350020,22.599922
11041,88.347801,22.599946
11042,88.347926,22.599675
11043,88.348188,22.600472
11044,88.347587,22.600742
11045,88.347444,22.600814
11046,88.347380,22.600676
11047,88.347736,22.601018
11048,88.348054,22.601014
11049,88.346847,22.600450
11050,88.347067,22.601063
11051,88.346905,22.600598
11052,88.347511,22.600344
11053,88.346659,22.599920
11054,88.347048,22.599616
11055,88.346785,22.600289
11056,88.346619,22.599708
11057,88.346336,22.599758
11058,88.345862,22.598888
11059,88.346930,22.598591
11060,88.346526,22.598673
11061,88.344160,22.593429
11062,88.341275,22.594173
11063,88.341796,22.595983
11064,88.341466,22.597006
11065,88.339990,22.596269
11066,88.342544,22.595982
11067,88.342786,22.596476
11068,88.341584,22.595121
11069,88.342197,22.594992
11070,88.344566,22.594635
11071,88.344209,22.595439
11072,88.344135,22.594690
11073,88.344589,22.593591
11074,88.344965,22.593470
11075,88.344995,22.593865
11076,88.345877,22.594860
11077,88.344668,22.594938
11078,88.344598,22.596527
11079,88.344471,22.595655
11080,88.344395,22.595459
11081,88.345994,22.595250
11082,88.344339,22.595188
11083,88.343536,22.595590
11084,88.345706,22.594461
11085,88.346793,22.601212
11086,88.346446,22.601858
11087,88.347061,22.598809
11088,88.345577,22.597215
11089,88.346650,22.596866
11090,88.346804,22.597683
11091,88.345794,22.597993
11092,88.345986,22.598184
11093,88.345877,22.598800
11094,88.346804,22.598128
11095,88.345319,22.601408
11096,88.345500,22.600669
11097,88.345401,22.599519
11098,88.346529,22.598262
11099,88.346790,22.598233
11100,88.346821,22.598225
11101,88.347444,22.597160
11102,88.344862,22.597879
11103,88.344593,22.598059
11104,88.344121,22.598797
11105,88.341180,22.599336
11106,88.342482,22.599096
11107,88.341847,22.601253
11108,88.342733,22.599817
11109,88.343106,22.598991
11110,88.344132,22.599181
11111,88.343879,22.599643
11112,88.344934,22.598678
11113,88.345780,22.597893
11114,88.342100,22.599155
11115,88.342023,22.599165
11116,88.342120,22.599971
11117,88.344177,22.598554
11118,88.343479,22.598598
11119,88.344254,22.598416
11120,88.344325,22.598306
11121,88.344392,22.598233
11122,88.342424,22.597642
11123,88.345565,22.598862
11124,88.345051,22.598606
11125,88.344678,22.597992
11126,88.344698,22.597534
11127,88.343886,22.597271
11128,88.343629,22.597144
11129,88.342375,22.597366
11130,88.343197,22.597423
11131,88.341656,22.600668
11132,88.340198,22.600950
11133,88.339007,22.601253
11134,88.339926,22.599636
11135,88.338276,22.601001
11136,88.339828,22.601052
11137,88.340160,22.602678
11138,88.340856,22.600792
11139,88.340984,22.601438
11140,88.339952,22.601649
11141,88.338537,22.601366
11142,88.338396,22.600934
11143,88.338706,22.600727
11144,88.338890,22.603082
11145,88.338246,22.601843
11146,88.338258,22.601479
11147,88.338115,22.601093
11148,88.337268,22.601438
11149,88.337251,22.600075
11150,88.336631,22.598206
11151,88.336419,22.597673
11152,88.337499,22.603584
11153,88.337137,22.602067
11154,88.336035,22.603648
11155,88.335870,22.602342
11156,88.336088,22.601888
11157,88.336085,22.601494
11158,88.335099,22.598020
11159,88.334819,22.596649
11160,88.335874,22.596549
11161,88.335988,22.597787
11162,88.335939,22.597080
11163,88.336449,22.597216
11164,88.337086,22.596446
11165,88.337596,22.597113
11166,88.338159,22.597129
11167,88.340147,22.596690
11168,88.339956,22.596175
11169,88.339174,22.596088
11170,88.337992,22.596235
11171,88.338636,22.597041
11172,88.338196,22.595605
11173,88.339615,22.595235
11174,88.337920,22.595565
11175,88.337150,22.595648
11176,88.338910,22.596988
11177,88.340794,22.598315
11178,88.337140,22.599631
11179,88.338585,22.599397
11180,88.338823,22.600094
11181,88.338529,22.598880
11182,88.339737,22.598408
11183,88.339905,22.598316
11184,88.336832,22.597188
11185,88.337386,22.597106
11186,88.336946,22.599099
11187,88.337444,22.597976
11188,88.336813,22.598744
11189,88.337177,22.598633
11190,88.337629,22.598467
11191,88.334809,22.598898
11192,88.338838,22.602404
11193,88.338266,22.602472
11194,88.342057,22.604591
11195,88.340936,22.607515
11196,88.339888,22.610860
11197,88.342206,22.602922
11198,88.341525,22.602958
11199,88.340596,22.604240
11200,88.340214,22.605002
11201,88.340169,22.605005
11202,88.339707,22.604775
11203,88.339615,22.604070
11204,88.339370,22.602909
11205,88.339961,22.603779
11206,88.340295,22.605411
11207,88.340398,22.605706
11208,88.341484,22.605740
11209,88.340216,22.606308
11210,88.340874,22.606029
11211,88.341426,22.606035
11212,88.339901,22.605573
11213,88.339929,22.604868
11214,88.339427,22.605453
11215,88.339393,22.605090
11216,88.338486,22.605303
11217,88.338566,22.605815
11218,88.338773,22.605844
11219,88.338291,22.603299
11220,88.338587,22.604913
11221,88.338597,22.604979
11222,88.337281,22.603663
11223,88.337355,22.603980
11224,88.336970,22.604405
11225,88.338376,22.605551
11226,88.337679,22.605763
11227,88.337068,22.604676
11228,88.337370,22.605888
11229,88.337591,22.606283
11230,88.336579,22.606601
11231,88.337164,22.606575
11232,88.336772,22.606580
11233,88.336610,22.606684
11234,88.336683,22.606927
11235,88.336744,22.607098
11236,88.337241,22.606783
11237,88.336678,22.606907
11238,88.336534,22.606961
11239,88.336442,22.606720
11240,88.336651,22.607312
11241,88.336737,22.607548
11242,88.336597,22.607135
11243,88.338511,22.613139
11244,88.337515,22.607128
11245,88.336910,22.608048
11246,88.336829,22.607813
11247,88.337177,22.607709
11248,88.337707,22.607825
11249,88.337033,22.608403
11250,88.337321,22.608292
11251,88.338017,22.608057
11252,88.338416,22.607720
11253,88.337489,22.606836
11254,88.337820,22.606732
11255,88.339817,22.606394
11256,88.338420,22.606606
11257,88.338569,22.607014
11258,88.338842,22.606933
11259,88.338042,22.606671
11260,88.339003,22.606613
11261,88.339798,22.606397
11262,88.339480,22.606842
11263,88.339489,22.607037
11264,88.338892,22.607228
11265,88.338663,22.607298
11266,88.339529,22.607272
11267,88.336256,22.604895
11268,88.337841,22.605227
11269,88.338030,22.605682
11270,88.339997,22.608015
11271,88.340880,22.607958
11272,88.338793,22.608243
11273,88.338734,22.608266
11274,88.338399,22.608417
11275,88.338332,22.608431
11276,88.338021,22.608537
11277,88.338967,22.608958
11278,88.340289,22.608873
11279,88.338592,22.608965
11280,88.337346,22.609317
11281,88.342945,22.604388
11282,88.342654,22.603544
11283,88.344627,22.603019
11284,88.344464,22.601524
11285,88.344556,22.602300
11286,88.342980,22.604679
11287,88.343608,22.604739
11288,88.342954,22.604469
11289,88.343598,22.604422
11290,88.343682,22.604896
11291,88.344998,22.603883
11292,88.345046,22.603346
11293,88.344886,22.602388
11294,88.345540,22.602197
11295,88.346392,22.601920
11296,88.344986,22.603843
11297,88.345048,22.604102
11298,88.345575,22.603990
11299,88.347593,22.601705
11300,88.347643,22.602043
11301,88.348811,22.601913
11302,88.348646,22.602041
11303,88.348330,22.602124
11304,88.347826,22.602090
11305,88.347640,22.602016
11306,88.347093,22.602118
11307,88.348704,22.602901
11308,88.348444,22.603160
11309,88.347599,22.603428
11310,88.347522,22.603287
11311,88.347326,22.602948
11312,88.347017,22.603039
11313,88.346706,22.603152
11314,88.346914,22.603502
11315,88.346401,22.603665
11316,88.346425,22.603790
11317,88.346548,22.604098
11318,88.346297,22.603274
11319,88.347286,22.602804
11320,88.347247,22.602515
11321,88.347842,22.602331
11322,88.346900,22.604791
11323,88.346092,22.603295
11324,88.348162,22.603295
11325,88.348273,22.603529
11326,88.348533,22.603081
11327,88.348659,22.603418
11328,88.349441,22.604204
11329,88.349738,22.604479
11330,88.349922,22.604465
11331,88.351085,22.604685
11332,88.350372,22.605136
11333,88.349382,22.605753
11334,88.348877,22.605707
11335,88.350394,22.603280
11336,88.349575,22.603684
11337,88.349355,22.604038
11338,88.350711,22.603972
11339,88.344052,22.605783
11340,88.345432,22.605702
11341,88.347037,22.605749
11342,88.348282,22.605911
11343,88.349330,22.605755
11344,88.349188,22.605239
11345,88.347892,22.604947
11346,88.348176,22.604873
11347,88.348517,22.604720
11348,88.348750,22.604685
11349,88.348892,22.604669
11350,88.349978,22.604440
11351,88.349778,22.604066
11352,88.345410,22.605702
11353,88.345036,22.604325
11354,88.344624,22.604418
11355,88.344663,22.604598
11356,88.344862,22.605753
11357,88.346302,22.605713
11358,88.345917,22.604898
11359,88.346176,22.604764
11360,88.346694,22.605687
11361,88.347147,22.606990
11362,88.347193,22.606016
11363,88.347339,22.605933
11364,88.346733,22.604484
11365,88.347380,22.604793
11366,88.347269,22.604509
11367,88.347250,22.604463
11368,88.347401,22.604853
11369,88.347805,22.604796
11370,88.345878,22.605708
11371,88.346325,22.607422
11372,88.344681,22.608109
11373,88.344188,22.608279
11374,88.346998,22.606614
11375,88.346317,22.607003
11376,88.346816,22.606112
11377,88.346108,22.606405
11378,88.345774,22.607635
11379,88.345444,22.606821
11380,88.344476,22.606767
11381,88.343849,22.607373
11382,88.344215,22.607090
11383,88.344217,22.605855
11384,88.344582,22.606670
11385,88.350696,22.605891
11386,88.350478,22.605999
11387,88.350872,22.606187
11388,88.352547,22.606824
11389,88.351753,22.607421
11390,88.350231,22.608221
11391,88.349658,22.608543
11392,88.349565,22.608612
11393,88.348379,22.605881
11394,88.349497,22.606389
11395,88.348663,22.606705
11396,88.348818,22.605730
11397,88.349121,22.606562
11398,88.349725,22.606901
11399,88.348903,22.607267
11400,88.348800,22.607034
11401,88.348243,22.607215
11402,88.347834,22.606001
11403,88.347891,22.606231
11404,88.348124,22.606914
11405,88.349621,22.608685
11406,88.349830,22.609020
11407,88.350096,22.609547
11408,88.349422,22.608362
11409,88.348713,22.609104
11410,88.348792,22.609474
11411,88.348746,22.609407
11412,88.348192,22.609532
11413,88.348775,22.610936
11414,88.348343,22.609932
11415,88.348862,22.609742
11416,88.350184,22.609792
11417,88.347464,22.613758
11418,88.347890,22.610652
11419,88.347487,22.609829
11420,88.347132,22.609694
11421,88.347089,22.610833
11422,88.346697,22.609828
11423,88.345090,22.610663
11424,88.346201,22.608921
11425,88.346087,22.608593
11426,88.346048,22.608265
11427,88.346300,22.607431
11428,88.344462,22.609012
11429,88.345604,22.608338
11430,88.345401,22.607832
11431,88.346912,22.608651
11432,88.347088,22.609433
11433,88.340693,22.608346
11434,88.341368,22.609368
11435,88.341472,22.609921
11436,88.340903,22.608719
11437,88.341421,22.608562
11438,88.341779,22.608463
11439,88.341930,22.608979
11440,88.341982,22.609146
11441,88.342012,22.609236
11442,88.340581,22.610204
11443,88.340474,22.609887
11444,88.340356,22.609881
11445,88.349486,22.601814
11446,88.350346,22.601396
11447,88.349937,22.602554
11448,88.350594,22.602213
11449,88.350672,22.602165
11450,88.351992,22.602564
11451,88.350564,22.603620
11452,88.352165,22.602992
11453,88.351565,22.603614
11454,88.350914,22.604455
11455,88.352233,22.603841
11456,88.352418,22.603746
11457,88.351524,22.605342
11458,88.352276,22.604995
11459,88.352110,22.606192
11460,88.352877,22.605728
11461,88.352371,22.606569
11462,88.352548,22.606513
11463,88.353413,22.606001
11464,88.353879,22.606260
11465,88.354541,22.605862
11466,88.353950,22.606222
11467,88.354105,22.606502
11468,88.354473,22.606330
11469,88.353579,22.606754
11470,88.353327,22.606874
11471,88.353611,22.606737
11472,88.353780,22.607101
11473,88.353536,22.607197
11474,88.354302,22.606874
11475,88.354308,22.606729
11476,88.354186,22.606466
11477,88.354072,22.606981
11478,88.353887,22.606604
11479,88.354699,22.606575
11480,88.353619,22.607378
11481,88.353942,22.607458
11482,88.354028,22.607639
11483,88.353871,22.607309
11484,88.354460,22.607077
11485,88.353252,22.608001
11486,88.355029,22.607253
11487,88.355263,22.608435
11488,88.354997,22.607689
11489,88.353996,22.609463
11490,88.356282,22.608845
11491,88.356847,22.610605
11492,88.350197,22.609835
11493,88.351577,22.608656
11494,88.351963,22.608457
11495,88.352220,22.607781
11496,88.352327,22.607979
11497,88.353050,22.607664
11498,88.351374,22.608754
11499,88.351028,22.608267
11500,88.350790,22.607915
11501,88.351258,22.608149
11502,88.350472,22.608568
11503,88.350564,22.608702
11504,88.350737,22.608966
11505,88.350230,22.608863
11506,88.350058,22.608946
11507,88.353089,22.609291
11508,88.353781,22.610390
11509,88.353824,22.608941
11510,88.353346,22.609167
11511,88.353497,22.609099
11512,88.352971,22.608236
11513,88.351563,22.609286
11514,88.353068,22.610061
11515,88.322400,22.571080
11516,88.322806,22.571029
11517,88.322277,22.570992
11518,88.322578,22.570810
11519,88.346579,22.601611
11520,88.321082,22.595710
11521,88.320955,22.594984
11522,88.320916,22.594846
11523,88.321094,22.594523
11524,88.321236,22.594417
11525,88.321607,22.594071
11526,88.322256,22.593958
11527,88.322361,22.593932
11528,88.322269,22.593275
11529,88.322011,22.593995
11530,88.322061,22.594378
11531,88.322523,22.594488
11532,88.322092,22.594599
11533,88.322801,22.594755
11534,88.322764,22.595078
11535,88.322354,22.595117
11536,88.322169,22.594901
11537,88.321265,22.593069
11538,88.321162,22.593259
11539,88.320748,22.593325
11540,88.323235,22.593171
11541,88.323432,22.594073
11542,88.381101,22.522612
11543,88.381445,22.522505
11544,88.395682,22.588380
11545,88.367432,22.542246
11546,88.371654,22.539444
11547,88.368862,22.540502
11548,88.367368,22.542227
11549,88.368212,22.540761
11550,88.367095,22.542612
11551,88.401133,22.548981
11552,88.402592,22.550276
11553,88.362336,22.541515
11554,88.369354,22.540399
11555,88.367636,22.542089
11556,88.398693,22.543306
11557,88.375134,22.539225
11558,88.322199,22.512423
11559,88.306453,22.515857
11560,88.321233,22.510139
11561,88.321967,22.512383
11562,88.321987,22.512460
11563,88.322260,22.513238
11564,88.322874,22.515193
11565,88.322937,22.515178
11566,88.322958,22.514963
11567,88.322461,22.513206
11568,88.322245,22.512577
11569,88.321531,22.510499
11570,88.321324,22.510070
11571,88.324775,22.506745
11572,88.325668,22.510856
11573,88.321222,22.510106
11574,88.322149,22.512268
11575,88.322702,22.512059
11576,88.323234,22.510901
11577,88.322436,22.508174
11578,88.323061,22.510121
11579,88.323240,22.511049
11580,88.322952,22.511588
11581,88.323030,22.511619
11582,88.322158,22.596583
11583,88.360194,22.587482
11584,88.360341,22.587945
11585,88.362193,22.587209
11586,88.357049,22.591096
11587,88.357011,22.591034
11588,88.390817,22.507451
11589,88.394115,22.563277
11590,88.393114,22.560633
11591,88.395488,22.560790
11592,88.393301,22.561093
11593,88.377004,22.546660
11594,88.376881,22.546509
11595,88.378178,22.545582
11596,88.377755,22.545692
11597,88.378625,22.547822
11598,88.354104,22.550710
11599,88.325953,22.583127
11600,88.328665,22.585659
11601,88.395070,22.542956
11602,88.395070,22.542880
11603,88.395798,22.531610
11604,88.356960,22.591144
11605,88.359325,22.590190
11606,88.359956,22.538972
11607,88.387615,22.550054
11608,88.363628,22.594862
11609,88.363530,22.594571
11610,88.351296,22.543934
11611,88.364810,22.542732
11612,88.364782,22.542573
11613,88.348756,22.574853
11614,88.348631,22.574321
11615,88.348707,22.575280
11616,88.340789,22.547064
11617,88.340613,22.542417
11618,88.339260,22.540547
11619,88.340638,22.547059
11620,88.348232,22.547659
11621,88.348300,22.547994
11622,88.358170,22.541106
11623,88.349749,22.584067
11624,88.344475,22.555100
11625,88.340449,22.550631
11626,88.332582,22.581593
11627,88.340481,22.586816
11628,88.333398,22.581826
11629,88.334213,22.581731
11630,88.337373,22.583011
11631,88.336397,22.581908
11632,88.395853,22.525555
11633,88.344146,22.541427
11634,88.349209,22.581215
11635,88.350633,22.580780
11636,88.377696,22.545399
11637,88.377639,22.545116
11638,88.376192,22.545398
11639,88.376946,22.547774
11640,88.376020,22.545972
11641,88.376308,22.545921
11642,88.396444,22.591385
11643,88.360285,22.516550
11644,88.358584,22.515577
11645,88.397868,22.540157
11646,88.397880,22.540478
11647,88.397436,22.537865
11648,88.397555,22.538090
11649,88.372955,22.600022
11650,88.329634,22.543612
11651,88.329744,22.543814
11652,88.331583,22.545533
11653,88.330172,22.544115
11654,88.323387,22.562318
11655,88.324618,22.561587
11656,88.385502,22.528200
11657,88.385251,22.527329
11658,88.385434,22.527256
11659,88.385689,22.527244
11660,88.385415,22.527186
11661,88.385074,22.526604
11662,88.385002,22.526267
11663,88.386233,22.525239
11664,88.384586,22.525945
11665,88.385933,22.526462
11666,88.386051,22.526749
11667,88.386599,22.526767
11668,88.386653,22.526760
11669,88.386856,22.527959
11670,88.386786,22.527411
11671,88.387929,22.527352
11672,88.385435,22.526158
11673,88.384830,22.525212
11674,88.347470,22.563511
11675,88.347298,22.562967
11676,88.347485,22.563640
11677,88.347691,22.564189
11678,88.347603,22.563929
11679,88.348398,22.560282
11680,88.348567,22.560274
11681,88.348766,22.559377
11682,88.348480,22.560312
11683,88.348583,22.560161
11684,88.348511,22.560104
11685,88.344618,22.555537
11686,88.350638,22.559598
11687,88.348805,22.549626
11688,88.349269,22.551704
11689,88.349187,22.551728
11690,88.349237,22.551931
11691,88.349945,22.556368
11692,88.347322,22.541553
11693,88.347941,22.546025
11694,88.347969,22.545882
11695,88.347343,22.541735
11696,88.347120,22.540175
11697,88.346558,22.537761
11698,88.346451,22.536593
11699,88.346300,22.535888
11700,88.346196,22.535388
11701,88.346704,22.538139
11702,88.346759,22.538501
11703,88.346938,22.539307
11704,88.345842,22.531464
11705,88.346015,22.533245
11706,88.346134,22.534807
11707,88.346084,22.534142
11708,88.345474,22.529109
11709,88.346577,22.523657
11710,88.346572,22.523800
11711,88.346687,22.523726
11712,88.346289,22.526450
11713,88.346102,22.527095
11714,88.346432,22.523982
11715,88.345796,22.515186
11716,88.345710,22.517059
11717,88.345690,22.516933
11718,88.365104,22.538261
11719,88.364763,22.532646
11720,88.364968,22.535488
11721,88.364692,22.534004
11722,88.364981,22.531985
11723,88.365223,22.531201
11724,88.365776,22.529192
11725,88.365892,22.528906
11726,88.365556,22.529903
11727,88.366125,22.542939
11728,88.365869,22.541910
11729,88.365701,22.541134
11730,88.365451,22.540026
11731,88.376844,22.545653
11732,88.385003,22.545029
11733,88.384969,22.544172
11734,88.385515,22.544126
11735,88.386498,22.544169
11736,88.385529,22.543847
11737,88.385589,22.543450
11738,88.385626,22.543849
11739,88.334556,22.560760
11740,88.364472,22.536292
11741,88.364982,22.535606
11742,88.365971,22.538074
11743,88.356190,22.551776
11744,88.355783,22.551869
11745,88.355508,22.551246
11746,88.354198,22.551015
11747,88.351580,22.565443
11748,88.351195,22.563478
11749,88.350973,22.562238
11750,88.350798,22.560724
11751,88.351697,22.565399
11752,88.354884,22.541319
11753,88.355189,22.559050
11754,88.355005,22.559051
11755,88.340063,22.590738
11756,88.364062,22.515357
11757,88.327331,22.515336
11758,88.326915,22.514789
11759,88.326451,22.514212
11760,88.326952,22.515580
11761,88.326557,22.515033
11762,88.326088,22.514460
11763,88.326570,22.515827
11764,88.326171,22.515273
11765,88.325744,22.514694
11766,88.326190,22.516072
11767,88.325799,22.515480
11768,88.325372,22.514947
11769,88.354599,22.513047
11770,88.322785,22.512451
11771,88.322931,22.513151
11772,88.322661,22.511969
11773,88.384865,22.512978
11774,88.345748,22.516036
11775,88.345583,22.510182
11776,88.344397,22.510238
11777,88.345649,22.510692
11778,88.344383,22.510802
11779,88.344383,22.511624
11780,88.401582,22.513516
11781,88.341788,22.586747
11782,88.342056,22.586675
11783,88.328893,22.512290
11784,88.329020,22.512480
11785,88.329463,22.513066
11786,88.329884,22.513644
11787,88.340804,22.587601
11788,88.341754,22.586685
11789,88.340501,22.587485
11790,88.339621,22.587737
11791,88.339709,22.587285
11792,88.339801,22.588137
11793,88.344156,22.554176
11794,88.344010,22.554225
11795,88.361987,22.519083
11796,88.398633,22.531097
11797,88.395668,22.530636
11798,88.397203,22.530882
11799,88.395769,22.531497
11800,88.346013,22.513423
11801,88.396932,22.608646
11802,88.396952,22.608546
11803,88.397091,22.607931
11804,88.342370,22.515277
11805,88.343205,22.515477
11806,88.343275,22.516827
11807,88.397463,22.522868
11808,88.357593,22.513365
11809,88.357579,22.513565
11810,88.341385,22.602134
11811,88.345193,22.514630
11812,88.345239,22.515250
11813,88.345840,22.514602
11814,88.344614,22.514673
11815,88.333598,22.581715
11816,88.333496,22.581380
11817,88.362183,22.513863
11818,88.334657,22.510058
11819,88.337659,22.540133
11820,88.360184,22.517404
11821,88.382963,22.528184
11822,88.326988,22.592515
11823,88.327479,22.596195
11824,88.327403,22.596863
11825,88.327297,22.597670
11826,88.398253,22.532783
11827,88.397053,22.546613
11828,88.348417,22.514259
11829,88.363949,22.541464
11830,88.330067,22.595899
11831,88.381555,22.550684
11832,88.382225,22.551258
11833,88.382426,22.551637
11834,88.381645,22.551800
11835,88.331840,22.512314
11836,88.336094,22.581739
11837,88.333974,22.581723
11838,88.370146,22.554972
11839,88.369957,22.554496
11840,88.370293,22.554544
11841,88.370224,22.554978
11842,88.333392,22.576176
11843,88.333885,22.576753
11844,88.333576,22.576389
11845,88.333079,22.575869
11846,88.332955,22.575656
11847,88.332688,22.575260
11848,88.332474,22.574971
11849,88.321923,22.512269
11850,88.321941,22.512318
11851,88.395200,22.526579
11852,88.395324,22.526310
11853,88.388171,22.512168
11854,88.387662,22.511159
11855,88.387724,22.511340
11856,88.387702,22.511265
11857,88.323373,22.584876
11858,88.399580,22.510668
11859,88.398684,22.510770
11860,88.398748,22.511241
11861,88.343780,22.512628
11862,88.343126,22.512659
11863,88.342084,22.512592
11864,88.342084,22.512782
11865,88.344403,22.511863
11866,88.379932,22.601334
11867,88.386269,22.528065
11868,88.331442,22.583223
11869,88.381262,22.530866
11870,88.381532,22.528907
11871,88.381925,22.530959
11872,88.329381,22.509343
11873,88.332762,22.513833
11874,88.324742,22.566483
11875,88.324052,22.567238
11876,88.324470,22.567169
11877,88.323702,22.566291
11878,88.359091,22.541090
11879,88.323723,22.513065
11880,88.323824,22.514461
11881,88.389686,22.509748
11882,88.389507,22.510942
11883,88.389335,22.509766
11884,88.360548,22.556569
11885,88.358894,22.513515
11886,88.358865,22.513719
11887,88.323501,22.597322
11888,88.356357,22.595025
11889,88.356141,22.594436
11890,88.399861,22.537055
11891,88.360906,22.552122
11892,88.361504,22.552082
11893,88.331687,22.552442
11894,88.391431,22.580206
11895,88.345911,22.593162
11896,88.389037,22.580321
11897,88.329336,22.516047
11898,88.318917,22.504097
11899,88.366572,22.516842
11900,88.366109,22.516971
11901,88.396058,22.532176
11902,88.344713,22.588222
11903,88.324113,22.567573
11904,88.347293,22.542175
11905,88.346521,22.569110
11906,88.323313,22.519618
11907,88.371349,22.553259
11908,88.380630,22.595946
11909,88.380014,22.595904
11910,88.367495,22.540796
11911,88.382746,22.531113
11912,88.384951,22.530357
11913,88.384668,22.531339
11914,88.382947,22.528126
11915,88.384317,22.531408
11916,88.385549,22.524828
11917,88.385324,22.525032
11918,88.326082,22.508457
11919,88.342162,22.516250
11920,88.379495,22.526416
11921,88.379939,22.526487
11922,88.380291,22.526637
11923,88.381232,22.526912
11924,88.381224,22.528230
11925,88.380786,22.528241
11926,88.379846,22.527932
11927,88.383068,22.528845
11928,88.383609,22.528804
11929,88.384614,22.528972
11930,88.385223,22.528859
11931,88.397240,22.526666
11932,88.396993,22.525748
11933,88.396085,22.530656
11934,88.398564,22.530792
11935,88.397164,22.530752
11936,88.401024,22.530940
11937,88.400926,22.530520
11938,88.399098,22.528790
11939,88.398981,22.534156
11940,88.399838,22.532692
11941,88.399109,22.532836
11942,88.399366,22.531304
11943,88.398710,22.531404
11944,88.390477,22.579370
11945,88.367583,22.540776
11946,88.367520,22.540273
11947,88.366045,22.538632
11948,88.361699,22.541829
11949,88.360953,22.541738
11950,88.358695,22.542008
11951,88.359170,22.542521
11952,88.360917,22.545374
11953,88.354173,22.547088
11954,88.353210,22.547283
11955,88.391571,22.583738
11956,88.391717,22.582704
11957,88.400096,22.586623
11958,88.399609,22.587315
11959,88.369566,22.571406
11960,88.396275,22.569506
11961,88.395350,22.569703
11962,88.396150,22.568990
11963,88.395273,22.569372
11964,88.371277,22.542971
11965,88.389519,22.573375
11966,88.389649,22.573359
11967,88.397467,22.566808
11968,88.398770,22.571017
11969,88.395527,22.567794
11970,88.368681,22.574556
11971,88.368695,22.574084
11972,88.397778,22.569319
11973,88.397509,22.568678
11974,88.397984,22.568369
11975,88.368705,22.571758
11976,88.398869,22.592830
11977,88.398776,22.592776
11978,88.390810,22.571386
11979,88.390736,22.570801
11980,88.390891,22.572018
11981,88.369584,22.548155
11982,88.370121,22.548909
11983,88.372218,22.542873
11984,88.391716,22.584238
11985,88.362761,22.558735
11986,88.399931,22.562806
11987,88.399699,22.562169
11988,88.400167,22.562734
11989,88.400132,22.563548
11990,88.400128,22.563803
11991,88.400257,22.564462
11992,88.361774,22.557592
11993,88.361407,22.557729
11994,88.392962,22.567957
11995,88.393467,22.568153
11996,88.392965,22.568197
11997,88.392959,22.568637
11998,88.392724,22.568703
11999,88.392179,22.568746
12000,88.390552,22.569347
12001,88.392467,22.567283
12002,88.392472,22.567130
12003,88.391040,22.567496
12004,88.379037,22.563474
12005,88.349055,22.547494
12006,88.392493,22.566595
12007,88.392696,22.566359
12008,88.392728,22.565075
12009,88.394584,22.566513
12010,88.393990,22.566776
12011,88.393456,22.566222
12012,88.393415,22.565090
12013,88.386785,22.568859
12014,88.382305,22.562434
12015,88.376633,22.542885
12016,88.391521,22.584283
12017,88.385036,22.565810
12018,88.378749,22.539268
12019,88.378869,22.539633
12020,88.393642,22.559061
12021,88.389537,22.568569
12022,88.395832,22.546858
12023,88.394249,22.546583
12024,88.393452,22.546810
12025,88.357339,22.576518
12026,88.391277,22.557788
12027,88.391777,22.559253
12028,88.391282,22.559412
12029,88.389430,22.558203
12030,88.389506,22.558311
12031,88.390565,22.558007
12032,88.385517,22.540804
12033,88.385541,22.540680
12034,88.385686,22.540410
12035,88.386332,22.541051
12036,88.387028,22.540687
12037,88.386634,22.540610
12038,88.386528,22.541108
12039,88.386906,22.541235
12040,88.405765,22.599204
12041,88.405679,22.599291
12042,88.384211,22.541985
12043,88.383775,22.542161
12044,88.383935,22.541260
12045,88.391036,22.556318
12046,88.389610,22.556987
12047,88.364938,22.535359
12048,88.389396,22.540454
12049,88.389423,22.541521
12050,88.389034,22.540440
12051,88.389802,22.540456
12052,88.389852,22.541623
12053,88.390269,22.590485
12054,88.390036,22.590523
12055,88.362807,22.538491
12056,88.382679,22.547461
12057,88.380803,22.552642
12058,88.382153,22.552692
12059,88.382930,22.552550
12060,88.386860,22.546750
12061,88.386382,22.546985
12062,88.386840,22.546981
12063,88.386308,22.546656
12064,88.386022,22.546460
12065,88.380989,22.551851
12066,88.390024,22.592745
12067,88.377020,22.591558
12068,88.385287,22.550486
12069,88.383080,22.551170
12070,88.355229,22.534005
12071,88.355460,22.535009
12072,88.350541,22.580633
12073,88.399875,22.605539
12074,88.399708,22.605014
12075,88.365109,22.531199
12076,88.346429,22.536491
12077,88.346364,22.536615
12078,88.351530,22.530230
12079,88.346099,22.535395
12080,88.383542,22.594415
12081,88.393140,22.607883
12082,88.398292,22.608935
12083,88.398322,22.608857
12084,88.398359,22.608780
12085,88.398481,22.608201
12086,88.398245,22.607474
12087,88.364705,22.528768
12088,88.345474,22.568165
12089,88.345214,22.567437
12090,88.359097,22.529680
12091,88.358979,22.528231
12092,88.366222,22.528033
12093,88.381864,22.545652
12094,88.382304,22.546793
12095,88.382585,22.546753
12096,88.384084,22.546136
12097,88.382356,22.547006
12098,88.365656,22.540920
12099,88.365543,22.540937
12100,88.399408,22.577498
12101,88.399904,22.577450
12102,88.400072,22.577016
12103,88.399861,22.577008
12104,88.364819,22.542899
12105,88.353939,22.546271
12106,88.352981,22.546464
12107,88.370496,22.580688
12108,88.371230,22.580468
12109,88.351131,22.547197
12110,88.395277,22.567846
12111,88.394658,22.567695
12112,88.393782,22.566996
12113,88.351289,22.548938
12114,88.351420,22.548441
12115,88.351335,22.548056
12116,88.351392,22.548280
12117,88.351541,22.548869
12118,88.397048,22.569767
12119,88.397643,22.569572
12120,88.397577,22.569388
12121,88.398836,22.590933
12122,88.398783,22.591014
12123,88.396638,22.589560
12124,88.362097,22.561953
12125,88.362021,22.561681
12126,88.396616,22.565883
12127,88.397889,22.565743
12128,88.396845,22.563788
12129,88.396375,22.563885
12130,88.376720,22.571823
12131,88.360380,22.551126
12132,88.360309,22.550916
12133,88.393284,22.567232
12134,88.370421,22.553942
12135,88.358464,22.572568
12136,88.358392,22.572398
12137,88.393491,22.568111
12138,88.393534,22.568564
12139,88.393743,22.569674
12140,88.393067,22.566641
12141,88.392632,22.565697
12142,88.391703,22.565978
12143,88.390410,22.564031
12144,88.391859,22.566698
12145,88.358541,22.581636
12146,88.372871,22.548816
12147,88.398472,22.541514
12148,88.353779,22.538422
12149,88.398277,22.600559
12150,88.366634,22.538585
12151,88.390928,22.558692
12152,88.366008,22.535088
12153,88.393889,22.601309
12154,88.394636,22.601963
12155,88.383836,22.554528
12156,88.383349,22.554178
12157,88.382634,22.553236
12158,88.383916,22.553983
12159,88.383003,22.554252
12160,88.382928,22.554188
12161,88.382674,22.554119
12162,88.382204,22.554002
12163,88.383364,22.553179
12164,88.383461,22.553311
12165,88.390458,22.592541
12166,88.386447,22.550226
12167,88.386367,22.550237
12168,88.385253,22.550650
12169,88.389392,22.549463
12170,88.368004,22.535224
12171,88.353971,22.529519
12172,88.358469,22.527501
12173,88.358413,22.526904
12174,88.358594,22.527488
12175,88.358880,22.527428
12176,88.359086,22.528196
12177,88.367169,22.529223
12178,88.356268,22.586638
12179,88.359094,22.525433
12180,88.359081,22.526132
12181,88.352099,22.520812
12182,88.339376,22.540581
12183,88.351317,22.521469
12184,88.351170,22.521494
12185,88.364033,22.573345
12186,88.364295,22.573233
12187,88.359583,22.547394
12188,88.336877,22.579919
12189,88.335874,22.580313
12190,88.336481,22.580234
12191,88.333762,22.581318
12192,88.351912,22.576007
12193,88.352346,22.577370
12194,88.352108,22.579697
12195,88.350992,22.580546
12196,88.350953,22.580468
12197,88.332029,22.581682
12198,88.332286,22.583030
12199,88.332364,22.583010
12200,88.333033,22.584452
12201,88.331065,22.581724
12202,88.331171,22.582472
12203,88.331336,22.583233
12204,88.356149,22.579224
12205,88.356032,22.578778
12206,88.355644,22.579916
12207,88.356523,22.579865
12208,88.357444,22.579524
12209,88.359180,22.577884
12210,88.359468,22.579004
12211,88.359344,22.578554
12212,88.349778,22.579278
12213,88.348396,22.579626
12214,88.348407,22.548156
12215,88.349979,22.544276
12216,88.348930,22.544323
12217,88.363097,22.583758
12218,88.363170,22.582007
12219,88.352311,22.548124
12220,88.352472,22.548622
12221,88.351225,22.547451
12222,88.351029,22.548089
12223,88.384711,22.542500
12224,88.385112,22.543453
12225,88.347899,22.597735
12226,88.349299,22.599117
12227,88.348558,22.599716
12228,88.333512,22.579112
12229,88.332492,22.579738
12230,88.332404,22.579568
12231,88.331575,22.578617
12232,88.329998,22.578566
12233,88.330548,22.579182
12234,88.329303,22.578358
12235,88.350838,22.552222
12236,88.357916,22.550756
12237,88.358220,22.551342
12238,88.355413,22.544340
12239,88.355509,22.544799
12240,88.369363,22.567587
12241,88.369475,22.567914
12242,88.352621,22.548131
12243,88.333466,22.573544
12244,88.337393,22.586671
12245,88.337806,22.586538
12246,88.337744,22.586374
12247,88.337964,22.586958
12248,88.337854,22.586658
12249,88.342039,22.580034
12250,88.352748,22.548549
12251,88.393601,22.515770
12252,88.393410,22.514339
12253,88.351992,22.562707
12254,88.351913,22.562548
12255,88.351719,22.562126
12256,88.351492,22.562157
12257,88.322180,22.538991
12258,88.388299,22.516666
12259,88.389071,22.516542
12260,88.394265,22.516136
12261,88.394207,22.515712
12262,88.328568,22.510797
12263,88.325597,22.510360
12264,88.329185,22.510042
12265,88.328147,22.511298
12266,88.326580,22.511611
12267,88.328069,22.510960
12268,88.329322,22.510523
12269,88.329402,22.511199
12270,88.333126,22.605967
12271,88.334131,22.605850
12272,88.333959,22.606862
12273,88.329752,22.609870
12274,88.330065,22.609136
12275,88.330663,22.608989
12276,88.331626,22.608610
12277,88.332948,22.608108
12278,88.328742,22.608009
12279,88.330185,22.607662
12280,88.330244,22.607519
12281,88.332052,22.606508
12282,88.331839,22.604445
12283,88.332240,22.603363
12284,88.332186,22.604438
12285,88.333206,22.606241
12286,88.333793,22.607845
12287,88.336220,22.615066
12288,88.332605,22.604691
12289,88.333299,22.603412
12290,88.333474,22.604154
12291,88.333045,22.604906
12292,88.332932,22.605450
12293,88.328318,22.515708
12294,88.328371,22.515778
12295,88.333875,22.608072
12296,88.333289,22.607596
12297,88.333480,22.606952
12298,88.334540,22.609963
12299,88.334042,22.609428
12300,88.334265,22.609155
12301,88.331282,22.611280
12302,88.332596,22.609738
12303,88.333515,22.609664
12304,88.386809,22.525185
12305,88.388548,22.524952
12306,88.322780,22.516950
12307,88.319527,22.517606
12308,88.331870,22.603329
12309,88.331484,22.602282
12310,88.331330,22.601274
12311,88.329338,22.599087
12312,88.326812,22.599446
12313,88.332487,22.601873
12314,88.326646,22.599408
12315,88.326386,22.599371
12316,88.323159,22.599474
12317,88.322877,22.599423
12318,88.328844,22.510093
12319,88.323140,22.516798
12320,88.323202,22.517117
12321,88.320218,22.518518
12322,88.318462,22.516371
12323,88.388118,22.563181
12324,88.387876,22.563023
12325,88.385965,22.563184
12326,88.386240,22.564844
12327,88.388557,22.564379
12328,88.332982,22.603915
12329,88.376454,22.531220
12330,88.376994,22.531439
12331,88.379160,22.531152
12332,88.326630,22.600419
12333,88.326420,22.600538
12334,88.339938,22.565313
12335,88.338798,22.563612
12336,88.338710,22.563491
12337,88.338378,22.563656
12338,88.387899,22.604849
12339,88.387510,22.604382
12340,88.388942,22.603585
12341,88.387902,22.604154
12342,88.386404,22.604659
12343,88.385845,22.605830
12344,88.385592,22.605092
12345,88.386144,22.603998
12346,88.386452,22.604802
12347,88.386384,22.606003
12348,88.390334,22.530399
12349,88.390066,22.528537
12350,88.391385,22.528760
12351,88.391726,22.529625
12352,88.385784,22.561529
12353,88.385841,22.562944
12354,88.388628,22.524660
12355,88.389581,22.524396
12356,88.389293,22.523500
12357,88.389390,22.523315
12358,88.388197,22.522757
12359,88.388427,22.523665
12360,88.381491,22.532377
12361,88.382444,22.532307
12362,88.382982,22.532251
12363,88.383883,22.532193
12364,88.383749,22.531158
12365,88.386875,22.525158
12366,88.385074,22.562928
12367,88.385822,22.562856
12368,88.385609,22.603460
12369,88.384760,22.604040
12370,88.384436,22.603837
12371,88.384040,22.603990
12372,88.383374,22.603096
12373,88.384994,22.601853
12374,88.385847,22.603339
12375,88.383302,22.532243
12376,88.383404,22.532858
12377,88.383471,22.533254
12378,88.383662,22.534296
12379,88.381405,22.533403
12380,88.382613,22.533271
12381,88.393147,22.605277
12382,88.391929,22.605453
12383,88.391945,22.605908
12384,88.392632,22.604032
12385,88.392832,22.604424
12386,88.392280,22.604640
12387,88.391460,22.604628
12388,88.391492,22.603854
12389,88.392033,22.604291
12390,88.392353,22.605034
12391,88.391432,22.604999
12392,88.392351,22.605411
12393,88.392378,22.604951
12394,88.392968,22.604850
12395,88.392410,22.605726
12396,88.391286,22.605972
12397,88.386925,22.561385
12398,88.387267,22.563084
12399,88.391428,22.561859
12400,88.390095,22.564069
12401,88.389192,22.564249
12402,88.388665,22.562959
12403,88.389910,22.562133
12404,88.389867,22.562399
12405,88.379513,22.608850
12406,88.379619,22.609248
12407,88.382486,22.609521
12408,88.381674,22.609921
12409,88.382198,22.608949
12410,88.382998,22.610530
12411,88.388189,22.555046
12412,88.388217,22.554683
12413,88.401440,22.530841
12414,88.383200,22.603358
12415,88.383883,22.603208
12416,88.383014,22.603711
12417,88.383644,22.602830
12418,88.333263,22.603468
12419,88.334308,22.605394
12420,88.333802,22.603625
12421,88.329080,22.610689
12422,88.320846,22.608942
12423,88.320651,22.607399
12424,88.319744,22.605026
12425,88.321248,22.604426
12426,88.321581,22.605721
12427,88.325005,22.608226
12428,88.320399,22.609067
12429,88.320058,22.609290
12430,88.400883,22.559271
12431,88.395925,22.524596
12432,88.394947,22.524861
12433,88.395881,22.524205
12434,88.384606,22.524298
12435,88.384579,22.524207
12436,88.384536,22.523014
12437,88.384551,22.523316
12438,88.384208,22.523344
12439,88.383837,22.523405
12440,88.384314,22.523671
12441,88.385656,22.524284
12442,88.385532,22.523876
12443,88.383904,22.523593
12444,88.384278,22.523495
12445,88.384139,22.523037
12446,88.384077,22.522710
12447,88.389273,22.604593
12448,88.387704,22.604277
12449,88.386163,22.607442
12450,88.373301,22.558333
12451,88.372726,22.558804
12452,88.380599,22.607480
12453,88.383866,22.605238
12454,88.380525,22.607095
12455,88.381756,22.604684
12456,88.382600,22.604951
12457,88.322149,22.607181
12458,88.392381,22.515292
12459,88.384755,22.604699
12460,88.384734,22.604575
12461,88.394672,22.512630
12462,88.394970,22.512587
12463,88.395188,22.512559
12464,88.396869,22.514464
12465,88.393019,22.516116
12466,88.393247,22.516109
12467,88.399723,22.577020
12468,88.399704,22.576721
12469,88.387062,22.603583
12470,88.387584,22.603405
12471,88.387085,22.602708
12472,88.386679,22.601357
12473,88.386535,22.601022
12474,88.350642,22.567326
12475,88.380350,22.602095
12476,88.379767,22.601795
12477,88.344498,22.565641
12478,88.391054,22.590137
12479,88.392312,22.589874
12480,88.392085,22.591609
12481,88.391937,22.591281
12482,88.389559,22.511130
12483,88.388498,22.511133
12484,88.389638,22.513126
12485,88.390355,22.511588
12486,88.391216,22.511483
12487,88.391219,22.512326
12488,88.390929,22.512245
12489,88.390363,22.511697
12490,88.389309,22.511967
12491,88.387696,22.512612
12492,88.387038,22.513055
12493,88.343198,22.582486
12494,88.343313,22.582552
12495,88.350863,22.517198
12496,88.350891,22.517063
12497,88.349019,22.516808
12498,88.343610,22.583164
12499,88.394565,22.516865
12500,88.393917,22.516956
12501,88.393256,22.512619
12502,88.393576,22.511685
12503,88.392699,22.511764
12504,88.392696,22.511662
12505,88.392675,22.512158
12506,88.392652,22.511982
12507,88.393272,22.512822
12508,88.393855,22.517581
12509,88.393830,22.517368
12510,88.394631,22.517924
12511,88.394561,22.517269
12512,88.394607,22.517744
12513,88.393229,22.517666
12514,88.394395,22.517765
12515,88.393262,22.517903
12516,88.338787,22.586523
12517,88.338390,22.586087
12518,88.364261,22.538405
12519,88.363926,22.538282
12520,88.364233,22.538264
12521,88.363642,22.538313
12522,88.364306,22.538579
12523,88.363495,22.539297
12524,88.363213,22.539071
12525,88.363334,22.538270
12526,88.362785,22.538372
12527,88.363658,22.538404
12528,88.363344,22.538434
12529,88.363692,22.538638
12530,88.363295,22.537962
12531,88.364818,22.538093
12532,88.364208,22.538146
12533,88.363305,22.537685
12534,88.363511,22.537654
12535,88.363812,22.537613
12536,88.363725,22.537175
12537,88.363847,22.537903
12538,88.363803,22.537458
12539,88.363904,22.536897
12540,88.364365,22.537048
12541,88.390540,22.514875
12542,88.367520,22.537757
12543,88.366045,22.540473
12544,88.365575,22.540584
12545,88.367721,22.540184
12546,88.367092,22.539837
12547,88.367238,22.540339
12548,88.366749,22.539629
12549,88.366240,22.539701
12550,88.366734,22.539482
12551,88.366773,22.539831
12552,88.366157,22.539369
12553,88.350751,22.572658
12554,88.343227,22.591023
12555,88.342862,22.589920
12556,88.349938,22.555036
12557,88.349959,22.555166
12558,88.350159,22.554981
12559,88.354395,22.550798
12560,88.348846,22.549778
12561,88.348750,22.549801
12562,88.349583,22.553676
12563,88.349817,22.553609
12564,88.352943,22.552532
12565,88.353942,22.551331
12566,88.394904,22.510939
12567,88.394949,22.511354
12568,88.394646,22.511392
12569,88.395092,22.511892
12570,88.394664,22.511558
12571,88.394282,22.511606
12572,88.354052,22.536014
12573,88.353814,22.535487
12574,88.353603,22.534800
12575,88.353086,22.532154
12576,88.353105,22.532230
12577,88.352926,22.529799
12578,88.352754,22.527773
12579,88.352743,22.527587
12580,88.352684,22.527113
12581,88.352663,22.526741
12582,88.352600,22.525973
12583,88.352571,22.525717
12584,88.352483,22.524507
12585,88.352325,22.523862
12586,88.352250,22.523503
12587,88.353045,22.531553
12588,88.353025,22.531132
12589,88.352950,22.530074
12590,88.398352,22.521377
12591,88.363075,22.542954
12592,88.363634,22.542805
12593,88.392426,22.562241
12594,88.393016,22.562543
12595,88.392466,22.562675
12596,88.391734,22.562747
12597,88.389682,22.608717
12598,88.390095,22.609056
12599,88.389375,22.603307
12600,88.383739,22.606481
12601,88.385127,22.607629
12602,88.384102,22.606039
12603,88.383962,22.607045
12604,88.384946,22.609274
12605,88.384406,22.607763
12606,88.383934,22.607964
12607,88.389437,22.603575
12608,88.390642,22.603983
12609,88.391359,22.603978
12610,88.381485,22.607326
12611,88.381261,22.605203
12612,88.347507,22.527581
12613,88.347555,22.527740
12614,88.324671,22.561545
12615,88.326234,22.563354
12616,88.324598,22.561457
12617,88.334524,22.573798
12618,88.333609,22.572623
12619,88.331812,22.570378
12620,88.329248,22.566967
12621,88.329147,22.567040
12622,88.328504,22.566280
12623,88.327567,22.565111
12624,88.334564,22.573849
12625,88.333738,22.572543
12626,88.332352,22.571001
12627,88.330229,22.568377
12628,88.326164,22.563410
12629,88.379711,22.527351
12630,88.378634,22.528856
12631,88.380533,22.544032
12632,88.379785,22.544112
12633,88.379489,22.543345
12634,88.378711,22.527376
12635,88.378006,22.528794
12636,88.395101,22.526819
12637,88.394859,22.526852
12638,88.394759,22.527301
12639,88.394741,22.527470
12640,88.394809,22.528360
12641,88.391205,22.609223
12642,88.391195,22.607522
12643,88.391211,22.608789
12644,88.391173,22.609345
12645,88.378076,22.527407
12646,88.361941,22.536167
12647,88.361529,22.534774
12648,88.396912,22.515290
12649,88.395272,22.531634
12650,88.395150,22.531046
12651,88.395629,22.530951
12652,88.330253,22.510730
12653,88.387319,22.531490
12654,88.396944,22.561285
12655,88.395587,22.561391
12656,88.396697,22.561887
12657,88.396876,22.562746
12658,88.316342,22.518286
12659,88.318900,22.599827
12660,88.364875,22.539634
12661,88.364512,22.539205
12662,88.364267,22.539286
12663,88.364519,22.539252
12664,88.364638,22.539679
12665,88.364513,22.539102
12666,88.376772,22.609164
12667,88.376759,22.608999
12668,88.384770,22.604771
12669,88.384658,22.605475
12670,88.384468,22.604649
12671,88.386173,22.604913
12672,88.384985,22.603477
12673,88.383994,22.603725
12674,88.384793,22.602545
12675,88.384530,22.602185
12676,88.385278,22.602322
12677,88.384379,22.602294
12678,88.384563,22.602659
12679,88.385423,22.602575
12680,88.385199,22.602692
12681,88.384013,22.602565
12682,88.384687,22.602954
12683,88.385076,22.603685
12684,88.328175,22.513035
12685,88.326496,22.513257
12686,88.333463,22.559783
12687,88.333590,22.559736
12688,88.336794,22.562387
12689,88.386812,22.533738
12690,88.386213,22.534554
12691,88.386121,22.533781
12692,88.388941,22.535395
12693,88.381163,22.532467
12694,88.379214,22.532556
12695,88.386544,22.531958
12696,88.385014,22.533526
12697,88.380236,22.533870
12698,88.380069,22.532858
12699,88.380695,22.532755
12700,88.379185,22.532870
12701,88.384297,22.533422
12702,88.384751,22.533386
12703,88.383986,22.533302
12704,88.384700,22.533226
12705,88.384566,22.532907
12706,88.384818,22.533580
12707,88.383958,22.534202
12708,88.383678,22.533237
12709,88.386024,22.532665
12710,88.383086,22.534503
12711,88.389705,22.534371
12712,88.389561,22.534002
12713,88.389720,22.534048
12714,88.389979,22.534126
12715,88.390039,22.533676
12716,88.388088,22.537015
12717,88.388911,22.538236
12718,88.385722,22.535687
12719,88.385503,22.534627
12720,88.386258,22.536086
12721,88.385965,22.536663
12722,88.386222,22.535881
12723,88.386066,22.534584
12724,88.382934,22.535685
12725,88.382730,22.536092
12726,88.378106,22.533374
12727,88.379181,22.532745
12728,88.375669,22.530713
12729,88.374804,22.530859
12730,88.343273,22.602423
12731,88.343690,22.601642
12732,88.376660,22.533200
12733,88.376214,22.532466
12734,88.376010,22.531643
12735,88.375116,22.533136
12736,88.375568,22.534472
12737,88.383615,22.525079
12738,88.383784,22.525825
12739,88.383180,22.525149
12740,88.381383,22.526949
12741,88.381193,22.527716
12742,88.387162,22.543284
12743,88.386625,22.543984
12744,88.387547,22.543369
12745,88.386789,22.543278
12746,88.386669,22.543254
12747,88.369938,22.555764
12748,88.369699,22.555993
12749,88.398459,22.511523
12750,88.398004,22.510740
12751,88.397640,22.510775
12752,88.397975,22.510470
12753,88.398072,22.511364
12754,88.397676,22.511050
12755,88.398034,22.511017
12756,88.398364,22.510713
12757,88.397594,22.510507
12758,88.380840,22.526839
12759,88.380820,22.527417
12760,88.380841,22.527736
12761,88.324492,22.606003
12762,88.326760,22.605669
12763,88.326527,22.603229
12764,88.325581,22.603308
12765,88.324129,22.601013
12766,88.323173,22.600947
12767,88.323092,22.600457
12768,88.322116,22.600488
12769,88.358934,22.545822
12770,88.398330,22.531792
12771,88.398459,22.532750
12772,88.392084,22.531854
12773,88.389694,22.531369
12774,88.327423,22.565487
12775,88.327300,22.565336
12776,88.324900,22.568507
12777,88.325599,22.567701
12778,88.326901,22.568908
12779,88.325080,22.567217
12780,88.382881,22.525226
12781,88.382965,22.525614
12782,88.382145,22.525827
12783,88.390304,22.524212
12784,88.390146,22.523609
12785,88.390975,22.524252
12786,88.390358,22.524417
12787,88.387608,22.525293
12788,88.387745,22.526512
12789,88.388008,22.527150
12790,88.387708,22.527989
12791,88.395320,22.529754
12792,88.394167,22.529985
12793,88.395434,22.530983
12794,88.377101,22.531801
12795,88.391149,22.535619
12796,88.375694,22.530070
12797,88.374766,22.530421
12798,88.395067,22.529809
12799,88.394981,22.529439
12800,88.394470,22.529546
12801,88.394368,22.529205
12802,88.394252,22.528850
12803,88.394175,22.528484
12804,88.394825,22.528726
12805,88.393833,22.528944
12806,88.394733,22.528375
12807,88.394888,22.529073
12808,88.393690,22.528582
12809,88.398577,22.530834
12810,88.396424,22.526831
12811,88.395478,22.526930
12812,88.399125,22.530596
12813,88.391600,22.520814
12814,88.392017,22.521402
12815,88.392047,22.521975
12816,88.392496,22.521349
12817,88.390508,22.526717
12818,88.393347,22.525025
12819,88.392635,22.525836
12820,88.392492,22.526071
12821,88.389647,22.609881
12822,88.395545,22.520107
12823,88.395336,22.520763
12824,88.395189,22.520317
12825,88.391511,22.537597
12826,88.391412,22.537438
12827,88.390340,22.532375
12828,88.390283,22.532021
12829,88.390709,22.531924
12830,88.389932,22.532102
12831,88.390780,22.533032
12832,88.390896,22.533738
12833,88.390588,22.534465
12834,88.389982,22.534617
12835,88.397734,22.530755
12836,88.397913,22.528770
12837,88.397996,22.529206
12838,88.397520,22.528774
12839,88.398001,22.530756
12840,88.397472,22.529251
12841,88.398268,22.530753
12842,88.393147,22.524226
12843,88.393284,22.524871
12844,88.391264,22.522617
12845,88.390662,22.522781
12846,88.390782,22.523142
12847,88.391386,22.522971
12848,88.351273,22.550289
12849,88.350340,22.550530
12850,88.322193,22.610942
12851,88.399739,22.553061
12852,88.381320,22.544342
12853,88.380736,22.544171
12854,88.380065,22.544373
12855,88.380109,22.544525
12856,88.380319,22.544245
12857,88.380214,22.543989
12858,88.341164,22.540848
12859,88.329071,22.520879
12860,88.329221,22.520515
12861,88.398243,22.522081
12862,88.398290,22.522009
12863,88.398963,22.520857
12864,88.398934,22.520803
12865,88.398875,22.520728
12866,88.343858,22.510314
12867,88.386907,22.525726
12868,88.381953,22.529949
12869,88.386804,22.527662
12870,88.378283,22.538086
12871,88.389719,22.565712
12872,88.389639,22.565221
12873,88.389073,22.565338
12874,88.387803,22.566475
12875,88.387209,22.566478
12876,88.388041,22.567219
12877,88.387882,22.566829
12878,88.387145,22.565608
12879,88.386965,22.564699
12880,88.388445,22.569149
12881,88.388134,22.568565
12882,88.386325,22.555206
12883,88.381970,22.554629
12884,88.381952,22.554496
12885,88.388338,22.550783
12886,88.395067,22.607720
12887,88.397038,22.608138
12888,88.394235,22.605676
12889,88.395292,22.605561
12890,88.393916,22.605700
12891,88.401730,22.532083
12892,88.391582,22.603905
12893,88.391496,22.603455
12894,88.398347,22.605338
12895,88.398573,22.605840
12896,88.398929,22.605741
12897,88.392292,22.600959
12898,88.388459,22.600669
12899,88.395361,22.551973
12900,88.395002,22.551026
12901,88.395663,22.551597
12902,88.392354,22.558289
12903,88.392753,22.558266
12904,88.393686,22.559239
12905,88.393295,22.559216
12906,88.392118,22.552055
12907,88.392147,22.552224
12908,88.391524,22.551834
12909,88.390866,22.551920
12910,88.391596,22.551752
12911,88.391414,22.551154
12912,88.391529,22.551536
12913,88.395601,22.531666
12914,88.395642,22.531630
12915,88.392578,22.526566
12916,88.393343,22.526923
12917,88.386766,22.572937
12918,88.321226,22.611838
12919,88.323446,22.610948
12920,88.337341,22.529835
12921,88.339441,22.510862
12922,88.358989,22.528711
12923,88.394922,22.588927
12924,88.393882,22.589164
12925,88.365389,22.528544
12926,88.365921,22.528327
12927,88.394435,22.530284
12928,88.394681,22.530230
12929,88.394577,22.529905
12930,88.380566,22.546811
12931,88.379464,22.546867
12932,88.376272,22.539289
12933,88.405038,22.535680
12934,88.396719,22.533334
12935,88.388121,22.536913
12936,88.387054,22.536638
12937,88.386925,22.541708
12938,88.387051,22.541677
12939,88.387089,22.541483
12940,88.386967,22.541816
12941,88.386965,22.541507
12942,88.387129,22.540729
12943,88.387182,22.540714
12944,88.386147,22.538839
12945,88.390778,22.538824
12946,88.341397,22.512626
12947,88.350709,22.580678
12948,88.350667,22.580601
12949,88.350314,22.583351
12950,88.349377,22.582430
12951,88.366643,22.542977
12952,88.370460,22.593408
12953,88.319678,22.602885
12954,88.321047,22.604507
12955,88.348956,22.526031
12956,88.366986,22.561424
12957,88.360531,22.578719
12958,88.364474,22.595996
12959,88.394366,22.510907
12960,88.383341,22.543287
12961,88.382775,22.543396
12962,88.382703,22.543231
12963,88.381905,22.542773
12964,88.392840,22.511524
12965,88.392399,22.511441
12966,88.392826,22.511404
12967,88.392814,22.511307
12968,88.393514,22.511229
12969,88.393551,22.511480
12970,88.393470,22.510986
12971,88.392840,22.582839
12972,88.392338,22.583460
12973,88.392210,22.582983
12974,88.392249,22.583129
12975,88.392727,22.583018
12976,88.396178,22.588600
12977,88.343065,22.516822
12978,88.375433,22.541469
12979,88.376155,22.541263
12980,88.375769,22.540279
12981,88.376382,22.539601
12982,88.375800,22.540081
12983,88.376427,22.541684
12984,88.378001,22.542040
12985,88.377741,22.542099
12986,88.377485,22.541335
12987,88.380793,22.543303
12988,88.382941,22.544189
12989,88.391771,22.510619
12990,88.391648,22.509842
12991,88.397519,22.509895
12992,88.396484,22.510004
12993,88.395098,22.510826
12994,88.397839,22.512269
12995,88.397578,22.511832
12996,88.394949,22.512394
12997,88.394401,22.512433
12998,88.394437,22.512686
12999,88.393789,22.512294
13000,88.393097,22.511933
13001,88.393129,22.512120
13002,88.397138,22.513266
13003,88.397111,22.512977
13004,88.391814,22.515631
13005,88.393392,22.517020
13006,88.393763,22.516973
13007,88.383100,22.545701
13008,88.382171,22.546093
13009,88.382065,22.537076
13010,88.387326,22.536009
13011,88.385131,22.532491
13012,88.385235,22.530196
13013,88.384759,22.530053
13014,88.383634,22.532930
13015,88.383614,22.532219
13016,88.382102,22.530641
13017,88.377235,22.532106
13018,88.375676,22.530951
13019,88.376985,22.530685
13020,88.375578,22.530253
13021,88.380706,22.528244
13022,88.385353,22.527708
13023,88.383959,22.527402
13024,88.384886,22.525807
13025,88.377516,22.520709
13026,88.378208,22.521695
13027,88.374694,22.521150
13028,88.382963,22.510631
13029,88.397878,22.517703
13030,88.396616,22.518557
13031,88.397569,22.521099
13032,88.396477,22.521258
13033,88.398760,22.521167
13034,88.389922,22.515704
13035,88.388606,22.514601
13036,88.386810,22.515307
13037,88.390895,22.518038
13038,88.393977,22.518974
13039,88.392988,22.520228
13040,88.393443,22.520194
13041,88.395669,22.520080
13042,88.391437,22.522150
13043,88.391282,22.521562
13044,88.390819,22.524294
13045,88.390577,22.523632
13046,88.390153,22.523648
13047,88.390127,22.523339
13048,88.393414,22.522301
13049,88.395996,22.522868
13050,88.395094,22.522623
13051,88.395033,22.522425
13052,88.393976,22.524681
13053,88.393790,22.524099
13054,88.392879,22.524295
13055,88.392151,22.526089
13056,88.388268,22.525588
13057,88.387345,22.526609
13058,88.386494,22.526287
13059,88.386217,22.525202
13060,88.386136,22.524800
13061,88.396486,22.525855
13062,88.394767,22.527988
13063,88.393647,22.528588
13064,88.393351,22.528189
13065,88.396664,22.530797
13066,88.396665,22.530712
13067,88.396547,22.530095
13068,88.396978,22.529821
13069,88.397284,22.529945
13070,88.397423,22.530753
13071,88.397445,22.530918
13072,88.398499,22.530381
13073,88.398238,22.522661
13074,88.398481,22.523261
13075,88.398231,22.523364
13076,88.397993,22.522769
13077,88.398463,22.522557
13078,88.398820,22.523369
13079,88.399800,22.523190
13080,88.398184,22.524035
13081,88.399072,22.523844
13082,88.400061,22.524265
13083,88.399790,22.524330
13084,88.387370,22.510465
13085,88.385502,22.523475
13086,88.385962,22.523337
13087,88.396058,22.524244
13088,88.399787,22.525941
13089,88.399536,22.526000
13090,88.399240,22.526050
13091,88.398970,22.526079
13092,88.396720,22.526771
13093,88.385988,22.530438
13094,88.385891,22.529800
13095,88.386889,22.529233
13096,88.389997,22.548998
13097,88.390932,22.548826
13098,88.391654,22.548670
13099,88.389104,22.547951
13100,88.390539,22.547786
13101,88.390673,22.548493
13102,88.396628,22.548996
13103,88.395738,22.549241
13104,88.397198,22.549075
13105,88.397208,22.549370
13106,88.372905,22.586252
13107,88.373929,22.586113
13108,88.373377,22.586192
13109,88.365825,22.586767
13110,88.369153,22.568275
13111,88.369254,22.568847
13112,88.365820,22.566767
13113,88.366820,22.561978
13114,88.366571,22.562891
13115,88.363055,22.558637
13116,88.359470,22.553148
13117,88.360500,22.549902
13118,88.361235,22.548385
13119,88.361390,22.548723
13120,88.368079,22.548560
13121,88.368230,22.548855
13122,88.359845,22.585876
13123,88.358665,22.582656
13124,88.358767,22.583053
13125,88.362689,22.582861
13126,88.362268,22.582971
13127,88.325690,22.548371
13128,88.325953,22.548634
13129,88.326345,22.548317
13130,88.326012,22.548029
13131,88.325604,22.548956
13132,88.325389,22.549104
13133,88.326300,22.548987
13134,88.365065,22.547534
13135,88.358483,22.550824
13136,88.365840,22.551854
13137,88.360524,22.558871
13138,88.359819,22.558307
13139,88.356629,22.559703
13140,88.354476,22.560623
13141,88.359453,22.562749
13142,88.357524,22.567387
13143,88.361240,22.566564
13144,88.354773,22.564264
13145,88.385376,22.603567
13146,88.384971,22.602798
13147,88.398845,22.608144
13148,88.398002,22.607192
13149,88.399258,22.607637
13150,88.398961,22.606792
13151,88.399626,22.606598
13152,88.393726,22.604016
13153,88.394074,22.603972
13154,88.394126,22.604877
13155,88.394487,22.605653
13156,88.394352,22.604806
13157,88.394717,22.605628
13158,88.394606,22.604704
13159,88.394952,22.605601
13160,88.394840,22.604672
13161,88.395167,22.605575
13162,88.395036,22.604606
13163,88.394575,22.607043
13164,88.395966,22.607918
13165,88.396076,22.607494
13166,88.380217,22.609812
13167,88.398582,22.597138
13168,88.394869,22.603039
13169,88.395186,22.602918
13170,88.392598,22.609831
13171,88.390264,22.609335
13172,88.390927,22.609185
13173,88.391044,22.609747
13174,88.390670,22.604922
13175,88.382531,22.604181
13176,88.382956,22.604136
13177,88.383747,22.604731
13178,88.383667,22.604109
13179,88.383059,22.604310
13180,88.381582,22.605196
13181,88.385084,22.607883
13182,88.385575,22.609740
13183,88.377998,22.596015
13184,88.376250,22.598964
13185,88.376067,22.598298
13186,88.372870,22.598735
13187,88.375411,22.599791
13188,88.369968,22.599624
13189,88.369458,22.598268
13190,88.369710,22.598224
13191,88.369974,22.595806
13192,88.370180,22.595705
13193,88.370143,22.594704
13194,88.369975,22.594044
13195,88.370076,22.593721
13196,88.375483,22.587169
13197,88.392432,22.603550
13198,88.370148,22.594722
13199,88.342193,22.513640
13200,88.343682,22.511149
13201,88.332424,22.520907
13202,88.332361,22.519648
13203,88.332835,22.520832
13204,88.327552,22.523499
13205,88.358172,22.526077
13206,88.358880,22.527373
13207,88.359518,22.527244
13208,88.357913,22.527567
13209,88.352917,22.524547
13210,88.362520,22.532725
13211,88.361663,22.538720
13212,88.361513,22.538210
13213,88.354456,22.535266
13214,88.354952,22.535168
13215,88.362431,22.529136
13216,88.360924,22.528734
13217,88.361212,22.519643
13218,88.369236,22.530390
13219,88.368580,22.530480
13220,88.369458,22.533443
13221,88.361873,22.540900
13222,88.369106,22.529086
13223,88.364922,22.528625
13224,88.364939,22.528052
13225,88.349778,22.527145
13226,88.349808,22.527460
13227,88.349475,22.520809
13228,88.337208,22.530366
13229,88.336368,22.528643
13230,88.335491,22.528576
13231,88.336129,22.537853
13232,88.347431,22.538079
13233,88.346615,22.537530
13234,88.367501,22.544774
13235,88.344616,22.534765
13236,88.345112,22.534873
13237,88.341356,22.513588
13238,88.352410,22.516909
13239,88.359408,22.522401
13240,88.360937,22.522739
13241,88.362558,22.523039
13242,88.366073,22.540588
13243,88.354878,22.537495
13244,88.354387,22.537762
13245,88.356502,22.537293
13246,88.344533,22.528388
13247,88.344231,22.528444
13248,88.339665,22.522939
13249,88.339737,22.523305
13250,88.338450,22.523518
13251,88.344592,22.514579
13252,88.344476,22.516099
13253,88.387497,22.512919
13254,88.326027,22.584030
13255,88.328969,22.583984
13256,88.329858,22.583753
13257,88.330713,22.582606
13258,88.327042,22.583364
13259,88.327386,22.582571
13260,88.325959,22.582819
13261,88.327707,22.582383
13262,88.325927,22.582675
13263,88.320718,22.579775
13264,88.320272,22.579689
13265,88.320217,22.580866
13266,88.323104,22.579412
13267,88.324954,22.580417
13268,88.323657,22.580621
13269,88.323791,22.578684
13270,88.321109,22.578015
13271,88.320509,22.578144
13272,88.319938,22.578258
13273,88.321088,22.577871
13274,88.322681,22.577544
13275,88.321994,22.577010
13276,88.322633,22.576836
13277,88.324051,22.577765
13278,88.324730,22.577567
13279,88.324848,22.577190
13280,88.325595,22.577619
13281,88.326463,22.587479
13282,88.324280,22.587748
13283,88.323834,22.586753
13284,88.332772,22.583959
13285,88.333012,22.583900
13286,88.328860,22.582462
13287,88.322429,22.582958
13288,88.321055,22.583171
13289,88.321372,22.587302
13290,88.320138,22.572008
13291,88.323319,22.569681
13292,88.322988,22.570058
13293,88.325338,22.567459
13294,88.324505,22.568302
13295,88.325701,22.568985
13296,88.323425,22.566899
13297,88.325974,22.566454
13298,88.327486,22.567747
13299,88.325636,22.571174
13300,88.328834,22.579135
13301,88.326795,22.578679
13302,88.329062,22.574857
13303,88.328485,22.575055
13304,88.325667,22.573480
13305,88.324696,22.575742
13306,88.323905,22.574137
13307,88.323996,22.573481
13308,88.320938,22.576181
13309,88.319894,22.573488
13310,88.320608,22.573265
13311,88.333222,22.574978
13312,88.385052,22.519374
13313,88.385091,22.532087
13314,88.395370,22.528826
13315,88.395822,22.530655
13316,88.379408,22.524023
13317,88.395758,22.588712
13318,88.394762,22.588335
13319,88.395629,22.588154
13320,88.397047,22.581439
13321,88.396646,22.581499
13322,88.397064,22.581677
13323,88.396703,22.581734
13324,88.396329,22.581550
13325,88.396271,22.581118
13326,88.395551,22.581663
13327,88.398536,22.601781
13328,88.399120,22.599549
13329,88.397632,22.595258
13330,88.397422,22.594419
13331,88.394344,22.590065
13332,88.367220,22.513446
13333,88.367146,22.513459
13334,88.367236,22.513366
13335,88.366964,22.515106
13336,88.366902,22.515474
13337,88.367185,22.513615
13338,88.367125,22.514020
13339,88.367274,22.513149
13340,88.367360,22.508595
13341,88.365674,22.524460
13342,88.365494,22.523748
13343,88.365363,22.523254
13344,88.365964,22.525798
13345,88.366045,22.527193
13346,88.365369,22.522942
13347,88.375172,22.592344
13348,88.375051,22.590292
13349,88.374934,22.588440
13350,88.374816,22.586728
13351,88.374634,22.584906
13352,88.374436,22.583322
13353,88.374074,22.581182
13354,88.375312,22.594130
13355,88.375215,22.593042
13356,88.375144,22.591928
13357,88.375118,22.591566
13358,88.375099,22.591208
13359,88.375000,22.589547
13360,88.374978,22.589119
13361,88.374961,22.588811
13362,88.374912,22.588105
13363,88.374870,22.587399
13364,88.374749,22.586013
13365,88.374683,22.585269
13366,88.374521,22.584051
13367,88.374191,22.581727
13368,88.374132,22.580640
13369,88.373393,22.604258
13370,88.374145,22.605854
13371,88.374014,22.605637
13372,88.373864,22.605341
13373,88.373561,22.602183
13374,88.373514,22.602842
13375,88.373783,22.605157
13376,88.373307,22.603581
13377,88.373579,22.601795
13378,88.373595,22.601939
13379,88.373533,22.601853
13380,88.373700,22.601855
13381,88.373593,22.601789
13382,88.374928,22.596833
13383,88.374183,22.599755
13384,88.373618,22.601786
13385,88.374513,22.598505
13386,88.374595,22.598151
13387,88.374720,22.597684
13388,88.374768,22.597519
13389,88.375153,22.595899
13390,88.375258,22.595469
13391,88.373686,22.601820
13392,88.397208,22.537387
13393,88.403044,22.533674
13394,88.398448,22.608030
13395,88.398711,22.607958
13396,88.398767,22.607801
13397,88.399107,22.607729
13398,88.398985,22.607416
13399,88.399475,22.608727
13400,88.394511,22.606230
13401,88.395006,22.606190
13402,88.395388,22.607014
13403,88.395296,22.607280
13404,88.353971,22.509735
13405,88.352066,22.522789
13406,88.352837,22.528607
13407,88.354077,22.509746
13408,88.354038,22.510095
13409,88.353289,22.512733
13410,88.353202,22.512923
13411,88.353159,22.513137
13412,88.353020,22.513952
13413,88.352919,22.514530
13414,88.352812,22.515194
13415,88.352701,22.515781
13416,88.352566,22.516587
13417,88.352440,22.517309
13418,88.352408,22.517463
13419,88.352098,22.519118
13420,88.351942,22.519982
13421,88.351824,22.520616
13422,88.351800,22.520752
13423,88.351718,22.521388
13424,88.351760,22.521648
13425,88.351850,22.522015
13426,88.354639,22.539151
13427,88.354697,22.539497
13428,88.355012,22.541312
13429,88.354970,22.541131
13430,88.354871,22.540546
13431,88.354760,22.539838
13432,88.354555,22.538686
13433,88.354411,22.537956
13434,88.354354,22.537496
13435,88.369043,22.600469
13436,88.372390,22.601460
13437,88.371961,22.601316
13438,88.368396,22.600315
13439,88.367632,22.600110
13440,88.366944,22.599943
13441,88.366532,22.599850
13442,88.390875,22.592374
13443,88.377454,22.584505
13444,88.376634,22.584711
13445,88.376315,22.584834
13446,88.375857,22.584995
13447,88.375182,22.585213
13448,88.374789,22.585339
13449,88.374686,22.585360
13450,88.373879,22.585472
13451,88.389899,22.592859
13452,88.376497,22.594236
13453,88.382101,22.594353
13454,88.383542,22.594482
13455,88.385341,22.594402
13456,88.386578,22.594055
13457,88.389357,22.593041
13458,88.389223,22.593083
13459,88.388848,22.593201
13460,88.388221,22.593418
13461,88.385004,22.594467
13462,88.384084,22.594521
13463,88.383973,22.594516
13464,88.383038,22.594470
13465,88.382825,22.594455
13466,88.382096,22.594413
13467,88.378278,22.594321
13468,88.378061,22.594303
13469,88.377725,22.594291
13470,88.377275,22.594270
13471,88.375400,22.594184
13472,88.375315,22.594177
13473,88.381537,22.582621
13474,88.373743,22.585486
13475,88.373741,22.585428
13476,88.376761,22.584650
13477,88.390406,22.580107
13478,88.390460,22.580053
13479,88.390692,22.580114
13480,88.390458,22.580300
13481,88.390704,22.580208
13482,88.390655,22.580287
13483,88.390580,22.580032
13484,88.390849,22.607366
13485,88.390925,22.607376
13486,88.390833,22.607381
13487,88.390934,22.607389
13488,88.390827,22.607426
13489,88.390907,22.607456
13490,88.390880,22.607462
13491,88.385610,22.605703
13492,88.375636,22.602522
13493,88.376628,22.602863
13494,88.376731,22.602897
13495,88.377249,22.603070
13496,88.377353,22.603099
13497,88.378181,22.603357
13498,88.378687,22.603509
13499,88.378949,22.603586
13500,88.379179,22.603647
13501,88.379311,22.603692
13502,88.383543,22.605072
13503,88.384283,22.605302
13504,88.384671,22.605414
13505,88.384949,22.605493
13506,88.385826,22.605774
13507,88.386428,22.605952
13508,88.388283,22.606544
13509,88.390833,22.607438
13510,88.373683,22.601908
13511,88.383191,22.604853
13512,88.395013,22.556580
13513,88.395818,22.555274
13514,88.395041,22.555967
13515,88.396896,22.555338
13516,88.394844,22.552686
13517,88.395028,22.553060
13518,88.395118,22.552332
13519,88.394699,22.551303
13520,88.394925,22.550856
13521,88.394221,22.550937
13522,88.396376,22.550907
13523,88.395045,22.550616
13524,88.394380,22.549887
13525,88.395734,22.549954
13526,88.395624,22.549506
13527,88.395997,22.547749
13528,88.396092,22.548119
13529,88.396239,22.548594
13530,88.396444,22.549394
13531,88.396263,22.549097
13532,88.395498,22.548809
13533,88.395409,22.547848
13534,88.395535,22.548304
13535,88.396157,22.548330
13536,88.395565,22.548505
13537,88.396562,22.548520
13538,88.395968,22.548657
13539,88.396214,22.548515
13540,88.395689,22.548670
13541,88.396036,22.547901
13542,88.396483,22.547636
13543,88.395988,22.547700
13544,88.396475,22.547532
13545,88.395966,22.547582
13546,88.395918,22.547321
13547,88.396961,22.549401
13548,88.396916,22.547829
13549,88.398169,22.551675
13550,88.396554,22.553867
13551,88.400220,22.553969
13552,88.398891,22.553575
13553,88.399678,22.553120
13554,88.399657,22.553520
13555,88.399611,22.553133
13556,88.399395,22.552323
13557,88.399703,22.552829
13558,88.399480,22.553080
13559,88.395563,22.559939
13560,88.395578,22.560278
13561,88.394950,22.553572
13562,88.394607,22.552989
13563,88.396231,22.552553
13564,88.396517,22.553250
13565,88.397066,22.552889
13566,88.396449,22.553062
13567,88.398118,22.552887
13568,88.398774,22.553097
13569,88.398099,22.553220
13570,88.398346,22.553349
13571,88.398403,22.553607
13572,88.399243,22.553268
13573,88.399314,22.553531
13574,88.395487,22.548106
13575,88.396053,22.547967
13576,88.324725,22.514614
13577,88.326739,22.510145
13578,88.325742,22.509869
13579,88.397449,22.520772
13580,88.397810,22.520701
13581,88.396363,22.520875
13582,88.396286,22.520626
13583,88.395726,22.520649
13584,88.396109,22.525663
13585,88.396934,22.525504
13586,88.394348,22.527042
13587,88.394485,22.525823
13588,88.394272,22.524985
13589,88.394516,22.522301
13590,88.394970,22.522199
13591,88.395169,22.521099
13592,88.397130,22.520617
13593,88.394984,22.519272
13594,88.394931,22.518926
13595,88.394722,22.519303
13596,88.394646,22.518790
13597,88.396767,22.519449
13598,88.395512,22.521068
13599,88.396554,22.524408
13600,88.396800,22.524394
13601,88.397708,22.522970
13602,88.399048,22.521881
13603,88.398808,22.521922
13604,88.398615,22.521400
13605,88.398685,22.521522
13606,88.398899,22.521469
13607,88.398200,22.522159
13608,88.396237,22.518816
13609,88.398158,22.523881
13610,88.398111,22.523741
13611,88.399165,22.522302
13612,88.399029,22.523260
13613,88.398854,22.522775
13614,88.398597,22.522863
13615,88.399276,22.523011
13616,88.399002,22.523132
13617,88.397591,22.523165
13618,88.397831,22.523710
13619,88.396969,22.524134
13620,88.398049,22.523603
13621,88.394381,22.521293
13622,88.395178,22.521241
13623,88.395827,22.521019
13624,88.395895,22.521294
13625,88.396099,22.521257
13626,88.395077,22.521469
13627,88.396864,22.520972
13628,88.394878,22.521018
13629,88.394914,22.521258
13630,88.395994,22.522638
13631,88.395469,22.522741
13632,88.394639,22.522522
13633,88.396980,22.525180
13634,88.396385,22.525298
13635,88.396604,22.526300
13636,88.396319,22.526362
13637,88.397116,22.526203
13638,88.397092,22.525474
13639,88.397395,22.526635
13640,88.397934,22.526612
13641,88.397054,22.525975
13642,88.396546,22.526081
13643,88.396192,22.525920
13644,88.397174,22.526421
13645,88.396663,22.526539
13646,88.396388,22.526602
13647,88.398338,22.524629
13648,88.398056,22.524687
13649,88.397774,22.524741
13650,88.397503,22.524811
13651,88.397509,22.524848
13652,88.397207,22.524929
13653,88.397365,22.523527
13654,88.397447,22.523899
13655,88.395962,22.522371
13656,88.395995,22.522694
13657,88.396669,22.523133
13658,88.396047,22.523177
13659,88.396487,22.523438
13660,88.396164,22.524033
13661,88.396316,22.524090
13662,88.394951,22.525644
13663,88.394592,22.526372
13664,88.394079,22.525962
13665,88.399800,22.518175
13666,88.399867,22.518049
13667,88.399308,22.520033
13668,88.399582,22.519876
13669,88.396797,22.528796
13670,88.399540,22.528729
13671,88.399346,22.531016
13672,88.399098,22.532667
13673,88.397336,22.531382
13674,88.397246,22.531122
13675,88.397592,22.529215
13676,88.397634,22.529214
13677,88.399361,22.531262
13678,88.400065,22.531311
13679,88.399335,22.530580
13680,88.396381,22.530656
13681,88.395955,22.530279
13682,88.396946,22.530735
13683,88.396724,22.529640
13684,88.396348,22.530416
13685,88.396012,22.530462
13686,88.396774,22.531243
13687,88.396720,22.531024
13688,88.396095,22.531167
13689,88.396558,22.531298
13690,88.396494,22.531076
13691,88.396705,22.531261
13692,88.396787,22.531512
13693,88.395110,22.530888
13694,88.394684,22.530977
13695,88.394527,22.529737
13696,88.394116,22.529823
13697,88.399506,22.524390
13698,88.399225,22.524447
13699,88.399041,22.523719
13700,88.399312,22.523659
13701,88.399610,22.523605
13702,88.399894,22.523551
13703,88.398528,22.530565
13704,88.394808,22.524182
13705,88.394705,22.523867
13706,88.395043,22.524200
13707,88.394907,22.523819
13708,88.393979,22.524506
13709,88.393793,22.524811
13710,88.392530,22.521424
13711,88.392943,22.520628
13712,88.393283,22.520572
13713,88.392826,22.520180
13714,88.393735,22.522265
13715,88.393698,22.521701
13716,88.380710,22.528646
13717,88.381144,22.528953
13718,88.395991,22.518280
13719,88.395871,22.510482
13720,88.393173,22.520198
13721,88.393096,22.519766
13722,88.393432,22.519957
13723,88.393687,22.519863
13724,88.395952,22.511996
13725,88.396396,22.511933
13726,88.395965,22.512227
13727,88.396430,22.512155
13728,88.395806,22.511545
13729,88.396333,22.511471
13730,88.396478,22.510248
13731,88.397544,22.510120
13732,88.394473,22.512948
13733,88.396149,22.513201
13734,88.399426,22.517395
13735,88.398006,22.511788
13736,88.398791,22.513333
13737,88.398761,22.513105
13738,88.399820,22.513075
13739,88.399668,22.512491
13740,88.398437,22.512643
13741,88.398133,22.512670
13742,88.395677,22.514067
13743,88.394597,22.517110
13744,88.393939,22.517180
13745,88.394494,22.516388
13746,88.394042,22.516432
13747,88.394772,22.517223
13748,88.395056,22.517657
13749,88.337284,22.515706
13750,88.342764,22.518677
13751,88.342654,22.518797
13752,88.337819,22.515005
13753,88.334218,22.517634
13754,88.334270,22.518012
13755,88.334233,22.518882
13756,88.331801,22.515384
13757,88.330478,22.516705
13758,88.344893,22.510216
13759,88.344876,22.509847
13760,88.344869,22.510747
13761,88.342350,22.510693
13762,88.341528,22.510679
13763,88.343246,22.510683
13764,88.343305,22.511306
13765,88.340813,22.512280
13766,88.341419,22.512335
13767,88.295631,22.534761
13768,88.342808,22.513352
13769,88.342164,22.513638
13770,88.344180,22.513256
13771,88.341423,22.512194
13772,88.342115,22.512203
13773,88.342169,22.515777
13774,88.374454,22.533741
13775,88.373543,22.533860
13776,88.385886,22.526065
13777,88.343129,22.516458
13778,88.342906,22.516476
13779,88.342333,22.516213
13780,88.342701,22.515879
13781,88.342792,22.516177
13782,88.343106,22.516113
13783,88.340764,22.515145
13784,88.341428,22.514822
13785,88.342130,22.514689
13786,88.342468,22.514503
13787,88.342511,22.514510
13788,88.336673,22.513681
13789,88.335635,22.514426
13790,88.336521,22.514059
13791,88.336661,22.513887
13792,88.336895,22.513915
13793,88.336514,22.513863
13794,88.334506,22.512767
13795,88.331598,22.516025
13796,88.295730,22.534748
13797,88.338211,22.511423
13798,88.338572,22.511460
13799,88.338631,22.512155
13800,88.338936,22.516433
13801,88.338093,22.515859
13802,88.344911,22.510744
13803,88.344936,22.511077
13804,88.345168,22.518164
13805,88.345132,22.517981
13806,88.346255,22.516970
13807,88.346267,22.516697
13808,88.346452,22.516977
13809,88.346452,22.516701
13810,88.344188,22.511101
13811,88.344391,22.511671
13812,88.339509,22.511263
13813,88.335626,22.514096
13814,88.334352,22.515615
13815,88.334373,22.515854
13816,88.335729,22.516136
13817,88.373558,22.517653
13818,88.395352,22.563033
13819,88.395266,22.562657
13820,88.394923,22.562768
13821,88.394975,22.563107
13822,88.331248,22.515182
13823,88.331076,22.514717
13824,88.331050,22.515250
13825,88.334826,22.518270
13826,88.398147,22.561136
13827,88.397617,22.560115
13828,88.391053,22.518666
13829,88.390956,22.518536
13830,88.390959,22.518428
13831,88.375331,22.518252
13832,88.375685,22.517778
13833,88.381815,22.517129
13834,88.393680,22.516356
13835,88.390776,22.516012
13836,88.385883,22.516706
13837,88.386749,22.550976
13838,88.387314,22.550897
13839,88.390666,22.553545
13840,88.391079,22.553456
13841,88.391554,22.553499
13842,88.392611,22.513312
13843,88.373850,22.514875
13844,88.389954,22.560116
13845,88.391350,22.559684
13846,88.391409,22.558160
13847,88.390714,22.558373
13848,88.393435,22.555743
13849,88.393206,22.554758
13850,88.390484,22.552580
13851,88.389801,22.552749
13852,88.393711,22.551230
13853,88.392834,22.551196
13854,88.389692,22.559563
13855,88.389148,22.559779
13856,88.388242,22.553467
13857,88.386536,22.553606
13858,88.377927,22.550259
13859,88.381854,22.549253
13860,88.381497,22.548564
13861,88.383639,22.551436
13862,88.384900,22.551139
13863,88.384468,22.551230
13864,88.384322,22.550777
13865,88.380663,22.553344
13866,88.380946,22.554262
13867,88.384381,22.558893
13868,88.383929,22.557760
13869,88.386026,22.554999
13870,88.385573,22.554153
13871,88.380793,22.518131
13872,88.372662,22.511892
13873,88.372659,22.513195
13874,88.375143,22.514567
13875,88.390687,22.553268
13876,88.388004,22.558808
13877,88.378367,22.543152
13878,88.384983,22.547824
13879,88.384196,22.547853
13880,88.391678,22.552310
13881,88.393868,22.513033
13882,88.393827,22.512620
13883,88.392399,22.558651
13884,88.392367,22.558794
13885,88.385323,22.515638
13886,88.388269,22.515384
13887,88.387019,22.541250
13888,88.392785,22.511094
13889,88.393322,22.513113
13890,88.379258,22.554097
13891,88.393417,22.510169
13892,88.391787,22.511012
13893,88.390920,22.511065
13894,88.390490,22.510219
13895,88.371645,22.512767
13896,88.377461,22.513132
13897,88.377628,22.512993
13898,88.378040,22.512934
13899,88.376228,22.513319
13900,88.376222,22.513100
13901,88.384700,22.510219
13902,88.388308,22.509946
13903,88.388412,22.510480
13904,88.373275,22.512664
13905,88.397270,22.565002
13906,88.397356,22.565148
13907,88.398006,22.564961
13908,88.397983,22.563502
13909,88.352509,22.538337
13910,88.352380,22.537711
13911,88.353636,22.537611
13912,88.351269,22.531595
13913,88.351070,22.531365
13914,88.351818,22.533478
13915,88.351624,22.535574
13916,88.350004,22.526458
13917,88.350825,22.528073
13918,88.351626,22.531279
13919,88.354888,22.529494
13920,88.353196,22.522768
13921,88.353809,22.528624
13922,88.357087,22.536018
13923,88.357217,22.535938
13924,88.353786,22.533983
13925,88.353465,22.534099
13926,88.355617,22.536311
13927,88.354605,22.538953
13928,88.351978,22.519752
13929,88.358354,22.539820
13930,88.354424,22.522289
13931,88.369662,22.537267
13932,88.371698,22.537473
13933,88.370262,22.539727
13934,88.368585,22.529066
13935,88.371478,22.525820
13936,88.371860,22.528523
13937,88.369651,22.530669
13938,88.369317,22.519691
13939,88.370229,22.520984
13940,88.368167,22.523621
13941,88.368141,22.531563
13942,88.368997,22.531187
13943,88.370168,22.536304
13944,88.369470,22.536582
13945,88.361343,22.518987
13946,88.364444,22.524721
13947,88.364728,22.524737
13948,88.364685,22.525103
13949,88.362979,22.524683
13950,88.360181,22.539351
13951,88.350448,22.525229
13952,88.350762,22.525329
13953,88.350820,22.524561
13954,88.351809,22.525781
13955,88.351796,22.525082
13956,88.393689,22.526722
13957,88.393811,22.527174
13958,88.393517,22.528386
13959,88.392995,22.527505
13960,88.393034,22.528387
13961,88.392338,22.527594
13962,88.392788,22.528554
13963,88.392734,22.528689
13964,88.392348,22.528971
13965,88.391759,22.528285
13966,88.390847,22.528416
13967,88.391999,22.528809
13968,88.392163,22.529291
13969,88.391934,22.528667
13970,88.391025,22.524907
13971,88.390799,22.524571
13972,88.391354,22.521831
13973,88.390860,22.521969
13974,88.391228,22.521377
13975,88.390921,22.521425
13976,88.390901,22.521100
13977,88.390655,22.521485
13978,88.390629,22.521130
13979,88.391962,22.524651
13980,88.393542,22.525129
13981,88.376113,22.536426
13982,88.375196,22.538299
13983,88.387488,22.532656
13984,88.389248,22.532519
13985,88.389168,22.532068
13986,88.389213,22.532316
13987,88.388234,22.532381
13988,88.388904,22.532351
13989,88.388601,22.534114
13990,88.388756,22.535412
13991,88.388167,22.534817
13992,88.388680,22.534107
13993,88.387972,22.534166
13994,88.391647,22.534377
13995,88.391065,22.534518
13996,88.390832,22.533736
13997,88.390538,22.536282
13998,88.389948,22.536557
13999,88.389987,22.537173
14000,88.391881,22.536243
14001,88.391262,22.535941
14002,88.390931,22.536529
14003,88.390908,22.536228
14004,88.390602,22.537994
14005,88.388456,22.520213
14006,88.385147,22.529502
14007,88.386199,22.529483
14008,88.385157,22.529675
14009,88.385149,22.529353
14010,88.385945,22.530150
14011,88.384607,22.533015
14012,88.384041,22.533106
14013,88.383379,22.532768
14014,88.382909,22.532896
14015,88.383022,22.533684
14016,88.383108,22.533117
14017,88.382949,22.533190
14018,88.382825,22.532587
14019,88.383126,22.532836
14020,88.385264,22.536891
14021,88.385108,22.535904
14022,88.386968,22.534149
14023,88.386987,22.533388
14024,88.389883,22.536360
14025,88.388916,22.536624
14026,88.388471,22.528943
14027,88.387564,22.530072
14028,88.387329,22.529154
14029,88.387063,22.529455
14030,88.387389,22.529373
14031,88.386970,22.529532
14032,88.387061,22.535184
14033,88.385911,22.536351
14034,88.388047,22.537305
14035,88.387178,22.537144
14036,88.387381,22.537769
14037,88.387142,22.537043
14038,88.385389,22.534588
14039,88.384267,22.534927
14040,88.384581,22.527406
14041,88.384630,22.527039
14042,88.380778,22.526285
14043,88.380639,22.526557
14044,88.380579,22.526790
14045,88.384685,22.535849
14046,88.384652,22.529207
14047,88.383912,22.528798
14048,88.383584,22.529547
14049,88.382551,22.535373
14050,88.382428,22.534742
14051,88.381513,22.533778
14052,88.380757,22.534050
14053,88.382340,22.533760
14054,88.381534,22.533833
14055,88.381594,22.534006
14056,88.382317,22.535605
14057,88.382170,22.534802
14058,88.382048,22.535491
14059,88.381159,22.535417
14060,88.381130,22.535076
14061,88.381123,22.536451
14062,88.378991,22.535646
14063,88.378899,22.534630
14064,88.378232,22.536184
14065,88.378229,22.535838
14066,88.377989,22.534855
14067,88.377886,22.538334
14068,88.377036,22.535703
14069,88.376113,22.530868
14070,88.375854,22.530169
14071,88.377363,22.523652
14072,88.376595,22.523978
14073,88.377290,22.521449
14074,88.377655,22.521243
14075,88.374223,22.530537
14076,88.374115,22.529912
14077,88.373836,22.529841
14078,88.374771,22.530486
14079,88.373977,22.530572
14080,88.374789,22.530690
14081,88.374091,22.530830
14082,88.375515,22.535509
14083,88.372875,22.512207
14084,88.372464,22.512476
14085,88.372948,22.512663
14086,88.373357,22.515411
14087,88.392743,22.512648
14088,88.373454,22.511142
14089,88.391139,22.510535
14090,88.391017,22.509734
14091,88.391423,22.510500
14092,88.392106,22.510832
14093,88.389878,22.510270
14094,88.393443,22.510769
14095,88.388071,22.514780
14096,88.385125,22.510905
14097,88.384798,22.510894
14098,88.385921,22.513209
14099,88.385801,22.512042
14100,88.385944,22.512014
14101,88.387102,22.511732
14102,88.384416,22.513004
14103,88.354892,22.518708
14104,88.355049,22.517894
14105,88.354066,22.514378
14106,88.353505,22.514593
14107,88.364172,22.518453
14108,88.363670,22.514986
14109,88.394837,22.602996
14110,88.394981,22.608068
14111,88.392892,22.608972
14112,88.392508,22.608968
14113,88.392212,22.609277
14114,88.393164,22.609745
14115,88.392714,22.608753
14116,88.391902,22.607660
14117,88.391923,22.607958
14118,88.391578,22.609560
14119,88.390750,22.609955
14120,88.390506,22.609539
14121,88.390747,22.609059
14122,88.391898,22.608772
14123,88.391494,22.603631
14124,88.391361,22.603636
14125,88.391498,22.603307
14126,88.391510,22.602230
14127,88.393934,22.601335
14128,88.394263,22.601535
14129,88.394043,22.601856
14130,88.394117,22.602672
14131,88.394333,22.603777
14132,88.393397,22.605241
14133,88.393052,22.607763
14134,88.393031,22.607865
14135,88.392709,22.607710
14136,88.323080,22.515956
14137,88.346719,22.522030
14138,88.409136,22.600150
14139,88.374862,22.587273
14140,88.323858,22.529879
14141,88.327230,22.603171
14142,88.327611,22.591304
14143,88.327353,22.590684
14144,88.335759,22.589977
14145,88.339954,22.591751
14146,88.339863,22.591448
14147,88.336465,22.594310
14148,88.338394,22.596287
14149,88.343226,22.596507
14150,88.342810,22.597704
14151,88.343259,22.598044
14152,88.344651,22.596965
14153,88.343876,22.597016
14154,88.342432,22.598787
14155,88.354990,22.593364
14156,88.354177,22.590185
14157,88.353196,22.590025
14158,88.360326,22.599139
14159,88.361487,22.600794
14160,88.364971,22.602462
14161,88.341872,22.601328
14162,88.343803,22.602581
14163,88.337198,22.602378
14164,88.337873,22.602358
14165,88.332341,22.602849
14166,88.332432,22.603365
14167,88.331826,22.601987
14168,88.331778,22.604230
14169,88.342039,22.604924
14170,88.337653,22.607098
14171,88.337803,22.607554
14172,88.338296,22.607390
14173,88.337867,22.607029
14174,88.345254,22.607519
14175,88.346268,22.610228
14176,88.346481,22.602715
14177,88.347030,22.601714
14178,88.348031,22.600254
14179,88.347765,22.600422
14180,88.348241,22.602729
14181,88.347884,22.602646
14182,88.347901,22.602489
14183,88.348370,22.602357
14184,88.349166,22.602655
14185,88.347742,22.603755
14186,88.348785,22.604667
14187,88.348543,22.604017
14188,88.349949,22.605571
14189,88.349626,22.604504
14190,88.346719,22.605170
14191,88.346010,22.606202
14192,88.346972,22.607578
14193,88.347658,22.604851
14194,88.344529,22.607097
14195,88.350082,22.606171
14196,88.351271,22.604953
14197,88.350788,22.605183
14198,88.351412,22.606770
14199,88.348108,22.606156
14200,88.347062,22.608669
14201,88.346689,22.607988
14202,88.347436,22.609556
14203,88.348365,22.608810
14204,88.347748,22.609493
14205,88.347673,22.607899
14206,88.347988,22.607790
14207,88.349385,22.610686
14208,88.350801,22.608993
14209,88.349883,22.609901
14210,88.325100,22.604016
14211,88.324558,22.603432
14212,88.322207,22.605905
14213,88.323510,22.605653
14214,88.323409,22.605066
14215,88.321204,22.605839
14216,88.321968,22.606537
14217,88.323163,22.606373
14218,88.323224,22.606563
14219,88.323593,22.606846
14220,88.324689,22.606695
14221,88.322158,22.607912
14222,88.321486,22.608038
14223,88.320735,22.608186
14224,88.320494,22.608773
14225,88.320576,22.609014
14226,88.322131,22.608718
14227,88.323125,22.610008
14228,88.320643,22.607793
14229,88.324167,22.609696
14230,88.325147,22.609394
14231,88.327069,22.601367
14232,88.327020,22.600501
14233,88.326644,22.600669
14234,88.324354,22.600085
14235,88.322848,22.601001
14236,88.322931,22.601833
14237,88.322081,22.601249
14238,88.323325,22.600412
14239,88.331226,22.605776
14240,88.331794,22.605681
14241,88.332363,22.605073
14242,88.333908,22.605156
14243,88.326870,22.606365
14244,88.329027,22.605611
14245,88.329729,22.605422
14246,88.328721,22.606260
14247,88.327686,22.605536
14248,88.326087,22.608136
14249,88.325749,22.607101
14250,88.328045,22.609731
14251,88.328252,22.610550
14252,88.328345,22.610899
14253,88.330267,22.610490
14254,88.328211,22.608111
14255,88.327911,22.608201
14256,88.327834,22.608958
14257,88.327918,22.609392
14258,88.328940,22.610042
14259,88.327263,22.609544
14260,88.329092,22.608949
14261,88.328860,22.609345
14262,88.328435,22.609434
14263,88.330438,22.609044
14264,88.330598,22.609538
14265,88.328624,22.608636
14266,88.328271,22.607097
14267,88.327943,22.607265
14268,88.327305,22.607542
14269,88.328581,22.606946
14270,88.328823,22.607999
14271,88.329498,22.607899
14272,88.329309,22.607423
14273,88.329204,22.606973
14274,88.329949,22.606814
14275,88.330078,22.608237
14276,88.329654,22.608366
14277,88.330432,22.608434
14278,88.330336,22.608147
14279,88.330078,22.607354
14280,88.331097,22.608752
14281,88.330737,22.607935
14282,88.332561,22.607613
14283,88.331875,22.607816
14284,88.332342,22.607004
14285,88.332460,22.607336
14286,88.332814,22.608234
14287,88.331709,22.606757
14288,88.333396,22.606734
14289,88.324828,22.607181
14290,88.326331,22.606956
14291,88.328511,22.608064
14292,88.325199,22.609865
14293,88.326302,22.608126
14294,88.326017,22.608721
14295,88.332664,22.611164
14296,88.332249,22.609877
14297,88.333377,22.607968
14298,88.370740,22.586148
14299,88.370937,22.586054
14300,88.365482,22.588738
14301,88.370733,22.590172
14302,88.371232,22.589995
14303,88.366159,22.590747
14304,88.366430,22.590696
14305,88.356992,22.591091
14306,88.366609,22.592484
14307,88.374025,22.593211
14308,88.370933,22.602556
14309,88.369283,22.602239
14310,88.360763,22.596312
14311,88.325786,22.589267
14312,88.365707,22.605864
14313,88.337242,22.521545
14314,88.321473,22.601893
14315,88.319878,22.602144
14316,88.319684,22.601541
14317,88.320213,22.601425
14318,88.321119,22.610162
14319,88.320909,22.609484
14320,88.323351,22.596121
14321,88.319390,22.593914
14322,88.320968,22.593944
14323,88.320851,22.589125
14324,88.321651,22.590613
14325,88.320272,22.588606
14326,88.323984,22.591082
14327,88.321436,22.596663
14328,88.359017,22.520659
14329,88.365899,22.525443
14330,88.330730,22.511274
14331,88.387823,22.566186
14332,88.389163,22.565952
14333,88.327370,22.525191
14334,88.326581,22.525119
14335,88.322171,22.598190
14336,88.322248,22.597487
14337,88.326248,22.575382
14338,88.326696,22.574507
14339,88.375039,22.590110
14340,88.374508,22.583908
14341,88.326987,22.592481
14342,88.327870,22.599729
14343,88.328059,22.601245
14344,88.328816,22.601226
14345,88.327858,22.600118
14346,88.327654,22.601327
14347,88.393867,22.601326
14348,88.371690,22.579036
14349,88.379934,22.586350
14350,88.381045,22.586464
14351,88.382369,22.585703
14352,88.376667,22.570401
14353,88.385386,22.590725
14354,88.383175,22.589526
14355,88.388266,22.585666
14356,88.386079,22.582364
14357,88.393082,22.580931
14358,88.394483,22.579004
14359,88.386168,22.560950
14360,88.385990,22.560464
14361,88.385109,22.555378
14362,88.384752,22.555511
14363,88.389795,22.551998
14364,88.372256,22.560037
14365,88.382225,22.556681
14366,88.375692,22.556348
14367,88.375969,22.556283
14368,88.387771,22.562301
14369,88.386972,22.563119
14370,88.387360,22.564621
14371,88.390645,22.563962
14372,88.393362,22.563426
14373,88.395159,22.562144
14374,88.394838,22.562334
14375,88.399390,22.559902
14376,88.399875,22.562123
14377,88.399849,22.559835
14378,88.399984,22.560510
14379,88.386929,22.575401
14380,88.388464,22.571134
14381,88.387676,22.571392
14382,88.387134,22.572125
14383,88.388020,22.568691
14384,88.388979,22.569024
14385,88.386535,22.566580
14386,88.387014,22.566515
14387,88.387488,22.568722
14388,88.387649,22.569439
14389,88.387853,22.569841
14390,88.388159,22.570757
14391,88.387329,22.569477
14392,88.387915,22.570818
14393,88.387440,22.569968
14394,88.389320,22.567106
14395,88.390027,22.567740
14396,88.390052,22.567879
14397,88.390169,22.568472
14398,88.393989,22.570486
14399,88.393148,22.569790
14400,88.393078,22.568633
14401,88.394337,22.567795
14402,88.393951,22.567962
14403,88.391687,22.566308
14404,88.397928,22.569701
14405,88.398174,22.566278
14406,88.331508,22.510845
14407,88.331308,22.510702
14408,88.323266,22.540255
14409,88.374261,22.599775
14410,88.346508,22.519939
14411,88.323052,22.591524
14412,88.323049,22.591843
14413,88.322585,22.591925
14414,88.321440,22.593142
14415,88.321522,22.592730
14416,88.321884,22.592318
14417,88.321858,22.592002
14418,88.392001,22.542278
14419,88.392036,22.542149
14420,88.389310,22.603553
14421,88.370553,22.593671
14422,88.347664,22.604193
14423,88.327876,22.606486
14424,88.327099,22.608015
14425,88.327730,22.607315
14426,88.327594,22.606920
14427,88.377243,22.540568
14428,88.376057,22.540893
14429,88.377392,22.540117
14430,88.377225,22.540519
14431,88.376936,22.540655
14432,88.376640,22.539386
14433,88.395122,22.528309
14434,88.395148,22.528478
14435,88.383477,22.581965
14436,88.367854,22.525277
14437,88.367903,22.525996
14438,88.332304,22.590174
14439,88.332896,22.590782
14440,88.332762,22.590614
14441,88.332423,22.591547
14442,88.332664,22.591541
14443,88.359355,22.541087
14444,88.335629,22.573736
14445,88.335380,22.573504
14446,88.382327,22.604865
14447,88.383755,22.605135
14448,88.367527,22.541286
14449,88.367982,22.540996
14450,88.388460,22.554147
14451,88.364857,22.535381
14452,88.356564,22.598602
14453,88.356316,22.598827
14454,88.334413,22.580111
14455,88.334622,22.579619
14456,88.333696,22.580228
14457,88.334152,22.580311
14458,88.334794,22.579804
14459,88.334461,22.579760
14460,88.321600,22.591980
14461,88.321758,22.592323
14462,88.321579,22.591397
14463,88.321984,22.591429
14464,88.366586,22.557223
14465,88.365530,22.557270
14466,88.376917,22.539045
14467,88.374464,22.543354
14468,88.388497,22.569329
14469,88.389619,22.569167
14470,88.389299,22.569206
14471,88.389456,22.570273
14472,88.388637,22.569890
14473,88.389377,22.569788
14474,88.388712,22.570270
14475,88.388414,22.570379
14476,88.334740,22.575052
14477,88.375441,22.540377
14478,88.374819,22.540033
14479,88.374896,22.540357
14480,88.353579,22.541209
14481,88.382425,22.580524
14482,88.376714,22.521072
14483,88.376565,22.520775
14484,88.398031,22.562516
14485,88.391578,22.552083
14486,88.391181,22.552205
14487,88.345744,22.531425
14488,88.345834,22.531416
14489,88.368364,22.540926
14490,88.380184,22.513517
14491,88.380317,22.513074
14492,88.393423,22.558733
14493,88.325304,22.594917
14494,88.329410,22.582869
14495,88.321930,22.593251
14496,88.320785,22.593701
14497,88.321049,22.593277
14498,88.321086,22.593658
14499,88.367032,22.561245
14500,88.368148,22.560570
14501,88.369063,22.559990
14502,88.370841,22.559430
14503,88.371859,22.559147
14504,88.372667,22.558989
14505,88.372367,22.556246
14506,88.371973,22.554574
14507,88.371669,22.553188
14508,88.371154,22.551305
14509,88.371032,22.550644
14510,88.370935,22.549980
14511,88.370809,22.548763
14512,88.371846,22.553956
14513,88.368976,22.560045
14514,88.395491,22.603506
14515,88.395747,22.603942
14516,88.372451,22.557018
14517,88.372545,22.557892
14518,88.370518,22.545345
14519,88.322628,22.596639
14520,88.324010,22.599905
14521,88.323278,22.600421
14522,88.323249,22.600233
14523,88.330268,22.609691
14524,88.375627,22.609455
14525,88.395636,22.604375
14526,88.395340,22.605501
14527,88.395337,22.604404
14528,88.333164,22.581834
14529,88.332982,22.582263
14530,88.362861,22.536929
14531,88.361536,22.538276
14532,88.361475,22.538070
14533,88.366565,22.531344
14534,88.366544,22.531866
14535,88.347605,22.526665
14536,88.347559,22.526524
14537,88.367292,22.532544
14538,88.367310,22.533007
14539,88.366825,22.529984
14540,88.322793,22.600431
14541,88.322734,22.599782
14542,88.322080,22.599825
14543,88.322777,22.600255
14544,88.323010,22.599636
14545,88.322751,22.599964
14546,88.323058,22.599935
14547,88.323183,22.599925
14548,88.322958,22.599944
14549,88.323143,22.599631
14550,88.365855,22.532539
14551,88.358967,22.540941
14552,88.357023,22.539317
14553,88.331806,22.609037
14554,88.332100,22.609921
14555,88.332114,22.608886
14556,88.331292,22.609293
14557,88.331498,22.609591
14558,88.331978,22.609460
14559,88.322947,22.595702
14560,88.369303,22.535573
14561,88.368933,22.535701
14562,88.358985,22.543488
14563,88.399032,22.608240
14564,88.362417,22.528558
14565,88.334095,22.516950
14566,88.358628,22.539053
14567,88.358793,22.539081
14568,88.363246,22.532260
14569,88.351714,22.541930
14570,88.351440,22.541987
14571,88.320419,22.606400
14572,88.320073,22.607888
14573,88.319878,22.607000
14574,88.320593,22.606846
14575,88.319993,22.607679
14576,88.320590,22.607600
14577,88.364882,22.578890
14578,88.364936,22.578875
14579,88.339375,22.540441
14580,88.339676,22.537704
14581,88.339606,22.537418
14582,88.339296,22.536491
14583,88.338575,22.534495
14584,88.336681,22.533029
14585,88.341466,22.523687
14586,88.374219,22.605796
14587,88.338734,22.517121
14588,88.339949,22.516872
14589,88.341373,22.516790
14590,88.342666,22.516813
14591,88.342813,22.516816
14592,88.342928,22.516823
14593,88.343927,22.516837
14594,88.345009,22.516996
14595,88.342236,22.516802
14596,88.326335,22.587005
14597,88.342282,22.600968
14598,88.343047,22.601069
14599,88.392161,22.569974
14600,88.361053,22.580028
14601,88.360880,22.579350
14602,88.362666,22.586157
14603,88.360683,22.578734
14604,88.361333,22.581032
14605,88.361452,22.581480
14606,88.361727,22.582572
14607,88.362044,22.583900
14608,88.362262,22.584685
14609,88.322168,22.578304
14610,88.322402,22.579060
14611,88.322080,22.579707
14612,88.320368,22.598139
14613,88.328471,22.512383
14614,88.343803,22.523423
14615,88.343784,22.523527
14616,88.346557,22.522236
14617,88.323370,22.604759
14618,88.322836,22.539216
14619,88.322178,22.538933
14620,88.319889,22.538738
14621,88.320806,22.538884
14622,88.321712,22.538955
14623,88.323031,22.539345
14624,88.364199,22.519916
14625,88.378424,22.531318
14626,88.378378,22.531122
14627,88.378514,22.531087
14628,88.342195,22.602618
14629,88.396772,22.594988
14630,88.342631,22.599995
14631,88.370733,22.535652
14632,88.391224,22.605369
14633,88.391376,22.605391
14634,88.359024,22.523090
14635,88.352802,22.522786
14636,88.327004,22.595184
14637,88.327010,22.595552
14638,88.326924,22.596001
14639,88.327287,22.595092
14640,88.335172,22.512023
14641,88.385634,22.603902
14642,88.342663,22.516332
14643,88.370566,22.516498
14644,88.370911,22.516385
14645,88.368713,22.514658
14646,88.345495,22.601879
14647,88.354245,22.537294
14648,88.369051,22.521118
14649,88.369017,22.521112
14650,88.365407,22.511853
14651,88.339019,22.516998
14652,88.339795,22.516698
14653,88.373541,22.526473
14654,88.337133,22.602112
14655,88.336297,22.602265
14656,88.336830,22.602168
14657,88.336423,22.602242
14658,88.336428,22.601875
14659,88.336991,22.595698
14660,88.342720,22.521168
14661,88.342262,22.521316
14662,88.370670,22.530616
14663,88.328019,22.515307
14664,88.393423,22.547294
14665,88.394327,22.546718
14666,88.393369,22.547680
14667,88.393492,22.546948
14668,88.330322,22.525378
14669,88.330887,22.525342
14670,88.346352,22.604685
14671,88.347076,22.605000
14672,88.369571,22.527798
14673,88.369955,22.527820
14674,88.371420,22.525104
14675,88.385330,22.611888
14676,88.384305,22.609382
14677,88.384004,22.607937
14678,88.329411,22.543496
14679,88.338048,22.601123
14680,88.343422,22.527814
14681,88.336784,22.578736
14682,88.336849,22.578678
14683,88.388644,22.593271
14684,88.367349,22.573358
14685,88.366075,22.543103
14686,88.366162,22.543089
14687,88.366398,22.543013
14688,88.377394,22.517832
14689,88.377733,22.518881
14690,88.396269,22.605199
14691,88.396354,22.605347
14692,88.370724,22.525658
14693,88.385168,22.594435
14694,88.345897,22.599261
14695,88.345761,22.600744
14696,88.346333,22.600696
14697,88.346231,22.599614
14698,88.374244,22.570657
14699,88.374512,22.569839
14700,88.328716,22.591059
14701,88.359711,22.529163
14702,88.391147,22.605993
14703,88.390960,22.530117
14704,88.391542,22.530808
14705,88.391676,22.531053
14706,88.392240,22.530964
14707,88.367039,22.514697
14708,88.325351,22.587381
14709,88.325525,22.586889
14710,88.325642,22.586506
14711,88.341427,22.514791
14712,88.340724,22.514827
14713,88.383460,22.536436
14714,88.383066,22.537337
14715,88.360972,22.549873
14716,88.361894,22.549583
14717,88.375281,22.541104
14718,88.374524,22.541277
14719,88.390269,22.529569
14720,88.390797,22.528946
14721,88.398460,22.608082
14722,88.397131,22.607679
14723,88.321920,22.601651
14724,88.359662,22.557184
14725,88.357485,22.514219
14726,88.369018,22.554337
14727,88.368589,22.554411
14728,88.369491,22.554376
14729,88.368467,22.531089
14730,88.371745,22.543256
14731,88.371675,22.542944
14732,88.357550,22.538448
14733,88.392013,22.528097
14734,88.392433,22.528924
14735,88.391851,22.528143
14736,88.391995,22.528484
14737,88.391695,22.528713
14738,88.391571,22.528302
14739,88.398689,22.561139
14740,88.399101,22.561053
14741,88.370263,22.539936
14742,88.320107,22.582300
14743,88.320201,22.583634
14744,88.320456,22.583609
14745,88.319180,22.582603
14746,88.369536,22.517219
14747,88.370604,22.517770
14748,88.331672,22.530511
14749,88.331807,22.531744
14750,88.331891,22.533022
14751,88.333445,22.535115
14752,88.333336,22.535188
14753,88.356217,22.597389
14754,88.356073,22.596407
14755,88.336746,22.520681
14756,88.336160,22.520502
14757,88.343733,22.510329
14758,88.343607,22.509785
14759,88.359850,22.542358
14760,88.378495,22.603451
14761,88.358806,22.516322
14762,88.348728,22.598118
14763,88.400408,22.548257
14764,88.361170,22.537468
14765,88.360980,22.537019
14766,88.320569,22.593940
14767,88.321216,22.594110
14768,88.359566,22.539809
14769,88.381999,22.548233
14770,88.383562,22.548546
14771,88.382549,22.547930
14772,88.322360,22.605830
14773,88.322288,22.605487
14774,88.368361,22.518651
14775,88.368541,22.518787
14776,88.383633,22.524953
14777,88.371593,22.531451
14778,88.389178,22.528085
14779,88.388892,22.527553
14780,88.355874,22.522498
14781,88.355179,22.525167
14782,88.355695,22.525172
14783,88.393287,22.534810
14784,88.393219,22.535380
14785,88.388509,22.567233
14786,88.387432,22.566933
14787,88.387235,22.567709
14788,88.395449,22.528957
14789,88.396097,22.528923
14790,88.395535,22.528952
14791,88.395946,22.530656
14792,88.332867,22.509702
14793,88.333132,22.515855
14794,88.323035,22.510031
14795,88.377992,22.532496
14796,88.377635,22.532206
14797,88.370828,22.517077
14798,88.387168,22.571592
14799,88.368965,22.531704
14800,88.390897,22.550717
14801,88.390220,22.549369
14802,88.341297,22.597657
14803,88.341615,22.598410
14804,88.341810,22.597813
14805,88.338185,22.609130
14806,88.356039,22.534597
14807,88.397390,22.531815
14808,88.369184,22.552567
14809,88.386811,22.537706
14810,88.355666,22.522157
14811,88.384520,22.605371
14812,88.370022,22.515590
14813,88.347804,22.564361
14814,88.349225,22.563944
14815,88.351863,22.565974
14816,88.352341,22.566235
14817,88.355228,22.567591
14818,88.355981,22.567956
14819,88.357455,22.568893
14820,88.359377,22.564870
14821,88.359329,22.564916
14822,88.350174,22.563668
14823,88.350054,22.563703
14824,88.350800,22.563471
14825,88.349542,22.569485
14826,88.349370,22.569021
14827,88.349047,22.568117
14828,88.348807,22.567427
14829,88.352226,22.572281
14830,88.350709,22.572723
14831,88.389341,22.571278
14832,88.389998,22.570244
14833,88.390637,22.569411
14834,88.391278,22.568710
14835,88.391865,22.568120
14836,88.392532,22.567382
14837,88.392444,22.567476
14838,88.393543,22.566290
14839,88.394015,22.565778
14840,88.394526,22.565184
14841,88.394952,22.564715
14842,88.395410,22.564231
14843,88.396305,22.563231
14844,88.347892,22.565046
14845,88.348415,22.566381
14846,88.394691,22.599519
14847,88.371125,22.570801
14848,88.372363,22.573424
14849,88.372798,22.574375
14850,88.373411,22.576666
14851,88.373751,22.579179
14852,88.373911,22.580114
14853,88.373962,22.580497
14854,88.374003,22.580692
14855,88.361401,22.546740
14856,88.361809,22.547788
14857,88.361925,22.548102
14858,88.362460,22.549658
14859,88.362786,22.550487
14860,88.363549,22.552363
14861,88.364319,22.554412
14862,88.364967,22.556146
14863,88.365204,22.556732
14864,88.365888,22.558510
14865,88.366109,22.559071
14866,88.366698,22.560649
14867,88.367190,22.561879
14868,88.367819,22.563529
14869,88.368319,22.564762
14870,88.370863,22.570184
14871,88.360045,22.543170
14872,88.357970,22.570482
14873,88.358602,22.572367
14874,88.358643,22.572477
14875,88.358867,22.573082
14876,88.359117,22.573829
14877,88.359283,22.574364
14878,88.359416,22.574771
14879,88.359610,22.575345
14880,88.359800,22.575957
14881,88.360106,22.576927
14882,88.360295,22.577643
14883,88.351535,22.565327
14884,88.360721,22.578850
14885,88.360702,22.578789
14886,88.347950,22.572395
14887,88.347408,22.571071
14888,88.370149,22.568757
14889,88.369058,22.570662
14890,88.368868,22.571012
14891,88.368372,22.571787
14892,88.367924,22.572443
14893,88.367258,22.573491
14894,88.366897,22.574043
14895,88.366824,22.574163
14896,88.366571,22.574551
14897,88.365888,22.575552
14898,88.364117,22.577094
14899,88.360771,22.578714
14900,88.362680,22.577900
14901,88.366175,22.574950
14902,88.368086,22.585545
14903,88.368531,22.585504
14904,88.368963,22.585456
14905,88.369551,22.585378
14906,88.369732,22.585363
14907,88.370202,22.585325
14908,88.370507,22.585303
14909,88.371189,22.585275
14910,88.374766,22.585081
14911,88.374774,22.585143
14912,88.374942,22.585290
14913,88.374876,22.585311
14914,88.374668,22.585161
14915,88.374660,22.585099
14916,88.362944,22.587532
14917,88.363023,22.587853
14918,88.363189,22.588519
14919,88.363424,22.589403
14920,88.363673,22.590301
14921,88.363813,22.590934
14922,88.363908,22.591345
14923,88.363992,22.591709
14924,88.364089,22.592156
14925,88.364209,22.592690
14926,88.364372,22.593459
14927,88.364479,22.593925
14928,88.364582,22.594311
14929,88.364655,22.594608
14930,88.364754,22.595009
14931,88.364966,22.595844
14932,88.365142,22.596405
14933,88.365356,22.597090
14934,88.365600,22.597582
14935,88.365732,22.597856
14936,88.365983,22.598544
14937,88.366087,22.598934
14938,88.366204,22.599347
14939,88.366710,22.600698
14940,88.367117,22.601805
14941,88.367320,22.602462
14942,88.367852,22.603808
14943,88.368306,22.604996
14944,88.368398,22.605274
14945,88.368552,22.605572
14946,88.324409,22.521226
14947,88.324522,22.521961
14948,88.324495,22.521861
14949,88.324547,22.521832
14950,88.324556,22.522080
14951,88.325144,22.524660
14952,88.325821,22.527129
14953,88.325831,22.527181
14954,88.326076,22.528155
14955,88.326666,22.530820
14956,88.327148,22.533432
14957,88.327423,22.536230
14958,88.327435,22.536969
14959,88.327387,22.538113
14960,88.327348,22.538953
14961,88.326921,22.540016
14962,88.326524,22.540513
14963,88.328292,22.515674
14964,88.328235,22.515601
14965,88.399461,22.531797
14966,88.400292,22.532234
14967,88.368827,22.538586
14968,88.368532,22.538633
14969,88.340234,22.599546
14970,88.358895,22.551160
14971,88.359169,22.551613
14972,88.342342,22.590099
14973,88.342493,22.590488
14974,88.341372,22.589917
14975,88.342495,22.590046
14976,88.342401,22.589800
14977,88.368939,22.518625
14978,88.370518,22.517160
14979,88.396384,22.517023
14980,88.395579,22.517087
14981,88.395674,22.518238
14982,88.328516,22.571711
14983,88.332271,22.516073
14984,88.333123,22.515901
14985,88.325921,22.541255
14986,88.366341,22.599719
14987,88.366376,22.599816
14988,88.346467,22.525589
14989,88.370786,22.536424
14990,88.371020,22.536938
14991,88.323266,22.516981
14992,88.324338,22.521229
14993,88.360653,22.578656
14994,88.370199,22.568673
14995,88.369399,22.570038
14996,88.370103,22.568659
14997,88.368765,22.565846
14998,88.366935,22.561288
14999,88.382905,22.539188
15000,88.383652,22.538981
15001,88.383138,22.539122
15002,88.382681,22.539299
15003,88.383183,22.538471
15004,88.383342,22.539065
15005,88.383409,22.539278
15006,88.382865,22.539376
15007,88.338036,22.608044
15008,88.386528,22.534866
15009,88.386345,22.535050
15010,88.368036,22.550135
15011,88.329894,22.606822
15012,88.330032,22.607221
15013,88.329640,22.607492
15014,88.329923,22.607260
15015,88.329831,22.607294
15016,88.329705,22.606849
15017,88.338078,22.609153
15018,88.338617,22.610741
15019,88.338240,22.609632
15020,88.338173,22.611124
15021,88.366480,22.543087
15022,88.323058,22.519790
15023,88.365464,22.530262
15024,88.325316,22.591326
15025,88.325198,22.590305
15026,88.338790,22.601954
15027,88.353377,22.533657
15028,88.363593,22.528525
15029,88.361155,22.522195
15030,88.330391,22.522336
15031,88.330471,22.522209
15032,88.330300,22.522171
15033,88.354259,22.535309
15034,88.349279,22.564041
15035,88.350960,22.563564
15036,88.351207,22.563531
15037,88.369252,22.537372
15038,88.369580,22.536998
15039,88.369405,22.537935
15040,88.369791,22.538187
15041,88.358243,22.540361
15042,88.358682,22.540349
15043,88.358779,22.521929
15044,88.359427,22.522168
15045,88.359419,22.522274
15046,88.348593,22.541466
15047,88.389916,22.562934
15048,88.356144,22.522333
15049,88.386939,22.571105
15050,88.387496,22.572114
15051,88.387750,22.572047
15052,88.387929,22.571996
15053,88.387349,22.570941
15054,88.387266,22.570194
15055,88.387323,22.570356
15056,88.387203,22.570060
15057,88.321381,22.576761
15058,88.321258,22.577755
15059,88.321491,22.577651
15060,88.321377,22.577702
15061,88.321539,22.577316
15062,88.349996,22.570611
15063,88.349714,22.570430
15064,88.374428,22.533307
15065,88.340174,22.599561
15066,88.340368,22.600590
15067,88.340413,22.600900
15068,88.339966,22.600707
15069,88.341336,22.600711
15070,88.341460,22.600078
15071,88.345502,22.606047
15072,88.372277,22.555863
15073,88.376175,22.518925
15074,88.382498,22.552860
15075,88.382599,22.553008
15076,88.382349,22.552939
15077,88.382807,22.552937
15078,88.348654,22.530386
15079,88.348305,22.527548
15080,88.348634,22.527444
15081,88.327926,22.566993
15082,88.323662,22.606841
15083,88.346129,22.602054
15084,88.367849,22.525576
15085,88.363970,22.525095
15086,88.364744,22.524528
15087,88.370949,22.535953
15088,88.341778,22.531164
15089,88.342013,22.531144
15090,88.380785,22.553742
15091,88.381275,22.553849
15092,88.381501,22.552897
15093,88.381537,22.553974
15094,88.380912,22.554157
15095,88.381372,22.554060
15096,88.381330,22.553368
15097,88.372347,22.532748
15098,88.372780,22.532606
15099,88.331665,22.545471
15100,88.324501,22.573287
15101,88.324954,22.572726
15102,88.294970,22.623002
15103,88.399383,22.596851
15104,88.399515,22.596863
15105,88.392378,22.600946
15106,88.392327,22.600954
15107,88.356312,22.555512
15108,88.357071,22.555385
15109,88.379153,22.524133
15110,88.391070,22.606448
15111,88.391175,22.606461
15112,88.380800,22.531286
15113,88.380898,22.530386
15114,88.388607,22.554443
15115,88.383883,22.536233
15116,88.326424,22.572900
15117,88.378398,22.520829
15118,88.396048,22.607935
15119,88.395988,22.608127
15120,88.395729,22.607870
15121,88.396996,22.608337
15122,88.395690,22.608059
15123,88.395014,22.607921
15124,88.395836,22.608092
15125,88.395781,22.608307
15126,88.376006,22.571182
15127,88.359289,22.541246
15128,88.368139,22.529025
15129,88.367529,22.529008
15130,88.367819,22.528604
15131,88.367860,22.528233
15132,88.323012,22.519731
15133,88.388771,22.572367
15134,88.328847,22.547924
15135,88.328563,22.547533
15136,88.361130,22.557670
15137,88.361227,22.557375
15138,88.361290,22.556961
15139,88.361283,22.557666
15140,88.350652,22.575875
15141,88.353275,22.530354
15142,88.333107,22.515857
15143,88.373725,22.511950
15144,88.396185,22.563213
15145,88.396181,22.562873
15146,88.374408,22.511772
15147,88.392868,22.520342
15148,88.392940,22.520045
15149,88.394064,22.597520
15150,88.391029,22.566918
15151,88.334365,22.524333
15152,88.337511,22.523921
15153,88.339743,22.523816
15154,88.338481,22.523886
15155,88.334482,22.524277
15156,88.393353,22.571770
15157,88.382773,22.530931
15158,88.383664,22.532829
15159,88.388441,22.516536
15160,88.329496,22.582147
15161,88.338411,22.594263
15162,88.339433,22.594642
15163,88.339047,22.594739
15164,88.339698,22.595465
15165,88.340101,22.595312
15166,88.340133,22.596652
15167,88.340428,22.596597
15168,88.345231,22.595545
15169,88.341459,22.594134
15170,88.320243,22.610112
15171,88.358426,22.584135
15172,88.384718,22.561793
15173,88.384902,22.562385
15174,88.385816,22.562588
15175,88.384854,22.562201
15176,88.385347,22.562100
15177,88.385362,22.562160
15178,88.386813,22.531977
15179,88.390261,22.514823
15180,88.329689,22.583161
15181,88.329598,22.582826
15182,88.329454,22.582300
15183,88.395680,22.608376
15184,88.395704,22.608291
15185,88.392258,22.570497
15186,88.392667,22.513461
15187,88.391834,22.513548
15188,88.394848,22.588654
15189,88.391119,22.583276
15190,88.388577,22.571591
15191,88.394588,22.520789
15192,88.392686,22.568371
15193,88.382869,22.512117
15194,88.363304,22.542009
15195,88.363379,22.542406
15196,88.378998,22.514088
15197,88.379061,22.514163
15198,88.380429,22.535006
15199,88.380574,22.535026
15200,88.358965,22.522791
15201,88.383158,22.512612
15202,88.385134,22.520761
15203,88.350802,22.524937
15204,88.350796,22.525116
15205,88.320684,22.609989
15206,88.392105,22.529137
15207,88.321607,22.601742
15208,88.323209,22.601011
15209,88.385624,22.526546
15210,88.386300,22.511365
15211,88.353009,22.587286
15212,88.352273,22.587367
15213,88.326037,22.538656
15214,88.341176,22.531422
15215,88.390943,22.534482
15216,88.397788,22.604431
15217,88.337182,22.533200
15218,88.337596,22.533438
15219,88.339828,22.516882
15220,88.340423,22.516855
15221,88.369176,22.601813
15222,88.369515,22.603312
15223,88.370131,22.602407
15224,88.371647,22.603231
15225,88.346568,22.609871
15226,88.348466,22.604024
15227,88.349187,22.604649
15228,88.344445,22.602471
15229,88.345999,22.603881
15230,88.337237,22.607954
15231,88.337064,22.607233
15232,88.337559,22.609264
15233,88.371725,22.595056
15234,88.344896,22.599912
15235,88.347210,22.511332
15236,88.338240,22.593907
15237,88.337777,22.594434
15238,88.343902,22.592236
15239,88.365852,22.597885
15240,88.372631,22.594664
15241,88.368724,22.598021
15242,88.344701,22.563917
15243,88.344759,22.564077
15244,88.340371,22.516385
15245,88.375668,22.585056
15246,88.375899,22.585915
15247,88.326257,22.568506
15248,88.323503,22.606319
15249,88.320722,22.539755
15250,88.320237,22.539864
15251,88.324148,22.595839
15252,88.319931,22.589724
15253,88.320240,22.589231
15254,88.322570,22.584568
15255,88.322394,22.584726
15256,88.322563,22.584736
15257,88.323275,22.606356
15258,88.335968,22.594830
15259,88.335724,22.593999
15260,88.320008,22.609313
15261,88.321550,22.585320
15262,88.322320,22.586742
15263,88.326320,22.586034
15264,88.326448,22.585473
15265,88.326367,22.586027
15266,88.326609,22.586319
15267,88.325669,22.588186
15268,88.366609,22.590598
15269,88.331524,22.593847
15270,88.329468,22.596660
15271,88.373814,22.591355
15272,88.323477,22.595505
15273,88.319255,22.597369
15274,88.331453,22.608175
15275,88.320711,22.580998
15276,88.329835,22.593816
15277,88.329747,22.593433
15278,88.328513,22.590415
15279,88.369052,22.560143
15280,88.329335,22.590325
15281,88.326452,22.597843
15282,88.326489,22.596808
15283,88.331561,22.588646
15284,88.329803,22.588182
15285,88.329869,22.587603
15286,88.339786,22.588370
15287,88.321872,22.582131
15288,88.325824,22.581187
15289,88.325669,22.580658
15290,88.367967,22.572165
15291,88.368135,22.605980
15292,88.368184,22.571109
15293,88.368649,22.571099
15294,88.368589,22.605197
15295,88.367499,22.573119
15296,88.368339,22.573164
15297,88.327745,22.511888
15298,88.327657,22.511372
15299,88.330349,22.579632
15300,88.369269,22.553241
15301,88.369308,22.553665
15302,88.370254,22.552633
15303,88.376022,22.552325
15304,88.362219,22.576850
15305,88.373946,22.551507
15306,88.369122,22.553184
15307,88.369612,22.551468
15308,88.367652,22.550523
15309,88.366847,22.550639
15310,88.369776,22.548685
15311,88.369709,22.548502
15312,88.366395,22.581406
15313,88.331880,22.575343
15314,88.331716,22.574937
15315,88.368474,22.546412
15316,88.368195,22.545973
15317,88.370932,22.544696
15318,88.371145,22.544695
15319,88.370876,22.549411
15320,88.370489,22.549447
15321,88.373316,22.549971
15322,88.370491,22.545687
15323,88.335845,22.547819
15324,88.349670,22.605672
15325,88.349798,22.606020
15326,88.350110,22.607562
15327,88.350204,22.607778
15328,88.350406,22.608119
15329,88.332431,22.542008
15330,88.352223,22.606127
15331,88.352516,22.606523
15332,88.377030,22.520417
15333,88.349602,22.601197
15334,88.349816,22.601288
15335,88.349163,22.599401
15336,88.353246,22.594460
15337,88.352805,22.594247
15338,88.355220,22.596126
15339,88.355599,22.596587
15340,88.355963,22.596017
15341,88.373184,22.519436
15342,88.369614,22.515627
15343,88.355149,22.597573
15344,88.355375,22.597379
15345,88.353581,22.596405
15346,88.353763,22.596297
15347,88.368179,22.516608
15348,88.374120,22.517806
15349,88.399156,22.515802
15350,88.399674,22.522629
15351,88.378900,22.532246
15352,88.378929,22.532519
15353,88.378857,22.531979
15354,88.377558,22.531316
15355,88.377582,22.531923
15356,88.380113,22.533114
15357,88.380391,22.533057
15358,88.379500,22.533521
15359,88.379498,22.533180
15360,88.381432,22.533166
15361,88.398705,22.521939
15362,88.398935,22.521901
15363,88.398964,22.522224
15364,88.398739,22.522420
15365,88.399128,22.523076
15366,88.398714,22.522244
15367,88.398804,22.522642
15368,88.399011,22.522600
15369,88.398478,22.521658
15370,88.398729,22.521665
15371,88.380822,22.533138
15372,88.381425,22.533228
15373,88.381883,22.533076
15374,88.377726,22.530603
15375,88.377771,22.530906
15376,88.379149,22.530553
15377,88.379437,22.530535
15378,88.380064,22.530801
15379,88.380265,22.530747
15380,88.379167,22.528897
15381,88.379205,22.528142
15382,88.378663,22.528234
15383,88.379197,22.528250
15384,88.379804,22.528947
15385,88.379819,22.528550
15386,88.379828,22.527882
15387,88.380067,22.527502
15388,88.380313,22.526690
15389,88.379629,22.527115
15390,88.370987,22.509889
15391,88.328549,22.523439
15392,88.365379,22.569112
15393,88.358406,22.523314
15394,88.317842,22.538567
15395,88.317850,22.538655
15396,88.366937,22.523819
15397,88.369816,22.533993
15398,88.366821,22.530424
15399,88.362241,22.526461
15400,88.354715,22.570305
15401,88.355002,22.570249
15402,88.364316,22.525272
15403,88.399567,22.509167
15404,88.350615,22.559081
15405,88.351123,22.559005
15406,88.362377,22.542160
15407,88.361712,22.541943
15408,88.396993,22.520195
15409,88.359308,22.550395
15410,88.359021,22.549913
15411,88.362212,22.542781
15412,88.359519,22.541542
15413,88.359890,22.541406
15414,88.364644,22.534380
15415,88.365275,22.596370
15416,88.364638,22.593899
15417,88.364125,22.591685
15418,88.398365,22.571040
15419,88.398516,22.571277
15420,88.398700,22.571238
15421,88.398680,22.571021
15422,88.393524,22.522994
15423,88.393521,22.522888
15424,88.363508,22.590346
15425,88.366143,22.598757
15426,88.365764,22.598500
15427,88.364259,22.593947
15428,88.362838,22.587082
15429,88.382325,22.523736
15430,88.387278,22.523604
15431,88.378147,22.522781
15432,88.378242,22.523079
15433,88.378105,22.523120
15434,88.386655,22.522015
15435,88.386759,22.522269
15436,88.381667,22.518308
15437,88.381847,22.518551
15438,88.382120,22.518020
15439,88.382199,22.518297
15440,88.383100,22.553401
15441,88.382722,22.553501
15442,88.382337,22.552664
15443,88.385219,22.512003
15444,88.384004,22.545764
15445,88.382510,22.547808
15446,88.385570,22.548082
15447,88.385551,22.548227
15448,88.385512,22.548439
15449,88.377424,22.542189
15450,88.388498,22.584553
15451,88.387873,22.584734
15452,88.379294,22.541719
15453,88.397459,22.556086
15454,88.398284,22.555718
15455,88.389915,22.603808
15456,88.390644,22.604360
15457,88.390075,22.604386
15458,88.389119,22.589394
15459,88.388833,22.588925
15460,88.388604,22.608327
15461,88.393690,22.598385
15462,88.393774,22.598346
15463,88.379014,22.584376
15464,88.394595,22.599768
15465,88.394693,22.599989
15466,88.394018,22.607386
15467,88.394261,22.607392
15468,88.380351,22.577305
15469,88.382145,22.570099
15470,88.366472,22.555697
15471,88.385914,22.554744
15472,88.385622,22.555338
15473,88.390951,22.563901
15474,88.391046,22.564352
15475,88.394187,22.563263
15476,88.393098,22.525061
15477,88.391707,22.563753
15478,88.391812,22.564370
15479,88.394480,22.563205
15480,88.394420,22.562792
15481,88.356779,22.518186
15482,88.357015,22.518080
15483,88.356978,22.518222
15484,88.395863,22.512041
15485,88.391340,22.559645
15486,88.392279,22.557781
15487,88.392899,22.557657
15488,88.392607,22.557729
15489,88.390738,22.513390
15490,88.398757,22.599982
15491,88.386837,22.568851
15492,88.386864,22.569204
15493,88.386773,22.568243
15494,88.386679,22.568851
15495,88.380510,22.565938
15496,88.380621,22.565765
15497,88.381458,22.565628
15498,88.380569,22.565490
15499,88.382036,22.564779
15500,88.383834,22.534950
15501,88.383230,22.535066
15502,88.381667,22.535417
15503,88.356012,22.596023
15504,88.356316,22.595039
15505,88.390324,22.517149
15506,88.390780,22.517639
15507,88.357774,22.596120
15508,88.357489,22.595792
15509,88.394469,22.542966
15510,88.394644,22.544846
15511,88.387958,22.568604
15512,88.387819,22.568113
15513,88.380571,22.533473
15514,88.357018,22.597437
15515,88.390680,22.522330
15516,88.386847,22.559942
15517,88.386212,22.560141
15518,88.394554,22.522543
15519,88.385787,22.560977
15520,88.385693,22.560653
15521,88.388129,22.564466
15522,88.388583,22.564756
15523,88.386028,22.563609
15524,88.385763,22.563763
15525,88.388036,22.561248
15526,88.388120,22.561623
15527,88.378535,22.535225
15528,88.379769,22.533885
15529,88.379516,22.533908
15530,88.380566,22.535818
15531,88.380660,22.536194
15532,88.385361,22.563073
15533,88.394203,22.524397
15534,88.393360,22.524210
15535,88.378518,22.538680
15536,88.378188,22.538784
15537,88.391885,22.524219
15538,88.394384,22.520829
15539,88.388092,22.537666
15540,88.387508,22.538187
15541,88.391563,22.521318
15542,88.386453,22.537473
15543,88.386554,22.536582
15544,88.386498,22.536274
15545,88.391420,22.526148
15546,88.391527,22.526415
15547,88.391740,22.527105
15548,88.390934,22.526634
15549,88.394364,22.546125
15550,88.394399,22.546114
15551,88.391287,22.544897
15552,88.391632,22.544210
15553,88.389477,22.549454
15554,88.389297,22.549005
15555,88.391710,22.549525
15556,88.391006,22.549638
15557,88.378972,22.563787
15558,88.378986,22.564070
15559,88.391946,22.529205
15560,88.392281,22.524390
15561,88.397312,22.528782
15562,88.383529,22.531148
15563,88.385259,22.530436
15564,88.385453,22.531258
15565,88.361404,22.528428
15566,88.358330,22.526146
15567,88.339397,22.591926
15568,88.338967,22.592076
15569,88.398200,22.513178
15570,88.399560,22.513240
15571,88.399524,22.513006
15572,88.359383,22.524031
15573,88.360131,22.524022
15574,88.386924,22.564371
15575,88.386641,22.563523
15576,88.386014,22.563528
15577,88.386999,22.564355
15578,88.386969,22.563783
15579,88.387987,22.534276
15580,88.387344,22.534303
15581,88.382092,22.529787
15582,88.366305,22.564445
15583,88.367116,22.565872
15584,88.366776,22.565945
15585,88.390802,22.525037
15586,88.391087,22.525525
15587,88.364535,22.520426
15588,88.364649,22.519711
15589,88.356516,22.571583
15590,88.391588,22.525599
15591,88.392022,22.525423
15592,88.385346,22.533443
15593,88.391361,22.525133
15594,88.358445,22.571899
15595,88.357265,22.571912
15596,88.357158,22.571437
15597,88.357325,22.572158
15598,88.355870,22.571858
15599,88.355666,22.571227
15600,88.358645,22.526889
15601,88.371902,22.599978
15602,88.361497,22.560423
15603,88.390930,22.528650
15604,88.391370,22.528579
15605,88.390177,22.526493
15606,88.349910,22.567385
15607,88.349291,22.567118
15608,88.390504,22.526076
15609,88.357086,22.567072
15610,88.357310,22.567733
15611,88.397221,22.525015
15612,88.396963,22.525075
15613,88.367628,22.536850
15614,88.350908,22.565527
15615,88.351086,22.566052
15616,88.349569,22.566665
15617,88.348707,22.566909
15618,88.352085,22.578615
15619,88.365267,22.524223
15620,88.364911,22.524239
15621,88.352580,22.558855
15622,88.352926,22.558801
15623,88.337131,22.589056
15624,88.376009,22.596457
15625,88.367697,22.531773
15626,88.368099,22.531701
15627,88.354723,22.563362
15628,88.352163,22.570299
15629,88.378325,22.592068
15630,88.378220,22.591757
15631,88.353951,22.563700
15632,88.374037,22.596056
15633,88.343190,22.586564
15634,88.344053,22.586337
15635,88.341851,22.590274
15636,88.351989,22.578390
15637,88.354127,22.560723
15638,88.355125,22.561251
15639,88.368259,22.535918
15640,88.368609,22.535721
15641,88.368090,22.535711
15642,88.368309,22.535611
15643,88.353925,22.556640
15644,88.354042,22.557003
15645,88.390137,22.593024
15646,88.390343,22.592938
15647,88.390563,22.593243
15648,88.350871,22.575483
15649,88.351338,22.575604
15650,88.329442,22.522229
15651,88.330249,22.521372
15652,88.350403,22.547291
15653,88.393961,22.590896
15654,88.393771,22.590164
15655,88.394148,22.590850
15656,88.393729,22.590677
15657,88.394083,22.590594
15658,88.393662,22.590436
15659,88.394019,22.590338
15660,88.393830,22.590390
15661,88.393894,22.590638
15662,88.394369,22.590792
15663,88.349687,22.575678
15664,88.377841,22.606370
15665,88.377674,22.605924
15666,88.377815,22.605643
15667,88.377864,22.605884
15668,88.345385,22.567377
15669,88.367942,22.602218
15670,88.367505,22.602388
15671,88.376462,22.596616
15672,88.376352,22.596330
15673,88.359852,22.543219
15674,88.359775,22.543004
15675,88.364679,22.541879
15676,88.371411,22.572507
15677,88.373348,22.603272
15678,88.342364,22.592678
15679,88.342131,22.592210
15680,88.341888,22.591754
15681,88.342636,22.592038
15682,88.342583,22.592053
15683,88.342507,22.591851
15684,88.359054,22.595695
15685,88.365762,22.602695
15686,88.364046,22.600314
15687,88.363910,22.600098
15688,88.373944,22.600694
15689,88.373649,22.600650
15690,88.361703,22.540489
15691,88.362014,22.540502
15692,88.362508,22.532505
15693,88.351701,22.520798
15694,88.351334,22.520082
15695,88.368246,22.599390
15696,88.367925,22.599325
15697,88.369504,22.571018
15698,88.369827,22.571313
15699,88.365359,22.572069
15700,88.340204,22.594344
15701,88.340058,22.593855
15702,88.354481,22.521094
15703,88.354445,22.520945
15704,88.354398,22.520794
15705,88.354636,22.520911
15706,88.354335,22.521143
15707,88.354232,22.520865
15708,88.354279,22.520991
15709,88.354401,22.520809
15710,88.354608,22.520761
15711,88.356731,22.541048
15712,88.356522,22.540567
15713,88.369103,22.607916
15714,88.364374,22.539992
15715,88.361421,22.544005
15716,88.361384,22.544664
15717,88.365468,22.570447
15718,88.376469,22.571023
15719,88.376725,22.570412
15720,88.353322,22.522309
15721,88.353590,22.522285
15722,88.353958,22.522246
15723,88.353564,22.522034
15724,88.353781,22.522262
15725,88.353749,22.522018
15726,88.367235,22.538818
15727,88.367490,22.538719
15728,88.367117,22.570913
15729,88.338774,22.593158
15730,88.339017,22.593061
15731,88.344243,22.593729
15732,88.344698,22.593684
15733,88.372952,22.569676
15734,88.371196,22.576242
15735,88.360170,22.539197
15736,88.356221,22.593309
15737,88.356503,22.593544
15738,88.366713,22.571578
15739,88.366674,22.571378
15740,88.346002,22.513187
15741,88.346875,22.513153
15742,88.367203,22.571368
15743,88.369510,22.569557
15744,88.354297,22.523863
15745,88.354133,22.523612
15746,88.356150,22.543661
15747,88.356661,22.543515
15748,88.360771,22.537821
15749,88.360460,22.537830
15750,88.361359,22.536458
15751,88.361608,22.536590
15752,88.366303,22.570600
15753,88.364999,22.595429
15754,88.362170,22.548786
15755,88.361467,22.549040
15756,88.361129,22.549121
15757,88.361571,22.549299
15758,88.361273,22.549412
15759,88.362074,22.549139
15760,88.349420,22.524723
15761,88.349439,22.524401
15762,88.349091,22.524695
15763,88.349086,22.524382
15764,88.349457,22.525244
15765,88.348664,22.525535
15766,88.348581,22.525171
15767,88.349021,22.525443
15768,88.348960,22.525176
15769,88.342069,22.518897
15770,88.340503,22.518709
15771,88.341397,22.518727
15772,88.368201,22.574058
15773,88.353837,22.594148
15774,88.357410,22.540255
15775,88.359960,22.547656
15776,88.360651,22.547947
15777,88.361680,22.577793
15778,88.361548,22.577324
15779,88.326794,22.520544
15780,88.327153,22.520496
15781,88.322965,22.525825
15782,88.348610,22.526598
15783,88.348539,22.526114
15784,88.348465,22.525593
15785,88.348566,22.525979
15786,88.349627,22.526056
15787,88.349983,22.526018
15788,88.349420,22.526475
15789,88.349289,22.525984
15790,88.349573,22.525186
15791,88.349646,22.525330
15792,88.372114,22.569848
15793,88.371952,22.569515
15794,88.343877,22.512085
15795,88.344420,22.512073
15796,88.354426,22.533367
15797,88.354195,22.533824
15798,88.365404,22.578052
15799,88.365397,22.577403
15800,88.339877,22.512911
15801,88.340386,22.512876
15802,88.339772,22.511715
15803,88.361844,22.578322
15804,88.371950,22.579080
15805,88.361868,22.577435
15806,88.354607,22.532603
15807,88.354263,22.532640
15808,88.349712,22.530351
15809,88.353256,22.533021
15810,88.354596,22.532310
15811,88.355185,22.532144
15812,88.363442,22.578097
15813,88.359648,22.578131
15814,88.359385,22.578179
15815,88.387836,22.537166
15816,88.388040,22.537157
15817,88.367558,22.576975
15818,88.367346,22.577032
15819,88.364424,22.577088
15820,88.364766,22.576994
15821,88.350347,22.526577
15822,88.350639,22.526228
15823,88.352242,22.525950
15824,88.352227,22.526327
15825,88.322648,22.527023
15826,88.367216,22.576752
15827,88.368792,22.559321
15828,88.369919,22.541082
15829,88.384625,22.530497
15830,88.369226,22.541217
15831,88.368911,22.541278
15832,88.369897,22.595678
15833,88.352027,22.529223
15834,88.352475,22.529078
15835,88.364285,22.539420
15836,88.364555,22.539387
15837,88.399593,22.574539
15838,88.348471,22.529842
15839,88.348467,22.529428
15840,88.347899,22.528891
15841,88.347910,22.529287
15842,88.342689,22.519614
15843,88.342698,22.519395
15844,88.371719,22.561289
15845,88.372192,22.560791
15846,88.371926,22.561902
15847,88.371621,22.561804
15848,88.371911,22.561819
15849,88.371624,22.561790
15850,88.342417,22.510971
15851,88.367969,22.516173
15852,88.368174,22.516009
15853,88.349820,22.531007
15854,88.367427,22.519060
15855,88.367780,22.519345
15856,88.367442,22.519243
15857,88.378242,22.547069
15858,88.377830,22.546823
15859,88.377702,22.546876
15860,88.377536,22.546499
15861,88.368678,22.557399
15862,88.369621,22.557369
15863,88.354459,22.530399
15864,88.374750,22.529860
15865,88.375532,22.529785
15866,88.367105,22.519581
15867,88.367005,22.519803
15868,88.356882,22.532969
15869,88.374802,22.530844
15870,88.374556,22.530726
15871,88.377127,22.542234
15872,88.356993,22.538975
15873,88.357354,22.538895
15874,88.377118,22.533488
15875,88.377306,22.530017
15876,88.377240,22.529542
15877,88.354990,22.536691
15878,88.355089,22.537127
15879,88.325166,22.537647
15880,88.382828,22.578029
15881,88.383225,22.578427
15882,88.326497,22.538336
15883,88.326657,22.538600
15884,88.375498,22.533122
15885,88.385232,22.577840
15886,88.384743,22.578087
15887,88.368889,22.568289
15888,88.372153,22.534139
15889,88.369239,22.530655
15890,88.369454,22.530662
15891,88.369439,22.530383
15892,88.387960,22.570033
15893,88.388379,22.570213
15894,88.368360,22.532170
15895,88.323492,22.530988
15896,88.323448,22.530611
15897,88.368758,22.550071
15898,88.369154,22.549732
15899,88.352148,22.530207
15900,88.372222,22.532519
15901,88.371909,22.532640
15902,88.387411,22.571504
15903,88.387170,22.571021
15904,88.385952,22.571173
15905,88.386530,22.568848
15906,88.376188,22.564796
15907,88.371421,22.532029
15908,88.371318,22.532242
15909,88.351857,22.534845
15910,88.377166,22.555729
15911,88.377438,22.555835
15912,88.377851,22.564801
15913,88.378308,22.564734
15914,88.386651,22.572629
15915,88.386906,22.572242
15916,88.350864,22.532160
15917,88.350559,22.532162
15918,88.371027,22.533160
15919,88.371455,22.532947
15920,88.375790,22.557012
15921,88.369179,22.548597
15922,88.368715,22.548596
15923,88.353343,22.534097
15924,88.352722,22.534413
15925,88.370382,22.536875
15926,88.370732,22.536741
15927,88.371799,22.536006
15928,88.371768,22.535762
15929,88.376215,22.538557
15930,88.376670,22.539516
15931,88.376415,22.539781
15932,88.371747,22.536722
15933,88.371855,22.537008
15934,88.395408,22.568312
15935,88.394928,22.568401
15936,88.394109,22.568469
15937,88.395510,22.567339
15938,88.395756,22.567213
15939,88.396806,22.567127
15940,88.397879,22.568437
15941,88.390527,22.568425
15942,88.389783,22.550595
15943,88.389045,22.568096
15944,88.389140,22.568553
15945,88.391584,22.554913
15946,88.391476,22.554531
15947,88.390961,22.555219
15948,88.390785,22.554775
15949,88.398494,22.556680
15950,88.390815,22.554344
15951,88.396865,22.555162
15952,88.397694,22.554919
15953,88.391858,22.554354
15954,88.392199,22.554776
15955,88.392137,22.554413
15956,88.390701,22.552580
15957,88.390908,22.552138
15958,88.389173,22.562741
15959,88.389081,22.562516
15960,88.389447,22.562617
15961,88.389371,22.562899
15962,88.391166,22.558969
15963,88.390095,22.564081
15964,88.390146,22.564370
15965,88.388905,22.556997
15966,88.388788,22.557833
15967,88.392235,22.559430
15968,88.392086,22.559031
15969,88.370367,22.539566
15970,88.370178,22.539329
15971,88.390854,22.553238
15972,88.370739,22.539299
15973,88.370071,22.538859
15974,88.370009,22.538559
15975,88.396272,22.511032
15976,88.390850,22.559056
15977,88.372218,22.533586
15978,88.389584,22.559243
15979,88.390209,22.559117
15980,88.397567,22.550027
15981,88.397215,22.549587
15982,88.394148,22.513003
15983,88.390705,22.513052
15984,88.389926,22.513175
15985,88.347392,22.531325
15986,88.347538,22.531835
15987,88.391027,22.518021
15988,88.388870,22.519492
15989,88.388563,22.520000
15990,88.393662,22.516059
15991,88.371365,22.559267
15992,88.371268,22.558864
15993,88.370846,22.557389
15994,88.348164,22.531477
15995,88.348129,22.531122
15996,88.372701,22.559067
15997,88.372839,22.559824
15998,88.396303,22.511256
15999,88.396108,22.511262
16000,88.344284,22.526341
16001,88.344567,22.526325
16002,88.347171,22.531398
16003,88.347116,22.531167
16004,88.393447,22.564015
16005,88.393159,22.563795
16006,88.394497,22.563202
16007,88.394387,22.563604
16008,88.357907,22.552596
16009,88.358649,22.552409
16010,88.357908,22.552554
16011,88.357559,22.552491
16012,88.359196,22.552002
16013,88.359933,22.553603
16014,88.359842,22.553190
16015,88.360627,22.553181
16016,88.359764,22.552832
16017,88.360113,22.552748
16018,88.360086,22.553121
16019,88.359995,22.552776
16020,88.360494,22.553602
16021,88.360569,22.553366
16022,88.373588,22.555256
16023,88.373884,22.555184
16024,88.346654,22.537796
16025,88.347275,22.537725
16026,88.395513,22.513008
16027,88.395856,22.512987
16028,88.368111,22.518846
16029,88.367728,22.518870
16030,88.370254,22.554791
16031,88.370854,22.554696
16032,88.371433,22.553970
16033,88.345965,22.536596
16034,88.346124,22.536541
16035,88.346163,22.536815
16036,88.365046,22.515749
16037,88.364965,22.515408
16038,88.344277,22.537802
16039,88.360802,22.552769
16040,88.369238,22.554344
16041,88.368982,22.554023
16042,88.381689,22.581202
16043,88.381307,22.581312
16044,88.376119,22.554682
16045,88.376351,22.554618
16046,88.344603,22.537947
16047,88.360067,22.553605
16048,88.360071,22.554327
16049,88.360044,22.554166
16050,88.361232,22.554597
16051,88.374600,22.554495
16052,88.372170,22.558307
16053,88.375669,22.552807
16054,88.376053,22.552752
16055,88.385758,22.584107
16056,88.385768,22.585027
16057,88.378312,22.554825
16058,88.370279,22.551732
16059,88.370737,22.551698
16060,88.372682,22.553100
16061,88.373200,22.553014
16062,88.384223,22.585833
16063,88.359257,22.553622
16064,88.378092,22.554857
16065,88.363074,22.517704
16066,88.363094,22.518083
16067,88.360979,22.553138
16068,88.361911,22.554350
16069,88.361430,22.553568
16070,88.362094,22.554211
16071,88.362043,22.554074
16072,88.362249,22.554008
16073,88.376371,22.556224
16074,88.342720,22.530716
16075,88.342759,22.530992
16076,88.363800,22.518152
16077,88.383730,22.587486
16078,88.344953,22.529922
16079,88.345000,22.530244
16080,88.364921,22.517350
16081,88.372304,22.555962
16082,88.359492,22.516419
16083,88.359763,22.513818
16084,88.364752,22.551047
16085,88.364926,22.550659
16086,88.365686,22.551015
16087,88.365158,22.551091
16088,88.364765,22.551995
16089,88.365236,22.551803
16090,88.357047,22.540256
16091,88.386523,22.554754
16092,88.382850,22.555664
16093,88.382701,22.555382
16094,88.360386,22.515909
16095,88.361237,22.516010
16096,88.388260,22.559281
16097,88.365859,22.514019
16098,88.366000,22.514318
16099,88.365940,22.514191
16100,88.366172,22.514118
16101,88.381723,22.550241
16102,88.382194,22.550063
16103,88.382659,22.551471
16104,88.382693,22.552123
16105,88.378616,22.550343
16106,88.378722,22.550900
16107,88.363850,22.555784
16108,88.363823,22.556479
16109,88.363683,22.556020
16110,88.363475,22.556070
16111,88.363889,22.555979
16112,88.362237,22.556054
16113,88.361916,22.556806
16114,88.362345,22.557366
16115,88.362718,22.556688
16116,88.363100,22.557989
16117,88.363067,22.557786
16118,88.380390,22.549897
16119,88.361215,22.558817
16120,88.361479,22.558794
16121,88.361515,22.558962
16122,88.361250,22.559021
16123,88.360372,22.558887
16124,88.360461,22.559266
16125,88.388131,22.555068
16126,88.388105,22.554722
16127,88.361027,22.559522
16128,88.361318,22.560218
16129,88.361486,22.560106
16130,88.360791,22.559500
16131,88.360327,22.559765
16132,88.359841,22.559903
16133,88.360061,22.560447
16134,88.360545,22.560288
16135,88.388961,22.532621
16136,88.388661,22.532564
16137,88.388987,22.532719
16138,88.389563,22.533582
16139,88.392558,22.533294
16140,88.392192,22.532238
16141,88.360162,22.557879
16142,88.359553,22.557905
16143,88.359004,22.557721
16144,88.359241,22.557706
16145,88.359247,22.557487
16146,88.359389,22.557748
16147,88.359721,22.557446
16148,88.385743,22.529920
16149,88.385709,22.529676
16150,88.389533,22.530686
16151,88.389306,22.529847
16152,88.389325,22.530117
16153,88.389566,22.530088
16154,88.389873,22.531862
16155,88.385784,22.530171
16156,88.386715,22.527984
16157,88.386935,22.528554
16158,88.386121,22.528088
16159,88.386254,22.528641
16160,88.387234,22.529173
16161,88.387143,22.528715
16162,88.387450,22.529555
16163,88.387277,22.529594
16164,88.388067,22.530043
16165,88.387976,22.529296
16166,88.385691,22.529398
16167,88.398685,22.574727
16168,88.344251,22.525306
16169,88.344387,22.525661
16170,88.341602,22.526426
16171,88.342266,22.526328
16172,88.341430,22.521931
16173,88.341893,22.521995
16174,88.382826,22.527714
16175,88.383418,22.527664
16176,88.347339,22.520486
16177,88.347593,22.520697
16178,88.385375,22.527090
16179,88.385848,22.527057
16180,88.380420,22.528229
16181,88.380248,22.528974
16182,88.379997,22.529485
16183,88.378725,22.526851
16184,88.383080,22.526649
16185,88.383152,22.527313
16186,88.382918,22.526705
16187,88.382958,22.526930
16188,88.382562,22.529125
16189,88.382697,22.528862
16190,88.344750,22.527865
16191,88.380247,22.529237
16192,88.380435,22.529338
16193,88.342020,22.529010
16194,88.356507,22.550573
16195,88.357113,22.550828
16196,88.382113,22.525545
16197,88.382418,22.525784
16198,88.367362,22.581546
16199,88.367285,22.581215
16200,88.380711,22.525947
16201,88.380226,22.525953
16202,88.382516,22.526074
16203,88.382746,22.526260
16204,88.382504,22.526022
16205,88.382565,22.526284
16206,88.383167,22.526260
16207,88.383014,22.525879
16208,88.369933,22.539030
16209,88.348447,22.600922
16210,88.348186,22.601580
16211,88.351726,22.605639
16212,88.351678,22.605570
16213,88.352962,22.604896
16214,88.363092,22.584091
16215,88.362676,22.583910
16216,88.362576,22.583689
16217,88.351470,22.605805
16218,88.382467,22.525852
16219,88.366166,22.585047
16220,88.366064,22.585796
16221,88.366044,22.584316
16222,88.366073,22.584460
16223,88.365818,22.584545
16224,88.365953,22.585332
16225,88.382188,22.526083
16226,88.381720,22.524514
16227,88.381465,22.524332
16228,88.366224,22.585193
16229,88.366718,22.585082
16230,88.366732,22.585278
16231,88.366445,22.585330
16232,88.366519,22.585509
16233,88.382831,22.524681
16234,88.382831,22.524050
16235,88.338057,22.534183
16236,88.337665,22.533985
16237,88.364328,22.585131
16238,88.364586,22.585714
16239,88.383818,22.524905
16240,88.383904,22.525124
16241,88.386761,22.524675
16242,88.386377,22.524326
16243,88.386551,22.524200
16244,88.386601,22.523757
16245,88.387345,22.523031
16246,88.387279,22.522744
16247,88.387795,22.522883
16248,88.387719,22.522633
16249,88.363403,22.585822
16250,88.363040,22.585896
16251,88.387096,22.522358
16252,88.387781,22.522014
16253,88.388210,22.522148
16254,88.384330,22.544948
16255,88.384622,22.544836
16256,88.385674,22.521018
16257,88.382216,22.520868
16258,88.384673,22.545011
16259,88.384543,22.544564
16260,88.384990,22.544370
16261,88.384514,22.544485
16262,88.384692,22.544811
16263,88.359972,22.596594
16264,88.366452,22.597680
16265,88.366056,22.596857
16266,88.381409,22.544948
16267,88.381911,22.544841
16268,88.362556,22.598583
16269,88.362352,22.598105
16270,88.380786,22.544332
16271,88.362175,22.584377
16272,88.361845,22.583929
16273,88.379966,22.544060
16274,88.381166,22.543287
16275,88.381844,22.543196
16276,88.386908,22.525451
16277,88.386511,22.525511
16278,88.387245,22.525872
16279,88.386982,22.526711
16280,88.386913,22.526499
16281,88.381294,22.544227
16282,88.381649,22.544147
16283,88.383199,22.522705
16284,88.378832,22.519734
16285,88.379051,22.520196
16286,88.383775,22.542053
16287,88.383059,22.542097
16288,88.385374,22.543034
16289,88.385688,22.543012
16290,88.385200,22.542447
16291,88.385661,22.542430
16292,88.360077,22.591826
16293,88.360499,22.591730
16294,88.381555,22.609735
16295,88.380760,22.609212
16296,88.376250,22.580839
16297,88.337992,22.518013
16298,88.337371,22.518026
16299,88.385038,22.548349
16300,88.385175,22.548680
16301,88.380537,22.546710
16302,88.380057,22.546837
16303,88.363648,22.599826
16304,88.363586,22.599637
16305,88.375058,22.581623
16306,88.374923,22.581019
16307,88.330064,22.518682
16308,88.329343,22.518653
16309,88.375856,22.517231
16310,88.375765,22.517672
16311,88.375682,22.517595
16312,88.375388,22.517651
16313,88.372038,22.512939
16314,88.381171,22.547901
16315,88.381014,22.547699
16316,88.380728,22.546724
16317,88.379964,22.548427
16318,88.379158,22.548887
16319,88.376330,22.516074
16320,88.376061,22.516138
16321,88.380665,22.549799
16322,88.381340,22.597691
16323,88.382927,22.597040
16324,88.383185,22.596937
16325,88.372533,22.512553
16326,88.372894,22.512425
16327,88.373226,22.512338
16328,88.381831,22.548263
16329,88.378659,22.547334
16330,88.379333,22.547839
16331,88.379759,22.547606
16332,88.370824,22.520860
16333,88.370779,22.520605
16334,88.370419,22.520679
16335,88.370949,22.520442
16336,88.380594,22.546904
16337,88.370321,22.511027
16338,88.370335,22.511266
16339,88.378824,22.543685
16340,88.378303,22.543534
16341,88.377889,22.540831
16342,88.378670,22.541177
16343,88.371350,22.520746
16344,88.371296,22.520406
16345,88.375142,22.519897
16346,88.368870,22.521058
16347,88.371346,22.519617
16348,88.370976,22.518772
16349,88.370707,22.518313
16350,88.370548,22.518375
16351,88.370675,22.518635
16352,88.370434,22.519497
16353,88.375423,22.521383
16354,88.374989,22.521421
16355,88.377760,22.520299
16356,88.375449,22.524313
16357,88.371065,22.523135
16358,88.398683,22.607206
16359,88.398899,22.606341
16360,88.385028,22.603704
16361,88.374936,22.525190
16362,88.375659,22.524576
16363,88.374863,22.524713
16364,88.374833,22.524380
16365,88.375005,22.525792
16366,88.375407,22.525747
16367,88.375328,22.526403
16368,88.375234,22.526049
16369,88.375221,22.525768
16370,88.376945,22.524208
16371,88.376764,22.523906
16372,88.384873,22.609014
16373,88.385323,22.608860
16374,88.385149,22.608921
16375,88.385078,22.608689
16376,88.368806,22.528435
16377,88.368561,22.528443
16378,88.376738,22.529207
16379,88.376651,22.528759
16380,88.377228,22.524688
16381,88.370448,22.529164
16382,88.370278,22.528841
16383,88.370419,22.526581
16384,88.370425,22.526988
16385,88.371463,22.525692
16386,88.341470,22.523791
16387,88.350144,22.518860
16388,88.349699,22.518904
16389,88.382201,22.509235
16390,88.390859,22.556407
16391,88.390984,22.513386
16392,88.390942,22.512939
16393,88.323959,22.541960
16394,88.345996,22.570966
16395,88.378376,22.518841
16396,88.378991,22.518861
16397,88.388635,22.608909
16398,88.382152,22.517173
16399,88.390322,22.605704
16400,88.390298,22.605237
16401,88.397476,22.605557
16402,88.394532,22.602394
16403,88.393959,22.606470
16404,88.394275,22.606445
16405,88.394518,22.606423
16406,88.395962,22.606726
16407,88.396239,22.606823
16408,88.372821,22.602979
16409,88.397890,22.604785
16410,88.398077,22.605193
16411,88.397826,22.605281
16412,88.395629,22.604048
16413,88.369049,22.608194
16414,88.347651,22.535591
16415,88.384347,22.510625
16416,88.384073,22.513389
16417,88.383780,22.514023
16418,88.383380,22.511666
16419,88.385365,22.510859
16420,88.385352,22.510752
16421,88.385225,22.510762
16422,88.385138,22.511286
16423,88.385421,22.511075
16424,88.327361,22.511947
16425,88.327286,22.511410
16426,88.321873,22.511462
16427,88.322105,22.511402
16428,88.326238,22.510223
16429,88.326181,22.510031
16430,88.322477,22.510266
16431,88.322581,22.510580
16432,88.326406,22.510197
16433,88.326460,22.510441
16434,88.398600,22.523485
16435,88.398362,22.523609
16436,88.324231,22.514940
16437,88.324486,22.515241
16438,88.398950,22.533074
16439,88.399881,22.532959
16440,88.398339,22.533565
16441,88.398945,22.533548
16442,88.399967,22.563473
16443,88.399817,22.563883
16444,88.363991,22.585739
16445,88.373902,22.527310
16446,88.387178,22.564657
16447,88.396684,22.566479
16448,88.396210,22.563359
16449,88.389201,22.571425
16450,88.396345,22.564505
16451,88.396426,22.565133
16452,88.396498,22.565703
16453,88.396569,22.566333
16454,88.396728,22.566921
16455,88.389022,22.593736
16456,88.339941,22.593675
16457,88.339761,22.593253
16458,88.385579,22.512074
16459,88.385509,22.511654
16460,88.331817,22.602160
16461,88.383021,22.553214
16462,88.382191,22.553383
16463,88.382384,22.553344
16464,88.382151,22.552858
16465,88.322445,22.601153
16466,88.328771,22.609376
16467,88.321191,22.557916
16468,88.318827,22.558012
16469,88.378853,22.529691
16470,88.378798,22.554104
16471,88.373238,22.512471
16472,88.373579,22.512437
16473,88.387256,22.537382
16474,88.390567,22.555512
16475,88.385618,22.511697
16476,88.388886,22.518931
16477,88.327401,22.566398
16478,88.327355,22.565404
16479,88.337766,22.600314
16480,88.338075,22.600225
16481,88.340052,22.520720
16482,88.383313,22.537026
16483,88.383680,22.537041
16484,88.353657,22.532757
16485,88.383912,22.524879
16486,88.384035,22.525229
16487,88.391632,22.554427
16488,88.329886,22.583767
16489,88.374325,22.545634
16490,88.374597,22.545529
16491,88.398758,22.589532
16492,88.398664,22.589676
16493,88.374173,22.553980
16494,88.382305,22.531927
16495,88.352746,22.527642
16496,88.395110,22.514054
16497,88.395120,22.514132
16498,88.395664,22.513989
16499,88.389435,22.571119
16500,88.348844,22.516795
16501,88.348838,22.516881
16502,88.367216,22.561945
16503,88.367341,22.561996
16504,88.367249,22.562028
16505,88.367280,22.561850
16506,88.367281,22.562109
16507,88.367377,22.562081
16508,88.367503,22.585645
16509,88.367530,22.585713
16510,88.366815,22.585715
16511,88.366588,22.585742
16512,88.366432,22.585761
16513,88.365617,22.585841
16514,88.364941,22.585915
16515,88.364607,22.585950
16516,88.362768,22.586142
16517,88.362676,22.586221
16518,88.395817,22.519785
16519,88.383071,22.537295
16520,88.322258,22.580878
16521,88.367364,22.555174
16522,88.365129,22.531504
16523,88.365025,22.531491
16524,88.364695,22.534039
16525,88.364613,22.534072
16526,88.364599,22.533947
16527,88.364679,22.533936
16528,88.392356,22.514466
16529,88.392345,22.514383
16530,88.392932,22.514399
16531,88.361991,22.583676
16532,88.364797,22.594580
16533,88.364711,22.594835
16534,88.364729,22.594287
16535,88.352495,22.524655
16536,88.352437,22.525075
16537,88.367121,22.561725
16538,88.356064,22.517917
16539,88.355097,22.517756
16540,88.323147,22.516332
16541,88.323114,22.516144
16542,88.323179,22.516136
16543,88.323255,22.516478
16544,88.362689,22.586290
16545,88.362658,22.586122
16546,88.353647,22.535327
16547,88.375823,22.532036
16548,88.354336,22.537288
16549,88.364247,22.554205
16550,88.364362,22.554189
16551,88.376388,22.519535
16552,88.376367,22.519457
16553,88.374682,22.591641
16554,88.392454,22.526174
16555,88.393968,22.525051
16556,88.391618,22.583898
16557,88.391798,22.584521
16558,88.362926,22.519113
16559,88.362898,22.519232
16560,88.363372,22.519317
16561,88.363400,22.519192
16562,88.365835,22.542211
16563,88.365941,22.542184
16564,88.357291,22.541148
16565,88.368646,22.521085
16566,88.368693,22.520987
16567,88.368556,22.520931
16568,88.368508,22.521028
16569,88.336037,22.572403
16570,88.399790,22.533968
16571,88.346475,22.594205
16572,88.346812,22.597375
16573,88.347700,22.599771
16574,88.344536,22.594322
16575,88.349148,22.568154
16576,88.352598,22.526742
16577,88.370478,22.550797
16578,88.390827,22.552544
16579,88.351548,22.569910
16580,88.361175,22.571098
16581,88.361064,22.570912
16582,88.386083,22.516652
16583,88.389780,22.517423
16584,88.373385,22.513915
16585,88.365353,22.570161
16586,88.365430,22.570153
16587,88.365125,22.570030
16588,88.365157,22.570212
16589,88.365847,22.568585
16590,88.365617,22.567989
16591,88.365754,22.566555
16592,88.368573,22.565388
16593,88.368508,22.565408
16594,88.365785,22.570005
16595,88.366805,22.570301
16596,88.392969,22.558069
16597,88.393085,22.556965
16598,88.368286,22.571684
16599,88.368312,22.571304
16600,88.368318,22.571103
16601,88.366507,22.571665
16602,88.367303,22.571687
16603,88.367513,22.571823
16604,88.368214,22.571804
16605,88.392300,22.557852
16606,88.391738,22.556113
16607,88.385481,22.608593
16608,88.385539,22.604975
16609,88.385654,22.604928
16610,88.375015,22.573047
16611,88.391918,22.605029
16612,88.373826,22.513919
16613,88.373750,22.513433
16614,88.375681,22.572898
16615,88.362698,22.517709
16616,88.362724,22.517959
16617,88.364136,22.518224
16618,88.371025,22.524733
16619,88.371030,22.524992
16620,88.323178,22.516503
16621,88.323364,22.516967
16622,88.367621,22.519234
16623,88.342236,22.537980
16624,88.342685,22.538210
16625,88.397767,22.587513
16626,88.397682,22.587467
16627,88.368678,22.565360
16628,88.370676,22.569822
16629,88.350556,22.537009
16630,88.374725,22.517738
16631,88.375059,22.517651
16632,88.397644,22.538418
16633,88.391284,22.511837
16634,88.384899,22.510025
16635,88.348726,22.537312
16636,88.348433,22.537363
16637,88.325233,22.571835
16638,88.379105,22.535938
16639,88.383902,22.540395
16640,88.359375,22.561199
16641,88.360530,22.556576
16642,88.322873,22.527925
16643,88.353277,22.566648
16644,88.354280,22.567123
16645,88.354359,22.566990
16646,88.354480,22.567219
16647,88.342852,22.510954
16648,88.379125,22.524023
16649,88.379079,22.523887
16650,88.368871,22.565862
16651,88.368784,22.565890
16652,88.369994,22.565378
16653,88.399941,22.564539
16654,88.350161,22.600320
16655,88.348986,22.598656
16656,88.341190,22.600174
16657,88.360951,22.550799
16658,88.360702,22.550277
16659,88.323577,22.580672
16660,88.323628,22.581034
16661,88.355109,22.529279
16662,88.355312,22.529053
16663,88.355349,22.529242
16664,88.355559,22.529012
16665,88.355598,22.529204
16666,88.324684,22.580238
16667,88.328396,22.580339
16668,88.357082,22.524015
16669,88.357580,22.523974
16670,88.328428,22.580634
16671,88.359703,22.526029
16672,88.359308,22.526042
16673,88.345582,22.509143
16674,88.345829,22.511552
16675,88.377852,22.517088
16676,88.328413,22.522028
16677,88.330066,22.520296
16678,88.326374,22.518418
16679,88.326088,22.518483
16680,88.329928,22.523150
16681,88.330615,22.524035
16682,88.330683,22.524368
16683,88.386320,22.529686
16684,88.386711,22.529615
16685,88.387606,22.569202
16686,88.338362,22.586008
16687,88.390669,22.604831
16688,88.391203,22.604801
16689,88.350677,22.524086
16690,88.348232,22.520375
16691,88.364836,22.575692
16692,88.366418,22.575888
16693,88.367480,22.578291
16694,88.367266,22.580693
16695,88.323097,22.531844
16696,88.322660,22.531918
16697,88.323480,22.526942
16698,88.323619,22.527610
16699,88.400270,22.548348
16700,88.397874,22.549778
16701,88.374752,22.529657
16702,88.375724,22.529594
16703,88.379945,22.527870
16704,88.379913,22.527532
16705,88.380084,22.527696
16706,88.381354,22.525944
16707,88.391834,22.554272
16708,88.392160,22.554192
16709,88.398093,22.519546
16710,88.388083,22.526328
16711,88.385383,22.576460
16712,88.385846,22.576394
16713,88.395848,22.572547
16714,88.393252,22.571714
16715,88.393015,22.571433
16716,88.326898,22.538986
16717,88.324988,22.535467
16718,88.354847,22.537704
16719,88.324008,22.534044
16720,88.323875,22.533536
16721,88.389237,22.528775
16722,88.388467,22.528918
16723,88.389053,22.528822
16724,88.347319,22.604879
16725,88.377164,22.511549
16726,88.320027,22.571660
16727,88.401831,22.603952
16728,88.388737,22.575627
16729,88.396831,22.519129
16730,88.325043,22.531508
16731,88.395516,22.589236
16732,88.362218,22.590682
16733,88.378439,22.603563
16734,88.383865,22.593278
16735,88.383891,22.593369
16736,88.383654,22.593340
16737,88.326758,22.511171
16738,88.334448,22.586116
16739,88.374994,22.519514
16740,88.352401,22.544460
16741,88.369781,22.571165
16742,88.371276,22.538117
16743,88.370596,22.538148
16744,88.371620,22.537330
16745,88.371452,22.537025
16746,88.372495,22.537998
16747,88.373241,22.537925
16748,88.323458,22.572950
16749,88.323343,22.572626
16750,88.388817,22.512376
16751,88.388858,22.512551
16752,88.388599,22.512580
16753,88.388577,22.512428
16754,88.388645,22.512851
16755,88.388943,22.512909
16756,88.373153,22.538304
16757,88.399896,22.529098
16758,88.396720,22.514479
16759,88.322474,22.544834
16760,88.386856,22.526736
16761,88.386704,22.526191
16762,88.395693,22.514664
16763,88.364762,22.573410
16764,88.397725,22.569799
16765,88.388332,22.525831
16766,88.388115,22.525889
16767,88.388646,22.525765
16768,88.393274,22.563443
16769,88.393209,22.562864
16770,88.393111,22.563476
16771,88.393018,22.563048
16772,88.393841,22.526038
16773,88.393106,22.525848
16774,88.391887,22.526069
16775,88.391999,22.525764
16776,88.353504,22.555802
16777,88.398922,22.572489
16778,88.370405,22.570910
16779,88.383937,22.546162
16780,88.380847,22.547101
16781,88.382584,22.550784
16782,88.392793,22.533188
16783,88.351180,22.567083
16784,88.389813,22.594845
16785,88.388219,22.587725
16786,88.389263,22.588105
16787,88.394488,22.590089
16788,88.349003,22.547178
16789,88.351925,22.552231
16790,88.397168,22.513491
16791,88.397657,22.513237
16792,88.360904,22.522250
16793,88.337256,22.598017
16794,88.337244,22.598328
16795,88.399054,22.513302
16796,88.399019,22.513071
16797,88.399341,22.513267
16798,88.399307,22.513034
16799,88.347333,22.537483
16800,88.348163,22.533605
16801,88.369980,22.541316
16802,88.346647,22.534722
16803,88.344622,22.534959
16804,88.330093,22.594655
16805,88.330621,22.594019
16806,88.331126,22.594283
16807,88.331102,22.594312
16808,88.332056,22.593267
16809,88.331615,22.592757
16810,88.330963,22.592019
16811,88.358591,22.539179
16812,88.358792,22.539220
16813,88.390685,22.585367
16814,88.359825,22.541335
16815,88.390405,22.584574
16816,88.365931,22.587415
16817,88.321235,22.580621
16818,88.395088,22.577320
16819,88.332294,22.579617
16820,88.332333,22.581063
16821,88.392542,22.524714
16822,88.392961,22.524596
16823,88.392043,22.525527
16824,88.391503,22.525425
16825,88.391932,22.525245
16826,88.395173,22.523091
16827,88.393947,22.524582
16828,88.396532,22.522612
16829,88.394927,22.522048
16830,88.351963,22.588044
16831,88.391213,22.522443
16832,88.391773,22.522876
16833,88.390795,22.522559
16834,88.363011,22.525574
16835,88.362277,22.525392
16836,88.390458,22.525965
16837,88.390132,22.526293
16838,88.351956,22.544780
16839,88.386520,22.525916
16840,88.387509,22.526565
16841,88.386141,22.526398
16842,88.384544,22.515037
16843,88.391531,22.521029
16844,88.391194,22.521067
16845,88.384355,22.511912
16846,88.384371,22.512427
16847,88.384342,22.512174
16848,88.384378,22.512523
16849,88.391217,22.519227
16850,88.376852,22.514232
16851,88.345855,22.594801
16852,88.346907,22.594476
16853,88.346135,22.598056
16854,88.340906,22.599128
16855,88.341080,22.599072
16856,88.325833,22.541274
16857,88.389149,22.549534
16858,88.377903,22.588156
16859,88.380647,22.589415
16860,88.379901,22.530172
16861,88.379990,22.531193
16862,88.382729,22.531461
16863,88.382744,22.531582
16864,88.382467,22.531614
16865,88.382589,22.531600
16866,88.382719,22.531405
16867,88.383487,22.531758
16868,88.383620,22.528229
16869,88.383794,22.603571
16870,88.384761,22.527365
16871,88.384933,22.530644
16872,88.384592,22.530679
16873,88.375475,22.599944
16874,88.373319,22.599452
16875,88.381222,22.599709
16876,88.340855,22.598476
16877,88.384134,22.524820
16878,88.384053,22.524394
16879,88.384544,22.525141
16880,88.384794,22.525083
16881,88.376127,22.525564
16882,88.376091,22.525082
16883,88.395221,22.609777
16884,88.375835,22.528746
16885,88.375839,22.528426
16886,88.362829,22.572209
16887,88.370850,22.571229
16888,88.399620,22.559408
16889,88.399613,22.559025
16890,88.395627,22.556580
16891,88.395877,22.556534
16892,88.364861,22.571769
16893,88.328447,22.511743
16894,88.390652,22.604512
16895,88.391159,22.604487
16896,88.390079,22.604544
16897,88.390661,22.604670
16898,88.391088,22.604647
16899,88.390105,22.604859
16900,88.390093,22.604698
16901,88.390193,22.604381
16902,88.390007,22.603850
16903,88.379005,22.566143
16904,88.379382,22.566177
16905,88.379070,22.566419
16906,88.379432,22.566331
16907,88.391221,22.604146
16908,88.391208,22.604341
16909,88.395998,22.574728
16910,88.395699,22.574927
16911,88.328619,22.510965
16912,88.329350,22.510913
16913,88.321811,22.608818
16914,88.364821,22.573566
16915,88.355819,22.560465
16916,88.361153,22.564295
16917,88.360850,22.563264
16918,88.367436,22.576075
16919,88.383032,22.523161
16920,88.381385,22.521778
16921,88.381560,22.521255
16922,88.340277,22.536485
16923,88.361438,22.565810
16924,88.338204,22.533259
16925,88.385095,22.537111
16926,88.364792,22.589299
16927,88.387083,22.538617
16928,88.364806,22.590713
16929,88.343068,22.601735
16930,88.344021,22.598816
16931,88.341153,22.602252
16932,88.353021,22.513352
16933,88.341460,22.515110
16934,88.397045,22.531173
16935,88.396950,22.530842
16936,88.384941,22.544033
16937,88.384707,22.543809
16938,88.384451,22.543890
16939,88.388283,22.605823
16940,88.344286,22.518824
16941,88.354740,22.573145
16942,88.353459,22.573396
16943,88.343704,22.517609
16944,88.366840,22.555478
16945,88.367718,22.551020
16946,88.367959,22.551861
16947,88.368330,22.553227
16948,88.366877,22.549010
16949,88.390601,22.607985
16950,88.390216,22.607881
16951,88.390111,22.608189
16952,88.330490,22.592333
16953,88.353229,22.594373
16954,88.356724,22.596166
16955,88.356856,22.596459
16956,88.388767,22.548042
16957,88.389016,22.547975
16958,88.390310,22.549000
16959,88.390312,22.547633
16960,88.390524,22.547338
16961,88.360677,22.596010
16962,88.391447,22.546958
16963,88.390768,22.546511
16964,88.386416,22.544605
16965,88.387301,22.544343
16966,88.392291,22.547568
16967,88.328107,22.588397
16968,88.388781,22.548090
16969,88.389032,22.548035
16970,88.368635,22.595538
16971,88.364381,22.590114
16972,88.364508,22.590791
16973,88.364143,22.590176
16974,88.360987,22.591068
16975,88.341643,22.594573
16976,88.366451,22.596723
16977,88.340313,22.597109
16978,88.339696,22.597256
16979,88.340673,22.594244
16980,88.340814,22.594943
16981,88.343153,22.605530
16982,88.342675,22.605624
16983,88.343070,22.605216
16984,88.343740,22.605061
16985,88.390110,22.516783
16986,88.391449,22.515667
16987,88.396407,22.561419
16988,88.396698,22.561222
16989,88.379301,22.590543
16990,88.399234,22.516515
16991,88.395896,22.520238
16992,88.398096,22.520431
16993,88.396983,22.520050
16994,88.382773,22.593071
16995,88.396757,22.522683
16996,88.355296,22.591029
16997,88.370463,22.587924
16998,88.370880,22.587051
16999,88.370888,22.586438
17000,88.370544,22.586236
17001,88.356451,22.591643
17002,88.366826,22.599846
17003,88.353312,22.590350
17004,88.355512,22.590981
17005,88.355194,22.590091
17006,88.354609,22.591169
17007,88.368047,22.606262
17008,88.368363,22.605290
17009,88.372804,22.582163
17010,88.368640,22.605310
17011,88.395899,22.569987
17012,88.396075,22.570169
17013,88.384890,22.510228
17014,88.369798,22.605987
17015,88.370211,22.605695
17016,88.370181,22.605549
17017,88.368391,22.580734
17018,88.383097,22.588807
17019,88.371203,22.604341
17020,88.368504,22.581501
17021,88.368320,22.581257
17022,88.367499,22.558906
17023,88.367404,22.558440
17024,88.367175,22.558947
17025,88.371936,22.559734
17026,88.372435,22.559646
17027,88.364867,22.561639
17028,88.363966,22.562494
17029,88.362852,22.561809
17030,88.364566,22.585569
17031,88.364202,22.583068
17032,88.367424,22.603116
17033,88.367559,22.603068
17034,88.325075,22.577405
17035,88.325177,22.577330
17036,88.320595,22.579104
17037,88.320918,22.579088
17038,88.320924,22.579171
17039,88.321407,22.579893
17040,88.320891,22.579933
17041,88.334385,22.584877
17042,88.334099,22.585581
17043,88.325551,22.510206
17044,88.325158,22.510247
17045,88.336344,22.528705
17046,88.357628,22.528541
17047,88.357642,22.528633
17048,88.357462,22.528582
17049,88.357471,22.528661
17050,88.355448,22.530686
17051,88.382063,22.536263
17052,88.391256,22.558573
17053,88.364335,22.525705
17054,88.364278,22.525466
17055,88.391519,22.558471
17056,88.391887,22.558401
17057,88.392643,22.558685
17058,88.367308,22.526777
17059,88.367266,22.526364
17060,88.371400,22.524727
17061,88.371753,22.525374
17062,88.371724,22.525373
17063,88.369193,22.526324
17064,88.366422,22.524084
17065,88.366864,22.523826
17066,88.366888,22.524168
17067,88.366943,22.524165
17068,88.374022,22.550485
17069,88.373599,22.550511
17070,88.386437,22.510927
17071,88.380648,22.549764
17072,88.380413,22.549842
17073,88.380878,22.549509
17074,88.386369,22.511404
17075,88.386404,22.511706
17076,88.386359,22.511248
17077,88.386603,22.511239
17078,88.386377,22.511472
17079,88.386621,22.511454
17080,88.323795,22.605020
17081,88.324030,22.604743
17082,88.387543,22.510340
17083,88.333004,22.609713
17084,88.333372,22.610744
17085,88.332169,22.606482
17086,88.332408,22.606988
17087,88.333456,22.606895
17088,88.332526,22.607159
17089,88.332854,22.609273
17090,88.333904,22.610416
17091,88.333319,22.609693
17092,88.333209,22.609301
17093,88.331871,22.607163
17094,88.331721,22.610048
17095,88.332072,22.609931
17096,88.332478,22.611293
17097,88.331659,22.609835
17098,88.384987,22.593678
17099,88.385090,22.594751
17100,88.381288,22.595794
17101,88.384795,22.597114
17102,88.378985,22.596499
17103,88.376675,22.594992
17104,88.381678,22.594256
17105,88.382164,22.594088
17106,88.381184,22.593577
17107,88.394198,22.591030
17108,88.394012,22.591085
17109,88.393855,22.591128
17110,88.392120,22.589911
17111,88.391124,22.590122
17112,88.389864,22.591069
17113,88.388900,22.590911
17114,88.389614,22.592897
17115,88.390554,22.592746
17116,88.390379,22.592692
17117,88.399795,22.603649
17118,88.397242,22.605195
17119,88.400592,22.606405
17120,88.399543,22.606079
17121,88.379267,22.547732
17122,88.356068,22.586052
17123,88.370052,22.600730
17124,88.368303,22.600292
17125,88.372216,22.573132
17126,88.371156,22.570872
17127,88.371210,22.570996
17128,88.371291,22.570962
17129,88.371199,22.570774
17130,88.356983,22.568254
17131,88.370615,22.546881
17132,88.366694,22.515924
17133,88.365087,22.538788
17134,88.365199,22.538768
17135,88.364943,22.538062
17136,88.365053,22.538036
17137,88.363079,22.537323
17138,88.368985,22.585595
17139,88.380040,22.602943
17140,88.347383,22.542021
17141,88.347577,22.541721
17142,88.359974,22.600603
17143,88.351448,22.565100
17144,88.351593,22.565045
17145,88.365311,22.556694
17146,88.375541,22.541906
17147,88.346636,22.537673
17148,88.346692,22.537561
17149,88.346649,22.537763
17150,88.346744,22.537751
17151,88.346696,22.537757
17152,88.346702,22.537791
17153,88.346007,22.536843
17154,88.344653,22.534954
17155,88.343913,22.534649
17156,88.343885,22.534500
17157,88.343973,22.534589
17158,88.362388,22.534525
17159,88.356426,22.533191
17160,88.362724,22.535669
17161,88.362469,22.534781
17162,88.362484,22.536061
17163,88.358683,22.543267
17164,88.358943,22.543528
17165,88.361958,22.543388
17166,88.362773,22.542705
17167,88.362977,22.542643
17168,88.362599,22.542116
17169,88.362379,22.543220
17170,88.340999,22.601626
17171,88.372810,22.603710
17172,88.358499,22.546137
17173,88.359634,22.554473
17174,88.359362,22.554195
17175,88.359568,22.554160
17176,88.360219,22.554514
17177,88.323641,22.513074
17178,88.323558,22.512549
17179,88.325022,22.513689
17180,88.324260,22.513523
17181,88.348448,22.528014
17182,88.351673,22.530538
17183,88.337806,22.534345
17184,88.336665,22.535015
17185,88.371106,22.560799
17186,88.371404,22.560720
17187,88.372140,22.560565
17188,88.372160,22.560516
17189,88.372076,22.560815
17190,88.357091,22.568307
17191,88.357325,22.567372
17192,88.373739,22.578001
17193,88.394316,22.546671
17194,88.394302,22.546565
17195,88.394463,22.556755
17196,88.394196,22.556801
17197,88.397604,22.510581
17198,88.397712,22.511309
17199,88.398061,22.511276
17200,88.397624,22.510687
17201,88.397699,22.511234
17202,88.397687,22.511135
17203,88.398517,22.511048
17204,88.398250,22.511083
17205,88.398254,22.511137
17206,88.398049,22.511157
17207,88.398215,22.510723
17208,88.398418,22.511134
17209,88.398448,22.511344
17210,88.397775,22.511401
17211,88.399981,22.516600
17212,88.398561,22.511751
17213,88.397650,22.510502
17214,88.397659,22.510575
17215,88.397674,22.510682
17216,88.397686,22.510771
17217,88.397725,22.511046
17218,88.397736,22.511129
17219,88.397751,22.511230
17220,88.397761,22.511305
17221,88.335154,22.533500
17222,88.362557,22.586209
17223,88.346664,22.569020
17224,88.349107,22.568044
17225,88.346684,22.569067
17226,88.347940,22.568565
17227,88.349032,22.568073
17228,88.373296,22.603714
17229,88.348247,22.560916
17230,88.348653,22.560773
17231,88.348431,22.560111
17232,88.376453,22.600206
17233,88.376477,22.600144
17234,88.376412,22.600188
17235,88.374469,22.598665
17236,88.374029,22.600710
17237,88.366052,22.543367
17238,88.365711,22.543601
17239,88.366087,22.543296
17240,88.365821,22.543491
17241,88.365873,22.543498
17242,88.365748,22.543543
17243,88.373473,22.604229
17244,88.329288,22.544296
17245,88.329920,22.543937
17246,88.329566,22.544170
17247,88.329374,22.544061
17248,88.364362,22.576933
17249,88.313056,22.592665
17250,88.357225,22.568537
17251,88.336545,22.529719
17252,88.341245,22.516800
17253,88.339826,22.516952
17254,88.339064,22.517083
17255,88.339064,22.516991
17256,88.336271,22.581795
17257,88.336000,22.581942
17258,88.334507,22.584656
17259,88.334232,22.584606
17260,88.334326,22.584773
17261,88.335895,22.579560
17262,88.336032,22.579385
17263,88.382870,22.594457
17264,88.339528,22.537437
17265,88.338709,22.540405
17266,88.339444,22.540839
17267,88.325897,22.527171
17268,88.382086,22.548367
17269,88.376209,22.555421
17270,88.398250,22.521328
17271,88.369327,22.565642
17272,88.369345,22.565680
17273,88.372826,22.563655
17274,88.327462,22.538116
17275,88.377375,22.575602
17276,88.377844,22.575478
17277,88.382091,22.554218
17278,88.326033,22.518384
17279,88.326341,22.518318
17280,88.328026,22.522075
17281,88.332427,22.520411
17282,88.332416,22.520548
17283,88.322209,22.581348
17284,88.322253,22.581583
17285,88.322483,22.581332
17286,88.338140,22.511003
17287,88.338163,22.510697
17288,88.340834,22.512529
17289,88.341402,22.512573
17290,88.348303,22.517401
17291,88.346407,22.511501
17292,88.349407,22.520612
17293,88.341996,22.521462
17294,88.341909,22.520995
17295,88.356118,22.520395
17296,88.356852,22.520411
17297,88.356880,22.520423
17298,88.357485,22.520415
17299,88.362515,22.518475
17300,88.362484,22.518097
17301,88.358300,22.516553
17302,88.358636,22.516887
17303,88.331601,22.517149
17304,88.331424,22.516884
17305,88.362826,22.518083
17306,88.363087,22.517944
17307,88.364025,22.514719
17308,88.364181,22.514741
17309,88.364453,22.516232
17310,88.367065,22.514550
17311,88.365667,22.541756
17312,88.363356,22.541281
17313,88.363191,22.540776
17314,88.366589,22.522543
17315,88.366808,22.522528
17316,88.365201,22.524225
17317,88.368593,22.526541
17318,88.368928,22.526547
17319,88.347877,22.527036
17320,88.347866,22.526652
17321,88.342010,22.528710
17322,88.345648,22.533962
17323,88.345985,22.533925
17324,88.345418,22.536616
17325,88.385589,22.510619
17326,88.385549,22.510224
17327,88.341674,22.537240
17328,88.341915,22.537219
17329,88.366569,22.522991
17330,88.366870,22.523153
17331,88.366853,22.522965
17332,88.363130,22.519641
17333,88.363410,22.519665
17334,88.368440,22.516319
17335,88.393695,22.516478
17336,88.393334,22.516531
17337,88.381324,22.517955
17338,88.386327,22.512048
17339,88.386523,22.513055
17340,88.386986,22.512170
17341,88.388278,22.512642
17342,88.388495,22.512161
17343,88.388509,22.512505
17344,88.386030,22.512536
17345,88.386380,22.513090
17346,88.386366,22.513030
17347,88.392988,22.517783
17348,88.392912,22.517233
17349,88.393167,22.517214
17350,88.364239,22.528350
17351,88.364339,22.527977
17352,88.367477,22.530569
17353,88.367792,22.530696
17354,88.366224,22.531306
17355,88.354745,22.536279
17356,88.354822,22.536885
17357,88.355961,22.536849
17358,88.392724,22.511974
17359,88.392569,22.512728
17360,88.392752,22.512706
17361,88.392848,22.513065
17362,88.393293,22.513009
17363,88.356729,22.535539
17364,88.356966,22.535471
17365,88.389841,22.516348
17366,88.353057,22.535532
17367,88.353103,22.535659
17368,88.353349,22.535580
17369,88.353330,22.535462
17370,88.353366,22.535630
17371,88.392180,22.522268
17372,88.392577,22.522257
17373,88.392211,22.522267
17374,88.392189,22.521972
17375,88.353960,22.542840
17376,88.353897,22.542599
17377,88.353985,22.542937
17378,88.354171,22.542897
17379,88.361512,22.542704
17380,88.361799,22.542661
17381,88.354734,22.539136
17382,88.354694,22.538940
17383,88.383085,22.522090
17384,88.381959,22.521407
17385,88.382689,22.521486
17386,88.383296,22.522519
17387,88.383710,22.522537
17388,88.382709,22.522109
17389,88.389978,22.527455
17390,88.388879,22.527462
17391,88.388883,22.527501
17392,88.390490,22.527294
17393,88.390347,22.526775
17394,88.396895,22.513454
17395,88.398691,22.512446
17396,88.387052,22.529815
17397,88.387402,22.529762
17398,88.387269,22.530108
17399,88.387220,22.529788
17400,88.383857,22.523072
17401,88.384129,22.523015
17402,88.389531,22.530970
17403,88.390009,22.530851
17404,88.388481,22.533728
17405,88.388458,22.533346
17406,88.380299,22.526218
17407,88.380586,22.526391
17408,88.381608,22.527446
17409,88.381705,22.527059
17410,88.380823,22.527548
17411,88.379441,22.539793
17412,88.387278,22.528341
17413,88.387738,22.528322
17414,88.378611,22.537138
17415,88.378929,22.536762
17416,88.377798,22.523328
17417,88.376797,22.522360
17418,88.374568,22.538262
17419,88.375065,22.538267
17420,88.383251,22.532244
17421,88.383255,22.531971
17422,88.383553,22.531945
17423,88.382937,22.531998
17424,88.379215,22.529935
17425,88.379806,22.529814
17426,88.384126,22.540988
17427,88.384229,22.540564
17428,88.369771,22.556021
17429,88.370003,22.555781
17430,88.364199,22.541683
17431,88.364163,22.541487
17432,88.366194,22.564641
17433,88.372150,22.556292
17434,88.365037,22.576463
17435,88.386739,22.542975
17436,88.388306,22.543063
17437,88.386527,22.543973
17438,88.377963,22.565998
17439,88.378051,22.566669
17440,88.354353,22.587283
17441,88.397361,22.522850
17442,88.379480,22.557848
17443,88.356003,22.587302
17444,88.356191,22.587271
17445,88.356346,22.587256
17446,88.356718,22.587203
17447,88.395060,22.523788
17448,88.394958,22.523434
17449,88.362233,22.569878
17450,88.394139,22.553611
17451,88.394417,22.553971
17452,88.369447,22.567916
17453,88.369614,22.567869
17454,88.369480,22.569292
17455,88.369384,22.568832
17456,88.370815,22.578556
17457,88.364259,22.584371
17458,88.373696,22.587392
17459,88.373875,22.587393
17460,88.387619,22.580887
17461,88.387941,22.580780
17462,88.388297,22.581632
17463,88.394307,22.570444
17464,88.394258,22.569874
17465,88.394293,22.570058
17466,88.394700,22.570010
17467,88.394306,22.570391
17468,88.394408,22.570373
17469,88.332482,22.609525
17470,88.380678,22.589579
17471,88.378412,22.589618
17472,88.378422,22.589777
17473,88.378424,22.589702
17474,88.378460,22.589771
17475,88.378975,22.589387
17476,88.379049,22.589603
17477,88.379019,22.588641
17478,88.379193,22.589568
17479,88.379065,22.589691
17480,88.379210,22.589674
17481,88.322132,22.601235
17482,88.322026,22.600512
17483,88.320542,22.609597
17484,88.321024,22.609856
17485,88.321464,22.609714
17486,88.320925,22.609536
17487,88.321177,22.609444
17488,88.387453,22.544020
17489,88.388168,22.592133
17490,88.388234,22.592304
17491,88.387817,22.592271
17492,88.387885,22.592428
17493,88.388129,22.592339
17494,88.388058,22.592176
17495,88.380396,22.609142
17496,88.320437,22.608633
17497,88.342478,22.590002
17498,88.343419,22.593331
17499,88.344275,22.593098
17500,88.342333,22.593190
17501,88.342603,22.593711
17502,88.342939,22.599608
17503,88.396918,22.594410
17504,88.396981,22.594569
17505,88.359877,22.595077
17506,88.359578,22.595005
17507,88.363202,22.588003
17508,88.369203,22.591116
17509,88.366989,22.591449
17510,88.366971,22.591000
17511,88.399356,22.599214
17512,88.399457,22.599448
17513,88.363255,22.593989
17514,88.399713,22.599392
17515,88.396972,22.608451
17516,88.370116,22.601694
17517,88.370216,22.601070
17518,88.370970,22.601775
17519,88.398406,22.608644
17520,88.399358,22.608827
17521,88.369393,22.602539
17522,88.367582,22.603791
17523,88.368677,22.602589
17524,88.368519,22.602134
17525,88.370067,22.606462
17526,88.369949,22.605968
17527,88.369446,22.606295
17528,88.369994,22.606156
17529,88.370208,22.606121
17530,88.369962,22.606023
17531,88.372567,22.605091
17532,88.372544,22.604824
17533,88.367067,22.605819
17534,88.367219,22.606112
17535,88.381891,22.609493
17536,88.372992,22.606978
17537,88.372823,22.606578
17538,88.362868,22.541681
17539,88.330147,22.568275
17540,88.329988,22.568378
17541,88.329577,22.567866
17542,88.329734,22.567762
17543,88.329999,22.568092
17544,88.329829,22.568187
17545,88.329622,22.567837
17546,88.330043,22.568342
17547,88.329889,22.568154
17548,88.337021,22.588801
17549,88.338330,22.588616
17550,88.327500,22.572251
17551,88.327417,22.572113
17552,88.342654,22.595542
17553,88.339897,22.600573
17554,88.339788,22.600576
17555,88.339750,22.599699
17556,88.344944,22.604558
17557,88.375967,22.572265
17558,88.376338,22.572394
17559,88.394506,22.606084
17560,88.394923,22.606026
17561,88.374886,22.611393
17562,88.374929,22.611223
17563,88.377097,22.611931
17564,88.377188,22.611904
17565,88.396569,22.607841
17566,88.395609,22.607843
17567,88.395432,22.607591
17568,88.394371,22.607838
17569,88.374188,22.605929
17570,88.374274,22.605899
17571,88.379206,22.524271
17572,88.372524,22.529823
17573,88.323218,22.519638
17574,88.367128,22.542487
17575,88.384348,22.544964
17576,88.375898,22.581351
17577,88.374339,22.581705
17578,88.374170,22.581730
17579,88.395120,22.568946
17580,88.395053,22.569098
17581,88.398288,22.590723
17582,88.369866,22.548963
17583,88.352836,22.529680
17584,88.326756,22.530821
17585,88.360124,22.576995
17586,88.360261,22.576886
17587,88.369616,22.585372
17588,88.350261,22.578239
17589,88.324539,22.561505
17590,88.382315,22.561223
17591,88.383291,22.560588
17592,88.367768,22.574501
17593,88.365069,22.576699
17594,88.365133,22.577018
17595,88.389326,22.523482
17596,88.389676,22.535127
17597,88.371969,22.511662
17598,88.350729,22.560239
17599,88.371469,22.534845
17600,88.397249,22.599246
17601,88.396323,22.600337
17602,88.366810,22.560657
17603,88.366737,22.560753
17604,88.394876,22.564658
17605,88.389583,22.592965
17606,88.369450,22.521145
17607,88.391192,22.568630
17608,88.391398,22.568590
17609,88.379809,22.589665
17610,88.380236,22.589630
17611,88.368503,22.571361
17612,88.384517,22.526658
17613,88.384146,22.526689
17614,88.367630,22.543817
17615,88.395687,22.599460
17616,88.360430,22.525739
17617,88.382594,22.511203
17618,88.400908,22.515850
17619,88.370725,22.585201
17620,88.373081,22.584317
17621,88.366670,22.528932
17622,88.366771,22.528809
17623,88.389466,22.552614
17624,88.323822,22.539931
17625,88.333703,22.541311
17626,88.333637,22.541193
17627,88.350592,22.560251
17628,88.345943,22.517197
17629,88.365755,22.528043
17630,88.366898,22.561188
17631,88.352384,22.517583
17632,88.368128,22.572368
17633,88.379030,22.584176
17634,88.333954,22.581850
17635,88.390337,22.521734
17636,88.377277,22.545827
17637,88.377393,22.546152
17638,88.382987,22.544450
17639,88.382563,22.544244
17640,88.382597,22.562979
17641,88.383893,22.605183
17642,88.384053,22.605232
17643,88.378142,22.546803
17644,88.377859,22.546899
17645,88.378204,22.546969
17646,88.377921,22.547060
17647,88.320534,22.591880
17648,88.321006,22.591870
17649,88.366871,22.600695
17650,88.366786,22.600895
17651,88.367138,22.601876
17652,88.352417,22.541466
17653,88.380026,22.602795
17654,88.379050,22.602321
17655,88.326959,22.531871
17656,88.395442,22.522581
17657,88.395495,22.522876
17658,88.372911,22.574332
17659,88.392560,22.609673
17660,88.320651,22.575033
17661,88.320760,22.575018
17662,88.399310,22.595092
17663,88.399728,22.595816
17664,88.325201,22.571722
17665,88.339409,22.591045
17666,88.339321,22.590875
17667,88.351117,22.531950
17668,88.351090,22.531601
17669,88.385556,22.511940
17670,88.336596,22.594862
17671,88.386012,22.571185
17672,88.327522,22.574663
17673,88.369337,22.538534
17674,88.369608,22.548215
17675,88.382118,22.544407
17676,88.381932,22.543979
17677,88.388042,22.547284
17678,88.398408,22.542864
17679,88.345489,22.516917
17680,88.352161,22.524524
17681,88.352381,22.524655
17682,88.375228,22.594158
17683,88.367211,22.561288
17684,88.374701,22.585508
17685,88.374949,22.585191
17686,88.368378,22.564551
17687,88.368251,22.564588
17688,88.374216,22.563339
17689,88.374130,22.563305
17690,88.363737,22.600792
17691,88.383928,22.542790
17692,88.377686,22.546835
17693,88.399130,22.607365
17694,88.366506,22.543484
17695,88.386716,22.557223
17696,88.386318,22.556701
17697,88.367556,22.552661
17698,88.368233,22.552544
17699,88.362402,22.549484
17700,88.343173,22.582265
17701,88.343097,22.582298
17702,88.379214,22.530120
17703,88.383585,22.525943
17704,88.383661,22.525865
17705,88.378773,22.581947
17706,88.379148,22.581907
17707,88.392355,22.567407
17708,88.392487,22.567261
17709,88.392575,22.567336
17710,88.375048,22.526578
17711,88.345349,22.535695
17712,88.332677,22.581752
17713,88.333598,22.581834
17714,88.350825,22.560957
17715,88.350667,22.560964
17716,88.321043,22.600483
17717,88.320471,22.600340
17718,88.370577,22.515866
17719,88.370659,22.516170
17720,88.388942,22.589898
17721,88.321281,22.542652
17722,88.395747,22.567632
17723,88.395904,22.567965
17724,88.395820,22.567788
17725,88.395920,22.567751
17726,88.349918,22.554059
17727,88.390362,22.565102
17728,88.390634,22.565064
17729,88.397524,22.569242
17730,88.388602,22.590056
17731,88.378929,22.600884
17732,88.378836,22.601399
17733,88.380058,22.595907
17734,88.380582,22.595943
17735,88.390763,22.592563
17736,88.390758,22.592425
17737,88.369475,22.521225
17738,88.372649,22.563820
17739,88.368483,22.565191
17740,88.368624,22.565216
17741,88.369410,22.565652
17742,88.369387,22.565616
17743,88.370788,22.570039
17744,88.370838,22.569993
17745,88.370097,22.566567
17746,88.350003,22.555432
17747,88.350223,22.555377
17748,88.389058,22.587050
17749,88.373563,22.512200
17750,88.320191,22.586828
17751,88.319788,22.586769
17752,88.343590,22.583316
17753,88.343670,22.583285
17754,88.350442,22.554980
17755,88.345363,22.600055
17756,88.344511,22.600137
17757,88.321796,22.584974
17758,88.322172,22.584265
17759,88.378747,22.575261
17760,88.334432,22.534219
17761,88.389351,22.571409
17762,88.348950,22.568106
17763,88.333333,22.541516
17764,88.333276,22.541388
17765,88.349078,22.545499
17766,88.352997,22.532028
17767,88.353077,22.532029
17768,88.352583,22.517492
17769,88.343488,22.583100
17770,88.343559,22.583060
17771,88.349693,22.554098
17772,88.354005,22.571764
17773,88.392610,22.514436
17774,88.392601,22.514351
17775,88.333126,22.546059
17776,88.335909,22.547717
17777,88.334563,22.547064
17778,88.336010,22.547776
17779,88.335953,22.547885
17780,88.334056,22.546769
17781,88.331289,22.546818
17782,88.395085,22.592662
17783,88.396006,22.593455
17784,88.396136,22.593307
17785,88.396218,22.593208
17786,88.386447,22.518270
17787,88.386509,22.518321
17788,88.344207,22.539138
17789,88.344207,22.539207
17790,88.341156,22.540902
17791,88.374343,22.558888
17792,88.374333,22.558744
17793,88.374255,22.558854
17794,88.374236,22.558757
17795,88.396649,22.592711
17796,88.396865,22.592643
17797,88.396370,22.593033
17798,88.344722,22.555419
17799,88.344738,22.555344
17800,88.344406,22.555111
17801,88.364943,22.520834
17802,88.371472,22.552327
17803,88.371632,22.552457
17804,88.371445,22.552447
17805,88.371496,22.552493
17806,88.371649,22.552387
17807,88.371636,22.552353
17808,88.371576,22.552308
17809,88.398474,22.573533
17810,88.398631,22.573307
17811,88.398554,22.571579
17812,88.363979,22.591652
17813,88.376335,22.609880
17814,88.357702,22.555208
17815,88.347083,22.546098
17816,88.347064,22.546013
17817,88.344107,22.541769
17818,88.343970,22.542137
17819,88.343986,22.541627
17820,88.343995,22.541422
17821,88.343527,22.541571
17822,88.352807,22.513096
17823,88.394750,22.518103
17824,88.350229,22.547416
17825,88.350117,22.547330
17826,88.358429,22.561556
17827,88.358529,22.561404
17828,88.360024,22.576938
17829,88.368036,22.572280
17830,88.388124,22.571748
17831,88.371251,22.573911
17832,88.370691,22.574147
17833,88.345283,22.565682
17834,88.345382,22.565922
17835,88.345710,22.566713
17836,88.346782,22.569303
17837,88.349082,22.576640
17838,88.348954,22.576746
17839,88.348928,22.575858
17840,88.376271,22.545680
17841,88.376830,22.545521
17842,88.384294,22.542239
17843,88.379607,22.547319
17844,88.356418,22.524573
17845,88.334627,22.546972
17846,88.392930,22.514311
17847,88.379055,22.583764
17848,88.379536,22.583556
17849,88.375402,22.594247
17850,88.349217,22.568066
17851,88.349011,22.568011
17852,88.352170,22.517265
17853,88.352330,22.524352
17854,88.352448,22.524363
17855,88.346431,22.523558
17856,88.399661,22.518023
