id,lon,lat
0,83.41538,26.74583
1,83.31466,26.86319
2,83.35751,26.76733
3,83.35801,26.77027
4,83.35964,26.77387
5,83.35590,26.79049
6,83.35112,26.82597
7,83.36904,26.74744
8,83.37297,26.75603
9,83.34659,26.73299
10,83.38719,26.75144
11,83.35904,26.73421
12,83.36897,26.74409
13,83.33416,26.70515
14,83.38881,26.75693
15,83.35934,26.73570
16,83.33638,26.72976
17,83.36509,26.74062
18,83.36824,26.74329
19,83.33786,26.73229
20,83.35878,26.77189
21,83.32672,26.85399
22,83.33026,26.84945
23,83.37315,26.75810
24,83.36689,26.73461
25,83.38581,26.74475
26,83.38521,26.74386
27,83.35061,26.73340
28,83.36023,26.76420
29,83.36131,26.73440
30,83.38099,26.75268
31,83.41388,26.74787
32,83.36748,26.73464
33,83.36645,26.76134
34,83.37449,26.75714
35,83.37242,26.74489
36,83.38392,26.75813
37,83.37305,26.74896
38,83.37004,26.74966
39,83.37333,26.75960
40,83.37543,26.75383
41,83.36837,26.76080
42,83.37329,26.76049
43,83.37285,26.75195
44,83.38108,26.75522
45,83.36769,26.75614
46,83.36222,26.74856
47,83.36999,26.75524
48,83.36906,26.76099
49,83.37206,26.74280
50,83.37590,26.76469
51,83.35854,26.74906
52,83.35775,26.74698
53,83.36902,26.75997
54,83.36701,26.76125
55,83.37155,26.76089
56,83.37892,26.74867
57,83.37123,26.75485
58,83.37315,26.75960
59,83.36222,26.74876
60,83.37310,26.75858
61,83.36337,26.74840
62,83.36509,26.74818
63,83.36856,26.74722
64,83.37607,26.75372
65,83.36209,26.74649
66,83.36769,26.74717
67,83.36828,26.74972
68,83.36216,26.74746
69,83.37151,26.75300
70,83.37314,26.75797
71,83.36352,26.74719
72,83.37441,26.75719
73,83.37294,26.75004
74,83.35934,26.74718
75,83.36884,26.76063
76,83.36489,26.74812
77,83.38061,26.74809
78,83.37604,26.75671
79,83.37286,26.75176
80,83.37326,26.75613
81,83.36438,26.74785
82,83.37317,26.74718
83,83.37596,26.74961
84,83.38316,26.75831
85,83.38095,26.74937
86,83.37315,26.76057
87,83.36668,26.75288
88,83.37198,26.74242
89,83.36995,26.74968
90,83.36920,26.74744
91,83.37345,26.75427
92,83.37869,26.75173
93,83.37052,26.74295
94,83.37903,26.75588
95,83.37296,26.75590
96,83.44784,26.71256
97,83.40812,26.71175
98,83.44046,26.71649
99,83.37178,26.73630
100,83.37161,26.74070
101,83.36271,26.73786
102,83.37077,26.72950
103,83.35969,26.74094
104,83.36971,26.73885
105,83.43204,26.72848
106,83.35074,26.73321
107,83.36938,26.73189
108,83.36860,26.73483
109,83.47612,26.69783
110,83.37270,26.73802
111,83.37457,26.74020
112,83.37367,26.73727
113,83.37992,26.74050
114,83.40684,26.71267
115,83.41902,26.70188
116,83.43021,26.73096
117,83.43054,26.70048
118,83.37570,26.74057
119,83.37670,26.73885
120,83.36862,26.74176
121,83.35988,26.74066
122,83.36401,26.73730
123,83.45745,26.70765
124,83.34661,26.73279
125,83.44542,26.71078
126,83.47667,26.69754
127,83.42259,26.74150
128,83.33782,26.73222
129,83.38530,26.74401
130,83.37184,26.74153
131,83.34494,26.73270
132,83.37940,26.76775
133,83.38527,26.78186
134,83.40343,26.82593
135,83.36358,26.86206
136,83.46008,26.86587
137,83.35938,26.84745
138,83.41382,26.82130
139,83.42290,26.83339
140,83.38541,26.78397
141,83.40843,26.82369
142,83.40085,26.81757
143,83.40151,26.81869
144,83.39449,26.80691
145,83.44684,26.84932
146,83.38507,26.78101
147,83.45542,26.85962
148,83.38158,26.77116
149,83.40743,26.82425
150,83.45401,26.85789
151,83.40122,26.81832
152,83.39865,26.81304
153,83.44275,26.84613
154,83.39956,26.81813
155,83.29905,26.72776
156,83.31858,26.73183
157,83.33116,26.73425
158,83.29699,26.72717
159,83.30625,26.72914
160,83.29841,26.72763
161,83.32645,26.73332
162,83.31212,26.73044
163,83.38968,26.78372
164,83.35823,26.75918
165,83.38547,26.78614
166,83.35976,26.75121
167,83.35607,26.75429
168,83.39043,26.77556
169,83.35802,26.74782
170,83.35521,26.76068
171,83.39753,26.75985
172,83.39346,26.76431
173,83.38137,26.76727
174,83.34564,26.76436
175,83.36177,26.75841
176,83.38567,26.76695
177,83.36643,26.76684
178,83.35941,26.75403
179,83.39926,26.75681
180,83.39573,26.76188
181,83.39119,26.78069
182,83.39810,26.75066
183,83.39102,26.77856
184,83.36285,26.76158
185,83.39022,26.78334
186,83.36664,26.75293
187,83.36683,26.76759
188,83.36379,26.76242
189,83.35806,26.76335
190,83.35666,26.76403
191,83.36623,26.76613
192,83.35777,26.74306
193,83.39771,26.74978
194,83.39850,26.75210
195,83.38717,26.78590
196,83.23946,26.61303
197,83.26003,26.69705
198,83.26434,26.70601
199,83.37428,26.71582
200,83.37336,26.71606
201,83.37041,26.73371
202,83.36181,26.75853
203,83.38953,26.78815
204,83.39169,26.79549
205,83.40288,26.77755
206,83.38597,26.78861
207,83.39265,26.78787
208,83.39358,26.78747
209,83.39326,26.79023
210,83.39207,26.78935
211,83.38099,26.79013
212,83.39587,26.76028
213,83.39210,26.78806
214,83.38842,26.78795
215,83.38364,26.76905
216,83.38480,26.79712
217,83.38901,26.79630
218,83.38374,26.76952
219,83.39132,26.78958
220,83.39079,26.79278
221,83.38369,26.79604
222,83.38434,26.79965
223,83.39361,26.79061
224,83.40423,26.77966
225,83.38522,26.79836
226,83.39377,26.79140
227,83.39246,26.79494
228,83.38722,26.79671
229,83.39310,26.77088
230,83.39045,26.79286
231,83.39270,26.77032
232,83.39478,26.79226
233,83.38209,26.76929
234,83.38777,26.79364
235,83.39285,26.77060
236,83.38400,26.76948
237,83.39167,26.78817
238,83.38803,26.78808
239,83.38125,26.76383
240,83.38252,26.76987
241,83.39088,26.76537
242,83.39037,26.79603
243,83.38861,26.78719
244,83.39986,26.77555
245,83.37620,26.76502
246,83.39352,26.79052
247,83.38435,26.79954
248,83.38600,26.78877
249,83.38989,26.79300
250,83.38422,26.79724
251,83.38237,26.76818
252,83.38315,26.77033
253,83.38209,26.76715
254,83.39388,26.79028
255,83.39404,26.79043
256,83.38260,26.76912
257,83.38274,26.76917
258,83.38788,26.76626
259,83.40374,26.78117
260,83.38836,26.79646
261,83.43205,26.75462
262,83.43173,26.74730
263,83.37368,26.77538
264,83.38210,26.79778
265,83.37770,26.77389
266,83.37938,26.77350
267,83.37333,26.77435
268,83.37454,26.76331
269,83.37196,26.82569
270,83.36844,26.76380
271,83.37978,26.77291
272,83.36954,26.76701
273,83.37610,26.77697
274,83.36729,26.76317
275,83.37844,26.77368
276,83.37596,26.77657
277,83.37751,26.77466
278,83.37889,26.77466
279,83.37026,26.81624
280,83.37290,26.82624
281,83.37081,26.77333
282,83.37895,26.77668
283,83.37669,26.77489
284,83.38128,26.77052
285,83.37494,26.77405
286,83.37821,26.77398
287,83.36543,26.81384
288,83.37023,26.75676
289,83.37019,26.82440
290,83.33563,26.75893
291,83.37464,26.81590
292,83.36730,26.76116
293,83.37492,26.77502
294,83.37218,26.77583
295,83.34945,26.74977
296,83.37754,26.77345
297,83.36478,26.80997
298,83.33480,26.75948
299,83.37584,26.77755
300,83.37746,26.77711
301,83.35284,26.75527
302,83.37625,26.77748
303,83.35332,26.74848
304,83.36331,26.76115
305,83.34205,26.75667
306,83.37450,26.77755
307,83.36823,26.76354
308,83.33903,26.75633
309,83.37852,26.77680
310,83.37512,26.82693
311,83.34954,26.74900
312,83.37654,26.77365
313,83.37944,26.77654
314,83.34422,26.75477
315,83.37764,26.77371
316,83.36942,26.81899
317,83.35395,26.80457
318,83.36903,26.76543
319,83.36816,26.76333
320,83.37520,26.77469
321,83.36379,26.75818
322,83.36488,26.78855
323,83.38162,26.77588
324,83.37628,26.77274
325,83.38106,26.77326
326,83.37611,26.82666
327,83.37580,26.77706
328,83.36025,26.77548
329,83.37758,26.77356
330,83.36360,26.75933
331,83.37868,26.77128
332,83.36597,26.80465
333,83.37658,26.77379
334,83.37986,26.77340
335,83.37874,26.77403
336,83.37148,26.77512
337,83.37405,26.77644
338,83.36685,26.76070
339,83.38119,26.77407
340,83.38207,26.77582
341,83.34576,26.75504
342,83.37918,26.77115
343,83.37543,26.77604
344,83.37623,26.77732
345,83.37317,26.77687
346,83.36362,26.80552
347,83.37744,26.79901
348,83.37833,26.77326
349,83.37530,26.77608
350,83.37680,26.77613
351,83.37532,26.79743
352,83.37750,26.77334
353,83.37304,26.75650
354,83.36806,26.82339
355,83.37690,26.77483
356,83.36591,26.80035
357,83.37671,26.77420
358,83.36762,26.76168
359,83.36818,26.76287
360,83.35281,26.74841
361,83.36698,26.76120
362,83.37338,26.77451
363,83.38768,26.79341
364,83.38392,26.79654
365,83.36364,26.75792
366,83.37762,26.77588
367,83.37677,26.77621
368,83.37756,26.77708
369,83.38131,26.77401
370,83.36000,26.80663
371,83.37724,26.77598
372,83.36504,26.75930
373,83.36986,26.82403
374,83.36594,26.80537
375,83.36937,26.76640
376,83.35517,26.78381
377,83.35848,26.75920
378,83.36256,26.78901
379,83.35094,26.76775
380,83.36333,26.78880
381,83.36296,26.78889
382,83.36117,26.79271
383,83.34963,26.78196
384,83.36143,26.78824
385,83.34825,26.77951
386,83.36317,26.78841
387,83.35741,26.76222
388,83.35839,26.76274
389,83.35312,26.78481
390,83.34944,26.76806
391,83.35637,26.79037
392,83.35337,26.76805
393,83.35526,26.76089
394,83.35831,26.75940
395,83.36144,26.78852
396,83.35665,26.76068
397,83.36332,26.79602
398,83.35074,26.78371
399,83.36238,26.79171
400,83.34412,26.76904
401,83.35707,26.78321
402,83.36162,26.79358
403,83.36092,26.79214
404,83.35594,26.76250
405,83.36276,26.79084
406,83.36212,26.79099
407,83.36562,26.80019
408,83.36248,26.79562
409,83.35736,26.76207
410,83.35517,26.76767
411,83.35671,26.76241
412,83.35098,26.78460
413,83.34712,26.77850
414,83.46328,26.80408
415,83.47543,26.80611
416,83.35321,26.81447
417,83.34990,26.81658
418,83.35539,26.81835
419,83.35485,26.81636
420,83.41123,26.78326
421,83.35318,26.81484
422,83.35342,26.81585
423,83.35329,26.81372
424,83.35333,26.81557
425,83.36185,26.79983
426,83.39291,26.77614
427,83.34855,26.78094
428,83.34827,26.78212
429,83.34827,26.78119
430,83.34911,26.78214
431,83.34767,26.78267
432,83.34898,26.78188
433,83.35236,26.79713
434,83.34864,26.78200
435,83.34791,26.78224
436,83.35096,26.82651
437,83.34758,26.78142
438,83.34792,26.78131
439,83.34839,26.78242
440,83.34747,26.78239
441,83.34892,26.78074
442,83.35008,26.81994
443,83.34809,26.78080
444,83.34956,26.78168
445,83.34712,26.78156
446,83.36087,26.77810
447,83.36221,26.77345
448,83.36269,26.77682
449,83.35979,26.77333
450,83.36009,26.77499
451,83.36557,26.77608
452,83.36247,26.77555
453,83.36297,26.77743
454,83.36234,26.77559
455,83.36278,26.77542
456,83.36120,26.77364
457,83.36186,26.77296
458,83.36343,26.77701
459,83.36158,26.77357
460,83.35966,26.77598
461,83.36706,26.77375
462,83.35917,26.77500
463,83.36347,26.77724
464,83.36227,26.77335
465,83.36256,26.77691
466,83.36090,26.77369
467,83.35905,26.77606
468,83.36219,26.77711
469,83.36285,26.77718
470,83.36814,26.77337
471,83.35952,26.77340
472,83.36386,26.77496
473,83.36671,26.77574
474,83.35980,26.77630
475,83.36189,26.77575
476,83.36496,26.77451
477,83.35908,26.77633
478,83.36323,26.77703
479,83.36377,26.77464
480,83.36292,26.77676
481,83.36369,26.77507
482,83.36310,26.77674
483,83.36694,26.77616
484,83.36425,26.78146
485,83.36532,26.77965
486,83.36353,26.78563
487,83.36225,26.78188
488,83.36473,26.78402
489,83.36497,26.77884
490,83.36592,26.78167
491,83.36320,26.77932
492,83.36230,26.77769
493,83.36232,26.77938
494,83.36296,26.78082
495,83.36524,26.78272
496,83.36313,26.78184
497,83.36703,26.77876
498,83.36513,26.77883
499,83.36252,26.78254
500,83.36380,26.78094
501,83.36781,26.77911
502,83.36229,26.77931
503,83.36441,26.77891
504,83.36261,26.78105
505,83.36147,26.77993
506,83.36218,26.77971
507,83.36664,26.78454
508,83.36612,26.77901
509,83.36269,26.77845
510,83.36271,26.78311
511,83.36219,26.77903
512,83.36323,26.78211
513,83.36519,26.77933
514,83.36438,26.77801
515,83.36446,26.78522
516,83.36208,26.77867
517,83.36299,26.78166
518,83.36122,26.77911
519,83.36250,26.77988
520,83.36610,26.78312
521,83.36360,26.78055
522,83.36299,26.78093
523,83.36447,26.77935
524,83.36281,26.78347
525,83.36402,26.78031
526,83.36288,26.77880
527,83.36476,26.78056
528,83.36640,26.78299
529,83.36653,26.77890
530,83.36513,26.77907
531,83.36165,26.78053
532,83.36443,26.78500
533,83.36468,26.77852
534,83.36642,26.78306
535,83.36549,26.78216
536,83.36426,26.78307
537,83.36504,26.78142
538,83.36486,26.78397
539,83.36135,26.77957
540,83.36763,26.77856
541,83.36212,26.77885
542,83.36660,26.74261
543,83.39549,26.75014
544,83.39499,26.75374
545,83.35695,26.74398
546,83.36583,26.77913
547,83.36642,26.77738
548,83.39853,26.75362
549,83.35017,26.74750
550,83.39111,26.75738
551,83.36655,26.77771
552,83.36726,26.77755
553,83.39418,26.75116
554,83.39480,26.76055
555,83.39817,26.75413
556,83.36702,26.77692
557,83.36429,26.74264
558,83.39586,26.75353
559,83.39236,26.75516
560,83.38924,26.75112
561,83.36711,26.77723
562,83.36558,26.77847
563,83.36564,26.77861
564,83.36618,26.77712
565,83.39052,26.75540
566,83.39571,26.75086
567,83.35148,26.74688
568,83.39548,26.76214
569,83.39861,26.75401
570,83.39154,26.75516
571,83.39525,26.76203
572,83.39844,26.75500
573,83.36638,26.77839
574,83.39903,26.75542
575,83.36502,26.77629
576,83.39824,26.75289
577,83.39147,26.75097
578,83.39169,26.75170
579,83.39528,26.76236
580,83.40943,26.80408
581,83.39382,26.72173
582,83.35593,26.73899
583,83.37117,26.72772
584,83.37547,26.79220
585,83.37692,26.71841
586,83.35124,26.75081
587,83.36327,26.77271
588,83.38136,26.79514
589,83.35347,26.76100
590,83.34393,26.75602
591,83.34684,26.75912
592,83.38879,26.80728
593,83.39111,26.81112
594,83.38015,26.78360
595,83.36365,26.77434
596,83.37883,26.82358
597,83.38992,26.80671
598,83.36769,26.77290
599,83.35229,26.75057
600,83.38784,26.80527
601,83.35902,26.77090
602,83.35624,26.73989
603,83.35026,26.75131
604,83.39152,26.80907
605,83.38923,26.78268
606,83.37630,26.79374
607,83.39147,26.72341
608,83.38968,26.72472
609,83.35298,26.74736
610,83.35190,26.75073
611,83.38326,26.79620
612,83.39278,26.80370
613,83.38772,26.80824
614,83.38461,26.78413
615,83.34574,26.76206
616,83.36485,26.76830
617,83.35293,26.73582
618,83.37163,26.72697
619,83.38360,26.78222
620,83.38133,26.79083
621,83.39418,26.72599
622,83.37502,26.82454
623,83.34965,26.75152
624,83.38167,26.78303
625,83.34618,26.76147
626,83.35920,26.73815
627,83.38034,26.79754
628,83.34319,26.76093
629,83.35267,26.74404
630,83.35377,26.76273
631,83.35004,26.75912
632,83.35358,26.73592
633,83.40466,26.80470
634,83.38878,26.80037
635,83.37694,26.79255
636,83.35006,26.75138
637,83.37541,26.72100
638,83.35179,26.74171
639,83.35465,26.74991
640,83.38087,26.78450
641,83.35001,26.75892
642,83.39016,26.80442
643,83.35278,26.74186
644,83.37679,26.79196
645,83.35370,26.74157
646,83.41123,26.67582
647,83.37281,26.72551
648,83.36006,26.77324
649,83.38678,26.71088
650,83.37648,26.79508
651,83.35558,26.74202
652,83.41882,26.66349
653,83.34557,26.76013
654,83.35297,26.74742
655,83.35496,26.73948
656,83.37449,26.72363
657,83.38571,26.80651
658,83.35012,26.75510
659,83.35727,26.74229
660,83.35314,26.75870
661,83.35705,26.74672
662,83.40455,26.80465
663,83.39011,26.72627
664,83.35182,26.75074
665,83.37111,26.77929
666,83.35347,26.73368
667,83.38217,26.78458
668,83.39722,26.81649
669,83.38016,26.79706
670,83.35530,26.74082
671,83.35304,26.74016
672,83.39365,26.72098
673,83.38905,26.80487
674,83.39650,26.71753
675,83.37911,26.71487
676,83.35602,26.74420
677,83.38781,26.70655
678,83.37427,26.72420
679,83.39564,26.80860
680,83.38330,26.73335
681,83.39162,26.72209
682,83.36347,26.77336
683,83.35652,26.73818
684,83.35805,26.74915
685,83.35096,26.75956
686,83.38833,26.78304
687,83.35296,26.74032
688,83.38079,26.79650
689,83.38932,26.69927
690,83.38695,26.73049
691,83.35194,26.74180
692,83.34568,26.76465
693,83.38652,26.80230
694,83.34593,26.76556
695,83.37480,26.79398
696,83.35258,26.74125
697,83.35075,26.74195
698,83.35619,26.73888
699,83.37727,26.79357
700,83.35195,26.73911
701,83.37748,26.79422
702,83.35262,26.74735
703,83.37294,26.78571
704,83.35268,26.74151
705,83.37642,26.79425
706,83.35337,26.74129
707,83.35358,26.74121
708,83.36601,26.77351
709,83.38197,26.79220
710,83.38531,26.71175
711,83.34554,26.76169
712,83.35295,26.74489
713,83.35849,26.77148
714,83.35825,26.77097
715,83.39073,26.72380
716,83.37893,26.71545
717,83.38643,26.79040
718,83.35041,26.75511
719,83.35576,26.74268
720,83.39126,26.80862
721,83.35532,26.74090
722,83.38494,26.80360
723,83.35829,26.73754
724,83.35188,26.74168
725,83.35320,26.75815
726,83.34696,26.76125
727,83.40317,26.80455
728,83.38011,26.79666
729,83.38179,26.79180
730,83.35183,26.74184
731,83.34989,26.75276
732,83.35060,26.75511
733,83.37601,26.79273
734,83.37692,26.79505
735,83.35600,26.74035
736,83.35779,26.74302
737,83.38278,26.79394
738,83.35034,26.76038
739,83.35039,26.74718
740,83.35440,26.73610
741,83.35527,26.74405
742,83.38042,26.73169
743,83.35229,26.75066
744,83.38240,26.78271
745,83.36319,26.77227
746,83.35333,26.74059
747,83.37969,26.77647
748,83.38362,26.73913
749,83.38190,26.74012
750,83.38761,26.77357
751,83.36563,26.74106
752,83.38325,26.73437
753,83.38871,26.77767
754,83.38972,26.77602
755,83.36016,26.75236
756,83.36351,26.74686
757,83.38357,26.73813
758,83.38360,26.78165
759,83.37119,26.73885
760,83.38979,26.77374
761,83.38528,26.77606
762,83.36233,26.74613
763,83.39102,26.77761
764,83.38383,26.73444
765,83.36193,26.77181
766,83.35811,26.76651
767,83.36538,26.77042
768,83.38919,26.77466
769,83.38324,26.73984
770,83.36940,26.78220
771,83.38868,26.77431
772,83.37174,26.78152
773,83.37447,26.77813
774,83.38323,26.73929
775,83.36211,26.75062
776,83.38223,26.78060
777,83.38353,26.74052
778,83.38393,26.74140
779,83.36433,26.76871
780,83.38460,26.73947
781,83.36515,26.74541
782,83.36508,26.77131
783,83.36469,26.74687
784,83.38661,26.73823
785,83.38320,26.73970
786,83.37068,26.78096
787,83.38444,26.77984
788,83.38664,26.73883
789,83.38179,26.78230
790,83.36868,26.78051
791,83.37833,26.73376
792,83.36662,26.74087
793,83.36079,26.74950
794,83.38436,26.73351
795,83.36237,26.77242
796,83.38128,26.73645
797,83.38571,26.73397
798,83.38194,26.77978
799,83.36821,26.76944
800,83.38135,26.77786
801,83.36330,26.76939
802,83.36563,26.74439
803,83.36295,26.74263
804,83.37297,26.77666
805,83.35985,26.74888
806,83.38464,26.73397
807,83.36358,26.77108
808,83.38714,26.72829
809,83.36948,26.77692
810,83.38272,26.78049
811,83.36167,26.75807
812,83.36526,26.74033
813,83.36296,26.75731
814,83.38547,26.74050
815,83.37985,26.77580
816,83.38042,26.77744
817,83.36217,26.74385
818,83.38521,26.73488
819,83.36462,26.77249
820,83.34772,26.75968
821,83.36252,26.75166
822,83.38567,26.73318
823,83.38475,26.73248
824,83.36328,26.76602
825,83.38303,26.78178
826,83.38407,26.77919
827,83.36064,26.75212
828,83.37454,26.73774
829,83.37983,26.77735
830,83.37266,26.77831
831,83.36207,26.77248
832,83.38757,26.77583
833,83.36840,26.74028
834,83.38347,26.77932
835,83.36497,26.73869
836,83.36382,26.74501
837,83.36589,26.74372
838,83.38424,26.73446
839,83.36168,26.75003
840,83.36400,26.77098
841,83.38822,26.77527
842,83.36395,26.75050
843,83.36359,26.74687
844,83.37921,26.78261
845,83.38047,26.77474
846,83.38195,26.73964
847,83.36910,26.77733
848,83.36979,26.77678
849,83.38435,26.73276
850,83.38699,26.77587
851,83.38349,26.74046
852,83.38940,26.77551
853,83.38460,26.74048
854,83.38656,26.77384
855,83.38965,26.77798
856,83.38954,26.77425
857,83.38189,26.73945
858,83.36542,26.77050
859,83.36587,26.74457
860,83.36638,26.77007
861,83.36628,26.74690
862,83.36382,26.74400
863,83.36287,26.75383
864,83.36967,26.77750
865,83.38305,26.74214
866,83.36491,26.76535
867,83.36587,26.76527
868,83.36424,26.73870
869,83.37914,26.77739
870,83.38458,26.73400
871,83.36929,26.77800
872,83.36017,26.76584
873,83.38060,26.73187
874,83.37096,26.77839
875,83.39015,26.77413
876,83.38818,26.77397
877,83.36830,26.74941
878,83.38476,26.73380
879,83.37812,26.73359
880,83.36442,26.77078
881,83.38072,26.77907
882,83.37052,26.73926
883,83.36112,26.77261
884,83.36673,26.74735
885,83.38516,26.73387
886,83.36361,26.77184
887,83.38342,26.73772
888,83.36914,26.77864
889,83.38664,26.77415
890,83.36896,26.78131
891,83.37046,26.78029
892,83.36149,26.77191
893,83.35007,26.75939
894,83.36452,26.77110
895,83.35028,26.76020
896,83.37884,26.73421
897,83.38274,26.73968
898,83.36161,26.77254
899,83.37066,26.77756
900,83.38033,26.77589
901,83.38279,26.73830
902,83.35951,26.74519
903,83.38597,26.73812
904,83.38718,26.77400
905,83.38179,26.73809
906,83.36633,26.73961
907,83.38226,26.78056
908,83.37890,26.77669
909,83.38419,26.73368
910,83.38822,26.77732
911,83.38251,26.78003
912,83.38277,26.78258
913,83.38271,26.73788
914,83.36961,26.78158
915,83.36578,26.74069
916,83.35982,26.74603
917,83.39167,26.77633
918,83.36552,26.74696
919,83.39011,26.77639
920,83.36363,26.74621
921,83.38371,26.73048
922,83.38927,26.77656
923,83.36504,26.73920
924,83.36865,26.78043
925,83.38151,26.78081
926,83.38322,26.78245
927,83.38026,26.77891
928,83.38927,26.77807
929,83.38915,26.77568
930,83.36217,26.75080
931,83.36340,26.73848
932,83.36459,26.73946
933,83.38384,26.73356
934,83.38638,26.77425
935,83.38311,26.74050
936,83.36687,26.74049
937,83.36139,26.74158
938,83.38465,26.73489
939,83.38057,26.73281
940,83.38773,26.77645
941,83.38080,26.73832
942,83.36887,26.78083
943,83.36118,26.77299
944,83.39044,26.77409
945,83.36126,26.75854
946,83.36741,26.74116
947,83.38472,26.73303
948,83.37116,26.77738
949,83.36179,26.76780
950,83.39102,26.77756
951,83.38690,26.77553
952,83.38034,26.77775
953,83.38087,26.73860
954,83.38090,26.73890
955,83.36360,26.74693
956,83.36466,26.76599
957,83.37056,26.77947
958,83.36403,26.76719
959,83.36514,26.77096
960,83.36495,26.77100
961,83.37049,26.77724
962,83.36601,26.74083
963,83.38959,26.73878
964,83.38997,26.77692
965,83.38507,26.73270
966,83.36853,26.77963
967,83.38383,26.73447
968,83.38004,26.77640
969,83.36974,26.77770
970,83.36976,26.78086
971,83.36038,26.74502
972,83.36422,26.77258
973,83.36203,26.74647
974,83.35989,26.74707
975,83.38319,26.73913
976,83.38461,26.73447
977,83.36217,26.75611
978,83.36888,26.74418
979,83.38437,26.73208
980,83.36585,26.74428
981,83.36597,26.74162
982,83.38772,26.77691
983,83.38606,26.77602
984,83.36372,26.76850
985,83.37050,26.77579
986,83.38114,26.77730
987,83.38952,26.77748
988,83.38857,26.77864
989,83.37937,26.77454
990,83.38914,26.77613
991,83.38097,26.77577
992,83.36899,26.77869
993,83.36587,26.74091
994,83.38940,26.77704
995,83.37121,26.77882
996,83.36444,26.77085
997,83.38045,26.77813
998,83.38283,26.73985
999,83.37988,26.77442
1000,83.36936,26.77670
1001,83.36516,26.76997
1002,83.38233,26.78176
1003,83.36402,26.73837
1004,83.36997,26.77782
1005,83.37007,26.77816
1006,83.38691,26.73650
1007,83.36679,26.74015
1008,83.37510,26.77783
1009,83.38522,26.73388
1010,83.36455,26.77122
1011,83.36413,26.77143
1012,83.38426,26.73395
1013,83.38678,26.74049
1014,83.38535,26.73537
1015,83.36302,26.76825
1016,83.36477,26.73937
1017,83.36846,26.74046
1018,83.38263,26.77972
1019,83.38233,26.78227
1020,83.38979,26.77508
1021,83.37449,26.77631
1022,83.36234,26.76553
1023,83.36565,26.73980
1024,83.36173,26.77185
1025,83.36848,26.77884
1026,83.37107,26.77857
1027,83.37095,26.78174
1028,83.37999,26.77482
1029,83.36418,26.76691
1030,83.40557,26.75193
1031,83.40819,26.74886
1032,83.40455,26.74917
1033,83.40136,26.75138
1034,83.40262,26.75454
1035,83.40353,26.75360
1036,83.40430,26.74674
1037,83.37127,26.75356
1038,83.37423,26.74187
1039,83.38069,26.74428
1040,83.37897,26.74414
1041,83.38034,26.74435
1042,83.37884,26.74390
1043,83.38766,26.75660
1044,83.37540,26.74236
1045,83.37375,26.74373
1046,83.38803,26.75652
1047,83.38827,26.75646
1048,83.37431,26.74208
1049,83.38075,26.74507
1050,83.38821,26.75708
1051,83.36995,26.75408
1052,83.38151,26.74375
1053,83.37821,26.74459
1054,83.37686,26.74346
1055,83.38039,26.74304
1056,83.37772,26.74479
1057,83.37790,26.74387
1058,83.37788,26.74411
1059,83.38059,26.74383
1060,83.38079,26.74126
1061,83.36884,26.75446
1062,83.37668,26.74345
1063,83.39057,26.74700
1064,83.37694,26.74244
1065,83.37887,26.74353
1066,83.37826,26.74388
1067,83.37672,26.74371
1068,83.38001,26.74217
1069,83.37497,26.74234
1070,83.37789,26.74373
1071,83.37673,26.74243
1072,83.38008,26.74146
1073,83.39131,26.75080
1074,83.38048,26.74352
1075,83.37880,26.74299
1076,83.37572,26.74142
1077,83.37824,26.74412
1078,83.38067,26.74406
1079,83.37578,26.74434
1080,83.38173,26.74422
1081,83.38075,26.74461
1082,83.38097,26.74107
1083,83.37381,26.74214
1084,83.37624,26.74132
1085,83.37998,26.74437
1086,83.37657,26.74451
1087,83.37461,26.74409
1088,83.34564,26.76348
1089,83.36101,26.75671
1090,83.34517,26.75812
1091,83.34005,26.76166
1092,83.35756,26.75822
1093,83.34645,26.75680
1094,83.33968,26.76078
1095,83.34800,26.76390
1096,83.36674,26.75350
1097,83.36516,26.75434
1098,83.34554,26.76061
1099,83.34845,26.76333
1100,83.36081,26.76128
1101,83.34521,26.75818
1102,83.36337,26.75375
1103,83.35811,26.75851
1104,83.36446,26.75424
1105,83.35766,26.76129
1106,83.36501,26.75400
1107,83.35461,26.75915
1108,83.34797,26.76439
1109,83.34466,26.76293
1110,83.36399,26.75515
1111,83.36382,26.75432
1112,83.34332,26.76326
1113,83.36365,26.75526
1114,83.34757,26.76101
1115,83.37182,26.75898
1116,83.34910,26.76431
1117,83.33889,26.75996
1118,83.36172,26.75985
1119,83.34893,26.76261
1120,83.34787,26.76155
1121,83.34097,26.76851
1122,83.34023,26.75880
1123,83.33973,26.76040
1124,83.34077,26.75568
1125,83.36479,26.75412
1126,83.34275,26.76382
1127,83.34848,26.76350
1128,83.34769,26.76232
1129,83.36156,26.76273
1130,83.36303,26.75459
1131,83.34634,26.75777
1132,83.34606,26.75784
1133,83.35115,26.76147
1134,83.34345,26.76714
1135,83.36336,26.75385
1136,83.34861,26.76434
1137,83.34319,26.76265
1138,83.36684,26.75225
1139,83.36404,26.76177
1140,83.36499,26.75100
1141,83.36380,26.75473
1142,83.35988,26.76187
1143,83.34060,26.76961
1144,83.36086,26.75576
1145,83.34122,26.75981
1146,83.37028,26.75999
1147,83.33998,26.75838
1148,83.37236,26.76029
1149,83.36982,26.75909
1150,83.34789,26.76315
1151,83.34215,26.76732
1152,83.34494,26.76360
1153,83.34414,26.75537
1154,83.34540,26.75786
1155,83.35989,26.76303
1156,83.34534,26.75740
1157,83.34175,26.75677
1158,83.37184,26.75987
1159,83.34192,26.75791
1160,83.34754,26.76330
1161,83.33847,26.76076
1162,83.34221,26.75854
1163,83.34867,26.76082
1164,83.34194,26.75862
1165,83.33949,26.75979
1166,83.34097,26.75580
1167,83.36347,26.75481
1168,83.34562,26.76383
1169,83.36328,26.76048
1170,83.37194,26.75944
1171,83.33942,26.77071
1172,83.34848,26.75875
1173,83.36154,26.76000
1174,83.34960,26.76427
1175,83.34129,26.76364
1176,83.34948,26.76387
1177,83.36330,26.75406
1178,83.35322,26.75952
1179,83.34039,26.76054
1180,83.33864,26.77170
1181,83.36364,26.75438
1182,83.34259,26.76488
1183,83.36210,26.75978
1184,83.36887,26.76057
1185,83.37170,26.75939
1186,83.35792,26.76124
1187,83.33860,26.76107
1188,83.34846,26.75861
1189,83.33962,26.76012
1190,83.34575,26.76259
1191,83.35659,26.75838
1192,83.34891,26.76247
1193,83.34759,26.75793
1194,83.34775,26.75688
1195,83.36290,26.75572
1196,83.34584,26.75656
1197,83.36233,26.76071
1198,83.34289,26.75825
1199,83.34478,26.75763
1200,83.33986,26.76072
1201,83.34705,26.76027
1202,83.34775,26.76172
1203,83.34825,26.75862
1204,83.34263,26.76411
1205,83.35449,26.75869
1206,83.36040,26.75905
1207,83.36379,26.76105
1208,83.34395,26.75540
1209,83.36362,26.76025
1210,83.36241,26.76094
1211,83.34331,26.76330
1212,83.36474,26.75475
1213,83.36061,26.75832
1214,83.34718,26.75625
1215,83.34686,26.75757
1216,83.34771,26.76159
1217,83.36440,26.76228
1218,83.36341,26.76210
1219,83.36499,26.75451
1220,83.34818,26.75833
1221,83.34634,26.75559
1222,83.37195,26.75849
1223,83.33944,26.75759
1224,83.34042,26.75929
1225,83.34854,26.76387
1226,83.33834,26.76049
1227,83.37511,26.74043
1228,83.37392,26.73505
1229,83.35941,26.79759
1230,83.37390,26.73556
1231,83.37148,26.73616
1232,83.35449,26.80344
1233,83.35849,26.79963
1234,83.37550,26.73515
1235,83.35690,26.80369
1236,83.37474,26.73477
1237,83.35581,26.80187
1238,83.35335,26.80125
1239,83.35794,26.80186
1240,83.35903,26.80637
1241,83.35827,26.80177
1242,83.37556,26.73436
1243,83.35834,26.80105
1244,83.37454,26.73448
1245,83.35457,26.80862
1246,83.35675,26.80330
1247,83.35797,26.80192
1248,83.35557,26.80102
1249,83.35512,26.80146
1250,83.35868,26.80165
1251,83.35860,26.79934
1252,83.35698,26.80417
1253,83.35475,26.79618
1254,83.35912,26.80605
1255,83.37804,26.73762
1256,83.35976,26.80001
1257,83.36036,26.80203
1258,83.35824,26.80029
1259,83.38025,26.73647
1260,83.35510,26.80111
1261,83.35690,26.80910
1262,83.35579,26.80700
1263,83.37681,26.73890
1264,83.37242,26.73559
1265,83.35393,26.80777
1266,83.35871,26.80249
1267,83.37185,26.73633
1268,83.35697,26.80388
1269,83.35986,26.79972
1270,83.35406,26.80805
1271,83.35994,26.80069
1272,83.35460,26.80342
1273,83.36056,26.79994
1274,83.35981,26.80187
1275,83.37530,26.73450
1276,83.37569,26.73556
1277,83.38011,26.73667
1278,83.37634,26.73626
1279,83.37448,26.73654
1280,83.37345,26.73578
1281,83.35875,26.80322
1282,83.37542,26.73480
1283,83.37150,26.73583
1284,83.35885,26.80355
1285,83.35720,26.80313
1286,83.35515,26.80496
1287,83.35627,26.80791
1288,83.35596,26.80729
1289,83.35691,26.80231
1290,83.37580,26.73545
1291,83.37430,26.74124
1292,83.35765,26.80137
1293,83.35385,26.79968
1294,83.35661,26.80553
1295,83.40174,26.71292
1296,83.40099,26.71407
1297,83.40316,26.71341
1298,83.40429,26.71254
1299,83.40153,26.71329
1300,83.40292,26.71257
1301,83.40164,26.71265
1302,83.40122,26.71302
1303,83.37570,26.73534
1304,83.40200,26.71369
1305,83.40211,26.71398
1306,83.40336,26.71283
1307,83.40325,26.71255
1308,83.40302,26.71192
1309,83.39815,26.70790
1310,83.40326,26.71364
1311,83.40085,26.71378
1312,83.40313,26.71218
1313,83.40393,26.71183
1314,83.40146,26.71388
1315,83.40302,26.71295
1316,83.40416,26.71229
1317,83.40382,26.71159
1318,83.40131,26.71334
1319,83.40137,26.71281
1320,83.40004,26.70938
1321,83.40331,26.71380
1322,83.40355,26.71244
1323,83.38862,26.72387
1324,83.40362,26.71117
1325,83.40282,26.71231
1326,83.40339,26.71205
1327,83.40159,26.71354
1328,83.39909,26.70860
1329,83.40307,26.71315
1330,83.40191,26.71343
1331,83.40060,26.71358
1332,83.38233,26.72982
1333,83.40217,26.71416
1334,83.40138,26.71359
1335,83.38125,26.72907
1336,83.37701,26.72729
1337,83.38439,26.72815
1338,83.39477,26.71613
1339,83.36981,26.73083
1340,83.38304,26.72762
1341,83.39124,26.71896
1342,83.36868,26.72575
1343,83.38190,26.72883
1344,83.37368,26.72327
1345,83.37867,26.73080
1346,83.36956,26.72067
1347,83.37191,26.72816
1348,83.38112,26.72962
1349,83.37806,26.72956
1350,83.39043,26.72066
1351,83.39179,26.71851
1352,83.38205,26.72895
1353,83.37383,26.72687
1354,83.37477,26.72860
1355,83.37190,26.72421
1356,83.38059,26.72792
1357,83.39018,26.72235
1358,83.39222,26.72087
1359,83.37188,26.72741
1360,83.38975,26.72197
1361,83.38564,26.72600
1362,83.38966,26.71972
1363,83.36895,26.73111
1364,83.37031,26.72168
1365,83.38399,26.72773
1366,83.39080,26.72004
1367,83.38773,26.72214
1368,83.38009,26.72879
1369,83.37098,26.72830
1370,83.38066,26.72732
1371,83.39771,26.71637
1372,83.37503,26.72847
1373,83.38059,26.72982
1374,83.37913,26.72911
1375,83.37164,26.72509
1376,83.37338,26.72190
1377,83.38096,26.73039
1378,83.37220,26.72616
1379,83.37282,26.72024
1380,83.38602,26.72639
1381,83.37461,26.72166
1382,83.39165,26.71896
1383,83.37604,26.71995
1384,83.37333,26.72251
1385,83.37863,26.73050
1386,83.39661,26.71505
1387,83.37936,26.73236
1388,83.37513,26.72181
1389,83.37825,26.72817
1390,83.37875,26.73076
1391,83.37743,26.73072
1392,83.37268,26.72123
1393,83.37983,26.72807
1394,83.38275,26.72849
1395,83.38276,26.72703
1396,83.38118,26.72811
1397,83.37774,26.72706
1398,83.37840,26.72848
1399,83.37316,26.72516
1400,83.37269,26.72747
1401,83.37851,26.73025
1402,83.38288,26.72744
1403,83.37271,26.72264
1404,83.36989,26.72327
1405,83.37362,26.72782
1406,83.39017,26.72066
1407,83.38267,26.72951
1408,83.37306,26.72197
1409,83.38171,26.72809
1410,83.37989,26.72835
1411,83.37226,26.72340
1412,83.37255,26.72705
1413,83.38264,26.72637
1414,83.39165,26.71875
1415,83.38370,26.72680
1416,83.39617,26.71751
1417,83.38261,26.72813
1418,83.37495,26.72235
1419,83.38097,26.72844
1420,83.38428,26.72804
1421,83.37007,26.72261
1422,83.37474,26.72168
1423,83.37095,26.72309
1424,83.38174,26.72643
1425,83.37262,26.72103
1426,83.38911,26.72156
1427,83.38055,26.73183
1428,83.38959,26.72034
1429,83.38398,26.72763
1430,83.37882,26.72841
1431,83.38080,26.72735
1432,83.37227,26.72848
1433,83.40496,26.71205
1434,83.38979,26.72203
1435,83.38963,26.72074
1436,83.37064,26.72050
1437,83.37948,26.73247
1438,83.38681,26.72244
1439,83.38142,26.73083
1440,83.38972,26.72132
1441,83.37732,26.73133
1442,83.38082,26.72838
1443,83.38101,26.72778
1444,83.37281,26.72365
1445,83.38034,26.72938
1446,83.37284,26.72321
1447,83.39032,26.72247
1448,83.36923,26.72558
1449,83.38812,26.72301
1450,83.38051,26.72864
1451,83.38765,26.72217
1452,83.37236,26.72490
1453,83.37207,26.72281
1454,83.38127,26.73071
1455,83.37242,26.72029
1456,83.37184,26.72733
1457,83.39291,26.71758
1458,83.37799,26.72757
1459,83.40557,26.71311
1460,83.37139,26.72515
1461,83.38128,26.72712
1462,83.37213,26.72497
1463,83.38981,26.72155
1464,83.39461,26.76630
1465,83.40608,26.76417
1466,83.40174,26.75770
1467,83.39626,26.76685
1468,83.40528,26.75861
1469,83.39688,26.76313
1470,83.39805,26.76843
1471,83.40283,26.75502
1472,83.40310,26.75589
1473,83.40193,26.75656
1474,83.40125,26.76497
1475,83.39923,26.75586
1476,83.40304,26.75642
1477,83.41355,26.75621
1478,83.40085,26.75697
1479,83.40276,26.75971
1480,83.39758,26.76546
1481,83.39137,26.76523
1482,83.40184,26.76009
1483,83.40578,26.76483
1484,83.39665,26.76673
1485,83.40380,26.76055
1486,83.39717,26.76282
1487,83.40197,26.75668
1488,83.39028,26.76163
1489,83.39697,26.76268
1490,83.39832,26.76455
1491,83.40292,26.75593
1492,83.40346,26.76501
1493,83.41053,26.75442
1494,83.41140,26.75671
1495,83.40026,26.75696
1496,83.40184,26.75621
1497,83.40081,26.75683
1498,83.40017,26.75663
1499,83.39741,26.76302
1500,83.40733,26.75801
1501,83.40827,26.75389
1502,83.40840,26.75481
1503,83.40421,26.76780
1504,83.39950,26.76270
1505,83.39715,26.76617
1506,83.40331,26.75948
1507,83.39639,26.77058
1508,83.41038,26.75356
1509,83.40301,26.76518
1510,83.39762,26.76916
1511,83.39891,26.76230
1512,83.40359,26.76656
1513,83.40390,26.76480
1514,83.40302,26.75630
1515,83.40336,26.76605
1516,83.36779,26.77145
1517,83.36657,26.77330
1518,83.40364,26.75763
1519,83.36786,26.77254
1520,83.40257,26.76067
1521,83.36999,26.77223
1522,83.40533,26.76137
1523,83.36778,26.77108
1524,83.36621,26.77343
1525,83.36725,26.77230
1526,83.36976,26.77315
1527,83.36587,26.77257
1528,83.36803,26.77291
1529,83.40656,26.76021
1530,83.36662,26.77233
1531,83.36843,26.77235
1532,83.40508,26.75872
1533,83.40235,26.76083
1534,83.36579,26.77232
1535,83.36773,26.77227
1536,83.40712,26.76009
1537,83.36990,26.77254
1538,83.36666,26.77190
1539,83.36695,26.77319
1540,83.36627,26.77246
1541,83.36777,26.77095
1542,83.36933,26.77346
1543,83.40366,26.76023
1544,83.36689,26.77220
1545,83.36834,26.77212
1546,83.36920,26.77254
1547,83.36755,26.77295
1548,83.36724,26.77307
1549,83.39964,26.76183
1550,83.40119,26.76158
1551,83.40427,26.75910
1552,83.36645,26.77196
1553,83.36958,26.77367
1554,83.36892,26.77051
1555,83.40161,26.75964
1556,83.45846,26.76642
1557,83.45407,26.76350
1558,83.45461,26.76525
1559,83.45231,26.76619
1560,83.44537,26.71073
1561,83.45308,26.76581
1562,83.46661,26.77412
1563,83.47979,26.77998
1564,83.46230,26.77014
1565,83.46084,26.76886
1566,83.45321,26.76569
1567,83.45546,26.76160
1568,83.45251,26.75924
1569,83.46199,26.76979
1570,83.44785,26.74702
1571,83.33927,26.76622
1572,83.34758,26.76773
1573,83.34842,26.76754
1574,83.34669,26.76733
1575,83.34818,26.76516
1576,83.34811,26.76652
1577,83.34602,26.76554
1578,83.34828,26.76821
1579,83.34743,26.76717
1580,83.34824,26.76699
1581,83.34780,26.76709
1582,83.34795,26.76765
1583,83.34093,26.76592
1584,83.34703,26.76726
1585,83.35731,26.78177
1586,83.35905,26.78247
1587,83.35411,26.78184
1588,83.35404,26.78089
1589,83.35978,26.77965
1590,83.35860,26.78138
1591,83.35414,26.78027
1592,83.35292,26.78077
1593,83.35398,26.78031
1594,83.35623,26.77956
1595,83.35997,26.78020
1596,83.36022,26.78082
1597,83.35561,26.77940
1598,83.34970,26.77294
1599,83.35376,26.76612
1600,83.36633,26.76651
1601,83.36604,26.77594
1602,83.36329,26.77467
1603,83.36992,26.77059
1604,83.36312,26.77123
1605,83.35744,26.76797
1606,83.35063,26.76629
1607,83.36714,26.76470
1608,83.35854,26.76790
1609,83.36306,26.76722
1610,83.36709,26.76453
1611,83.36155,26.76553
1612,83.37040,26.76501
1613,83.36335,26.76454
1614,83.34676,26.76536
1615,83.36904,26.77538
1616,83.36310,26.77529
1617,83.36743,26.77516
1618,83.36276,26.76848
1619,83.34735,26.77182
1620,83.36214,26.76744
1621,83.36556,26.77479
1622,83.36456,26.77503
1623,83.36105,26.77472
1624,83.36383,26.77684
1625,83.36081,26.76904
1626,83.36617,26.76388
1627,83.37013,26.76501
1628,83.36913,26.76573
1629,83.36943,26.76403
1630,83.36746,26.77545
1631,83.34849,26.77570
1632,83.34706,26.77550
1633,83.36323,26.77524
1634,83.34857,26.76816
1635,83.35297,26.76807
1636,83.35385,26.76523
1637,83.36377,26.76439
1638,83.36099,26.76954
1639,83.34985,26.76651
1640,83.36926,26.76611
1641,83.35722,26.76566
1642,83.34631,26.76619
1643,83.35682,26.76573
1644,83.35379,26.76514
1645,83.36445,26.76526
1646,83.36745,26.76658
1647,83.36692,26.77479
1648,83.36989,26.76557
1649,83.36949,26.76898
1650,83.34838,26.77389
1651,83.36807,26.76640
1652,83.34730,26.77613
1653,83.36420,26.76680
1654,83.36018,26.76988
1655,83.36934,26.76375
1656,83.35992,26.76926
1657,83.36820,26.76677
1658,83.36140,26.77561
1659,83.35475,26.77282
1660,83.36288,26.77049
1661,83.35463,26.76600
1662,83.35054,26.76600
1663,83.35545,26.76567
1664,83.35308,26.76570
1665,83.34947,26.76727
1666,83.34700,26.77522
1667,83.35233,26.76670
1668,83.36335,26.77041
1669,83.35644,26.76530
1670,83.36236,26.76801
1671,83.35951,26.76954
1672,83.36003,26.76820
1673,83.35154,26.76607
1674,83.36110,26.76429
1675,83.37045,26.76854
1676,83.34822,26.76822
1677,83.34973,26.76619
1678,83.35135,26.76581
1679,83.35276,26.76523
1680,83.36933,26.76509
1681,83.34354,26.76738
1682,83.34682,26.77493
1683,83.35711,26.76512
1684,83.34597,26.76738
1685,83.35033,26.76527
1686,83.36661,26.76723
1687,83.36891,26.77577
1688,83.35234,26.76593
1689,83.35154,26.76637
1690,83.35751,26.76837
1691,83.35955,26.77058
1692,83.35592,26.76585
1693,83.36774,26.76734
1694,83.35107,26.76587
1695,83.34814,26.77369
1696,83.36566,26.76479
1697,83.36090,26.77575
1698,83.36895,26.76497
1699,83.34632,26.77469
1700,83.36207,26.76904
1701,83.36705,26.76549
1702,83.36834,26.76716
1703,83.36617,26.76469
1704,83.36307,26.76544
1705,83.37007,26.76593
1706,83.35519,26.76697
1707,83.36350,26.77514
1708,83.36949,26.76421
1709,83.34810,26.77476
1710,83.35072,26.76657
1711,83.36724,26.76503
1712,83.34928,26.76664
1713,83.36973,26.76980
1714,83.36379,26.77030
1715,83.36353,26.76531
1716,83.36126,26.76497
1717,83.36623,26.76532
1718,83.36948,26.76832
1719,83.36718,26.76585
1720,83.36486,26.77555
1721,83.36570,26.77604
1722,83.36931,26.77011
1723,83.34831,26.77366
1724,83.36143,26.76952
1725,83.35110,26.76773
1726,83.36152,26.77595
1727,83.36996,26.77089
1728,83.34797,26.77445
1729,83.36961,26.77064
1730,83.36024,26.76547
1731,83.35008,26.76715
1732,83.36909,26.76703
1733,83.35975,26.76907
1734,83.36251,26.76903
1735,83.34821,26.77501
1736,83.34823,26.77344
1737,83.35326,26.76605
1738,83.35507,26.76715
1739,83.34633,26.76865
1740,83.36866,26.76422
1741,83.34849,26.76984
1742,83.35222,26.76596
1743,83.37026,26.76554
1744,83.37046,26.77050
1745,83.36692,26.76512
1746,83.36837,26.77369
1747,83.34780,26.77374
1748,83.36722,26.77405
1749,83.34782,26.77409
1750,83.36747,26.77455
1751,83.36139,26.76842
1752,83.34650,26.76674
1753,83.36239,26.76861
1754,83.36223,26.76979
1755,83.34895,26.77109
1756,83.36200,26.76873
1757,83.34553,26.76597
1758,83.36197,26.76858
1759,83.35607,26.76658
1760,83.34955,26.76753
1761,83.35082,26.76688
1762,83.36732,26.76622
1763,83.36504,26.77480
1764,83.36176,26.76993
1765,83.35455,26.76890
1766,83.36781,26.76568
1767,83.36342,26.76486
1768,83.36902,26.76416
1769,83.36074,26.76880
1770,83.37045,26.76550
1771,83.36136,26.76911
1772,83.36963,26.76397
1773,83.36436,26.77474
1774,83.35268,26.76693
1775,83.34583,26.76689
1776,83.36297,26.76462
1777,83.34863,26.76680
1778,83.35448,26.76784
1779,83.36831,26.77415
1780,83.36523,26.77490
1781,83.35457,26.76590
1782,83.35404,26.76552
1783,83.36752,26.77601
1784,83.35125,26.76646
1785,83.36768,26.76532
1786,83.35603,26.76529
1787,83.36302,26.77476
1788,83.35601,26.77598
1789,83.34430,26.76722
1790,83.35116,26.76616
1791,83.36364,26.77125
1792,83.36759,26.76695
1793,83.36907,26.77081
1794,83.36088,26.76924
1795,83.36794,26.76604
1796,83.34768,26.76517
1797,83.35286,26.76622
1798,83.35320,26.76608
1799,83.34833,26.76864
1800,83.36927,26.76491
1801,83.36608,26.76575
1802,83.36371,26.76526
1803,83.36540,26.77532
1804,83.35087,26.76703
1805,83.35665,26.78074
1806,83.35384,26.77957
1807,83.35610,26.78085
1808,83.36162,26.78039
1809,83.35405,26.78148
1810,83.37930,26.78635
1811,83.37577,26.78647
1812,83.37860,26.78782
1813,83.37209,26.79446
1814,83.38270,26.79081
1815,83.37648,26.79264
1816,83.37408,26.79042
1817,83.37911,26.79034
1818,83.37420,26.79098
1819,83.37679,26.79366
1820,83.37417,26.79083
1821,83.37664,26.78626
1822,83.37752,26.78874
1823,83.37523,26.79076
1824,83.37399,26.78996
1825,83.38027,26.78852
1826,83.37946,26.78672
1827,83.37393,26.79502
1828,83.37678,26.79116
1829,83.37839,26.78910
1830,83.38151,26.79121
1831,83.38024,26.79115
1832,83.37059,26.79166
1833,83.37336,26.79377
1834,83.36951,26.79214
1835,83.37909,26.79143
1836,83.38239,26.78655
1837,83.37886,26.78536
1838,83.37657,26.78981
1839,83.38169,26.78671
1840,83.37672,26.78830
1841,83.37819,26.78929
1842,83.37726,26.78820
1843,83.37326,26.79155
1844,83.38101,26.78567
1845,83.37622,26.78840
1846,83.37303,26.79305
1847,83.37566,26.79083
1848,83.37743,26.79065
1849,83.37226,26.79336
1850,83.37635,26.78896
1851,83.37406,26.79265
1852,83.37681,26.78864
1853,83.38129,26.78788
1854,83.36130,26.79303
1855,83.35866,26.78478
1856,83.35893,26.78689
1857,83.36351,26.78827
1858,83.35307,26.79064
1859,83.35967,26.79276
1860,83.34887,26.79102
1861,83.36305,26.78437
1862,83.36305,26.79248
1863,83.36310,26.79341
1864,83.36069,26.78324
1865,83.36215,26.79440
1866,83.35925,26.78344
1867,83.36077,26.78287
1868,83.36112,26.79260
1869,83.36178,26.79384
1870,83.36072,26.79144
1871,83.36080,26.79703
1872,83.36199,26.78424
1873,83.36047,26.79624
1874,83.36163,26.79701
1875,83.36166,26.79292
1876,83.35252,26.79182
1877,83.35389,26.78899
1878,83.35284,26.79071
1879,83.35949,26.78725
1880,83.35607,26.78892
1881,83.36294,26.78395
1882,83.35823,26.78494
1883,83.36056,26.78292
1884,83.36134,26.79202
1885,83.36177,26.79011
1886,83.35881,26.79309
1887,83.36159,26.79676
1888,83.35703,26.78826
1889,83.36270,26.79298
1890,83.36187,26.79397
1891,83.36018,26.79256
1892,83.35092,26.79166
1893,83.35886,26.79271
1894,83.36086,26.79398
1895,83.35955,26.78611
1896,83.35804,26.78354
1897,83.36186,26.79323
1898,83.35837,26.79309
1899,83.35964,26.78761
1900,83.35707,26.79441
1901,83.36040,26.78251
1902,83.35912,26.78823
1903,83.35766,26.78731
1904,83.35894,26.78782
1905,83.36119,26.78447
1906,83.36187,26.79106
1907,83.35664,26.79552
1908,83.36076,26.79158
1909,83.36139,26.79628
1910,83.36113,26.79145
1911,83.36289,26.79347
1912,83.35101,26.79053
1913,83.36015,26.78884
1914,83.36112,26.79655
1915,83.35971,26.78561
1916,83.36108,26.79643
1917,83.35982,26.79177
1918,83.35986,26.79307
1919,83.36127,26.79688
1920,83.35266,26.79283
1921,83.36376,26.78971
1922,83.35058,26.79294
1923,83.36045,26.79038
1924,83.35861,26.78705
1925,83.36256,26.79264
1926,83.36093,26.79732
1927,83.36138,26.78490
1928,83.36034,26.79289
1929,83.35830,26.79296
1930,83.35314,26.78998
1931,83.35902,26.78552
1932,83.35197,26.79288
1933,83.36098,26.79744
1934,83.35624,26.79664
1935,83.35976,26.79603
1936,83.36009,26.78348
1937,83.35807,26.78583
1938,83.35093,26.79178
1939,83.35178,26.79040
1940,83.35856,26.78565
1941,83.36180,26.78586
1942,83.36121,26.79487
1943,83.35861,26.79224
1944,83.35787,26.79258
1945,83.36299,26.78992
1946,83.36066,26.79669
1947,83.36275,26.79215
1948,83.36125,26.79592
1949,83.35050,26.79404
1950,83.35734,26.78359
1951,83.36255,26.78962
1952,83.35890,26.79416
1953,83.36217,26.79371
1954,83.36093,26.79605
1955,83.35825,26.79284
1956,83.35774,26.78510
1957,83.35985,26.78492
1958,83.36087,26.78367
1959,83.36102,26.79441
1960,83.36309,26.79050
1961,83.35902,26.79301
1962,83.36118,26.78313
1963,83.37750,26.78980
1964,83.37700,26.78989
1965,83.38135,26.78599
1966,83.37948,26.78807
1967,83.37306,26.79530
1968,83.37506,26.79144
1969,83.37367,26.78854
1970,83.37472,26.79359
1971,83.37687,26.78991
1972,83.37273,26.79123
1973,83.36919,26.78602
1974,83.37609,26.78785
1975,83.37892,26.78817
1976,83.37162,26.79112
1977,83.37285,26.79150
1978,83.37599,26.79209
1979,83.37663,26.78793
1980,83.37257,26.79323
1981,83.37541,26.79338
1982,83.37735,26.78919
1983,83.37215,26.79060
1984,83.37174,26.78911
1985,83.37464,26.78907
1986,83.37142,26.79127
1987,83.37010,26.78765
1988,83.37730,26.78878
1989,83.37338,26.79061
1990,83.37800,26.78970
1991,83.37879,26.78900
1992,83.37557,26.78795
1993,83.37623,26.78953
1994,83.38007,26.78947
1995,83.37927,26.79079
1996,83.37694,26.78990
1997,83.37796,26.78971
1998,83.37731,26.79113
1999,83.37921,26.78887
2000,83.37883,26.79077
2001,83.38036,26.79160
2002,83.37448,26.79254
2003,83.37966,26.78717
2004,83.37663,26.79064
2005,83.37900,26.78950
2006,83.37660,26.78997
2007,83.36903,26.78941
2008,83.37286,26.79458
2009,83.37393,26.79384
2010,83.37970,26.79012
2011,83.37974,26.78869
2012,83.37363,26.78837
2013,83.38013,26.78821
2014,83.37566,26.78833
2015,83.37825,26.79059
2016,83.37292,26.79077
2017,83.37801,26.79053
2018,83.37846,26.78961
2019,83.38026,26.78640
2020,83.37733,26.78847
2021,83.37330,26.78699
2022,83.37425,26.79122
2023,83.37738,26.79137
2024,83.38095,26.78459
2025,83.37599,26.78959
2026,83.37808,26.78797
2027,83.37834,26.78964
2028,83.37919,26.79058
2029,83.37580,26.79134
2030,83.37631,26.78879
2031,83.37927,26.79191
2032,83.37601,26.78967
2033,83.37788,26.78933
2034,83.37183,26.79149
2035,83.36989,26.78771
2036,83.37892,26.78691
2037,83.37344,26.79105
2038,83.37764,26.79060
2039,83.37587,26.78887
2040,83.37742,26.78981
2041,83.37369,26.79427
2042,83.38001,26.78793
2043,83.37267,26.79108
2044,83.37332,26.78708
2045,83.37719,26.78788
2046,83.37527,26.78897
2047,83.37479,26.79392
2048,83.37700,26.79193
2049,83.37433,26.79371
2050,83.37258,26.79091
2051,83.37668,26.78088
2052,83.37689,26.78516
2053,83.37876,26.78285
2054,83.37858,26.78411
2055,83.37417,26.78544
2056,83.37325,26.78104
2057,83.37561,26.78189
2058,83.37421,26.78242
2059,83.37495,26.77858
2060,83.37569,26.78527
2061,83.37794,26.78416
2062,83.37326,26.78165
2063,83.37557,26.78491
2064,83.37286,26.78235
2065,83.37424,26.78078
2066,83.37404,26.78452
2067,83.37526,26.78662
2068,83.37468,26.78389
2069,83.37575,26.78387
2070,83.37644,26.78442
2071,83.37634,26.78530
2072,83.37390,26.78054
2073,83.37489,26.78543
2074,83.37360,26.78220
2075,83.37604,26.78639
2076,83.37528,26.78363
2077,83.37546,26.78462
2078,83.37214,26.77895
2079,83.37743,26.78330
2080,83.37371,26.78487
2081,83.37956,26.78382
2082,83.37887,26.78518
2083,83.37264,26.78284
2084,83.37294,26.77980
2085,83.37247,26.77885
2086,83.37339,26.78559
2087,83.37679,26.78399
2088,83.38018,26.78519
2089,83.37520,26.77882
2090,83.37343,26.78223
2091,83.37841,26.78504
2092,83.37307,26.78275
2093,83.37663,26.78456
2094,83.37262,26.78161
2095,83.38059,26.78473
2096,83.37859,26.78440
2097,83.37194,26.77957
2098,83.37379,26.77978
2099,83.37673,26.78244
2100,83.37406,26.78646
2101,83.37278,26.78513
2102,83.37488,26.78671
2103,83.37391,26.78276
2104,83.37345,26.78495
2105,83.37755,26.78572
2106,83.37206,26.77953
2107,83.37851,26.78197
2108,83.37584,26.78408
2109,83.37424,26.78036
2110,83.37366,26.77951
2111,83.37180,26.77970
2112,83.37285,26.78538
2113,83.37522,26.78157
2114,83.37332,26.78362
2115,83.37188,26.78199
2116,83.37371,26.78256
2117,83.37313,26.78300
2118,83.37677,26.78354
2119,83.37248,26.78393
2120,83.37637,26.77995
2121,83.37617,26.78328
2122,83.37305,26.78610
2123,83.37442,26.78438
2124,83.37714,26.78476
2125,83.37570,26.78457
2126,83.37565,26.78651
2127,83.37628,26.78357
2128,83.37525,26.78522
2129,83.37729,26.78506
2130,83.37227,26.78320
2131,83.37371,26.78348
2132,83.37312,26.77868
2133,83.37465,26.78379
2134,83.37629,26.78402
2135,83.37182,26.78177
2136,83.37337,26.77972
2137,83.37619,26.78151
2138,83.37347,26.78264
2139,83.37804,26.78516
2140,83.37272,26.78310
2141,83.37940,26.78353
2142,83.37321,26.77904
2143,83.37449,26.78543
2144,83.37586,26.78282
2145,83.37345,26.78601
2146,83.37393,26.77999
2147,83.37729,26.78287
2148,83.37450,26.78330
2149,83.37355,26.78640
2150,83.37385,26.78590
2151,83.37768,26.78365
2152,83.37788,26.78264
2153,83.37264,26.78451
2154,83.37432,26.78399
2155,83.37480,26.77962
2156,83.37714,26.78386
2157,83.37594,26.78365
2158,83.37569,26.78054
2159,83.37314,26.78052
2160,83.37305,26.78438
2161,83.37592,26.78251
2162,83.37350,26.78423
2163,83.37604,26.78274
2164,83.37558,26.78414
2165,83.37482,26.78433
2166,83.37483,26.78483
2167,83.37223,26.77947
2168,83.37608,26.78315
2169,83.37580,26.78030
2170,83.37320,26.78501
2171,83.37400,26.78506
2172,83.37296,26.78406
2173,83.38007,26.78490
2174,83.37363,26.78547
2175,83.37906,26.78358
2176,83.37579,26.78176
2177,83.37248,26.77996
2178,83.37874,26.78492
2179,83.37876,26.78220
2180,83.37329,26.78527
2181,83.37542,26.78396
2182,83.37863,26.78420
2183,83.37552,26.78335
2184,83.37665,26.78493
2185,83.37730,26.78413
2186,83.37292,26.78378
2187,83.37207,26.78036
2188,83.37345,26.78127
2189,83.37629,26.78102
2190,83.37783,26.78394
2191,83.37712,26.78067
2192,83.37599,26.76477
2193,83.40111,26.81904
2194,83.39455,26.82007
2195,83.35625,26.75197
2196,83.35371,26.75383
2197,83.35343,26.75413
2198,83.35300,26.75251
2199,83.35873,26.75323
2200,83.35686,26.75396
2201,83.35407,26.75175
2202,83.35289,26.74971
2203,83.35503,26.75429
2204,83.35789,26.75394
2205,83.35246,26.75278
2206,83.35724,26.75351
2207,83.35356,26.75040
2208,83.35306,26.75283
2209,83.35411,26.75188
2210,83.35421,26.75330
2211,83.35382,26.75510
2212,83.35802,26.75317
2213,83.35421,26.75249
2214,83.35393,26.75138
2215,83.35338,26.75098
2216,83.35491,26.75233
2217,83.35361,26.75358
2218,83.35448,26.75166
2219,83.35486,26.75213
2220,83.35322,26.75369
2221,83.35491,26.75087
2222,83.35329,26.75230
2223,83.35496,26.75027
2224,83.35326,26.75233
2225,83.35565,26.75457
2226,83.35249,26.74967
2227,83.35394,26.75395
2228,83.35825,26.75332
2229,83.35256,26.75406
2230,83.35376,26.75083
2231,83.35363,26.75399
2232,83.35299,26.75024
2233,83.35831,26.75395
2234,83.35465,26.75140
2235,83.36034,26.75296
2236,83.35413,26.75221
2237,83.36112,26.74973
2238,83.35337,26.75274
2239,83.35502,26.75304
2240,83.35593,26.75250
2241,83.35583,26.75209
2242,83.35433,26.75372
2243,83.35513,26.75459
2244,83.35860,26.75215
2245,83.35535,26.75165
2246,83.35330,26.74942
2247,83.35703,26.75318
2248,83.35413,26.75283
2249,83.35322,26.74846
2250,83.35232,26.75027
2251,83.37880,26.77780
2252,83.37647,26.77820
2253,83.38142,26.77696
2254,83.38103,26.77852
2255,83.37740,26.77923
2256,83.38208,26.77771
2257,83.38087,26.77801
2258,83.37813,26.77752
2259,83.37691,26.77811
2260,83.37631,26.77861
2261,83.38032,26.78013
2262,83.37963,26.77854
2263,83.37902,26.78041
2264,83.37889,26.77985
2265,83.38131,26.77659
2266,83.37876,26.77941
2267,83.38091,26.77733
2268,83.38066,26.77886
2269,83.37533,26.77895
2270,83.38236,26.77774
2271,83.38216,26.77796
2272,83.38221,26.77855
2273,83.37916,26.77913
2274,83.37832,26.77595
2275,83.37830,26.77977
2276,83.38007,26.77924
2277,83.37809,26.77876
2278,83.37665,26.78022
2279,83.37733,26.77901
2280,83.38073,26.77750
2281,83.37794,26.77698
2282,83.37875,26.77584
2283,83.38216,26.77677
2284,83.37782,26.77809
2285,83.37844,26.77683
2286,83.37929,26.77973
2287,83.37878,26.78046
2288,83.38163,26.77866
2289,83.37769,26.78044
2290,83.38077,26.77924
2291,83.38234,26.77922
2292,83.37500,26.77863
2293,83.38438,26.78774
2294,83.38946,26.77802
2295,83.38545,26.78506
2296,83.38115,26.77537
2297,83.38613,26.79418
2298,83.39071,26.79280
2299,83.38690,26.78595
2300,83.38990,26.78457
2301,83.38459,26.78500
2302,83.38970,26.77872
2303,83.38160,26.77575
2304,83.38572,26.79319
2305,83.39307,26.79065
2306,83.37792,26.78075
2307,83.38818,26.78258
2308,83.38670,26.78772
2309,83.39363,26.79181
2310,83.38882,26.79252
2311,83.39201,26.77829
2312,83.38081,26.77421
2313,83.38857,26.78365
2314,83.37961,26.78140
2315,83.38927,26.79131
2316,83.37907,26.79639
2317,83.38345,26.77900
2318,83.38937,26.79128
2319,83.39268,26.78406
2320,83.38810,26.78238
2321,83.39042,26.78453
2322,83.38017,26.79477
2323,83.38398,26.78737
2324,83.38756,26.78874
2325,83.38584,26.79371
2326,83.37917,26.78154
2327,83.38831,26.79116
2328,83.39009,26.78976
2329,83.37936,26.79723
2330,83.38079,26.77381
2331,83.39118,26.78046
2332,83.38141,26.77313
2333,83.39199,26.78293
2334,83.37706,26.79192
2335,83.39252,26.78153
2336,83.39035,26.78072
2337,83.37758,26.79220
2338,83.38857,26.78041
2339,83.38900,26.78027
2340,83.37795,26.79264
2341,83.37976,26.79473
2342,83.37780,26.78741
2343,83.39376,26.79228
2344,83.38631,26.78605
2345,83.38342,26.77844
2346,83.37873,26.79646
2347,83.38733,26.78587
2348,83.38345,26.79132
2349,83.38415,26.77107
2350,83.38269,26.79263
2351,83.38405,26.78426
2352,83.39110,26.77956
2353,83.39390,26.79134
2354,83.38117,26.78169
2355,83.39106,26.77897
2356,83.37258,26.78753
2357,83.38276,26.77891
2358,83.38272,26.77865
2359,83.39153,26.79052
2360,83.37851,26.78116
2361,83.38170,26.79790
2362,83.37339,26.78736
2363,83.38259,26.79766
2364,83.39261,26.78086
2365,83.37892,26.79359
2366,83.38471,26.78713
2367,83.38861,26.77907
2368,83.37208,26.78812
2369,83.37153,26.78827
2370,83.38217,26.77471
2371,83.37652,26.79561
2372,83.37980,26.77311
2373,83.38128,26.77580
2374,83.38000,26.77379
2375,83.39309,26.78190
2376,83.38089,26.77419
2377,83.39364,26.79206
2378,83.39046,26.77912
2379,83.38743,26.78469
2380,83.38603,26.79311
2381,83.39043,26.78147
2382,83.38138,26.79673
2383,83.39162,26.79070
2384,83.37782,26.79220
2385,83.37488,26.79445
2386,83.38922,26.78183
2387,83.38131,26.79677
2388,83.38404,26.79294
2389,83.38110,26.79602
2390,83.38265,26.79155
2391,83.38077,26.78282
2392,83.39236,26.78412
2393,83.37884,26.79522
2394,83.38300,26.79255
2395,83.38855,26.78221
2396,83.38066,26.78242
2397,83.38995,26.78469
2398,83.37855,26.79375
2399,83.38321,26.79383
2400,83.39062,26.78049
2401,83.38921,26.78074
2402,83.38376,26.78281
2403,83.38644,26.79448
2404,83.38649,26.79385
2405,83.38518,26.79275
2406,83.39203,26.78470
2407,83.37840,26.78188
2408,83.39248,26.79211
2409,83.38497,26.78802
2410,83.38038,26.78099
2411,83.39427,26.79217
2412,83.38236,26.78272
2413,83.37953,26.77389
2414,83.38166,26.79666
2415,83.37944,26.77349
2416,83.39003,26.78493
2417,83.39241,26.78133
2418,83.39103,26.78498
2419,83.39030,26.79078
2420,83.38707,26.78506
2421,83.37838,26.78078
2422,83.38365,26.79594
2423,83.38214,26.79654
2424,83.39008,26.79226
2425,83.38952,26.78008
2426,83.37715,26.79551
2427,83.39408,26.79186
2428,83.38790,26.78191
2429,83.39034,26.77990
2430,83.39370,26.79203
2431,83.37892,26.77358
2432,83.37971,26.78097
2433,83.38200,26.79459
2434,83.39298,26.79236
2435,83.38585,26.79497
2436,83.38650,26.78693
2437,83.38897,26.79170
2438,83.39013,26.77938
2439,83.39224,26.79195
2440,83.39016,26.78080
2441,83.39421,26.79295
2442,83.38460,26.78674
2443,83.38221,26.79275
2444,83.38892,26.77981
2445,83.39120,26.79042
2446,83.38720,26.78423
2447,83.37882,26.77311
2448,83.38281,26.77917
2449,83.37747,26.79183
2450,83.38360,26.79173
2451,83.38276,26.79685
2452,83.38303,26.79754
2453,83.38294,26.79321
2454,83.38421,26.78730
2455,83.38687,26.78401
2456,83.39194,26.78149
2457,83.38338,26.78288
2458,83.38852,26.79156
2459,83.39253,26.78510
2460,83.38786,26.78061
2461,83.38344,26.77875
2462,83.38265,26.77825
2463,83.38485,26.78759
2464,83.39340,26.79142
2465,83.39154,26.77946
2466,83.38279,26.79196
2467,83.37973,26.77102
2468,83.38447,26.78631
2469,83.39241,26.79214
2470,83.38585,26.78791
2471,83.38584,26.79253
2472,83.37985,26.79502
2473,83.38309,26.77513
2474,83.37291,26.78747
2475,83.37898,26.77399
2476,83.38085,26.78096
2477,83.39214,26.79198
2478,83.37844,26.78095
2479,83.37232,26.78895
2480,83.38382,26.79229
2481,83.39058,26.78312
2482,83.38014,26.77436
2483,83.38752,26.79309
2484,83.38012,26.79463
2485,83.38116,26.79616
2486,83.38928,26.79230
2487,83.38205,26.77214
2488,83.38555,26.79468
2489,83.38322,26.78363
2490,83.38841,26.78187
2491,83.38125,26.78236
2492,83.38742,26.78824
2493,83.37607,26.78775
2494,83.39109,26.78509
2495,83.38617,26.78960
2496,83.39144,26.78483
2497,83.37905,26.78117
2498,83.38954,26.79176
2499,83.39049,26.79189
2500,83.38544,26.78546
2501,83.37946,26.77013
2502,83.39260,26.78230
2503,83.38017,26.77251
2504,83.39211,26.72342
2505,83.38717,26.72576
2506,83.39326,26.72103
2507,83.39170,26.72444
2508,83.39273,26.72183
2509,83.39333,26.72153
2510,83.39291,26.72441
2511,83.38947,26.72414
2512,83.38997,26.72580
2513,83.37616,26.73746
2514,83.39118,26.72510
2515,83.39067,26.72238
2516,83.39025,26.72340
2517,83.38390,26.72639
2518,83.39284,26.72390
2519,83.38654,26.72395
2520,83.39107,26.72199
2521,83.38983,26.72476
2522,83.37703,26.73797
2523,83.39329,26.72127
2524,83.38990,26.72312
2525,83.38953,26.72348
2526,83.38399,26.72676
2527,83.39252,26.72368
2528,83.38682,26.72269
2529,83.39113,26.72525
2530,83.38536,26.72406
2531,83.38582,26.72467
2532,83.38607,26.72307
2533,83.39403,26.72254
2534,83.38938,26.72337
2535,83.39073,26.72628
2536,83.38683,26.72468
2537,83.38751,26.72289
2538,83.39093,26.72188
2539,83.38721,26.72548
2540,83.38441,26.72404
2541,83.39253,26.72158
2542,83.38735,26.72559
2543,83.38685,26.72474
2544,83.38804,26.72616
2545,83.38829,26.72655
2546,83.38931,26.72639
2547,83.38609,26.72436
2548,83.38405,26.72303
2549,83.38796,26.72557
2550,83.37689,26.73711
2551,83.38992,26.72520
2552,83.38641,26.72534
2553,83.36965,26.73982
2554,83.38894,26.72520
2555,83.38527,26.72472
2556,83.39044,26.72523
2557,83.38502,26.72419
2558,83.38972,26.72461
2559,83.39230,26.72135
2560,83.39437,26.72234
2561,83.37558,26.73827
2562,83.38417,26.72513
2563,83.36856,26.74097
2564,83.39220,26.72247
2565,83.39155,26.72458
2566,83.39231,26.72213
2567,83.39282,26.72291
2568,83.39223,26.72394
2569,83.38795,26.72268
2570,83.39057,26.72432
2571,83.39157,26.72276
2572,83.38861,26.72494
2573,83.38639,26.72286
2574,83.38358,26.72527
2575,83.39161,26.72224
2576,83.38398,26.72638
2577,83.38278,26.72359
2578,83.39194,26.72421
2579,83.38317,26.72453
2580,83.38908,26.72564
2581,83.39257,26.72233
2582,83.38684,26.72584
2583,83.37485,26.73747
2584,83.38820,26.72576
2585,83.39112,26.72424
2586,83.39086,26.72402
2587,83.39071,26.72620
2588,83.38475,26.72616
2589,83.39344,26.72183
2590,83.39130,26.72487
2591,83.38570,26.72327
2592,83.38717,26.72229
2593,83.38627,26.72523
2594,83.38663,26.72388
2595,83.38689,26.72579
2596,83.39280,26.72343
2597,83.38919,26.72597
2598,83.38744,26.72701
2599,83.39016,26.72402
2600,83.38552,26.72393
2601,83.37005,26.74041
2602,83.38829,26.72468
2603,83.38975,26.72301
2604,83.39314,26.72313
2605,83.38710,26.72594
2606,83.37066,26.74164
2607,83.39135,26.72628
2608,83.37634,26.73756
2609,83.38696,26.72483
2610,83.36921,26.74175
2611,83.38706,26.72562
2612,83.38674,26.72567
2613,83.38703,26.72590
2614,83.39217,26.72347
2615,83.36863,26.74187
2616,83.39193,26.72373
2617,83.37539,26.73703
2618,83.38815,26.72457
2619,83.39074,26.72392
2620,83.39105,26.72271
2621,83.39101,26.72268
2622,83.39053,26.72226
2623,83.38854,26.72608
2624,83.39343,26.72290
2625,83.37178,26.74123
2626,83.38130,26.72069
2627,83.38495,26.72366
2628,83.39011,26.72394
2629,83.38980,26.72439
2630,83.38913,26.72387
2631,83.38767,26.72586
2632,83.37585,26.73573
2633,83.38634,26.72356
2634,83.36923,26.74086
2635,83.37593,26.73732
2636,83.37672,26.73668
2637,83.39295,26.72208
2638,83.39134,26.72623
2639,83.37042,26.72587
2640,83.37755,26.72120
2641,83.36559,26.72686
2642,83.37165,26.72583
2643,83.36806,26.73323
2644,83.36790,26.70491
2645,83.36482,26.73205
2646,83.36953,26.72939
2647,83.36716,26.73127
2648,83.38710,26.72012
2649,83.37813,26.72173
2650,83.36096,26.73117
2651,83.35898,26.73378
2652,83.38775,26.71637
2653,83.36182,26.73208
2654,83.36847,26.72969
2655,83.38035,26.72218
2656,83.36507,26.72281
2657,83.38468,26.71960
2658,83.37780,26.72046
2659,83.37438,26.72287
2660,83.35914,26.73373
2661,83.37193,26.72502
2662,83.36666,26.72848
2663,83.38241,26.72638
2664,83.37074,26.72411
2665,83.38800,26.72017
2666,83.36446,26.73332
2667,83.37744,26.72060
2668,83.37902,26.72217
2669,83.36532,26.73289
2670,83.36883,26.72700
2671,83.37600,26.72001
2672,83.36726,26.72927
2673,83.36695,26.73261
2674,83.37873,26.72016
2675,83.38036,26.72688
2676,83.38726,26.71855
2677,83.38909,26.72042
2678,83.37653,26.72093
2679,83.38675,26.71705
2680,83.36358,26.73501
2681,83.36117,26.73294
2682,83.36609,26.73171
2683,83.38612,26.72021
2684,83.36354,26.73465
2685,83.37786,26.71955
2686,83.36743,26.73086
2687,83.36369,26.73455
2688,83.35988,26.73152
2689,83.36853,26.73130
2690,83.36075,26.73194
2691,83.36679,26.73199
2692,83.36355,26.73454
2693,83.38395,26.72456
2694,83.37624,26.72103
2695,83.36655,26.73151
2696,83.36069,26.73126
2697,83.38933,26.72008
2698,83.38413,26.72514
2699,83.38634,26.72048
2700,83.36319,26.72368
2701,83.36608,26.73095
2702,83.37676,26.71993
2703,83.36719,26.72683
2704,83.38555,26.71930
2705,83.37363,26.72472
2706,83.38821,26.71766
2707,83.38781,26.72407
2708,83.38767,26.71997
2709,83.38610,26.72166
2710,83.38193,26.72609
2711,83.38157,26.72597
2712,83.37067,26.72667
2713,83.38685,26.71733
2714,83.36844,26.72908
2715,83.36199,26.73270
2716,83.36935,26.73028
2717,83.36576,26.73102
2718,83.38193,26.72706
2719,83.37157,26.72705
2720,83.36784,26.73024
2721,83.36474,26.73203
2722,83.36016,26.73214
2723,83.38168,26.72748
2724,83.37726,26.72165
2725,83.36670,26.72860
2726,83.36675,26.72874
2727,83.37170,26.72399
2728,83.37038,26.72323
2729,83.36776,26.73198
2730,83.37781,26.72245
2731,83.38208,26.72735
2732,83.37032,26.73008
2733,83.36639,26.72788
2734,83.36577,26.73149
2735,83.38461,26.72432
2736,83.36873,26.72957
2737,83.35852,26.72792
2738,83.36793,26.73034
2739,83.38225,26.72580
2740,83.36627,26.73242
2741,83.38592,26.71913
2742,83.36569,26.72996
2743,83.37454,26.72228
2744,83.37854,26.72230
2745,83.38258,26.72550
2746,83.36846,26.72851
2747,83.38797,26.71666
2748,83.36051,26.73202
2749,83.38863,26.71949
2750,83.38522,26.71944
2751,83.36028,26.73139
2752,83.36775,26.73295
2753,83.36372,26.73172
2754,83.38879,26.71979
2755,83.36608,26.72990
2756,83.38178,26.72674
2757,83.37663,26.72091
2758,83.37998,26.72252
2759,83.36831,26.73090
2760,83.36690,26.72147
2761,83.35994,26.73271
2762,83.37693,26.72079
2763,83.37673,26.72269
2764,83.36245,26.72234
2765,83.36852,26.72990
2766,83.36783,26.73020
2767,83.36589,26.73099
2768,83.37041,26.72581
2769,83.36745,26.72765
2770,83.36685,26.72182
2771,83.37724,26.72253
2772,83.36751,26.73169
2773,83.36175,26.73183
2774,83.38662,26.71679
2775,83.35893,26.73307
2776,83.37221,26.72565
2777,83.36923,26.72961
2778,83.36542,26.72999
2779,83.36696,26.73071
2780,83.36700,26.72113
2781,83.38554,26.72003
2782,83.37995,26.72222
2783,83.37737,26.72062
2784,83.36313,26.73738
2785,83.36516,26.73369
2786,83.37267,26.72327
2787,83.36660,26.73058
2788,83.35881,26.73172
2789,83.36197,26.73659
2790,83.38629,26.71623
2791,83.36684,26.72243
2792,83.37098,26.72599
2793,83.37618,26.72058
2794,83.37032,26.72423
2795,83.38833,26.72365
2796,83.38203,26.72640
2797,83.38600,26.72060
2798,83.38812,26.72434
2799,83.37805,26.72037
2800,83.36985,26.73072
2801,83.37237,26.72378
2802,83.38770,26.71857
2803,83.38740,26.71559
2804,83.36623,26.73077
2805,83.38674,26.71963
2806,83.36618,26.72857
2807,83.36158,26.73705
2808,83.37121,26.72517
2809,83.37886,26.71842
2810,83.38562,26.72037
2811,83.38747,26.72068
2812,83.36506,26.73131
2813,83.36878,26.72721
2814,83.38537,26.71937
2815,83.37861,26.72020
2816,83.36701,26.73263
2817,83.38582,26.72064
2818,83.37647,26.72017
2819,83.36876,26.73413
2820,83.38153,26.72721
2821,83.38893,26.71932
2822,83.35948,26.73174
2823,83.38483,26.71849
2824,83.35981,26.73136
2825,83.36739,26.72745
2826,83.36861,26.72083
2827,83.36380,26.73580
2828,83.36731,26.73137
2829,83.38033,26.72730
2830,83.36271,26.73714
2831,83.38925,26.71986
2832,83.36643,26.72982
2833,83.36543,26.72623
2834,83.38869,26.71949
2835,83.36612,26.73238
2836,83.38126,26.72660
2837,83.37549,26.72813
2838,83.37076,26.73436
2839,83.36966,26.73637
2840,83.35907,26.73498
2841,83.37668,26.72535
2842,83.36710,26.73619
2843,83.37248,26.73937
2844,83.37122,26.73652
2845,83.36708,26.73589
2846,83.36904,26.72464
2847,83.37666,26.72970
2848,83.36786,26.72443
2849,83.37188,26.74190
2850,83.35445,26.73378
2851,83.36936,26.73562
2852,83.37852,26.72739
2853,83.37597,26.72720
2854,83.37752,26.72606
2855,83.37199,26.72927
2856,83.37260,26.73988
2857,83.36928,26.73585
2858,83.36841,26.72547
2859,83.37435,26.72428
2860,83.37760,26.72944
2861,83.37393,26.72580
2862,83.37410,26.72897
2863,83.35747,26.73654
2864,83.37235,26.73739
2865,83.37003,26.73708
2866,83.38069,26.72409
2867,83.36387,26.73730
2868,83.37502,26.72503
2869,83.35928,26.73565
2870,83.36938,26.72417
2871,83.36440,26.72833
2872,83.37154,26.73249
2873,83.36632,26.72406
2874,83.37064,26.73733
2875,83.36914,26.73574
2876,83.37167,26.73625
2877,83.36411,26.73615
2878,83.36435,26.73612
2879,83.37484,26.74101
2880,83.37435,26.72525
2881,83.37401,26.72768
2882,83.36292,26.73504
2883,83.37239,26.72950
2884,83.36604,26.72616
2885,83.37306,26.74141
2886,83.36444,26.72598
2887,83.37155,26.73930
2888,83.37219,26.73708
2889,83.37681,26.72803
2890,83.37318,26.73297
2891,83.35998,26.73608
2892,83.38008,26.72620
2893,83.36810,26.73800
2894,83.37739,26.72716
2895,83.37825,26.72522
2896,83.37009,26.73315
2897,83.37642,26.73058
2898,83.36873,26.73693
2899,83.36520,26.73531
2900,83.36268,26.73517
2901,83.37457,26.74168
2902,83.36530,26.73605
2903,83.37587,26.72903
2904,83.37967,26.72630
2905,83.37553,26.73065
2906,83.37668,26.72554
2907,83.37622,26.72828
2908,83.36575,26.73591
2909,83.36888,26.73751
2910,83.37097,26.73895
2911,83.37001,26.73701
2912,83.35697,26.73679
2913,83.37712,26.72462
2914,83.37769,26.72800
2915,83.37197,26.73162
2916,83.37473,26.72656
2917,83.37245,26.74070
2918,83.37080,26.73763
2919,83.37153,26.72979
2920,83.36535,26.72144
2921,83.37395,26.72684
2922,83.37207,26.74013
2923,83.37644,26.72886
2924,83.36539,26.72194
2925,83.37733,26.72813
2926,83.37725,26.72884
2927,83.37153,26.73387
2928,83.37902,26.72652
2929,83.36931,26.73652
2930,83.36265,26.73450
2931,83.37584,26.72791
2932,83.37708,26.73033
2933,83.37703,26.72624
2934,83.36893,26.72426
2935,83.38106,26.72507
2936,83.37050,26.73697
2937,83.37092,26.72453
2938,83.37242,26.73253
2939,83.36789,26.73609
2940,83.37310,26.72752
2941,83.37174,26.73012
2942,83.37520,26.74085
2943,83.37721,26.72786
2944,83.37527,26.72954
2945,83.37389,26.72713
2946,83.37454,26.73103
2947,83.36855,26.73597
2948,83.37205,26.73061
2949,83.37152,26.73022
2950,83.37078,26.73760
2951,83.37570,26.72848
2952,83.37597,26.72473
2953,83.37375,26.72535
2954,83.37658,26.72926
2955,83.37611,26.72444
2956,83.37426,26.72675
2957,83.38135,26.72580
2958,83.36562,26.71798
2959,83.37164,26.73105
2960,83.37396,26.73187
2961,83.37164,26.73328
2962,83.36621,26.72552
2963,83.36948,26.73204
2964,83.37405,26.74111
2965,83.36966,26.72408
2966,83.37502,26.74047
2967,83.35751,26.73613
2968,83.37889,26.72649
2969,83.37861,26.72644
2970,83.36426,26.72716
2971,83.37196,26.73831
2972,83.36770,26.72401
2973,83.37277,26.73294
2974,83.36856,26.73603
2975,83.37156,26.73755
2976,83.37553,26.72468
2977,83.37625,26.72769
2978,83.35903,26.73451
2979,83.36043,26.73582
2980,83.37284,26.73290
2981,83.36910,26.72497
2982,83.37270,26.73298
2983,83.35556,26.73417
2984,83.37055,26.73929
2985,83.37806,26.73019
2986,83.37146,26.73300
2987,83.37588,26.73134
2988,83.36793,26.73807
2989,83.37278,26.73233
2990,83.37238,26.73128
2991,83.37063,26.73767
2992,83.37151,26.73819
2993,83.37763,26.72377
2994,83.36436,26.73829
2995,83.37659,26.72751
2996,83.37567,26.72381
2997,83.37661,26.72811
2998,83.36816,26.73730
2999,83.37624,26.73068
3000,83.37449,26.72568
3001,83.37713,26.73041
3002,83.36955,26.73728
3003,83.37341,26.72492
3004,83.37434,26.72798
3005,83.36693,26.73599
3006,83.37926,26.72718
3007,83.37746,26.72842
3008,83.37393,26.72730
3009,83.37306,26.73869
3010,83.37040,26.72476
3011,83.37448,26.72563
3012,83.37170,26.73078
3013,83.37980,26.72557
3014,83.37641,26.73031
3015,83.36534,26.72702
3016,83.36637,26.72603
3017,83.37791,26.72942
3018,83.37274,26.73235
3019,83.37181,26.73713
3020,83.37478,26.72787
3021,83.37284,26.72548
3022,83.37303,26.72652
3023,83.37370,26.73131
3024,83.36939,26.72503
3025,83.37506,26.73051
3026,83.37862,26.72508
3027,83.37625,26.72581
3028,83.36687,26.72594
3029,83.37583,26.72872
3030,83.36979,26.73718
3031,83.37313,26.72868
3032,83.36936,26.72513
3033,83.37215,26.72956
3034,83.37189,26.73756
3035,83.37742,26.72777
3036,83.36160,26.73548
3037,83.36833,26.72523
3038,83.36524,26.73630
3039,83.37378,26.73393
3040,83.37327,26.74122
3041,83.37362,26.72810
3042,83.37830,26.72689
3043,83.37523,26.72551
3044,83.37175,26.73121
3045,83.36785,26.73686
3046,83.37045,26.73791
3047,83.37670,26.72388
3048,83.37520,26.72712
3049,83.37643,26.72700
3050,83.36749,26.73602
3051,83.36663,26.73716
3052,83.37372,26.72839
3053,83.37564,26.72490
3054,83.36957,26.73641
3055,83.36988,26.73788
3056,83.37063,26.72463
3057,83.37507,26.72385
3058,83.37730,26.72952
3059,83.37014,26.73657
3060,83.37388,26.72452
3061,83.36753,26.73691
3062,83.37597,26.73078
3063,83.36401,26.73655
3064,83.37260,26.73956
3065,83.37542,26.72588
3066,83.37416,26.73032
3067,83.36827,26.73745
3068,83.37278,26.74019
3069,83.36714,26.72599
3070,83.36692,26.73700
3071,83.37182,26.72967
3072,83.37226,26.74042
3073,83.37137,26.73709
3074,83.37598,26.72417
3075,83.36994,26.73287
3076,83.36039,26.73432
3077,83.37771,26.73029
3078,83.37215,26.73201
3079,83.36638,26.72430
3080,83.37684,26.72873
3081,83.37463,26.72868
3082,83.37212,26.73075
3083,83.37022,26.73336
3084,83.37232,26.73323
3085,83.36477,26.73539
3086,83.35720,26.73615
3087,83.36510,26.73532
3088,83.37441,26.72542
3089,83.37930,26.72643
3090,83.36779,26.72399
3091,83.36546,26.72635
3092,83.36869,26.72472
3093,83.36927,26.72384
3094,83.37208,26.73688
3095,83.36975,26.73633
3096,83.37023,26.73749
3097,83.37824,26.72654
3098,83.37593,26.73004
3099,83.37774,26.72438
3100,83.36747,26.73692
3101,83.36747,26.72592
3102,83.37662,26.72370
3103,83.37332,26.73371
3104,83.37232,26.72896
3105,83.37148,26.73639
3106,83.37751,26.72445
3107,83.37484,26.73055
3108,83.37952,26.72461
3109,83.37626,26.73072
3110,83.37298,26.74097
3111,83.37440,26.73073
3112,83.37615,26.72972
3113,83.37246,26.73963
3114,83.37423,26.72676
3115,83.37257,26.73088
3116,83.37584,26.72983
3117,83.36607,26.71927
3118,83.36663,26.73598
3119,83.37519,26.72481
3120,83.37688,26.72800
3121,83.37509,26.72962
3122,83.35537,26.74581
3123,83.35785,26.74515
3124,83.35910,26.74417
3125,83.36041,26.74442
3126,83.35883,26.74427
3127,83.35663,26.74516
3128,83.35943,26.74724
3129,83.36246,26.74664
3130,83.36169,26.74354
3131,83.35731,26.74389
3132,83.35537,26.74520
3133,83.35656,26.74658
3134,83.35842,26.74743
3135,83.35930,26.74717
3136,83.36018,26.74806
3137,83.35930,26.74454
3138,83.36217,26.74781
3139,83.35606,26.74668
3140,83.36127,26.74410
3141,83.35594,26.74574
3142,83.36007,26.74768
3143,83.36113,26.74377
3144,83.35696,26.74655
3145,83.35585,26.74561
3146,83.35839,26.74726
3147,83.35689,26.74505
3148,83.36263,26.74411
3149,83.36069,26.74419
3150,83.36235,26.74413
3151,83.36011,26.74432
3152,83.36219,26.74389
3153,83.36236,26.74402
3154,83.35662,26.74565
3155,83.36059,26.74380
3156,83.35640,26.74411
3157,83.36215,26.74499
3158,83.35930,26.74788
3159,83.35558,26.74570
3160,83.35747,26.74414
3161,83.36126,26.74599
3162,83.36082,26.74574
3163,83.35946,26.74500
3164,83.36212,26.74555
3165,83.36182,26.74537
3166,83.36132,26.74513
3167,83.36099,26.74511
3168,83.36146,26.74551
3169,83.36034,26.74503
3170,83.36133,26.74574
3171,83.36063,26.74544
3172,83.36116,26.74633
3173,83.36089,26.74609
3174,83.36183,26.74542
3175,83.36127,26.74609
3176,83.36090,26.74675
3177,83.36214,26.74534
3178,83.36177,26.74511
3179,83.37097,26.75559
3180,83.35430,26.76381
3181,83.35395,26.76385
3182,83.35447,26.76429
3183,83.36785,26.72669
3184,83.37247,26.75575
3185,83.36089,26.77261
3186,83.38576,26.72917
3187,83.38167,26.74337
3188,83.37930,26.73482
3189,83.37038,26.74328
3190,83.35161,26.76318
3191,83.34435,26.75700
3192,83.38222,26.73321
3193,83.35919,26.77224
3194,83.34305,26.75692
3195,83.37443,26.73426
3196,83.37013,26.74361
3197,83.34203,26.76029
3198,83.36549,26.72365
3199,83.35380,26.76431
3200,83.35358,26.76291
3201,83.36761,26.71669
3202,83.37186,26.73578
3203,83.38513,26.73072
3204,83.38540,26.72745
3205,83.35291,26.76116
3206,83.34359,26.76424
3207,83.37137,26.75795
3208,83.37301,26.73765
3209,83.34206,26.76036
3210,83.36826,26.71641
3211,83.34907,26.76395
3212,83.34709,26.76377
3213,83.34621,26.76288
3214,83.38379,26.72895
3215,83.35225,26.76276
3216,83.36481,26.72348
3217,83.37839,26.73668
3218,83.35462,26.77127
3219,83.34400,26.76225
3220,83.38281,26.72962
3221,83.35505,26.76267
3222,83.34248,26.76156
3223,83.34358,26.76404
3224,83.34277,26.76135
3225,83.36964,26.72779
3226,83.37098,26.71931
3227,83.37315,26.74002
3228,83.36068,26.77373
3229,83.37541,26.73253
3230,83.35525,26.76261
3231,83.38590,26.73081
3232,83.34402,26.76129
3233,83.37079,26.75715
3234,83.37474,26.73360
3235,83.36947,26.72633
3236,83.37085,26.75519
3237,83.34633,26.76342
3238,83.36876,26.71965
3239,83.37461,26.73240
3240,83.37651,26.73285
3241,83.35744,26.77062
3242,83.34602,26.76311
3243,83.34457,26.76206
3244,83.35165,26.76321
3245,83.35071,26.76198
3246,83.37922,26.73391
3247,83.36976,26.74391
3248,83.35556,26.76265
3249,83.36869,26.71628
3250,83.37608,26.73302
3251,83.35601,26.77163
3252,83.34645,26.76282
3253,83.35265,26.76211
3254,83.37991,26.73872
3255,83.34081,26.76212
3256,83.38654,26.72953
3257,83.38494,26.73000
3258,83.34661,26.76438
3259,83.34956,26.76299
3260,83.37413,26.73861
3261,83.38049,26.73549
3262,83.38455,26.72966
3263,83.34989,26.76286
3264,83.38163,26.74324
3265,83.34165,26.76191
3266,83.36139,26.77150
3267,83.37860,26.73717
3268,83.34617,26.76271
3269,83.34227,26.76025
3270,83.37048,26.74408
3271,83.34684,26.76270
3272,83.37405,26.72004
3273,83.36831,26.71819
3274,83.38323,26.73003
3275,83.38185,26.74261
3276,83.37525,26.73385
3277,83.36654,26.74380
3278,83.35933,26.77219
3279,83.38152,26.74284
3280,83.37110,26.73889
3281,83.37097,26.75867
3282,83.34084,26.76033
3283,83.37160,26.73405
3284,83.34656,26.76339
3285,83.35423,26.77019
3286,83.37974,26.73878
3287,83.35600,26.77249
3288,83.35447,26.76283
3289,83.37942,26.73897
3290,83.37137,26.73364
3291,83.34955,26.77258
3292,83.34175,26.76078
3293,83.34101,26.75818
3294,83.38452,26.73147
3295,83.38021,26.73834
3296,83.38412,26.72926
3297,83.37046,26.72604
3298,83.37118,26.73435
3299,83.35477,26.77177
3300,83.37226,26.75540
3301,83.37006,26.72587
3302,83.34352,26.76366
3303,83.34305,26.75694
3304,83.34277,26.75644
3305,83.37969,26.73435
3306,83.35714,26.77133
3307,83.37065,26.75679
3308,83.36966,26.75868
3309,83.34143,26.75816
3310,83.37540,26.73408
3311,83.34123,26.75815
3312,83.37128,26.75641
3313,83.37067,26.74519
3314,83.35182,26.76251
3315,83.36109,26.77366
3316,83.35620,26.77327
3317,83.34657,26.76414
3318,83.36731,26.71955
3319,83.35524,26.76369
3320,83.37561,26.73262
3321,83.37627,26.73412
3322,83.37380,26.73191
3323,83.38189,26.73388
3324,83.36688,26.71989
3325,83.37099,26.71927
3326,83.37571,26.73282
3327,83.38008,26.74325
3328,83.37988,26.73488
3329,83.36596,26.74355
3330,83.35493,26.76364
3331,83.34391,26.76099
3332,83.37604,26.74519
3333,83.37391,26.73976
3334,83.34426,26.76384
3335,83.35406,26.77090
3336,83.36579,26.72323
3337,83.34978,26.76341
3338,83.38627,26.73112
3339,83.38091,26.74200
3340,83.35787,26.76971
3341,83.37656,26.73341
3342,83.36964,26.71615
3343,83.34241,26.75962
3344,83.34546,26.76138
3345,83.37659,26.73458
3346,83.36700,26.74362
3347,83.37637,26.73164
3348,83.37542,26.73118
3349,83.37310,26.73544
3350,83.38421,26.73116
3351,83.34258,26.76321
3352,83.36998,26.74303
3353,83.38356,26.74240
3354,83.34199,26.76070
3355,83.34342,26.76223
3356,83.38709,26.72882
3357,83.37287,26.71884
3358,83.34745,26.76389
3359,83.37467,26.73986
3360,83.35353,26.76276
3361,83.37696,26.73374
3362,83.34960,26.76322
3363,83.34730,26.76332
3364,83.35019,26.76280
3365,83.36965,26.75886
3366,83.37925,26.73850
3367,83.35061,26.76268
3368,83.35124,26.76203
3369,83.38421,26.73070
3370,83.34140,26.75807
3371,83.34213,26.75835
3372,83.36744,26.71954
3373,83.35939,26.77237
3374,83.36963,26.72703
3375,83.35986,26.77163
3376,83.36901,26.75879
3377,83.36046,26.77233
3378,83.37994,26.73810
3379,83.37380,26.73792
3380,83.36917,26.72641
3381,83.37577,26.73318
3382,83.34946,26.76211
3383,83.35211,26.76206
3384,83.34934,26.76355
3385,83.37255,26.73471
3386,83.34195,26.75894
3387,83.36923,26.75806
3388,83.36921,26.72814
3389,83.37513,26.73991
3390,83.34916,26.76314
3391,83.34160,26.75867
3392,83.37265,26.73557
3393,83.37849,26.73688
3394,83.35216,26.76219
3395,83.36684,26.71851
3396,83.38049,26.74209
3397,83.38059,26.73978
3398,83.36743,26.71947
3399,83.35189,26.76366
3400,83.36608,26.74315
3401,83.34351,26.76357
3402,83.34990,26.76376
3403,83.35138,26.76327
3404,83.37130,26.75517
3405,83.38295,26.72972
3406,83.34176,26.75824
3407,83.34165,26.76101
3408,83.38057,26.74246
3409,83.36604,26.72256
3410,83.35562,26.76355
3411,83.34370,26.76142
3412,83.35618,26.76282
3413,83.36976,26.75768
3414,83.36934,26.74461
3415,83.36538,26.72337
3416,83.38579,26.72968
3417,83.34919,26.77270
3418,83.36070,26.77305
3419,83.37241,26.75536
3420,83.34671,26.76230
3421,83.38065,26.74293
3422,83.38334,26.74018
3423,83.34356,26.76388
3424,83.35277,26.76245
3425,83.35528,26.76425
3426,83.34171,26.76027
3427,83.36704,26.72111
3428,83.38389,26.74001
3429,83.38606,26.72941
3430,83.34296,26.75782
3431,83.37863,26.75325
3432,83.37529,26.73214
3433,83.37919,26.73452
3434,83.37955,26.73685
3435,83.37986,26.74219
3436,83.38548,26.73102
3437,83.38553,26.72995
3438,83.35017,26.76274
3439,83.36417,26.72324
3440,83.36557,26.72267
3441,83.37670,26.73320
3442,83.37609,26.73257
3443,83.34171,26.76099
3444,83.38011,26.73638
3445,83.37958,26.73422
3446,83.36870,26.71746
3447,83.36950,26.71950
3448,83.35500,26.76378
3449,83.37258,26.73781
3450,83.37604,26.73176
3451,83.36762,26.72551
3452,83.38015,26.73656
3453,83.38465,26.72815
3454,83.37983,26.73997
3455,83.36725,26.74309
3456,83.34256,26.76294
3457,83.37560,26.73202
3458,83.36627,26.71999
3459,83.34666,26.76386
3460,83.38419,26.72932
3461,83.37108,26.75822
3462,83.37071,26.74395
3463,83.35194,26.76195
3464,83.34167,26.75809
3465,83.35746,26.76972
3466,83.37059,26.75658
3467,83.34358,26.76193
3468,83.37757,26.73379
3469,83.37670,26.73472
3470,83.37743,26.73352
3471,83.37011,26.72664
3472,83.34147,26.75833
3473,83.37001,26.72617
3474,83.34961,26.76244
3475,83.37155,26.75500
3476,83.38005,26.74307
3477,83.37499,26.73950
3478,83.36565,26.74375
3479,83.34245,26.76151
3480,83.38103,26.74239
3481,83.36744,26.74238
3482,83.35543,26.76362
3483,83.36008,26.77233
3484,83.37727,26.73194
3485,83.36967,26.72702
3486,83.34610,26.76344
3487,83.35380,26.76279
3488,83.37596,26.73232
3489,83.37533,26.73412
3490,83.37534,26.73159
3491,83.37413,26.73537
3492,83.36798,26.71649
3493,83.38537,26.72885
3494,83.36458,26.72402
3495,83.38526,26.72733
3496,83.36917,26.71770
3497,83.37339,26.73816
3498,83.38453,26.72801
3499,83.36870,26.72749
3500,83.34699,26.76335
3501,83.37682,26.73346
3502,83.35901,26.77232
3503,83.35213,26.76183
3504,83.34230,26.76181
3505,83.37672,26.73239
3506,83.34488,26.76194
3507,83.37488,26.73400
3508,83.34527,26.76263
3509,83.37618,26.73219
3510,83.34468,26.76290
3511,83.37549,26.74428
3512,83.36095,26.77299
3513,83.37490,26.71996
3514,83.37160,26.73853
3515,83.36966,26.75848
3516,83.34476,26.76379
3517,83.34193,26.75733
3518,83.34260,26.76292
3519,83.35445,26.77181
3520,83.34460,26.76205
3521,83.38574,26.72774
3522,83.37566,26.73273
3523,83.36590,26.72001
3524,83.36752,26.71936
3525,83.35176,26.76248
3526,83.38162,26.73343
3527,83.37309,26.73379
3528,83.37240,26.73450
3529,83.34247,26.75995
3530,83.37938,26.73887
3531,83.37006,26.75827
3532,83.37188,26.73530
3533,83.37428,26.71839
3534,83.36677,26.71881
3535,83.38506,26.72852
3536,83.37701,26.73384
3537,83.38627,26.73055
3538,83.37947,26.73734
3539,83.37069,26.73820
3540,83.37612,26.73205
3541,83.37335,26.72062
3542,83.37281,26.73728
3543,83.37451,26.73946
3544,83.37730,26.73252
3545,83.38488,26.73184
3546,83.37980,26.73749
3547,83.37189,26.75577
3548,83.34131,26.76022
3549,83.34740,26.76370
3550,83.34427,26.76271
3551,83.35622,26.77115
3552,83.38071,26.73366
3553,83.35105,26.76429
3554,83.35620,26.77143
3555,83.34142,26.76109
3556,83.37307,26.71807
3557,83.35122,26.76335
3558,83.35218,26.76259
3559,83.35562,26.77168
3560,83.37331,26.71867
3561,83.34243,26.75716
3562,83.37211,26.73471
3563,83.34193,26.75855
3564,83.38659,26.72884
3565,83.37177,26.71916
3566,83.37304,26.73274
3567,83.38082,26.73453
3568,83.34429,26.76378
3569,83.37515,26.73129
3570,83.35969,26.77229
3571,83.34445,26.76166
3572,83.37672,26.73159
3573,83.37929,26.73475
3574,83.38013,26.73988
3575,83.34938,26.76306
3576,83.37510,26.73120
3577,83.38042,26.73830
3578,83.34447,26.76348
3579,83.34158,26.76085
3580,83.35355,26.76319
3581,83.37935,26.74021
3582,83.37073,26.72714
3583,83.38540,26.72883
3584,83.37371,26.73871
3585,83.35503,26.77365
3586,83.37966,26.73921
3587,83.34253,26.75970
3588,83.37977,26.73461
3589,83.34655,26.76403
3590,83.38013,26.73316
3591,83.37265,26.75568
3592,83.34362,26.76363
3593,83.35859,26.77168
3594,83.35973,26.77240
3595,83.37269,26.73931
3596,83.35749,26.77087
3597,83.36093,26.77476
3598,83.35291,26.76209
3599,83.36804,26.72727
3600,83.36655,26.72501
3601,83.37369,26.73461
3602,83.36533,26.72325
3603,83.34078,26.75832
3604,83.37099,26.73382
3605,83.36101,26.77299
3606,83.38003,26.73234
3607,83.36997,26.72619
3608,83.34345,26.75771
3609,83.38665,26.73085
3610,83.38648,26.73023
3611,83.35293,26.76219
3612,83.35485,26.76273
3613,83.34193,26.75731
3614,83.38463,26.73031
3615,83.38619,26.72839
3616,83.36030,26.77187
3617,83.38497,26.72844
3618,83.36848,26.72828
3619,83.34198,26.76016
3620,83.34256,26.76336
3621,83.36775,26.74322
3622,83.37432,26.73179
3623,83.36961,26.74309
3624,83.38524,26.72971
3625,83.36883,26.72752
3626,83.37300,26.73422
3627,83.37693,26.73267
3628,83.37968,26.76514
3629,83.39046,26.75873
3630,83.39030,26.76553
3631,83.39916,26.75721
3632,83.38820,26.76212
3633,83.38847,26.76304
3634,83.39239,26.75756
3635,83.38560,26.76697
3636,83.36663,26.75866
3637,83.36637,26.75809
3638,83.38755,26.76637
3639,83.36782,26.75814
3640,83.38425,26.76774
3641,83.39194,26.75977
3642,83.39418,26.75847
3643,83.36684,26.75957
3644,83.38111,26.76727
3645,83.38620,26.76680
3646,83.38047,26.76493
3647,83.38956,26.76363
3648,83.39208,26.76023
3649,83.39100,26.76050
3650,83.36723,26.75914
3651,83.39368,26.76081
3652,83.38972,26.76354
3653,83.38848,26.76307
3654,83.39244,26.75928
3655,83.38103,26.76691
3656,83.38953,26.75918
3657,83.36825,26.76357
3658,83.38320,26.76426
3659,83.36918,26.76315
3660,83.38422,26.76400
3661,83.38458,26.76884
3662,83.38138,26.76471
3663,83.39255,26.76487
3664,83.36612,26.75854
3665,83.39252,26.76206
3666,83.39381,26.76261
3667,83.39798,26.75883
3668,83.39226,26.76114
3669,83.39131,26.76137
3670,83.36676,26.75667
3671,83.39287,26.76008
3672,83.39234,26.76112
3673,83.39283,26.75877
3674,83.38467,26.76389
3675,83.39288,26.75893
3676,83.38685,26.76341
3677,83.38052,26.76831
3678,83.39417,26.75843
3679,83.38682,26.76390
3680,83.39454,26.75965
3681,83.36792,26.75921
3682,83.36582,26.75808
3683,83.36928,26.76355
3684,83.38482,26.76438
3685,83.38931,26.76583
3686,83.39263,26.75899
3687,83.37841,26.76545
3688,83.36704,26.75777
3689,83.39508,26.76148
3690,83.38950,26.76281
3691,83.38403,26.76702
3692,83.39057,26.76256
3693,83.36923,26.76336
3694,83.38925,26.76187
3695,83.36695,26.75837
3696,83.36585,26.75834
3697,83.39209,26.76026
3698,83.38110,26.76818
3699,83.36717,26.75831
3700,83.36778,26.75787
3701,83.36899,26.75939
3702,83.39275,26.75874
3703,83.36651,26.75839
3704,83.36619,26.75766
3705,83.36817,26.75880
3706,83.36767,26.75969
3707,83.36841,26.75946
3708,83.36841,26.75765
3709,83.36701,26.75853
3710,83.36914,26.75688
3711,83.36805,26.75958
3712,83.38525,26.76575
3713,83.38669,26.76539
3714,83.37948,26.76917
3715,83.37834,26.77009
3716,83.38586,26.76560
3717,83.38247,26.76854
3718,83.37996,26.76679
3719,83.38092,26.76657
3720,83.38433,26.76800
3721,83.38548,26.76817
3722,83.37758,26.77011
3723,83.38002,26.76638
3724,83.37899,26.76944
3725,83.37945,26.76728
3726,83.38012,26.76502
3727,83.38081,26.76619
3728,83.38703,26.76655
3729,83.38075,26.76594
3730,83.38627,26.76403
3731,83.38016,26.76750
3732,83.38489,26.76614
3733,83.38534,26.76777
3734,83.38230,26.76792
3735,83.38006,26.76714
3736,83.38042,26.76596
3737,83.36353,26.77627
3738,83.36489,26.77772
3739,83.36301,26.77602
3740,83.35151,26.76993
3741,83.35219,26.76770
3742,83.34990,26.77000
3743,83.35389,26.76697
3744,83.35645,26.76994
3745,83.36467,26.77646
3746,83.36396,26.77681
3747,83.35409,26.76999
3748,83.35731,26.77233
3749,83.35470,26.77024
3750,83.35814,26.77186
3751,83.36047,26.77388
3752,83.36679,26.77797
3753,83.35169,26.76952
3754,83.35253,26.77002
3755,83.35563,26.76852
3756,83.35366,26.76979
3757,83.35501,26.77125
3758,83.35409,26.76666
3759,83.36670,26.77768
3760,83.36355,26.77631
3761,83.36321,26.77649
3762,83.35454,26.76836
3763,83.35088,26.76707
3764,83.35551,26.76828
3765,83.35418,26.76573
3766,83.36287,26.77662
3767,83.35454,26.76904
3768,83.36246,26.77668
3769,83.35985,26.77413
3770,83.35674,26.76921
3771,83.35523,26.77118
3772,83.35795,26.77141
3773,83.35418,26.76663
3774,83.36336,26.77588
3775,83.36269,26.77613
3776,83.35668,26.76672
3777,83.36511,26.77563
3778,83.35699,26.77160
3779,83.35313,26.76698
3780,83.36649,26.77622
3781,83.35628,26.76862
3782,83.35482,26.76904
3783,83.35411,26.76713
3784,83.36385,26.77613
3785,83.35175,26.76987
3786,83.36406,26.77611
3787,83.35229,26.76937
3788,83.35213,26.76747
3789,83.35303,26.76688
3790,83.35629,26.76581
3791,83.35251,26.76741
3792,83.36589,26.77720
3793,83.35295,26.76659
3794,83.35183,26.77019
3795,83.35245,26.76765
3796,83.36065,26.77339
3797,83.35445,26.76949
3798,83.36598,26.77739
3799,83.36435,26.77756
3800,83.36210,26.77568
3801,83.35145,26.76673
3802,83.35450,26.76718
3803,83.35204,26.76699
3804,83.35223,26.76800
3805,83.36361,26.77581
3806,83.35681,26.76994
3807,83.36537,26.77616
3808,83.35162,26.76954
3809,83.36496,26.77571
3810,83.35510,26.76934
3811,83.35683,26.76964
3812,83.35463,26.76781
3813,83.35491,26.77017
3814,83.35534,26.76774
3815,83.36399,26.77771
3816,83.35382,26.76673
3817,83.36469,26.77733
3818,83.35201,26.76981
3819,83.36367,26.77713
3820,83.36431,26.77663
3821,83.35313,26.77527
3822,83.35506,26.77926
3823,83.35066,26.78217
3824,83.35207,26.77609
3825,83.35260,26.77547
3826,83.35269,26.77464
3827,83.34930,26.77071
3828,83.35256,26.77379
3829,83.34924,26.77384
3830,83.35311,26.78388
3831,83.35124,26.77128
3832,83.35074,26.77280
3833,83.35078,26.78035
3834,83.35287,26.78494
3835,83.35431,26.77644
3836,83.34924,26.76926
3837,83.35394,26.77381
3838,83.35688,26.77957
3839,83.35352,26.77978
3840,83.35160,26.78083
3841,83.35372,26.78335
3842,83.35143,26.76893
3843,83.35072,26.78862
3844,83.35468,26.77262
3845,83.35415,26.77580
3846,83.35483,26.77916
3847,83.35696,26.77955
3848,83.35607,26.77793
3849,83.35117,26.77104
3850,83.35688,26.77773
3851,83.34992,26.77278
3852,83.35198,26.77169
3853,83.35188,26.77116
3854,83.35293,26.77558
3855,83.35379,26.78626
3856,83.35390,26.78559
3857,83.34975,26.76939
3858,83.35179,26.77062
3859,83.35381,26.77433
3860,83.33679,26.76637
3861,83.35109,26.76810
3862,83.35679,26.78478
3863,83.35373,26.78803
3864,83.35680,26.77960
3865,83.35210,26.77439
3866,83.35528,26.78418
3867,83.35338,26.78346
3868,83.35299,26.77407
3869,83.35124,26.78564
3870,83.35010,26.78085
3871,83.35038,26.78081
3872,83.35361,26.78205
3873,83.35692,26.78406
3874,83.35125,26.76850
3875,83.35343,26.77394
3876,83.35183,26.77176
3877,83.35201,26.78263
3878,83.35393,26.77693
3879,83.35200,26.77316
3880,83.35235,26.77202
3881,83.35251,26.77299
3882,83.35232,26.77430
3883,83.35093,26.78261
3884,83.35456,26.77841
3885,83.35439,26.77641
3886,83.35434,26.77632
3887,83.35215,26.77566
3888,83.34860,26.78575
3889,83.35669,26.77853
3890,83.35489,26.78577
3891,83.35390,26.78276
3892,83.35514,26.77955
3893,83.35683,26.77908
3894,83.35053,26.77289
3895,83.35035,26.77239
3896,83.34842,26.76892
3897,83.35109,26.77076
3898,83.35097,26.76979
3899,83.35565,26.77939
3900,83.35379,26.77655
3901,83.35242,26.77336
3902,83.35189,26.77386
3903,83.35223,26.78196
3904,83.35130,26.77147
3905,83.35505,26.77375
3906,83.35499,26.77353
3907,83.35484,26.78391
3908,83.35411,26.78629
3909,83.35217,26.76799
3910,83.35685,26.78442
3911,83.35076,26.77224
3912,83.35199,26.77214
3913,83.35028,26.77121
3914,83.35542,26.77613
3915,83.35003,26.78149
3916,83.34980,26.76962
3917,83.35580,26.78408
3918,83.35020,26.77460
3919,83.35174,26.77113
3920,83.35113,26.78102
3921,83.35690,26.77859
3922,83.35017,26.77388
3923,83.35027,26.77301
3924,83.35068,26.77374
3925,83.35068,26.78315
3926,83.35041,26.77381
3927,83.34926,26.76844
3928,83.35069,26.76964
3929,83.35064,26.76942
3930,83.35334,26.78650
3931,83.35233,26.77304
3932,83.35183,26.77537
3933,83.34989,26.78156
3934,83.35180,26.78023
3935,83.35216,26.77161
3936,83.35555,26.77904
3937,83.35477,26.78534
3938,83.35194,26.77102
3939,83.35367,26.77289
3940,83.35062,26.78125
3941,83.34966,26.77285
3942,83.34951,26.76837
3943,83.35382,26.77653
3944,83.35148,26.77195
3945,83.35084,26.76912
3946,83.35548,26.78490
3947,83.35114,26.76823
3948,83.33456,26.75997
3949,83.35132,26.78854
3950,83.35082,26.77111
3951,83.35377,26.78040
3952,83.34918,26.76900
3953,83.34901,26.77125
3954,83.35169,26.77455
3955,83.34993,26.77117
3956,83.34852,26.76915
3957,83.35327,26.78652
3958,83.34907,26.76872
3959,83.35243,26.77229
3960,83.35041,26.77164
3961,83.34914,26.76840
3962,83.35124,26.77360
3963,83.35439,26.78405
3964,83.35129,26.78244
3965,83.35411,26.78323
3966,83.35176,26.77119
3967,83.35132,26.77468
3968,83.34890,26.76954
3969,83.34930,26.76946
3970,83.35707,26.77825
3971,83.35060,26.76919
3972,83.35065,26.76820
3973,83.35000,26.78872
3974,83.34944,26.78978
3975,83.35351,26.77666
3976,83.35056,26.76890
3977,83.35007,26.76957
3978,83.34874,26.76936
3979,83.35358,26.78644
3980,83.35287,26.76995
3981,83.35591,26.78446
3982,83.35283,26.77538
3983,83.35567,26.78102
3984,83.35277,26.77582
3985,83.35015,26.77350
3986,83.35256,26.76930
3987,83.35191,26.77571
3988,83.35385,26.78533
3989,83.35043,26.77262
3990,83.35160,26.77119
3991,83.35094,26.76959
3992,83.35072,26.76861
3993,83.35116,26.77348
3994,83.35138,26.76883
3995,83.35067,26.77361
3996,83.35318,26.78296
3997,83.35075,26.77397
3998,83.35595,26.78461
3999,83.35739,26.77943
4000,83.35396,26.77863
4001,83.35596,26.78091
4002,83.34909,26.77145
4003,83.35306,26.77678
4004,83.34986,26.76831
4005,83.35115,26.78944
4006,83.35253,26.78659
4007,83.35376,26.78464
4008,83.35540,26.78459
4009,83.35391,26.78502
4010,83.35286,26.78305
4011,83.35690,26.77977
4012,83.35588,26.77856
4013,83.35356,26.77436
4014,83.35303,26.78357
4015,83.35672,26.77864
4016,83.35083,26.78938
4017,83.35224,26.76832
4018,83.35178,26.78225
4019,83.35124,26.76847
4020,83.35353,26.78285
4021,83.35150,26.76815
4022,83.35212,26.77388
4023,83.35141,26.78044
4024,83.35021,26.78142
4025,83.35010,26.77309
4026,83.35020,26.76930
4027,83.35545,26.78109
4028,83.35209,26.76872
4029,83.35400,26.77404
4030,83.35313,26.77569
4031,83.35058,26.77414
4032,83.35025,26.78937
4033,83.35492,26.77998
4034,83.45397,26.85784
4035,83.26013,26.69610
4036,83.39151,26.77479
4037,83.38763,26.78322
4038,83.38916,26.77224
4039,83.39240,26.76797
4040,83.38991,26.77466
4041,83.39428,26.78028
4042,83.39092,26.77525
4043,83.39845,26.78781
4044,83.39659,26.78212
4045,83.39068,26.77518
4046,83.40113,26.78196
4047,83.39299,26.76715
4048,83.39067,26.77281
4049,83.38783,26.78371
4050,83.39301,26.76835
4051,83.39190,26.76716
4052,83.39794,26.79428
4053,83.39599,26.77987
4054,83.39007,26.77330
4055,83.38611,26.77250
4056,83.38935,26.77303
4057,83.39619,26.78071
4058,83.41396,26.79681
4059,83.38918,26.77400
4060,83.39451,26.78111
4061,83.39255,26.76699
4062,83.38894,26.77306
4063,83.40310,26.79499
4064,83.39121,26.77442
4065,83.40210,26.78311
4066,83.39176,26.77590
4067,83.38483,26.78047
4068,83.39727,26.79413
4069,83.40634,26.79143
4070,83.39198,26.77345
4071,83.39183,26.77351
4072,83.39158,26.77367
4073,83.39631,26.76225
4074,83.39319,26.76451
4075,83.39180,26.77541
4076,83.39690,26.78318
4077,83.39395,26.79479
4078,83.39127,26.77492
4079,83.38961,26.77495
4080,83.39205,26.76681
4081,83.39742,26.78544
4082,83.38701,26.77975
4083,83.39033,26.77500
4084,83.39411,26.76477
4085,83.39290,26.76794
4086,83.39379,26.76893
4087,83.38760,26.78412
4088,83.40929,26.79652
4089,83.39819,26.79443
4090,83.38818,26.78360
4091,83.38974,26.77317
4092,83.39151,26.77535
4093,83.39183,26.76805
4094,83.38496,26.77167
4095,83.38472,26.77070
4096,83.39160,26.76571
4097,83.39456,26.76810
4098,83.39132,26.77084
4099,83.38537,26.77143
4100,83.38450,26.77007
4101,83.38837,26.77165
4102,83.39417,26.76692
4103,83.39353,26.76733
4104,83.38528,26.77113
4105,83.38791,26.77076
4106,83.38970,26.77160
4107,83.39572,26.76659
4108,83.39496,26.76740
4109,83.39184,26.76635
4110,83.39215,26.76552
4111,83.39349,26.76504
4112,83.39336,26.76718
4113,83.39228,26.76587
4114,83.39444,26.76775
4115,83.39488,26.76690
4116,83.39141,26.76522
4117,83.39364,26.76530
4118,83.39421,26.76526
4119,83.39072,26.77239
4120,83.39397,26.76741
4121,83.38921,26.77148
4122,83.38681,26.77095
4123,83.39549,26.76743
4124,83.39439,26.76739
4125,83.28654,26.72338
4126,83.28692,26.72349
4127,83.38150,26.75855
4128,83.38156,26.75856
4129,83.38159,26.75858
4130,83.38145,26.75859
4131,83.38145,26.75862
4132,83.38154,26.75869
4133,83.37784,26.75945
4134,83.37792,26.75949
4135,83.37773,26.75955
4136,83.37794,26.75956
4137,83.37784,26.75964
4138,83.42167,26.75038
4139,83.42097,26.74756
4140,83.39888,26.75774
4141,83.39897,26.75759
4142,83.39859,26.75273
4143,83.39837,26.75855
4144,83.39917,26.75539
4145,83.39876,26.75336
4146,83.39872,26.75336
4147,83.39857,26.75267
4148,83.41910,26.75138
4149,83.41729,26.66298
4150,83.34491,26.76900
4151,83.34398,26.76614
4152,83.34448,26.76777
4153,83.34468,26.76834
4154,83.34613,26.76794
4155,83.34515,26.76703
4156,83.34504,26.76664
4157,83.34570,26.76646
4158,83.34498,26.76764
4159,83.34517,26.76822
4160,83.34333,26.76684
4161,83.34414,26.76664
4162,83.34690,26.76845
4163,83.34315,26.76610
4164,83.34307,26.76873
4165,83.34387,26.76845
4166,83.34685,26.76684
4167,83.34852,26.76642
4168,83.34695,26.76681
4169,83.34676,26.76610
4170,83.34722,26.76778
4171,83.34902,26.76808
4172,83.34883,26.76744
4173,83.34403,26.76614
4174,83.34384,26.76551
4175,83.34619,26.76986
4176,83.34572,26.76886
4177,83.34513,26.77033
4178,83.34561,26.76988
4179,83.34565,26.76997
4180,83.34616,26.76977
4181,83.34537,26.77086
4182,83.34684,26.76979
4183,83.34656,26.77100
4184,83.34643,26.77053
4185,83.34707,26.77088
4186,83.34696,26.77041
4187,83.34677,26.77095
4188,83.34664,26.77048
4189,83.34740,26.77052
4190,83.34721,26.76973
4191,83.34703,26.76897
4192,83.34767,26.76924
4193,83.34739,26.76932
4194,83.34806,26.76913
4195,83.34811,26.77041
4196,83.34800,26.77000
4197,83.34823,26.77084
4198,83.34820,26.77072
4199,83.34874,26.77063
4200,83.34819,26.76993
4201,83.34848,26.76984
4202,83.34897,26.76968
4203,83.34804,26.77158
4204,83.34778,26.77050
4205,83.34797,26.77126
4206,83.34852,26.77109
4207,83.34804,26.76904
4208,83.34794,26.76868
4209,83.34841,26.76602
4210,83.34955,26.76572
4211,83.34855,26.76651
4212,83.34915,26.76636
4213,83.34899,26.76588
4214,83.34743,26.77284
4215,83.34794,26.77268
4216,83.34938,26.77217
4217,83.34827,26.77256
4218,83.34787,26.77164
4219,83.34868,26.77242
4220,83.34829,26.77150
4221,83.34841,26.77178
4222,83.34873,26.77166
4223,83.34899,26.77231
4224,83.34861,26.77139
4225,83.34930,26.77196
4226,83.35012,26.77172
4227,83.35002,26.77144
4228,83.35205,26.76874
4229,83.34490,26.76610
4230,83.34813,26.76761
4231,83.35031,26.76788
4232,83.35187,26.76797
4233,83.34822,26.76799
4234,83.34649,26.76859
4235,83.37554,26.78103
4236,83.36669,26.74128
4237,83.36120,26.75664
4238,83.39236,26.77070
4239,83.35879,26.76157
4240,83.35837,26.76163
4241,83.32871,26.82308
4242,83.33087,26.82289
4243,83.33141,26.82285
4244,83.33580,26.81998
4245,83.33853,26.81910
4246,83.33933,26.81789
4247,83.34988,26.81673
4248,83.34247,26.81696
4249,83.34102,26.81743
4250,83.34849,26.81696
4251,83.34220,26.81571
4252,83.34459,26.81534
4253,83.35042,26.81365
4254,83.34429,26.76909
4255,83.34467,26.77092
4256,83.34662,26.77726
4257,83.29547,26.77177
4258,83.39743,26.77391
4259,83.34107,26.76638
4260,83.32563,26.76203
4261,83.33915,26.76685
4262,83.32338,26.76570
4263,83.34146,26.76865
4264,83.39875,26.77190
4265,83.40001,26.77235
4266,83.33951,26.76620
4267,83.34184,26.76644
4268,83.34096,26.76868
4269,83.39769,26.77127
4270,83.33641,26.76105
4271,83.39816,26.77346
4272,83.33518,26.76146
4273,83.32709,26.76172
4274,83.39796,26.77221
4275,83.39550,26.77174
4276,83.33836,26.76741
4277,83.34145,26.76725
4278,83.39960,26.77358
4279,83.39955,26.77210
4280,83.39882,26.77216
4281,83.40043,26.77268
4282,83.40048,26.77237
4283,83.39730,26.77173
4284,83.34139,26.76711
4285,83.31883,26.76722
4286,83.39650,26.77064
4287,83.39488,26.76954
4288,83.39717,26.77088
4289,83.39897,26.77267
4290,83.39781,26.77133
4291,83.39944,26.77142
4292,83.34103,26.76727
4293,83.39664,26.77103
4294,83.34040,26.76491
4295,83.39638,26.77156
4296,83.39866,26.77337
4297,83.39678,26.77146
4298,83.39596,26.77176
4299,83.32416,26.75997
4300,83.33464,26.75959
4301,83.34119,26.76665
4302,83.34109,26.76741
4303,83.33946,26.76658
4304,83.34202,26.76679
4305,83.39736,26.77230
4306,83.40044,26.77249
4307,83.39811,26.77304
4308,83.32454,26.76074
4309,83.34162,26.76774
4310,83.39966,26.77258
4311,83.39854,26.77289
4312,83.39664,26.77105
4313,83.33188,26.75927
4314,83.39584,26.77179
4315,83.39670,26.77243
4316,83.39480,26.76934
4317,83.39935,26.77278
4318,83.34207,26.76818
4319,83.39838,26.77196
4320,83.39941,26.77317
4321,83.39799,26.77235
4322,83.41155,26.78776
4323,83.40024,26.77408
4324,83.40040,26.77349
4325,83.40869,26.77923
4326,83.40260,26.77398
4327,83.40044,26.77295
4328,83.42229,26.78832
4329,83.40556,26.77900
4330,83.41140,26.77954
4331,83.40050,26.77400
4332,83.39952,26.77424
4333,83.39956,26.76844
4334,83.36543,26.79298
4335,83.41052,26.78536
4336,83.40218,26.77600
4337,83.40151,26.77192
4338,83.40161,26.77157
4339,83.40525,26.77707
4340,83.41054,26.77928
4341,83.40586,26.78288
4342,83.40105,26.77321
4343,83.39902,26.76941
4344,83.42266,26.78775
4345,83.40121,26.77222
4346,83.41350,26.77883
4347,83.40819,26.78023
4348,83.40106,26.77349
4349,83.40052,26.77159
4350,83.40425,26.77836
4351,83.40044,26.77248
4352,83.40519,26.77817
4353,83.40165,26.77406
4354,83.40085,26.77247
4355,83.40781,26.78403
4356,83.36568,26.79063
4357,83.40975,26.78094
4358,83.36847,26.79125
4359,83.41084,26.78551
4360,83.40056,26.77347
4361,83.39968,26.76894
4362,83.41017,26.78435
4363,83.40128,26.77351
4364,83.41960,26.77748
4365,83.40150,26.77513
4366,83.40091,26.77290
4367,83.36870,26.79667
4368,83.36845,26.79638
4369,83.40563,26.77904
4370,83.39998,26.77435
4371,83.40093,26.77308
4372,83.40081,26.77123
4373,83.40665,26.78340
4374,83.39976,26.77091
4375,83.41838,26.77957
4376,83.40499,26.78447
4377,83.42646,26.78075
4378,83.41507,26.78475
4379,83.42255,26.78770
4380,83.40685,26.77965
4381,83.39992,26.77415
4382,83.40204,26.77506
4383,83.41126,26.78439
4384,83.39987,26.77136
4385,83.40048,26.77453
4386,83.36633,26.79190
4387,83.36651,26.79218
4388,83.40570,26.77918
4389,83.39894,26.76910
4390,83.40630,26.77894
4391,83.40900,26.78248
4392,83.40391,26.77768
4393,83.40137,26.77389
4394,83.40117,26.77244
4395,83.40057,26.77185
4396,83.40128,26.77298
4397,83.40357,26.77522
4398,83.40465,26.78051
4399,83.39963,26.77474
4400,83.36695,26.79206
4401,83.40499,26.77817
4402,83.39938,26.76901
4403,83.40057,26.77602
4404,83.36822,26.75735
4405,83.48023,26.81952
4406,83.47312,26.77355
4407,83.43942,26.75686
4408,83.42251,26.76013
4409,83.43110,26.75316
4410,83.43263,26.75461
4411,83.44188,26.75327
4412,83.42606,26.74963
4413,83.44038,26.75582
4414,83.44273,26.75442
4415,83.42496,26.75837
4416,83.43893,26.75451
4417,83.45972,26.76778
4418,83.43377,26.75652
4419,83.44091,26.75449
4420,83.44225,26.75478
4421,83.45770,26.76676
4422,83.44044,26.75520
4423,83.43498,26.75724
4424,83.43596,26.75544
4425,83.42728,26.74896
4426,83.43870,26.75371
4427,83.44111,26.75449
4428,83.42667,26.74910
4429,83.42978,26.75331
4430,83.43969,26.75195
4431,83.45687,26.76693
4432,83.43871,26.75413
4433,83.44160,26.75593
4434,83.43977,26.75451
4435,83.43512,26.75036
4436,83.43721,26.75452
4437,83.44228,26.75367
4438,83.43593,26.75416
4439,83.43872,26.75451
4440,83.44228,26.75551
4441,83.44163,26.75669
4442,83.43530,26.75186
4443,83.44069,26.75449
4444,83.44402,26.75648
4445,83.44159,26.75552
4446,83.42713,26.74989
4447,83.43220,26.75020
4448,83.43984,26.75630
4449,83.43903,26.75690
4450,83.41783,26.75860
4451,83.44231,26.75444
4452,83.43381,26.75737
4453,83.45756,26.76463
4454,83.43982,26.75521
4455,83.43587,26.75312
4456,83.43752,26.75578
4457,83.43547,26.75454
4458,83.44082,26.75676
4459,83.43529,26.75076
4460,83.44118,26.75615
4461,83.43854,26.75540
4462,83.44228,26.75557
4463,83.44257,26.75591
4464,83.44172,26.75368
4465,83.44112,26.75481
4466,83.42676,26.74935
4467,83.44039,26.75628
4468,83.43594,26.75453
4469,83.43554,26.75640
4470,83.43863,26.75074
4471,83.43983,26.75544
4472,83.43382,26.75695
4473,83.45381,26.76545
4474,83.44127,26.75448
4475,83.42984,26.75372
4476,83.44086,26.75355
4477,83.44041,26.75679
4478,83.43597,26.75453
4479,83.43261,26.75647
4480,83.44120,26.75672
4481,83.42607,26.75625
4482,83.43932,26.75313
4483,83.41851,26.75866
4484,83.43795,26.75615
4485,83.44037,26.75562
4486,83.42481,26.76177
4487,83.44114,26.75517
4488,83.44312,26.75656
4489,83.43306,26.75032
4490,83.44396,26.75598
4491,83.43592,26.75380
4492,83.43718,26.75542
4493,83.43370,26.75457
4494,83.42953,26.75388
4495,83.43554,26.75720
4496,83.43902,26.75451
4497,83.43735,26.75452
4498,83.44536,26.76280
4499,83.44303,26.75589
4500,83.43527,26.75143
4501,83.43720,26.75496
4502,83.44176,26.75447
4503,83.44227,26.75515
4504,83.42586,26.74930
4505,83.43596,26.75580
4506,83.44299,26.75553
4507,83.43852,26.75657
4508,83.43735,26.75415
4509,83.43358,26.75142
4510,83.45496,26.76541
4511,83.44073,26.75538
4512,83.44115,26.75553
4513,83.42352,26.75475
4514,83.43253,26.75260
4515,83.43503,26.75036
4516,83.43241,26.75648
4517,83.43893,26.75335
4518,83.43974,26.75330
4519,83.44351,26.75439
4520,83.42519,26.75976
4521,83.43983,26.75683
4522,83.44175,26.75419
4523,83.43268,26.75010
4524,83.44224,26.75445
4525,83.42402,26.75593
4526,83.43794,26.75657
4527,83.42371,26.75657
4528,83.43752,26.75615
4529,83.41973,26.75732
4530,83.44235,26.75367
4531,83.43751,26.75541
4532,83.43939,26.75451
4533,83.43855,26.75451
4534,83.43597,26.75498
4535,83.43358,26.75106
4536,83.43195,26.74895
4537,83.44229,26.75592
4538,83.44266,26.75660
4539,83.43788,26.75286
4540,83.44313,26.75554
4541,83.43965,26.75128
4542,83.43973,26.75311
4543,83.44077,26.75581
4544,83.43246,26.75227
4545,83.44161,26.75614
4546,83.43735,26.75379
4547,83.42703,26.75940
4548,83.43855,26.75494
4549,83.43797,26.75541
4550,83.43596,26.75616
4551,83.44116,26.75580
4552,83.43312,26.75459
4553,83.43194,26.74887
4554,83.43851,26.75695
4555,83.43378,26.75614
4556,83.43927,26.75314
4557,83.42467,26.75646
4558,83.42708,26.75807
4559,83.43929,26.75451
4560,83.43870,26.75377
4561,83.43499,26.74939
4562,83.42640,26.75818
4563,83.44126,26.75420
4564,83.47262,26.77351
4565,83.46814,26.77498
4566,83.47111,26.82107
4567,83.47142,26.82095
4568,83.47413,26.77339
4569,83.47777,26.77239
4570,83.47539,26.81967
4571,83.47232,26.77318
4572,83.47698,26.78472
4573,83.47297,26.77339
4574,83.47946,26.77223
4575,83.47317,26.79108
4576,83.36593,26.74924
4577,83.36888,26.74995
4578,83.36975,26.75303
4579,83.36503,26.75110
4580,83.36931,26.75147
4581,83.36854,26.75211
4582,83.37024,26.75349
4583,83.36621,26.74989
4584,83.36674,26.75263
4585,83.36603,26.74970
4586,83.36605,26.75122
4587,83.36517,26.75147
4588,83.36971,26.75348
4589,83.36393,26.74987
4590,83.36323,26.74990
4591,83.36621,26.75071
4592,83.36847,26.75160
4593,83.36613,26.75049
4594,83.36913,26.75149
4595,83.36616,26.75212
4596,83.36868,26.75208
4597,83.36830,26.75056
4598,83.39795,26.78241
4599,83.40101,26.78588
4600,83.40045,26.78301
4601,83.40219,26.78105
4602,83.39774,26.78197
4603,83.40192,26.78096
4604,83.39402,26.77791
4605,83.39414,26.78304
4606,83.38442,26.78189
4607,83.39264,26.78279
4608,83.39420,26.77842
4609,83.40087,26.78291
4610,83.39804,26.78193
4611,83.38421,26.78124
4612,83.40005,26.79142
4613,83.40054,26.79250
4614,83.40023,26.79181
4615,83.40019,26.79136
4616,83.40012,26.78239
4617,83.39611,26.78594
4618,83.39414,26.78434
4619,83.39961,26.78002
4620,83.39398,26.78644
4621,83.39971,26.77871
4622,83.39811,26.78277
4623,83.39329,26.77844
4624,83.38950,26.78789
4625,83.39414,26.77798
4626,83.40043,26.78522
4627,83.38846,26.78806
4628,83.39410,26.77783
4629,83.40265,26.78963
4630,83.39342,26.77912
4631,83.39290,26.77845
4632,83.39468,26.77736
4633,83.39301,26.77789
4634,83.40142,26.78639
4635,83.40166,26.79087
4636,83.40194,26.78825
4637,83.39565,26.78223
4638,83.39446,26.77970
4639,83.39401,26.78344
4640,83.40148,26.78889
4641,83.39638,26.78254
4642,83.40306,26.78195
4643,83.39686,26.78973
4644,83.40165,26.78033
4645,83.39416,26.77784
4646,83.39335,26.77843
4647,83.39814,26.78094
4648,83.39417,26.78568
4649,83.39861,26.78222
4650,83.39808,26.78121
4651,83.37549,26.77412
4652,83.39394,26.78977
4653,83.40094,26.78731
4654,83.39722,26.78303
4655,83.39336,26.77790
4656,83.39536,26.78091
4657,83.39404,26.77757
4658,83.39624,26.77763
4659,83.38362,26.78204
4660,83.40158,26.78376
4661,83.39517,26.78024
4662,83.39315,26.78465
4663,83.38995,26.78934
4664,83.37661,26.77389
4665,83.39973,26.78026
4666,83.39578,26.79105
4667,83.40113,26.79104
4668,83.39966,26.79050
4669,83.39866,26.78812
4670,83.39884,26.78865
4671,83.40090,26.78289
4672,83.39902,26.78181
4673,83.39971,26.78173
4674,83.40220,26.78814
4675,83.40187,26.78749
4676,83.40007,26.77989
4677,83.40068,26.79297
4678,83.40264,26.78215
4679,83.39833,26.78098
4680,83.40223,26.78820
4681,83.38359,26.78143
4682,83.40056,26.78219
4683,83.40048,26.78621
4684,83.39374,26.78914
4685,83.40301,26.78619
4686,83.40008,26.78234
4687,83.39503,26.78099
4688,83.39456,26.78484
4689,83.39646,26.77879
4690,83.39947,26.77813
4691,83.39669,26.78248
4692,83.39352,26.77935
4693,83.39581,26.78550
4694,83.40159,26.78671
4695,83.40077,26.78213
4696,83.40162,26.78677
4697,83.39708,26.78185
4698,83.39431,26.78003
4699,83.39602,26.77921
4700,83.40278,26.78228
4701,83.39597,26.79173
4702,83.39367,26.77905
4703,83.40066,26.78117
4704,83.40088,26.77877
4705,83.40164,26.78255
4706,83.39888,26.78286
4707,83.39438,26.77928
4708,83.39826,26.77963
4709,83.40082,26.78024
4710,83.39570,26.78271
4711,83.39539,26.78124
4712,83.39520,26.78129
4713,83.39385,26.78017
4714,83.39407,26.77798
4715,83.39426,26.78005
4716,83.39189,26.78751
4717,83.37582,26.77406
4718,83.39417,26.77976
4719,83.39595,26.78597
4720,83.39780,26.79184
4721,83.39558,26.78224
4722,83.39404,26.78992
4723,83.39281,26.78317
4724,83.39837,26.78189
4725,83.39382,26.78569
4726,83.39340,26.78036
4727,83.40086,26.78702
4728,83.40195,26.77927
4729,83.39437,26.78350
4730,83.40244,26.78098
4731,83.39446,26.77757
4732,83.40145,26.77993
4733,83.39839,26.77980
4734,83.39526,26.77764
4735,83.40314,26.78965
4736,83.39493,26.78057
4737,83.38439,26.78117
4738,83.39454,26.78439
4739,83.40070,26.78179
4740,83.43345,26.72738
4741,83.30439,26.63935
4742,83.32475,26.66117
4743,83.32625,26.66404
4744,83.32671,26.66779
4745,83.32622,26.67138
4746,83.32601,26.67285
4747,83.32346,26.67738
4748,83.32662,26.67628
4749,83.32550,26.67669
4750,83.32276,26.67831
4751,83.31923,26.68318
4752,83.31792,26.68569
4753,83.31792,26.68614
4754,83.32236,26.69585
4755,83.32465,26.70168
4756,83.32780,26.70670
4757,83.33353,26.70588
4758,83.33276,26.70671
4759,83.32817,26.70715
4760,83.32843,26.70742
4761,83.47959,26.70066
4762,83.47663,26.69811
4763,83.47629,26.69801
4764,83.47549,26.69819
4765,83.47664,26.69697
4766,83.47695,26.69696
4767,83.47826,26.69677
4768,83.47482,26.69852
4769,83.47503,26.69644
4770,83.41316,26.70137
4771,83.33069,26.70774
4772,83.33189,26.70681
4773,83.33224,26.70701
4774,83.33368,26.70718
4775,83.33702,26.70736
4776,83.32788,26.70702
4777,83.32848,26.70692
4778,83.33308,26.70636
4779,83.28042,26.72101
4780,83.28054,26.72111
4781,83.42539,26.74731
4782,83.48551,26.70668
4783,83.48047,26.70182
4784,83.41320,26.70150
4785,83.41267,26.70166
4786,83.39714,26.70520
4787,83.39007,26.70634
4788,83.38547,26.70610
4789,83.37204,26.70382
4790,83.35074,26.70553
4791,83.34675,26.70619
4792,83.34265,26.70676
4793,83.48562,26.70657
4794,83.47809,26.69919
4795,83.47506,26.69625
4796,83.41264,26.70151
4797,83.39009,26.70618
4798,83.38546,26.70595
4799,83.35075,26.70539
4800,83.34674,26.70603
4801,83.34263,26.70657
4802,83.33879,26.70725
4803,83.32889,26.70711
4804,83.28723,26.71889
4805,83.28027,26.72123
4806,83.33876,26.70715
4807,83.32896,26.70697
4808,83.28718,26.71880
4809,83.28012,26.72113
4810,83.28055,26.72127
4811,83.27626,26.72318
4812,83.36581,26.80377
4813,83.39599,26.70933
4814,83.37256,26.71344
4815,83.38982,26.70978
4816,83.36943,26.71357
4817,83.40042,26.71016
4818,83.38827,26.71084
4819,83.36981,26.71444
4820,83.36764,26.71660
4821,83.39836,26.70837
4822,83.39812,26.71218
4823,83.39277,26.71053
4824,83.39546,26.70955
4825,83.39083,26.70846
4826,83.36895,26.71498
4827,83.38932,26.71062
4828,83.38916,26.70829
4829,83.39756,26.71228
4830,83.39094,26.71106
4831,83.39149,26.70832
4832,83.37211,26.71053
4833,83.37369,26.71595
4834,83.39365,26.71278
4835,83.37200,26.71197
4836,83.38048,26.71363
4837,83.38918,26.70831
4838,83.39477,26.70933
4839,83.36352,26.70959
4840,83.39407,26.71668
4841,83.38326,26.71340
4842,83.36395,26.71553
4843,83.38730,26.71445
4844,83.37106,26.70922
4845,83.36625,26.70916
4846,83.39337,26.71419
4847,83.36698,26.70826
4848,83.37536,26.72114
4849,83.38452,26.71503
4850,83.36907,26.71100
4851,83.38676,26.71479
4852,83.38656,26.71443
4853,83.38365,26.71431
4854,83.38665,26.71538
4855,83.36121,26.71188
4856,83.37435,26.72120
4857,83.38685,26.71340
4858,83.38963,26.71734
4859,83.37056,26.70854
4860,83.37458,26.72120
4861,83.36458,26.71534
4862,83.36924,26.71227
4863,83.38921,26.71880
4864,83.36949,26.71210
4865,83.38413,26.71415
4866,83.38748,26.71561
4867,83.38987,26.71855
4868,83.39562,26.71556
4869,83.38479,26.71386
4870,83.38921,26.71750
4871,83.38627,26.71387
4872,83.39094,26.71722
4873,83.39175,26.71667
4874,83.38455,26.71503
4875,83.36788,26.71531
4876,83.36716,26.71312
4877,83.36936,26.71256
4878,83.38605,26.71342
4879,83.38399,26.71508
4880,83.36975,26.71204
4881,83.39339,26.71586
4882,83.36961,26.71345
4883,83.36196,26.71287
4884,83.36221,26.70965
4885,83.36332,26.71403
4886,83.38450,26.71568
4887,83.39340,26.71454
4888,83.36504,26.71512
4889,83.40628,26.71100
4890,83.40672,26.71171
4891,83.38985,26.71988
4892,83.40565,26.71152
4893,83.39927,26.71415
4894,83.40658,26.71085
4895,83.39445,26.71805
4896,83.40493,26.71331
4897,83.40023,26.71475
4898,83.39314,26.71896
4899,83.39299,26.71859
4900,83.40343,26.71047
4901,83.40731,26.71140
4902,83.40701,26.71155
4903,83.39743,26.70518
4904,83.39420,26.71276
4905,83.40675,26.70980
4906,83.40455,26.71245
4907,83.39825,26.71249
4908,83.40749,26.71041
4909,83.39588,26.71386
4910,83.40054,26.70710
4911,83.39348,26.71939
4912,83.40641,26.70994
4913,83.39957,26.71278
4914,83.39359,26.71840
4915,83.38321,26.72096
4916,83.39737,26.71399
4917,83.40580,26.71023
4918,83.40623,26.71162
4919,83.39033,26.71451
4920,83.39672,26.71407
4921,83.39579,26.71254
4922,83.40611,26.71009
4923,83.40224,26.71099
4924,83.39694,26.71489
4925,83.39317,26.71901
4926,83.40093,26.70749
4927,83.39710,26.71518
4928,83.40595,26.71116
4929,83.39045,26.71952
4930,83.39251,26.71793
4931,83.39278,26.71861
4932,83.39413,26.72034
4933,83.38128,26.72345
4934,83.40722,26.71055
4935,83.39178,26.71379
4936,83.38416,26.71964
4937,83.40085,26.70741
4938,83.39898,26.71550
4939,83.40687,26.71071
4940,83.39947,26.70627
4941,83.39907,26.70607
4942,83.39987,26.70651
4943,83.39094,26.71281
4944,83.39335,26.71201
4945,83.39924,26.71411
4946,83.39165,26.71892
4947,83.39029,26.71630
4948,83.40578,26.71088
4949,83.39813,26.71416
4950,83.39107,26.71551
4951,83.39009,26.71318
4952,83.40144,26.71230
4953,83.40523,26.71116
4954,83.39935,26.71483
4955,83.38158,26.72136
4956,83.40606,26.71134
4957,83.35010,26.77435
4958,83.34969,26.77455
4959,83.34825,26.77512
4960,83.34674,26.77409
4961,83.47793,26.69924
4962,83.47528,26.69661
4963,83.47538,26.69651
4964,83.39728,26.70491
4965,83.26161,26.77083
4966,83.27103,26.77849
4967,83.27078,26.78020
4968,83.27123,26.79091
4969,83.27125,26.79380
4970,83.27471,26.81639
4971,83.27462,26.81692
4972,83.27435,26.81958
4973,83.29171,26.84698
4974,83.29217,26.85173
4975,83.30479,26.86128
4976,83.30982,26.86727
4977,83.33770,26.84301
4978,83.33693,26.84198
4979,83.35246,26.81373
4980,83.35136,26.81388
4981,83.35040,26.81374
4982,83.35414,26.81331
4983,83.35457,26.81325
4984,83.35460,26.81299
4985,83.35251,26.80431
4986,83.35226,26.80032
4987,83.35057,26.79908
4988,83.35448,26.80034
4989,83.35548,26.80073
4990,83.35583,26.80019
4991,83.35576,26.79968
4992,83.35877,26.79900
4993,83.35601,26.79965
4994,83.35719,26.79948
4995,83.35711,26.79897
4996,83.35719,26.79870
4997,83.35597,26.79912
4998,83.35474,26.79977
4999,83.35264,26.79812
5000,83.35192,26.79822
5001,83.35135,26.79675
5002,83.35180,26.79793
5003,83.34932,26.79829
5004,83.34896,26.79835
5005,83.34479,26.79830
5006,83.34500,26.79909
5007,83.34396,26.79549
5008,83.34429,26.79665
5009,83.35013,26.79532
5010,83.35060,26.79497
5011,83.35499,26.79512
5012,83.35199,26.80349
5013,83.35028,26.80017
5014,83.34960,26.79642
5015,83.35185,26.80282
5016,83.34858,26.80370
5017,83.34846,26.80208
5018,83.34792,26.80146
5019,83.34695,26.79977
5020,83.34685,26.79876
5021,83.34669,26.79786
5022,83.34744,26.79769
5023,83.34695,26.79600
5024,83.34603,26.79294
5025,83.34878,26.79073
5026,83.34845,26.79120
5027,83.34841,26.79207
5028,83.34757,26.79229
5029,83.34792,26.79220
5030,83.34579,26.79299
5031,83.34566,26.79286
5032,83.35752,26.80399
5033,83.35740,26.80366
5034,83.35838,26.80334
5035,83.35693,26.80477
5036,83.35897,26.80491
5037,83.35740,26.80583
5038,83.35745,26.80574
5039,83.35778,26.80496
5040,83.35551,26.80645
5041,83.35613,26.80593
5042,83.35694,26.80638
5043,83.35485,26.80773
5044,83.35471,26.80745
5045,83.35362,26.80544
5046,83.35331,26.80485
5047,83.35379,26.80500
5048,83.35399,26.80612
5049,83.35510,26.80563
5050,83.35417,26.80514
5051,83.35437,26.80596
5052,83.35421,26.80564
5053,83.35415,26.80524
5054,83.35367,26.80696
5055,83.35430,26.80671
5056,83.35540,26.80623
5057,83.35359,26.80667
5058,83.35415,26.80645
5059,83.35527,26.80596
5060,83.35327,26.80601
5061,83.35381,26.80580
5062,83.35544,26.80714
5063,83.35519,26.80665
5064,83.35447,26.80698
5065,83.35418,26.80712
5066,83.35475,26.80685
5067,83.35487,26.80706
5068,83.35531,26.80689
5069,83.35442,26.80756
5070,83.35297,26.80753
5071,83.35376,26.80729
5072,83.35443,26.80893
5073,83.35679,26.80890
5074,83.35449,26.81027
5075,83.34835,26.80963
5076,83.34825,26.80412
5077,83.35678,26.80515
5078,83.35575,26.80374
5079,83.35560,26.80407
5080,83.35436,26.80427
5081,83.35456,26.80481
5082,83.35345,26.80438
5083,83.35530,26.80401
5084,83.35479,26.80438
5085,83.35495,26.80391
5086,83.35641,26.80500
5087,83.35652,26.80415
5088,83.35651,26.80380
5089,83.35609,26.80057
5090,83.35601,26.80017
5091,83.35234,26.79817
5092,83.35265,26.79634
5093,83.35312,26.79797
5094,83.35300,26.79724
5095,83.23821,26.74906
5096,83.26080,26.71014
5097,83.26811,26.71031
5098,83.34627,26.73392
5099,83.29393,26.72609
5100,83.29627,26.73383
5101,83.29538,26.73458
5102,83.29565,26.73636
5103,83.26671,26.74403
5104,83.26543,26.74044
5105,83.37640,26.82739
5106,83.37838,26.82538
5107,83.37549,26.82688
5108,83.31627,26.85693
5109,83.28469,26.77143
5110,83.28318,26.77024
5111,83.26428,26.76495
5112,83.25994,26.75806
5113,83.25514,26.75270
5114,83.34573,26.76502
5115,83.34856,26.76434
5116,83.34671,26.76468
5117,83.34670,26.76766
5118,83.34676,26.76786
5119,83.31644,26.75825
5120,83.33092,26.75856
5121,83.33252,26.75847
5122,83.33838,26.75802
5123,83.35348,26.73358
5124,83.35772,26.76455
5125,83.35764,26.77973
5126,83.29059,26.78043
5127,83.26978,26.76803
5128,83.26988,26.76851
5129,83.26604,26.76640
5130,83.29004,26.81222
5131,83.29150,26.81550
5132,83.29138,26.81552
5133,83.28968,26.81234
5134,83.28839,26.77730
5135,83.28855,26.77695
5136,83.28829,26.77650
5137,83.28818,26.77822
5138,83.28774,26.77643
5139,83.27837,26.76892
5140,83.28308,26.76991
5141,83.28321,26.77038
5142,83.27838,26.76904
5143,83.27318,26.76890
5144,83.27318,26.76901
5145,83.26979,26.76809
5146,83.26986,26.76844
5147,83.27014,26.76941
5148,83.26216,26.76176
5149,83.26170,26.76163
5150,83.26222,26.76178
5151,83.26163,26.76161
5152,83.28857,26.77690
5153,83.28837,26.77736
5154,83.31626,26.85824
5155,83.31644,26.85680
5156,83.28991,26.81226
5157,83.28949,26.81156
5158,83.29071,26.78038
5159,83.28478,26.77136
5160,83.28325,26.77014
5161,83.26611,26.76631
5162,83.26441,26.76487
5163,83.25528,26.75262
5164,83.31529,26.86218
5165,83.28824,26.80829
5166,83.28938,26.81161
5167,83.28979,26.81231
5168,83.29201,26.81723
5169,83.31614,26.85838
5170,83.31518,26.86211
5171,83.35340,26.74739
5172,83.35337,26.74819
5173,83.35583,26.74703
5174,83.39863,26.75830
5175,83.39931,26.75869
5176,83.39969,26.75876
5177,83.40018,26.75931
5178,83.40181,26.75777
5179,83.40510,26.75681
5180,83.40521,26.75729
5181,83.40598,26.75718
5182,83.40605,26.75750
5183,83.40588,26.75675
5184,83.40740,26.75872
5185,83.40788,26.75976
5186,83.40639,26.75824
5187,83.40671,26.75889
5188,83.40688,26.75959
5189,83.40585,26.75841
5190,83.40629,26.75926
5191,83.40631,26.75937
5192,83.40164,26.76359
5193,83.40377,26.76208
5194,83.40471,26.76180
5195,83.40504,26.76174
5196,83.40526,26.76168
5197,83.40111,26.75985
5198,83.40049,26.75901
5199,83.40309,26.75780
5200,83.40373,26.75761
5201,83.40503,26.75789
5202,83.40432,26.75844
5203,83.40403,26.75857
5204,83.40455,26.75896
5205,83.40566,26.75724
5206,83.40574,26.75756
5207,83.40436,26.75798
5208,83.40427,26.75708
5209,83.40426,26.75694
5210,83.39882,26.75366
5211,83.40196,26.75301
5212,83.40132,26.75315
5213,83.40142,26.75357
5214,83.40144,26.75377
5215,83.40167,26.75481
5216,83.40230,26.75383
5217,83.40189,26.75392
5218,83.40203,26.75429
5219,83.40216,26.75467
5220,83.40042,26.75333
5221,83.40078,26.75502
5222,83.40067,26.75450
5223,83.40155,26.75428
5224,83.40056,26.75398
5225,83.40158,26.75310
5226,83.40174,26.75350
5227,83.40137,26.75279
5228,83.40132,26.75258
5229,83.40176,26.75253
5230,83.40200,26.75310
5231,83.40228,26.75209
5232,83.40252,26.75274
5233,83.40359,26.75250
5234,83.40300,26.75091
5235,83.40497,26.75033
5236,83.40331,26.75164
5237,83.40278,26.75184
5238,83.40244,26.75190
5239,83.40182,26.75034
5240,83.40188,26.75047
5241,83.40238,26.75030
5242,83.40101,26.74945
5243,83.40122,26.75080
5244,83.40081,26.75091
5245,83.39970,26.75224
5246,83.39976,26.75223
5247,83.40036,26.75334
5248,83.39833,26.75140
5249,83.39925,26.75116
5250,83.40045,26.75121
5251,83.38090,26.74330
5252,83.40817,26.78552
5253,83.40886,26.78445
5254,83.40759,26.78391
5255,83.39173,26.77521
5256,83.39241,26.77498
5257,83.39244,26.77496
5258,83.40096,26.76302
5259,83.40028,26.76196
5260,83.48502,26.74662
5261,83.40474,26.74915
5262,83.40466,26.74668
5263,83.40463,26.74802
5264,83.40575,26.74796
5265,83.41590,26.75889
5266,83.49786,26.74683
5267,83.46295,26.80405
5268,83.39666,26.76249
5269,83.38558,26.72596
5270,83.38568,26.72601
5271,83.39257,26.77607
5272,83.42222,26.66469
5273,83.47554,26.61914
5274,83.46457,26.64586
5275,83.46917,26.67395
5276,83.46971,26.67532
5277,83.47010,26.67650
5278,83.47019,26.67659
5279,83.47375,26.68784
5280,83.47593,26.68976
5281,83.47892,26.69160
5282,83.47987,26.69272
5283,83.48011,26.69300
5284,83.46785,26.67681
5285,83.46771,26.67674
5286,83.46556,26.68177
5287,83.46462,26.68465
5288,83.46192,26.68436
5289,83.46300,26.69058
5290,83.46131,26.69053
5291,83.46170,26.69428
5292,83.46172,26.69462
5293,83.46200,26.69702
5294,83.46166,26.69901
5295,83.46165,26.69915
5296,83.46088,26.70586
5297,83.37463,26.77414
5298,83.37452,26.77515
5299,83.37422,26.77426
5300,83.37412,26.77526
5301,83.37382,26.77438
5302,83.40677,26.75809
5303,83.40658,26.75765
5304,83.40766,26.75749
5305,83.40940,26.75707
5306,83.40863,26.75727
5307,83.40842,26.75657
5308,83.40897,26.75719
5309,83.40865,26.75654
5310,83.40815,26.75664
5311,83.40710,26.75680
5312,83.40744,26.75672
5313,83.40767,26.75749
5314,83.40835,26.75733
5315,83.40794,26.75618
5316,83.40781,26.75666
5317,83.40803,26.75741
5318,83.40825,26.75782
5319,83.40810,26.75739
5320,83.41180,26.75659
5321,83.41136,26.75534
5322,83.40479,26.76894
5323,83.40319,26.76958
5324,83.40527,26.76900
5325,83.40609,26.76876
5326,83.40746,26.76764
5327,83.40760,26.76861
5328,83.40455,26.77113
5329,83.40551,26.76982
5330,83.40462,26.76993
5331,83.40437,26.76910
5332,83.40507,26.76986
5333,83.40437,26.76813
5334,83.40582,26.76518
5335,83.40597,26.76509
5336,83.40588,26.76480
5337,83.40897,26.76487
5338,83.40940,26.76444
5339,83.40969,26.76437
5340,83.40974,26.76444
5341,83.41019,26.76425
5342,83.41035,26.76458
5343,83.41112,26.76653
5344,83.41227,26.76770
5345,83.40949,26.76762
5346,83.40922,26.76782
5347,83.41075,26.76768
5348,83.41026,26.76712
5349,83.40987,26.76738
5350,83.41125,26.76909
5351,83.40763,26.76505
5352,83.40794,26.76441
5353,83.40791,26.76376
5354,83.41055,26.76317
5355,83.41128,26.76293
5356,83.41151,26.76364
5357,83.41176,26.76218
5358,83.41109,26.76234
5359,83.41478,26.76180
5360,83.41848,26.76121
5361,83.41729,26.76139
5362,83.41687,26.75955
5363,83.41618,26.75957
5364,83.41684,26.75861
5365,83.41719,26.76064
5366,83.41466,26.76105
5367,83.41435,26.75992
5368,83.41527,26.75973
5369,83.41124,26.76137
5370,83.41132,26.76167
5371,83.41183,26.76218
5372,83.41069,26.76153
5373,83.41039,26.76190
5374,83.41051,26.76247
5375,83.41030,26.76257
5376,83.41113,26.76432
5377,83.41002,26.76339
5378,83.40926,26.76285
5379,83.41273,26.76368
5380,83.41230,26.76212
5381,83.41227,26.76161
5382,83.41328,26.76201
5383,83.41288,26.76019
5384,83.41561,26.76166
5385,83.41597,26.76407
5386,83.41630,26.76543
5387,83.41612,26.76493
5388,83.41416,26.76535
5389,83.41989,26.76282
5390,83.42249,26.76120
5391,83.42222,26.76245
5392,83.42196,26.76129
5393,83.42146,26.76257
5394,83.42121,26.76144
5395,83.42320,26.76471
5396,83.42309,26.76232
5397,83.43005,26.76026
5398,83.42997,26.75825
5399,83.42802,26.75848
5400,83.42809,26.75906
5401,83.42954,26.75830
5402,83.42958,26.75976
5403,83.42837,26.75994
5404,83.43002,26.75970
5405,83.42844,26.76145
5406,83.42869,26.76293
5407,83.42945,26.75557
5408,83.42770,26.75499
5409,83.42690,26.75585
5410,83.42795,26.75557
5411,83.42857,26.75456
5412,83.42677,26.75463
5413,83.43252,26.75281
5414,83.43368,26.75276
5415,83.43682,26.75249
5416,83.43746,26.75312
5417,83.43670,26.75312
5418,83.43536,26.75312
5419,83.43786,26.75199
5420,83.43792,26.75042
5421,83.43748,26.75221
5422,83.43453,26.75612
5423,83.43217,26.75745
5424,83.43219,26.75667
5425,83.43181,26.75526
5426,83.43177,26.75496
5427,83.40374,26.76187
5428,83.40239,26.76235
5429,83.30681,26.72932
5430,83.30718,26.72940
5431,83.33997,26.69874
5432,83.37052,26.66813
5433,83.37158,26.66785
5434,83.37406,26.66733
5435,83.37379,26.66514
5436,83.37274,26.66549
5437,83.37215,26.66340
5438,83.37182,26.66238
5439,83.37054,26.66007
5440,83.40222,26.65069
5441,83.40801,26.64243
5442,83.47980,26.72607
5443,83.49767,26.72433
5444,83.49012,26.72067
5445,83.47831,26.72184
5446,83.47789,26.72196
5447,83.47607,26.72062
5448,83.48369,26.70707
5449,83.48151,26.70328
5450,83.48170,26.70272
5451,83.47915,26.70388
5452,83.44279,26.70923
5453,83.43258,26.71167
5454,83.43152,26.71207
5455,83.43440,26.71145
5456,83.43806,26.71692
5457,83.43860,26.71751
5458,83.43863,26.71754
5459,83.43925,26.71814
5460,83.43886,26.71617
5461,83.43778,26.71662
5462,83.43600,26.71808
5463,83.43491,26.71871
5464,83.43714,26.71837
5465,83.43680,26.71856
5466,83.43621,26.71751
5467,83.43591,26.72031
5468,83.43466,26.71839
5469,83.43376,26.71693
5470,83.43321,26.71607
5471,83.43386,26.71568
5472,83.43236,26.71647
5473,83.43155,26.71686
5474,83.42930,26.71770
5475,83.41850,26.70024
5476,83.41842,26.69991
5477,83.41808,26.69915
5478,83.41798,26.69892
5479,83.41491,26.69335
5480,83.41410,26.69252
5481,83.43444,26.72295
5482,83.43456,26.72304
5483,83.43530,26.72377
5484,83.43629,26.72022
5485,83.43395,26.72095
5486,83.43215,26.72123
5487,83.43411,26.71749
5488,83.43721,26.71573
5489,83.43885,26.71476
5490,83.43857,26.71468
5491,83.43689,26.71522
5492,83.43551,26.71580
5493,83.43967,26.71639
5494,83.43970,26.71643
5495,83.43971,26.71646
5496,83.44009,26.71691
5497,83.44474,26.71591
5498,83.44512,26.71737
5499,83.44157,26.71441
5500,83.44060,26.71551
5501,83.44053,26.71544
5502,83.43989,26.71458
5503,83.43976,26.71443
5504,83.43967,26.71436
5505,83.43789,26.71080
5506,83.43775,26.71038
5507,83.44532,26.71069
5508,83.43893,26.71280
5509,83.44542,26.71054
5510,83.44668,26.70375
5511,83.44623,26.70114
5512,83.44826,26.69971
5513,83.45689,26.70783
5514,83.45594,26.70709
5515,83.45267,26.70367
5516,83.45267,26.70364
5517,83.44929,26.69755
5518,83.44921,26.69726
5519,83.44951,26.68889
5520,83.45095,26.68425
5521,83.45005,26.68404
5522,83.44976,26.68396
5523,83.43127,26.66750
5524,83.42618,26.66433
5525,83.42783,26.66399
5526,83.42954,26.66388
5527,83.42934,26.66459
5528,83.42982,26.66525
5529,83.43034,26.66639
5530,83.43038,26.66409
5531,83.43516,26.65827
5532,83.43339,26.66855
5533,83.44114,26.66640
5534,83.43580,26.67049
5535,83.43213,26.69918
5536,83.43220,26.69954
5537,83.43426,26.69998
5538,83.43425,26.70030
5539,83.43554,26.70411
5540,83.43614,26.70373
5541,83.44233,26.70261
5542,83.44242,26.70274
5543,83.45250,26.70294
5544,83.45137,26.70344
5545,83.45066,26.70382
5546,83.44908,26.70023
5547,83.45003,26.70265
5548,83.43073,26.71239
5549,83.43315,26.72206
5550,83.42561,26.72447
5551,83.42688,26.72229
5552,83.42762,26.72406
5553,83.42785,26.72469
5554,83.42842,26.72633
5555,83.42896,26.72736
5556,83.43003,26.72851
5557,83.43002,26.72843
5558,83.42989,26.72692
5559,83.43035,26.72612
5560,83.43039,26.72591
5561,83.43095,26.72780
5562,83.42649,26.72860
5563,83.42201,26.70762
5564,83.42497,26.72881
5565,83.42496,26.72888
5566,83.42179,26.73295
5567,83.41953,26.73727
5568,83.41806,26.74125
5569,83.41988,26.74312
5570,83.41544,26.74438
5571,83.41640,26.74336
5572,83.41759,26.74451
5573,83.41703,26.73824
5574,83.41705,26.73838
5575,83.42150,26.73629
5576,83.41993,26.73605
5577,83.42045,26.73675
5578,83.42098,26.73793
5579,83.42190,26.73995
5580,83.42202,26.73274
5581,83.42348,26.73451
5582,83.42441,26.73598
5583,83.42506,26.73662
5584,83.42592,26.73723
5585,83.42482,26.72926
5586,83.42661,26.73177
5587,83.42760,26.73143
5588,83.42267,26.73351
5589,83.42425,26.73240
5590,83.42361,26.73172
5591,83.42652,26.73162
5592,83.42543,26.73207
5593,83.42592,26.73264
5594,83.42552,26.73295
5595,83.42587,26.73189
5596,83.42628,26.73244
5597,83.42675,26.73246
5598,83.42764,26.73212
5599,83.42701,26.73297
5600,83.42683,26.73263
5601,83.42509,26.73377
5602,83.42453,26.73331
5603,83.42437,26.73415
5604,83.42464,26.73465
5605,83.42314,26.73408
5606,83.42160,26.73491
5607,83.42239,26.73577
5608,83.42197,26.73467
5609,83.42331,26.73636
5610,83.42417,26.73567
5611,83.42149,26.73416
5612,83.42212,26.73262
5613,83.42178,26.73000
5614,83.42131,26.73057
5615,83.41982,26.73215
5616,83.42112,26.73354
5617,83.42665,26.72477
5618,83.42777,26.72451
5619,83.42865,26.72429
5620,83.42878,26.72479
5621,83.42745,26.72459
5622,83.42803,26.72648
5623,83.42709,26.72684
5624,83.42745,26.72759
5625,83.42861,26.72669
5626,83.42727,26.72721
5627,83.42662,26.72745
5628,83.42706,26.72828
5629,83.42647,26.72716
5630,83.42576,26.72749
5631,83.42757,26.72663
5632,83.42745,26.72631
5633,83.42648,26.72654
5634,83.42725,26.72567
5635,83.42814,26.72442
5636,83.42614,26.72397
5637,83.42747,26.72365
5638,83.42774,26.72226
5639,83.42736,26.72333
5640,83.42811,26.72307
5641,83.42725,26.72309
5642,83.42758,26.72298
5643,83.42770,26.72321
5644,83.42630,26.72393
5645,83.42667,26.72385
5646,83.42794,26.72266
5647,83.42947,26.72207
5648,83.42989,26.72220
5649,83.42956,26.72231
5650,83.42994,26.72328
5651,83.43015,26.72378
5652,83.42960,26.72397
5653,83.43310,26.72278
5654,83.43360,26.72238
5655,83.43265,26.72167
5656,83.42972,26.72273
5657,83.43135,26.72040
5658,83.42952,26.72119
5659,83.42871,26.71971
5660,83.42828,26.71984
5661,83.42762,26.71867
5662,83.42532,26.71839
5663,83.42856,26.71694
5664,83.42210,26.71051
5665,83.42063,26.71376
5666,83.41685,26.71652
5667,83.41679,26.71382
5668,83.42062,26.71367
5669,83.41428,26.70710
5670,83.41423,26.70714
5671,83.41423,26.70710
5672,83.41377,26.70667
5673,83.43063,26.70054
5674,83.42453,26.70353
5675,83.42051,26.70496
5676,83.42728,26.70935
5677,83.42360,26.71009
5678,83.43222,26.71510
5679,83.43571,26.71339
5680,83.43046,26.72110
5681,83.43097,26.72233
5682,83.43051,26.72248
5683,83.43050,26.73281
5684,83.43010,26.73322
5685,83.43175,26.73418
5686,83.43393,26.73671
5687,83.43071,26.74111
5688,83.43022,26.74286
5689,83.42974,26.74177
5690,83.42821,26.73922
5691,83.42734,26.73998
5692,83.42834,26.73943
5693,83.43006,26.74156
5694,83.42911,26.73915
5695,83.43042,26.74131
5696,83.42952,26.73903
5697,83.43569,26.74067
5698,83.43434,26.73860
5699,83.43535,26.74013
5700,83.43331,26.74141
5701,83.43311,26.73949
5702,83.43407,26.74091
5703,83.43446,26.74152
5704,83.43403,26.74187
5705,83.43357,26.74123
5706,83.43255,26.73986
5707,83.42949,26.73874
5708,83.42909,26.73805
5709,83.42947,26.73757
5710,83.42789,26.73868
5711,83.42913,26.73812
5712,83.42908,26.73889
5713,83.42873,26.73830
5714,83.42764,26.73646
5715,83.42766,26.73614
5716,83.42802,26.73603
5717,83.42735,26.73630
5718,83.42702,26.73395
5719,83.42583,26.73327
5720,83.42509,26.73246
5721,83.42919,26.72913
5722,83.42906,26.72858
5723,83.43007,26.72902
5724,83.42244,26.72923
5725,83.43014,26.73019
5726,83.42852,26.72758
5727,83.42993,26.72739
5728,83.42595,26.73073
5729,83.42621,26.72957
5730,83.42847,26.73030
5731,83.42710,26.73065
5732,83.42619,26.73111
5733,83.41851,26.73924
5734,83.41684,26.74152
5735,83.41671,26.74179
5736,83.41806,26.74124
5737,83.41738,26.74077
5738,83.41675,26.74044
5739,83.41806,26.73857
5740,83.41778,26.73813
5741,83.41744,26.73916
5742,83.41837,26.73939
5743,83.41780,26.73925
5744,83.41715,26.74009
5745,83.46921,26.79601
5746,83.46826,26.79695
5747,83.46510,26.80004
5748,83.46630,26.80439
5749,83.46643,26.80318
5750,83.47048,26.80219
5751,83.47348,26.80165
5752,83.42837,26.76548
5753,83.42775,26.76157
5754,83.46983,26.75732
5755,83.45294,26.75632
5756,83.45105,26.75728
5757,83.45091,26.75713
5758,83.44262,26.76585
5759,83.44080,26.79524
5760,83.44325,26.77144
5761,83.44594,26.77987
5762,83.44627,26.77703
5763,83.44271,26.77617
5764,83.44130,26.77602
5765,83.44259,26.77711
5766,83.42185,26.76251
5767,83.42162,26.76136
5768,83.42067,26.76270
5769,83.42037,26.76160
5770,83.42824,26.76448
5771,83.42570,26.76374
5772,83.42533,26.76379
5773,83.42431,26.76491
5774,83.42390,26.76219
5775,83.42419,26.76397
5776,83.43496,26.75455
5777,83.43494,26.75233
5778,83.43501,26.75206
5779,83.43481,26.75193
5780,83.44161,26.75622
5781,83.44261,26.75618
5782,83.44510,26.75637
5783,83.44486,26.75602
5784,83.44397,26.75607
5785,83.44340,26.75613
5786,83.43734,26.75052
5787,83.43763,26.75029
5788,83.43736,26.75133
5789,83.43563,26.75079
5790,83.43734,26.75084
5791,83.43620,26.75118
5792,83.43618,26.75082
5793,83.43434,26.75029
5794,83.43422,26.74921
5795,83.43760,26.72047
5796,83.43866,26.72285
5797,83.44014,26.72368
5798,83.43806,26.72417
5799,83.43870,26.72355
5800,83.43924,26.72338
5801,83.43751,26.72312
5802,83.43924,26.72629
5803,83.43673,26.72551
5804,83.43853,26.72497
5805,83.43872,26.72534
5806,83.43969,26.72605
5807,83.43810,26.72690
5808,83.44903,26.71408
5809,83.45183,26.71345
5810,83.44892,26.71393
5811,83.44961,26.71435
5812,83.45016,26.71506
5813,83.45090,26.71458
5814,83.44898,26.71580
5815,83.44802,26.71458
5816,83.44621,26.71483
5817,83.44737,26.71665
5818,83.45121,26.71082
5819,83.45250,26.71346
5820,83.45241,26.71330
5821,83.45293,26.70454
5822,83.45552,26.70323
5823,83.45144,26.70048
5824,83.45607,26.70030
5825,83.45630,26.70031
5826,83.46140,26.70097
5827,83.46123,26.68968
5828,83.46104,26.68402
5829,83.46443,26.69068
5830,83.46453,26.69111
5831,83.46538,26.69128
5832,83.46551,26.69132
5833,83.47030,26.69304
5834,83.47458,26.69409
5835,83.47507,26.69617
5836,83.47485,26.69650
5837,83.47387,26.68803
5838,83.47313,26.68964
5839,83.47096,26.68961
5840,83.47082,26.68792
5841,83.46700,26.68781
5842,83.46516,26.68759
5843,83.46455,26.68747
5844,83.46711,26.68781
5845,83.46879,26.68773
5846,83.46809,26.69230
5847,83.46455,26.68861
5848,83.46654,26.68871
5849,83.47102,26.68600
5850,83.46463,26.68560
5851,83.46640,26.68581
5852,83.46992,26.67811
5853,83.47001,26.67821
5854,83.47110,26.67940
5855,83.47230,26.67342
5856,83.47242,26.67342
5857,83.47871,26.67162
5858,83.48161,26.67902
5859,83.47189,26.68171
5860,83.48293,26.67019
5861,83.47982,26.66444
5862,83.47536,26.66692
5863,83.47526,26.66699
5864,83.46759,26.67038
5865,83.46326,26.67388
5866,83.45786,26.66900
5867,83.45723,26.66655
5868,83.45144,26.63768
5869,83.44257,26.67797
5870,83.44470,26.67737
5871,83.44543,26.67703
5872,83.44558,26.67695
5873,83.44608,26.67668
5874,83.44626,26.67660
5875,83.44766,26.67614
5876,83.44781,26.67611
5877,83.45119,26.67533
5878,83.45153,26.67528
5879,83.46844,26.67230
5880,83.46274,26.67318
5881,83.46019,26.67881
5882,83.46740,26.67755
5883,83.47156,26.65996
5884,83.47576,26.66029
5885,83.47581,26.66028
5886,83.47882,26.66061
5887,83.47978,26.66042
5888,83.48675,26.65903
5889,83.39270,26.69330
5890,83.41614,26.66553
5891,83.41458,26.66331
5892,83.40548,26.66917
5893,83.40502,26.66914
5894,83.40313,26.66427
5895,83.41397,26.69173
5896,83.39424,26.69175
5897,83.40903,26.68184
5898,83.40740,26.67940
5899,83.40101,26.71127
5900,83.39803,26.71187
5901,83.38919,26.69986
5902,83.39600,26.71733
5903,83.39596,26.71729
5904,83.38619,26.72518
5905,83.38154,26.72858
5906,83.38212,26.72901
5907,83.38110,26.72873
5908,83.38091,26.73035
5909,83.37748,26.73361
5910,83.37654,26.73452
5911,83.37554,26.73518
5912,83.39580,26.70398
5913,83.39801,26.70312
5914,83.39823,26.70293
5915,83.39731,26.69798
5916,83.39230,26.69636
5917,83.39245,26.70178
5918,83.39551,26.70049
5919,83.39584,26.70038
5920,83.39888,26.69952
5921,83.41715,26.69727
5922,83.41336,26.69859
5923,83.40986,26.69558
5924,83.39948,26.70064
5925,83.41701,26.69707
5926,83.43308,26.68528
5927,83.41711,26.69247
5928,83.42796,26.68655
5929,83.42867,26.69084
5930,83.42837,26.69410
5931,83.42500,26.67822
5932,83.42480,26.67815
5933,83.41738,26.67476
5934,83.41556,26.67596
5935,83.41232,26.67418
5936,83.41437,26.67675
5937,83.41358,26.67776
5938,83.41899,26.69048
5939,83.41913,26.69133
5940,83.39530,26.66479
5941,83.39200,26.66994
5942,83.39599,26.66882
5943,83.39715,26.67416
5944,83.39738,26.67605
5945,83.39692,26.67867
5946,83.39100,26.67690
5947,83.39454,26.67498
5948,83.39097,26.67502
5949,83.39046,26.66857
5950,83.39633,26.66995
5951,83.40358,26.66837
5952,83.40990,26.67360
5953,83.40969,26.67369
5954,83.39780,26.67754
5955,83.40665,26.67186
5956,83.40292,26.67270
5957,83.40405,26.67369
5958,83.40487,26.66906
5959,83.40975,26.67367
5960,83.39635,26.68845
5961,83.39598,26.68694
5962,83.39150,26.68103
5963,83.39491,26.68015
5964,83.41773,26.71763
5965,83.41769,26.71647
5966,83.41720,26.71764
5967,83.41719,26.71648
5968,83.41964,26.72298
5969,83.41945,26.72163
5970,83.42161,26.72238
5971,83.42382,26.72093
5972,83.42358,26.72099
5973,83.40083,26.69278
5974,83.40958,26.69562
5975,83.43225,26.70948
5976,83.43290,26.70922
5977,83.43177,26.70969
5978,83.43030,26.71025
5979,83.42962,26.70924
5980,83.42883,26.70952
5981,83.42900,26.70879
5982,83.42893,26.71605
5983,83.42964,26.71730
5984,83.42826,26.71643
5985,83.42664,26.71456
5986,83.42908,26.71330
5987,83.42581,26.72294
5988,83.42217,26.72310
5989,83.41726,26.73018
5990,83.41729,26.73023
5991,83.41822,26.73167
5992,83.42044,26.73411
5993,83.41865,26.73125
5994,83.41859,26.73108
5995,83.41835,26.73069
5996,83.42042,26.73096
5997,83.42009,26.73022
5998,83.41919,26.73056
5999,83.41931,26.73052
6000,83.42052,26.73007
6001,83.42086,26.73080
6002,83.42510,26.72765
6003,83.42265,26.72843
6004,83.42194,26.72894
6005,83.42406,26.72794
6006,83.42454,26.72644
6007,83.42368,26.72807
6008,83.42443,26.72551
6009,83.42477,26.72534
6010,83.42547,26.72528
6011,83.42451,26.72576
6012,83.42436,26.72511
6013,83.42361,26.72528
6014,83.42374,26.72474
6015,83.42379,26.72707
6016,83.42341,26.72717
6017,83.42246,26.72737
6018,83.42327,26.72672
6019,83.42111,26.72733
6020,83.42080,26.72637
6021,83.42054,26.72579
6022,83.42019,26.72511
6023,83.42275,26.71920
6024,83.42372,26.72055
6025,83.42410,26.72193
6026,83.42427,26.72192
6027,83.42396,26.72199
6028,83.42462,26.72184
6029,83.42494,26.72123
6030,83.42504,26.72173
6031,83.42422,26.72039
6032,83.42374,26.72061
6033,83.42424,26.72045
6034,83.42395,26.71962
6035,83.42419,26.71954
6036,83.42551,26.71898
6037,83.42386,26.71937
6038,83.42290,26.71963
6039,83.42182,26.71985
6040,83.42155,26.71993
6041,83.42120,26.71825
6042,83.42455,26.71663
6043,83.42362,26.71628
6044,83.42432,26.71603
6045,83.42397,26.71690
6046,83.42310,26.71771
6047,83.42301,26.71736
6048,83.42268,26.71675
6049,83.42347,26.71713
6050,83.42364,26.71752
6051,83.41997,26.71809
6052,83.41938,26.71817
6053,83.41932,26.71813
6054,83.41843,26.71835
6055,83.41730,26.71828
6056,83.41818,26.71751
6057,83.41818,26.71646
6058,83.41774,26.71372
6059,83.41774,26.71381
6060,83.41778,26.71495
6061,83.41863,26.71495
6062,83.41861,26.71379
6063,83.41861,26.71371
6064,83.41776,26.71426
6065,83.41740,26.71598
6066,83.41782,26.71600
6067,83.41781,26.71647
6068,83.41739,26.71533
6069,83.41823,26.71495
6070,83.41862,26.71417
6071,83.41903,26.71370
6072,83.41903,26.71379
6073,83.41906,26.71532
6074,83.41907,26.71645
6075,83.41866,26.71646
6076,83.41865,26.71603
6077,83.41864,26.71530
6078,83.41906,26.71604
6079,83.42020,26.71602
6080,83.42019,26.71529
6081,83.42016,26.71377
6082,83.42017,26.71368
6083,83.41949,26.71604
6084,83.41986,26.71603
6085,83.41986,26.71529
6086,83.42065,26.71527
6087,83.42018,26.71494
6088,83.41987,26.71494
6089,83.42017,26.71413
6090,83.41903,26.71416
6091,83.41944,26.71492
6092,83.41904,26.71494
6093,83.42063,26.71404
6094,83.42173,26.71402
6095,83.42176,26.71503
6096,83.42064,26.71504
6097,83.42198,26.71526
6098,83.42066,26.71578
6099,83.42065,26.71553
6100,83.42237,26.71550
6101,83.42119,26.71527
6102,83.42119,26.71552
6103,83.42191,26.71551
6104,83.42191,26.71526
6105,83.42103,26.71648
6106,83.42102,26.71577
6107,83.42139,26.71576
6108,83.42138,26.71600
6109,83.42166,26.71576
6110,83.42021,26.71643
6111,83.41738,26.71494
6112,83.41986,26.71509
6113,83.42064,26.71479
6114,83.42175,26.71476
6115,83.42063,26.71429
6116,83.42174,26.71427
6117,83.42096,26.71478
6118,83.42096,26.71428
6119,83.42096,26.71453
6120,83.42175,26.71452
6121,83.42346,26.72060
6122,83.42239,26.71979
6123,83.42306,26.72007
6124,83.42401,26.71979
6125,83.42351,26.71993
6126,83.42775,26.71721
6127,83.42862,26.71853
6128,83.42779,26.71792
6129,83.42751,26.71735
6130,83.42839,26.71815
6131,83.42920,26.71762
6132,83.42575,26.71956
6133,83.42788,26.71999
6134,83.42702,26.71911
6135,83.42628,26.71803
6136,83.43296,26.72497
6137,83.43222,26.72311
6138,83.43224,26.72448
6139,83.43141,26.72337
6140,83.43183,26.72346
6141,83.43148,26.72357
6142,83.43159,26.72388
6143,83.43065,26.72362
6144,83.43118,26.72401
6145,83.43097,26.72351
6146,83.43175,26.72326
6147,83.43156,26.72277
6148,83.43212,26.72195
6149,83.43109,26.72160
6150,83.43136,26.72220
6151,83.43104,26.72148
6152,83.43080,26.71964
6153,83.43056,26.71691
6154,83.43205,26.71819
6155,83.43392,26.71717
6156,83.43964,26.71761
6157,83.44258,26.72423
6158,83.44157,26.72442
6159,83.44095,26.72230
6160,83.44207,26.72201
6161,83.44039,26.72148
6162,83.44147,26.72024
6163,83.44072,26.72059
6164,83.44003,26.71944
6165,83.44074,26.71907
6166,83.44040,26.72006
6167,83.43963,26.71967
6168,83.43995,26.72020
6169,83.44020,26.72106
6170,83.43945,26.72140
6171,83.43814,26.72147
6172,83.44542,26.71580
6173,83.44525,26.71548
6174,83.44619,26.71701
6175,83.44595,26.71720
6176,83.44516,26.71592
6177,83.44528,26.71012
6178,83.44613,26.70947
6179,83.45455,26.70903
6180,83.45426,26.70789
6181,83.45491,26.70762
6182,83.45442,26.70847
6183,83.45401,26.70851
6184,83.45353,26.70792
6185,83.45414,26.70747
6186,83.45445,26.70777
6187,83.45478,26.70822
6188,83.44497,26.70698
6189,83.44337,26.70397
6190,83.44071,26.70483
6191,83.44290,26.70412
6192,83.44647,26.70283
6193,83.44467,26.70355
6194,83.43299,26.69244
6195,83.43793,26.69211
6196,83.43547,26.69231
6197,83.43277,26.68590
6198,83.43509,26.68980
6199,83.43289,26.69022
6200,83.43519,26.68990
6201,83.43602,26.68987
6202,83.46112,26.68685
6203,83.45318,26.68747
6204,83.44994,26.68734
6205,83.45621,26.68418
6206,83.45634,26.68492
6207,83.45608,26.68506
6208,83.45611,26.68538
6209,83.45591,26.68706
6210,83.45968,26.68377
6211,83.45953,26.68033
6212,83.45972,26.67511
6213,83.44522,26.68186
6214,83.45158,26.68063
6215,83.45198,26.68081
6216,83.46362,26.67821
6217,83.46620,26.68022
6218,83.46388,26.67943
6219,83.46187,26.67987
6220,83.46180,26.67944
6221,83.46209,26.68199
6222,83.46227,26.68340
6223,83.45824,26.68395
6224,83.45575,26.68198
6225,83.45397,26.68216
6226,83.42841,26.73458
6227,83.43133,26.72793
6228,83.43267,26.72758
6229,83.43340,26.72501
6230,83.43301,26.72560
6231,83.43206,26.72688
6232,83.42412,26.73559
6233,83.42464,26.73517
6234,83.42530,26.73458
6235,83.48643,26.76130
6236,83.48214,26.76433
6237,83.47928,26.76620
6238,83.46098,26.82605
6239,83.44755,26.82874
6240,83.44767,26.82873
6241,83.42672,26.83334
6242,83.42431,26.83443
6243,83.42183,26.83534
6244,83.41572,26.83802
6245,83.41253,26.84812
6246,83.41220,26.85741
6247,83.41413,26.85978
6248,83.50682,26.81683
6249,83.38716,26.73058
6250,83.38792,26.73123
6251,83.38791,26.73129
6252,83.38671,26.73232
6253,83.38609,26.73125
6254,83.38711,26.73302
6255,83.38833,26.73290
6256,83.38594,26.73315
6257,83.38967,26.72634
6258,83.39076,26.72744
6259,83.39121,26.72756
6260,83.39030,26.72739
6261,83.39017,26.72627
6262,83.38711,26.73055
6263,83.38763,26.73021
6264,83.38774,26.72921
6265,83.38793,26.73050
6266,83.38787,26.73078
6267,83.38761,26.73097
6268,83.38656,26.73154
6269,83.38737,26.73077
6270,83.38633,26.73136
6271,83.38496,26.73180
6272,83.38562,26.73276
6273,83.38556,26.73280
6274,83.38689,26.73263
6275,83.38799,26.73252
6276,83.38722,26.73260
6277,83.38745,26.73299
6278,83.38752,26.73339
6279,83.38752,26.73405
6280,83.38807,26.73400
6281,83.38825,26.73424
6282,83.38789,26.73335
6283,83.38829,26.73331
6284,83.38608,26.73355
6285,83.38647,26.73350
6286,83.38667,26.73410
6287,83.38655,26.73374
6288,83.38713,26.73372
6289,83.38714,26.73407
6290,83.38713,26.73343
6291,83.38545,26.73236
6292,83.38665,26.73222
6293,83.38615,26.73228
6294,83.38566,26.73144
6295,83.38532,26.73221
6296,83.38594,26.73192
6297,83.38620,26.73735
6298,83.38652,26.73625
6299,83.38770,26.73466
6300,83.38719,26.73453
6301,83.38832,26.73454
6302,83.38732,26.73428
6303,83.38605,26.73589
6304,83.38595,26.73629
6305,83.38638,26.73666
6306,83.38395,26.73677
6307,83.38395,26.73692
6308,83.38454,26.73611
6309,83.38602,26.73601
6310,83.38461,26.73631
6311,83.38484,26.73651
6312,83.38511,26.73780
6313,83.38525,26.73838
6314,83.38520,26.73644
6315,83.38506,26.73736
6316,83.38658,26.73610
6317,83.38970,26.73572
6318,83.39033,26.73552
6319,83.39244,26.72930
6320,83.40347,26.72261
6321,83.38760,26.73669
6322,83.38866,26.73613
6323,83.38782,26.73671
6324,83.38801,26.73613
6325,83.38809,26.73566
6326,83.38691,26.73564
6327,83.38745,26.73666
6328,83.38759,26.73612
6329,83.38700,26.73612
6330,83.38671,26.73730
6331,83.38746,26.73706
6332,83.38681,26.73691
6333,83.38573,26.73633
6334,83.38636,26.73676
6335,83.38455,26.74004
6336,83.38527,26.73939
6337,83.38662,26.74062
6338,83.38712,26.74047
6339,83.38659,26.74049
6340,83.38675,26.74135
6341,83.38705,26.74132
6342,83.38710,26.74189
6343,83.38703,26.74118
6344,83.38613,26.74070
6345,83.38400,26.74156
6346,83.38448,26.74255
6347,83.38571,26.74127
6348,83.38585,26.74153
6349,83.38618,26.74141
6350,83.38427,26.74278
6351,83.38444,26.74262
6352,83.38536,26.74099
6353,83.38515,26.74050
6354,83.38574,26.74082
6355,83.38557,26.74050
6356,83.38594,26.74046
6357,83.38561,26.73983
6358,83.38093,26.73829
6359,83.38060,26.73678
6360,83.38027,26.73684
6361,83.38125,26.73661
6362,83.38151,26.73726
6363,83.38236,26.73676
6364,83.38286,26.73603
6365,83.38297,26.73627
6366,83.38326,26.73461
6367,83.38690,26.73224
6368,83.38729,26.73253
6369,83.38658,26.73190
6370,83.38730,26.73125
6371,83.38765,26.73154
6372,83.38799,26.73183
6373,83.38769,26.73211
6374,83.38735,26.73182
6375,83.38700,26.73152
6376,83.38733,26.73250
6377,83.38825,26.73160
6378,83.38768,26.73022
6379,83.38802,26.72923
6380,83.38244,26.72993
6381,83.38258,26.73005
6382,83.38360,26.73099
6383,83.38178,26.73051
6384,83.38192,26.73063
6385,83.38375,26.73232
6386,83.38129,26.73094
6387,83.38143,26.73106
6388,83.38259,26.73122
6389,83.38291,26.73090
6390,83.38102,26.73045
6391,83.38209,26.72950
6392,83.38365,26.72883
6393,83.39182,26.72630
6394,83.39146,26.72628
6395,83.39139,26.72683
6396,83.39121,26.72764
6397,83.39120,26.72760
6398,83.39245,26.72635
6399,83.39199,26.72843
6400,83.38470,26.74529
6401,83.38484,26.74438
6402,83.38538,26.74456
6403,83.38537,26.74448
6404,83.38503,26.74444
6405,83.38738,26.74489
6406,83.38938,26.74580
6407,83.39439,26.74757
6408,83.39506,26.74768
6409,83.39754,26.74980
6410,83.39776,26.74964
6411,83.39742,26.74911
6412,83.39695,26.74781
6413,83.39639,26.74826
6414,83.39698,26.74826
6415,83.39775,26.74850
6416,83.39897,26.74885
6417,83.40160,26.74836
6418,83.40150,26.74879
6419,83.40168,26.74855
6420,83.40155,26.74815
6421,83.40151,26.74800
6422,83.40064,26.74764
6423,83.40142,26.74782
6424,83.40222,26.74756
6425,83.40270,26.74853
6426,83.40330,26.74812
6427,83.40337,26.74836
6428,83.40551,26.74797
6429,83.40548,26.74761
6430,83.41202,26.74805
6431,83.41333,26.74710
6432,83.41487,26.74505
6433,83.41508,26.74486
6434,83.41639,26.74523
6435,83.41682,26.74694
6436,83.41697,26.74774
6437,83.42781,26.74737
6438,83.42871,26.74737
6439,83.42939,26.74734
6440,83.42794,26.74601
6441,83.42661,26.74333
6442,83.42726,26.74636
6443,83.42620,26.74340
6444,83.42522,26.74244
6445,83.25003,26.67755
6446,83.25928,26.66671
6447,83.25906,26.69170
6448,83.26171,26.69027
6449,83.26912,26.68621
6450,83.27028,26.68481
6451,83.26821,26.68670
6452,83.26744,26.68514
6453,83.25729,26.68484
6454,83.34683,26.77780
6455,83.35083,26.77624
6456,83.35085,26.77557
6457,83.35133,26.77555
6458,83.35149,26.77587
6459,83.35092,26.77483
6460,83.35085,26.77419
6461,83.29068,26.71774
6462,83.28760,26.71877
6463,83.29251,26.71497
6464,83.29545,26.71583
6465,83.29277,26.71473
6466,83.29260,26.71334
6467,83.29238,26.71330
6468,83.28976,26.71788
6469,83.29312,26.69771
6470,83.29307,26.69864
6471,83.28246,26.66180
6472,83.28303,26.66254
6473,83.27569,26.65604
6474,83.29324,26.69861
6475,83.29328,26.69773
6476,83.28312,26.66242
6477,83.28259,26.66172
6478,83.27583,26.65595
6479,83.42831,26.71453
6480,83.42836,26.71459
6481,83.42719,26.71530
6482,83.42832,26.71525
6483,83.42800,26.71482
6484,83.42809,26.71562
6485,83.42769,26.71586
6486,83.43195,26.71764
6487,83.43596,26.71496
6488,83.43571,26.71507
6489,83.43597,26.71560
6490,83.44835,26.71691
6491,83.44784,26.71602
6492,83.44717,26.71628
6493,83.44748,26.71242
6494,83.43584,26.71355
6495,83.43691,26.71309
6496,83.43791,26.71484
6497,83.43641,26.71231
6498,83.43377,26.71151
6499,83.43415,26.71225
6500,83.43447,26.71283
6501,83.43463,26.71279
6502,83.43335,26.71327
6503,83.43290,26.71272
6504,83.43268,26.71247
6505,83.43324,26.71257
6506,83.43406,26.71215
6507,83.43119,26.71323
6508,83.42879,26.71105
6509,83.42419,26.71571
6510,83.42680,26.71478
6511,83.42292,26.72682
6512,83.42255,26.72557
6513,83.42317,26.72539
6514,83.42225,26.72604
6515,83.42254,26.72692
6516,83.42126,26.72612
6517,83.42164,26.72718
6518,83.42177,26.73118
6519,83.42164,26.73018
6520,83.42217,26.73094
6521,83.42236,26.73120
6522,83.42317,26.73315
6523,83.42115,26.73524
6524,83.42770,26.73835
6525,83.42524,26.73968
6526,83.42620,26.73917
6527,83.42931,26.74508
6528,83.42858,26.74447
6529,83.42767,26.74480
6530,83.42683,26.74376
6531,83.42830,26.74180
6532,83.42741,26.74187
6533,83.42872,26.74301
6534,83.42710,26.74364
6535,83.42820,26.74583
6536,83.43185,26.74032
6537,83.43353,26.74217
6538,83.43242,26.74197
6539,83.43202,26.74132
6540,83.43137,26.74065
6541,83.43161,26.74325
6542,83.43013,26.74152
6543,83.43116,26.73816
6544,83.43133,26.73977
6545,83.43073,26.73831
6546,83.43240,26.73885
6547,83.43181,26.73830
6548,83.43164,26.73799
6549,83.43241,26.73797
6550,83.43082,26.73951
6551,83.43018,26.73970
6552,83.43067,26.73929
6553,83.43030,26.73846
6554,83.43369,26.73907
6555,83.43469,26.74056
6556,83.43509,26.74118
6557,83.43611,26.74053
6558,83.43570,26.73990
6559,83.43468,26.73838
6560,83.43325,26.73669
6561,83.43355,26.73685
6562,83.43322,26.73601
6563,83.32572,26.67884
6564,83.32692,26.67796
6565,83.32682,26.67715
6566,83.33708,26.63300
6567,83.32556,26.66092
6568,83.36952,26.66165
6569,83.37117,26.66130
6570,83.36434,26.66156
6571,83.36576,26.66123
6572,83.36701,26.66076
6573,83.36897,26.66031
6574,83.35648,26.66490
6575,83.35393,26.66098
6576,83.35326,26.65972
6577,83.36536,26.65791
6578,83.36574,26.65793
6579,83.37775,26.75960
6580,83.43420,26.75028
6581,83.43420,26.75105
6582,83.36479,26.77146
6583,83.36455,26.77222
6584,83.36415,26.77346
6585,83.36356,26.77361
6586,83.36455,26.77350
6587,83.36439,26.77305
6588,83.36551,26.77289
6589,83.36577,26.77373
6590,83.36480,26.77341
6591,83.36499,26.77395
6592,83.36910,26.77213
6593,83.36895,26.77265
6594,83.36883,26.77224
6595,83.36892,26.77267
6596,83.36908,26.77327
6597,83.36896,26.77398
6598,83.36912,26.77447
6599,83.36857,26.77404
6600,83.36792,26.77383
6601,83.36734,26.77430
6602,83.36542,26.77383
6603,83.36640,26.77393
6604,83.36673,26.77326
6605,83.36695,26.77378
6606,83.36678,26.77382
6607,83.36717,26.77468
6608,83.36669,26.77504
6609,83.36690,26.77584
6610,83.36714,26.77541
6611,83.36722,26.77466
6612,83.36655,26.77470
6613,83.36618,26.77482
6614,83.36669,26.77435
6615,83.36609,26.77455
6616,83.36690,26.77479
6617,83.36689,26.77478
6618,83.36650,26.77391
6619,83.36641,26.77548
6620,83.36623,26.77500
6621,83.36593,26.77406
6622,83.36553,26.77416
6623,83.36569,26.77460
6624,83.36513,26.77427
6625,83.36534,26.77482
6626,83.36503,26.77522
6627,83.36474,26.77535
6628,83.36406,26.77592
6629,83.36373,26.77532
6630,83.36398,26.77521
6631,83.36321,26.77553
6632,83.36477,26.77585
6633,83.36780,26.77438
6634,83.36800,26.77473
6635,83.36754,26.77451
6636,83.36791,26.77534
6637,83.36783,26.77641
6638,83.36935,26.77441
6639,83.36880,26.77607
6640,83.36851,26.77696
6641,83.36568,26.77749
6642,83.36749,26.77719
6643,83.36731,26.77773
6644,83.36714,26.78134
6645,83.36329,26.77731
6646,83.36348,26.77775
6647,83.36361,26.77776
6648,83.36382,26.77820
6649,83.36610,26.77662
6650,83.36693,26.77634
6651,83.36655,26.77834
6652,83.36528,26.77767
6653,83.36561,26.77775
6654,83.36634,26.77755
6655,83.36269,26.77754
6656,83.36313,26.77837
6657,83.36685,26.77822
6658,83.36596,26.77851
6659,83.36508,26.77850
6660,83.36400,26.77813
6661,83.36426,26.77865
6662,83.36368,26.77825
6663,83.36387,26.77874
6664,83.36349,26.77831
6665,83.36366,26.77884
6666,83.36617,26.78019
6667,83.36613,26.77957
6668,83.36591,26.77963
6669,83.36633,26.77952
6670,83.36664,26.77912
6671,83.36708,26.77965
6672,83.36736,26.78022
6673,83.36655,26.78010
6674,83.36729,26.77992
6675,83.36656,26.77890
6676,83.36683,26.77971
6677,83.36632,26.77983
6678,83.36714,26.77873
6679,83.36728,26.77916
6680,83.36694,26.77878
6681,83.36751,26.77923
6682,83.36777,26.77901
6683,83.36435,26.78044
6684,83.36424,26.78023
6685,83.36333,26.77999
6686,83.36491,26.78031
6687,83.36463,26.77990
6688,83.36334,26.78110
6689,83.36644,26.78065
6690,83.36433,26.78073
6691,83.36550,26.78321
6692,83.38293,26.72865
6693,83.38229,26.72918
6694,83.38038,26.73149
6695,83.37927,26.73214
6696,83.38034,26.73144
6697,83.37934,26.73231
6698,83.37053,26.78074
6699,83.37139,26.78028
6700,83.36922,26.78186
6701,83.36977,26.78167
6702,83.37106,26.78098
6703,83.37123,26.78166
6704,83.36998,26.78203
6705,83.37037,26.78299
6706,83.37068,26.78182
6707,83.37085,26.78232
6708,83.37100,26.78227
6709,83.37190,26.78205
6710,83.37056,26.78299
6711,83.37207,26.78254
6712,83.37055,26.78343
6713,83.37121,26.78330
6714,83.37222,26.78302
6715,83.36936,26.78290
6716,83.36887,26.78303
6717,83.36904,26.78358
6718,83.36818,26.78335
6719,83.36831,26.78377
6720,83.36797,26.78387
6721,83.36776,26.78447
6722,83.36930,26.78351
6723,83.36988,26.78333
6724,83.36739,26.78245
6725,83.36923,26.78188
6726,83.36765,26.78181
6727,83.36822,26.78071
6728,83.36851,26.78125
6729,83.36805,26.78130
6730,83.36850,26.78009
6731,83.36823,26.78053
6732,83.36978,26.77977
6733,83.36999,26.78017
6734,83.37016,26.77963
6735,83.37175,26.77863
6736,83.37190,26.77902
6737,83.37036,26.77805
6738,83.37058,26.77852
6739,83.37105,26.77742
6740,83.37156,26.77842
6741,83.37153,26.77725
6742,83.37202,26.77818
6743,83.37201,26.77708
6744,83.37283,26.77875
6745,83.36914,26.77683
6746,83.37214,26.77579
6747,83.37174,26.77600
6748,83.37134,26.77586
6749,83.37179,26.77659
6750,83.37126,26.77645
6751,83.37167,26.77720
6752,83.36930,26.77639
6753,83.37013,26.77614
6754,83.37048,26.77537
6755,83.37003,26.77546
6756,83.36996,26.77497
6757,83.37017,26.77587
6758,83.37061,26.77576
6759,83.37091,26.77420
6760,83.37007,26.77451
6761,83.37047,26.76679
6762,83.36752,26.77296
6763,83.36775,26.77351
6764,83.36710,26.77313
6765,83.36733,26.77366
6766,83.36669,26.77157
6767,83.36632,26.77169
6768,83.36622,26.77143
6769,83.36583,26.77319
6770,83.36521,26.77187
6771,83.36491,26.77195
6772,83.36601,26.77184
6773,83.36398,26.77093
6774,83.36409,26.76975
6775,83.36423,26.77016
6776,83.36316,26.76714
6777,83.36488,26.76726
6778,83.36480,26.76691
6779,83.36457,26.76733
6780,83.36450,26.76697
6781,83.36656,26.76712
6782,83.36607,26.76729
6783,83.36601,26.76660
6784,83.36469,26.76594
6785,83.36530,26.76626
6786,83.36489,26.76640
6787,83.36506,26.76682
6788,83.36509,26.76530
6789,83.36594,26.76545
6790,83.35927,26.76456
6791,83.36460,26.76381
6792,83.36503,26.76401
6793,83.36972,26.76560
6794,83.36982,26.76600
6795,83.36991,26.76638
6796,83.37013,26.76436
6797,83.36968,26.76481
6798,83.37086,26.76421
6799,83.36882,26.76544
6800,83.36732,26.76448
6801,83.36746,26.76497
6802,83.36901,26.76704
6803,83.36629,26.76490
6804,83.36784,26.76395
6805,83.36802,26.76359
6806,83.36816,26.76385
6807,83.36827,26.76432
6808,83.36652,26.76397
6809,83.36670,26.76459
6810,83.36588,26.76377
6811,83.37019,26.77094
6812,83.36946,26.77165
6813,83.36926,26.76965
6814,83.36965,26.76953
6815,83.36846,26.76850
6816,83.36890,26.76801
6817,83.36902,26.76843
6818,83.36881,26.76848
6819,83.36913,26.76879
6820,83.36828,26.76880
6821,83.36860,26.76950
6822,83.36856,26.76994
6823,83.36833,26.76961
6824,83.36901,26.76932
6825,83.36927,26.76923
6826,83.36954,26.76916
6827,83.37007,26.76971
6828,83.36996,26.76921
6829,83.37052,26.76912
6830,83.36970,26.76900
6831,83.37049,26.76888
6832,83.36974,26.76870
6833,83.37019,26.76823
6834,83.36969,26.76698
6835,83.37021,26.76685
6836,83.37041,26.76777
6837,83.36939,26.76873
6838,83.36956,26.76867
6839,83.36506,26.74181
6840,83.36534,26.74259
6841,83.36451,26.74235
6842,83.36432,26.74172
6843,83.36388,26.74076
6844,83.36538,26.74066
6845,83.36654,26.74055
6846,83.36639,26.74230
6847,83.36395,26.73786
6848,83.36390,26.73750
6849,83.36457,26.73611
6850,83.36529,26.73598
6851,83.36585,26.73660
6852,83.36592,26.73718
6853,83.36651,26.73715
6854,83.36617,26.73587
6855,83.36605,26.73460
6856,83.36656,26.73509
6857,83.36526,26.73458
6858,83.36438,26.73337
6859,83.36456,26.73385
6860,83.36499,26.73372
6861,83.36484,26.73310
6862,83.36540,26.73330
6863,83.36659,26.73317
6864,83.36777,26.73298
6865,83.36808,26.73266
6866,83.36876,26.73194
6867,83.36820,26.73340
6868,83.36782,26.73364
6869,83.36896,26.73226
6870,83.36766,26.73207
6871,83.36421,26.73190
6872,83.38565,26.74200
6873,83.38515,26.74108
6874,83.38203,26.73415
6875,83.38250,26.73526
6876,83.38023,26.73433
6877,83.38334,26.73733
6878,83.38363,26.73696
6879,83.38385,26.73759
6880,83.38043,26.73743
6881,83.38268,26.73927
6882,83.38241,26.73839
6883,83.38126,26.73976
6884,83.38066,26.74046
6885,83.38465,26.73655
6886,83.38272,26.73662
6887,83.38249,26.73612
6888,83.38711,26.73241
6889,83.38755,26.73199
6890,83.36715,26.76190
6891,83.37031,26.76107
6892,83.36757,26.76021
6893,83.36536,26.75958
6894,83.36472,26.75986
6895,83.36332,26.76022
6896,83.36450,26.75976
6897,83.36900,26.75966
6898,83.36799,26.75985
6899,83.36843,26.76003
6900,83.36743,26.75797
6901,83.36722,26.75909
6902,83.36743,26.75902
6903,83.36582,26.75315
6904,83.36600,26.75378
6905,83.36638,26.75115
6906,83.36394,26.74864
6907,83.36380,26.74927
6908,83.36232,26.74920
6909,83.36402,26.74857
6910,83.36402,26.74830
6911,83.36295,26.74648
6912,83.36300,26.74685
6913,83.36493,26.74589
6914,83.36499,26.73016
6915,83.36513,26.72971
6916,83.36458,26.73264
6917,83.36437,26.73258
6918,83.36636,26.72914
6919,83.36449,26.72868
6920,83.36555,26.72867
6921,83.36559,26.72701
6922,83.36621,26.72675
6923,83.36732,26.72722
6924,83.36674,26.72653
6925,83.36758,26.72627
6926,83.36649,26.72368
6927,83.36510,26.72421
6928,83.36654,26.72353
6929,83.36461,26.72395
6930,83.37008,26.71940
6931,83.36974,26.71759
6932,83.36949,26.71716
6933,83.37130,26.71479
6934,83.37063,26.71503
6935,83.37087,26.71596
6936,83.37238,26.71944
6937,83.37080,26.71996
6938,83.37209,26.71683
6939,83.37216,26.71674
6940,83.37183,26.71610
6941,83.37159,26.71557
6942,83.37082,26.71367
6943,83.37124,26.71263
6944,83.37148,26.71252
6945,83.37013,26.71621
6946,83.36942,26.71470
6947,83.36933,26.71621
6948,83.37206,26.71542
6949,83.37312,26.71504
6950,83.37552,26.72079
6951,83.37618,26.72166
6952,83.37594,26.72104
6953,83.37515,26.72174
6954,83.39373,26.72532
6955,83.39391,26.72560
6956,83.39421,26.72524
6957,83.39456,26.72563
6958,83.39351,26.72577
6959,83.39272,26.72599
6960,83.39316,26.72527
6961,83.39447,26.72461
6962,83.39523,26.72458
6963,83.39124,26.72578
6964,83.39229,26.72542
6965,83.39253,26.72487
6966,83.39161,26.72529
6967,83.39207,26.72468
6968,83.39108,26.72525
6969,83.38930,26.72516
6970,83.38948,26.72591
6971,83.38976,26.72504
6972,83.38977,26.72510
6973,83.39228,26.72728
6974,83.39281,26.72719
6975,83.39245,26.72817
6976,83.39238,26.72776
6977,83.39231,26.72686
6978,83.39226,26.72826
6979,83.39205,26.72685
6980,83.39230,26.72635
6981,83.39136,26.72796
6982,83.39095,26.72679
6983,83.39023,26.72679
6984,83.38707,26.72903
6985,83.38204,26.72954
6986,83.38126,26.73023
6987,83.38154,26.73049
6988,83.38071,26.73070
6989,83.38098,26.73096
6990,83.38218,26.73086
6991,83.38173,26.73130
6992,83.38019,26.73138
6993,83.37840,26.73005
6994,83.37958,26.72950
6995,83.37701,26.73098
6996,83.37716,26.73136
6997,83.37572,26.73241
6998,83.37364,26.73195
6999,83.37281,26.73080
7000,83.36374,26.72029
7001,83.36561,26.71951
7002,83.36419,26.71910
7003,83.36509,26.72150
7004,83.36451,26.72171
7005,83.36485,26.72044
7006,83.36585,26.72015
7007,83.36600,26.72182
7008,83.36687,26.72159
7009,83.36338,26.71993
7010,83.36265,26.72051
7011,83.36183,26.72168
7012,83.36648,26.72472
7013,83.37250,26.75955
7014,83.37207,26.75975
7015,83.37224,26.75888
7016,83.37278,26.75979
7017,83.37145,26.75819
7018,83.37012,26.75729
7019,83.37049,26.75638
7020,83.36992,26.75649
7021,83.36856,26.75572
7022,83.36929,26.75455
7023,83.36978,26.75279
7024,83.37091,26.75272
7025,83.36958,26.75269
7026,83.36923,26.75232
7027,83.36908,26.75209
7028,83.36837,26.75093
7029,83.36901,26.75087
7030,83.37032,26.75077
7031,83.36759,26.75078
7032,83.36697,26.75078
7033,83.36372,26.74262
7034,83.36534,26.71727
7035,83.36357,26.71791
7036,83.36229,26.71855
7037,83.36607,26.71727
7038,83.36677,26.71697
7039,83.36904,26.71732
7040,83.36222,26.71841
7041,83.36176,26.71716
7042,83.37144,26.72232
7043,83.37131,26.72188
7044,83.37177,26.72174
7045,83.37190,26.72222
7046,83.37354,26.72246
7047,83.37441,26.72315
7048,83.37179,26.72396
7049,83.36957,26.72441
7050,83.36995,26.72304
7051,83.36827,26.72330
7052,83.37709,26.72256
7053,83.38106,26.72148
7054,83.38063,26.72157
7055,83.38018,26.72168
7056,83.37969,26.72181
7057,83.37950,26.72037
7058,83.38143,26.72219
7059,83.38050,26.72263
7060,83.38083,26.72248
7061,83.38188,26.72198
7062,83.38108,26.72289
7063,83.38196,26.72212
7064,83.38206,26.72125
7065,83.38283,26.72210
7066,83.38247,26.72115
7067,83.38289,26.72105
7068,83.38325,26.72191
7069,83.38214,26.72241
7070,83.38385,26.72083
7071,83.38394,26.72130
7072,83.38342,26.72229
7073,83.38241,26.72285
7074,83.38363,26.72085
7075,83.38643,26.72128
7076,83.39095,26.72161
7077,83.37597,26.72644
7078,83.37580,26.72612
7079,83.37513,26.72634
7080,83.37536,26.72577
7081,83.37670,26.72519
7082,83.37768,26.73516
7083,83.37680,26.73589
7084,83.37722,26.73624
7085,83.37699,26.73721
7086,83.37765,26.73722
7087,83.37760,26.73834
7088,83.37848,26.73817
7089,83.37582,26.73794
7090,83.37941,26.74226
7091,83.38197,26.74457
7092,83.38252,26.74329
7093,83.38351,26.74420
7094,83.38417,26.74318
7095,83.38416,26.74428
7096,83.38442,26.74431
7097,83.38648,26.74512
7098,83.36343,26.75696
7099,83.36841,26.76376
7100,83.36781,26.76365
7101,83.37005,26.76465
7102,83.36988,26.76423
7103,83.36977,26.76392
7104,83.37079,26.76398
7105,83.38272,26.72108
7106,83.38378,26.71885
7107,83.37777,26.72536
7108,83.37742,26.72449
7109,83.37785,26.72428
7110,83.38079,26.72633
7111,83.37901,26.72485
7112,83.37937,26.72468
7113,83.38029,26.72429
7114,83.38067,26.72521
7115,83.38106,26.72356
7116,83.38148,26.72452
7117,83.38095,26.72472
7118,83.38211,26.72560
7119,83.38267,26.72332
7120,83.38331,26.72481
7121,83.38372,26.72553
7122,83.38317,26.72574
7123,83.38256,26.72311
7124,83.38570,26.72455
7125,83.39647,26.72277
7126,83.39570,26.72188
7127,83.39540,26.72274
7128,83.39687,26.72316
7129,83.39690,26.72278
7130,83.39583,26.72148
7131,83.39364,26.72277
7132,83.39488,26.72330
7133,83.39198,26.72110
7134,83.39228,26.72443
7135,83.37017,26.72686
7136,83.36899,26.72643
7137,83.37392,26.72771
7138,83.37574,26.72854
7139,83.37491,26.72889
7140,83.37283,26.72874
7141,83.37273,26.72941
7142,83.37333,26.72925
7143,83.37370,26.72999
7144,83.37856,26.72877
7145,83.37875,26.72927
7146,83.38046,26.72866
7147,83.38049,26.72737
7148,83.38077,26.72729
7149,83.38326,26.72898
7150,83.40219,26.74732
7151,83.37169,26.73242
7152,83.37092,26.72913
7153,83.37035,26.72890
7154,83.36843,26.72890
7155,83.36876,26.73068
7156,83.36794,26.73152
7157,83.36773,26.73117
7158,83.36762,26.73095
7159,83.36820,26.73142
7160,83.36840,26.73178
7161,83.36918,26.73152
7162,83.40954,26.76271
7163,83.40919,26.76188
7164,83.40979,26.76348
7165,83.40973,26.76277
7166,83.40927,26.76410
7167,83.40890,26.76414
7168,83.40859,26.76425
7169,83.40871,26.76492
7170,83.40796,26.76441
7171,83.40855,26.76401
7172,83.40825,26.76369
7173,83.40710,26.76391
7174,83.40548,26.76424
7175,83.40464,26.76476
7176,83.40459,26.76479
7177,83.40429,26.76358
7178,83.40420,26.76465
7179,83.40458,26.76459
7180,83.40363,26.76378
7181,83.40172,26.76150
7182,83.40214,26.76140
7183,83.40278,26.76120
7184,83.40359,26.76126
7185,83.40014,26.76512
7186,83.39957,26.76286
7187,83.39879,26.76345
7188,83.39903,26.76390
7189,83.40012,26.76406
7190,83.39974,26.76338
7191,83.39927,26.76358
7192,83.39863,26.76404
7193,83.39328,26.76444
7194,83.38538,26.76622
7195,83.38599,26.76607
7196,83.38231,26.76448
7197,83.38310,26.76702
7198,83.38416,26.76402
7199,83.38390,26.76317
7200,83.41557,26.75465
7201,83.41444,26.75334
7202,83.41537,26.75307
7203,83.41593,26.75288
7204,83.41577,26.75236
7205,83.41490,26.75199
7206,83.42274,26.75271
7207,83.42086,26.75357
7208,83.42139,26.75350
7209,83.42178,26.75345
7210,83.42291,26.75322
7211,83.42181,26.75480
7212,83.42331,26.75424
7213,83.42452,26.75385
7214,83.39919,26.75324
7215,83.39965,26.75382
7216,83.40010,26.75376
7217,83.40050,26.75370
7218,83.40085,26.75273
7219,83.40159,26.75440
7220,83.40247,26.75417
7221,83.40220,26.75358
7222,83.40401,26.75237
7223,83.40383,26.75243
7224,83.40410,26.75319
7225,83.40430,26.75253
7226,83.40445,26.75293
7227,83.40369,26.75141
7228,83.40506,26.75241
7229,83.40468,26.75340
7230,83.36508,26.76685
7231,83.39025,26.75809
7232,83.39929,26.76028
7233,83.40353,26.75880
7234,83.40540,26.75856
7235,83.40774,26.75794
7236,83.40694,26.75763
7237,83.40684,26.75730
7238,83.40678,26.75690
7239,83.41113,26.75684
7240,83.41469,26.75609
7241,83.41553,26.75302
7242,83.41594,26.75380
7243,83.41618,26.75448
7244,83.41628,26.75483
7245,83.41711,26.75546
7246,83.41727,26.75531
7247,83.41765,26.75508
7248,83.41994,26.75322
7249,83.42001,26.75340
7250,83.42004,26.75364
7251,83.42001,26.75382
7252,83.42027,26.75466
7253,83.42037,26.75493
7254,83.42051,26.75530
7255,83.42044,26.75573
7256,83.41853,26.75505
7257,83.40574,26.75250
7258,83.40597,26.75313
7259,83.40390,26.75362
7260,83.40342,26.75368
7261,83.40730,26.75281
7262,83.40705,26.75027
7263,83.40577,26.74907
7264,83.40573,26.75043
7265,83.40519,26.75093
7266,83.40426,26.75120
7267,83.40215,26.75121
7268,83.40288,26.75019
7269,83.40312,26.75087
7270,83.40256,26.74934
7271,83.40133,26.75053
7272,83.40105,26.74882
7273,83.40194,26.74844
7274,83.40312,26.74749
7275,83.40239,26.74773
7276,83.40561,26.74669
7277,83.40613,26.74834
7278,83.40714,26.74775
7279,83.40718,26.74804
7280,83.40721,26.74815
7281,83.40819,26.74782
7282,83.40783,26.74745
7283,83.40643,26.74801
7284,83.41632,26.74699
7285,83.41542,26.74718
7286,83.41677,26.74673
7287,83.41581,26.74680
7288,83.41564,26.74648
7289,83.41558,26.74492
7290,83.41583,26.74528
7291,83.41597,26.74548
7292,83.41560,26.74541
7293,83.41533,26.74506
7294,83.41752,26.74379
7295,83.41716,26.74410
7296,83.41699,26.74423
7297,83.41705,26.74440
7298,83.41574,26.74485
7299,83.41463,26.74401
7300,83.41541,26.74441
7301,83.40743,26.75390
7302,83.41047,26.75395
7303,83.40833,26.75427
7304,83.37609,26.75825
7305,83.37634,26.75797
7306,83.37405,26.75681
7307,83.37451,26.75646
7308,83.37340,26.75626
7309,83.37423,26.75600
7310,83.37335,26.75523
7311,83.37258,26.75536
7312,83.37594,26.75259
7313,83.37757,26.75239
7314,83.37354,26.74855
7315,83.37308,26.74857
7316,83.37408,26.74853
7317,83.37407,26.74843
7318,83.37363,26.74851
7319,83.37405,26.74829
7320,83.37525,26.74752
7321,83.37254,26.75538
7322,83.37531,26.74798
7323,83.37618,26.74775
7324,83.37710,26.74463
7325,83.37718,26.74385
7326,83.37740,26.74471
7327,83.37346,26.74187
7328,83.37189,26.74202
7329,83.37160,26.74211
7330,83.37508,26.74146
7331,83.37622,26.74181
7332,83.37757,26.74232
7333,83.37749,26.74154
7334,83.37704,26.74338
7335,83.37712,26.74241
7336,83.37613,26.74289
7337,83.37740,26.74235
7338,83.37741,26.74276
7339,83.37739,26.74304
7340,83.37736,26.74346
7341,83.37863,26.74273
7342,83.37540,26.74309
7343,83.37504,26.73918
7344,83.37122,26.74013
7345,83.37090,26.73969
7346,83.37139,26.73944
7347,83.36944,26.74205
7348,83.36972,26.74370
7349,83.37009,26.74252
7350,83.37016,26.74300
7351,83.37043,26.74231
7352,83.36872,26.73921
7353,83.36803,26.73948
7354,83.36841,26.73837
7355,83.36904,26.73807
7356,83.36960,26.73879
7357,83.37018,26.73833
7358,83.37097,26.73864
7359,83.37174,26.73788
7360,83.36891,26.73584
7361,83.37396,26.73828
7362,83.37354,26.73844
7363,83.36945,26.73417
7364,83.37356,26.73441
7365,83.37456,26.73512
7366,83.37296,26.73454
7367,83.38790,26.72666
7368,83.37969,26.73353
7369,83.38030,26.73406
7370,83.37835,26.73514
7371,83.37807,26.73484
7372,83.38515,26.71902
7373,83.38452,26.71928
7374,83.38650,26.71929
7375,83.38781,26.71879
7376,83.38618,26.72027
7377,83.38631,26.71974
7378,83.38826,26.71823
7379,83.38947,26.71784
7380,83.38572,26.71922
7381,83.38600,26.71825
7382,83.38688,26.71755
7383,83.38695,26.71798
7384,83.38767,26.71779
7385,83.36368,26.76394
7386,83.36401,26.76485
7387,83.37019,26.76342
7388,83.37033,26.76373
7389,83.36716,26.77060
7390,83.36790,26.77089
7391,83.36825,26.77147
7392,83.36737,26.76974
7393,83.36783,26.77047
7394,83.36842,26.77070
7395,83.36634,26.76843
7396,83.36682,26.76829
7397,83.36731,26.76875
7398,83.36688,26.76893
7399,83.36679,26.76942
7400,83.36698,26.76929
7401,83.36796,26.76896
7402,83.36685,26.76866
7403,83.36716,26.76790
7404,83.36656,26.77048
7405,83.36538,26.77252
7406,83.36609,26.77117
7407,83.36616,26.77145
7408,83.36452,26.76938
7409,83.36471,26.77006
7410,83.36677,26.76966
7411,83.36628,26.76985
7412,83.36727,26.77117
7413,83.36718,26.77084
7414,83.36605,26.77088
7415,83.36663,26.77068
7416,83.36573,26.77098
7417,83.36699,26.76983
7418,83.36588,26.76965
7419,83.36555,26.77003
7420,83.36570,26.77031
7421,83.36644,26.76943
7422,83.36616,26.76955
7423,83.36682,26.76878
7424,83.36609,26.76905
7425,83.36496,26.76935
7426,83.36580,26.76857
7427,83.36548,26.76906
7428,83.36550,26.76912
7429,83.36415,26.76812
7430,83.36820,26.76549
7431,83.36834,26.76593
7432,83.37454,26.76341
7433,83.37444,26.76337
7434,83.37467,26.76354
7435,83.38515,26.78128
7436,83.38290,26.77486
7437,83.37958,26.76775
7438,83.37956,26.76768
7439,83.37943,26.76767
7440,83.37957,26.76778
7441,83.37951,26.76781
7442,83.37206,26.78060
7443,83.37154,26.78080
7444,83.37191,26.77998
7445,83.37431,26.77946
7446,83.37460,26.77928
7447,83.37529,26.78182
7448,83.37422,26.78152
7449,83.37364,26.78119
7450,83.37400,26.78305
7451,83.37439,26.78295
7452,83.37516,26.78230
7453,83.37427,26.78259
7454,83.37707,26.78235
7455,83.37747,26.78327
7456,83.37782,26.78270
7457,83.37811,26.78241
7458,83.37839,26.78289
7459,83.36819,26.78223
7460,83.36891,26.66245
7461,83.36946,26.66166
7462,83.37055,26.66010
7463,83.36714,26.66037
7464,83.36459,26.66084
7465,83.37584,26.66432
7466,83.37625,26.66425
7467,83.38532,26.78399
7468,83.38537,26.78616
7469,83.38535,26.78491
7470,83.37968,26.76866
7471,83.37943,26.76779
7472,83.37944,26.76794
7473,83.38227,26.77292
7474,83.38120,26.77055
7475,83.38191,26.77202
7476,83.38282,26.77459
7477,83.38300,26.77514
7478,83.38328,26.77664
7479,83.38336,26.77749
7480,83.38343,26.77788
7481,83.38349,26.77809
7482,83.38356,26.77826
7483,83.38400,26.77921
7484,83.38514,26.78163
7485,83.38524,26.78245
7486,83.38391,26.78053
7487,83.38463,26.78031
7488,83.38420,26.78078
7489,83.38477,26.78056
7490,83.38459,26.78154
7491,83.38454,26.78211
7492,83.38408,26.78221
7493,83.38401,26.78197
7494,83.38416,26.78254
7495,83.38423,26.78271
7496,83.38435,26.78311
7497,83.38256,26.77673
7498,83.38263,26.77729
7499,83.38182,26.77629
7500,83.38189,26.77682
7501,83.38086,26.77715
7502,83.38278,26.77801
7503,83.38268,26.77764
7504,83.38352,26.78027
7505,83.38313,26.78215
7506,83.38384,26.78319
7507,83.38350,26.78326
7508,83.38247,26.77932
7509,83.38193,26.78025
7510,83.37907,26.78065
7511,83.37946,26.78032
7512,83.38015,26.78016
7513,83.38061,26.77970
7514,83.38057,26.78006
7515,83.38068,26.78048
7516,83.38117,26.78054
7517,83.38160,26.78057
7518,83.38248,26.78143
7519,83.38259,26.78189
7520,83.38231,26.78105
7521,83.38055,26.78172
7522,83.38055,26.78287
7523,83.38072,26.78335
7524,83.37944,26.78203
7525,83.37955,26.78242
7526,83.37982,26.78132
7527,83.37976,26.78179
7528,83.37753,26.77947
7529,83.37800,26.77984
7530,83.37718,26.77933
7531,83.37735,26.77997
7532,83.37630,26.77918
7533,83.37630,26.77988
7534,83.37704,26.77883
7535,83.37739,26.77847
7536,83.37695,26.77725
7537,83.37722,26.77789
7538,83.37592,26.77752
7539,83.37609,26.77800
7540,83.37520,26.77778
7541,83.37551,26.77843
7542,83.37227,26.78137
7543,83.37042,26.77438
7544,83.37024,26.77401
7545,83.38303,26.77175
7546,83.38286,26.77139
7547,83.38320,26.77124
7548,83.38241,26.77093
7549,83.38219,26.77034
7550,83.38183,26.77106
7551,83.38214,26.77104
7552,83.38310,26.77086
7553,83.38339,26.77051
7554,83.38288,26.77072
7555,83.38210,26.77106
7556,83.38252,26.77196
7557,83.38080,26.76866
7558,83.38025,26.76910
7559,83.38295,26.77501
7560,83.38370,26.77527
7561,83.38426,26.77475
7562,83.38305,26.77498
7563,83.38459,26.77618
7564,83.38386,26.77628
7565,83.38388,26.77645
7566,83.38327,26.77574
7567,83.38570,26.77470
7568,83.38456,26.77501
7569,83.38585,26.77503
7570,83.38610,26.77516
7571,83.38552,26.77504
7572,83.38590,26.77522
7573,83.38465,26.77532
7574,83.38474,26.77560
7575,83.38489,26.77607
7576,83.38628,26.77709
7577,83.38583,26.77719
7578,83.38511,26.77735
7579,83.38411,26.77732
7580,83.38527,26.77703
7581,83.38612,26.77658
7582,83.38556,26.77656
7583,83.38514,26.77670
7584,83.38496,26.77643
7585,83.38397,26.77683
7586,83.38339,26.77690
7587,83.38363,26.77821
7588,83.38538,26.77903
7589,83.38557,26.77940
7590,83.38581,26.78012
7591,83.38620,26.78065
7592,83.38633,26.78100
7593,83.38533,26.78254
7594,83.37480,26.77311
7595,83.37068,26.77335
7596,83.37979,26.76977
7597,83.37871,26.76959
7598,83.37877,26.76990
7599,83.37916,26.76774
7600,83.38111,26.77217
7601,83.38174,26.77340
7602,83.38183,26.77403
7603,83.38035,26.77407
7604,83.38084,26.77400
7605,83.38177,26.77468
7606,83.38184,26.77536
7607,83.38203,26.77399
7608,83.38259,26.77385
7609,83.38157,26.77482
7610,83.38070,26.77564
7611,83.38029,26.77575
7612,83.38003,26.77494
7613,83.37954,26.77509
7614,83.37965,26.77402
7615,83.37974,26.77446
7616,83.37921,26.77407
7617,83.37932,26.77456
7618,83.37911,26.77531
7619,83.37865,26.77545
7620,83.37795,26.77183
7621,83.37769,26.77310
7622,83.37728,26.77299
7623,83.37744,26.77317
7624,83.37764,26.77516
7625,83.37738,26.77425
7626,83.37776,26.77562
7627,83.37704,26.77531
7628,83.37656,26.77543
7629,83.37607,26.77688
7630,83.37664,26.77670
7631,83.37692,26.77662
7632,83.37719,26.77655
7633,83.37705,26.77603
7634,83.37733,26.77707
7635,83.37746,26.77592
7636,83.37761,26.77643
7637,83.37774,26.77692
7638,83.37781,26.77638
7639,83.37794,26.77687
7640,83.37798,26.77634
7641,83.37739,26.77650
7642,83.37754,26.77701
7643,83.37491,26.77619
7644,83.37549,26.77766
7645,83.37480,26.77595
7646,83.37439,26.77608
7647,83.37250,26.77618
7648,83.37275,26.77644
7649,83.37285,26.77503
7650,83.37170,26.77535
7651,83.37306,26.77481
7652,83.37329,26.77550
7653,83.37659,26.77591
7654,83.37579,26.77611
7655,83.37655,26.77555
7656,83.37567,26.77578
7657,83.37673,26.77427
7658,83.37647,26.77492
7659,83.37645,26.77475
7660,83.37600,26.77449
7661,83.37616,26.77508
7662,83.37621,26.77398
7663,83.37632,26.77438
7664,83.37581,26.77456
7665,83.37561,26.77410
7666,83.37556,26.77362
7667,83.37577,26.77357
7668,83.37468,26.77320
7669,83.37448,26.77349
7670,83.37403,26.77361
7671,83.37372,26.77398
7672,83.37394,26.77435
7673,83.37427,26.77425
7674,83.37396,26.77338
7675,83.37236,26.77431
7676,83.37170,26.77446
7677,83.37630,26.77281
7678,83.37155,26.77395
7679,83.37088,26.77410
7680,83.39317,26.72462
7681,83.39447,26.72355
7682,83.39414,26.72591
7683,83.39449,26.72555
7684,83.39517,26.72458
7685,83.39426,26.72431
7686,83.39470,26.72420
7687,83.39511,26.72416
7688,83.39454,26.72423
7689,83.39457,26.72378
7690,83.39461,26.72391
7691,83.39503,26.72384
7692,83.39036,26.72468
7693,83.38797,26.72422
7694,83.38848,26.72376
7695,83.38672,26.72344
7696,83.38708,26.72366
7697,83.39032,26.72346
7698,83.39223,26.72657
7699,83.39256,26.72659
7700,83.39269,26.72689
7701,83.39207,26.72756
7702,83.39233,26.72752
7703,83.39289,26.72743
7704,83.39292,26.72766
7705,83.39144,26.72828
7706,83.39196,26.72844
7707,83.38659,26.72833
7708,83.38796,26.72992
7709,83.38771,26.73244
7710,83.38739,26.73565
7711,83.38812,26.73476
7712,83.38602,26.73813
7713,83.38621,26.73851
7714,83.38629,26.73936
7715,83.38666,26.73922
7716,83.38635,26.73891
7717,83.38649,26.73928
7718,83.38668,26.73966
7719,83.38616,26.74020
7720,83.38625,26.74144
7721,83.38638,26.74180
7722,83.38660,26.74138
7723,83.38666,26.74183
7724,83.38726,26.74113
7725,83.38857,26.74132
7726,83.38690,26.72428
7727,83.38914,26.72308
7728,83.38895,26.72355
7729,83.38745,26.72433
7730,83.38782,26.72464
7731,83.38705,26.72538
7732,83.38669,26.72507
7733,83.38726,26.72518
7734,83.38690,26.72488
7735,83.38794,26.72609
7736,83.38752,26.72620
7737,83.38776,26.72593
7738,83.38749,26.72623
7739,83.38655,26.72743
7740,83.38669,26.72754
7741,83.38705,26.72720
7742,83.38717,26.72787
7743,83.38702,26.72782
7744,83.38632,26.72760
7745,83.38775,26.72916
7746,83.38714,26.73013
7747,83.38709,26.73054
7748,83.38817,26.73010
7749,83.38786,26.73034
7750,83.38831,26.73041
7751,83.38830,26.73072
7752,83.38793,26.73064
7753,83.38816,26.73099
7754,83.26028,26.73967
7755,83.27248,26.72639
7756,83.27366,26.72869
7757,83.27301,26.72749
7758,83.27370,26.72746
7759,83.27394,26.72619
7760,83.27371,26.72636
7761,83.27180,26.72521
7762,83.26819,26.73200
7763,83.26786,26.73127
7764,83.26763,26.73079
7765,83.26739,26.73030
7766,83.26667,26.72892
7767,83.26626,26.72794
7768,83.25260,26.72537
7769,83.25861,26.72567
7770,83.26072,26.72397
7771,83.26335,26.73934
7772,83.26433,26.73937
7773,83.26525,26.73959
7774,83.26951,26.73604
7775,83.27041,26.73584
7776,83.27160,26.73530
7777,83.26874,26.73730
7778,83.26406,26.72985
7779,83.26563,26.72928
7780,83.27356,26.72469
7781,83.26535,26.73256
7782,83.26518,26.73151
7783,83.26540,26.73134
7784,83.26628,26.73074
7785,83.27231,26.73219
7786,83.26649,26.73098
7787,83.26541,26.73307
7788,83.26380,26.73353
7789,83.26704,26.73237
7790,83.26614,26.73118
7791,83.26660,26.73257
7792,83.26620,26.73225
7793,83.26722,26.73087
7794,83.26740,26.73128
7795,83.26671,26.73055
7796,83.26683,26.73086
7797,83.26517,26.73043
7798,83.26602,26.73009
7799,83.26470,26.72960
7800,83.26545,26.73087
7801,83.26957,26.73421
7802,83.26939,26.73575
7803,83.26903,26.73442
7804,83.26899,26.73362
7805,83.27025,26.73458
7806,83.26986,26.73553
7807,83.27158,26.73491
7808,83.27252,26.73240
7809,83.27393,26.73087
7810,83.27081,26.73304
7811,83.27259,26.72769
7812,83.27303,26.72754
7813,83.26236,26.73948
7814,83.26243,26.73980
7815,83.26289,26.73971
7816,83.26426,26.74121
7817,83.26528,26.74001
7818,83.26451,26.74092
7819,83.26497,26.74063
7820,83.26531,26.74148
7821,83.26306,26.74035
7822,83.26380,26.74009
7823,83.26463,26.74085
7824,83.26470,26.74152
7825,83.27031,26.73946
7826,83.27101,26.74372
7827,83.27110,26.74372
7828,83.27061,26.74049
7829,83.27055,26.74051
7830,83.26354,26.74002
7831,83.26362,26.74016
7832,83.26401,26.74077
7833,83.26467,26.74052
7834,83.27178,26.73542
7835,83.27229,26.73653
7836,83.27045,26.74012
7837,83.27052,26.74010
7838,83.48115,26.86897
7839,83.41026,26.76138
7840,83.40905,26.76169
7841,83.40849,26.76229
7842,83.40969,26.76112
7843,83.40986,26.76124
7844,83.41021,26.76114
7845,83.41018,26.76115
7846,83.41003,26.76031
7847,83.41212,26.76035
7848,83.41156,26.76043
7849,83.41243,26.76030
7850,83.41239,26.76031
7851,83.41212,26.75952
7852,83.41349,26.75881
7853,83.41378,26.76003
7854,83.41364,26.75943
7855,83.41329,26.76013
7856,83.41324,26.75951
7857,83.41318,26.75926
7858,83.41363,26.75937
7859,83.41415,26.75996
7860,83.41412,26.75928
7861,83.41401,26.75858
7862,83.41445,26.75839
7863,83.41540,26.76016
7864,83.41810,26.76127
7865,83.41777,26.76131
7866,83.41749,26.76004
7867,83.42920,26.75935
7868,83.42913,26.75834
7869,83.42888,26.75943
7870,83.42879,26.75838
7871,83.42871,26.75761
7872,83.42908,26.75766
7873,83.42949,26.75780
7874,83.42951,26.75830
7875,83.42852,26.75953
7876,83.42838,26.75843
7877,83.42766,26.75854
7878,83.42795,26.75783
7879,83.43067,26.75715
7880,83.43070,26.75755
7881,83.42627,26.75746
7882,83.42482,26.75753
7883,83.42626,26.75736
7884,83.42356,26.75718
7885,83.42473,26.75703
7886,83.42022,26.76277
7887,83.41993,26.76169
7888,83.42104,26.76264
7889,83.42076,26.76153
7890,83.42272,26.76237
7891,83.41986,26.76117
7892,83.42165,26.76081
7893,83.42239,26.76070
7894,83.42298,26.76062
7895,83.42417,26.76048
7896,83.42289,26.76008
7897,83.42260,26.76067
7898,83.42223,26.75853
7899,83.42476,26.75982
7900,83.42423,26.76063
7901,83.42481,26.76015
7902,83.42240,26.75947
7903,83.42228,26.75879
7904,83.42339,26.75863
7905,83.42506,26.75898
7906,83.42302,26.75837
7907,83.41876,26.76117
7908,83.42115,26.75873
7909,83.41979,26.76078
7910,83.41942,26.76084
7911,83.41894,26.76092
7912,83.41938,26.75906
7913,83.42469,26.75903
7914,83.42348,26.75917
7915,83.42344,26.75893
7916,83.42465,26.75876
7917,83.42178,26.75668
7918,83.42133,26.75784
7919,83.42105,26.75686
7920,83.42040,26.75836
7921,83.42146,26.75811
7922,83.42239,26.75790
7923,83.42315,26.75773
7924,83.42287,26.75779
7925,83.43012,26.75511
7926,83.42967,26.75384
7927,83.42979,26.75435
7928,83.43001,26.75430
7929,83.42984,26.75533
7930,83.40679,26.81653
7931,83.41661,26.82081
7932,83.41856,26.82051
7933,83.41934,26.82017
7934,83.42133,26.81924
7935,83.42138,26.81922
7936,83.42372,26.81830
7937,83.42383,26.81825
7938,83.42461,26.81791
7939,83.42565,26.81747
7940,83.42661,26.81704
7941,83.42961,26.81454
7942,83.42962,26.81451
7943,83.43117,26.81104
7944,83.43247,26.80518
7945,83.41701,26.81837
7946,83.41763,26.81621
7947,83.41674,26.81076
7948,83.41118,26.80540
7949,83.40982,26.81552
7950,83.40957,26.81500
7951,83.40979,26.81481
7952,83.41161,26.81438
7953,83.41249,26.81393
7954,83.41400,26.81297
7955,83.41519,26.81240
7956,83.41728,26.81142
7957,83.42141,26.81921
7958,83.42424,26.82294
7959,83.41691,26.81064
7960,83.41700,26.81057
7961,83.41941,26.80843
7962,83.42147,26.80774
7963,83.42215,26.80730
7964,83.42219,26.80728
7965,83.42267,26.80690
7966,83.41903,26.80359
7967,83.42073,26.80554
7968,83.42223,26.80726
7969,83.42385,26.80916
7970,83.42558,26.81112
7971,83.42653,26.81217
7972,83.42963,26.81450
7973,83.43003,26.66368
7974,83.40950,26.82312
7975,83.41012,26.82391
7976,83.41043,26.82361
7977,83.41113,26.82325
7978,83.41131,26.82348
7979,83.41070,26.82257
7980,83.41163,26.82221
7981,83.41192,26.82353
7982,83.41205,26.82346
7983,83.41217,26.82296
7984,83.41419,26.82235
7985,83.41371,26.82135
7986,83.41087,26.82251
7987,83.40939,26.81967
7988,83.40621,26.82210
7989,83.40981,26.82067
7990,83.40832,26.82065
7991,83.40862,26.82122
7992,83.40889,26.81856
7993,83.40817,26.81729
7994,83.40724,26.81732
7995,83.41029,26.81800
7996,83.41306,26.81735
7997,83.41147,26.81444
7998,83.41109,26.81461
7999,83.41062,26.81566
8000,83.41090,26.81915
8001,83.41126,26.81933
8002,83.41360,26.81931
8003,83.41233,26.82123
8004,83.41471,26.82117
8005,83.41486,26.81856
8006,83.41639,26.81780
8007,83.41409,26.82215
8008,83.41456,26.82176
8009,83.41441,26.82158
8010,83.41433,26.82117
8011,83.41730,26.82121
8012,83.41785,26.82279
8013,83.41845,26.82436
8014,83.42417,26.82297
8015,83.42421,26.82295
8016,83.40837,26.81835
8017,83.41069,26.81877
8018,83.41171,26.81836
8019,83.41154,26.81798
8020,83.41194,26.81933
8021,83.41228,26.81939
8022,83.41228,26.81886
8023,83.41215,26.81820
8024,83.41196,26.81784
8025,83.41254,26.81869
8026,83.41288,26.81868
8027,83.41240,26.81766
8028,83.41293,26.81787
8029,83.41275,26.81751
8030,83.41334,26.81783
8031,83.40923,26.81686
8032,83.40969,26.81660
8033,83.41002,26.81609
8034,83.41085,26.81645
8035,83.41090,26.81600
8036,83.41065,26.81610
8037,83.40815,26.81467
8038,83.40860,26.81583
8039,83.40916,26.81567
8040,83.40892,26.81355
8041,83.40877,26.81281
8042,83.40745,26.81294
8043,83.40792,26.81283
8044,83.40821,26.81313
8045,83.40882,26.81307
8046,83.40955,26.81345
8047,83.40897,26.81411
8048,83.40832,26.81429
8049,83.40908,26.81408
8050,83.41629,26.82086
8051,83.41960,26.82262
8052,83.42052,26.82355
8053,83.42120,26.82168
8054,83.42194,26.82126
8055,83.42268,26.82100
8056,83.42034,26.82070
8057,83.41897,26.82139
8058,83.42062,26.82111
8059,83.42020,26.82049
8060,83.42083,26.82252
8061,83.42048,26.82210
8062,83.42113,26.82227
8063,83.42083,26.82189
8064,83.42152,26.82207
8065,83.42080,26.82110
8066,83.42133,26.82110
8067,83.42159,26.82145
8068,83.42191,26.82183
8069,83.42227,26.82168
8070,83.42171,26.82100
8071,83.42264,26.82158
8072,83.42234,26.82119
8073,83.41938,26.82224
8074,83.41839,26.82259
8075,83.41932,26.82267
8076,83.41768,26.82235
8077,83.41992,26.75526
8078,83.42129,26.75575
8079,83.42366,26.75326
8080,83.42394,26.75403
8081,83.42577,26.75558
8082,83.42591,26.75448
8083,83.42645,26.75471
8084,83.42617,26.75435
8085,83.42599,26.75411
8086,83.42773,26.75446
8087,83.42796,26.75488
8088,83.42796,26.75446
8089,83.42836,26.75427
8090,83.42757,26.75429
8091,83.42819,26.75403
8092,83.42744,26.75388
8093,83.42767,26.75425
8094,83.42861,26.75330
8095,83.42788,26.75361
8096,83.42910,26.75308
8097,83.42875,26.75374
8098,83.42931,26.75347
8099,83.42840,26.75372
8100,83.42923,26.75332
8101,83.42981,26.75273
8102,83.43006,26.75318
8103,83.42549,26.75427
8104,83.42569,26.75457
8105,83.42587,26.75371
8106,83.42618,26.75227
8107,83.42627,26.75103
8108,83.42714,26.75326
8109,83.42578,26.75354
8110,83.42860,26.75208
8111,83.42885,26.75302
8112,83.42837,26.75218
8113,83.42850,26.75236
8114,83.42955,26.75184
8115,83.42927,26.75199
8116,83.42899,26.75214
8117,83.42947,26.75228
8118,83.42980,26.75215
8119,83.43078,26.75289
8120,83.43018,26.75195
8121,83.43093,26.75285
8122,83.43083,26.75123
8123,83.42876,26.75284
8124,83.42812,26.75179
8125,83.42779,26.75064
8126,83.42773,26.74986
8127,83.42816,26.74964
8128,83.42882,26.74942
8129,83.43064,26.74916
8130,83.42942,26.75259
8131,83.42922,26.75245
8132,83.42891,26.75235
8133,83.42862,26.75250
8134,83.42830,26.75207
8135,83.42915,26.75148
8136,83.42790,26.75133
8137,83.42929,26.75105
8138,83.42863,26.75060
8139,83.42917,26.74940
8140,83.42861,26.75009
8141,83.42928,26.74994
8142,83.42892,26.75077
8143,83.42921,26.75073
8144,83.42838,26.75037
8145,83.42778,26.75047
8146,83.42905,26.75135
8147,83.42926,26.75097
8148,83.42865,26.75142
8149,83.42859,26.75118
8150,83.42844,26.75061
8151,83.42849,26.75081
8152,83.42857,26.75119
8153,83.42707,26.75153
8154,83.42780,26.75116
8155,83.42806,26.75165
8156,83.42663,26.75225
8157,83.42604,26.75268
8158,83.42874,26.75567
8159,83.42835,26.75470
8160,83.42824,26.75536
8161,83.42837,26.75573
8162,83.42902,26.75519
8163,83.42907,26.75562
8164,83.42986,26.75550
8165,83.42919,26.75407
8166,83.43011,26.75316
8167,83.43027,26.75372
8168,83.43022,26.75353
8169,83.43012,26.75390
8170,83.42991,26.75393
8171,83.43022,26.75422
8172,83.43053,26.75427
8173,83.43191,26.75480
8174,83.43078,26.75489
8175,83.43082,26.75526
8176,83.43074,26.75460
8177,83.43078,26.75490
8178,83.43042,26.75494
8179,83.43046,26.75536
8180,83.43039,26.75461
8181,83.43114,26.75484
8182,83.43119,26.75520
8183,83.43017,26.75314
8184,83.42993,26.75236
8185,83.43111,26.75323
8186,83.42682,26.75393
8187,83.42696,26.75414
8188,83.42682,26.75421
8189,83.42725,26.75432
8190,83.42545,26.75568
8191,83.42554,26.75600
8192,83.42606,26.75549
8193,83.42620,26.75588
8194,83.42634,26.75539
8195,83.42663,26.75597
8196,83.42791,26.75490
8197,83.42783,26.75529
8198,83.42486,26.75778
8199,83.42841,26.75757
8200,83.42822,26.75720
8201,83.42817,26.75668
8202,83.42354,26.75959
8203,83.42244,26.75972
8204,83.42544,26.76124
8205,83.42478,26.76152
8206,83.42393,26.76189
8207,83.42443,26.76182
8208,83.42441,26.76156
8209,83.42425,26.76140
8210,83.42359,26.76148
8211,83.42360,26.76176
8212,83.42267,26.76112
8213,83.42271,26.76132
8214,83.42308,26.76128
8215,83.42366,26.76075
8216,83.42301,26.76081
8217,83.42429,26.76210
8218,83.42437,26.76256
8219,83.42460,26.76388
8220,83.42466,26.76206
8221,83.42496,26.76384
8222,83.42271,26.76238
8223,83.42277,26.76393
8224,83.42313,26.76307
8225,83.42274,26.76310
8226,83.42238,26.76243
8227,83.42237,26.76312
8228,83.42238,26.76396
8229,83.42208,26.76247
8230,83.42205,26.76446
8231,83.42120,26.76261
8232,83.42126,26.76324
8233,83.42205,26.76314
8234,83.42165,26.76254
8235,83.42169,26.76317
8236,83.42171,26.76389
8237,83.42072,26.76269
8238,83.42082,26.76330
8239,83.42474,26.76251
8240,83.42471,26.76228
8241,83.42433,26.76233
8242,83.42548,26.76255
8243,83.42325,26.76229
8244,83.42025,26.76276
8245,83.42044,26.76364
8246,83.41951,26.75963
8247,83.42127,26.75924
8248,83.41887,26.76115
8249,83.26609,26.72765
8250,83.25784,26.73605
8251,83.41583,26.66220
8252,83.41620,26.66275
8253,83.41603,26.66298
8254,83.41627,26.66275
8255,83.41622,26.66293
8256,83.47981,26.85476
8257,83.47808,26.85997
8258,83.47760,26.85811
8259,83.47712,26.85541
8260,83.47756,26.85521
8261,83.47792,26.85503
8262,83.47815,26.85495
8263,83.47570,26.85879
8264,83.47935,26.86036
8265,83.47876,26.85511
8266,83.47708,26.85256
8267,83.47698,26.85068
8268,83.47691,26.85023
8269,83.47691,26.84968
8270,83.47619,26.84762
8271,83.47648,26.84562
8272,83.47666,26.84337
8273,83.47840,26.85570
8274,83.47896,26.85572
8275,83.48002,26.85582
8276,83.47930,26.85572
8277,83.48112,26.85022
8278,83.47613,26.85041
8279,83.47888,26.84916
8280,83.47864,26.84336
8281,83.47860,26.84559
8282,83.47855,26.84559
8283,83.47872,26.84732
8284,83.47872,26.84750
8285,83.48252,26.84540
8286,83.48254,26.84785
8287,83.47650,26.84159
8288,83.47848,26.84164
8289,83.26979,26.73373
8290,83.27320,26.72612
8291,83.26571,26.73102
8292,83.26526,26.73058
8293,83.26490,26.73069
8294,83.26581,26.73171
8295,83.26522,26.73192
8296,83.26675,26.73175
8297,83.26640,26.73267
8298,83.26305,26.72960
8299,83.25951,26.72358
8300,83.25344,26.74296
8301,83.25306,26.74276
8302,83.41422,26.81877
8303,83.41912,26.81941
8304,83.41950,26.81674
8305,83.42135,26.81722
8306,83.42092,26.81858
8307,83.42205,26.81719
8308,83.42145,26.81750
8309,83.41874,26.81704
8310,83.41943,26.81677
8311,83.41947,26.81675
8312,83.42133,26.81565
8313,83.42184,26.81790
8314,83.42317,26.81850
8315,83.42212,26.81758
8316,83.42238,26.81804
8317,83.41452,26.81815
8318,83.41635,26.81534
8319,83.41515,26.81606
8320,83.41723,26.81422
8321,83.41339,26.81410
8322,83.41288,26.81444
8323,83.41021,26.81262
8324,83.41005,26.81487
8325,83.40980,26.81366
8326,83.41025,26.81545
8327,83.41040,26.81486
8328,83.41064,26.81103
8329,83.40933,26.81274
8330,83.41002,26.81119
8331,83.40808,26.81085
8332,83.40812,26.81091
8333,83.40891,26.81071
8334,83.40996,26.81042
8335,83.40789,26.81032
8336,83.40889,26.81008
8337,83.40832,26.81021
8338,83.40861,26.81102
8339,83.40871,26.81012
8340,83.40932,26.81097
8341,83.40924,26.81058
8342,83.40865,26.81102
8343,83.41159,26.81072
8344,83.41247,26.81047
8345,83.41588,26.80902
8346,83.40815,26.80895
8347,83.40984,26.80843
8348,83.40875,26.80883
8349,83.40916,26.81006
8350,83.40901,26.80961
8351,83.41047,26.81107
8352,83.40976,26.81047
8353,83.41033,26.81066
8354,83.41056,26.80962
8355,83.41191,26.80811
8356,83.41098,26.80950
8357,83.41363,26.80884
8358,83.41421,26.80980
8359,83.41356,26.80766
8360,83.40929,26.80871
8361,83.40995,26.80898
8362,83.41061,26.80842
8363,83.41045,26.80883
8364,83.41059,26.80961
8365,83.41007,26.80936
8366,83.40772,26.80840
8367,83.41248,26.80692
8368,83.41026,26.80785
8369,83.40997,26.80672
8370,83.40782,26.80804
8371,83.40850,26.80792
8372,83.40975,26.80763
8373,83.40769,26.80601
8374,83.40825,26.80720
8375,83.40893,26.80782
8376,83.40461,26.80695
8377,83.40855,26.80577
8378,83.40923,26.80546
8379,83.40884,26.80423
8380,83.40866,26.80488
8381,83.40884,26.80562
8382,83.40860,26.80573
8383,83.40826,26.80485
8384,83.41098,26.80642
8385,83.41085,26.80570
8386,83.41061,26.80472
8387,83.40878,26.80363
8388,83.40880,26.80366
8389,83.40919,26.80415
8390,83.40945,26.80408
8391,83.40964,26.80393
8392,83.40972,26.80387
8393,83.41028,26.80260
8394,83.41016,26.80345
8395,83.41083,26.80313
8396,83.40991,26.80370
8397,83.41044,26.80408
8398,83.41134,26.80441
8399,83.41199,26.80348
8400,83.41226,26.80389
8401,83.41265,26.80459
8402,83.41267,26.80712
8403,83.41289,26.80695
8404,83.41295,26.80690
8405,83.41560,26.80541
8406,83.41540,26.80507
8407,83.41441,26.80771
8408,83.41429,26.80733
8409,83.41433,26.80729
8410,83.41769,26.80658
8411,83.42065,26.80558
8412,83.42069,26.80555
8413,83.41962,26.80785
8414,83.41981,26.80829
8415,83.41892,26.80783
8416,83.41804,26.80844
8417,83.41901,26.80802
8418,83.41752,26.80794
8419,83.41824,26.80893
8420,83.41729,26.80856
8421,83.41806,26.80847
8422,83.42213,26.80976
8423,83.42240,26.81058
8424,83.42258,26.81159
8425,83.42269,26.81302
8426,83.42265,26.81306
8427,83.42362,26.81745
8428,83.42388,26.81823
8429,83.42321,26.81293
8430,83.42058,26.81057
8431,83.42221,26.81001
8432,83.42378,26.80919
8433,83.42383,26.80917
8434,83.42131,26.81113
8435,83.42161,26.81102
8436,83.42205,26.81154
8437,83.42412,26.81298
8438,83.42360,26.81170
8439,83.42343,26.81121
8440,83.42548,26.81116
8441,83.42554,26.81114
8442,83.42360,26.81237
8443,83.42520,26.82122
8444,83.42489,26.82091
8445,83.42530,26.82195
8446,83.42311,26.82144
8447,83.42530,26.82081
8448,83.42458,26.82099
8449,83.42477,26.81981
8450,83.42343,26.81841
8451,83.42325,26.81978
8452,83.42453,26.81934
8453,83.42684,26.82107
8454,83.42649,26.82123
8455,83.42524,26.82210
8456,83.42641,26.82174
8457,83.42627,26.82213
8458,83.42616,26.82181
8459,83.42506,26.82405
8460,83.42556,26.82383
8461,83.42623,26.82364
8462,83.42615,26.82332
8463,83.42597,26.82275
8464,83.42565,26.82285
8465,83.42651,26.82260
8466,83.42650,26.82322
8467,83.42634,26.82265
8468,83.42707,26.81810
8469,83.42852,26.81773
8470,83.42838,26.81720
8471,83.42895,26.81695
8472,83.42892,26.81603
8473,83.42870,26.81810
8474,83.42922,26.81789
8475,83.42344,26.81704
8476,83.42481,26.81658
8477,83.42413,26.81681
8478,83.42431,26.81723
8479,83.42847,26.81335
8480,83.43012,26.81339
8481,83.42957,26.81298
8482,83.42980,26.81350
8483,83.42743,26.81529
8484,83.42746,26.81520
8485,83.42744,26.81519
8486,83.42749,26.81526
8487,83.42749,26.81525
8488,83.42740,26.81521
8489,83.42739,26.81524
8490,83.42741,26.81528
8491,83.42605,26.81669
8492,83.42573,26.81598
8493,83.42717,26.81473
8494,83.42700,26.81436
8495,83.42786,26.81502
8496,83.42851,26.81621
8497,83.42789,26.81508
8498,83.42867,26.81424
8499,83.43002,26.81762
8500,83.42937,26.81625
8501,83.42993,26.81733
8502,83.43046,26.81670
8503,83.42967,26.81854
8504,83.43006,26.81761
8505,83.43149,26.81713
8506,83.42651,26.81215
8507,83.43113,26.81113
8508,83.42781,26.80995
8509,83.42996,26.81011
8510,83.42861,26.80704
8511,83.42760,26.80633
8512,83.42712,26.80257
8513,83.42842,26.80521
8514,83.42924,26.80563
8515,83.42921,26.80565
8516,83.42761,26.80627
8517,83.42786,26.80686
8518,83.43008,26.80561
8519,83.43207,26.80731
8520,83.43082,26.80628
8521,83.42578,26.81409
8522,83.42656,26.81559
8523,83.42620,26.81393
8524,83.42695,26.81542
8525,83.42621,26.81492
8526,83.42663,26.81478
8527,83.41767,26.76451
8528,83.41723,26.76210
8529,83.41574,26.76233
8530,83.41621,26.76202
8531,83.41614,26.76158
8532,83.41660,26.76195
8533,83.41652,26.76152
8534,83.41692,26.76191
8535,83.41686,26.76146
8536,83.41499,26.76372
8537,83.41460,26.76182
8538,83.41489,26.76308
8539,83.41541,26.76298
8540,83.41517,26.76303
8541,83.41693,26.76252
8542,83.41580,26.76270
8543,83.41589,26.76323
8544,83.41748,26.76307
8545,83.41617,26.81749
8546,83.41110,26.80655
8547,83.41105,26.81212
8548,83.41272,26.81148
8549,83.41398,26.81262
8550,83.41436,26.81243
8551,83.41506,26.81298
8552,83.41501,26.82118
8553,83.41582,26.82103
8554,83.42503,26.82243
8555,83.42623,26.82201
8556,83.42676,26.82190
8557,83.43063,26.81751
8558,83.41452,26.81706
8559,83.41477,26.81738
8560,83.41602,26.81731
8561,83.41539,26.81703
8562,83.41571,26.81747
8563,83.41546,26.81767
8564,83.41508,26.81721
8565,83.41469,26.81679
8566,83.41505,26.81722
8567,83.41494,26.81665
8568,83.41531,26.81708
8569,83.41523,26.81651
8570,83.41557,26.81693
8571,83.42267,26.81581
8572,83.42303,26.81524
8573,83.42219,26.81308
8574,83.41802,26.80391
8575,83.41120,26.80361
8576,83.41177,26.80413
8577,83.40933,26.80478
8578,83.40963,26.80471
8579,83.40974,26.80421
8580,83.42958,26.81843
8581,83.42492,26.82094
8582,83.42498,26.82130
8583,83.26314,26.72969
8584,83.26336,26.72989
8585,83.41714,26.76289
8586,83.41717,26.76312
8587,83.41687,26.76342
8588,83.41751,26.76333
8589,83.41692,26.76119
8590,83.41674,26.76148
8591,83.41525,26.76127
8592,83.41533,26.76171
8593,83.41471,26.76133
8594,83.41359,26.76093
8595,83.41338,26.76012
8596,83.41385,26.76002
8597,83.41517,26.76056
8598,83.41527,26.76097
8599,83.41553,26.76094
8600,83.41649,26.75988
8601,83.41637,26.75964
8602,83.41664,26.76030
8603,83.41654,26.76041
8604,83.41545,26.76061
8605,83.41747,26.75969
8606,83.41695,26.75979
8607,83.41760,26.75897
8608,83.41551,26.75780
8609,83.41623,26.75863
8610,83.41568,26.75876
8611,83.41948,26.75767
8612,83.42043,26.75796
8613,83.42033,26.75798
8614,83.41987,26.75778
8615,83.41997,26.75807
8616,83.42005,26.75780
8617,83.42077,26.75771
8618,83.42056,26.75697
8619,83.42161,26.75742
8620,83.42296,26.75626
8621,83.42317,26.75683
8622,83.42176,26.75755
8623,83.42189,26.75801
8624,83.42211,26.75759
8625,83.42230,26.75755
8626,83.42281,26.75748
8627,83.42324,26.75737
8628,83.42219,26.75652
8629,83.42192,26.75582
8630,83.42183,26.75551
8631,83.42153,26.75489
8632,83.42051,26.75587
8633,83.42083,26.75515
8634,83.42391,26.75465
8635,83.42399,26.75494
8636,83.42407,26.75399
8637,83.42458,26.75366
8638,83.42436,26.75326
8639,83.42374,26.75349
8640,83.42341,26.75304
8641,83.42474,26.75291
8642,83.42482,26.75217
8643,83.42416,26.75236
8644,83.42339,26.75261
8645,83.42433,26.75277
8646,83.42433,26.75278
8647,83.42339,26.75201
8648,83.42356,26.75255
8649,83.41975,26.75261
8650,83.41941,26.75271
8651,83.41488,26.75361
8652,83.41571,26.75337
8653,83.41460,26.75383
8654,83.41578,26.75351
8655,83.41464,26.75291
8656,83.41477,26.75325
8657,83.41527,26.75282
8658,83.41566,26.75298
8659,83.41529,26.75515
8660,83.41547,26.75427
8661,83.41604,26.75409
8662,83.41666,26.75477
8663,83.41663,26.75513
8664,83.41656,26.75442
8665,83.41831,26.75472
8666,83.41832,26.75506
8667,83.41683,26.75554
8668,83.41726,26.75591
8669,83.41811,26.75612
8670,83.41641,26.75652
8671,83.41636,26.75630
8672,83.42018,26.75706
8673,83.42001,26.75646
8674,83.41978,26.75592
8675,83.41950,26.75658
8676,83.41781,26.75528
8677,83.41799,26.75576
8678,83.41774,26.75584
8679,83.41776,26.75615
8680,83.41825,26.75584
8681,83.41919,26.75573
8682,83.41906,26.75791
8683,83.41873,26.75676
8684,83.41927,26.75785
8685,83.41905,26.75669
8686,83.41935,26.75730
8687,83.41946,26.75770
8688,83.41978,26.75726
8689,83.41938,26.75661
8690,83.41785,26.75614
8691,83.41749,26.75685
8692,83.41345,26.75766
8693,83.41300,26.75634
8694,83.41248,26.75592
8695,83.41265,26.75641
8696,83.41326,26.75499
8697,83.41140,26.75545
8698,83.41158,26.75598
8699,83.41213,26.75565
8700,83.41008,26.75572
8701,83.41027,26.75724
8702,83.41010,26.75704
8703,83.41172,26.75688
8704,83.41161,26.75715
8705,83.41131,26.75728
8706,83.41283,26.75705
8707,83.41316,26.75684
8708,83.41195,26.75656
8709,83.41230,26.75723
8710,83.41260,26.75680
8711,83.41219,26.75702
8712,83.41360,26.75620
8713,83.41395,26.75715
8714,83.41720,26.75441
8715,83.47653,26.85521
8716,83.47915,26.85973
8717,83.47864,26.85471
8718,83.48228,26.85413
8719,83.48163,26.85571
8720,83.47899,26.85597
8721,83.47750,26.85763
8722,83.47854,26.85989
8723,83.47864,26.86020
8724,83.29847,26.73932
8725,83.30572,26.74002
8726,83.30215,26.74038
8727,83.30148,26.74038
8728,83.29774,26.73903
8729,83.29769,26.73746
8730,83.29793,26.73715
8731,83.29794,26.73676
8732,83.29810,26.73875
8733,83.29809,26.73917
8734,83.30101,26.73884
8735,83.29923,26.73886
8736,83.30022,26.73784
8737,83.29909,26.73726
8738,83.30202,26.74038
8739,83.30160,26.73854
8740,83.30561,26.74000
8741,83.29902,26.73052
8742,83.29806,26.73001
8743,83.29596,26.72891
8744,83.29506,26.72933
8745,83.29941,26.73033
8746,83.30014,26.73166
8747,83.29958,26.73034
8748,83.29900,26.73001
8749,83.29853,26.73357
8750,83.29895,26.73707
8751,83.30206,26.73864
8752,83.30239,26.73741
8753,83.30323,26.73923
8754,83.30636,26.73994
8755,83.30592,26.73876
8756,83.30584,26.73848
8757,83.30545,26.73986
8758,83.30524,26.73824
8759,83.30528,26.73881
8760,83.30555,26.73873
8761,83.30508,26.73787
8762,83.30540,26.73782
8763,83.30077,26.73221
8764,83.30289,26.73147
8765,83.30522,26.73061
8766,83.30178,26.73171
8767,83.30173,26.72951
8768,83.30130,26.72931
8769,83.30165,26.72926
8770,83.30100,26.72929
8771,83.30133,26.72965
8772,83.30117,26.72938
8773,83.30370,26.72858
8774,83.30225,26.72929
8775,83.30032,26.73013
8776,83.30093,26.72994
8777,83.30167,26.72931
8778,83.30099,26.72799
8779,83.30049,26.72831
8780,83.30118,26.72924
8781,83.30108,26.72801
8782,83.29668,26.72532
8783,83.29719,26.72345
8784,83.29641,26.72360
8785,83.29801,26.72488
8786,83.29894,26.72612
8787,83.29652,26.72465
8788,83.29694,26.72454
8789,83.29653,26.72431
8790,83.29701,26.72435
8791,83.29746,26.72416
8792,83.29783,26.72749
8793,83.29879,26.72586
8794,83.29811,26.72609
8795,83.29789,26.72680
8796,83.29853,26.72708
8797,83.29683,26.72748
8798,83.29683,26.72712
8799,83.29682,26.72725
8800,83.29560,26.72748
8801,83.29714,26.72723
8802,83.29745,26.72959
8803,83.29926,26.72726
8804,83.29982,26.72467
8805,83.29965,26.72707
8806,83.29998,26.72790
8807,83.30012,26.72519
8808,83.29832,26.72515
8809,83.29914,26.72337
8810,83.29818,26.72412
8811,83.29717,26.72340
8812,83.29768,26.72326
8813,83.29564,26.72201
8814,83.29783,26.72540
8815,83.29835,26.72525
8816,83.29756,26.72467
8817,83.29913,26.72445
8818,83.29962,26.72430
8819,83.30014,26.72530
8820,83.42304,26.75252
8821,83.42270,26.75260
8822,83.42235,26.75302
8823,83.42229,26.75282
8824,83.42221,26.75262
8825,83.42199,26.75310
8826,83.42193,26.75291
8827,83.42186,26.75271
8828,83.42475,26.75260
8829,83.42465,26.75222
8830,83.42666,26.75310
8831,83.42648,26.75281
8832,83.42618,26.75293
8833,83.42692,26.75265
8834,83.42838,26.75300
8835,83.42758,26.75254
8836,83.42734,26.75196
8837,83.42698,26.75184
8838,83.42794,26.75141
8839,83.42723,26.75144
8840,83.42652,26.74945
8841,83.42672,26.74982
8842,83.42700,26.74971
8843,83.42623,26.75001
8844,83.42634,26.74997
8845,83.42616,26.74959
8846,83.42653,26.75025
8847,83.42639,26.74995
8848,83.42655,26.75070
8849,83.42689,26.75061
8850,83.42679,26.75112
8851,83.42707,26.75104
8852,83.42750,26.74890
8853,83.42780,26.74958
8854,83.42747,26.74946
8855,83.42699,26.74968
8856,83.42791,26.74910
8857,83.42821,26.74883
8858,83.42829,26.74924
8859,83.42860,26.74881
8860,83.42866,26.74919
8861,83.42899,26.74879
8862,83.42908,26.74920
8863,83.43062,26.74877
8864,83.42993,26.74929
8865,83.42969,26.74975
8866,83.42926,26.74983
8867,83.42847,26.75000
8868,83.42775,26.75025
8869,83.42772,26.74987
8870,83.42787,26.75020
8871,83.42889,26.74971
8872,83.42947,26.74904
8873,83.42951,26.74937
8874,83.43032,26.74899
8875,83.43035,26.74922
8876,83.43079,26.74878
8877,83.43127,26.74981
8878,83.43098,26.74935
8879,83.43075,26.74947
8880,83.42963,26.74956
8881,83.42960,26.74936
8882,83.43073,26.75020
8883,83.43146,26.75021
8884,83.43081,26.74998
8885,83.43093,26.75020
8886,83.43057,26.75091
8887,83.43037,26.75100
8888,83.43043,26.75062
8889,83.43101,26.75043
8890,83.42897,26.75011
8891,83.42906,26.75039
8892,83.42973,26.75042
8893,83.42985,26.75081
8894,83.31352,26.72449
8895,83.31722,26.72347
8896,83.31470,26.72331
8897,83.31767,26.72998
8898,83.31763,26.72998
8899,83.31588,26.72989
8900,83.31645,26.72840
8901,83.31451,26.72671
8902,83.31398,26.72472
8903,83.31687,26.72919
8904,83.31690,26.72842
8905,83.31727,26.72980
8906,83.31917,26.72782
8907,83.31841,26.72814
8908,83.31856,26.72848
8909,83.31706,26.72355
8910,83.31634,26.72237
8911,83.31656,26.72869
8912,83.31677,26.72924
8913,83.31718,26.73407
8914,83.31598,26.73127
8915,83.29975,26.72722
8916,83.30172,26.72702
8917,83.30120,26.72691
8918,83.30261,26.72698
8919,83.30144,26.72781
8920,83.29936,26.72669
8921,83.30062,26.72625
8922,83.30685,26.72759
8923,83.31002,26.72999
8924,83.30829,26.73926
8925,83.30880,26.73966
8926,83.30951,26.73892
8927,83.31005,26.73951
8928,83.31014,26.73900
8929,83.31035,26.73948
8930,83.30806,26.73081
8931,83.30777,26.72954
8932,83.30841,26.73204
8933,83.30927,26.73384
8934,83.31064,26.73724
8935,83.30984,26.73511
8936,83.30900,26.73541
8937,83.30873,26.73491
8938,83.30962,26.73462
8939,83.31107,26.73330
8940,83.31022,26.73149
8941,83.30709,26.73093
8942,83.30737,26.73090
8943,83.30749,26.73142
8944,83.30914,26.73117
8945,83.31311,26.73269
8946,83.31274,26.73207
8947,83.31486,26.73145
8948,83.31483,26.73105
8949,83.31372,26.73367
8950,83.31378,26.73382
8951,83.31417,26.73447
8952,83.31515,26.73507
8953,83.31542,26.73582
8954,83.31570,26.73668
8955,83.31579,26.73694
8956,83.31601,26.73762
8957,83.31663,26.73875
8958,83.31757,26.73517
8959,83.31400,26.73624
8960,83.31422,26.73708
8961,83.31160,26.73669
8962,83.31266,26.73921
8963,83.31485,26.73814
8964,83.31505,26.73893
8965,83.31563,26.73827
8966,83.31250,26.73412
8967,83.31293,26.73554
8968,83.31024,26.73653
8969,83.31172,26.73691
8970,83.31237,26.73563
8971,83.31285,26.73764
8972,83.31330,26.73829
8973,83.31355,26.73778
8974,83.31493,26.73446
8975,83.31767,26.73514
8976,83.31712,26.73394
8977,83.31839,26.73350
8978,83.31744,26.73314
8979,83.31769,26.73375
8980,83.31890,26.73476
8981,83.31981,26.73211
8982,83.31779,26.73600
8983,83.31789,26.73635
8984,83.31803,26.73690
8985,83.31873,26.73851
8986,83.31823,26.73685
8987,83.31423,26.73529
8988,83.31396,26.73459
8989,83.30210,26.72643
8990,83.30034,26.72486
8991,83.29904,26.72628
8992,83.29833,26.72656
8993,83.30207,26.72959
8994,83.30264,26.72993
8995,83.30238,26.72946
8996,83.30148,26.72889
8997,83.30011,26.72831
8998,83.30090,26.73817
8999,83.29895,26.73816
9000,83.29868,26.73863
9001,83.29752,26.73776
9002,83.29755,26.73782
9003,83.29829,26.73819
9004,83.31114,26.73939
9005,83.32756,26.71414
9006,83.33272,26.70367
9007,83.33261,26.70378
9008,83.33096,26.70332
9009,83.33127,26.70347
9010,83.33160,26.70327
9011,83.33109,26.70338
9012,83.33147,26.70361
9013,83.33253,26.70336
9014,83.33548,26.70334
9015,83.33518,26.70275
9016,83.33524,26.70361
9017,83.33511,26.70353
9018,83.33984,26.70425
9019,83.33970,26.70373
9020,83.33949,26.70307
9021,83.33845,26.70044
9022,83.34086,26.70406
9023,83.33927,26.70508
9024,83.33954,26.70434
9025,83.33938,26.70383
9026,83.33911,26.70391
9027,83.33971,26.70376
9028,83.34113,26.70358
9029,83.34006,26.70525
9030,83.34029,26.70605
9031,83.33451,26.70375
9032,83.32185,26.70494
9033,83.32472,26.70187
9034,83.32245,26.70682
9035,83.32276,26.70714
9036,83.33241,26.72305
9037,83.33231,26.72309
9038,83.33033,26.71027
9039,83.32973,26.71794
9040,83.32958,26.71520
9041,83.32058,26.70761
9042,83.32043,26.70796
9043,83.32965,26.71756
9044,83.32910,26.71772
9045,83.32875,26.71656
9046,83.33037,26.71650
9047,83.32995,26.71653
9048,83.32988,26.71880
9049,83.32860,26.71922
9050,83.32992,26.71907
9051,83.32857,26.71948
9052,83.33122,26.72370
9053,83.33043,26.71791
9054,83.32492,26.71621
9055,83.32863,26.71629
9056,83.32954,26.71640
9057,83.32765,26.71614
9058,83.32725,26.71558
9059,83.32677,26.71557
9060,83.32712,26.71121
9061,83.32583,26.71206
9062,83.32825,26.71211
9063,83.32642,26.71275
9064,83.32627,26.71452
9065,83.48368,26.85042
9066,83.38044,26.77368
9067,83.36845,26.78293
9068,83.36617,26.78239
9069,83.36435,26.77586
9070,83.37627,26.76497
9071,83.37617,26.76494
9072,83.36552,26.77110
9073,83.36555,26.77176
9074,83.37583,26.77340
9075,83.37570,26.77296
9076,83.38022,26.76633
9077,83.38363,26.76739
9078,83.38224,26.76772
9079,83.38461,26.76794
9080,83.38484,26.76879
9081,83.38511,26.76713
9082,83.38599,26.76791
9083,83.38357,26.76850
9084,83.38252,26.76874
9085,83.38218,26.76963
9086,83.38580,26.77034
9087,83.38585,26.77064
9088,83.38453,26.76870
9089,83.38539,26.77042
9090,83.38525,26.76994
9091,83.38382,26.77283
9092,83.38246,26.77321
9093,83.38376,26.77231
9094,83.38339,26.77201
9095,83.38279,26.77223
9096,83.38329,26.77249
9097,83.38293,26.77259
9098,83.38267,26.77190
9099,83.38439,26.77229
9100,83.38414,26.77174
9101,83.38385,26.77186
9102,83.38501,26.77253
9103,83.38441,26.77161
9104,83.38351,26.77153
9105,83.38375,26.77189
9106,83.38467,26.77145
9107,83.38491,26.77237
9108,83.38542,26.77200
9109,83.38479,26.77219
9110,83.38530,26.77191
9111,83.38487,26.77264
9112,83.38503,26.77307
9113,83.38457,26.77323
9114,83.38414,26.77341
9115,83.38516,26.77329
9116,83.38489,26.77377
9117,83.38530,26.77389
9118,83.38558,26.77316
9119,83.38563,26.77297
9120,83.38580,26.77227
9121,83.38510,26.77395
9122,83.38438,26.77413
9123,83.38284,26.77431
9124,83.38270,26.77387
9125,83.38527,26.77458
9126,83.38519,26.77429
9127,83.38434,26.77394
9128,83.38425,26.77389
9129,83.38410,26.77351
9130,83.38415,26.77342
9131,83.38263,26.77366
9132,83.41731,26.73026
9133,83.41692,26.74276
9134,83.41720,26.74302
9135,83.41671,26.74300
9136,83.41800,26.74425
9137,83.41866,26.74325
9138,83.41876,26.74319
9139,83.41790,26.74332
9140,83.41753,26.74296
9141,83.41805,26.74173
9142,83.41822,26.74189
9143,83.41785,26.74235
9144,83.41802,26.74254
9145,83.41869,26.74234
9146,83.41839,26.74206
9147,83.41785,26.74154
9148,83.41770,26.74219
9149,83.41821,26.74274
9150,83.41852,26.74309
9151,83.41888,26.74281
9152,83.41837,26.74292
9153,83.41886,26.74255
9154,83.41899,26.74210
9155,83.41772,26.74315
9156,83.41735,26.73926
9157,83.41689,26.73898
9158,83.41628,26.74234
9159,83.41531,26.74327
9160,83.41619,26.74159
9161,83.41673,26.74176
9162,83.41582,26.74078
9163,83.41613,26.74181
9164,83.41591,26.74043
9165,83.41657,26.74016
9166,83.41675,26.74021
9167,83.41737,26.73982
9168,83.41732,26.74019
9169,83.41681,26.73998
9170,83.41759,26.73901
9171,83.41810,26.73913
9172,83.41638,26.73817
9173,83.41650,26.74199
9174,83.41629,26.74212
9175,83.41746,26.74208
9176,83.41741,26.74126
9177,83.41733,26.74175
9178,83.41763,26.74095
9179,83.41711,26.74167
9180,83.41683,26.74157
9181,83.41762,26.74186
9182,83.41765,26.74040
9183,83.41778,26.74105
9184,83.41848,26.73996
9185,83.41820,26.74030
9186,83.41788,26.74007
9187,83.41856,26.74056
9188,83.41821,26.73961
9189,83.41666,26.73986
9190,83.41611,26.73969
9191,83.41684,26.73991
9192,83.41934,26.73947
9193,83.41889,26.73932
9194,83.41681,26.73913
9195,83.41751,26.73822
9196,83.41719,26.73758
9197,83.41695,26.73742
9198,83.41808,26.73666
9199,83.41870,26.73772
9200,83.41784,26.73810
9201,83.41749,26.73737
9202,83.41749,26.73584
9203,83.41898,26.73643
9204,83.41769,26.73633
9205,83.41726,26.73649
9206,83.41669,26.73654
9207,83.41824,26.73569
9208,83.41896,26.73547
9209,83.41772,26.73596
9210,83.41787,26.73541
9211,83.41880,26.73508
9212,83.41898,26.73539
9213,83.41892,26.73483
9214,83.41915,26.73385
9215,83.41733,26.73353
9216,83.41763,26.73389
9217,83.41713,26.73381
9218,83.41745,26.73408
9219,83.41791,26.73539
9220,83.41826,26.73387
9221,83.41723,26.73428
9222,83.41680,26.73402
9223,83.41804,26.73318
9224,83.41973,26.73337
9225,83.41702,26.73115
9226,83.41774,26.73078
9227,83.41500,26.72739
9228,83.41593,26.72711
9229,83.41470,26.72600
9230,83.41566,26.72575
9231,83.41594,26.72426
9232,83.41505,26.72356
9233,83.41474,26.72355
9234,83.41648,26.73030
9235,83.41650,26.73036
9236,83.41764,26.73216
9237,83.41686,26.73379
9238,83.41684,26.73387
9239,83.41592,26.73999
9240,83.41581,26.74082
9241,83.41579,26.74090
9242,83.41520,26.74237
9243,83.42654,26.75096
9244,83.41683,26.75647
9245,83.41703,26.75611
9246,83.41686,26.75647
9247,83.41940,26.75567
9248,83.41754,26.75553
9249,83.41767,26.75585
9250,83.41855,26.75544
9251,83.41916,26.75318
9252,83.42006,26.75662
9253,83.42045,26.75654
9254,83.42130,26.75630
9255,83.42146,26.75677
9256,83.42190,26.75477
9257,83.42225,26.75560
9258,83.42468,26.75668
9259,83.42611,26.75650
9260,83.42537,26.75693
9261,83.42618,26.75692
9262,83.42678,26.75688
9263,83.42619,26.75696
9264,83.42702,26.76091
9265,83.42716,26.76167
9266,83.42760,26.76160
9267,83.42744,26.76072
9268,83.42782,26.76035
9269,83.42803,26.76152
9270,83.42807,26.76054
9271,83.42838,26.76050
9272,83.42872,26.76044
9273,83.42879,26.76140
9274,83.42913,26.76039
9275,83.42920,26.76135
9276,83.42955,26.76033
9277,83.42964,26.76129
9278,83.42840,26.76013
9279,83.42832,26.75961
9280,83.42880,26.76023
9281,83.42877,26.75988
9282,83.42919,26.76014
9283,83.42916,26.75982
9284,83.42989,26.76126
9285,83.42794,26.76269
9286,83.42863,26.76259
9287,83.42883,26.76291
9288,83.42930,26.76285
9289,83.42909,26.76136
9290,83.42931,26.76294
9291,83.42969,26.76289
9292,83.42948,26.76131
9293,83.42918,26.76199
9294,83.42957,26.76193
9295,83.42997,26.76187
9296,83.42280,26.76454
9297,83.42237,26.76445
9298,83.42317,26.76389
9299,83.42511,26.76463
9300,83.42807,26.76343
9301,83.42584,26.76284
9302,83.42600,26.76370
9303,83.42623,26.76321
9304,83.42632,26.76371
9305,83.42645,26.76440
9306,83.42627,26.76339
9307,83.42718,26.76326
9308,83.42715,26.76310
9309,83.42725,26.76356
9310,83.42783,26.76432
9311,83.42766,26.76350
9312,83.42748,26.76444
9313,83.42734,26.76355
9314,83.42713,26.76423
9315,83.42702,26.76360
9316,83.42678,26.76424
9317,83.42669,26.76365
9318,83.42611,26.76434
9319,83.42549,26.76465
9320,83.42462,26.76388
9321,83.42471,26.76466
9322,83.42802,26.76023
9323,83.42798,26.75999
9324,83.42755,26.75805
9325,83.41198,26.75825
9326,83.41089,26.75763
9327,83.41139,26.75745
9328,83.41058,26.75751
9329,83.41129,26.75723
9330,83.40856,26.75775
9331,83.41027,26.75966
9332,83.41057,26.76003
9333,83.41016,26.75975
9334,83.41063,26.75937
9335,83.40940,26.75870
9336,83.40982,26.75825
9337,83.40941,26.75871
9338,83.40903,26.75900
9339,83.40852,26.75937
9340,83.40835,26.75913
9341,83.40878,26.75890
9342,83.40884,26.75933
9343,83.40858,26.75900
9344,83.40863,26.75950
9345,83.40901,26.75919
9346,83.42739,26.74271
9347,83.42766,26.74340
9348,83.42732,26.74253
9349,83.42723,26.74323
9350,83.42737,26.74353
9351,83.42758,26.74319
9352,83.42864,26.74280
9353,83.42788,26.74389
9354,83.42889,26.74404
9355,83.42733,26.74411
9356,83.42839,26.74404
9357,83.42805,26.74418
9358,83.42858,26.74396
9359,83.42660,26.74403
9360,83.42690,26.74392
9361,83.42624,26.74375
9362,83.42595,26.74455
9363,83.42624,26.74376
9364,83.42679,26.74369
9365,83.42634,26.74513
9366,83.42673,26.74502
9367,83.42637,26.74551
9368,83.42689,26.74542
9369,83.42727,26.74531
9370,83.42649,26.74591
9371,83.42701,26.74573
9372,83.42778,26.74569
9373,83.42709,26.74594
9374,83.42688,26.74618
9375,83.42895,26.74531
9376,83.42934,26.74316
9377,83.42994,26.74468
9378,83.43021,26.74450
9379,83.42974,26.74301
9380,83.43109,26.74326
9381,83.43056,26.74401
9382,83.42848,26.74563
9383,83.42874,26.74545
9384,83.42981,26.74437
9385,83.42928,26.74415
9386,83.43089,26.74732
9387,83.43149,26.74861
9388,83.42898,26.74689
9389,83.42961,26.74659
9390,83.42515,26.74739
9391,83.42508,26.74735
9392,83.41695,26.74762
9393,83.41641,26.74764
9394,83.41389,26.74776
9395,83.41119,26.74826
9396,83.41207,26.74797
9397,83.42508,26.74743
9398,83.42826,26.74734
9399,83.42941,26.74726
9400,83.42651,26.74780
9401,83.42737,26.74743
9402,83.42674,26.74760
9403,83.42708,26.74849
9404,83.42747,26.74796
9405,83.42695,26.74812
9406,83.42642,26.74811
9407,83.42688,26.74795
9408,83.42747,26.74824
9409,83.42818,26.74735
9410,83.42800,26.74758
9411,83.42835,26.74819
9412,83.42922,26.74734
9413,83.42952,26.74823
9414,83.42759,26.74809
9415,83.42812,26.74830
9416,83.42041,26.74089
9417,83.41962,26.74157
9418,83.41957,26.74276
9419,83.42025,26.74233
9420,83.41987,26.74258
9421,83.41987,26.74188
9422,83.41984,26.74138
9423,83.42049,26.74218
9424,83.41921,26.74192
9425,83.41948,26.74108
9426,83.41888,26.74157
9427,83.41848,26.74162
9428,83.41872,26.74142
9429,83.41931,26.74094
9430,83.42918,26.75057
9431,83.42977,26.75056
9432,83.43049,26.75060
9433,83.43114,26.74960
9434,83.43056,26.74953
9435,83.43025,26.74964
9436,83.43059,26.74997
9437,83.42824,26.74988
9438,83.42818,26.74963
9439,83.42849,26.75082
9440,83.42795,26.75086
9441,83.42692,26.74958
9442,83.42666,26.74970
9443,83.42192,26.75842
9444,83.42184,26.75802
9445,83.42153,26.75850
9446,83.42118,26.75855
9447,83.42110,26.75819
9448,83.42084,26.75863
9449,83.42075,26.75828
9450,83.42228,26.75834
9451,83.42219,26.75794
9452,83.42337,26.75863
9453,83.42247,26.75642
9454,83.41031,26.75847
9455,83.40951,26.75739
9456,83.40990,26.75799
9457,83.41059,26.75877
9458,83.41063,26.75829
9459,83.41132,26.75878
9460,83.41121,26.75752
9461,83.41137,26.75783
9462,83.41131,26.75586
9463,83.41159,26.75599
9464,83.41523,26.74561
9465,83.41558,26.74493
9466,83.41767,26.74410
9467,83.41740,26.74433
9468,83.41532,26.74457
9469,83.40740,26.74882
9470,83.40626,26.74892
9471,83.40473,26.74906
9472,83.40453,26.74908
9473,83.40356,26.74917
9474,83.40331,26.74919
9475,83.40285,26.74922
9476,83.40222,26.74927
9477,83.40194,26.74929
9478,83.40170,26.74931
9479,83.40118,26.74935
9480,83.40078,26.74938
9481,83.39865,26.74954
9482,83.39755,26.74967
9483,83.41605,26.74583
9484,83.44801,26.74698
9485,83.41527,26.74589
9486,83.41404,26.74687
9487,83.41238,26.74769
9488,83.41184,26.74680
9489,83.41206,26.74739
9490,83.41230,26.74774
9491,83.41215,26.74733
9492,83.41193,26.74748
9493,83.41307,26.74656
9494,83.41337,26.74695
9495,83.41462,26.74457
9496,83.41490,26.74422
9497,83.41528,26.74454
9498,83.41621,26.74514
9499,83.41601,26.74483
9500,83.41646,26.74485
9501,83.41612,26.74501
9502,83.41612,26.74539
9503,83.41728,26.74422
9504,83.41695,26.74415
9505,83.41699,26.74424
9506,83.41649,26.74453
9507,83.41634,26.74415
9508,83.41608,26.74424
9509,83.41583,26.74396
9510,83.41724,26.74301
9511,83.41790,26.74361
9512,83.41760,26.74387
9513,83.41805,26.74348
9514,83.41709,26.74312
9515,83.41775,26.74374
9516,83.41742,26.74369
9517,83.41757,26.74356
9518,83.41771,26.74344
9519,83.41723,26.74351
9520,83.41738,26.74339
9521,83.41753,26.74327
9522,83.41705,26.74334
9523,83.41720,26.74322
9524,83.41733,26.74309
9525,83.41726,26.74367
9526,83.41697,26.74391
9527,83.41514,26.74355
9528,83.41577,26.74402
9529,83.41686,26.74380
9530,83.41795,26.74357
9531,83.41838,26.74401
9532,83.41892,26.74323
9533,83.41917,26.74355
9534,83.41501,26.74506
9535,83.41535,26.74555
9536,83.41544,26.74568
9537,83.41527,26.74543
9538,83.41551,26.74529
9539,83.41538,26.74537
9540,83.41547,26.74548
9541,83.41557,26.74563
9542,83.41509,26.74539
9543,83.41520,26.74533
9544,83.41642,26.74478
9545,83.41662,26.74509
9546,83.41687,26.74477
9547,83.41653,26.74496
9548,83.41499,26.74494
9549,83.41280,26.74488
9550,83.41396,26.74613
9551,83.41582,26.74484
9552,83.41600,26.74728
9553,83.41637,26.74725
9554,83.41687,26.74720
9555,83.41691,26.74739
9556,83.41640,26.74742
9557,83.41603,26.74745
9558,83.41513,26.74701
9559,83.41514,26.74676
9560,83.32622,26.73269
9561,83.32599,26.73228
9562,83.32572,26.73204
9563,83.32438,26.72862
9564,83.32346,26.72658
9565,83.32268,26.72533
9566,83.31893,26.71972
9567,83.31998,26.72066
9568,83.32018,26.72104
9569,83.44284,26.84618
9570,83.45392,26.85793
9571,83.45387,26.85788
9572,83.44276,26.84626
9573,83.44269,26.84621
9574,83.42423,26.83448
9575,83.40833,26.82375
9576,83.40302,26.82011
9577,83.40076,26.81762
9578,83.39903,26.81408
9579,83.39572,26.80892
9580,83.39270,26.80372
9581,83.39153,26.80141
9582,83.39030,26.79900
9583,83.38893,26.79632
9584,83.38757,26.79350
9585,83.38728,26.79278
9586,83.38631,26.79044
9587,83.38588,26.78879
9588,83.42427,26.74103
9589,83.42441,26.74139
9590,83.42503,26.74303
9591,83.42545,26.74284
9592,83.42488,26.74269
9593,83.42527,26.74252
9594,83.42389,26.74005
9595,83.42471,26.74097
9596,83.42537,26.74138
9597,83.42478,26.74018
9598,83.42508,26.74002
9599,83.42539,26.73980
9600,83.42646,26.74029
9601,83.42946,26.74196
9602,83.42634,26.74290
9603,83.42660,26.74202
9604,83.42670,26.74107
9605,83.42598,26.73926
9606,83.42753,26.74062
9607,83.42698,26.74145
9608,83.42668,26.74104
9609,83.42712,26.74117
9610,83.42775,26.74106
9611,83.42764,26.74091
9612,83.42724,26.74004
9613,83.42797,26.74222
9614,83.42728,26.74244
9615,83.42791,26.74284
9616,83.42750,26.74299
9617,83.42713,26.73885
9618,83.42661,26.73984
9619,83.42700,26.73929
9620,83.42552,26.73897
9621,83.42581,26.73933
9622,83.42602,26.73849
9623,83.42646,26.73903
9624,83.42700,26.73869
9625,83.42660,26.73827
9626,83.42712,26.73880
9627,83.42738,26.73791
9628,83.42697,26.73822
9629,83.42768,26.73932
9630,83.42814,26.73910
9631,83.42878,26.74118
9632,83.42857,26.74067
9633,83.42835,26.74075
9634,83.42899,26.74052
9635,83.42899,26.74143
9636,83.42829,26.74174
9637,83.42840,26.74200
9638,83.43016,26.74343
9639,83.43088,26.74302
9640,83.43061,26.74118
9641,83.43030,26.74140
9642,83.43129,26.74071
9643,83.43052,26.73960
9644,83.43099,26.74092
9645,83.42860,26.73907
9646,83.42829,26.73850
9647,83.43106,26.73819
9648,83.42968,26.73795
9649,83.43026,26.73847
9650,83.42923,26.73787
9651,83.42987,26.73861
9652,83.42905,26.73756
9653,83.42737,26.73743
9654,83.42742,26.73795
9655,83.42710,26.73674
9656,83.42946,26.73712
9657,83.43032,26.73671
9658,83.42895,26.73698
9659,83.42861,26.73607
9660,83.42837,26.73574
9661,83.42909,26.73540
9662,83.43085,26.73662
9663,83.43121,26.73655
9664,83.43013,26.73592
9665,83.42935,26.73490
9666,83.42989,26.73556
9667,83.42986,26.73452
9668,83.43074,26.73408
9669,83.43104,26.73342
9670,83.42992,26.73255
9671,83.43031,26.73300
9672,83.41659,26.72541
9673,83.41636,26.72658
9674,83.41584,26.72682
9675,83.41642,26.72822
9676,83.41734,26.72763
9677,83.41662,26.72869
9678,83.41675,26.72904
9679,83.41691,26.72937
9680,83.41789,26.72902
9681,83.41871,26.72964
9682,83.41809,26.72947
9683,83.41707,26.72979
9684,83.31816,26.71985
9685,83.32083,26.72224
9686,83.32032,26.72150
9687,83.31974,26.72121
9688,83.32751,26.72604
9689,83.32729,26.72552
9690,83.32678,26.72441
9691,83.32924,26.72309
9692,83.32816,26.72594
9693,83.32786,26.72525
9694,83.32979,26.72433
9695,83.32724,26.72029
9696,83.32791,26.72074
9697,83.33015,26.72012
9698,83.32782,26.72052
9699,83.32883,26.72022
9700,83.32947,26.72004
9701,83.33010,26.71988
9702,83.33136,26.72262
9703,83.33185,26.72335
9704,83.33381,26.72235
9705,83.33321,26.72340
9706,83.33280,26.72372
9707,83.33549,26.72120
9708,83.33593,26.72165
9709,83.33627,26.72146
9710,83.33706,26.72164
9711,83.33511,26.72133
9712,83.33392,26.72562
9713,83.33492,26.72492
9714,83.33534,26.72455
9715,83.33585,26.72300
9716,83.33364,26.72151
9717,83.33294,26.71995
9718,83.33076,26.71985
9719,83.33164,26.71974
9720,83.33252,26.72008
9721,83.33213,26.71925
9722,83.33471,26.71851
9723,83.33620,26.71752
9724,83.34255,26.71405
9725,83.33569,26.71786
9726,83.33443,26.71864
9727,83.33294,26.71730
9728,83.33118,26.71831
9729,83.33054,26.71836
9730,83.33115,26.71778
9731,83.33157,26.71761
9732,83.33171,26.71838
9733,83.33553,26.71623
9734,83.33683,26.71832
9735,83.33400,26.71326
9736,83.33122,26.70874
9737,83.33159,26.70887
9738,83.33167,26.70891
9739,83.34256,26.71559
9740,83.33499,26.71202
9741,83.33363,26.71257
9742,83.33404,26.70841
9743,83.32944,26.71261
9744,83.32905,26.70880
9745,83.32789,26.70928
9746,83.32827,26.70915
9747,83.32797,26.70989
9748,83.32922,26.71038
9749,83.32866,26.71038
9750,83.32933,26.71110
9751,83.32937,26.71101
9752,83.33020,26.71112
9753,83.32944,26.71016
9754,83.33014,26.71259
9755,83.32748,26.71539
9756,83.32748,26.71872
9757,83.33321,26.71482
9758,83.33268,26.71384
9759,83.33126,26.71433
9760,83.33422,26.71678
9761,83.33456,26.71428
9762,83.33385,26.71609
9763,83.33516,26.71553
9764,83.33405,26.71818
9765,83.33409,26.71767
9766,83.33498,26.71646
9767,83.33513,26.71639
9768,83.33701,26.71953
9769,83.33648,26.71861
9770,83.33825,26.72130
9771,83.34291,26.71929
9772,83.33950,26.71928
9773,83.33726,26.72157
9774,83.33748,26.72157
9775,83.33771,26.72147
9776,83.33595,26.72107
9777,83.33494,26.71978
9778,83.33757,26.71786
9779,83.33871,26.71964
9780,83.33945,26.71930
9781,83.33949,26.71879
9782,83.34060,26.71915
9783,83.34057,26.71993
9784,83.33827,26.72145
9785,83.34019,26.72066
9786,83.33319,26.71801
9787,83.33323,26.71746
9788,83.42554,26.73483
9789,83.42457,26.73213
9790,83.42467,26.73157
9791,83.42357,26.73088
9792,83.42409,26.73150
9793,83.42451,26.73069
9794,83.42634,26.73135
9795,83.42529,26.73160
9796,83.42546,26.73121
9797,83.42475,26.73166
9798,83.42510,26.73220
9799,83.42530,26.72952
9800,83.42579,26.73050
9801,83.42612,26.73031
9802,83.42580,26.72982
9803,83.42629,26.73055
9804,83.42530,26.72980
9805,83.42580,26.72881
9806,83.42505,26.72963
9807,83.42601,26.72879
9808,83.42622,26.72927
9809,83.42768,26.73100
9810,83.42697,26.73027
9811,83.42678,26.73125
9812,83.42657,26.73092
9813,83.42609,26.73308
9814,83.42642,26.73343
9815,83.42645,26.73281
9816,83.42667,26.73329
9817,83.42628,26.73208
9818,83.42668,26.73191
9819,83.42696,26.73209
9820,83.42706,26.73174
9821,83.42736,26.73267
9822,83.42825,26.73213
9823,83.42773,26.73232
9824,83.42779,26.73060
9825,83.42800,26.73121
9826,83.42886,26.73305
9827,83.42769,26.72869
9828,83.42794,26.72921
9829,83.42705,26.72873
9830,83.42757,26.72947
9831,83.42902,26.72967
9832,83.42952,26.72949
9833,83.42941,26.72910
9834,83.42957,26.72969
9835,83.42886,26.72926
9836,83.42889,26.73032
9837,83.42988,26.73081
9838,83.42998,26.73130
9839,83.42582,26.73571
9840,83.42593,26.73411
9841,83.42477,26.73396
9842,83.42472,26.73224
9843,83.42578,26.73597
9844,83.42606,26.73619
9845,83.42534,26.73522
9846,83.42495,26.73549
9847,83.42505,26.73310
9848,83.42543,26.73355
9849,83.42371,26.73395
9850,83.42345,26.73295
9851,83.42382,26.73343
9852,83.42322,26.73132
9853,83.42282,26.73275
9854,83.42313,26.73317
9855,83.43029,26.73029
9856,83.43058,26.73046
9857,83.42639,26.72609
9858,83.42667,26.72323
9859,83.42690,26.72315
9860,83.42682,26.72295
9861,83.42711,26.72374
9862,83.42861,26.72499
9863,83.42804,26.72519
9864,83.42972,26.72497
9865,83.42959,26.72521
9866,83.42916,26.72497
9867,83.42911,26.72410
9868,83.42924,26.72453
9869,83.42961,26.72498
9870,83.43080,26.72455
9871,83.43062,26.72494
9872,83.43041,26.72556
9873,83.43025,26.72488
9874,83.43022,26.72467
9875,83.43000,26.72441
9876,83.42899,26.72406
9877,83.42850,26.72377
9878,83.42985,26.72389
9879,83.43032,26.72372
9880,83.43054,26.72430
9881,83.42942,26.72425
9882,83.42837,26.72250
9883,83.42883,26.72366
9884,83.42660,26.72305
9885,83.42687,26.72380
9886,83.42719,26.72465
9887,83.42731,26.72508
9888,83.42686,26.72497
9889,83.42757,26.72500
9890,83.42787,26.72731
9891,83.42810,26.72778
9892,83.42998,26.72677
9893,83.42907,26.72681
9894,83.42876,26.72626
9895,83.42930,26.72720
9896,83.43042,26.72692
9897,83.43051,26.72824
9898,83.43002,26.72838
9899,83.42989,26.72695
9900,83.42776,26.72794
9901,83.42802,26.72855
9902,83.42744,26.72810
9903,83.42765,26.72857
9904,83.42766,26.72533
9905,83.42687,26.72645
9906,83.42671,26.72596
9907,83.42676,26.72611
9908,83.42734,26.72596
9909,83.42691,26.72644
9910,83.42686,26.72736
9911,83.42578,26.72850
9912,83.42537,26.72877
9913,83.42497,26.72878
9914,83.41540,26.72338
9915,83.41620,26.72413
9916,83.41707,26.72394
9917,83.41781,26.72364
9918,83.41856,26.72330
9919,83.41847,26.72591
9920,83.41651,26.72486
9921,83.41648,26.72545
9922,83.41943,26.72458
9923,83.41944,26.72461
9924,83.41934,26.72434
9925,83.41967,26.72515
9926,83.41769,26.72438
9927,83.41809,26.72421
9928,83.41799,26.72466
9929,83.41777,26.72365
9930,83.41663,26.72404
9931,83.41678,26.72443
9932,83.41641,26.72614
9933,83.41691,26.72739
9934,83.41616,26.72764
9935,83.41853,26.72605
9936,83.41769,26.72680
9937,83.41775,26.72693
9938,83.41843,26.72932
9939,83.41815,26.72873
9940,83.42162,26.72373
9941,83.42219,26.72348
9942,83.42167,26.72308
9943,83.42027,26.72390
9944,83.41967,26.72297
9945,83.41917,26.72498
9946,83.41965,26.72744
9947,83.41829,26.72903
9948,83.41873,26.72887
9949,83.41897,26.72938
9950,83.41726,26.72561
9951,83.41746,26.72585
9952,83.41772,26.72626
9953,83.41791,26.72672
9954,83.41813,26.72709
9955,83.42156,26.72556
9956,83.42123,26.72604
9957,83.42150,26.72402
9958,83.42100,26.72554
9959,83.42120,26.72597
9960,83.42140,26.72560
9961,83.42110,26.72456
9962,83.42062,26.72468
9963,83.42120,26.72410
9964,83.42339,26.72396
9965,83.42381,26.72383
9966,83.42418,26.72367
9967,83.42437,26.72420
9968,83.42470,26.72414
9969,83.42564,26.72417
9970,83.42452,26.72357
9971,83.42503,26.72384
9972,83.42363,26.72336
9973,83.42379,26.72379
9974,83.42400,26.72433
9975,83.42296,26.72495
9976,83.42328,26.72576
9977,83.42223,26.72535
9978,83.42028,26.72652
9979,83.42060,26.72745
9980,83.42227,26.72321
9981,83.42230,26.72424
9982,83.42179,26.72636
9983,83.42202,26.72706
9984,83.42335,26.72574
9985,83.42385,26.72662
9986,83.42381,26.72564
9987,83.42410,26.72634
9988,83.42487,26.72449
9989,83.41885,26.72861
9990,83.42011,26.72758
9991,83.42267,26.72731
9992,83.42306,26.72828
9993,83.42262,26.72844
9994,83.42230,26.72771
9995,83.42152,26.72751
9996,83.42198,26.72738
9997,83.42112,26.72762
9998,83.42183,26.72842
9999,83.42161,26.72793
10000,83.42102,26.72736
10001,83.42125,26.72822
10002,83.42168,26.72791
10003,83.42218,26.72858
10004,83.42169,26.72937
10005,83.42168,26.72935
10006,83.42168,26.72931
10007,83.42293,26.72905
10008,83.42406,26.72828
10009,83.42430,26.72885
10010,83.42430,26.72890
10011,83.42430,26.72891
10012,83.42497,26.72880
10013,83.42431,26.72883
10014,83.42274,26.72910
10015,83.42276,26.72915
10016,83.42276,26.72917
10017,83.42200,26.72991
10018,83.42095,26.73177
10019,83.42172,26.73212
10020,83.42048,26.73217
10021,83.42128,26.73202
10022,83.42095,26.73260
10023,83.42088,26.73207
10024,83.42085,26.73243
10025,83.42058,26.73298
10026,83.42117,26.73124
10027,83.42028,26.73101
10028,83.41990,26.73162
10029,83.42001,26.73111
10030,83.41920,26.73093
10031,83.41891,26.73176
10032,83.41957,26.73169
10033,83.41899,26.73146
10034,83.41926,26.73185
10035,83.41943,26.73207
10036,83.41914,26.73235
10037,83.41969,26.73192
10038,83.42090,26.73189
10039,83.41945,26.73146
10040,83.42011,26.73338
10041,83.41952,26.73318
10042,83.42000,26.73291
10043,83.42029,26.73268
10044,83.42253,26.73129
10045,83.42292,26.73170
10046,83.41963,26.73040
10047,83.41995,26.73113
10048,83.41797,26.73011
10049,83.41968,26.72976
10050,83.41986,26.73031
10051,83.41933,26.73011
10052,83.41947,26.73046
10053,83.42040,26.72979
10054,83.42141,26.72990
10055,83.42088,26.72953
10056,83.42160,26.72960
10057,83.42385,26.72994
10058,83.42412,26.73020
10059,83.42273,26.73075
10060,83.42339,26.73111
10061,83.42232,26.73039
10062,83.42272,26.73001
10063,83.42356,26.72984
10064,83.42379,26.72964
10065,83.42351,26.72903
10066,83.42434,26.72932
10067,83.42460,26.72961
10068,83.42496,26.72885
10069,83.41981,26.73918
10070,83.42039,26.73916
10071,83.42052,26.73958
10072,83.42082,26.73950
10073,83.42006,26.73971
10074,83.42018,26.74062
10075,83.42090,26.74100
10076,83.42078,26.74027
10077,83.42044,26.74093
10078,83.42123,26.74050
10079,83.42202,26.74023
10080,83.42122,26.73956
10081,83.42100,26.73899
10082,83.42076,26.73905
10083,83.42149,26.73890
10084,83.42047,26.73805
10085,83.41892,26.74126
10086,83.41931,26.74122
10087,83.41903,26.74173
10088,83.41823,26.74101
10089,83.41853,26.74128
10090,83.42000,26.74124
10091,83.41994,26.74068
10092,83.41980,26.74052
10093,83.42025,26.74102
10094,83.42039,26.74170
10095,83.42020,26.74182
10096,83.42084,26.74141
10097,83.42035,26.74201
10098,83.42100,26.74160
10099,83.42059,26.74110
10100,83.41996,26.74037
10101,83.41968,26.74030
10102,83.41920,26.74084
10103,83.41966,26.74001
10104,83.41902,26.74069
10105,83.41885,26.74054
10106,83.41912,26.74110
10107,83.41830,26.74147
10108,83.43003,26.72852
10109,83.42399,26.73735
10110,83.42145,26.73673
10111,83.42170,26.73713
10112,83.42200,26.73752
10113,83.42206,26.73785
10114,83.42199,26.73786
10115,83.42206,26.73829
10116,83.42195,26.73917
10117,83.42170,26.73793
10118,83.42238,26.73876
10119,83.42259,26.73950
10120,83.42232,26.73755
10121,83.42428,26.73786
10122,83.42430,26.73751
10123,83.42367,26.73786
10124,83.42312,26.73720
10125,83.42265,26.73751
10126,83.42235,26.73695
10127,83.42246,26.73710
10128,83.42273,26.73782
10129,83.42276,26.73790
10130,83.42286,26.73840
10131,83.42398,26.73864
10132,83.42324,26.73913
10133,83.42395,26.73810
10134,83.42416,26.73810
10135,83.42436,26.73877
10136,83.42460,26.73905
10137,83.42488,26.73865
10138,83.42404,26.73665
10139,83.42513,26.73830
10140,83.42296,26.73696
10141,83.42356,26.73665
10142,83.42381,26.73704
10143,83.42482,26.73642
10144,83.42446,26.73675
10145,83.42464,26.73550
10146,83.42377,26.73398
10147,83.42394,26.73431
10148,83.42449,26.73489
10149,83.42284,26.73520
10150,83.42156,26.73719
10151,83.42168,26.73752
10152,83.42126,26.73729
10153,83.42142,26.73771
10154,83.42078,26.73745
10155,83.42186,26.73706
10156,83.42201,26.73743
10157,83.42098,26.73545
10158,83.41984,26.73563
10159,83.41966,26.73611
10160,83.41940,26.73590
10161,83.42286,26.73580
10162,83.42227,26.73636
10163,83.42266,26.73556
10164,83.42310,26.73611
10165,83.42114,26.73648
10166,83.42217,26.73553
10167,83.42302,26.73661
10168,83.42329,26.73575
10169,83.42356,26.73615
10170,83.42390,26.73524
10171,83.42262,26.73492
10172,83.42128,26.73514
10173,83.42161,26.73549
10174,83.41995,26.73452
10175,83.42033,26.73420
10176,83.42096,26.73483
10177,83.42069,26.73390
10178,83.42108,26.73358
10179,83.42169,26.73411
10180,83.42215,26.73331
10181,83.42208,26.73405
10182,83.42231,26.73447
10183,83.42277,26.73425
10184,83.44783,26.74696
10185,83.41399,26.74776
10186,83.41403,26.74728
10187,83.41189,26.74699
10188,83.41175,26.74658
10189,83.33035,26.70860
10190,83.32994,26.70925
10191,83.33159,26.70792
10192,83.33105,26.70883
10193,83.33108,26.70897
10194,83.33099,26.70893
10195,83.33102,26.70906
10196,83.33173,26.70795
10197,83.33241,26.70778
10198,83.33093,26.70902
10199,83.33251,26.71820
10200,83.33252,26.71868
10201,83.33147,26.71776
10202,83.33750,26.71668
10203,83.33694,26.71509
10204,83.33776,26.71467
10205,83.33707,26.71540
10206,83.33674,26.71565
10207,83.32898,26.71117
10208,83.31821,26.71592
10209,83.32814,26.71757
10210,83.32770,26.71772
10211,83.32850,26.71994
10212,83.32832,26.72036
10213,83.31965,26.72078
10214,83.33868,26.70728
10215,83.34255,26.71370
10216,83.34028,26.70959
10217,83.34261,26.70877
10218,83.33774,26.73225
10219,83.31807,26.71982
10220,83.31887,26.72115
10221,83.32531,26.71681
10222,83.33736,26.71549
10223,83.34095,26.72162
10224,83.31946,26.72825
10225,83.32196,26.73227
10226,83.32159,26.73200
10227,83.32063,26.73059
10228,83.32224,26.73259
10229,83.31957,26.72674
10230,83.31903,26.72748
10231,83.32294,26.72574
10232,83.32118,26.72748
10233,83.32220,26.72714
10234,83.32377,26.72716
10235,83.32235,26.72778
10236,83.32111,26.73038
10237,83.32144,26.73026
10238,83.32442,26.72878
10239,83.32185,26.73010
10240,83.32168,26.73099
10241,83.32097,26.72929
10242,83.32014,26.72954
10243,83.32064,26.72940
10244,83.32170,26.73208
10245,83.32405,26.72767
10246,83.32508,26.73252
10247,83.32419,26.73094
10248,83.32506,26.73068
10249,83.32454,26.72921
10250,83.32518,26.72900
10251,83.32611,26.72731
10252,83.32540,26.72807
10253,83.32599,26.72782
10254,83.32605,26.72669
10255,83.32546,26.73278
10256,83.32624,26.73274
10257,83.32495,26.73222
10258,83.32878,26.72479
10259,83.32899,26.72520
10260,83.32992,26.72582
10261,83.32939,26.72601
10262,83.32786,26.72651
10263,83.32643,26.72740
10264,83.32745,26.72715
10265,83.32764,26.72715
10266,83.33027,26.72412
10267,83.33135,26.72601
10268,83.33291,26.72806
10269,83.33222,26.72705
10270,83.33197,26.72672
10271,83.32963,26.72606
10272,83.33105,26.72557
10273,83.33187,26.72538
10274,83.33175,26.72447
10275,83.33903,26.73286
10276,83.33909,26.73482
10277,83.34018,26.73454
10278,83.34033,26.73322
10279,83.34105,26.73244
10280,83.34105,26.73234
10281,83.34160,26.72966
10282,83.34409,26.72867
10283,83.34251,26.72928
10284,83.32845,26.73262
10285,83.32761,26.73217
10286,83.32839,26.73166
10287,83.33327,26.73061
10288,83.33014,26.73255
10289,83.32928,26.73384
10290,83.33019,26.73253
10291,83.32916,26.73114
10292,83.32942,26.73220
10293,83.32878,26.73209
10294,83.32955,26.73239
10295,83.32878,26.73134
10296,83.33261,26.72999
10297,83.33374,26.72383
10298,83.33335,26.72351
10299,83.33391,26.72335
10300,83.33340,26.72474
10301,83.33416,26.72427
10302,83.33255,26.72641
10303,83.33210,26.72689
10304,83.33251,26.72666
10305,83.33276,26.72676
10306,83.33429,26.72638
10307,83.33341,26.72705
10308,83.33448,26.72671
10309,83.33327,26.72747
10310,83.33365,26.72687
10311,83.33384,26.72711
10312,83.33410,26.72748
10313,83.33385,26.72671
10314,83.33409,26.72696
10315,83.33427,26.72717
10316,83.33358,26.72727
10317,83.33384,26.72761
10318,83.33325,26.72678
10319,83.33230,26.72790
10320,83.33266,26.72771
10321,83.33525,26.72801
10322,83.33352,26.72826
10323,83.32985,26.73196
10324,83.33066,26.73151
10325,83.33088,26.73140
10326,83.33119,26.73180
10327,83.32807,26.73065
10328,83.33084,26.73318
10329,83.33121,26.73345
10330,83.32977,26.73279
10331,83.33419,26.73203
10332,83.33351,26.73239
10333,83.33261,26.73260
10334,83.33346,26.73241
10335,83.33229,26.73205
10336,83.33292,26.73112
10337,83.33372,26.73227
10338,83.33317,26.73114
10339,83.33169,26.73442
10340,83.33813,26.73215
10341,83.33773,26.73205
10342,83.33760,26.73232
10343,83.33765,26.73210
10344,83.33500,26.73308
10345,83.33575,26.72483
10346,83.33532,26.72449
10347,83.33466,26.72512
10348,83.33545,26.72587
10349,83.33679,26.72807
10350,83.33610,26.72753
10351,83.33726,26.72481
10352,83.33754,26.72421
10353,83.33726,26.72377
10354,83.33760,26.72411
10355,83.33654,26.72572
10356,83.33688,26.72529
10357,83.33728,26.72558
10358,83.33709,26.72503
10359,83.33760,26.72539
10360,83.33851,26.72579
10361,83.33681,26.72537
10362,83.33740,26.72606
10363,83.33690,26.72958
10364,83.33837,26.72675
10365,83.33889,26.72608
10366,83.34118,26.72571
10367,83.33535,26.72803
10368,83.33742,26.72941
10369,83.33811,26.72920
10370,83.33795,26.72970
10371,83.33696,26.72957
10372,83.33729,26.73130
10373,83.33941,26.73061
10374,83.33914,26.72936
10375,83.34076,26.73231
10376,83.33712,26.73255
10377,83.33680,26.73183
10378,83.33549,26.72995
10379,83.33624,26.72970
10380,83.33490,26.72991
10381,83.33471,26.72970
10382,83.33609,26.72945
10383,83.33574,26.72943
10384,83.33395,26.73166
10385,83.33360,26.73013
10386,83.33365,26.73275
10387,83.33396,26.73287
10388,83.33365,26.73231
10389,83.33442,26.73142
10390,83.33299,26.73028
10391,83.33298,26.72895
10392,83.33368,26.73025
10393,83.33562,26.72864
10394,83.33392,26.73027
10395,83.33369,26.72862
10396,83.33344,26.72872
10397,83.33449,26.72966
10398,83.33451,26.73005
10399,83.33650,26.73278
10400,83.33631,26.73251
10401,83.33600,26.73127
10402,83.33484,26.73167
10403,83.33724,26.73141
10404,83.33733,26.73137
10405,83.33569,26.72860
10406,83.33528,26.72806
10407,83.33386,26.72565
10408,83.33187,26.73301
10409,83.33215,26.73329
10410,83.32906,26.73753
10411,83.32918,26.73557
10412,83.32923,26.73806
10413,83.32802,26.73754
10414,83.32283,26.73802
10415,83.32248,26.73735
10416,83.32214,26.73742
10417,83.32273,26.73725
10418,83.32264,26.73766
10419,83.32300,26.73750
10420,83.32879,26.73563
10421,83.32743,26.73586
10422,83.32811,26.73591
10423,83.32714,26.73343
10424,83.32671,26.73649
10425,83.32639,26.73514
10426,83.32795,26.73439
10427,83.32563,26.73465
10428,83.32577,26.73444
10429,83.32612,26.73440
10430,83.32565,26.73411
10431,83.32551,26.73324
10432,83.32401,26.73301
10433,83.32217,26.73376
10434,83.31858,26.73677
10435,83.32147,26.73487
10436,83.31850,26.73757
10437,83.32145,26.72962
10438,83.32171,26.73016
10439,83.32609,26.73329
10440,83.32623,26.73390
10441,83.32653,26.73368
10442,83.32652,26.73333
10443,83.32912,26.73567
10444,83.33145,26.73752
10445,83.33042,26.73778
10446,83.33130,26.73733
10447,83.33057,26.73771
10448,83.33044,26.73749
10449,83.32959,26.73772
10450,83.33120,26.73708
10451,83.33083,26.73902
10452,83.33046,26.73839
10453,83.33444,26.72839
10454,83.33245,26.73108
10455,83.33279,26.73169
10456,83.33037,26.73275
10457,83.33079,26.73253
10458,83.33177,26.73453
10459,83.33161,26.73439
10460,83.33252,26.73409
10461,83.33863,26.73401
10462,83.33904,26.73355
10463,83.33777,26.73232
10464,83.33657,26.73217
10465,83.33565,26.72775
10466,83.33588,26.72824
10467,83.33575,26.72791
10468,83.33604,26.72775
10469,83.33597,26.72758
10470,83.32174,26.73176
10471,83.32245,26.73142
10472,83.38589,26.82207
10473,83.38657,26.82329
10474,83.38582,26.82367
10475,83.38781,26.82413
10476,83.38722,26.82310
10477,83.38645,26.82194
10478,83.38793,26.82265
10479,83.38753,26.82362
10480,83.38928,26.82281
10481,83.38828,26.82327
10482,83.38752,26.82168
10483,83.38846,26.82319
10484,83.38806,26.82289
10485,83.38909,26.82244
10486,83.38968,26.82119
10487,83.38911,26.82249
10488,83.38981,26.82217
10489,83.38918,26.82200
10490,83.38892,26.82214
10491,83.39427,26.82227
10492,83.39347,26.82032
10493,83.39349,26.82031
10494,83.39356,26.82030
10495,83.38941,26.82305
10496,83.39111,26.82227
10497,83.39118,26.82084
10498,83.39186,26.82198
10499,83.39291,26.82045
10500,83.39155,26.82211
10501,83.39220,26.82326
10502,83.39139,26.82360
10503,83.39430,26.82237
10504,83.39256,26.82220
10505,83.39234,26.82178
10506,83.39288,26.82214
10507,83.39264,26.82166
10508,83.39294,26.82153
10509,83.39354,26.82190
10510,83.39453,26.82120
10511,83.39451,26.82111
10512,83.39457,26.82006
10513,83.39359,26.82029
10514,83.39450,26.82107
10515,83.39565,26.82164
10516,83.39663,26.82211
10517,83.39777,26.82267
10518,83.39478,26.82204
10519,83.39444,26.82275
10520,83.39487,26.82274
10521,83.39478,26.82208
10522,83.39567,26.82204
10523,83.39503,26.82438
10524,83.39526,26.82352
10525,83.39482,26.82376
10526,83.39582,26.82412
10527,83.39765,26.82272
10528,83.39773,26.82268
10529,83.38867,26.82142
10530,83.38703,26.81765
10531,83.38672,26.81854
10532,83.38662,26.81812
10533,83.38720,26.81822
10534,83.38792,26.81799
10535,83.38801,26.81779
10536,83.38781,26.81729
10537,83.38765,26.81699
10538,83.38876,26.81665
10539,83.38740,26.81651
10540,83.38696,26.81769
10541,83.38682,26.81669
10542,83.38601,26.81566
10543,83.38566,26.81414
10544,83.38544,26.81310
10545,83.38519,26.81185
10546,83.38395,26.81603
10547,83.38703,26.81483
10548,83.38687,26.81473
10549,83.38716,26.81426
10550,83.38663,26.81286
10551,83.38690,26.81358
10552,83.38619,26.81435
10553,83.38593,26.81300
10554,83.38617,26.81149
10555,83.38612,26.81388
10556,83.38696,26.81373
10557,83.38603,26.81345
10558,83.38680,26.81330
10559,83.38535,26.81265
10560,83.38649,26.81244
10561,83.38571,26.81258
10562,83.38554,26.81170
10563,83.38566,26.81229
10564,83.38639,26.81215
10565,83.38396,26.81335
10566,83.38371,26.81230
10567,83.38375,26.81247
10568,83.38711,26.81161
10569,83.38312,26.81455
10570,83.38374,26.81445
10571,83.38352,26.81342
10572,83.38319,26.81454
10573,83.38336,26.81501
10574,83.38576,26.81458
10575,83.38436,26.81435
10576,83.38446,26.81481
10577,83.38471,26.81590
10578,83.38558,26.81574
10579,83.38533,26.81465
10580,83.38429,26.81560
10581,83.38463,26.81554
10582,83.38549,26.81537
10583,83.38502,26.81546
10584,83.38487,26.81474
10585,83.38361,26.81388
10586,83.38553,26.81354
10587,83.38504,26.81316
10588,83.38481,26.81202
10589,83.38386,26.81290
10590,83.38495,26.81272
10591,83.38459,26.81278
10592,83.38447,26.81216
10593,83.38662,26.81283
10594,83.38649,26.81153
10595,83.38684,26.81258
10596,83.38690,26.81158
10597,83.38932,26.81200
10598,83.38977,26.81183
10599,83.38940,26.81112
10600,83.39100,26.81190
10601,83.38959,26.81158
10602,83.38848,26.81096
10603,83.38896,26.81212
10604,83.38840,26.81183
10605,83.38866,26.81222
10606,83.38859,26.81260
10607,83.38843,26.81230
10608,83.38837,26.81286
10609,83.38813,26.81297
10610,83.38813,26.81238
10611,83.38773,26.81279
10612,83.38824,26.81259
10613,83.38887,26.81083
10614,83.38902,26.81124
10615,83.38993,26.81095
10616,83.38822,26.81141
10617,83.38955,26.81061
10618,83.38939,26.81046
10619,83.39008,26.81108
10620,83.38995,26.81097
10621,83.39040,26.81054
10622,83.38705,26.82113
10623,83.38731,26.82173
10624,83.38799,26.82083
10625,83.38840,26.82074
10626,83.39032,26.82104
10627,83.38971,26.82016
10628,83.38980,26.82030
10629,83.38969,26.81882
10630,83.38946,26.82006
10631,83.39030,26.81967
10632,83.39460,26.82000
10633,83.39465,26.81710
10634,83.39577,26.81686
10635,83.39721,26.81648
10636,83.39224,26.82142
10637,83.39166,26.82164
10638,83.39496,26.81597
10639,83.39439,26.81663
10640,83.39595,26.81522
10641,83.39551,26.81608
10642,83.38838,26.81564
10643,83.38977,26.81505
10644,83.39124,26.81431
10645,83.39092,26.81314
10646,83.39108,26.81721
10647,83.39100,26.81689
10648,83.39074,26.81454
10649,83.39128,26.81440
10650,83.39408,26.81370
10651,83.39378,26.81420
10652,83.39364,26.81392
10653,83.39033,26.81399
10654,83.38967,26.81296
10655,83.38989,26.81341
10656,83.39274,26.81256
10657,83.39046,26.81326
10658,83.39056,26.81438
10659,83.39133,26.81303
10660,83.39282,26.81344
10661,83.39298,26.81274
10662,83.39191,26.81503
10663,83.39408,26.81475
10664,83.39493,26.81455
10665,83.39380,26.81438
10666,83.39451,26.81413
10667,83.39978,26.81804
10668,83.39953,26.81765
10669,83.39902,26.81779
10670,83.40013,26.81636
10671,83.39936,26.81737
10672,83.39946,26.81659
10673,83.39794,26.81555
10674,83.39748,26.81353
10675,83.39614,26.81535
10676,83.39763,26.81419
10677,83.39455,26.81418
10678,83.39631,26.81521
10679,83.39573,26.81383
10680,83.39871,26.81340
10681,83.39684,26.81347
10682,83.39622,26.81122
10683,83.39647,26.81355
10684,83.39605,26.81255
10685,83.39614,26.81392
10686,83.39722,26.81350
10687,83.39469,26.81157
10688,83.39723,26.81089
10689,83.39543,26.81139
10690,83.39532,26.81040
10691,83.39208,26.80980
10692,83.39443,26.81049
10693,83.39417,26.80936
10694,83.39425,26.80974
10695,83.39344,26.81039
10696,83.39335,26.80993
10697,83.39400,26.81065
10698,83.39381,26.80983
10699,83.39257,26.81109
10700,83.39186,26.80928
10701,83.39215,26.81121
10702,83.39136,26.81036
10703,83.39092,26.80932
10704,83.38923,26.80874
10705,83.39246,26.80883
10706,83.39154,26.80987
10707,83.39132,26.80914
10708,83.39219,26.81005
10709,83.39176,26.81080
10710,83.39240,26.81051
10711,83.39194,26.81072
10712,83.39172,26.81022
10713,83.39303,26.81086
10714,83.39075,26.81082
10715,83.39137,26.81038
10716,83.39037,26.81051
10717,83.39106,26.81001
10718,83.38960,26.80906
10719,83.39037,26.80835
10720,83.38996,26.80872
10721,83.39074,26.80889
10722,83.38972,26.80739
10723,83.38878,26.80914
10724,83.39008,26.80793
10725,83.38959,26.80840
10726,83.39021,26.80719
10727,83.38817,26.80784
10728,83.39437,26.80931
10729,83.39343,26.80705
10730,83.39071,26.80688
10731,83.39202,26.80826
10732,83.39377,26.80797
10733,83.39149,26.80797
10734,83.39100,26.80825
10735,83.39017,26.80714
10736,83.39141,26.80737
10737,83.39230,26.80778
10738,83.39222,26.80738
10739,83.39208,26.80507
10740,83.39186,26.80592
10741,83.39157,26.80529
10742,83.39318,26.80462
10743,83.39234,26.80555
10744,83.39341,26.80507
10745,83.39258,26.80697
10746,83.39288,26.80786
10747,83.39297,26.80817
10748,83.39344,26.80886
10749,83.39407,26.80868
10750,83.39400,26.80851
10751,83.39512,26.80803
10752,83.38997,26.80679
10753,83.39095,26.80624
10754,83.38944,26.80569
10755,83.39059,26.80524
10756,83.38999,26.80548
10757,83.39042,26.80605
10758,83.39010,26.80543
10759,83.39171,26.80600
10760,83.39137,26.80547
10761,83.39093,26.80422
10762,83.39295,26.80419
10763,83.39088,26.80502
10764,83.39097,26.80540
10765,83.39111,26.80561
10766,83.39131,26.80603
10767,83.39072,26.80549
10768,83.38917,26.80512
10769,83.39029,26.80467
10770,83.38931,26.80541
10771,83.39045,26.80496
10772,83.39009,26.80510
10773,83.38995,26.80480
10774,83.38995,26.80516
10775,83.38980,26.80487
10776,83.38799,26.80560
10777,83.38812,26.80587
10778,83.38929,26.80538
10779,83.38851,26.80570
10780,83.38837,26.80545
10781,83.38876,26.80560
10782,83.38864,26.80534
10783,83.38938,26.80695
10784,83.38852,26.80670
10785,83.38915,26.80645
10786,83.38674,26.80740
10787,83.38832,26.80627
10788,83.38708,26.80707
10789,83.38806,26.80794
10790,83.38777,26.80768
10791,83.38864,26.80695
10792,83.38837,26.80718
10793,83.38799,26.80639
10794,83.38730,26.80685
10795,83.38802,26.80746
10796,83.38607,26.80682
10797,83.38754,26.80544
10798,83.38772,26.80583
10799,83.38639,26.80649
10800,83.38682,26.80685
10801,83.38785,26.80611
10802,83.38553,26.80581
10803,83.38624,26.80529
10804,83.38764,26.80482
10805,83.38711,26.80499
10806,83.38670,26.80395
10807,83.38581,26.80426
10808,83.38724,26.80376
10809,83.38594,26.80361
10810,83.38617,26.80413
10811,83.38603,26.80382
10812,83.38654,26.80364
10813,83.38577,26.80292
10814,83.38925,26.80477
10815,83.38893,26.80402
10816,83.38805,26.80417
10817,83.38823,26.80454
10818,83.38904,26.80427
10819,83.38701,26.80328
10820,83.38896,26.80195
10821,83.38719,26.80365
10822,83.38755,26.80291
10823,83.38550,26.80485
10824,83.38688,26.80440
10825,83.38597,26.80469
10826,83.38531,26.80329
10827,83.38792,26.80533
10828,83.38789,26.80536
10829,83.38782,26.80535
10830,83.39275,26.80364
10831,83.39268,26.80366
10832,83.39091,26.80415
10833,83.39013,26.80436
10834,83.38923,26.80470
10835,83.38789,26.80526
10836,83.38781,26.80529
10837,83.38567,26.80647
10838,83.38791,26.80527
10839,83.38935,26.80392
10840,83.38963,26.80455
10841,83.38945,26.80415
10842,83.39006,26.80393
10843,83.39024,26.80433
10844,83.39000,26.80380
10845,83.38613,26.80710
10846,83.38702,26.80959
10847,83.38724,26.81027
10848,83.38767,26.81132
10849,83.38636,26.80760
10850,83.38667,26.80824
10851,83.38728,26.80786
10852,83.38711,26.80846
10853,83.38779,26.80830
10854,83.38740,26.80925
10855,83.38858,26.80898
10856,83.38743,26.81074
10857,83.38958,26.80983
10858,83.38715,26.81103
10859,83.38586,26.80986
10860,83.38528,26.81022
10861,83.38651,26.81089
10862,83.38667,26.81121
10863,83.38685,26.81112
10864,83.38608,26.81148
10865,83.38701,26.81068
10866,83.40131,26.82210
10867,83.40031,26.81951
10868,83.39812,26.81967
10869,83.40004,26.81882
10870,83.40041,26.81864
10871,83.39935,26.81821
10872,83.40001,26.81883
10873,83.39993,26.82371
10874,83.40138,26.82430
10875,83.40124,26.82434
10876,83.40071,26.82380
10877,83.40112,26.82367
10878,83.39942,26.82346
10879,83.39937,26.82329
10880,83.39890,26.82223
10881,83.40147,26.82248
10882,83.39922,26.82292
10883,83.40003,26.82225
10884,83.40042,26.82245
10885,83.40015,26.82231
10886,83.40123,26.82187
10887,83.40107,26.82148
10888,83.39896,26.82221
10889,83.39863,26.82097
10890,83.39802,26.81945
10891,83.39835,26.82024
10892,83.39933,26.81992
10893,83.39978,26.82114
10894,83.39961,26.82069
10895,83.40017,26.82130
10896,83.39974,26.82197
10897,83.39872,26.82130
10898,83.39706,26.82232
10899,83.39881,26.82167
10900,83.39722,26.82099
10901,83.39845,26.82049
10902,83.39647,26.81931
10903,83.39593,26.82005
10904,83.39669,26.81980
10905,83.39447,26.82096
10906,83.39672,26.82120
10907,83.39586,26.82156
10908,83.39573,26.82089
10909,83.39615,26.82091
10910,83.39596,26.82047
10911,83.40082,26.81933
10912,83.40029,26.81946
10913,83.40102,26.81967
10914,83.40139,26.81952
10915,83.40108,26.81914
10916,83.40061,26.82027
10917,83.40092,26.81982
10918,83.40078,26.82072
10919,83.40239,26.82005
10920,83.40140,26.82078
10921,83.40127,26.82051
10922,83.40322,26.82023
10923,83.40117,26.82173
10924,83.40225,26.82197
10925,83.40175,26.82187
10926,83.40129,26.82204
10927,83.40414,26.82155
10928,83.40454,26.82199
10929,83.40355,26.82165
10930,83.40399,26.82141
10931,83.40382,26.82188
10932,83.40421,26.82225
10933,83.40510,26.82147
10934,83.40442,26.82209
10935,83.40493,26.82288
10936,83.40536,26.82272
10937,83.40475,26.82180
10938,83.40265,26.82147
10939,83.40209,26.82407
10940,83.40308,26.82385
10941,83.40434,26.82324
10942,83.40440,26.82321
10943,83.40516,26.82282
10944,83.40473,26.82378
10945,83.40449,26.82315
10946,83.40597,26.82205
10947,83.33379,26.72955
10948,83.40579,26.71146
10949,83.40613,26.71146
10950,83.40275,26.70707
10951,83.40238,26.70727
10952,83.40268,26.70812
10953,83.40303,26.70613
10954,83.40300,26.70663
10955,83.40252,26.70849
10956,83.40239,26.70820
10957,83.40172,26.70834
10958,83.40181,26.70784
10959,83.40121,26.70777
10960,83.40178,26.70728
10961,83.40094,26.70751
10962,83.28812,26.74093
10963,83.27748,26.74326
10964,83.27757,26.74325
10965,83.27713,26.73872
10966,83.27722,26.73870
10967,83.40125,26.70692
10968,83.40402,26.70876
10969,83.40316,26.70906
10970,83.40293,26.70827
10971,83.40559,26.70858
10972,83.40988,26.70828
10973,83.41014,26.70961
10974,83.41020,26.70966
10975,83.41031,26.70976
10976,83.40937,26.70945
10977,83.40899,26.70983
10978,83.40924,26.71005
10979,83.40962,26.71038
10980,83.40949,26.71027
10981,83.40943,26.71022
10982,83.40801,26.70919
10983,83.40763,26.70952
10984,83.40814,26.70907
10985,83.40856,26.70944
10986,83.40929,26.70881
10987,83.40871,26.71086
10988,83.40879,26.71093
10989,83.40890,26.71103
10990,83.40560,26.71057
10991,83.40819,26.71038
10992,83.40799,26.71185
10993,83.40707,26.71101
10994,83.40678,26.71117
10995,83.40707,26.71157
10996,83.40739,26.71210
10997,83.40748,26.71224
10998,83.40597,26.71246
10999,83.40623,26.71293
11000,83.40653,26.71260
11001,83.40662,26.71277
11002,83.40533,26.71228
11003,83.40539,26.71276
11004,83.40465,26.70886
11005,83.40421,26.70800
11006,83.40306,26.70793
11007,83.40467,26.70974
11008,83.40426,26.70967
11009,83.40457,26.71030
11010,83.40458,26.70955
11011,83.40388,26.70982
11012,83.40424,26.71044
11013,83.40463,26.70927
11014,83.40358,26.70980
11015,83.40494,26.71202
11016,83.40447,26.71226
11017,83.40603,26.70728
11018,83.40530,26.70774
11019,83.40514,26.70749
11020,83.40470,26.70649
11021,83.40618,26.70596
11022,83.40193,26.70671
11023,83.40130,26.70664
11024,83.40129,26.70657
11025,83.40125,26.70634
11026,83.40012,26.70551
11027,83.40314,26.70527
11028,83.40098,26.70490
11029,83.40029,26.70497
11030,83.39964,26.70636
11031,83.39914,26.70610
11032,83.39751,26.70524
11033,83.39406,26.70606
11034,83.39283,26.70625
11035,83.38979,26.70644
11036,83.38957,26.70648
11037,83.38972,26.70834
11038,83.38955,26.70791
11039,83.38951,26.70708
11040,83.38897,26.70607
11041,83.39045,26.70404
11042,83.39068,26.70353
11043,83.39015,26.70242
11044,83.39073,26.70367
11045,83.39008,26.70343
11046,83.38908,26.70368
11047,83.38927,26.70423
11048,83.38906,26.70568
11049,83.38924,26.70517
11050,83.38941,26.70471
11051,83.38924,26.70424
11052,83.38947,26.70488
11053,83.38986,26.70568
11054,83.39021,26.70506
11055,83.39039,26.70446
11056,83.38819,26.70456
11057,83.39016,26.70391
11058,83.39049,26.70475
11059,83.38797,26.70554
11060,83.38854,26.70546
11061,83.38891,26.70609
11062,83.39073,26.70544
11063,83.39560,26.70386
11064,83.39345,26.70458
11065,83.39305,26.70352
11066,83.39278,26.70281
11067,83.39235,26.70172
11068,83.39226,26.70166
11069,83.38857,26.70285
11070,83.38579,26.70582
11071,83.38591,26.70328
11072,83.38856,26.70293
11073,83.39993,26.70241
11074,83.39929,26.70332
11075,83.39949,26.70251
11076,83.40031,26.70444
11077,83.40029,26.70418
11078,83.40031,26.70407
11079,83.39715,26.70485
11080,83.39774,26.70528
11081,83.39710,26.70505
11082,83.39593,26.72196
11083,83.39565,26.72274
11084,83.39433,26.71974
11085,83.39393,26.71989
11086,83.39406,26.72019
11087,83.39415,26.71935
11088,83.39183,26.72099
11089,83.39645,26.72132
11090,83.39576,26.72032
11091,83.39555,26.71983
11092,83.42282,26.74740
11093,83.41365,26.74413
11094,83.41372,26.74462
11095,83.41483,26.74509
11096,83.41403,26.74462
11097,83.41399,26.74786
11098,83.42463,26.74744
11099,83.42537,26.74739
11100,83.42523,26.74770
11101,83.42489,26.74803
11102,83.42472,26.74760
11103,83.42494,26.74774
11104,83.40944,26.74958
11105,83.40781,26.75083
11106,83.40760,26.75348
11107,83.40918,26.74876
11108,83.40928,26.74916
11109,83.40958,26.74950
11110,83.40894,26.74924
11111,83.42483,26.76039
11112,83.42528,26.76032
11113,83.42344,26.76226
11114,83.41646,26.76313
11115,83.41641,26.76259
11116,83.41468,26.76224
11117,83.41393,26.76244
11118,83.41419,26.76237
11119,83.41392,26.76359
11120,83.41450,26.76333
11121,83.41417,26.76345
11122,83.41401,26.76264
11123,83.41362,26.76196
11124,83.41310,26.76203
11125,83.41330,26.76293
11126,83.41247,26.76289
11127,83.41326,26.76275
11128,83.41315,26.76311
11129,83.41257,26.76322
11130,83.41301,26.76349
11131,83.41292,26.76315
11132,83.41288,26.76238
11133,83.41317,26.76233
11134,83.41271,26.76260
11135,83.41240,26.76266
11136,83.41205,26.76215
11137,83.41200,26.76321
11138,83.41073,26.76178
11139,83.41086,26.76235
11140,83.41140,26.76203
11141,83.41142,26.76226
11142,83.41114,26.76098
11143,83.41194,26.76119
11144,83.41136,26.76115
11145,83.41245,26.76139
11146,83.41317,26.76128
11147,83.40910,26.76230
11148,83.40936,26.76221
11149,83.40930,26.76298
11150,83.40975,26.76280
11151,83.40904,26.76267
11152,83.40942,26.75994
11153,83.41123,26.76009
11154,83.41706,26.76014
11155,83.41732,26.76009
11156,83.41375,26.76091
11157,83.41310,26.76100
11158,83.42806,26.76152
11159,83.42858,26.76224
11160,83.42845,26.76332
11161,83.42927,26.76259
11162,83.41055,26.75428
11163,83.41196,26.75426
11164,83.41085,26.75365
11165,83.41147,26.75416
11166,83.41189,26.75395
11167,83.41260,26.75445
11168,83.41202,26.75446
11169,83.41255,26.75432
11170,83.41199,26.75434
11171,83.41251,26.75421
11172,83.41195,26.75421
11173,83.41247,26.75408
11174,83.41191,26.75406
11175,83.41244,26.75392
11176,83.41071,26.75431
11177,83.43038,26.74732
11178,83.43073,26.74854
11179,83.43191,26.74864
11180,83.42999,26.74810
11181,83.41483,26.75925
11182,83.41693,26.75792
11183,83.41706,26.75856
11184,83.41309,26.74789
11185,83.41308,26.74780
11186,83.41572,26.74779
11187,83.41571,26.74768
11188,83.42096,26.74746
11189,83.42870,26.74728
11190,83.43173,26.74721
11191,83.27944,26.73520
11192,83.28161,26.73546
11193,83.28389,26.73640
11194,83.28445,26.73649
11195,83.28934,26.73856
11196,83.29006,26.73931
11197,83.28678,26.73829
11198,83.28661,26.73766
11199,83.28910,26.73841
11200,83.28951,26.73886
11201,83.28810,26.73999
11202,83.28763,26.74034
11203,83.28624,26.74113
11204,83.28539,26.74120
11205,83.28635,26.74057
11206,83.28522,26.74029
11207,83.28539,26.73919
11208,83.28548,26.73956
11209,83.28598,26.74078
11210,83.28724,26.74056
11211,83.28698,26.74022
11212,83.28656,26.73935
11213,83.28646,26.73897
11214,83.28424,26.73940
11215,83.28693,26.73887
11216,83.28497,26.73927
11217,83.28472,26.73971
11218,83.28464,26.73932
11219,83.28469,26.73932
11220,83.28446,26.73812
11221,83.28607,26.73945
11222,83.28593,26.73948
11223,83.28659,26.74094
11224,83.28598,26.73907
11225,83.28563,26.73775
11226,83.28568,26.73803
11227,83.28450,26.73786
11228,83.28472,26.73815
11229,83.28461,26.73903
11230,83.28543,26.73824
11231,83.28535,26.73798
11232,83.28489,26.73897
11233,83.28477,26.73790
11234,83.28862,26.73879
11235,83.28723,26.73821
11236,83.28846,26.73805
11237,83.28757,26.73816
11238,83.28836,26.73806
11239,83.28852,26.73855
11240,83.28773,26.73868
11241,83.28792,26.73934
11242,83.28786,26.73771
11243,83.28589,26.73877
11244,83.28663,26.73862
11245,83.28619,26.73871
11246,83.28596,26.73779
11247,83.28649,26.73865
11248,83.28684,26.73855
11249,83.28394,26.74082
11250,83.28042,26.73825
11251,83.27986,26.73851
11252,83.27928,26.73868
11253,83.27712,26.73829
11254,83.27803,26.73542
11255,83.27902,26.73838
11256,83.28020,26.73835
11257,83.27999,26.73767
11258,83.28017,26.73942
11259,83.28074,26.73878
11260,83.28059,26.73825
11261,83.28143,26.74173
11262,83.28052,26.74305
11263,83.28071,26.74260
11264,83.28230,26.74072
11265,83.28188,26.74141
11266,83.28218,26.73880
11267,83.28215,26.73813
11268,83.28063,26.74019
11269,83.28075,26.74097
11270,83.28155,26.74162
11271,83.28191,26.74131
11272,83.28091,26.74112
11273,83.28019,26.74105
11274,83.28241,26.74291
11275,83.28231,26.74163
11276,83.28296,26.73660
11277,83.28254,26.73802
11278,83.28216,26.73741
11279,83.28288,26.73721
11280,83.27686,26.72305
11281,83.27648,26.72319
11282,83.28001,26.73067
11283,83.27693,26.73130
11284,83.27983,26.72919
11285,83.28115,26.72843
11286,83.28198,26.72788
11287,83.28482,26.72706
11288,83.28959,26.72446
11289,83.28638,26.72375
11290,83.28650,26.72335
11291,83.28593,26.72597
11292,83.28596,26.72626
11293,83.28416,26.72272
11294,83.28474,26.72384
11295,83.28486,26.72291
11296,83.28433,26.72433
11297,83.28520,26.72687
11298,83.28525,26.72598
11299,83.28520,26.72624
11300,83.28621,26.72519
11301,83.28586,26.72521
11302,83.28535,26.72513
11303,83.28344,26.72420
11304,83.28364,26.72456
11305,83.28427,26.72440
11306,83.28382,26.72505
11307,83.28614,26.72556
11308,83.28422,26.72386
11309,83.28702,26.72352
11310,83.28705,26.72422
11311,83.28597,26.72322
11312,83.28711,26.72611
11313,83.28742,26.72753
11314,83.29094,26.74178
11315,83.28307,26.74295
11316,83.28162,26.74091
11317,83.28177,26.74041
11318,83.28210,26.74111
11319,83.28047,26.73983
11320,83.28184,26.74010
11321,83.28222,26.73999
11322,83.28896,26.74214
11323,83.28994,26.73956
11324,83.28937,26.74112
11325,83.29033,26.74076
11326,83.28972,26.74017
11327,83.29038,26.74028
11328,83.29023,26.73930
11329,83.29052,26.73997
11330,83.29061,26.73897
11331,83.29090,26.73962
11332,83.29089,26.74070
11333,83.28912,26.73792
11334,83.28911,26.73753
11335,83.28916,26.73845
11336,83.29374,26.73430
11337,83.29598,26.73394
11338,83.29351,26.73366
11339,83.28456,26.73448
11340,83.28463,26.73514
11341,83.28415,26.73589
11342,83.28417,26.73347
11343,83.28408,26.73321
11344,83.28464,26.73509
11345,83.28507,26.73436
11346,83.38231,26.80355
11347,83.38453,26.80003
11348,83.38457,26.80021
11349,83.38486,26.80056
11350,83.38507,26.80099
11351,83.38620,26.80256
11352,83.38164,26.80221
11353,83.38272,26.80317
11354,83.38266,26.80323
11355,83.38334,26.80381
11356,83.27408,26.72927
11357,83.27492,26.72902
11358,83.27632,26.72848
11359,83.27646,26.72881
11360,83.27669,26.72833
11361,83.27669,26.72823
11362,83.27465,26.72818
11363,83.27527,26.72770
11364,83.27504,26.72781
11365,83.27693,26.72712
11366,83.27371,26.72840
11367,83.27504,26.72717
11368,83.27489,26.72703
11369,83.27673,26.72623
11370,83.27717,26.72705
11371,83.27538,26.72881
11372,83.27805,26.72815
11373,83.27905,26.72804
11374,83.27993,26.72774
11375,83.27993,26.72849
11376,83.28008,26.72887
11377,83.27944,26.72793
11378,83.27967,26.72854
11379,83.27472,26.72771
11380,83.38210,26.80260
11381,83.38425,26.80063
11382,83.38281,26.80196
11383,83.38345,26.80250
11384,83.38236,26.80237
11385,83.38267,26.80270
11386,83.38244,26.80292
11387,83.38365,26.80231
11388,83.38424,26.80284
11389,83.38393,26.80256
11390,83.38371,26.80318
11391,83.38391,26.80207
11392,83.38449,26.80257
11393,83.38421,26.80233
11394,83.38525,26.80134
11395,83.38483,26.80174
11396,83.38518,26.80240
11397,83.38445,26.80254
11398,83.38499,26.80204
11399,83.38541,26.80047
11400,83.38605,26.80170
11401,83.38574,26.79992
11402,83.38560,26.80082
11403,83.38504,26.80014
11404,83.38308,26.80218
11405,83.38337,26.80145
11406,83.38364,26.80120
11407,83.38425,26.80175
11408,83.38266,26.80031
11409,83.38334,26.80193
11410,83.38371,26.80225
11411,83.38337,26.80190
11412,83.38312,26.80167
11413,83.38345,26.80202
11414,83.38399,26.80152
11415,83.38436,26.80090
11416,83.38452,26.80150
11417,83.38446,26.80126
11418,83.38409,26.80160
11419,83.38390,26.80096
11420,83.38436,26.80135
11421,83.38382,26.80136
11422,83.38409,26.80112
11423,83.38322,26.80082
11424,83.38409,26.80017
11425,83.38381,26.80104
11426,83.38339,26.80098
11427,83.38363,26.80086
11428,83.38410,26.80046
11429,83.38358,26.80054
11430,83.38290,26.80187
11431,83.38376,26.79975
11432,83.38320,26.80081
11433,83.38241,26.80143
11434,83.38197,26.80063
11435,83.38259,26.80129
11436,83.38375,26.79944
11437,83.38417,26.80027
11438,83.38384,26.79967
11439,83.38329,26.79958
11440,83.38348,26.79989
11441,83.38315,26.80006
11442,83.38286,26.80020
11443,83.38340,26.80068
11444,83.38244,26.80113
11445,83.38305,26.80067
11446,83.39257,26.71867
11447,83.39290,26.71912
11448,83.39214,26.71879
11449,83.39245,26.71932
11450,83.39228,26.71987
11451,83.38996,26.72193
11452,83.39033,26.72221
11453,83.38951,26.72272
11454,83.38969,26.72228
11455,83.38965,26.72287
11456,83.38887,26.72289
11457,83.38975,26.72195
11458,83.38843,26.71723
11459,83.38689,26.71764
11460,83.39179,26.71738
11461,83.39023,26.71798
11462,83.38872,26.72026
11463,83.38882,26.72077
11464,83.38706,26.72181
11465,83.38640,26.72147
11466,83.38839,26.72087
11467,83.38744,26.71931
11468,83.38681,26.72039
11469,83.38857,26.71746
11470,83.39116,26.71923
11471,83.39183,26.71800
11472,83.39205,26.71832
11473,83.39124,26.71703
11474,83.39048,26.71665
11475,83.28051,26.72820
11476,83.28095,26.72848
11477,83.28131,26.72888
11478,83.27966,26.73967
11479,83.28229,26.74027
11480,83.28301,26.74017
11481,83.28230,26.73956
11482,83.28123,26.73983
11483,83.28262,26.73852
11484,83.29096,26.73988
11485,83.29162,26.74028
11486,83.29107,26.74013
11487,83.29200,26.73937
11488,83.29185,26.74075
11489,83.29234,26.74077
11490,83.29186,26.74049
11491,83.29243,26.74048
11492,83.29524,26.73397
11493,83.29593,26.73259
11494,83.29505,26.73290
11495,83.29522,26.73331
11496,83.28422,26.72579
11497,83.28543,26.72538
11498,83.28472,26.72372
11499,83.28514,26.72361
11500,83.27603,26.72857
11501,83.27613,26.72888
11502,83.27515,26.72820
11503,83.27406,26.72739
11504,83.28020,26.74024
11505,83.28306,26.74208
11506,83.28283,26.74061
11507,83.28271,26.73383
11508,83.28300,26.73414
11509,83.28360,26.73416
11510,83.28341,26.73379
11511,83.28414,26.73487
11512,83.28448,26.73558
11513,83.28992,26.73827
11514,83.28751,26.73873
11515,83.28771,26.73953
11516,83.41506,26.67340
11517,83.41270,26.67473
11518,83.41581,26.67333
11519,83.41743,26.67475
11520,83.41643,26.67440
11521,83.41645,26.67494
11522,83.42767,26.66478
11523,83.41407,26.66346
11524,83.41375,26.66403
11525,83.41450,26.66413
11526,83.41512,26.66427
11527,83.41402,26.66980
11528,83.41254,26.66738
11529,83.41234,26.66798
11530,83.41309,26.66830
11531,83.41220,26.66754
11532,83.41460,26.66846
11533,83.41389,26.66741
11534,83.41337,26.66761
11535,83.41247,26.66682
11536,83.41304,26.66819
11537,83.41411,26.66774
11538,83.41377,26.66719
11539,83.41308,26.66707
11540,83.41062,26.67493
11541,83.41102,26.67471
11542,83.40964,26.67772
11543,83.41119,26.67871
11544,83.41143,26.67930
11545,83.41372,26.67818
11546,83.41113,26.67898
11547,83.41607,26.67547
11548,83.42917,26.66361
11549,83.42954,26.66342
11550,83.42825,26.66385
11551,83.42818,26.66411
11552,83.42830,26.66434
11553,83.42599,26.66461
11554,83.42775,26.66439
11555,83.42799,26.66530
11556,83.42904,26.66503
11557,83.42929,26.66547
11558,83.42747,26.66427
11559,83.42796,26.66408
11560,83.42889,26.66447
11561,83.42916,26.66441
11562,83.42998,26.66700
11563,83.43026,26.66763
11564,83.42554,26.66493
11565,83.42466,26.66552
11566,83.42407,26.66468
11567,83.42319,26.66472
11568,83.42473,26.66462
11569,83.42466,26.66493
11570,83.42510,26.66445
11571,83.42324,26.66624
11572,83.41787,26.66741
11573,83.41819,26.66725
11574,83.41763,26.66714
11575,83.41800,26.66700
11576,83.41670,26.67288
11577,83.41652,26.66389
11578,83.41700,26.66462
11579,83.41595,26.66349
11580,83.41644,26.66360
11581,83.41656,26.66490
11582,83.41634,26.66408
11583,83.41659,26.66402
11584,83.41839,26.66347
11585,83.41835,26.66310
11586,83.41775,26.66347
11587,83.41777,26.66306
11588,83.41776,26.66322
11589,83.41803,26.66364
11590,83.41531,26.66701
11591,83.39954,26.70724
11592,83.39983,26.70723
11593,83.39988,26.70907
11594,83.40080,26.70863
11595,83.40059,26.70991
11596,83.40054,26.70959
11597,83.40020,26.70972
11598,83.40174,26.71214
11599,83.40198,26.71066
11600,83.40242,26.71196
11601,83.40142,26.71226
11602,83.40206,26.71177
11603,83.40193,26.71146
11604,83.40207,26.71218
11605,83.40219,26.71249
11606,83.40236,26.71208
11607,83.40247,26.71241
11608,83.40184,26.71321
11609,83.40239,26.71304
11610,83.40229,26.71275
11611,83.40248,26.71330
11612,83.40259,26.71267
11613,83.40277,26.71323
11614,83.40337,26.71177
11615,83.40328,26.71156
11616,83.40372,26.71139
11617,83.40362,26.71195
11618,83.40380,26.71238
11619,83.38752,26.70861
11620,83.38760,26.71016
11621,83.38762,26.71090
11622,83.38818,26.71001
11623,83.38913,26.71016
11624,83.38962,26.71010
11625,83.39003,26.71052
11626,83.39125,26.70924
11627,83.39033,26.70911
11628,83.39166,26.70861
11629,83.39241,26.70827
11630,83.39223,26.70797
11631,83.39354,26.71007
11632,83.39333,26.70892
11633,83.39394,26.70984
11634,83.39375,26.70849
11635,83.39451,26.70950
11636,83.39451,26.70704
11637,83.39889,26.70634
11638,83.39776,26.70696
11639,83.39818,26.70776
11640,83.39728,26.70720
11641,83.39329,26.70745
11642,83.39192,26.70811
11643,83.39009,26.70721
11644,83.39057,26.70843
11645,83.38907,26.70804
11646,83.38842,26.70815
11647,83.38793,26.70829
11648,83.39064,26.71191
11649,83.38839,26.71201
11650,83.38884,26.71282
11651,83.39004,26.71143
11652,83.38972,26.71057
11653,83.38979,26.71156
11654,83.38928,26.71067
11655,83.38936,26.71161
11656,83.38880,26.71198
11657,83.38803,26.71087
11658,83.38834,26.71141
11659,83.38758,26.71421
11660,83.38813,26.71479
11661,83.38742,26.71495
11662,83.38779,26.71529
11663,83.38820,26.71404
11664,83.38799,26.71416
11665,83.38797,26.71372
11666,83.38846,26.71434
11667,83.38775,26.71384
11668,83.38829,26.71456
11669,83.38822,26.71354
11670,83.38867,26.71413
11671,83.38780,26.71199
11672,83.38935,26.71348
11673,83.38899,26.71304
11674,83.38756,26.71151
11675,83.38724,26.71091
11676,83.38998,26.70690
11677,83.38846,26.70626
11678,83.39432,26.71734
11679,83.39397,26.71676
11680,83.39581,26.71715
11681,83.39530,26.71754
11682,83.39504,26.71595
11683,83.39584,26.71718
11684,83.39728,26.71668
11685,83.39603,26.71736
11686,83.39157,26.71192
11687,83.39368,26.71280
11688,83.39159,26.71353
11689,83.39240,26.71233
11690,83.39270,26.71307
11691,83.39278,26.71221
11692,83.39306,26.71293
11693,83.39184,26.71083
11694,83.39247,26.71231
11695,83.39090,26.71152
11696,83.39391,26.70985
11697,83.39360,26.71122
11698,83.39497,26.71026
11699,83.39517,26.71000
11700,83.39709,26.70937
11701,83.39777,26.70925
11702,83.39682,26.70973
11703,83.39613,26.70997
11704,83.39750,26.70997
11705,83.39795,26.71125
11706,83.39644,26.71130
11707,83.39569,26.71154
11708,83.39677,26.71241
11709,83.39763,26.71200
11710,83.39798,26.71346
11711,83.39840,26.71336
11712,83.39853,26.71415
11713,83.39781,26.71592
11714,83.39842,26.71549
11715,83.39863,26.71574
11716,83.39800,26.71498
11717,83.40089,26.71419
11718,83.40044,26.71438
11719,83.39888,26.71310
11720,83.39919,26.71409
11721,83.40064,26.71366
11722,83.40018,26.71388
11723,83.40077,26.71393
11724,83.40031,26.71413
11725,83.40056,26.71460
11726,83.40100,26.71441
11727,83.39987,26.71069
11728,83.40004,26.71147
11729,83.39907,26.71111
11730,83.39795,26.71129
11731,83.39875,26.71015
11732,83.39880,26.71053
11733,83.39949,26.70883
11734,83.39952,26.70800
11735,83.39935,26.70765
11736,83.39796,26.71071
11737,83.39781,26.70984
11738,83.39765,26.70856
11739,83.40172,26.71137
11740,83.40267,26.82612
11741,83.40307,26.82818
11742,83.40353,26.83049
11743,83.40363,26.83082
11744,83.40349,26.82591
11745,83.40436,26.82824
11746,83.40520,26.83105
11747,83.40552,26.83199
11748,83.40555,26.83228
11749,83.40607,26.83361
11750,83.40607,26.83368
11751,83.40648,26.83432
11752,83.40663,26.83526
11753,83.40693,26.83642
11754,83.40686,26.83742
11755,83.40682,26.83822
11756,83.40679,26.84192
11757,83.40479,26.83250
11758,83.40555,26.83230
11759,83.38875,26.83465
11760,83.38880,26.83474
11761,83.38967,26.83510
11762,83.39363,26.83539
11763,83.39576,26.83525
11764,83.39649,26.83519
11765,83.39650,26.83518
11766,83.39650,26.83512
11767,83.39651,26.83511
11768,83.39896,26.83526
11769,83.40485,26.83557
11770,83.40530,26.83553
11771,83.40535,26.83552
11772,83.40646,26.83527
11773,83.40657,26.83527
11774,83.40682,26.83818
11775,83.41158,26.83496
11776,83.41367,26.83377
11777,83.41372,26.83373
11778,83.41843,26.83091
11779,83.38967,26.83505
11780,83.38966,26.83499
11781,83.39085,26.83194
11782,83.39103,26.82871
11783,83.39109,26.82870
11784,83.39331,26.82879
11785,83.39764,26.82791
11786,83.39958,26.82705
11787,83.40152,26.82652
11788,83.40255,26.82614
11789,83.40263,26.82613
11790,83.39238,26.82541
11791,83.39102,26.82606
11792,83.39160,26.82861
11793,83.40335,26.71173
11794,83.40334,26.71171
11795,83.38650,26.70822
11796,83.40791,26.71172
11797,83.40789,26.71167
11798,83.40737,26.71207
11799,83.40651,26.71257
11800,83.40613,26.71274
11801,83.40615,26.71278
11802,83.40728,26.71148
11803,83.40768,26.71210
11804,83.40464,26.71088
11805,83.38843,26.70350
11806,83.39316,26.71463
11807,83.39253,26.71472
11808,83.39560,26.71993
11809,83.39558,26.71989
11810,83.39186,26.72267
11811,83.39157,26.72267
11812,83.39201,26.72232
11813,83.39188,26.72222
11814,83.40584,26.71219
11815,83.40091,26.71318
11816,83.40100,26.71345
11817,83.39786,26.71655
11818,83.38795,26.72137
11819,83.38804,26.72155
11820,83.38698,26.71935
11821,83.38745,26.72003
11822,83.39576,26.71441
11823,83.38793,26.71509
11824,83.39854,26.71318
11825,83.40629,26.71173
11826,83.40637,26.71186
11827,83.39853,26.70860
11828,83.39497,26.70923
11829,83.39345,26.70738
11830,83.38914,26.72155
11831,83.38950,26.72192
11832,83.38671,26.72094
11833,83.39201,26.71674
11834,83.39214,26.71748
11835,83.39230,26.71650
11836,83.39179,26.71668
11837,83.38854,26.71535
11838,83.38930,26.71531
11839,83.38908,26.71601
11840,83.38928,26.71606
11841,83.39074,26.71522
11842,83.39133,26.71487
11843,83.39151,26.71519
11844,83.39170,26.71501
11845,83.39267,26.71435
11846,83.39317,26.71460
11847,83.39252,26.71508
11848,83.39324,26.71735
11849,83.39600,26.71479
11850,83.39623,26.71524
11851,83.39400,26.71492
11852,83.39339,26.71441
11853,83.39442,26.71358
11854,83.39467,26.71313
11855,83.39415,26.71429
11856,83.39481,26.71439
11857,83.39554,26.71433
11858,83.39479,26.71511
11859,83.36006,26.70891
11860,83.35956,26.70917
11861,83.36032,26.70860
11862,83.36374,26.70787
11863,83.36124,26.70875
11864,83.36009,26.70960
11865,83.35848,26.70645
11866,83.35872,26.70723
11867,83.35729,26.70639
11868,83.36025,26.70733
11869,83.35951,26.70917
11870,83.36121,26.71071
11871,83.35630,26.71755
11872,83.35687,26.71726
11873,83.35632,26.71688
11874,83.35657,26.71695
11875,83.35715,26.71698
11876,83.35765,26.71690
11877,83.35632,26.71602
11878,83.35645,26.71448
11879,83.35666,26.71548
11880,83.35753,26.71535
11881,83.35756,26.72178
11882,83.35746,26.72233
11883,83.35762,26.72231
11884,83.35814,26.72233
11885,83.35769,26.72320
11886,83.35826,26.72326
11887,83.35819,26.72292
11888,83.35797,26.72004
11889,83.35961,26.71242
11890,83.35920,26.70956
11891,83.35688,26.70506
11892,83.35696,26.70470
11893,83.35654,26.70477
11894,83.35698,26.70486
11895,83.35656,26.70492
11896,83.34256,26.71139
11897,83.34255,26.71401
11898,83.34143,26.71342
11899,83.34217,26.71306
11900,83.34246,26.70502
11901,83.34229,26.70348
11902,83.39888,26.78051
11903,83.39629,26.78106
11904,83.39859,26.78008
11905,83.39801,26.78005
11906,83.39841,26.77983
11907,83.39617,26.78066
11908,83.39777,26.78010
11909,83.39649,26.78062
11910,83.39708,26.78000
11911,83.39784,26.78021
11912,83.39741,26.78003
11913,83.40008,26.78171
11914,83.39993,26.78073
11915,83.39923,26.78104
11916,83.39975,26.78031
11917,83.39896,26.78063
11918,83.39961,26.78068
11919,83.39914,26.78089
11920,83.40067,26.78166
11921,83.40202,26.78115
11922,83.40168,26.78128
11923,83.40211,26.78235
11924,83.40148,26.78135
11925,83.40168,26.78182
11926,83.40060,26.77979
11927,83.40384,26.77837
11928,83.40334,26.77915
11929,83.40312,26.77865
11930,83.40295,26.77836
11931,83.40094,26.77880
11932,83.40256,26.77785
11933,83.40266,26.77777
11934,83.40260,26.77850
11935,83.40307,26.77802
11936,83.40214,26.77855
11937,83.40254,26.77840
11938,83.40240,26.77753
11939,83.40263,26.77779
11940,83.40207,26.77747
11941,83.40133,26.77688
11942,83.40143,26.77788
11943,83.40082,26.77619
11944,83.40100,26.77745
11945,83.40075,26.77658
11946,83.40001,26.77724
11947,83.40058,26.77664
11948,83.39979,26.77827
11949,83.40013,26.77771
11950,83.40054,26.77780
11951,83.40140,26.77704
11952,83.40122,26.77710
11953,83.40129,26.77730
11954,83.40116,26.77695
11955,83.40274,26.77816
11956,83.40285,26.77811
11957,83.40313,26.77821
11958,83.40333,26.77856
11959,83.40251,26.77667
11960,83.40206,26.77701
11961,83.40053,26.77418
11962,83.40198,26.77404
11963,83.40244,26.77315
11964,83.40291,26.77315
11965,83.40212,26.77190
11966,83.40251,26.77352
11967,83.40302,26.77338
11968,83.40300,26.77314
11969,83.40346,26.77387
11970,83.40342,26.77335
11971,83.40354,26.77274
11972,83.40347,26.77260
11973,83.40397,26.77257
11974,83.40213,26.77506
11975,83.40055,26.77476
11976,83.40206,26.77358
11977,83.40214,26.77403
11978,83.40190,26.77359
11979,83.40195,26.77404
11980,83.40168,26.77361
11981,83.40142,26.77365
11982,83.40115,26.77138
11983,83.40126,26.77168
11984,83.40129,26.77137
11985,83.40164,26.77238
11986,83.40210,26.77207
11987,83.40219,26.77207
11988,83.40377,26.77192
11989,83.40475,26.77211
11990,83.40480,26.77319
11991,83.40462,26.77131
11992,83.40457,26.77120
11993,83.40470,26.77152
11994,83.40537,26.77148
11995,83.40520,26.77233
11996,83.40502,26.77148
11997,83.40479,26.77233
11998,83.40550,26.77307
11999,83.40549,26.77267
12000,83.40479,26.77268
12001,83.40551,26.77247
12002,83.40593,26.77253
12003,83.40647,26.77260
12004,83.40596,26.77254
12005,83.40585,26.77297
12006,83.40540,26.77199
12007,83.40513,26.77201
12008,83.40532,26.77635
12009,83.40553,26.77544
12010,83.40584,26.77440
12011,83.40607,26.77369
12012,83.40662,26.77171
12013,83.40481,26.76990
12014,83.40522,26.77084
12015,83.40528,26.77036
12016,83.40525,26.76984
12017,83.40576,26.77032
12018,83.40643,26.77053
12019,83.40570,26.77138
12020,83.40555,26.77034
12021,83.40664,26.77084
12022,83.40629,26.76945
12023,83.40615,26.76896
12024,83.40658,26.76888
12025,83.40632,26.76801
12026,83.40672,26.76671
12027,83.40714,26.76774
12028,83.40771,26.76719
12029,83.40628,26.76759
12030,83.40596,26.76712
12031,83.40657,26.76724
12032,83.40634,26.76691
12033,83.40745,26.76702
12034,83.40811,26.76757
12035,83.40722,26.76669
12036,83.40550,26.76829
12037,83.40567,26.76888
12038,83.40584,26.76949
12039,83.40415,26.76985
12040,83.40396,26.76925
12041,83.40444,26.77048
12042,83.40395,26.77034
12043,83.40402,26.77127
12044,83.40313,26.77098
12045,83.40361,26.77091
12046,83.40317,26.77146
12047,83.40336,26.77111
12048,83.40346,26.77136
12049,83.40218,26.76878
12050,83.40260,26.76863
12051,83.40275,26.76940
12052,83.40297,26.77003
12053,83.40257,26.76945
12054,83.40336,26.76896
12055,83.40353,26.76944
12056,83.40368,26.76872
12057,83.40394,26.76926
12058,83.40417,26.76875
12059,83.40435,26.76911
12060,83.40425,26.76789
12061,83.40387,26.76716
12062,83.40261,26.76810
12063,83.40379,26.76784
12064,83.40324,26.76745
12065,83.40342,26.76792
12066,83.40359,26.76699
12067,83.40370,26.76723
12068,83.40357,26.76650
12069,83.40234,26.76675
12070,83.40220,26.76830
12071,83.40227,26.76735
12072,83.40240,26.76798
12073,83.40243,26.76738
12074,83.40241,26.76769
12075,83.40293,26.76754
12076,83.40274,26.76672
12077,83.40699,26.76422
12078,83.40792,26.76410
12079,83.40735,26.76418
12080,83.40727,26.76386
12081,83.40714,26.76420
12082,83.40784,26.76377
12083,83.40768,26.76347
12084,83.40743,26.76383
12085,83.40827,26.76401
12086,83.40828,26.76433
12087,83.40809,26.76480
12088,83.40818,26.76509
12089,83.40805,26.76464
12090,83.40760,26.76560
12091,83.40760,26.76504
12092,83.40653,26.76542
12093,83.40643,26.76500
12094,83.40615,26.76630
12095,83.40597,26.76560
12096,83.40594,26.76637
12097,83.40637,26.76623
12098,83.40672,26.76599
12099,83.40616,26.76552
12100,83.40625,26.76575
12101,83.40524,26.76509
12102,83.40572,26.76601
12103,83.40369,26.76555
12104,83.40476,26.76517
12105,83.40489,26.76537
12106,83.40358,26.76529
12107,83.40376,26.76487
12108,83.40428,26.76571
12109,83.40381,26.76585
12110,83.40367,26.76551
12111,83.40317,26.76567
12112,83.40251,26.76643
12113,83.40253,26.76674
12114,83.40334,26.76601
12115,83.40299,26.76610
12116,83.40224,26.76675
12117,83.40232,26.76629
12118,83.40270,26.76623
12119,83.40263,26.76521
12120,83.40278,26.76568
12121,83.40273,26.76587
12122,83.40185,26.76527
12123,83.40235,26.76620
12124,83.40286,26.76624
12125,83.40301,26.76630
12126,83.40469,26.76608
12127,83.40489,26.76703
12128,83.40414,26.76632
12129,83.40483,26.76642
12130,83.40507,26.76629
12131,83.40484,26.76645
12132,83.40383,26.76392
12133,83.40291,26.76429
12134,83.40227,26.76488
12135,83.40284,26.76425
12136,83.40008,26.76472
12137,83.40100,26.76447
12138,83.40000,26.76333
12139,83.39955,26.76404
12140,83.40005,26.76383
12141,83.39779,26.76392
12142,83.39869,26.76379
12143,83.39856,26.76354
12144,83.39852,26.76454
12145,83.39861,26.76458
12146,83.39874,26.76481
12147,83.39755,26.76880
12148,83.39736,26.76750
12149,83.39758,26.76868
12150,83.39755,26.76851
12151,83.39732,26.76878
12152,83.39727,26.76853
12153,83.39608,26.76835
12154,83.39549,26.76939
12155,83.39530,26.76879
12156,83.39574,26.77001
12157,83.39652,26.76871
12158,83.39536,26.76897
12159,83.39420,26.76821
12160,83.39538,26.76994
12161,83.39523,26.76945
12162,83.39428,26.76800
12163,83.39434,26.76816
12164,83.39482,26.76770
12165,83.39482,26.76838
12166,83.39604,26.76793
12167,83.39641,26.76781
12168,83.39650,26.76830
12169,83.39681,26.76940
12170,83.39713,26.77026
12171,83.39566,26.77120
12172,83.39540,26.77057
12173,83.39615,26.77151
12174,83.39580,26.77156
12175,83.39603,26.77134
12176,83.39593,26.77109
12177,83.39527,26.77104
12178,83.39419,26.76974
12179,83.39556,26.77094
12180,83.39454,26.77021
12181,83.39459,26.76977
12182,83.39426,26.76877
12183,83.39334,26.76793
12184,83.39293,26.76805
12185,83.39314,26.76737
12186,83.39285,26.76764
12187,83.39549,26.76668
12188,83.39621,26.76695
12189,83.39561,26.76710
12190,83.39495,26.76734
12191,83.39560,26.76710
12192,83.39561,26.76718
12193,83.39559,26.76740
12194,83.39597,26.76711
12195,83.39606,26.76687
12196,83.39557,26.76695
12197,83.39608,26.76698
12198,83.39600,26.76662
12199,83.39594,26.76650
12200,83.39709,26.76573
12201,83.39890,26.76445
12202,83.39876,26.76428
12203,83.39961,26.76294
12204,83.39992,26.76292
12205,83.39632,26.76901
12206,83.39642,26.76947
12207,83.39560,26.77268
12208,83.39547,26.77330
12209,83.39561,26.77417
12210,83.39571,26.77494
12211,83.39580,26.77536
12212,83.39582,26.77589
12213,83.39719,26.77699
12214,83.39716,26.77759
12215,83.39313,26.77523
12216,83.39402,26.77528
12217,83.39381,26.77653
12218,83.39384,26.77481
12219,83.39523,26.77536
12220,83.39389,26.77475
12221,83.39379,26.77433
12222,83.39450,26.77417
12223,83.39406,26.77428
12224,83.39335,26.77408
12225,83.39260,26.77386
12226,83.39246,26.77358
12227,83.39344,26.77355
12228,83.39370,26.77357
12229,83.39374,26.77356
12230,83.39444,26.77355
12231,83.39399,26.77349
12232,83.39412,26.77387
12233,83.39347,26.77391
12234,83.39350,26.77276
12235,83.39414,26.77258
12236,83.39399,26.77571
12237,83.39440,26.77543
12238,83.39504,26.77534
12239,83.39512,26.77601
12240,83.39626,26.77588
12241,83.39720,26.77704
12242,83.39772,26.77714
12243,83.39839,26.77767
12244,83.39904,26.77679
12245,83.39856,26.77774
12246,83.39892,26.77789
12247,83.39987,26.77606
12248,83.39951,26.77665
12249,83.39910,26.77634
12250,83.39900,26.77611
12251,83.39772,26.77582
12252,83.39880,26.77559
12253,83.39954,26.77534
12254,83.39929,26.77546
12255,83.39896,26.77601
12256,83.39959,26.77620
12257,83.39946,26.77588
12258,83.39895,26.77493
12259,83.39796,26.77535
12260,83.39869,26.77476
12261,83.39786,26.77503
12262,83.39753,26.77482
12263,83.39836,26.77454
12264,83.39766,26.77407
12265,83.39688,26.77433
12266,83.39631,26.77392
12267,83.39635,26.77407
12268,83.39676,26.77394
12269,83.39606,26.77406
12270,83.39668,26.77340
12271,83.40197,26.83573
12272,83.40130,26.83384
12273,83.40051,26.83187
12274,83.40004,26.83140
12275,83.40353,26.83084
12276,83.40360,26.83083
12277,83.40470,26.83255
12278,83.40476,26.83252
12279,83.40549,26.83430
12280,83.40608,26.83370
12281,83.40809,26.71029
12282,83.40879,26.70965
12283,83.40951,26.70901
12284,83.40967,26.70916
12285,83.40899,26.70831
12286,83.42319,26.70396
12287,83.42370,26.70483
12288,83.42145,26.70675
12289,83.42545,26.70619
12290,83.42828,26.70594
12291,83.42399,26.70630
12292,83.42377,26.70490
12293,83.42061,26.70518
12294,83.42270,26.70447
12295,83.42243,26.70456
12296,83.42286,26.70547
12297,83.42211,26.70467
12298,83.40491,26.83359
12299,83.40464,26.83268
12300,83.40368,26.83413
12301,83.40344,26.83312
12302,83.40395,26.83563
12303,83.40487,26.83660
12304,83.40485,26.83777
12305,83.40479,26.83558
12306,83.40393,26.83563
12307,83.40063,26.83969
12308,83.39939,26.84020
12309,83.39900,26.83955
12310,83.40089,26.84269
12311,83.40153,26.84242
12312,83.40331,26.84161
12313,83.40232,26.84345
12314,83.40248,26.84401
12315,83.40296,26.84302
12316,83.40188,26.84290
12317,83.40256,26.84277
12318,83.40249,26.84206
12319,83.40681,26.84165
12320,83.40294,26.84319
12321,83.40446,26.84229
12322,83.39904,26.84327
12323,83.39583,26.83920
12324,83.39599,26.83854
12325,83.39540,26.83527
12326,83.39217,26.83532
12327,83.39262,26.83685
12328,83.39562,26.83752
12329,83.39520,26.83764
12330,83.39487,26.83620
12331,83.39378,26.83633
12332,83.39542,26.83614
12333,83.39393,26.83736
12334,83.39377,26.83792
12335,83.39376,26.83785
12336,83.39506,26.83715
12337,83.39190,26.83790
12338,83.39182,26.83771
12339,83.39104,26.83729
12340,83.39621,26.84043
12341,83.39898,26.83926
12342,83.39795,26.83736
12343,83.39773,26.83677
12344,83.39756,26.83631
12345,83.39917,26.83597
12346,83.39626,26.83743
12347,83.39573,26.83787
12348,83.39697,26.83770
12349,83.39782,26.83701
12350,83.39602,26.83646
12351,83.39695,26.83626
12352,83.39934,26.83641
12353,83.40023,26.83878
12354,83.39925,26.83952
12355,83.39933,26.84010
12356,83.39617,26.83774
12357,83.39858,26.83873
12358,83.40484,26.84016
12359,83.40379,26.83877
12360,83.40795,26.84193
12361,83.40953,26.84127
12362,83.41258,26.84031
12363,83.40687,26.84058
12364,83.40891,26.84004
12365,83.40676,26.83974
12366,83.40858,26.83919
12367,83.40875,26.83652
12368,83.40853,26.84013
12369,83.40822,26.83930
12370,83.40497,26.83055
12371,83.40710,26.82991
12372,83.40775,26.83170
12373,83.40584,26.83086
12374,83.40447,26.82939
12375,83.40609,26.82913
12376,83.40695,26.82896
12377,83.40733,26.82984
12378,83.40754,26.82830
12379,83.40736,26.82895
12380,83.40716,26.82842
12381,83.40706,26.82714
12382,83.40504,26.82930
12383,83.40520,26.82858
12384,83.40581,26.82844
12385,83.40651,26.82810
12386,83.40611,26.82774
12387,83.40410,26.82747
12388,83.40502,26.82760
12389,83.40511,26.82742
12390,83.40543,26.82516
12391,83.40607,26.82608
12392,83.40538,26.82640
12393,83.40433,26.83108
12394,83.40509,26.83081
12395,83.40461,26.83227
12396,83.40478,26.83016
12397,83.40549,26.82986
12398,83.40459,26.82973
12399,83.40515,26.83003
12400,83.40501,26.82966
12401,83.40383,26.82671
12402,83.40530,26.82619
12403,83.40752,26.82696
12404,83.40715,26.82613
12405,83.40707,26.82688
12406,83.40657,26.82611
12407,83.40669,26.82630
12408,83.40650,26.82468
12409,83.40790,26.82678
12410,83.40743,26.82677
12411,83.40802,26.82552
12412,83.40939,26.82449
12413,83.40794,26.82427
12414,83.40900,26.82422
12415,83.40436,26.82485
12416,83.40497,26.82464
12417,83.40410,26.82567
12418,83.40624,26.82411
12419,83.40654,26.82467
12420,83.40226,26.82494
12421,83.40340,26.82326
12422,83.40222,26.82362
12423,83.40235,26.82401
12424,83.42251,26.70640
12425,83.42253,26.70647
12426,83.42237,26.70608
12427,83.42498,26.70460
12428,83.42015,26.70413
12429,83.42270,26.70324
12430,83.42206,26.70770
12431,83.42302,26.70776
12432,83.42407,26.70812
12433,83.42674,26.70855
12434,83.42648,26.70564
12435,83.42890,26.70145
12436,83.43227,26.70582
12437,83.43068,26.70379
12438,83.43062,26.70307
12439,83.43090,26.70406
12440,83.42714,26.70664
12441,83.42710,26.70511
12442,83.42804,26.70610
12443,83.42669,26.70472
12444,83.42706,26.70515
12445,83.42490,26.70327
12446,83.42517,26.70353
12447,83.42637,26.70573
12448,83.42492,26.70820
12449,83.42476,26.70756
12450,83.42713,26.70662
12451,83.42484,26.70819
12452,83.42551,26.70943
12453,83.42469,26.71177
12454,83.38695,26.83418
12455,83.38564,26.83121
12456,83.38870,26.83009
12457,83.38952,26.82971
12458,83.38954,26.82968
12459,83.39016,26.82907
12460,83.39026,26.82906
12461,83.39016,26.82905
12462,83.39014,26.82900
12463,83.38982,26.82855
12464,83.38981,26.82930
12465,83.38881,26.82749
12466,83.38801,26.83035
12467,83.38835,26.82938
12468,83.38774,26.82851
12469,83.38888,26.82760
12470,83.38946,26.82871
12471,83.38773,26.83046
12472,83.38808,26.83356
12473,83.38806,26.83439
12474,83.38873,26.83253
12475,83.38866,26.83337
12476,83.38842,26.83264
12477,83.38834,26.83348
12478,83.38808,26.83273
12479,83.39097,26.83058
12480,83.39290,26.82984
12481,83.39402,26.83093
12482,83.39345,26.82936
12483,83.39362,26.83010
12484,83.39424,26.83000
12485,83.39620,26.82959
12486,83.39473,26.83114
12487,83.39579,26.82876
12488,83.39674,26.83093
12489,83.39523,26.83249
12490,83.39839,26.83197
12491,83.39666,26.83259
12492,83.39992,26.82980
12493,83.39956,26.82910
12494,83.40134,26.83583
12495,83.40022,26.83236
12496,83.40045,26.83189
12497,83.40015,26.83418
12498,83.39778,26.83366
12499,83.39884,26.83524
12500,83.39757,26.83510
12501,83.39848,26.83427
12502,83.39325,26.83126
12503,83.39494,26.83245
12504,83.39231,26.83475
12505,83.39221,26.83533
12506,83.39329,26.83470
12507,83.39300,26.83542
12508,83.39296,26.83469
12509,83.39638,26.83423
12510,83.39777,26.83448
12511,83.39814,26.83297
12512,83.39945,26.83258
12513,83.39905,26.83174
12514,83.39930,26.83165
12515,83.39858,26.82984
12516,83.39831,26.82928
12517,83.39632,26.82987
12518,83.39841,26.82946
12519,83.39911,26.82926
12520,83.39999,26.82893
12521,83.40127,26.82928
12522,83.39969,26.82935
12523,83.39842,26.83128
12524,83.39867,26.83187
12525,83.39814,26.83137
12526,83.39905,26.83103
12527,83.40180,26.83141
12528,83.39647,26.83580
12529,83.39641,26.83521
12530,83.38966,26.83478
12531,83.39159,26.83520
12532,83.39160,26.83525
12533,83.39160,26.83530
12534,83.39156,26.83505
12535,83.39224,26.83494
12536,83.39180,26.83400
12537,83.39107,26.83419
12538,83.39205,26.83393
12539,83.39119,26.83450
12540,83.39088,26.83369
12541,83.39046,26.83385
12542,83.39076,26.83461
12543,83.39130,26.83282
12544,83.39351,26.83204
12545,83.39147,26.83324
12546,83.38472,26.82945
12547,83.38621,26.82615
12548,83.38832,26.82693
12549,83.38846,26.82623
12550,83.38819,26.82634
12551,83.38929,26.82589
12552,83.38938,26.82692
12553,83.38943,26.82627
12554,83.38875,26.82496
12555,83.38993,26.82729
12556,83.39191,26.82751
12557,83.38743,26.82814
12558,83.38770,26.82536
12559,83.38781,26.82490
12560,83.38783,26.82562
12561,83.38888,26.82518
12562,83.38850,26.82500
12563,83.38833,26.82478
12564,83.38912,26.82474
12565,83.38880,26.82390
12566,83.38889,26.82417
12567,83.38885,26.82429
12568,83.38995,26.82443
12569,83.38889,26.82521
12570,83.39013,26.82469
12571,83.39003,26.82437
12572,83.39018,26.82470
12573,83.39202,26.82334
12574,83.39179,26.82368
12575,83.39129,26.82420
12576,83.39148,26.82380
12577,83.39202,26.82470
12578,83.39475,26.82357
12579,83.39286,26.82434
12580,83.39196,26.82460
12581,83.39052,26.82524
12582,83.39134,26.82487
12583,83.39181,26.82567
12584,83.39283,26.82676
12585,83.39242,26.82540
12586,83.39210,26.82781
12587,83.39597,26.82464
12588,83.39680,26.82683
12589,83.39699,26.82822
12590,83.39750,26.82683
12591,83.39801,26.82774
12592,83.39772,26.82723
12593,83.39914,26.82725
12594,83.39737,26.82560
12595,83.39860,26.82497
12596,83.39889,26.82483
12597,83.40102,26.82434
12598,83.40108,26.82431
12599,83.40112,26.82428
12600,83.40166,26.82454
12601,83.40166,26.82458
12602,83.40166,26.82463
12603,83.40113,26.82565
12604,83.40207,26.82587
12605,83.40222,26.82628
12606,83.40253,26.82615
12607,83.40208,26.82541
12608,83.40237,26.82534
12609,83.40250,26.82533
12610,83.40230,26.82518
12611,83.40162,26.82482
12612,83.40186,26.82538
12613,83.40147,26.82533
12614,83.40179,26.82521
12615,83.39935,26.82570
12616,83.40007,26.82687
12617,83.39981,26.82590
12618,83.39957,26.82601
12619,83.39986,26.82456
12620,83.40047,26.82535
12621,83.40112,26.82513
12622,83.40168,26.82495
12623,83.40138,26.82505
12624,83.39892,26.82482
12625,83.39852,26.82400
12626,83.39826,26.82342
12627,83.39942,26.82360
12628,83.39736,26.82487
12629,83.39801,26.82454
12630,83.39862,26.82423
12631,83.39778,26.82422
12632,83.39678,26.82418
12633,83.39765,26.82546
12634,83.39722,26.82543
12635,83.39659,26.82602
12636,83.39744,26.82571
12637,83.39790,26.82671
12638,83.39527,26.82611
12639,83.39640,26.82558
12640,83.39479,26.82897
12641,83.39472,26.82824
12642,83.39286,26.82673
12643,83.39524,26.82898
12644,83.39498,26.82851
12645,83.39515,26.82803
12646,83.38766,26.82387
12647,83.38775,26.82402
12648,83.38810,26.82386
12649,83.38789,26.82345
12650,83.38681,26.82358
12651,83.38737,26.82334
12652,83.38944,26.82401
12653,83.38971,26.82448
12654,83.38979,26.82382
12655,83.40190,26.82642
12656,83.40257,26.82835
12657,83.40248,26.83118
12658,83.40182,26.82947
12659,83.40190,26.82852
12660,83.40188,26.82774
12661,83.40026,26.82680
12662,83.40097,26.82855
12663,83.40142,26.82964
12664,83.39993,26.82826
12665,83.40079,26.82803
12666,83.39807,26.82772
12667,83.39853,26.82839
12668,83.39794,26.82872
12669,83.39673,26.82835
12670,83.39802,26.82867
12671,83.39758,26.82793
12672,83.42629,26.71075
12673,83.42854,26.71038
12674,83.42556,26.71311
12675,83.42695,26.71238
12676,83.42792,26.71206
12677,83.42757,26.71218
12678,83.42736,26.71162
12679,83.42594,26.71112
12680,83.42676,26.71247
12681,83.42665,26.71253
12682,83.42689,26.71294
12683,83.42605,26.71378
12684,83.42908,26.71241
12685,83.42889,26.71147
12686,83.42644,26.71195
12687,83.43220,26.71077
12688,83.42906,26.71251
12689,83.42992,26.71277
12690,83.42912,26.71163
12691,83.42861,26.71532
12692,83.42805,26.71565
12693,83.42857,26.71625
12694,83.35222,26.72404
12695,83.35234,26.72365
12696,83.35248,26.72182
12697,83.35263,26.72266
12698,83.35782,26.72651
12699,83.35791,26.72706
12700,83.35865,26.72768
12701,83.36358,26.70971
12702,83.36279,26.71066
12703,83.36310,26.71367
12704,83.36356,26.71367
12705,83.36313,26.71228
12706,83.36194,26.71037
12707,83.36163,26.71026
12708,83.36059,26.71368
12709,83.36000,26.71314
12710,83.35956,26.71330
12711,83.35957,26.71355
12712,83.35939,26.71267
12713,83.36135,26.71105
12714,83.36116,26.71076
12715,83.36075,26.71445
12716,83.36033,26.71382
12717,83.35918,26.71373
12718,83.35832,26.71576
12719,83.35759,26.71618
12720,83.35754,26.71547
12721,83.35902,26.71474
12722,83.35961,26.71588
12723,83.35869,26.71970
12724,83.35827,26.71907
12725,83.35849,26.71941
12726,83.35920,26.71691
12727,83.35958,26.71743
12728,83.35987,26.71726
12729,83.35770,26.71769
12730,83.36012,26.71768
12731,83.35947,26.71794
12732,83.35982,26.71860
12733,83.36053,26.71896
12734,83.36007,26.71934
12735,83.35967,26.72003
12736,83.35844,26.71865
12737,83.35876,26.71918
12738,83.35876,26.71854
12739,83.35950,26.71940
12740,83.35957,26.71975
12741,83.35944,26.71988
12742,83.35908,26.72035
12743,83.36034,26.71649
12744,83.36066,26.71703
12745,83.35910,26.71896
12746,83.36011,26.71844
12747,83.36032,26.71723
12748,83.36198,26.71794
12749,83.36139,26.71841
12750,83.36051,26.71596
12751,83.36103,26.71644
12752,83.36145,26.71607
12753,83.36149,26.71635
12754,83.36304,26.71584
12755,83.36165,26.71562
12756,83.36290,26.71478
12757,83.36278,26.71431
12758,83.36362,26.71471
12759,83.36220,26.71701
12760,83.36241,26.71745
12761,83.36288,26.71590
12762,83.36267,26.71596
12763,83.36287,26.71675
12764,83.36262,26.71686
12765,83.36279,26.71728
12766,83.36124,26.71640
12767,83.36152,26.71725
12768,83.36083,26.71650
12769,83.36168,26.71656
12770,83.36186,26.71713
12771,83.36134,26.71731
12772,83.36101,26.71682
12773,83.35999,26.71741
12774,83.35933,26.71628
12775,83.35764,26.71680
12776,83.36129,26.71415
12777,83.36264,26.71346
12778,83.36367,26.71849
12779,83.36036,26.72082
12780,83.36083,26.72010
12781,83.36117,26.72057
12782,83.36220,26.71941
12783,83.36292,26.72029
12784,83.36102,26.72115
12785,83.36182,26.72053
12786,83.36299,26.71939
12787,83.36259,26.71922
12788,83.36362,26.71931
12789,83.36324,26.72140
12790,83.36241,26.72093
12791,83.36333,26.72244
12792,83.36299,26.72200
12793,83.36364,26.72217
12794,83.36028,26.72190
12795,83.35992,26.72106
12796,83.36026,26.72153
12797,83.36001,26.72201
12798,83.35909,26.72296
12799,83.36016,26.72268
12800,83.36006,26.72325
12801,83.35981,26.72140
12802,83.36008,26.72069
12803,83.42833,26.70591
12804,83.42878,26.70659
12805,83.42907,26.70798
12806,83.43059,26.71013
12807,83.42423,26.70926
12808,83.42455,26.70983
12809,83.42402,26.70884
12810,83.42447,26.70865
12811,83.42348,26.70991
12812,83.42372,26.70897
12813,83.42589,26.70709
12814,83.42257,26.70647
12815,83.42286,26.70725
12816,83.42099,26.70605
12817,83.42041,26.70682
12818,83.41981,26.70729
12819,83.41671,26.70400
12820,83.42057,26.70511
12821,83.41778,26.70302
12822,83.42011,26.70405
12823,83.41807,26.70497
12824,83.41623,26.70350
12825,83.41614,26.70322
12826,83.41844,26.70241
12827,83.41779,26.70253
12828,83.41746,26.70170
12829,83.41677,26.70119
12830,83.41531,26.70115
12831,83.41438,26.70612
12832,83.41628,26.70627
12833,83.42489,26.71918
12834,83.42495,26.71988
12835,83.42577,26.71961
12836,83.42613,26.72127
12837,83.42795,26.72038
12838,83.42744,26.72014
12839,83.42761,26.72053
12840,83.42873,26.72088
12841,83.42864,26.72066
12842,83.42913,26.72045
12843,83.42973,26.72016
12844,83.42923,26.71903
12845,83.42909,26.71879
12846,83.42937,26.71927
12847,83.42962,26.71884
12848,83.42720,26.70938
12849,83.42902,26.70542
12850,83.43048,26.70605
12851,83.43097,26.70665
12852,83.43028,26.70609
12853,83.43082,26.70646
12854,83.41580,26.72073
12855,83.41581,26.72066
12856,83.41612,26.71815
12857,83.41636,26.71794
12858,83.41639,26.72103
12859,83.41761,26.72141
12860,83.41911,26.72086
12861,83.41760,26.72197
12862,83.41746,26.72173
12863,83.41801,26.72282
12864,83.41833,26.72270
12865,83.42083,26.71883
12866,83.42139,26.71859
12867,83.42116,26.71930
12868,83.42161,26.71931
12869,83.42416,26.71941
12870,83.42389,26.71869
12871,83.42397,26.71892
12872,83.42478,26.71922
12873,83.42644,26.71906
12874,83.42716,26.71965
12875,83.42729,26.71899
12876,83.43045,26.71592
12877,83.43086,26.71572
12878,83.43068,26.71581
12879,83.43132,26.71672
12880,83.42921,26.71391
12881,83.43068,26.71395
12882,83.43139,26.71363
12883,83.43016,26.71420
12884,83.39392,26.83195
12885,83.39426,26.83190
12886,83.39389,26.83226
12887,83.39440,26.83203
12888,83.40837,26.84300
12889,83.39203,26.83659
12890,83.39248,26.83651
12891,83.39762,26.84223
12892,83.39918,26.83985
12893,83.40489,26.83706
12894,83.40548,26.83062
12895,83.40507,26.83077
12896,83.39990,26.82556
12897,83.39938,26.82574
12898,83.40253,26.82752
12899,83.40187,26.82726
12900,83.38672,26.82700
12901,83.38615,26.82618
12902,83.38844,26.82402
12903,83.40113,26.82894
12904,83.40158,26.82879
12905,83.39079,26.82567
12906,83.38978,26.82517
12907,83.39034,26.82494
12908,83.40842,26.84179
12909,83.46252,26.76229
12910,83.45926,26.76301
12911,83.46115,26.76258
12912,83.45345,26.75472
12913,83.45445,26.75510
12914,83.45457,26.75567
12915,83.45946,26.75586
12916,83.45734,26.75504
12917,83.45709,26.75644
12918,83.45693,26.75572
12919,83.45676,26.75507
12920,83.45369,26.75568
12921,83.45386,26.75632
12922,83.45376,26.76017
12923,83.45314,26.76046
12924,83.45339,26.76260
12925,83.45383,26.76269
12926,83.45339,26.76118
12927,83.45479,26.76079
12928,83.45367,26.76228
12929,83.45701,26.76339
12930,83.45785,26.76032
12931,83.45834,26.76142
12932,83.45793,26.76143
12933,83.45710,26.76058
12934,83.45751,26.76149
12935,83.46441,26.76334
12936,83.46822,26.76268
12937,83.46826,26.76320
12938,83.46820,26.76395
12939,83.47125,26.76230
12940,83.47160,26.76292
12941,83.47342,26.76328
12942,83.47505,26.76305
12943,83.47483,26.76268
12944,83.47268,26.76274
12945,83.47540,26.76192
12946,83.47637,26.76146
12947,83.47119,26.76217
12948,83.47585,26.76045
12949,83.47749,26.75984
12950,83.47584,26.76039
12951,83.46596,26.76279
12952,83.46697,26.76075
12953,83.46730,26.76134
12954,83.46738,26.76060
12955,83.46720,26.76007
12956,83.46754,26.75923
12957,83.46776,26.76001
12958,83.46788,26.76042
12959,83.46773,26.75718
12960,83.46982,26.75755
12961,83.46641,26.75710
12962,83.47017,26.75962
12963,83.47001,26.75897
12964,83.46047,26.76049
12965,83.45881,26.76017
12966,83.45510,26.76129
12967,83.45748,26.76043
12968,83.45839,26.76295
12969,83.45976,26.76261
12970,83.45882,26.76311
12971,83.45986,26.76292
12972,83.46380,26.76180
12973,83.47397,26.75763
12974,83.47400,26.75823
12975,83.47475,26.75794
12976,83.47468,26.75768
12977,83.46879,26.87161
12978,83.46001,26.86591
12979,83.39561,26.77409
12980,83.39500,26.77366
12981,83.39554,26.77353
12982,83.39495,26.77458
12983,83.39530,26.77385
12984,83.39505,26.77390
12985,83.39179,26.77170
12986,83.39189,26.77261
12987,83.39148,26.77172
12988,83.39141,26.77303
12989,83.39096,26.77329
12990,83.39110,26.77354
12991,83.39146,26.77131
12992,83.39144,26.77081
12993,83.39178,26.77140
12994,83.39182,26.77170
12995,83.39129,26.77033
12996,83.39063,26.77051
12997,83.39077,26.77098
12998,83.38993,26.77074
12999,83.39012,26.77120
13000,83.38966,26.77084
13001,83.38983,26.77129
13002,83.38844,26.77124
13003,83.38864,26.77151
13004,83.38699,26.76963
13005,83.38740,26.77098
13006,83.38739,26.77007
13007,83.38710,26.77012
13008,83.38783,26.77052
13009,83.38949,26.77166
13010,83.38982,26.77191
13011,83.38998,26.77240
13012,83.39607,26.77224
13013,83.39558,26.77183
13014,83.39751,26.77110
13015,83.39674,26.77132
13016,83.39652,26.77183
13017,83.39610,26.77243
13018,83.39668,26.77238
13019,83.39624,26.77169
13020,83.39639,26.77222
13021,83.39517,26.77192
13022,83.39406,26.77095
13023,83.39786,26.77069
13024,83.39682,26.77047
13025,83.39740,26.77091
13026,83.39732,26.77049
13027,83.39760,26.77081
13028,83.39725,26.77233
13029,83.39767,26.77284
13030,83.39806,26.77275
13031,83.39596,26.77324
13032,83.39590,26.77364
13033,83.39684,26.77521
13034,83.39702,26.77570
13035,83.39672,26.77491
13036,83.39728,26.77514
13037,83.39649,26.77556
13038,83.39693,26.77546
13039,83.39646,26.77608
13040,83.39643,26.77658
13041,83.39765,26.77640
13042,83.39811,26.77758
13043,83.39859,26.77726
13044,83.39844,26.77698
13045,83.39868,26.77706
13046,83.39635,26.77606
13047,83.39581,26.77604
13048,83.39580,26.77537
13049,83.39234,26.77437
13050,83.39220,26.77505
13051,83.39174,26.77439
13052,83.39051,26.77346
13053,83.38909,26.77345
13054,83.38892,26.77353
13055,83.38878,26.77302
13056,83.38845,26.77378
13057,83.38830,26.77343
13058,83.38808,26.77287
13059,83.38721,26.77284
13060,83.38695,26.77309
13061,83.38711,26.77321
13062,83.38656,26.77349
13063,83.38636,26.77329
13064,83.38693,26.77308
13065,83.38638,26.77314
13066,83.38666,26.77289
13067,83.38619,26.77300
13068,83.38643,26.77272
13069,83.38754,26.77541
13070,83.38712,26.77524
13071,83.38718,26.77548
13072,83.38713,26.77444
13073,83.38673,26.77452
13074,83.38678,26.77496
13075,83.38711,26.77510
13076,83.38704,26.77491
13077,83.38646,26.77550
13078,83.38687,26.77539
13079,83.38631,26.77532
13080,83.38682,26.77519
13081,83.38678,26.77498
13082,83.38676,26.77479
13083,83.38674,26.77458
13084,83.38608,26.77480
13085,83.38654,26.77378
13086,83.38611,26.77349
13087,83.38630,26.77408
13088,83.38801,26.77429
13089,83.38783,26.77448
13090,83.38798,26.77471
13091,83.38872,26.77434
13092,83.38834,26.77453
13093,83.38854,26.77443
13094,83.38841,26.77523
13095,83.38875,26.77565
13096,83.38957,26.77580
13097,83.39067,26.77649
13098,83.38974,26.77666
13099,83.38969,26.77647
13100,83.39007,26.77694
13101,83.39076,26.77676
13102,83.38854,26.77697
13103,83.38849,26.77673
13104,83.38897,26.77690
13105,83.38903,26.77712
13106,83.38792,26.77841
13107,83.38754,26.77723
13108,83.38760,26.77738
13109,83.38695,26.77727
13110,83.38656,26.77595
13111,83.38633,26.77660
13112,83.38671,26.77650
13113,83.38764,26.77694
13114,83.38712,26.77586
13115,83.38797,26.77608
13116,83.38806,26.77638
13117,83.38838,26.77610
13118,83.38824,26.77571
13119,83.39204,26.77670
13120,83.39219,26.77599
13121,83.39211,26.77636
13122,83.39255,26.77606
13123,83.39252,26.77668
13124,83.39168,26.77714
13125,83.39230,26.77722
13126,83.39169,26.77742
13127,83.39230,26.77670
13128,83.39106,26.77811
13129,83.39173,26.77775
13130,83.39174,26.77939
13131,83.39256,26.78014
13132,83.39487,26.78232
13133,83.39380,26.78019
13134,83.39432,26.78192
13135,83.39293,26.78033
13136,83.39268,26.78204
13137,83.39362,26.78297
13138,83.39271,26.78261
13139,83.39320,26.78220
13140,83.39329,26.78249
13141,83.39214,26.78243
13142,83.39222,26.78288
13143,83.39177,26.78258
13144,83.39180,26.78296
13145,83.39138,26.78263
13146,83.39086,26.78271
13147,83.39175,26.78178
13148,83.39110,26.78193
13149,83.39219,26.78202
13150,83.39109,26.78207
13151,83.39142,26.78327
13152,83.39133,26.78304
13153,83.39112,26.78355
13154,83.39093,26.78311
13155,83.39132,26.78388
13156,83.39222,26.78369
13157,83.39278,26.78224
13158,83.39932,26.77807
13159,83.40369,26.78102
13160,83.40330,26.78013
13161,83.40395,26.78055
13162,83.40347,26.78047
13163,83.40384,26.78070
13164,83.40322,26.78051
13165,83.40303,26.78093
13166,83.40312,26.78120
13167,83.40335,26.78160
13168,83.40198,26.77984
13169,83.40169,26.77961
13170,83.40234,26.78067
13171,83.40186,26.78073
13172,83.39823,26.77958
13173,83.39827,26.77964
13174,83.39937,26.77937
13175,83.39835,26.77938
13176,83.39953,26.77913
13177,83.39869,26.77931
13178,83.39907,26.77865
13179,83.39879,26.77854
13180,83.39886,26.77889
13181,83.39899,26.77792
13182,83.39790,26.77871
13183,83.39764,26.77757
13184,83.39782,26.77927
13185,83.39616,26.77974
13186,83.39782,26.77971
13187,83.39593,26.78077
13188,83.39563,26.77971
13189,83.39596,26.77909
13190,83.39570,26.77964
13191,83.39558,26.77924
13192,83.39542,26.77881
13193,83.39575,26.77872
13194,83.39596,26.77836
13195,83.39592,26.77764
13196,83.39729,26.77813
13197,83.39691,26.77822
13198,83.39632,26.77825
13199,83.39695,26.77849
13200,83.39683,26.77805
13201,83.39674,26.77761
13202,83.39835,26.78228
13203,83.40096,26.78226
13204,83.40130,26.78212
13205,83.40275,26.78100
13206,83.40097,26.77970
13207,83.40118,26.78011
13208,83.40123,26.77940
13209,83.40034,26.77966
13210,83.39734,26.77837
13211,83.39785,26.77826
13212,83.39671,26.77893
13213,83.39596,26.77910
13214,83.39657,26.77941
13215,83.39637,26.77901
13216,83.39647,26.77922
13217,83.39608,26.77935
13218,83.39465,26.77734
13219,83.39584,26.77764
13220,83.40449,26.77807
13221,83.40490,26.77791
13222,83.40239,26.77607
13223,83.40363,26.77591
13224,83.40442,26.77642
13225,83.40458,26.77509
13226,83.40476,26.77639
13227,83.41900,26.72066
13228,83.41938,26.72053
13229,83.42098,26.71977
13230,83.42050,26.71898
13231,83.42047,26.72039
13232,83.42118,26.72012
13233,83.42055,26.72001
13234,83.41911,26.71989
13235,83.41980,26.72041
13236,83.42036,26.72185
13237,83.41797,26.72127
13238,83.44955,26.85287
13239,83.39660,26.78329
13240,83.39607,26.78262
13241,83.39677,26.78325
13242,83.39628,26.78335
13243,83.39494,26.78326
13244,83.39566,26.78352
13245,83.39568,26.78352
13246,83.39551,26.78276
13247,83.39514,26.78318
13248,83.39506,26.78287
13249,83.39453,26.78328
13250,83.39461,26.78299
13251,83.39497,26.78290
13252,83.39451,26.78282
13253,83.39605,26.78168
13254,83.39639,26.78144
13255,83.39845,26.78145
13256,83.39791,26.78170
13257,83.39786,26.78092
13258,83.39820,26.78086
13259,83.39841,26.78039
13260,83.39869,26.78024
13261,83.39817,26.78278
13262,83.39866,26.78283
13263,83.39976,26.78342
13264,83.39952,26.78292
13265,83.40054,26.78302
13266,83.39859,26.78241
13267,83.39780,26.78284
13268,83.39746,26.78200
13269,83.39711,26.78267
13270,83.39620,26.78259
13271,83.39610,26.78218
13272,83.39520,26.78032
13273,83.39488,26.78039
13274,83.39429,26.77888
13275,83.39390,26.77899
13276,83.39381,26.77843
13277,83.44397,26.85063
13278,83.44353,26.84927
13279,83.44255,26.84827
13280,83.44103,26.85936
13281,83.43671,26.85872
13282,83.44102,26.85931
13283,83.44265,26.85895
13284,83.45031,26.85674
13285,83.44621,26.85728
13286,83.44362,26.85818
13287,83.44440,26.85747
13288,83.44361,26.85828
13289,83.44380,26.85870
13290,83.43670,26.85928
13291,83.43606,26.85706
13292,83.43374,26.85083
13293,83.43107,26.84295
13294,83.43076,26.84247
13295,83.42823,26.83975
13296,83.43019,26.83854
13297,83.43693,26.86094
13298,83.43202,26.86103
13299,83.43249,26.74813
13300,83.43377,26.74823
13301,83.43317,26.74821
13302,83.43337,26.74876
13303,83.43389,26.74845
13304,83.43386,26.74885
13305,83.43405,26.74838
13306,83.43402,26.74888
13307,83.43431,26.74847
13308,83.43428,26.74894
13309,83.43463,26.74854
13310,83.43460,26.74901
13311,83.43485,26.74845
13312,83.43482,26.74907
13313,83.43518,26.74840
13314,83.43675,26.74794
13315,83.43728,26.74785
13316,83.43657,26.74776
13317,83.43724,26.74758
13318,83.43658,26.74801
13319,83.43667,26.74849
13320,83.43665,26.74955
13321,83.43699,26.74967
13322,83.43701,26.74853
13323,83.43666,26.74893
13324,83.43702,26.74892
13325,83.43756,26.74887
13326,83.43621,26.74892
13327,83.43578,26.74931
13328,83.43565,26.74823
13329,83.43617,26.74841
13330,83.43533,26.74832
13331,83.43546,26.74923
13332,83.43579,26.74817
13333,83.43190,26.74856
13334,83.43545,26.74873
13335,83.43620,26.74858
13336,83.43868,26.74980
13337,83.43892,26.74947
13338,83.43716,26.74723
13339,83.43735,26.74818
13340,83.43765,26.74918
13341,83.44251,26.75443
13342,83.44255,26.75496
13343,83.43823,26.75316
13344,83.43876,26.75081
13345,83.43874,26.75139
13346,83.43471,26.74966
13347,83.43479,26.75034
13348,83.43252,26.74891
13349,83.43295,26.75025
13350,83.43347,26.74906
13351,83.43349,26.74983
13352,83.43320,26.74982
13353,83.43394,26.74983
13354,83.43399,26.75026
13355,83.43375,26.74912
13356,83.43548,26.75103
13357,83.43534,26.74994
13358,83.43544,26.75037
13359,83.43297,26.75105
13360,83.43344,26.75086
13361,83.43588,26.75361
13362,83.43588,26.75198
13363,83.43748,26.75252
13364,83.43628,26.75272
13365,83.43437,26.75210
13366,83.43365,26.75248
13367,83.43435,26.75258
13368,83.43366,26.75260
13369,83.43441,26.75368
13370,83.43403,26.75295
13371,83.43441,26.75324
13372,83.43368,26.75296
13373,83.43404,26.75324
13374,83.43368,26.75324
13375,83.43495,26.75323
13376,83.43458,26.75235
13377,83.43460,26.75324
13378,83.43461,26.75364
13379,83.43463,26.75390
13380,83.43466,26.75439
13381,83.43496,26.75439
13382,83.43495,26.75313
13383,83.43473,26.75174
13384,83.43529,26.75172
13385,83.43475,26.75086
13386,83.43455,26.75032
13387,83.43453,26.75082
13388,83.43475,26.75119
13389,83.43393,26.75026
13390,83.43388,26.75105
13391,83.43228,26.75075
13392,83.43278,26.75063
13393,83.43316,26.75432
13394,83.43370,26.75431
13395,83.43312,26.75427
13396,83.43216,26.75429
13397,83.43314,26.75393
13398,83.43369,26.75392
13399,83.43301,26.75360
13400,83.43274,26.75280
13401,83.43277,26.75360
13402,83.43315,26.75248
13403,83.43297,26.75279
13404,83.43296,26.75156
13405,83.43305,26.75194
13406,83.43378,26.75622
13407,83.43288,26.75624
13408,83.43214,26.75525
13409,83.43263,26.75525
13410,83.43310,26.75500
13411,83.43334,26.75458
13412,83.43335,26.75501
13413,83.43372,26.75482
13414,83.43469,26.75479
13415,83.43373,26.75513
13416,83.43469,26.75511
13417,83.43374,26.75540
13418,83.43475,26.75537
13419,83.43376,26.75577
13420,83.43497,26.75572
13421,83.43495,26.75609
13422,83.43747,26.75341
13423,83.43725,26.75312
13424,83.43725,26.75351
13425,83.43630,26.75312
13426,83.43631,26.75360
13427,83.43648,26.75672
13428,83.43649,26.75711
13429,83.43600,26.75640
13430,83.43597,26.75715
13431,83.43710,26.75656
13432,83.43713,26.75706
13433,83.43691,26.75708
13434,83.43902,26.75569
13435,83.43940,26.75569
13436,83.43981,26.75684
13437,83.44141,26.75244
13438,83.44038,26.75251
13439,83.44037,26.75173
13440,83.44000,26.75207
13441,83.44001,26.75263
13442,83.44000,26.75235
13443,83.43971,26.75236
13444,83.44140,26.75328
13445,83.44103,26.75267
13446,83.44107,26.75328
13447,83.44054,26.75288
13448,83.43972,26.75288
13449,83.44173,26.75396
13450,83.44228,26.75394
13451,83.44173,26.75393
13452,83.44125,26.75393
13453,83.44264,26.75358
13454,83.44229,26.75419
13455,83.44175,26.75421
13456,83.44475,26.75575
13457,83.44238,26.75337
13458,83.43166,26.75351
13459,83.43231,26.75375
13460,83.43201,26.75653
13461,83.43154,26.75749
13462,83.43158,26.75689
13463,83.43182,26.75748
13464,83.43132,26.75399
13465,83.43092,26.75148
13466,83.43135,26.75258
13467,83.43116,26.75216
13468,83.43126,26.75124
13469,83.43153,26.75203
13470,83.43190,26.75285
13471,83.43166,26.75021
13472,83.43190,26.75096
13473,83.43123,26.74975
13474,83.43176,26.75021
13475,83.45329,26.75837
13476,83.45209,26.75875
13477,83.45197,26.75811
13478,83.45148,26.75790
13479,83.44852,26.75963
13480,83.44902,26.76020
13481,83.44886,26.75927
13482,83.44947,26.76007
13483,83.44909,26.75903
13484,83.45006,26.75998
13485,83.45011,26.75919
13486,83.44953,26.75857
13487,83.45207,26.75905
13488,83.45074,26.75950
13489,83.45173,26.75861
13490,83.45084,26.76001
13491,83.45239,26.75946
13492,83.45133,26.76224
13493,83.45086,26.76251
13494,83.45039,26.76247
13495,83.44827,26.75989
13496,83.44959,26.76149
13497,83.45102,26.76087
13498,83.45154,26.76319
13499,83.45129,26.76206
13500,83.45347,26.76147
13501,83.43558,26.75832
13502,83.43235,26.75744
13503,83.43242,26.75869
13504,83.43079,26.75847
13505,83.43002,26.75910
13506,83.41604,26.71881
13507,83.41829,26.71911
13508,83.41892,26.71822
13509,83.41912,26.71880
13510,83.41959,26.71877
13511,83.41989,26.71799
13512,83.42025,26.71876
13513,83.42036,26.71742
13514,83.42076,26.71768
13515,83.41867,26.71725
13516,83.42364,26.72157
13517,83.42398,26.72148
13518,83.43156,26.72061
13519,83.42958,26.72142
13520,83.42783,26.72190
13521,83.42749,26.72113
13522,83.42654,26.72189
13523,83.42773,26.72156
13524,83.42199,26.72120
13525,83.42177,26.72046
13526,83.42218,26.71984
13527,83.42248,26.71976
13528,83.42226,26.71920
13529,83.42649,26.71836
13530,83.42682,26.71883
13531,83.42715,26.71865
13532,83.41493,26.66225
13533,83.41446,26.66335
13534,83.42038,26.71965
13535,83.42052,26.71958
13536,83.42082,26.71950
13537,83.42024,26.71911
13538,83.42062,26.71850
13539,83.42250,26.71762
13540,83.42084,26.71840
13541,83.42233,26.71527
13542,83.42334,26.71490
13543,83.42392,26.71500
13544,83.42500,26.71478
13545,83.42367,26.71436
13546,83.47748,26.71222
13547,83.47760,26.70899
13548,83.47703,26.70908
13549,83.47607,26.71025
13550,83.47758,26.70874
13551,83.47762,26.70898
13552,83.47883,26.70316
13553,83.47878,26.70400
13554,83.47818,26.70411
13555,83.48051,26.70842
13556,83.42582,26.71347
13557,83.42626,26.71406
13558,83.42616,26.71101
13559,83.42604,26.71033
13560,83.42289,26.71043
13561,83.42364,26.71159
13562,83.42298,26.71201
13563,83.42438,26.71129
13564,83.42387,26.71153
13565,83.42470,26.71269
13566,83.42111,26.70740
13567,83.42107,26.70694
13568,83.42134,26.70745
13569,83.42177,26.70725
13570,83.41879,26.70602
13571,83.41835,26.70958
13572,83.41877,26.70833
13573,83.41927,26.70924
13574,83.41861,26.70948
13575,83.41906,26.71013
13576,83.41909,26.71012
13577,83.41890,26.71022
13578,83.41961,26.70980
13579,83.42033,26.70944
13580,83.42055,26.70983
13581,83.42042,26.70959
13582,83.42147,26.70918
13583,83.42071,26.70887
13584,83.42099,26.70936
13585,83.42735,26.71550
13586,83.42670,26.71580
13587,83.42664,26.71514
13588,83.42813,26.71374
13589,83.42873,26.71394
13590,83.42718,26.71272
13591,83.42466,26.70623
13592,83.42490,26.70747
13593,83.42411,26.70629
13594,83.42433,26.70747
13595,83.42432,26.70626
13596,83.41802,26.70492
13597,83.41707,26.70525
13598,83.41615,26.70552
13599,83.45047,26.75663
13600,83.45070,26.75624
13601,83.45276,26.75572
13602,83.45193,26.75545
13603,83.45158,26.75701
13604,83.45034,26.75533
13605,83.45245,26.75457
13606,83.42857,26.77970
13607,83.42689,26.77995
13608,83.45457,26.77265
13609,83.45198,26.77668
13610,83.45339,26.77781
13611,83.45334,26.77712
13612,83.45151,26.77399
13613,83.45206,26.77887
13614,83.45471,26.77881
13615,83.45540,26.77837
13616,83.45533,26.77764
13617,83.45323,26.77990
13618,83.45197,26.77767
13619,83.45319,26.77812
13620,83.45389,26.77818
13621,83.45417,26.77715
13622,83.45419,26.77710
13623,83.45350,26.77363
13624,83.45603,26.77340
13625,83.45226,26.77354
13626,83.45562,26.77263
13627,83.45664,26.77164
13628,83.46180,26.77109
13629,83.46275,26.77057
13630,83.45400,26.76869
13631,83.44773,26.78020
13632,83.44246,26.77925
13633,83.44530,26.77185
13634,83.44153,26.77398
13635,83.44288,26.77419
13636,83.44482,26.77459
13637,83.44664,26.77499
13638,83.45164,26.76366
13639,83.45212,26.76461
13640,83.45135,26.76537
13641,83.45195,26.76514
13642,83.45186,26.76479
13643,83.45144,26.76374
13644,83.42284,26.72200
13645,83.42842,26.72163
13646,83.42823,26.72120
13647,83.42587,26.72263
13648,83.41582,26.72238
13649,83.41587,26.72271
13650,83.41632,26.72259
13651,83.41779,26.72023
13652,83.42014,26.70829
13653,83.42293,26.71722
13654,83.42389,26.71676
13655,83.42759,26.71506
13656,83.42792,26.71548
13657,83.42760,26.71437
13658,83.42797,26.71483
13659,83.42773,26.71396
13660,83.41703,26.70636
13661,83.41767,26.70582
13662,83.41832,26.70560
13663,83.41636,26.70432
13664,83.41707,26.70510
13665,83.41737,26.70340
13666,83.41811,26.70376
13667,83.41809,26.70443
13668,83.41873,26.70463
13669,83.41562,26.70332
13670,83.41353,26.70384
13671,83.41531,26.70327
13672,83.41361,26.70432
13673,83.41346,26.70341
13674,83.41349,26.70360
13675,83.41207,26.70819
13676,83.41158,26.70862
13677,83.41125,26.70764
13678,83.41136,26.70758
13679,83.41100,26.70741
13680,83.41105,26.70731
13681,83.41198,26.70827
13682,83.41058,26.70716
13683,83.41006,26.70714
13684,83.41005,26.70708
13685,83.40904,26.70718
13686,83.40879,26.70539
13687,83.40811,26.70729
13688,83.40790,26.70549
13689,83.40855,26.70724
13690,83.40843,26.70630
13691,83.40800,26.70635
13692,83.40832,26.70544
13693,83.40954,26.70713
13694,83.40941,26.70619
13695,83.40930,26.70530
13696,83.40989,26.70614
13697,83.40975,26.70515
13698,83.40866,26.70438
13699,83.40707,26.70663
13700,83.40714,26.70661
13701,83.40893,26.70625
13702,83.44194,26.85565
13703,83.44241,26.85645
13704,83.44381,26.85750
13705,83.44305,26.85683
13706,83.42802,26.70180
13707,83.42783,26.70358
13708,83.42818,26.70405
13709,83.42814,26.70337
13710,83.42554,26.70289
13711,83.42526,26.70366
13712,83.42677,26.70541
13713,83.42746,26.70626
13714,83.42569,26.70669
13715,83.42690,26.70619
13716,83.42624,26.70696
13717,83.42660,26.70788
13718,83.42552,26.70822
13719,83.42615,26.70871
13720,83.42646,26.70879
13721,83.42682,26.70870
13722,83.42307,26.70925
13723,83.42290,26.70809
13724,83.42074,26.70705
13725,83.42091,26.70749
13726,83.42103,26.71632
13727,83.42165,26.71619
13728,83.42165,26.71600
13729,83.41794,26.71607
13730,83.41828,26.71602
13731,83.41713,26.71601
13732,83.42846,26.72273
13733,83.42873,26.72265
13734,83.42862,26.72312
13735,83.42902,26.72225
13736,83.42862,26.72240
13737,83.42892,26.72267
13738,83.42868,26.72253
13739,83.42907,26.72241
13740,83.43035,26.72207
13741,83.42992,26.72151
13742,83.42871,26.70977
13743,83.42800,26.70996
13744,83.42761,26.70832
13745,83.42886,26.71132
13746,83.42914,26.71128
13747,83.42929,26.71064
13748,83.42947,26.71115
13749,83.42968,26.71227
13750,83.42895,26.71168
13751,83.42945,26.71144
13752,83.42810,26.71160
13753,83.42837,26.71220
13754,83.43010,26.70937
13755,83.42979,26.70786
13756,83.43068,26.70770
13757,83.43188,26.70779
13758,83.43032,26.70715
13759,83.42618,26.70371
13760,83.42550,26.70435
13761,83.42580,26.70399
13762,83.41836,26.70365
13763,83.41979,26.70333
13764,83.41678,26.70290
13765,83.41743,26.70334
13766,83.41554,26.70577
13767,83.41548,26.70548
13768,83.41465,26.70588
13769,83.41473,26.70598
13770,83.42746,26.71889
13771,83.42770,26.71882
13772,83.42865,26.71916
13773,83.42870,26.71831
13774,83.42947,26.71792
13775,83.42903,26.71844
13776,83.42964,26.71812
13777,83.42556,26.71521
13778,83.42518,26.71485
13779,83.42532,26.71464
13780,83.36349,26.80276
13781,83.36335,26.79984
13782,83.36221,26.79983
13783,83.36174,26.80039
13784,83.40360,26.83637
13785,83.40528,26.83464
13786,83.40425,26.83453
13787,83.40408,26.83399
13788,83.39386,26.83502
13789,83.39399,26.83536
13790,83.39101,26.83597
13791,83.39228,26.83580
13792,83.39319,26.83158
13793,83.39300,26.83238
13794,83.39031,26.83261
13795,83.39362,26.83007
13796,83.40301,26.82386
13797,83.39583,26.82386
13798,83.39571,26.82416
13799,83.39003,26.82281
13800,83.39078,26.82341
13801,83.39111,26.82395
13802,83.41629,26.66394
13803,83.42340,26.66769
13804,83.42884,26.66372
13805,83.41595,26.66586
13806,83.41544,26.66603
13807,83.39056,26.77265
13808,83.39218,26.77528
13809,83.39180,26.77545
13810,83.39332,26.77622
13811,83.39307,26.77708
13812,83.38999,26.78193
13813,83.39014,26.78031
13814,83.39047,26.78021
13815,83.38847,26.78120
13816,83.38695,26.78155
13817,83.38682,26.78068
13818,83.38891,26.78200
13819,83.39028,26.77827
13820,83.39016,26.77790
13821,83.39082,26.77567
13822,83.40984,26.67363
13823,83.39208,26.77827
13824,83.39219,26.77824
13825,83.39245,26.77824
13826,83.39245,26.77858
13827,83.39249,26.77785
13828,83.39241,26.77942
13829,83.39182,26.77957
13830,83.39150,26.77969
13831,83.39112,26.77978
13832,83.38951,26.78242
13833,83.39045,26.78230
13834,83.38948,26.78309
13835,83.38918,26.78270
13836,83.38896,26.78328
13837,83.38873,26.78289
13838,83.38785,26.78317
13839,83.38743,26.78222
13840,83.38727,26.78332
13841,83.38656,26.78167
13842,83.38736,26.78142
13843,83.38633,26.78170
13844,83.38645,26.78140
13845,83.38711,26.78196
13846,83.38698,26.78154
13847,83.38752,26.78190
13848,83.38724,26.78107
13849,83.38829,26.78003
13850,83.38991,26.77903
13851,83.38913,26.77929
13852,83.38711,26.77906
13853,83.38666,26.77936
13854,83.38684,26.77980
13855,83.38619,26.77950
13856,83.38635,26.77995
13857,83.38694,26.78049
13858,83.38670,26.77984
13859,83.38682,26.78017
13860,83.38993,26.77718
13861,83.38947,26.77730
13862,83.38884,26.77745
13863,83.38876,26.77719
13864,83.38812,26.77549
13865,83.38816,26.77573
13866,83.38775,26.77555
13867,83.38778,26.77579
13868,83.43163,26.85995
13869,83.44371,26.85855
13870,83.45210,26.85585
13871,83.44965,26.85280
13872,83.44164,26.84748
13873,83.44614,26.85018
13874,83.43349,26.85177
13875,83.43418,26.85131
13876,83.43893,26.84395
13877,83.43143,26.84680
13878,83.43241,26.84635
13879,83.43287,26.84757
13880,83.43259,26.84692
13881,83.43167,26.84760
13882,83.43174,26.84779
13883,83.44394,26.84772
13884,83.44430,26.84723
13885,83.44287,26.84620
13886,83.44333,26.84573
13887,83.44795,26.84389
13888,83.44252,26.84824
13889,83.44184,26.84864
13890,83.43354,26.85033
13891,83.43355,26.85035
13892,83.44616,26.85739
13893,83.43166,26.85204
13894,83.43404,26.84565
13895,83.43562,26.84983
13896,83.44184,26.85549
13897,83.44192,26.85559
13898,83.44195,26.85563
13899,83.31235,26.73850
13900,83.31280,26.73829
13901,83.28027,26.74230
13902,83.28235,26.73217
13903,83.41630,26.67620
13904,83.41875,26.67492
13905,83.44309,26.85294
13906,83.44728,26.85420
13907,83.44348,26.85203
13908,83.44655,26.85011
13909,83.44615,26.84872
13910,83.44534,26.84784
13911,83.44840,26.84462
13912,83.39314,26.76876
13913,83.39084,26.77453
13914,83.39053,26.77377
13915,83.39164,26.77422
13916,83.38765,26.77749
13917,83.38664,26.77041
13918,83.38644,26.76972
13919,83.38619,26.77058
13920,83.38596,26.76980
13921,83.38857,26.77190
13922,83.38848,26.76940
13923,83.38777,26.76793
13924,83.38815,26.76699
13925,83.38829,26.76738
13926,83.38660,26.76786
13927,83.38682,26.76777
13928,83.38646,26.76672
13929,83.38924,26.77181
13930,83.39386,26.77208
13931,83.39398,26.77320
13932,83.39409,26.77347
13933,83.39596,26.78148
13934,83.39578,26.78081
13935,83.39669,26.78137
13936,83.39638,26.78139
13937,83.39714,26.78205
13938,83.39510,26.77997
13939,83.39363,26.78082
13940,83.39396,26.78070
13941,83.39074,26.78076
13942,83.38828,26.77793
13943,83.38840,26.77829
13944,83.38904,26.77712
13945,83.38916,26.77756
13946,83.38848,26.77338
13947,83.38867,26.77341
13948,83.38875,26.77362
13949,83.38919,26.77318
13950,83.38926,26.77339
13951,83.39011,26.77120
13952,83.39034,26.77136
13953,83.39041,26.77476
13954,83.39104,26.77462
13955,83.39024,26.77460
13956,83.39169,26.77465
13957,83.39148,26.77474
13958,83.39266,26.77538
13959,83.39278,26.77487
13960,83.39515,26.76912
13961,83.39525,26.76945
13962,83.39596,26.76910
13963,83.39604,26.76954
13964,83.39719,26.76822
13965,83.39726,26.76853
13966,83.39761,26.76665
13967,83.39875,26.76911
13968,83.39883,26.76962
13969,83.39988,26.76971
13970,83.39977,26.76931
13971,83.40078,26.76901
13972,83.40100,26.76973
13973,83.40045,26.76838
13974,83.40032,26.76795
13975,83.40042,26.76828
13976,83.39979,26.77103
13977,83.40033,26.77057
13978,83.39794,26.77202
13979,83.39952,26.77180
13980,83.39966,26.77236
13981,83.40011,26.77356
13982,83.40026,26.77307
13983,83.39978,26.77369
13984,83.40050,26.77404
13985,83.40036,26.77406
13986,83.40022,26.77353
13987,83.40023,26.77502
13988,83.40010,26.77460
13989,83.40249,26.77640
13990,83.40293,26.77606
13991,83.40499,26.77501
13992,83.40462,26.77538
13993,83.40405,26.77594
13994,83.40395,26.77521
13995,83.40553,26.77881
13996,83.40827,26.77788
13997,83.40842,26.77838
13998,83.40811,26.77738
13999,83.40752,26.77806
14000,83.40701,26.77695
14001,83.40681,26.77965
14002,83.40728,26.77846
14003,83.40727,26.77839
14004,83.40721,26.77814
14005,83.40782,26.77914
14006,83.40741,26.77987
14007,83.40660,26.77885
14008,83.40700,26.77858
14009,83.40674,26.77856
14010,83.40648,26.77858
14011,83.40633,26.77893
14012,83.40631,26.77867
14013,83.40731,26.77760
14014,83.40635,26.77795
14015,83.40521,26.77829
14016,83.40648,26.77832
14017,83.40695,26.77773
14018,83.40709,26.77817
14019,83.40779,26.77743
14020,83.40915,26.77727
14021,83.40751,26.77678
14022,83.40717,26.77729
14023,83.40766,26.77713
14024,83.40666,26.77707
14025,83.40775,26.77668
14026,83.40757,26.77676
14027,83.40733,26.77618
14028,83.40792,26.77709
14029,83.40748,26.77599
14030,83.40848,26.77733
14031,83.40942,26.77658
14032,83.40937,26.77722
14033,83.40900,26.77669
14034,83.40763,26.77553
14035,83.40794,26.77627
14036,83.40962,26.77712
14037,83.40881,26.77510
14038,83.40805,26.77612
14039,83.40910,26.77581
14040,83.40869,26.77619
14041,83.40920,26.77604
14042,83.40850,26.77446
14043,83.40839,26.77417
14044,83.40821,26.77362
14045,83.40787,26.77267
14046,83.40744,26.77386
14047,83.40646,26.77366
14048,83.40518,26.77365
14049,83.40610,26.77363
14050,83.40542,26.77332
14051,83.40631,26.77327
14052,83.40514,26.77311
14053,83.40514,26.77267
14054,83.40465,26.77508
14055,83.40511,26.77475
14056,83.40482,26.77481
14057,83.40449,26.77331
14058,83.40575,26.77472
14059,83.40662,26.77416
14060,83.40595,26.77535
14061,83.40523,26.77725
14062,83.40724,26.77687
14063,83.40654,26.77592
14064,83.40787,26.77469
14065,83.40777,26.77374
14066,83.40802,26.77429
14067,83.40735,26.77323
14068,83.40662,26.77169
14069,83.40779,26.77194
14070,83.40849,26.77217
14071,83.40823,26.77255
14072,83.40548,26.77188
14073,83.40614,26.77182
14074,83.40746,26.77235
14075,83.40776,26.77233
14076,83.40748,26.77274
14077,83.40629,26.77468
14078,83.40622,26.77428
14079,83.40391,26.77650
14080,83.42294,26.71023
14081,83.42213,26.71060
14082,83.42351,26.71234
14083,83.42292,26.71258
14084,83.42202,26.71225
14085,83.42192,26.71201
14086,83.42252,26.71168
14087,83.42178,26.71205
14088,83.42125,26.71155
14089,83.42110,26.71089
14090,83.41927,26.70359
14091,83.41782,26.70340
14092,83.41747,26.70362
14093,83.41763,26.70391
14094,83.41705,26.70428
14095,83.41115,26.70702
14096,83.41070,26.70720
14097,83.43065,26.71944
14098,83.41855,26.71975
14099,83.41719,26.71996
14100,83.41674,26.72170
14101,83.42023,26.72145
14102,83.42076,26.72252
14103,83.42053,26.72241
14104,83.42187,26.72278
14105,83.42739,26.72253
14106,83.42820,26.72215
14107,83.42818,26.72257
14108,83.42811,26.72136
14109,83.42984,26.71983
14110,83.43014,26.71969
14111,83.42915,26.71991
14112,83.42652,26.72265
14113,83.42829,26.72169
14114,83.42784,26.72043
14115,83.42866,26.72072
14116,83.43027,26.72117
14117,83.43013,26.72093
14118,83.42989,26.72044
14119,83.43099,26.71990
14120,83.43008,26.72033
14121,83.42890,26.71734
14122,83.42810,26.71735
14123,83.42667,26.71616
14124,83.42891,26.71477
14125,83.42620,26.70856
14126,83.42613,26.70823
14127,83.42867,26.70853
14128,83.42727,26.70905
14129,83.42732,26.70914
14130,83.42773,26.70861
14131,83.42771,26.70996
14132,83.42983,26.70859
14133,83.42954,26.70821
14134,83.43084,26.70625
14135,83.42579,26.70383
14136,83.42771,26.72150
14137,83.44793,26.84643
14138,83.44207,26.84584
14139,83.44029,26.84634
14140,83.43618,26.85748
14141,83.43836,26.85677
14142,83.43487,26.85241
14143,83.43573,26.85399
14144,83.43682,26.85727
14145,83.43740,26.85865
14146,83.43063,26.84383
14147,83.43143,26.84338
14148,83.43154,26.84354
14149,83.43177,26.84660
14150,83.43210,26.84605
14151,83.48419,26.70823
14152,83.47581,26.71395
14153,83.43450,26.66151
14154,83.43406,26.66024
14155,83.43298,26.66025
14156,83.43314,26.65933
14157,83.43596,26.66230
14158,83.43300,26.65939
14159,83.43173,26.65019
14160,83.47825,26.70841
14161,83.44617,26.65883
14162,83.43781,26.84444
14163,83.43785,26.84442
14164,83.44396,26.84851
14165,83.44786,26.85061
14166,83.44695,26.85514
14167,83.44820,26.85494
14168,83.44676,26.85570
14169,83.44818,26.85553
14170,83.45394,26.85796
14171,83.35845,26.80024
14172,83.35856,26.80073
14173,83.35995,26.80150
14174,83.35886,26.80148
14175,83.35874,26.80101
14176,83.35891,26.80168
14177,83.35848,26.80106
14178,83.36011,26.80109
14179,83.38857,26.76939
14180,83.39166,26.76999
14181,83.39298,26.76713
14182,83.39317,26.76706
14183,83.39291,26.76659
14184,83.39238,26.76629
14185,83.39305,26.76571
14186,83.39317,26.76551
14187,83.39372,26.76570
14188,83.39393,26.76624
14189,83.39392,26.76663
14190,83.39341,26.76645
14191,83.39448,26.76702
14192,83.39403,26.76716
14193,83.39494,26.76650
14194,83.39470,26.76614
14195,83.39479,26.76600
14196,83.36001,26.80135
14197,83.36047,26.80015
14198,83.36038,26.80040
14199,83.36030,26.80059
14200,83.36021,26.80084
14201,83.36047,26.80016
14202,83.36011,26.79980
14203,83.36004,26.80004
14204,83.36015,26.80048
14205,83.36036,26.80044
14206,83.35989,26.80052
14207,83.35893,26.79944
14208,83.35944,26.79980
14209,83.35886,26.79962
14210,83.35941,26.80006
14211,83.36019,26.79919
14212,83.36010,26.79950
14213,83.36072,26.79930
14214,83.36060,26.79965
14215,83.36042,26.79923
14216,83.36031,26.79956
14217,83.35996,26.79915
14218,83.35986,26.79943
14219,83.35959,26.79934
14220,83.35967,26.79911
14221,83.36093,26.79936
14222,83.36082,26.79972
14223,83.36096,26.79925
14224,83.36074,26.79998
14225,83.36090,26.80003
14226,83.35913,26.79891
14227,83.35937,26.79928
14228,83.35910,26.79899
14229,83.35944,26.79907
14230,83.35927,26.79954
14231,83.35554,26.79835
14232,83.35427,26.79810
14233,83.35595,26.79881
14234,83.35529,26.79889
14235,83.35526,26.79866
14236,83.35534,26.79921
14237,83.35751,26.80037
14238,83.35798,26.80001
14239,83.35745,26.79990
14240,83.35740,26.79946
14241,83.35779,26.80097
14242,83.35656,26.80010
14243,83.35661,26.80045
14244,83.35563,26.80021
14245,83.35568,26.80068
14246,83.35455,26.80088
14247,83.35447,26.80023
14248,83.35458,26.80110
14249,83.35961,26.80291
14250,83.35870,26.80311
14251,83.35914,26.80288
14252,83.36014,26.80196
14253,83.35864,26.80299
14254,83.35952,26.80209
14255,83.35983,26.80218
14256,83.35908,26.80265
14257,83.35931,26.80204
14258,83.35846,26.80209
14259,83.35839,26.80198
14260,83.35908,26.80198
14261,83.36005,26.80224
14262,83.35756,26.80330
14263,83.35798,26.80315
14264,83.35788,26.80290
14265,83.35809,26.80344
14266,83.35750,26.80232
14267,83.35737,26.80277
14268,83.35723,26.80242
14269,83.35748,26.80304
14270,83.35696,26.80253
14271,83.35775,26.80222
14272,83.35760,26.80200
14273,83.35814,26.80281
14274,83.35629,26.80269
14275,83.35648,26.80205
14276,83.35669,26.80259
14277,83.35642,26.80278
14278,83.35628,26.80187
14279,83.35574,26.80164
14280,83.35617,26.80114
14281,83.35565,26.80127
14282,83.35601,26.80277
14283,83.35602,26.80300
14284,83.35526,26.80197
14285,83.35499,26.80193
14286,83.35565,26.80274
14287,83.35504,26.80281
14288,83.35477,26.80275
14289,83.35545,26.80328
14290,83.35517,26.80319
14291,83.35470,26.80304
14292,83.35559,26.80139
14293,83.35321,26.80310
14294,83.35436,26.80273
14295,83.35417,26.80273
14296,83.35408,26.80314
14297,83.35282,26.80307
14298,83.39554,26.76625
14299,83.39583,26.76552
14300,83.39544,26.76505
14301,83.39663,26.76456
14302,83.39714,26.76422
14303,83.39611,26.76437
14304,83.39594,26.76389
14305,83.39570,26.76439
14306,83.39592,26.76455
14307,83.39497,26.76511
14308,83.39523,26.76529
14309,83.39534,26.76488
14310,83.39507,26.76518
14311,83.39547,26.76432
14312,83.39581,26.76465
14313,83.39539,26.76631
14314,83.39552,26.76667
14315,83.39463,26.76667
14316,83.40134,26.76860
14317,83.40068,26.76882
14318,83.40153,26.76886
14319,83.40080,26.76909
14320,83.40085,26.76826
14321,83.39948,26.76822
14322,83.39978,26.76813
14323,83.39964,26.76875
14324,83.39983,26.76867
14325,83.40017,26.76886
14326,83.40746,26.77157
14327,83.40741,26.77184
14328,83.40822,26.77364
14329,83.40878,26.77283
14330,83.39901,26.77327
14331,83.39915,26.77402
14332,83.39850,26.77389
14333,83.39911,26.77381
14334,83.39938,26.77379
14335,83.39908,26.77459
14336,83.39799,26.77637
14337,83.39775,26.77694
14338,83.39636,26.76621
14339,83.40309,26.76298
14340,83.40342,26.76365
14341,83.40328,26.76335
14342,83.40382,26.76332
14343,83.40462,26.76384
14344,83.40510,26.76445
14345,83.40518,26.76438
14346,83.40552,26.76495
14347,83.40505,26.76449
14348,83.40533,26.76503
14349,83.40683,26.76436
14350,83.40699,26.76490
14351,83.40724,26.76436
14352,83.40758,26.76461
14353,83.40652,26.76461
14354,83.40662,26.76498
14355,83.40526,26.76365
14356,83.40561,26.76422
14357,83.40266,26.76386
14358,83.40225,26.76328
14359,83.40156,26.76404
14360,83.40449,26.76768
14361,83.40267,26.77256
14362,83.40105,26.77412
14363,83.40267,26.77472
14364,83.40302,26.77472
14365,83.40358,26.77528
14366,83.40688,26.78152
14367,83.40759,26.77995
14368,83.40753,26.78071
14369,83.40632,26.78065
14370,83.40667,26.77996
14371,83.40667,26.78077
14372,83.40576,26.78101
14373,83.40639,26.78005
14374,83.40768,26.78132
14375,83.40742,26.78177
14376,83.40860,26.78140
14377,83.40821,26.78212
14378,83.40572,26.78100
14379,83.40538,26.78171
14380,83.40228,26.78335
14381,83.40493,26.78219
14382,83.40408,26.78273
14383,83.40347,26.78236
14384,83.40501,26.78210
14385,83.40399,26.78126
14386,83.40482,26.78060
14387,83.40526,26.78107
14388,83.40536,26.78174
14389,83.40748,26.78284
14390,83.40810,26.78322
14391,83.40798,26.78256
14392,83.40827,26.78292
14393,83.40688,26.78292
14394,83.40785,26.78346
14395,83.40668,26.78296
14396,83.40697,26.78258
14397,83.40690,26.78255
14398,83.40645,26.78234
14399,83.40549,26.78212
14400,83.40569,26.78188
14401,83.40556,26.78285
14402,83.40567,26.78305
14403,83.40477,26.78231
14404,83.40387,26.78282
14405,83.40257,26.78370
14406,83.40342,26.78345
14407,83.40405,26.78324
14408,83.40476,26.78326
14409,83.40578,26.78246
14410,83.40657,26.78216
14411,83.40689,26.78230
14412,83.40683,26.78187
14413,83.40696,26.78156
14414,83.40805,26.77816
14415,83.40833,26.77809
14416,83.40875,26.77797
14417,83.40634,26.77718
14418,83.40527,26.77680
14419,83.40473,26.77710
14420,83.40752,26.76875
14421,83.40797,26.76895
14422,83.40801,26.76866
14423,83.39479,26.77900
14424,83.39434,26.77908
14425,83.39478,26.77416
14426,83.39606,26.77378
14427,83.39602,26.77361
14428,83.39920,26.77434
14429,83.39714,26.77166
14430,83.39706,26.77142
14431,83.40265,26.77577
14432,83.40265,26.77534
14433,83.40324,26.77555
14434,83.40358,26.77547
14435,83.40091,26.77222
14436,83.40096,26.77188
14437,83.40037,26.77158
14438,83.40032,26.77131
14439,83.39521,26.76355
14440,83.39438,26.76447
14441,83.39482,26.76398
14442,83.39514,26.76423
14443,83.39421,26.76352
14444,83.39484,26.76396
14445,83.39452,26.76318
14446,83.39513,26.76364
14447,83.39346,26.77911
14448,83.47726,26.80624
14449,83.47842,26.80612
14450,83.47961,26.81761
14451,83.47946,26.81675
14452,83.47885,26.81370
14453,83.47789,26.80903
14454,83.47777,26.80851
14455,83.47746,26.80679
14456,83.47823,26.80709
14457,83.48006,26.80555
14458,83.47976,26.80615
14459,83.47939,26.80749
14460,83.47958,26.80437
14461,83.48496,26.80672
14462,83.48037,26.81952
14463,83.48067,26.80828
14464,83.48062,26.80797
14465,83.47832,26.81379
14466,83.48162,26.81644
14467,83.47778,26.81461
14468,83.47730,26.81152
14469,83.47662,26.81081
14470,83.47641,26.81065
14471,83.47865,26.81374
14472,83.47880,26.81371
14473,83.47824,26.81945
14474,83.48192,26.81945
14475,83.47730,26.80673
14476,83.47742,26.80678
14477,83.47818,26.81944
14478,83.47867,26.80665
14479,83.47852,26.80719
14480,83.47975,26.80623
14481,83.47972,26.80641
14482,83.48025,26.80586
14483,83.35081,26.79949
14484,83.35059,26.79922
14485,83.35013,26.79934
14486,83.34975,26.79942
14487,83.35169,26.79889
14488,83.35205,26.79884
14489,83.35201,26.79995
14490,83.35099,26.80034
14491,83.35190,26.79962
14492,83.35216,26.79946
14493,83.35273,26.79810
14494,83.35108,26.79809
14495,83.35105,26.79705
14496,83.35137,26.79804
14497,83.35259,26.79606
14498,83.35256,26.79747
14499,83.35285,26.79569
14500,83.35162,26.79587
14501,83.35295,26.79600
14502,83.35393,26.79576
14503,83.35432,26.79603
14504,83.35393,26.79597
14505,83.35414,26.79514
14506,83.35488,26.79557
14507,83.35364,26.79573
14508,83.35365,26.79515
14509,83.35141,26.79555
14510,83.35136,26.79526
14511,83.35208,26.79518
14512,83.35148,26.79492
14513,83.35339,26.79979
14514,83.35112,26.80055
14515,83.35212,26.80249
14516,83.35987,26.78345
14517,83.35940,26.78367
14518,83.36044,26.78364
14519,83.36095,26.78387
14520,83.36024,26.78438
14521,83.35970,26.78453
14522,83.36082,26.78477
14523,83.36126,26.78463
14524,83.35969,26.78527
14525,83.36041,26.78521
14526,83.36076,26.78508
14527,83.36143,26.78501
14528,83.36107,26.78514
14529,83.36121,26.78532
14530,83.36032,26.78635
14531,83.36026,26.78612
14532,83.35997,26.78621
14533,83.36001,26.78642
14534,83.35999,26.78700
14535,83.35956,26.78741
14536,83.36016,26.78656
14537,83.36040,26.78726
14538,83.36126,26.78643
14539,83.36092,26.78703
14540,83.36063,26.78601
14541,83.35947,26.78647
14542,83.36050,26.78606
14543,83.36089,26.78594
14544,83.36141,26.78564
14545,83.36116,26.78599
14546,83.36108,26.78573
14547,83.36123,26.78620
14548,83.36167,26.78556
14549,83.36084,26.78580
14550,83.36073,26.78548
14551,83.36160,26.78616
14552,83.36057,26.78789
14553,83.36042,26.78778
14554,83.35982,26.78799
14555,83.36082,26.78707
14556,83.36101,26.78759
14557,83.36122,26.78764
14558,83.36125,26.78691
14559,83.36164,26.78634
14560,83.36173,26.78665
14561,83.36151,26.78521
14562,83.36230,26.78343
14563,83.36247,26.78408
14564,83.36125,26.78345
14565,83.36305,26.78673
14566,83.36215,26.78709
14567,83.36350,26.78557
14568,83.36306,26.78571
14569,83.36272,26.78480
14570,83.36316,26.78468
14571,83.36366,26.78600
14572,83.36324,26.78617
14573,83.36360,26.78691
14574,83.36229,26.78496
14575,83.36284,26.78632
14576,83.36336,26.78784
14577,83.36300,26.78797
14578,83.36239,26.78803
14579,83.36213,26.78753
14580,83.36142,26.78805
14581,83.36143,26.78798
14582,83.36159,26.78783
14583,83.36227,26.78747
14584,83.36319,26.78703
14585,83.36325,26.78750
14586,83.36286,26.78764
14587,83.36271,26.78725
14588,83.36246,26.78739
14589,83.36287,26.78826
14590,83.36223,26.78843
14591,83.36231,26.78880
14592,83.36256,26.78874
14593,83.36245,26.78838
14594,83.36306,26.78822
14595,83.36212,26.78983
14596,83.36226,26.78907
14597,83.36145,26.78899
14598,83.36168,26.78973
14599,83.36038,26.78997
14600,83.36149,26.78973
14601,83.36226,26.78885
14602,83.36229,26.78974
14603,83.36137,26.79015
14604,83.36174,26.79076
14605,83.36261,26.79028
14606,83.36207,26.79055
14607,83.36138,26.79097
14608,83.36092,26.79023
14609,83.36332,26.78921
14610,83.36334,26.78982
14611,83.36268,26.79059
14612,83.36335,26.79044
14613,83.36345,26.79081
14614,83.36342,26.79070
14615,83.36333,26.79116
14616,83.36344,26.79260
14617,83.36296,26.79275
14618,83.36240,26.79091
14619,83.36256,26.79138
14620,83.36263,26.79086
14621,83.36277,26.79123
14622,83.36232,26.79154
14623,83.36314,26.79096
14624,83.36310,26.79078
14625,83.36138,26.79132
14626,83.36151,26.79171
14627,83.36205,26.79154
14628,83.36126,26.79179
14629,83.36292,26.79209
14630,83.36285,26.79191
14631,83.36332,26.79190
14632,83.36258,26.79226
14633,83.36168,26.79209
14634,83.36220,26.79194
14635,83.36214,26.79178
14636,83.36225,26.79208
14637,83.36249,26.79200
14638,83.36173,26.79223
14639,83.36162,26.79194
14640,83.36184,26.79250
14641,83.36156,26.79259
14642,83.36343,26.79277
14643,83.36288,26.79254
14644,83.36234,26.79309
14645,83.36253,26.79359
14646,83.36243,26.79412
14647,83.36285,26.79377
14648,83.36254,26.79434
14649,83.36291,26.79422
14650,83.36218,26.79446
14651,83.36367,26.79537
14652,83.36381,26.79572
14653,83.36335,26.79573
14654,83.36146,26.79819
14655,83.36189,26.79725
14656,83.36105,26.79509
14657,83.36090,26.79553
14658,83.36227,26.79460
14659,83.36240,26.79567
14660,83.35943,26.79390
14661,83.36059,26.79418
14662,83.36072,26.79453
14663,83.36075,26.79491
14664,83.36087,26.79270
14665,83.36100,26.79314
14666,83.36078,26.79321
14667,83.35898,26.78480
14668,83.35855,26.78458
14669,83.35842,26.78439
14670,83.35826,26.78407
14671,83.35896,26.78368
14672,83.35933,26.78356
14673,83.35811,26.78466
14674,83.35899,26.78330
14675,83.35844,26.78597
14676,83.35889,26.78638
14677,83.35937,26.78616
14678,83.35742,26.78493
14679,83.35761,26.78539
14680,83.35870,26.78747
14681,83.35866,26.78790
14682,83.35737,26.78738
14683,83.35741,26.78755
14684,83.35770,26.78749
14685,83.35774,26.78769
14686,83.35924,26.78773
14687,83.35939,26.78812
14688,83.35916,26.78775
14689,83.35971,26.78457
14690,83.35999,26.78835
14691,83.35908,26.78869
14692,83.35940,26.78834
14693,83.35926,26.78919
14694,83.35654,26.78964
14695,83.35605,26.78972
14696,83.35762,26.78955
14697,83.35772,26.78983
14698,83.35785,26.78978
14699,83.35795,26.78808
14700,83.35810,26.78853
14701,83.35812,26.78878
14702,83.35839,26.78955
14703,83.35882,26.78937
14704,83.35768,26.78911
14705,83.35611,26.78928
14706,83.35709,26.78868
14707,83.35705,26.78919
14708,83.35700,26.78869
14709,83.35746,26.78915
14710,83.35743,26.78820
14711,83.35738,26.78864
14712,83.35666,26.78873
14713,83.35894,26.79211
14714,83.35919,26.79260
14715,83.36027,26.79160
14716,83.36077,26.79273
14717,83.35905,26.79406
14718,83.35695,26.79314
14719,83.35706,26.79340
14720,83.35768,26.79317
14721,83.35581,26.79391
14722,83.35666,26.79324
14723,83.35630,26.79381
14724,83.35523,26.79394
14725,83.35759,26.79062
14726,83.35815,26.79076
14727,83.35740,26.79140
14728,83.35828,26.79108
14729,83.35768,26.79129
14730,83.35563,26.79190
14731,83.35637,26.79151
14732,83.35568,26.79167
14733,83.35686,26.79095
14734,83.35577,26.79120
14735,83.35674,26.79024
14736,83.35689,26.79065
14737,83.35720,26.79005
14738,83.35734,26.79041
14739,83.35761,26.79008
14740,83.35801,26.78983
14741,83.35795,26.79192
14742,83.35831,26.79179
14743,83.35828,26.79172
14744,83.35863,26.79191
14745,83.35848,26.79156
14746,83.35876,26.79218
14747,83.35801,26.79252
14748,83.35798,26.78972
14749,83.35815,26.79038
14750,83.35861,26.79024
14751,83.35938,26.78914
14752,83.35939,26.79002
14753,83.35980,26.78944
14754,83.36031,26.78927
14755,83.35986,26.78981
14756,83.36036,26.78961
14757,83.35802,26.79292
14758,83.35736,26.79255
14759,83.35763,26.79247
14760,83.35540,26.79309
14761,83.36412,26.79845
14762,83.36288,26.79836
14763,83.36344,26.79805
14764,83.36440,26.79778
14765,83.36253,26.79885
14766,83.36285,26.79943
14767,83.36201,26.79910
14768,83.36217,26.79834
14769,83.36297,26.79585
14770,83.47249,26.76368
14771,83.47676,26.76217
14772,83.46631,26.76266
14773,83.45897,26.76306
14774,83.42693,26.82652
14775,83.42983,26.82879
14776,83.42812,26.82526
14777,83.42780,26.82476
14778,83.42948,26.82802
14779,83.42871,26.82695
14780,83.42909,26.82687
14781,83.42893,26.82632
14782,83.42981,26.82642
14783,83.43070,26.82453
14784,83.42953,26.82478
14785,83.42746,26.82628
14786,83.42797,26.82565
14787,83.42760,26.82551
14788,83.42745,26.82526
14789,83.42686,26.82655
14790,83.41999,26.82914
14791,83.41852,26.83084
14792,83.41968,26.82952
14793,83.42080,26.82889
14794,83.42690,26.82653
14795,83.41983,26.82837
14796,83.41961,26.82802
14797,83.41931,26.82660
14798,83.41891,26.82743
14799,83.41949,26.82739
14800,83.41485,26.82572
14801,83.41652,26.82503
14802,83.41443,26.82590
14803,83.41398,26.82628
14804,83.41283,26.82685
14805,83.41198,26.82431
14806,83.41268,26.82566
14807,83.41321,26.82575
14808,83.41241,26.82413
14809,83.41324,26.82382
14810,83.41282,26.82398
14811,83.41327,26.82491
14812,83.41020,26.82492
14813,83.41138,26.82453
14814,83.41197,26.82536
14815,83.41566,26.82536
14816,83.41361,26.82645
14817,83.41357,26.82559
14818,83.41343,26.82528
14819,83.41465,26.82580
14820,83.41519,26.82624
14821,83.41556,26.82687
14822,83.41524,26.82703
14823,83.41532,26.82646
14824,83.41499,26.82664
14825,83.41558,26.82757
14826,83.41632,26.82650
14827,83.41670,26.82711
14828,83.41594,26.82587
14829,83.41393,26.82766
14830,83.41493,26.82722
14831,83.41492,26.83127
14832,83.41711,26.83001
14833,83.41557,26.83273
14834,83.41546,26.83251
14835,83.41423,26.83345
14836,83.41383,26.83245
14837,83.41423,26.83260
14838,83.41543,26.82884
14839,83.41463,26.83027
14840,83.41330,26.83064
14841,83.41377,26.83563
14842,83.41346,26.83544
14843,83.41382,26.83368
14844,83.41432,26.83406
14845,83.42051,26.83645
14846,83.41851,26.83564
14847,83.42141,26.83452
14848,83.42280,26.83380
14849,83.42304,26.83359
14850,83.42244,26.83382
14851,83.42103,26.83247
14852,83.42180,26.83286
14853,83.42141,26.83327
14854,83.35134,26.78310
14855,83.35170,26.78360
14856,83.35237,26.78246
14857,83.35255,26.78448
14858,83.35275,26.78498
14859,83.35231,26.78467
14860,83.35244,26.78508
14861,83.35186,26.78494
14862,83.35098,26.78459
14863,83.35133,26.78486
14864,83.35184,26.78519
14865,83.35113,26.78524
14866,83.35325,26.78398
14867,83.35407,26.78415
14868,83.35364,26.78338
14869,83.35374,26.78364
14870,83.35242,26.78644
14871,83.35137,26.78623
14872,83.35185,26.78607
14873,83.35160,26.78552
14874,83.35420,26.78551
14875,83.35431,26.78602
14876,83.35654,26.78511
14877,83.35579,26.78485
14878,83.35143,26.78796
14879,83.35158,26.78793
14880,83.35206,26.78836
14881,83.35290,26.78687
14882,83.35224,26.78742
14883,83.35365,26.78716
14884,83.35280,26.78665
14885,83.35313,26.78733
14886,83.35354,26.78809
14887,83.35336,26.78770
14888,83.35382,26.78753
14889,83.35391,26.78870
14890,83.35128,26.78882
14891,83.35278,26.78849
14892,83.35296,26.78904
14893,83.35244,26.79020
14894,83.35150,26.79001
14895,83.35302,26.78922
14896,83.35320,26.78996
14897,83.35180,26.78952
14898,83.35425,26.78889
14899,83.35139,26.79049
14900,83.35138,26.79102
14901,83.35161,26.79082
14902,83.35221,26.79027
14903,83.35113,26.79245
14904,83.35070,26.79245
14905,83.35133,26.79193
14906,83.35087,26.79196
14907,83.35207,26.79193
14908,83.35160,26.79167
14909,83.35138,26.79166
14910,83.35255,26.79181
14911,83.35260,26.79080
14912,83.35245,26.79091
14913,83.35091,26.79146
14914,83.35108,26.79332
14915,83.35161,26.79322
14916,83.35107,26.79290
14917,83.35168,26.79377
14918,83.35261,26.79366
14919,83.35203,26.79342
14920,83.35352,26.79256
14921,83.35322,26.79284
14922,83.35297,26.79171
14923,83.35369,26.79166
14924,83.35380,26.79236
14925,83.35426,26.79108
14926,83.35436,26.79149
14927,83.35453,26.79084
14928,83.35466,26.79141
14929,83.35324,26.79188
14930,83.35604,26.78982
14931,83.35415,26.79021
14932,83.36069,26.78822
14933,83.42223,26.83299
14934,83.42308,26.83315
14935,83.42244,26.83268
14936,83.42342,26.83276
14937,83.42407,26.83135
14938,83.42366,26.83256
14939,83.42593,26.83193
14940,83.42512,26.83497
14941,83.42487,26.83414
14942,83.42708,26.83311
14943,83.42872,26.83947
14944,83.42446,26.83615
14945,83.42533,26.83523
14946,83.42482,26.83804
14947,83.42453,26.83654
14948,83.42583,26.83682
14949,83.42674,26.83620
14950,83.42874,26.83745
14951,83.42943,26.84272
14952,83.43055,26.84229
14953,83.42992,26.84277
14954,83.42887,26.84332
14955,83.41431,26.83410
14956,83.41429,26.83414
14957,83.41426,26.83421
14958,83.40943,26.84370
14959,83.41180,26.84265
14960,83.40933,26.84371
14961,83.41165,26.84329
14962,83.41543,26.83818
14963,83.41667,26.83648
14964,83.41698,26.83776
14965,83.41836,26.82699
14966,83.42421,26.84155
14967,83.42485,26.84116
14968,83.42480,26.83813
14969,83.42481,26.83808
14970,83.42289,26.84208
14971,83.42485,26.84107
14972,83.42566,26.83381
14973,83.42520,26.83503
14974,83.42586,26.83373
14975,83.42537,26.83343
14976,83.42940,26.83056
14977,83.42411,26.83071
14978,83.42575,26.83078
14979,83.42625,26.83053
14980,83.42376,26.82797
14981,83.43107,26.82915
14982,83.42719,26.82557
14983,83.42992,26.83174
14984,83.42680,26.82658
14985,83.41514,26.83171
14986,83.41465,26.83188
14987,83.41538,26.83222
14988,83.41432,26.83130
14989,83.42063,26.82949
14990,83.41991,26.82861
14991,83.42061,26.82895
14992,83.42029,26.82851
14993,83.42017,26.82833
14994,83.41932,26.82853
14995,83.41897,26.82866
14996,83.41916,26.82785
14997,83.41906,26.82769
14998,83.41863,26.82787
14999,83.41855,26.82733
15000,83.41859,26.82741
15001,83.41475,26.82827
15002,83.41632,26.82727
15003,83.41595,26.82668
15004,83.41557,26.82605
15005,83.42046,26.83651
15006,83.42048,26.83647
15007,83.42976,26.84308
15008,83.42866,26.83950
15009,83.42862,26.83954
15010,83.42632,26.83592
15011,83.42383,26.83458
15012,83.42268,26.83542
15013,83.42255,26.83506
15014,83.42250,26.83322
15015,83.42233,26.83407
15016,83.42216,26.83451
15017,83.42229,26.83515
15018,83.42258,26.83444
15019,83.42311,26.83493
15020,83.46512,26.65812
15021,83.38991,26.78709
15022,83.39012,26.78783
15023,83.38917,26.78724
15024,83.39049,26.78695
15025,83.39052,26.78778
15026,83.39086,26.78772
15027,83.39074,26.78723
15028,83.39145,26.78761
15029,83.39128,26.78708
15030,83.39232,26.78734
15031,83.39272,26.78718
15032,83.39167,26.78697
15033,83.39209,26.78686
15034,83.39253,26.78675
15035,83.39280,26.78671
15036,83.39061,26.78727
15037,83.39028,26.78638
15038,83.39072,26.78680
15039,83.39046,26.78686
15040,83.39096,26.78687
15041,83.39105,26.78715
15042,83.39187,26.78692
15043,83.39209,26.78639
15044,83.39265,26.78673
15045,83.39251,26.78608
15046,83.39040,26.78669
15047,83.39220,26.78613
15048,83.39319,26.78569
15049,83.39247,26.78573
15050,83.39139,26.78589
15051,83.39139,26.78626
15052,83.39120,26.78531
15053,83.39076,26.78530
15054,83.39057,26.78633
15055,83.39033,26.78523
15056,83.38963,26.78674
15057,83.39036,26.78657
15058,83.38861,26.78596
15059,83.38880,26.78639
15060,83.38910,26.78582
15061,83.39002,26.78581
15062,83.38777,26.78551
15063,83.38829,26.78685
15064,83.38775,26.78658
15065,83.38784,26.78696
15066,83.38874,26.78759
15067,83.38923,26.78749
15068,83.38867,26.78802
15069,83.38941,26.78853
15070,83.38887,26.78865
15071,83.38940,26.78946
15072,83.38922,26.78891
15073,83.38917,26.78859
15074,83.39018,26.78830
15075,83.39084,26.78969
15076,83.38876,26.78830
15077,83.38852,26.78864
15078,83.38781,26.78814
15079,83.38765,26.78775
15080,83.38696,26.78791
15081,83.38666,26.78844
15082,83.38590,26.78821
15083,83.38656,26.78804
15084,83.38869,26.78906
15085,83.38892,26.78974
15086,83.38895,26.78899
15087,83.39016,26.79167
15088,83.38977,26.79113
15089,83.38975,26.79264
15090,83.38937,26.79311
15091,83.38921,26.79374
15092,83.38880,26.79327
15093,83.39367,26.79361
15094,83.39275,26.79361
15095,83.39234,26.79311
15096,83.39190,26.79241
15097,83.39313,26.79319
15098,83.39379,26.79276
15099,83.39296,26.79281
15100,83.39335,26.79254
15101,83.38856,26.79067
15102,83.38831,26.78971
15103,83.38809,26.79042
15104,83.38794,26.78969
15105,83.39751,26.79200
15106,83.39943,26.79007
15107,83.39889,26.79028
15108,83.39728,26.79065
15109,83.39955,26.79134
15110,83.39924,26.79184
15111,83.39847,26.79041
15112,83.39928,26.79272
15113,83.39801,26.79050
15114,83.39954,26.79156
15115,83.40426,26.79162
15116,83.40073,26.79319
15117,83.40105,26.79444
15118,83.39951,26.79321
15119,83.39996,26.79320
15120,83.39647,26.79310
15121,83.39681,26.79288
15122,83.39692,26.79202
15123,83.39633,26.79229
15124,83.39472,26.79095
15125,83.39352,26.79158
15126,83.39329,26.79222
15127,83.39308,26.79180
15128,83.39606,26.78852
15129,83.39639,26.78922
15130,83.39694,26.78854
15131,83.39643,26.78865
15132,83.39638,26.78818
15133,83.39458,26.78718
15134,83.39535,26.78787
15135,83.39601,26.78776
15136,83.39556,26.78603
15137,83.39482,26.78711
15138,83.39539,26.78713
15139,83.39513,26.78613
15140,83.39487,26.78679
15141,83.39471,26.78623
15142,83.39365,26.78720
15143,83.39362,26.78654
15144,83.39356,26.78654
15145,83.39357,26.78517
15146,83.39412,26.78640
15147,83.39405,26.78569
15148,83.39533,26.78608
15149,83.39521,26.78557
15150,83.39501,26.78615
15151,83.39488,26.78561
15152,83.39440,26.78567
15153,83.39449,26.78630
15154,83.39466,26.78564
15155,83.39575,26.78481
15156,83.39576,26.78505
15157,83.39529,26.78510
15158,83.39531,26.78527
15159,83.39753,26.78571
15160,83.39650,26.78588
15161,83.39623,26.78475
15162,83.39682,26.78522
15163,83.39699,26.78580
15164,83.39660,26.78667
15165,83.39637,26.78590
15166,83.39709,26.78687
15167,83.39673,26.78584
15168,83.39730,26.78631
15169,83.39712,26.78578
15170,83.39716,26.78719
15171,83.39790,26.78690
15172,83.39636,26.78755
15173,83.39592,26.78597
15174,83.39580,26.78779
15175,83.39381,26.78860
15176,83.39519,26.78837
15177,83.39708,26.78852
15178,83.39690,26.78751
15179,83.39753,26.78816
15180,83.39864,26.78809
15181,83.39911,26.78788
15182,83.40036,26.78891
15183,83.39996,26.78817
15184,83.39988,26.78794
15185,83.39998,26.78893
15186,83.39967,26.78829
15187,83.39968,26.78884
15188,83.39901,26.78912
15189,83.39938,26.78869
15190,83.39950,26.78891
15191,83.40000,26.78931
15192,83.40092,26.78891
15193,83.40052,26.78819
15194,83.40029,26.78828
15195,83.40071,26.78812
15196,83.40125,26.78882
15197,83.40099,26.78889
15198,83.40135,26.78992
15199,83.40159,26.78940
15200,83.40241,26.78908
15201,83.40173,26.79057
15202,83.40151,26.78989
15203,83.40213,26.79019
15204,83.40165,26.79031
15205,83.40232,26.78969
15206,83.40291,26.79137
15207,83.40263,26.79063
15208,83.40172,26.79123
15209,83.40162,26.79089
15210,83.40196,26.79120
15211,83.40216,26.79075
15212,83.40166,26.79173
15213,83.40335,26.79123
15214,83.40280,26.78963
15215,83.40317,26.79050
15216,83.40353,26.79071
15217,83.40385,26.79040
15218,83.40406,26.79101
15219,83.40437,26.79053
15220,83.40393,26.79063
15221,83.40434,26.79183
15222,83.40402,26.79102
15223,83.40482,26.79171
15224,83.40498,26.79071
15225,83.40462,26.79082
15226,83.40442,26.79267
15227,83.40412,26.79291
15228,83.40446,26.79284
15229,83.40380,26.79517
15230,83.40337,26.79363
15231,83.40319,26.79303
15232,83.40286,26.79199
15233,83.40507,26.79370
15234,83.40398,26.79347
15235,83.40420,26.79387
15236,83.40564,26.79564
15237,83.40533,26.79333
15238,83.40493,26.79176
15239,83.40449,26.79459
15240,83.40481,26.79543
15241,83.40393,26.79420
15242,83.40437,26.79532
15243,83.40302,26.79421
15244,83.40327,26.79331
15245,83.40353,26.79414
15246,83.40199,26.79472
15247,83.40151,26.79302
15248,83.40144,26.79231
15249,83.40072,26.79318
15250,83.40130,26.79377
15251,83.40112,26.79308
15252,83.40123,26.79209
15253,83.40047,26.79232
15254,83.40103,26.79065
15255,83.40118,26.79103
15256,83.39910,26.79243
15257,83.39954,26.79260
15258,83.40566,26.79565
15259,83.40575,26.79644
15260,83.40578,26.79668
15261,83.40603,26.79761
15262,83.40602,26.79868
15263,83.40614,26.79913
15264,83.40632,26.79969
15265,83.40663,26.80016
15266,83.40816,26.80182
15267,83.39532,26.79412
15268,83.39611,26.79604
15269,83.39605,26.79664
15270,83.38737,26.79720
15271,83.38759,26.79937
15272,83.38820,26.79921
15273,83.38759,26.79782
15274,83.38845,26.79759
15275,83.38868,26.79823
15276,83.38786,26.79847
15277,83.38884,26.79865
15278,83.38803,26.79884
15279,83.38838,26.79960
15280,83.38907,26.79928
15281,83.38930,26.79987
15282,83.38861,26.80010
15283,83.38916,26.80148
15284,83.38960,26.80066
15285,83.38893,26.80078
15286,83.38916,26.80147
15287,83.38886,26.80157
15288,83.38684,26.80295
15289,83.38925,26.80283
15290,83.38883,26.80157
15291,83.38748,26.80146
15292,83.38805,26.80211
15293,83.38906,26.80017
15294,83.38923,26.80073
15295,83.38969,26.80096
15296,83.39001,26.80035
15297,83.38971,26.80224
15298,83.38943,26.80141
15299,83.38958,26.80185
15300,83.38983,26.80178
15301,83.38996,26.80305
15302,83.38906,26.80286
15303,83.38963,26.80279
15304,83.38909,26.80388
15305,83.47783,26.82830
15306,83.48112,26.82755
15307,83.48227,26.82664
15308,83.47559,26.82853
15309,83.47766,26.82548
15310,83.47834,26.82987
15311,83.48295,26.83777
15312,83.47947,26.83703
15313,83.47610,26.83593
15314,83.47617,26.83938
15315,83.48338,26.84183
15316,83.47942,26.84163
15317,83.47651,26.83933
15318,83.47711,26.83904
15319,83.47658,26.83958
15320,83.47730,26.83946
15321,83.47944,26.83906
15322,83.47850,26.83914
15323,83.47905,26.80854
15324,83.47915,26.80923
15325,83.47898,26.80873
15326,83.47620,26.80811
15327,83.47585,26.80842
15328,83.47626,26.80830
15329,83.47781,26.81132
15330,83.35927,26.69096
15331,83.35892,26.69048
15332,83.35753,26.69011
15333,83.35587,26.68868
15334,83.35443,26.68907
15335,83.35439,26.68899
15336,83.35433,26.68886
15337,83.35415,26.68862
15338,83.34518,26.70056
15339,83.34334,26.69503
15340,83.34139,26.70267
15341,83.34189,26.70253
15342,83.35287,26.68980
15343,83.34657,26.69145
15344,83.45698,26.70601
15345,83.45656,26.70664
15346,83.45742,26.70596
15347,83.45534,26.70680
15348,83.45596,26.70630
15349,83.45451,26.70620
15350,83.45631,26.70483
15351,83.35226,26.68887
15352,83.35120,26.68878
15353,83.35103,26.68834
15354,83.45360,26.70528
15355,83.45275,26.70417
15356,83.45435,26.70341
15357,83.45412,26.70581
15358,83.45470,26.70549
15359,83.45335,26.70540
15360,83.45366,26.70583
15361,83.45274,26.70762
15362,83.45389,26.70766
15363,83.45350,26.70720
15364,83.45373,26.70777
15365,83.45423,26.70841
15366,83.45364,26.70954
15367,83.45366,26.70874
15368,83.45320,26.70817
15369,83.45357,26.70789
15370,83.45316,26.70739
15371,83.45718,26.71062
15372,83.45679,26.71082
15373,83.45585,26.70894
15374,83.45589,26.70899
15375,83.45643,26.70930
15376,83.45604,26.71157
15377,83.45485,26.71083
15378,83.45367,26.71037
15379,83.45434,26.71059
15380,83.45526,26.70747
15381,83.45531,26.70678
15382,83.45551,26.70733
15383,83.45517,26.70690
15384,83.45751,26.70675
15385,83.45624,26.70599
15386,83.35265,26.68948
15387,83.35149,26.68836
15388,83.35138,26.68967
15389,83.35126,26.68775
15390,83.35092,26.68784
15391,83.35050,26.68817
15392,83.35426,26.68852
15393,83.35145,26.68835
15394,83.35028,26.68857
15395,83.35003,26.68851
15396,83.34980,26.68848
15397,83.34973,26.68846
15398,83.34951,26.68839
15399,83.35720,26.69130
15400,83.35698,26.69078
15401,83.35693,26.69127
15402,83.35676,26.69086
15403,83.35797,26.69222
15404,83.35762,26.69231
15405,83.35595,26.69437
15406,83.35526,26.69258
15407,83.35752,26.69214
15408,83.35555,26.69372
15409,83.35515,26.69208
15410,83.46753,26.86077
15411,83.47005,26.85187
15412,83.46908,26.84897
15413,83.46914,26.84914
15414,83.47125,26.85048
15415,83.47172,26.85061
15416,83.47200,26.85071
15417,83.46384,26.85277
15418,83.45914,26.85381
15419,83.46993,26.85188
15420,83.47001,26.85187
15421,83.46404,26.85274
15422,83.45901,26.85380
15423,83.45403,26.85791
15424,83.45917,26.85381
15425,83.45502,26.84928
15426,83.45614,26.84913
15427,83.45582,26.84651
15428,83.45252,26.84709
15429,83.45567,26.84600
15430,83.45494,26.84374
15431,83.45665,26.84678
15432,83.45668,26.84601
15433,83.45646,26.84583
15434,83.45514,26.84414
15435,83.45272,26.84355
15436,83.45335,26.84644
15437,83.45675,26.84714
15438,83.45712,26.84705
15439,83.45633,26.84719
15440,83.45637,26.84759
15441,83.45634,26.84812
15442,83.45698,26.84775
15443,83.45484,26.84924
15444,83.45488,26.84921
15445,83.45491,26.84918
15446,83.45548,26.85988
15447,83.45589,26.86025
15448,83.45798,26.85949
15449,83.45789,26.86293
15450,83.46174,26.85842
15451,83.45988,26.85855
15452,83.45734,26.85897
15453,83.46769,26.85965
15454,83.46929,26.85911
15455,83.46807,26.85822
15456,83.47080,26.85928
15457,83.47058,26.85919
15458,83.46958,26.85366
15459,83.47084,26.85892
15460,83.46827,26.85759
15461,83.46910,26.85875
15462,83.47089,26.86129
15463,83.46797,26.85819
15464,83.46803,26.85821
15465,83.46192,26.85838
15466,83.45798,26.85613
15467,83.45849,26.85808
15468,83.45705,26.85665
15469,83.45971,26.85752
15470,83.46028,26.85740
15471,83.45765,26.85621
15472,83.45770,26.85627
15473,83.45773,26.85630
15474,83.45712,26.85438
15475,83.45742,26.85398
15476,83.45643,26.85456
15477,83.45686,26.85482
15478,83.46709,26.85212
15479,83.46682,26.85088
15480,83.46886,26.85208
15481,83.46832,26.85056
15482,83.46883,26.85189
15483,83.46923,26.85181
15484,83.48183,26.82948
15485,83.47524,26.83062
15486,83.34155,26.69668
15487,83.34121,26.69606
15488,83.34220,26.69599
15489,83.34195,26.69554
15490,83.34138,26.69641
15491,83.34141,26.69321
15492,83.34218,26.69339
15493,83.34180,26.69366
15494,83.34148,26.69381
15495,83.34202,26.69317
15496,83.34123,26.69292
15497,83.34072,26.69203
15498,83.34150,26.69209
15499,83.34280,26.69320
15500,83.34233,26.69359
15501,83.34477,26.69311
15502,83.34466,26.69281
15503,83.34420,26.69164
15504,83.34172,26.69272
15505,83.34175,26.69246
15506,83.34117,26.69160
15507,83.34917,26.68859
15508,83.34880,26.68899
15509,83.34923,26.68807
15510,83.34945,26.68827
15511,83.34901,26.68876
15512,83.34881,26.68857
15513,83.34863,26.68882
15514,83.34843,26.68937
15515,83.34829,26.68911
15516,83.34844,26.68837
15517,83.34605,26.69107
15518,83.34594,26.68942
15519,83.46950,26.85037
15520,83.46959,26.85035
15521,83.46962,26.85034
15522,83.47071,26.85094
15523,83.46992,26.85112
15524,83.47040,26.85118
15525,83.46826,26.84676
15526,83.46953,26.84641
15527,83.46989,26.84697
15528,83.46778,26.84550
15529,83.47107,26.84742
15530,83.46865,26.84780
15531,83.46972,26.84763
15532,83.47096,26.84681
15533,83.47168,26.85966
15534,83.47090,26.85981
15535,83.45940,26.85864
15536,83.45846,26.86108
15537,83.45961,26.85916
15538,83.45806,26.85941
15539,83.45822,26.85875
15540,83.45847,26.85873
15541,83.45681,26.70646
15542,83.45523,26.71059
15543,83.43358,26.65914
15544,83.39087,26.80012
15545,83.38943,26.79729
15546,83.43671,26.75363
15547,83.48558,26.84174
15548,83.47837,26.83881
15549,83.47808,26.83943
15550,83.48399,26.83727
15551,83.41594,26.74560
15552,83.42815,26.73425
15553,83.42846,26.73382
15554,83.43307,26.72716
15555,83.43523,26.72401
15556,83.43768,26.72051
15557,83.43970,26.71766
15558,83.44406,26.71466
15559,83.41437,26.74657
15560,83.41531,26.74596
15561,83.41644,26.74530
15562,83.42369,26.74049
15563,83.42395,26.74011
15564,83.42426,26.73966
15565,83.42444,26.73941
15566,83.42634,26.73676
15567,83.42697,26.73585
15568,83.42923,26.73268
15569,83.43535,26.72384
15570,83.43933,26.71818
15571,83.44052,26.71654
15572,83.44534,26.71398
15573,83.44793,26.71261
15574,83.45133,26.71085
15575,83.45331,26.70980
15576,83.45393,26.70948
15577,83.45442,26.70922
15578,83.45560,26.70863
15579,83.41396,26.74428
15580,83.41127,26.74823
15581,83.41113,26.74794
15582,83.41110,26.74792
15583,83.41123,26.74833
15584,83.41083,26.74847
15585,83.41081,26.74839
15586,83.41474,26.75478
15587,83.40890,26.75584
15588,83.41478,26.76247
15589,83.41097,26.76175
15590,83.40673,26.76068
15591,83.40941,26.76135
15592,83.40853,26.76294
15593,83.43129,26.74348
15594,83.42752,26.74449
15595,83.42785,26.74437
15596,83.42813,26.74464
15597,83.42832,26.74457
15598,83.42849,26.74451
15599,83.39466,26.72691
15600,83.39467,26.72675
15601,83.39478,26.72686
15602,83.39678,26.72417
15603,83.38946,26.73876
15604,83.47662,26.83974
15605,83.46119,26.81029
15606,83.46033,26.80843
15607,83.46027,26.80735
15608,83.46037,26.80627
15609,83.46006,26.80546
15610,83.45941,26.80427
15611,83.45908,26.80301
15612,83.46170,26.81140
15613,83.46245,26.81289
15614,83.46335,26.81491
15615,83.46359,26.81542
15616,83.46506,26.81921
15617,83.46518,26.81988
15618,83.46395,26.82081
15619,83.46546,26.82382
15620,83.46072,26.81153
15621,83.45849,26.81172
15622,83.45745,26.81220
15623,83.45816,26.80603
15624,83.45889,26.80859
15625,83.45839,26.80889
15626,83.45534,26.81059
15627,83.45721,26.81194
15628,83.45583,26.81112
15629,83.45576,26.81105
15630,83.45372,26.80696
15631,83.45460,26.81216
15632,83.45782,26.81509
15633,83.45936,26.81677
15634,83.45300,26.81222
15635,83.46117,26.81284
15636,83.45996,26.81600
15637,83.45661,26.81784
15638,83.45806,26.81721
15639,83.45494,26.81861
15640,83.45782,26.82139
15641,83.45450,26.81430
15642,83.45598,26.81631
15643,83.45690,26.81667
15644,83.45795,26.81705
15645,83.45986,26.82145
15646,83.45870,26.82171
15647,83.46157,26.82116
15648,83.45607,26.82147
15649,83.45807,26.82220
15650,83.45446,26.81751
15651,83.47312,26.80822
15652,83.47215,26.80723
15653,83.46987,26.80561
15654,83.46887,26.80487
15655,83.47371,26.80871
15656,83.47486,26.80601
15657,83.46921,26.81123
15658,83.46995,26.80957
15659,83.47088,26.80915
15660,83.47007,26.80646
15661,83.47050,26.80794
15662,83.46993,26.81265
15663,83.47337,26.81682
15664,83.47160,26.81831
15665,83.47234,26.82073
15666,83.46726,26.82297
15667,83.39851,26.79471
15668,83.39888,26.79677
15669,83.40010,26.79818
15670,83.39925,26.79720
15671,83.39984,26.79696
15672,83.40023,26.79683
15673,83.39950,26.79866
15674,83.39988,26.79830
15675,83.39998,26.79823
15676,83.40051,26.79813
15677,83.40079,26.79804
15678,83.40130,26.79787
15679,83.40090,26.79672
15680,83.40051,26.79574
15681,83.39883,26.79540
15682,83.39959,26.79539
15683,83.39970,26.79570
15684,83.39937,26.79450
15685,83.40021,26.79603
15686,83.40015,26.79590
15687,83.40107,26.79521
15688,83.40043,26.79577
15689,83.40006,26.79432
15690,83.39604,26.79585
15691,83.39713,26.79543
15692,83.39786,26.79515
15693,83.39799,26.79544
15694,83.39776,26.79492
15695,83.39723,26.79566
15696,83.39748,26.79582
15697,83.39790,26.79754
15698,83.39825,26.79681
15699,83.39857,26.79727
15700,83.39891,26.79771
15701,83.39930,26.79810
15702,83.39664,26.79638
15703,83.39648,26.79595
15704,83.39715,26.79644
15705,83.39698,26.79589
15706,83.39759,26.79629
15707,83.39755,26.79710
15708,83.39781,26.79758
15709,83.39875,26.79718
15710,83.39883,26.79714
15711,83.39908,26.79700
15712,83.39282,26.79516
15713,83.39466,26.79614
15714,83.39535,26.79789
15715,83.39565,26.79855
15716,83.39589,26.79916
15717,83.39459,26.79598
15718,83.39537,26.79628
15719,83.39815,26.79806
15720,83.39837,26.79822
15721,83.40004,26.80021
15722,83.40076,26.80145
15723,83.40162,26.80274
15724,83.39746,26.80014
15725,83.39805,26.79995
15726,83.39937,26.79940
15727,83.38730,26.80060
15728,83.38787,26.80112
15729,83.38738,26.80155
15730,83.38681,26.80103
15731,83.38654,26.80052
15732,83.38564,26.80205
15733,83.38748,26.79940
15734,83.38678,26.80207
15735,83.38713,26.80275
15736,83.38806,26.80257
15737,83.38913,26.80246
15738,83.38877,26.80126
15739,83.38786,26.80189
15740,83.38819,26.80165
15741,83.38766,26.80166
15742,83.38857,26.80139
15743,83.38845,26.80095
15744,83.38807,26.80129
15745,83.38838,26.80152
15746,83.38826,26.80112
15747,83.38721,26.80235
15748,83.38710,26.80217
15749,83.38622,26.80333
15750,83.38648,26.80318
15751,83.38662,26.80309
15752,83.38996,26.80219
15753,83.38968,26.80135
15754,83.39057,26.80238
15755,83.38863,26.79719
15756,83.38830,26.79763
15757,83.38790,26.79656
15758,83.38807,26.79702
15759,83.38818,26.79731
15760,83.38545,26.79530
15761,83.38618,26.79691
15762,83.38703,26.79675
15763,83.38760,26.79574
15764,83.38678,26.79606
15765,83.38641,26.79498
15766,83.38619,26.79468
15767,83.38690,26.79495
15768,83.38644,26.79509
15769,83.38669,26.79501
15770,83.38699,26.79580
15771,83.38693,26.79451
15772,83.38660,26.79481
15773,83.38588,26.79543
15774,83.38729,26.79545
15775,83.38830,26.79502
15776,83.38642,26.79355
15777,83.38676,26.79292
15778,83.38670,26.79239
15779,83.38688,26.79289
15780,83.38646,26.79258
15781,83.38659,26.79297
15782,83.38912,26.79317
15783,83.38984,26.79364
15784,83.38965,26.79305
15785,83.39056,26.79318
15786,83.39027,26.79290
15787,83.39218,26.79200
15788,83.39125,26.79185
15789,83.39055,26.79216
15790,83.39100,26.79208
15791,83.39109,26.79244
15792,83.39098,26.79169
15793,83.39230,26.79105
15794,83.39265,26.79176
15795,83.39265,26.79090
15796,83.39300,26.79161
15797,83.39451,26.79104
15798,83.39417,26.79121
15799,83.39281,26.79015
15800,83.39214,26.79008
15801,83.39185,26.79032
15802,83.39168,26.79005
15803,83.39472,26.79058
15804,83.39585,26.78972
15805,83.39516,26.78989
15806,83.39466,26.78989
15807,83.39514,26.78982
15808,83.39565,26.78827
15809,83.39558,26.78783
15810,83.39766,26.78609
15811,83.39809,26.78597
15812,83.39965,26.78588
15813,83.39945,26.78595
15814,83.39993,26.78589
15815,83.39894,26.78586
15816,83.39954,26.78561
15817,83.39970,26.78541
15818,83.39988,26.78584
15819,83.39914,26.78407
15820,83.39947,26.78489
15821,83.40011,26.78469
15822,83.39956,26.78510
15823,83.39914,26.78405
15824,83.39814,26.78409
15825,83.39699,26.78440
15826,83.39885,26.78413
15827,83.39811,26.78468
15828,83.39796,26.78450
15829,83.39783,26.78417
15830,83.39747,26.78427
15831,83.39779,26.78504
15832,83.39836,26.78512
15833,83.39911,26.78543
15834,83.39863,26.78453
15835,83.39840,26.78682
15836,83.39779,26.78653
15837,83.39825,26.78641
15838,83.39935,26.78666
15839,83.40051,26.78744
15840,83.39960,26.78632
15841,83.40078,26.78783
15842,83.40068,26.78762
15843,83.40179,26.78723
15844,83.40149,26.78806
15845,83.40116,26.78776
15846,83.40142,26.78794
15847,83.40199,26.78772
15848,83.40283,26.78884
15849,83.40329,26.78866
15850,83.40345,26.78904
15851,83.40257,26.78830
15852,83.40258,26.78783
15853,83.40424,26.78826
15854,83.40392,26.78773
15855,83.40367,26.78734
15856,83.40345,26.78695
15857,83.40237,26.78535
15858,83.40205,26.78498
15859,83.40080,26.78566
15860,83.40252,26.78552
15861,83.40332,26.78580
15862,83.40368,26.78638
15863,83.40286,26.78532
15864,83.40364,26.78566
15865,83.40330,26.78657
15866,83.40382,26.78523
15867,83.40376,26.78635
15868,83.40410,26.78708
15869,83.40371,26.78740
15870,83.40446,26.78721
15871,83.40438,26.78765
15872,83.40394,26.78777
15873,83.40480,26.78828
15874,83.40438,26.78693
15875,83.40503,26.78823
15876,83.40431,26.78840
15877,83.40565,26.78913
15878,83.40490,26.78925
15879,83.40357,26.78934
15880,83.40456,26.78897
15881,83.40405,26.78995
15882,83.40467,26.78920
15883,83.40514,26.78997
15884,83.40435,26.79017
15885,83.40547,26.79097
15886,83.40615,26.79080
15887,83.41637,26.85581
15888,83.41047,26.85802
15889,83.41278,26.85815
15890,83.41189,26.85873
15891,83.41367,26.85923
15892,83.41207,26.85980
15893,83.41249,26.85965
15894,83.42285,26.85609
15895,83.42367,26.85553
15896,83.42538,26.84582
15897,83.42470,26.84594
15898,83.42340,26.85769
15899,83.41968,26.85839
15900,83.41810,26.85211
15901,83.41894,26.84904
15902,83.41663,26.85425
15903,83.42072,26.85793
15904,83.42506,26.86153
15905,83.42238,26.85755
15906,83.42267,26.85626
15907,83.42314,26.85649
15908,83.42304,26.85761
15909,83.41944,26.85018
15910,83.42189,26.85212
15911,83.41228,26.86083
15912,83.41098,26.85901
15913,83.41078,26.85971
15914,83.41316,26.86022
15915,83.41289,26.85961
15916,83.42115,26.84725
15917,83.41948,26.84977
15918,83.42070,26.84863
15919,83.42069,26.84878
15920,83.42130,26.84953
15921,83.41988,26.84852
15922,83.42058,26.84843
15923,83.42109,26.84822
15924,83.42008,26.84820
15925,83.41952,26.84780
15926,83.42015,26.84707
15927,83.42123,26.84721
15928,83.42682,26.85008
15929,83.42077,26.85242
15930,83.42115,26.85219
15931,83.42252,26.85320
15932,83.42225,26.85203
15933,83.42161,26.85344
15934,83.42137,26.85296
15935,83.42238,26.85259
15936,83.42132,26.85353
15937,83.41966,26.85408
15938,83.41273,26.84862
15939,83.41672,26.85225
15940,83.41719,26.85333
15941,83.41722,26.85179
15942,83.40937,26.84446
15943,83.40865,26.84363
15944,83.40926,26.84353
15945,83.40880,26.84402
15946,83.40935,26.84392
15947,83.40995,26.84432
15948,83.41034,26.84412
15949,83.41146,26.84404
15950,83.41060,26.84407
15951,83.40965,26.85176
15952,83.40985,26.85191
15953,83.40960,26.85170
15954,83.40858,26.84774
15955,83.41179,26.84630
15956,83.41185,26.84647
15957,83.41021,26.84587
15958,83.41142,26.84532
15959,83.40938,26.84466
15960,83.40686,26.84597
15961,83.40983,26.84407
15962,83.40937,26.84419
15963,83.40916,26.84333
15964,83.34410,26.79344
15965,83.34334,26.79389
15966,83.34296,26.79322
15967,83.41095,26.84437
15968,83.34431,26.79333
15969,83.34419,26.79226
15970,83.34459,26.79318
15971,83.34402,26.79158
15972,83.34531,26.79289
15973,83.34710,26.79244
15974,83.34728,26.79149
15975,83.34678,26.79161
15976,83.34684,26.79252
15977,83.34719,26.78563
15978,83.34721,26.78493
15979,83.34758,26.78517
15980,83.34826,26.78497
15981,83.34765,26.78521
15982,83.34673,26.78592
15983,83.34384,26.78745
15984,83.35059,26.78602
15985,83.34953,26.78433
15986,83.34999,26.78540
15987,83.34910,26.78444
15988,83.35082,26.78400
15989,83.34832,26.78245
15990,83.35029,26.78681
15991,83.35035,26.78710
15992,83.34956,26.78629
15993,83.34893,26.78653
15994,83.35145,26.78710
15995,83.35147,26.78752
15996,83.35073,26.78757
15997,83.35081,26.78861
15998,83.35057,26.78772
15999,83.35039,26.78867
16000,83.34998,26.78730
16001,83.35118,26.78932
16002,83.35016,26.79069
16003,83.34967,26.79042
16004,83.35028,26.79025
16005,83.35002,26.78949
16006,83.34973,26.78965
16007,83.34993,26.79000
16008,83.34954,26.79004
16009,83.34906,26.79019
16010,83.35092,26.79109
16011,83.35043,26.79142
16012,83.34904,26.79154
16013,83.34931,26.79091
16014,83.34948,26.79143
16015,83.34980,26.79079
16016,83.34294,26.78893
16017,83.34355,26.78866
16018,83.34328,26.78758
16019,83.34785,26.78612
16020,83.34747,26.78638
16021,83.34702,26.78652
16022,83.34689,26.78652
16023,83.34407,26.78741
16024,83.34424,26.78824
16025,83.34480,26.78910
16026,83.34699,26.79093
16027,83.34730,26.79153
16028,83.34989,26.79421
16029,83.34967,26.79379
16030,83.34987,26.79341
16031,83.35054,26.79332
16032,83.34888,26.79337
16033,83.35066,26.79257
16034,83.35030,26.79240
16035,83.35080,26.79217
16036,83.35004,26.79241
16037,83.34959,26.79199
16038,83.34955,26.79182
16039,83.34967,26.79237
16040,83.34925,26.79188
16041,83.34935,26.79229
16042,83.34769,26.79225
16043,83.34778,26.79273
16044,83.34749,26.79290
16045,83.34738,26.79235
16046,83.34669,26.79257
16047,83.34697,26.79302
16048,83.34658,26.79308
16049,83.34643,26.79280
16050,83.34609,26.79313
16051,83.34580,26.79319
16052,83.34447,26.79453
16053,83.34420,26.79501
16054,83.34384,26.79510
16055,83.34380,26.79366
16056,83.34467,26.79391
16057,83.34541,26.79374
16058,83.34578,26.79365
16059,83.34504,26.79382
16060,83.34446,26.79374
16061,83.34833,26.79524
16062,83.34785,26.79501
16063,83.34748,26.79504
16064,83.34818,26.79465
16065,83.34773,26.79318
16066,83.34761,26.79423
16067,83.34695,26.79337
16068,83.34724,26.79436
16069,83.34801,26.79292
16070,83.34806,26.79310
16071,83.34733,26.79327
16072,83.34660,26.79347
16073,83.34621,26.79356
16074,83.34716,26.79871
16075,83.34881,26.79555
16076,83.34910,26.79655
16077,83.34844,26.79564
16078,83.34874,26.79665
16079,83.34837,26.79674
16080,83.34806,26.79573
16081,83.34857,26.79742
16082,83.34820,26.79620
16083,83.34783,26.79629
16084,83.34749,26.79648
16085,83.34769,26.79582
16086,83.34819,26.79751
16087,83.34732,26.79591
16088,83.34782,26.79760
16089,83.34668,26.79666
16090,83.34711,26.79656
16091,83.34652,26.79611
16092,83.34700,26.79779
16093,83.34611,26.79744
16094,83.34648,26.79735
16095,83.34614,26.79620
16096,83.34664,26.79787
16097,83.34577,26.79629
16098,83.34626,26.79796
16099,83.34541,26.79638
16100,83.34588,26.79805
16101,83.34503,26.79647
16102,83.34466,26.79656
16103,83.34514,26.79822
16104,83.34320,26.79692
16105,83.34343,26.79767
16106,83.34414,26.79751
16107,83.34358,26.79683
16108,83.34403,26.79849
16109,83.34906,26.79878
16110,83.34868,26.79839
16111,83.34880,26.79918
16112,83.34846,26.79911
16113,83.34553,26.79813
16114,83.34580,26.79905
16115,83.34480,26.79834
16116,83.34659,26.79988
16117,83.34662,26.80023
16118,83.34633,26.80139
16119,83.34701,26.80041
16120,83.34664,26.80044
16121,83.34678,26.80214
16122,83.34673,26.80149
16123,83.34710,26.80148
16124,83.34715,26.80211
16125,83.34751,26.80149
16126,83.34754,26.80206
16127,83.34846,26.80195
16128,83.34787,26.80304
16129,83.34849,26.80299
16130,83.34748,26.80149
16131,83.34887,26.79940
16132,83.34890,26.79980
16133,83.34900,26.79979
16134,83.34738,26.79975
16135,83.34856,26.80141
16136,83.34713,26.80150
16137,83.34940,26.79916
16138,83.34731,26.79970
16139,83.34922,26.80144
16140,83.35047,26.80197
16141,83.34945,26.80202
16142,83.34970,26.80199
16143,83.34972,26.80212
16144,83.35009,26.80205
16145,83.34979,26.80248
16146,83.35024,26.80249
16147,83.35149,26.80206
16148,83.34848,26.80264
16149,83.35018,26.80275
16150,83.35013,26.80269
16151,83.34964,26.80238
16152,83.34996,26.80129
16153,83.34968,26.80134
16154,83.34928,26.80123
16155,83.34924,26.80056
16156,83.34893,26.80090
16157,83.34954,26.80055
16158,83.34956,26.80021
16159,83.34897,26.80024
16160,83.34953,26.79981
16161,83.34995,26.79966
16162,83.34942,26.80296
16163,83.35054,26.80320
16164,83.34855,26.80145
16165,83.34947,26.79911
16166,83.34895,26.79833
16167,83.34214,26.80034
16168,83.34381,26.80474
16169,83.34324,26.79465
16170,83.34392,26.79674
16171,83.34209,26.79575
16172,83.34249,26.79708
16173,83.34286,26.79700
16174,83.41309,26.84846
16175,83.41286,26.84969
16176,83.41096,26.85556
16177,83.41611,26.85170
16178,83.42522,26.84472
16179,83.42579,26.84422
16180,83.42878,26.84345
16181,83.42949,26.84424
16182,83.42991,26.84326
16183,83.43015,26.84375
16184,83.42587,26.84448
16185,83.42485,26.84399
16186,83.42565,26.84376
16187,83.42582,26.84433
16188,83.42490,26.84409
16189,83.42750,26.85357
16190,83.42680,26.85013
16191,83.42844,26.84946
16192,83.42851,26.84943
16193,83.35180,26.78385
16194,83.35200,26.78350
16195,83.35110,26.78384
16196,83.34685,26.79725
16197,83.34728,26.79714
16198,83.34766,26.79705
16199,83.34803,26.79696
16200,83.34486,26.80335
16201,83.34478,26.80429
16202,83.34612,26.80338
16203,83.34785,26.80441
16204,83.34498,26.78830
16205,83.34528,26.78887
16206,83.34481,26.78764
16207,83.34418,26.78790
16208,83.34599,26.78834
16209,83.34594,26.78935
16210,83.34645,26.78922
16211,83.41861,26.86000
16212,83.34733,26.78818
16213,83.34520,26.78693
16214,83.34559,26.78753
16215,83.34706,26.78869
16216,83.34801,26.78831
16217,83.34736,26.78855
16218,83.34690,26.78856
16219,83.34632,26.78804
16220,83.34547,26.78854
16221,83.34554,26.78874
16222,83.34588,26.78816
16223,83.34861,26.78907
16224,83.34716,26.78941
16225,83.34807,26.78915
16226,83.34774,26.78841
16227,83.34833,26.78981
16228,83.34817,26.78938
16229,83.34797,26.78993
16230,83.34860,26.79005
16231,83.34862,26.78972
16232,83.34883,26.78937
16233,83.34862,26.78690
16234,83.34887,26.78742
16235,83.34809,26.78774
16236,83.34890,26.78646
16237,83.34777,26.78690
16238,83.34929,26.78722
16239,83.34888,26.78741
16240,83.34956,26.78778
16241,83.34983,26.78837
16242,83.34959,26.78845
16243,83.34939,26.78806
16244,83.34971,26.78870
16245,83.34907,26.78912
16246,83.34991,26.78955
16247,83.34788,26.78799
16248,83.34867,26.78915
16249,83.34908,26.78991
16250,83.34564,26.79018
16251,83.34504,26.78988
16252,83.34632,26.79232
16253,83.34655,26.79187
16254,83.34635,26.79071
16255,83.34566,26.79096
16256,83.34711,26.79043
16257,83.34702,26.79024
16258,83.34732,26.79084
16259,83.34838,26.79055
16260,83.34763,26.79147
16261,83.34796,26.79207
16262,83.34816,26.79138
16263,83.34329,26.78711
16264,83.34171,26.78737
16265,83.34186,26.78783
16266,83.34153,26.78790
16267,83.34248,26.78786
16268,83.34293,26.78737
16269,83.34307,26.78844
16270,83.34308,26.78778
16271,83.34312,26.78770
16272,83.34328,26.78760
16273,83.34366,26.78749
16274,83.34381,26.78806
16275,83.34350,26.78852
16276,83.34259,26.78725
16277,83.34272,26.78681
16278,83.34488,26.78927
16279,83.34490,26.79008
16280,83.34347,26.78911
16281,83.34332,26.78876
16282,83.34196,26.79211
16283,83.41535,26.86187
16284,83.41819,26.85855
16285,83.41999,26.85975
16286,83.42039,26.85877
16287,83.42008,26.85821
16288,83.42081,26.85867
16289,83.42070,26.86146
16290,83.42190,26.85972
16291,83.42167,26.85982
16292,83.42199,26.86039
16293,83.42046,26.85967
16294,83.42062,26.86008
16295,83.42072,26.85953
16296,83.42131,26.83377
16297,83.42863,26.82584
16298,83.42856,26.82600
16299,83.42753,26.82515
16300,83.42744,26.82488
16301,83.41703,26.83058
16302,83.41767,26.83142
16303,83.41446,26.83138
16304,83.41443,26.83167
16305,83.41510,26.83264
16306,83.41607,26.83243
16307,83.41614,26.83184
16308,83.41683,26.83198
16309,83.40918,26.82435
16310,83.40927,26.82427
16311,83.41453,26.82821
16312,83.41460,26.82816
16313,83.41865,26.83106
16314,83.41873,26.83099
16315,83.42747,26.83670
16316,83.42754,26.83663
16317,83.40801,26.82960
16318,83.40885,26.82398
16319,83.40930,26.82371
16320,83.40949,26.82443
16321,83.40983,26.82420
16322,83.42559,26.84531
16323,83.42536,26.84543
16324,83.42536,26.84545
16325,83.42455,26.84557
16326,83.42603,26.85715
16327,83.42814,26.86074
16328,83.42588,26.85481
16329,83.42140,26.85897
16330,83.42052,26.85922
16331,83.42037,26.85237
16332,83.42036,26.85266
16333,83.41154,26.85877
16334,83.41199,26.85856
16335,83.41168,26.85810
16336,83.41112,26.85856
16337,83.42337,26.85659
16338,83.42392,26.85628
16339,83.47696,26.66046
16340,83.46451,26.66045
16341,83.46110,26.66076
16342,83.45960,26.66112
16343,83.45905,26.66128
16344,83.45584,26.66339
16345,83.46351,26.66022
16346,83.45889,26.66082
16347,83.46719,26.65842
16348,83.46451,26.66070
16349,83.46495,26.66257
16350,83.45424,26.66057
16351,83.45356,26.66005
16352,83.45743,26.65839
16353,83.45617,26.65504
16354,83.39082,26.79059
16355,83.39030,26.79076
16356,83.39102,26.79051
16357,83.39083,26.79098
16358,83.39040,26.79111
16359,83.39097,26.79140
16360,83.39083,26.79295
16361,83.39134,26.79264
16362,83.39088,26.79327
16363,83.39218,26.79321
16364,83.39240,26.79374
16365,83.39224,26.79420
16366,83.39232,26.79356
16367,83.39198,26.79368
16368,83.39140,26.79362
16369,83.39149,26.79403
16370,83.39162,26.79553
16371,83.39133,26.79408
16372,83.39554,26.79639
16373,83.39896,26.79873
16374,83.39998,26.80008
16375,83.39507,26.79725
16376,83.39601,26.79950
16377,83.39712,26.79804
16378,83.39692,26.79971
16379,83.39676,26.79927
16380,83.39630,26.80032
16381,83.39623,26.80000
16382,83.39610,26.79977
16383,83.39652,26.79992
16384,83.39692,26.80037
16385,83.39740,26.79891
16386,83.39811,26.79873
16387,83.39842,26.79861
16388,83.39794,26.79943
16389,83.40060,26.79883
16390,83.40041,26.79895
16391,83.39941,26.79947
16392,83.40085,26.79928
16393,83.40044,26.79893
16394,83.40007,26.79857
16395,83.39762,26.79253
16396,83.39732,26.79302
16397,83.39716,26.79273
16398,83.39787,26.79373
16399,83.39737,26.79263
16400,83.39480,26.79324
16401,83.39585,26.79375
16402,83.39637,26.79362
16403,83.39645,26.79568
16404,83.39563,26.79390
16405,83.39691,26.79396
16406,83.39748,26.79452
16407,83.39438,26.79541
16408,83.39565,26.79487
16409,83.39525,26.79497
16410,83.39552,26.79556
16411,83.39513,26.79472
16412,83.39485,26.79575
16413,83.39588,26.79546
16414,83.39232,26.79678
16415,83.39168,26.79550
16416,83.39185,26.79697
16417,83.39216,26.79646
16418,83.39316,26.79608
16419,83.39275,26.79623
16420,83.39400,26.79703
16421,83.39409,26.79773
16422,83.39381,26.79713
16423,83.45358,26.80521
16424,83.45350,26.80555
16425,83.45338,26.80605
16426,83.46161,26.80701
16427,83.46035,26.80621
16428,83.46178,26.80371
16429,83.45878,26.80675
16430,83.45932,26.80742
16431,83.45943,26.80680
16432,83.45904,26.80707
16433,83.46312,26.81088
16434,83.46213,26.81039
16435,83.46140,26.81076
16436,83.47378,26.81736
16437,83.47369,26.81677
16438,83.46980,26.80860
16439,83.47020,26.80946
16440,83.46987,26.80650
16441,83.46862,26.80678
16442,83.46778,26.80704
16443,83.46971,26.80554
16444,83.46915,26.80582
16445,83.46977,26.80589
16446,83.47038,26.80515
16447,83.47058,26.80400
16448,83.47057,26.80369
16449,83.47113,26.80393
16450,83.47406,26.80306
16451,83.47319,26.80339
16452,83.47108,26.80361
16453,83.47119,26.80422
16454,83.47344,26.80411
16455,83.47172,26.80311
16456,83.47178,26.80354
16457,83.46920,26.80493
16458,83.46874,26.80267
16459,83.47125,26.80458
16460,83.47121,26.80531
16461,83.46995,26.80424
16462,83.47053,26.80415
16463,83.47502,26.80695
16464,83.46419,26.81778
16465,83.46461,26.81767
16466,83.46468,26.81612
16467,83.46412,26.81650
16468,83.45628,26.81692
16469,83.45758,26.81869
16470,83.45795,26.81923
16471,83.45755,26.81934
16472,83.45902,26.82026
16473,83.45973,26.82147
16474,83.45975,26.82147
16475,83.45982,26.82146
16476,83.36963,26.66116
16477,83.46771,26.82275
16478,83.46816,26.82164
16479,83.46831,26.82248
16480,83.46775,26.82182
16481,83.46758,26.82252
16482,83.46609,26.81888
16483,83.37180,26.66240
16484,83.36915,26.66029
16485,83.36839,26.68333
16486,83.36823,26.68299
16487,83.38606,26.70068
16488,83.38591,26.70326
16489,83.36814,26.68304
16490,83.36782,26.68303
16491,83.36777,26.68345
16492,83.36651,26.68371
16493,83.36893,26.68449
16494,83.36855,26.68389
16495,83.36780,26.68321
16496,83.36598,26.68312
16497,83.36405,26.68336
16498,83.36588,26.68315
16499,83.36642,26.68355
16500,83.36606,26.68425
16501,83.36606,26.68423
16502,83.36468,26.68435
16503,83.36809,26.68400
16504,83.36618,26.68460
16505,83.36886,26.68484
16506,83.36868,26.68515
16507,83.36818,26.68508
16508,83.36467,26.68499
16509,83.36609,26.68750
16510,83.37368,26.68765
16511,83.37414,26.68883
16512,83.37325,26.68849
16513,83.37195,26.68821
16514,83.37273,26.68800
16515,83.37344,26.68864
16516,83.37226,26.68903
16517,83.37264,26.68961
16518,83.37157,26.68737
16519,83.37167,26.68758
16520,83.37171,26.68766
16521,83.37234,26.68901
16522,83.36853,26.69020
16523,83.36621,26.69248
16524,83.36591,26.69254
16525,83.36497,26.69241
16526,83.36468,26.69252
16527,83.36573,26.69321
16528,83.36973,26.69198
16529,83.36446,26.69170
16530,83.36624,26.68749
16531,83.36634,26.68768
16532,83.36638,26.68776
16533,83.36823,26.68982
16534,83.36551,26.69118
16535,83.36915,26.68744
16536,83.45734,26.84631
16537,83.45162,26.84305
16538,83.45133,26.84305
16539,83.45128,26.84306
16540,83.45120,26.84309
16541,83.45395,26.84839
16542,83.45662,26.84799
16543,83.45761,26.85861
16544,83.45722,26.85895
16545,83.46736,26.85077
16546,83.46809,26.84633
16547,83.46906,26.84616
16548,83.47521,26.85056
16549,83.47595,26.85146
16550,83.47073,26.84558
16551,83.47076,26.84527
16552,83.47214,26.84289
16553,83.47108,26.84382
16554,83.47095,26.84356
16555,83.47155,26.84314
16556,83.47158,26.84364
16557,83.46886,26.84343
16558,83.47065,26.85950
16559,83.45418,26.85988
16560,83.45699,26.85422
16561,83.45723,26.85405
16562,83.45724,26.85355
16563,83.45797,26.85898
16564,83.46495,26.66258
16565,83.45687,26.66571
16566,83.45875,26.65522
16567,83.45770,26.84838
16568,83.37229,26.66216
16569,83.46271,26.65912
16570,83.46299,26.66035
16571,83.46302,26.65842
16572,83.46713,26.65953
16573,83.46802,26.66143
16574,83.46727,26.65983
16575,83.46996,26.66070
16576,83.46544,26.66469
16577,83.47034,26.66209
16578,83.47141,26.66282
16579,83.46872,26.66277
16580,83.46803,26.66142
16581,83.40338,26.75005
16582,83.40361,26.75071
16583,83.40540,26.74910
16584,83.40554,26.74968
16585,83.40747,26.74892
16586,83.40767,26.74958
16587,83.40604,26.75073
16588,83.40536,26.75093
16589,83.40403,26.75412
16590,83.40308,26.75440
16591,83.40297,26.75401
16592,83.40355,26.75430
16593,83.40337,26.75371
16594,83.40414,26.75357
16595,83.40427,26.75405
16596,83.40439,26.75350
16597,83.40455,26.75406
16598,83.40461,26.75343
16599,83.40478,26.75397
16600,83.40489,26.75336
16601,83.40504,26.75394
16602,83.40679,26.75293
16603,83.40696,26.75347
16604,83.40657,26.75299
16605,83.40671,26.75347
16606,83.40771,26.75265
16607,83.40789,26.75197
16608,83.40693,26.75233
16609,83.40840,26.74963
16610,83.40815,26.74906
16611,83.40017,26.75482
16612,83.39893,26.75419
16613,83.40000,26.75342
16614,83.39143,26.75888
16615,83.39263,26.75840
16616,83.39417,26.75507
16617,83.39431,26.75551
16618,83.39425,26.75533
16619,83.39366,26.75546
16620,83.39843,26.75406
16621,83.39867,26.75495
16622,83.39584,26.75346
16623,83.39509,26.75373
16624,83.39242,26.75424
16625,83.39431,26.76341
16626,83.39603,26.76085
16627,83.39535,26.76228
16628,83.39348,26.76180
16629,83.39409,26.76255
16630,83.38930,26.75842
16631,83.40595,26.74846
16632,83.40606,26.74894
16633,83.40683,26.74727
16634,83.40592,26.74649
16635,83.40639,26.74692
16636,83.40535,26.74717
16637,83.40534,26.74669
16638,83.40520,26.74726
16639,83.40461,26.74730
16640,83.40612,26.74714
16641,83.40555,26.74822
16642,83.40508,26.74800
16643,83.40466,26.74633
16644,83.40360,26.74673
16645,83.40376,26.74698
16646,83.40432,26.74693
16647,83.40350,26.74745
16648,83.40438,26.74737
16649,83.40378,26.74765
16650,83.40443,26.74780
16651,83.40390,26.74833
16652,83.40400,26.74914
16653,83.40261,26.74828
16654,83.40100,26.74823
16655,83.40261,26.74795
16656,83.40036,26.74878
16657,83.40049,26.74940
16658,83.39922,26.74785
16659,83.39935,26.74807
16660,83.40031,26.74770
16661,83.40017,26.74800
16662,83.40046,26.74844
16663,83.40015,26.74847
16664,83.39921,26.74819
16665,83.39974,26.74805
16666,83.40004,26.74802
16667,83.40036,26.74797
16668,83.40063,26.74792
16669,83.39991,26.74867
16670,83.40011,26.74943
16671,83.39955,26.74848
16672,83.39962,26.74873
16673,83.39980,26.74945
16674,83.39855,26.74782
16675,83.39722,26.74794
16676,83.39627,26.74777
16677,83.39936,26.74881
16678,83.39884,26.74824
16679,83.39749,26.74800
16680,83.39715,26.74860
16681,83.39759,26.74851
16682,83.39793,26.74786
16683,83.39799,26.74902
16684,83.39819,26.74959
16685,83.39696,26.74868
16686,83.39696,26.74936
16687,83.40818,26.74878
16688,83.39062,26.74690
16689,83.39737,26.74970
16690,83.39541,26.74757
16691,83.39504,26.74791
16692,83.39347,26.74725
16693,83.39304,26.74781
16694,83.38685,26.74413
16695,83.38721,26.74437
16696,83.38619,26.74491
16697,83.38650,26.74507
16698,83.38714,26.74536
16699,83.38923,26.74633
16700,83.39116,26.74711
16701,83.38096,26.75258
16702,83.38717,26.75136
16703,83.38922,26.75105
16704,83.39129,26.75071
16705,83.39430,26.74829
16706,83.36830,26.65918
16707,83.42399,26.83518
16708,83.42481,26.83488
16709,83.45744,26.66236
16710,83.45852,26.66278
16711,83.46091,26.66408
16712,83.40914,26.84478
16713,83.41297,26.84920
16714,83.46909,26.85203
16715,83.46955,26.85342
16716,83.46962,26.85346
16717,83.46964,26.85348
16718,83.39301,26.79674
16719,83.39653,26.79830
16720,83.39793,26.79774
16721,83.39762,26.79846
16722,83.39836,26.79773
16723,83.39803,26.79789
16724,83.39921,26.80037
16725,83.39921,26.80091
16726,83.39952,26.80214
16727,83.39938,26.80190
16728,83.39981,26.80126
16729,83.40005,26.80168
16730,83.39955,26.80149
16731,83.39986,26.80136
16732,83.40058,26.80117
16733,83.40012,26.80108
16734,83.39806,26.80109
16735,83.39965,26.80048
16736,83.39932,26.80055
16737,83.39698,26.78437
16738,83.39592,26.78452
16739,83.38968,26.78640
16740,83.38904,26.78428
16741,83.38973,26.78538
16742,83.38898,26.78585
16743,83.38866,26.78510
16744,83.38904,26.78488
16745,83.38838,26.78491
16746,83.38837,26.78597
16747,83.38798,26.78530
16748,83.38849,26.78608
16749,83.38808,26.78619
16750,83.38781,26.78673
16751,83.38701,26.78684
16752,83.38682,26.78596
16753,83.39059,26.78427
16754,83.39019,26.78336
16755,83.39012,26.78404
16756,83.38988,26.78358
16757,83.39035,26.78370
16758,83.39097,26.78417
16759,83.39161,26.78531
16760,83.39185,26.78474
16761,83.39283,26.78489
16762,83.39275,26.78466
16763,83.39311,26.78442
16764,83.39306,26.78403
16765,83.39345,26.78404
16766,83.39341,26.78482
16767,83.39325,26.78306
16768,83.39262,26.78363
16769,83.39223,26.78371
16770,83.39149,26.78343
16771,83.39211,26.78330
16772,83.39212,26.78493
16773,83.38772,26.78649
16774,83.38755,26.78653
16775,83.38795,26.78644
16776,83.38774,26.78432
16777,83.38814,26.78514
16778,83.38890,26.78355
16779,83.38918,26.78416
16780,83.38946,26.78341
16781,83.38963,26.78376
16782,83.38819,26.78423
16783,83.38847,26.78482
16784,83.38861,26.78405
16785,83.38880,26.78450
16786,83.39257,26.78791
16787,83.39225,26.78737
16788,83.39152,26.78760
16789,83.39199,26.78774
16790,83.39346,26.78780
16791,83.39279,26.78813
16792,83.39241,26.78886
16793,83.39209,26.78806
16794,83.39234,26.78929
16795,83.39311,26.78904
16796,83.39269,26.78953
16797,83.39258,26.78922
16798,83.39273,26.78969
16799,83.38891,26.79018
16800,83.38895,26.79031
16801,83.38916,26.79018
16802,83.38882,26.79423
16803,83.38845,26.79341
16804,83.38979,26.79389
16805,83.39057,26.79655
16806,83.39031,26.79662
16807,83.39087,26.79646
16808,83.38975,26.79772
16809,83.38998,26.79613
16810,83.39097,26.79585
16811,83.39103,26.79680
16812,83.39023,26.79865
16813,83.39138,26.79821
16814,83.39246,26.79878
16815,83.39174,26.79899
16816,83.39189,26.79968
16817,83.39097,26.80010
16818,83.39195,26.80067
16819,83.39138,26.80091
16820,83.39175,26.80076
16821,83.39254,26.80252
16822,83.39234,26.80284
16823,83.39441,26.80196
16824,83.39489,26.80082
16825,83.39359,26.79984
16826,83.39460,26.80125
16827,83.39484,26.80172
16828,83.39522,26.80126
16829,83.39586,26.80161
16830,83.39571,26.80115
16831,83.39637,26.80159
16832,83.39674,26.80078
16833,83.39761,26.80099
16834,83.39825,26.80062
16835,83.39786,26.80073
16836,83.39648,26.80054
16837,83.39727,26.80027
16838,83.39764,26.80080
16839,83.39773,26.80132
16840,83.39619,26.80100
16841,83.39751,26.80014
16842,83.39670,26.79981
16843,83.39831,26.79905
16844,83.39719,26.79962
16845,83.39575,26.79878
16846,83.39662,26.79850
16847,83.39643,26.79806
16848,83.39628,26.79825
16849,83.39594,26.79660
16850,83.39688,26.79712
16851,83.39677,26.79773
16852,83.39575,26.79604
16853,83.39327,26.79636
16854,83.39296,26.79558
16855,83.39071,26.79631
16856,83.39060,26.79596
16857,83.38962,26.79663
16858,83.38950,26.79623
16859,83.38594,26.79638
16860,83.38687,26.79629
16861,83.38566,26.79575
16862,83.38658,26.79549
16863,83.38601,26.79565
16864,83.38725,26.79634
16865,83.38733,26.79670
16866,83.38628,26.79557
16867,83.36925,26.68249
16868,83.36799,26.68333
16869,83.41376,26.88300
16870,83.41671,26.86977
16871,83.42713,26.86933
16872,83.42489,26.86452
16873,83.36609,26.69210
16874,83.36580,26.69230
16875,83.39498,26.79525
16876,83.39467,26.79451
16877,83.39552,26.80117
16878,83.39492,26.79959
16879,83.39406,26.80006
16880,83.39466,26.79848
16881,83.39451,26.79909
16882,83.39479,26.79968
16883,83.39484,26.79833
16884,83.39543,26.79806
16885,83.39571,26.79733
16886,83.39592,26.79772
16887,83.39618,26.79791
16888,83.39664,26.79753
16889,83.39611,26.79773
16890,83.39550,26.79689
16891,83.39452,26.79368
16892,83.39497,26.79434
16893,83.39498,26.79201
16894,83.39590,26.79000
16895,83.39528,26.79022
16896,83.39584,26.78800
16897,83.39621,26.78830
16898,83.39380,26.78490
16899,83.39388,26.78429
16900,83.39433,26.78389
16901,83.39450,26.78396
16902,83.39488,26.78511
16903,83.39680,26.78361
16904,83.39627,26.78416
16905,83.39566,26.78386
16906,83.39834,26.78557
16907,83.39812,26.78520
16908,83.39859,26.78515
16909,83.39876,26.78557
16910,83.40169,26.78445
16911,83.40264,26.78486
16912,83.43456,26.83820
16913,83.43459,26.83539
16914,83.43279,26.83595
16915,83.43178,26.83346
16916,83.40327,26.78455
16917,83.40380,26.78436
16918,83.40389,26.78331
16919,83.40431,26.78415
16920,83.40395,26.78480
16921,83.40375,26.78437
16922,83.40496,26.78442
16923,83.40515,26.78474
16924,83.40470,26.78396
16925,83.40524,26.78392
16926,83.40529,26.78430
16927,83.40540,26.78347
16928,83.40561,26.78353
16929,83.40592,26.78392
16930,83.40697,26.78409
16931,83.40640,26.78358
16932,83.40734,26.78463
16933,83.40755,26.78435
16934,83.40707,26.78403
16935,83.40722,26.78413
16936,83.40640,26.78482
16937,83.40658,26.78503
16938,83.40613,26.78449
16939,83.40650,26.78425
16940,83.40561,26.78477
16941,83.40528,26.78431
16942,83.43272,26.83346
16943,83.43559,26.83285
16944,83.43557,26.83287
16945,83.43552,26.83289
16946,83.43291,26.83313
16947,83.43234,26.83364
16948,83.43118,26.83139
16949,83.43205,26.83295
16950,83.43254,26.83877
16951,83.43192,26.83625
16952,83.43581,26.83723
16953,83.43544,26.83795
16954,83.43123,26.83912
16955,83.43741,26.83516
16956,83.43736,26.83519
16957,83.43708,26.83519
16958,83.43590,26.83530
16959,83.43743,26.83514
16960,83.43206,26.82412
16961,83.43216,26.82403
16962,83.43507,26.83042
16963,83.43419,26.83063
16964,83.43425,26.83062
16965,83.43429,26.83060
16966,83.40433,26.78587
16967,83.40571,26.78520
16968,83.40564,26.78480
16969,83.40482,26.78517
16970,83.40451,26.78609
16971,83.40503,26.78587
16972,83.40546,26.78687
16973,83.40565,26.78607
16974,83.40554,26.78582
16975,83.40615,26.78563
16976,83.40587,26.78572
16977,83.40608,26.78614
16978,83.40627,26.78715
16979,83.40731,26.78983
16980,83.40676,26.78584
16981,83.40665,26.78659
16982,83.40642,26.78598
16983,83.40515,26.78743
16984,83.40614,26.78795
16985,83.40591,26.78724
16986,83.40566,26.78916
16987,83.40588,26.78911
16988,83.40741,26.79003
16989,83.40655,26.78890
16990,83.40671,26.78929
16991,83.40710,26.78901
16992,83.40697,26.78546
16993,83.40732,26.78523
16994,83.40824,26.78422
16995,83.40751,26.78502
16996,83.40716,26.78534
16997,83.40715,26.78479
16998,83.40859,26.78305
16999,83.40817,26.78355
17000,83.40840,26.78365
17001,83.40962,26.78271
17002,83.40884,26.78382
17003,83.40584,26.78541
17004,83.40780,26.78608
17005,83.40756,26.78557
17006,83.40850,26.78581
17007,83.40692,26.78855
17008,83.40828,26.78807
17009,83.40836,26.78826
17010,83.40789,26.78719
17011,83.40804,26.78753
17012,83.40867,26.78729
17013,83.40833,26.78742
17014,83.40881,26.78832
17015,83.40832,26.78853
17016,83.40740,26.78838
17017,83.40855,26.78900
17018,83.40800,26.78817
17019,83.40756,26.78720
17020,83.40769,26.78828
17021,83.40747,26.78769
17022,83.40653,26.78776
17023,83.40724,26.78744
17024,83.40736,26.78766
17025,83.40712,26.78722
17026,83.40771,26.78527
17027,83.40749,26.78504
17028,83.40690,26.78509
17029,83.44065,26.82509
17030,83.44134,26.82484
17031,83.43485,26.82519
17032,83.43546,26.82518
17033,83.43492,26.82533
17034,83.44175,26.84094
17035,83.44173,26.84095
17036,83.44167,26.84097
17037,83.43495,26.84157
17038,83.43456,26.84191
17039,83.43453,26.84197
17040,83.43692,26.84134
17041,83.43487,26.84141
17042,83.43506,26.84081
17043,83.43451,26.84119
17044,83.43547,26.83979
17045,83.43531,26.84017
17046,83.43529,26.83984
17047,83.43365,26.84067
17048,83.43714,26.84276
17049,83.43682,26.84056
17050,83.43669,26.83697
17051,83.43617,26.83669
17052,83.43730,26.83679
17053,83.43619,26.83712
17054,83.43719,26.83785
17055,83.43673,26.83769
17056,83.43934,26.83751
17057,83.43938,26.83749
17058,83.43928,26.83752
17059,83.43743,26.83784
17060,83.43656,26.83806
17061,83.43640,26.83873
17062,83.43664,26.83939
17063,83.43282,26.84016
17064,83.43788,26.83360
17065,83.43811,26.83429
17066,83.43759,26.83356
17067,83.43817,26.83429
17068,83.43716,26.83324
17069,83.43721,26.83363
17070,83.43755,26.83240
17071,83.43577,26.83023
17072,83.43573,26.83304
17073,83.43748,26.83520
17074,83.43712,26.83002
17075,83.43740,26.82998
17076,83.43729,26.83000
17077,83.44074,26.82527
17078,83.44135,26.82606
17079,83.44118,26.82566
17080,83.44099,26.82565
17081,83.44260,26.82935
17082,83.44214,26.82912
17083,83.44096,26.82699
17084,83.44092,26.82776
17085,83.44247,26.82733
17086,83.44253,26.82686
17087,83.44102,26.82422
17088,83.44102,26.82420
17089,83.44107,26.82414
17090,83.44111,26.82412
17091,83.44718,26.82744
17092,83.44773,26.82872
17093,83.44334,26.82927
17094,83.44108,26.82770
17095,83.44027,26.82799
17096,83.44046,26.82852
17097,83.44087,26.82956
17098,83.43971,26.82593
17099,83.43588,26.82544
17100,83.43544,26.82595
17101,83.43577,26.82579
17102,83.43833,26.82618
17103,83.43875,26.82983
17104,83.43523,26.82476
17105,83.43539,26.82469
17106,83.43512,26.82444
17107,83.43474,26.82462
17108,83.43479,26.82472
17109,83.43439,26.82460
17110,83.43493,26.82400
17111,83.43428,26.82430
17112,83.43511,26.82482
17113,83.43531,26.82492
17114,83.43562,26.82555
17115,83.43758,26.82997
17116,83.38986,26.78291
17117,83.41064,26.78541
17118,83.40919,26.78649
17119,83.40665,26.78716
17120,83.40633,26.78730
17121,83.40793,26.78693
17122,83.40891,26.78659
17123,83.40612,26.78484
17124,83.40596,26.78458
17125,83.40707,26.78936
17126,83.40692,26.78900
17127,83.40801,26.79014
17128,83.40842,26.78949
17129,83.41004,26.79036
17130,83.40947,26.79237
17131,83.40944,26.79071
17132,83.40944,26.79018
17133,83.40826,26.79083
17134,83.40718,26.79099
17135,83.40729,26.79166
17136,83.40786,26.79134
17137,83.40874,26.79108
17138,83.40827,26.79120
17139,83.40826,26.79197
17140,83.40384,26.78526
17141,83.40452,26.78499
17142,83.40012,26.78421
17143,83.40078,26.78399
17144,83.40050,26.78351
17145,83.39978,26.78297
17146,83.40007,26.78355
17147,83.39681,26.78364
17148,83.39772,26.78367
17149,83.39164,26.78554
17150,83.39156,26.78516
17151,83.38732,26.78500
17152,83.38572,26.78722
17153,83.38723,26.78760
17154,83.38946,26.78465
17155,83.44904,26.82693
17156,83.44806,26.82584
17157,83.44768,26.82601
17158,83.44959,26.82845
17159,83.44796,26.82707
17160,83.44764,26.82584
17161,83.44871,26.82469
17162,83.44771,26.82501
17163,83.44792,26.82574
17164,83.44594,26.82637
17165,83.45087,26.82952
17166,83.44908,26.82857
17167,83.45075,26.82999
17168,83.45122,26.82981
17169,83.45052,26.82871
17170,83.44965,26.82844
17171,83.44985,26.82896
17172,83.45027,26.82983
17173,83.45028,26.82829
17174,83.44985,26.83036
17175,83.44982,26.83052
17176,83.45135,26.83002
17177,83.44854,26.83079
17178,83.45062,26.83588
17179,83.44755,26.83520
17180,83.44808,26.83327
17181,83.44776,26.83340
17182,83.45021,26.83478
17183,83.45017,26.83479
17184,83.45013,26.83480
17185,83.44909,26.83491
17186,83.44935,26.83548
17187,83.44918,26.83553
17188,83.44863,26.83559
17189,83.44851,26.83561
17190,83.44813,26.83561
17191,83.44795,26.83419
17192,83.44912,26.83484
17193,83.44989,26.83394
17194,83.44984,26.83396
17195,83.44978,26.83399
17196,83.44926,26.83406
17197,83.44881,26.83421
17198,83.44823,26.83431
17199,83.44770,26.83668
17200,83.44855,26.83902
17201,83.44840,26.83913
17202,83.45015,26.83789
17203,83.44836,26.83847
17204,83.44829,26.83846
17205,83.45047,26.83848
17206,83.45043,26.83847
17207,83.45034,26.83843
17208,83.44960,26.83619
17209,83.44958,26.83612
17210,83.44903,26.83503
17211,83.44762,26.84092
17212,83.44728,26.84096
17213,83.44634,26.83838
17214,83.44611,26.83795
17215,83.44504,26.82907
17216,83.44807,26.83413
17217,83.44847,26.83471
17218,83.44761,26.83663
17219,83.44804,26.83815
17220,83.44794,26.83818
17221,83.44776,26.83822
17222,83.44707,26.83857
17223,83.44543,26.83726
17224,83.38975,26.80117
17225,83.39006,26.80056
17226,83.39000,26.80110
17227,83.38985,26.80061
17228,83.39080,26.80327
17229,83.39242,26.80317
17230,83.38714,26.80019
17231,83.38691,26.80196
17232,83.38736,26.80260
17233,83.38742,26.80220
17234,83.38726,26.80203
17235,83.38800,26.80393
17236,83.39041,26.80186
17237,83.40337,26.79726
17238,83.40641,26.79683
17239,83.40078,26.79805
17240,83.40163,26.79881
17241,83.40080,26.80036
17242,83.40252,26.80108
17243,83.40420,26.80186
17244,83.40580,26.80119
17245,83.40587,26.80082
17246,83.40593,26.80076
17247,83.40633,26.80042
17248,83.40757,26.80062
17249,83.40775,26.79929
17250,83.40724,26.80030
17251,83.40837,26.79942
17252,83.40794,26.79842
17253,83.40790,26.79912
17254,83.40778,26.79850
17255,83.40860,26.79817
17256,83.40839,26.79733
17257,83.40817,26.79620
17258,83.40723,26.79757
17259,83.40763,26.79751
17260,83.40773,26.79796
17261,83.40744,26.79851
17262,83.40693,26.79603
17263,83.40750,26.79689
17264,83.40739,26.79618
17265,83.40653,26.79752
17266,83.40200,26.79638
17267,83.40135,26.79658
17268,83.40175,26.79775
17269,83.40220,26.79762
17270,83.40179,26.79644
17271,83.40242,26.79755
17272,83.40225,26.79843
17273,83.40198,26.79768
17274,83.40273,26.79861
17275,83.40275,26.79814
17276,83.40238,26.79952
17277,83.40210,26.79871
17278,83.40191,26.79955
17279,83.40461,26.79970
17280,83.40453,26.79905
17281,83.40408,26.79905
17282,83.40449,26.79905
17283,83.40355,26.79799
17284,83.40351,26.79906
17285,83.40399,26.79831
17286,83.40242,26.79610
17287,83.40262,26.79551
17288,83.40265,26.79535
17289,83.40264,26.79488
17290,83.40308,26.79733
17291,83.40317,26.79730
17292,83.40335,26.79833
17293,83.40441,26.79831
17294,83.40273,26.79856
17295,83.40320,26.79853
17296,83.40350,26.79870
17297,83.40315,26.79834
17298,83.40304,26.79771
17299,83.40356,26.79763
17300,83.40327,26.79771
17301,83.40175,26.79573
17302,83.40317,26.79624
17303,83.40360,26.79606
17304,83.40346,26.79508
17305,83.40401,26.79601
17306,83.40391,26.79520
17307,83.40453,26.79609
17308,83.40447,26.79534
17309,83.40484,26.79602
17310,83.40483,26.79544
17311,83.40513,26.79608
17312,83.40514,26.79551
17313,83.40647,26.79343
17314,83.40634,26.79307
17315,83.40630,26.79293
17316,83.40607,26.79352
17317,83.40596,26.79316
17318,83.40558,26.79191
17319,83.40551,26.79163
17320,83.40676,26.79061
17321,83.40814,26.79573
17322,83.40827,26.79622
17323,83.40750,26.79554
17324,83.40765,26.79619
17325,83.40794,26.79587
17326,83.40800,26.79616
17327,83.40526,26.80018
17328,83.40515,26.79952
17329,83.40562,26.80008
17330,83.40551,26.79940
17331,83.40555,26.79968
17332,83.40600,26.80002
17333,83.43424,26.84049
17334,83.43580,26.83787
17335,83.43782,26.83117
17336,83.44862,26.83533
17337,83.44916,26.83521
17338,83.44965,26.83521
17339,83.44803,26.83449
17340,83.44877,26.82557
17341,83.44862,26.82496
17342,83.44808,26.82962
17343,83.44852,26.82954
17344,83.45059,26.83589
17345,83.45052,26.83590
17346,83.44983,26.83607
17347,83.44969,26.83562
17348,83.44896,26.83588
17349,83.45329,26.83343
17350,83.45064,26.82513
17351,83.45157,26.82800
17352,83.43487,26.84057
17353,83.44793,26.84184
17354,83.44747,26.84191
17355,83.44772,26.83538
17356,83.44781,26.83591
17357,83.45036,26.82936
17358,83.45092,26.82934
17359,83.44188,26.82584
17360,83.44160,26.82595
17361,83.44128,26.82589
17362,83.44155,26.82566
17363,83.44157,26.82583
17364,83.44164,26.82608
17365,83.44069,26.82571
17366,83.44099,26.82798
17367,83.44038,26.82829
17368,83.43667,26.83119
17369,83.43622,26.83123
17370,83.43618,26.83053
17371,83.43634,26.83296
17372,83.43635,26.83382
17373,83.43195,26.83376
17374,83.43074,26.83428
17375,83.43254,26.83395
17376,83.42545,26.84444
17377,83.42532,26.84407
17378,83.41179,26.85921
17379,83.41203,26.85895
17380,83.43609,26.83780
17381,83.43370,26.83561
17382,83.43657,26.83823
17383,83.43706,26.83811
17384,83.44730,26.83673
17385,83.44739,26.83670
17386,83.43751,26.83134
17387,83.40157,26.80026
17388,83.40160,26.79986
17389,83.40327,26.80035
17390,83.40336,26.80083
17391,83.40345,26.80022
17392,83.40355,26.80022
17393,83.40409,26.80076
17394,83.40296,26.80033
17395,83.40235,26.80046
17396,83.40224,26.80094
17397,83.40237,26.80101
17398,83.40191,26.80119
17399,83.40082,26.80154
17400,83.40210,26.80216
17401,83.40248,26.80181
17402,83.40204,26.80203
17403,83.40213,26.80171
17404,83.40171,26.80072
17405,83.40074,26.80143
17406,83.40356,26.80206
17407,83.40736,26.80231
17408,83.40694,26.80256
17409,83.40454,26.80249
17410,83.40427,26.80183
17411,83.40411,26.80456
17412,83.40508,26.80425
17413,83.40487,26.80432
17414,83.40459,26.80307
17415,83.40464,26.80345
17416,83.40529,26.80331
17417,83.40517,26.80283
17418,83.40539,26.80297
17419,83.40573,26.80288
17420,83.40590,26.80331
17421,83.40559,26.80253
17422,83.40435,26.80253
17423,83.40408,26.80190
17424,83.40378,26.80272
17425,83.40316,26.80219
17426,83.40293,26.80186
17427,83.40185,26.80310
17428,83.40096,26.80303
17429,83.40054,26.80307
17430,83.40063,26.80333
17431,83.40027,26.80360
17432,83.40013,26.80316
17433,83.39997,26.80394
17434,83.40018,26.80427
17435,83.40120,26.80563
17436,83.40040,26.80491
17437,83.40165,26.80113
17438,83.40156,26.80102
17439,83.40136,26.80060
17440,83.40031,26.79943
17441,83.40009,26.79914
17442,83.40047,26.79934
17443,83.40025,26.79904
17444,83.39642,26.79968
17445,83.39733,26.79679
17446,83.39708,26.79232
17447,83.39704,26.79157
17448,83.39796,26.79314
17449,83.39833,26.79307
17450,83.39901,26.79288
17451,83.39808,26.79338
17452,83.39798,26.79297
17453,83.39785,26.79273
17454,83.39821,26.79287
17455,83.39902,26.79341
17456,83.40244,26.79277
17457,83.40406,26.79227
17458,83.40388,26.79173
17459,83.39486,26.79270
17460,83.39929,26.78976
17461,83.39819,26.78991
17462,83.39921,26.78954
17463,83.39843,26.79042
17464,83.39851,26.78980
17465,83.39816,26.78914
17466,83.39884,26.78867
17467,83.39333,26.78961
17468,83.39353,26.78952
17469,83.39359,26.78949
17470,83.39378,26.78941
17471,83.39530,26.78680
17472,83.40039,26.78723
17473,83.40159,26.78570
17474,83.40138,26.78538
17475,83.40194,26.78612
17476,83.40225,26.78703
17477,83.40351,26.78704
17478,83.40401,26.78688
17479,83.40514,26.78527
17480,83.40407,26.78555
17481,83.39821,26.79445
17482,83.39823,26.79400
17483,83.39879,26.79400
17484,83.39863,26.79281
17485,83.39827,26.79298
17486,83.39166,26.79078
17487,83.39191,26.79065
17488,83.38669,26.79136
17489,83.38676,26.79152
17490,83.38687,26.79149
17491,83.39428,26.79467
17492,83.39411,26.79434
17493,83.39371,26.79447
17494,83.39435,26.79425
17495,83.39991,26.79634
17496,83.39039,26.79896
17497,83.38706,26.78834
17498,83.38747,26.78823
17499,83.38735,26.78782
17500,83.38795,26.78744
17501,83.40236,26.79573
17502,83.40678,26.81806
17503,83.40611,26.81686
17504,83.40576,26.81702
17505,83.40595,26.81734
17506,83.40607,26.81756
17507,83.40175,26.81801
17508,83.40150,26.81818
17509,83.40177,26.81862
17510,83.40266,26.81798
17511,83.40285,26.81837
17512,83.40239,26.81810
17513,83.40264,26.81761
17514,83.40293,26.81756
17515,83.47493,26.78830
17516,83.40327,26.81813
17517,83.40735,26.81580
17518,83.40649,26.81398
17519,83.40581,26.81258
17520,83.40555,26.81479
17521,83.40667,26.81436
17522,83.40200,26.81409
17523,83.40480,26.81508
17524,83.40396,26.81331
17525,83.40469,26.81302
17526,83.40537,26.81443
17527,83.40582,26.81425
17528,83.40534,26.81332
17529,83.40491,26.81347
17530,83.40604,26.81304
17531,83.40008,26.81474
17532,83.40004,26.81475
17533,83.40015,26.81479
17534,83.40012,26.81475
17535,83.40003,26.81477
17536,83.40003,26.81482
17537,83.40391,26.81333
17538,83.40233,26.81391
17539,83.39958,26.81498
17540,83.39911,26.81290
17541,83.39919,26.81278
17542,83.39919,26.81289
17543,83.39911,26.81276
17544,83.39905,26.81285
17545,83.40174,26.81182
17546,83.40471,26.81301
17547,83.39921,26.81282
17548,83.40138,26.81199
17549,83.40201,26.81326
17550,83.40438,26.81236
17551,83.40572,26.81182
17552,83.40406,26.81171
17553,83.40437,26.81234
17554,83.40623,26.81161
17555,83.40299,26.81371
17556,83.40297,26.81366
17557,83.40330,26.81359
17558,83.40328,26.81354
17559,83.40197,26.81405
17560,83.39981,26.81259
17561,83.39979,26.81254
17562,83.40324,26.81279
17563,83.40262,26.81148
17564,83.40171,26.81265
17565,83.40293,26.81216
17566,83.40827,26.81498
17567,83.40743,26.81509
17568,83.40775,26.81605
17569,83.40600,26.81509
17570,83.40686,26.81477
17571,83.40758,26.81332
17572,83.40642,26.81031
17573,83.40485,26.81018
17574,83.40698,26.81051
17575,83.40705,26.81288
17576,83.40716,26.81219
17577,83.40778,26.81261
17578,83.40865,26.81248
17579,83.40372,26.81107
17580,83.40513,26.81013
17581,83.40516,26.81047
17582,83.40581,26.81127
17583,83.40778,26.81132
17584,83.40737,26.81148
17585,83.40817,26.80969
17586,83.40767,26.80980
17587,83.40616,26.80987
17588,83.40625,26.81025
17589,83.40592,26.80909
17590,83.40580,26.80872
17591,83.40714,26.81056
17592,83.40693,26.80994
17593,83.40604,26.80948
17594,83.40700,26.80922
17595,83.40790,26.80904
17596,83.40759,26.80795
17597,83.40735,26.80699
17598,83.40708,26.80953
17599,83.40580,26.81018
17600,83.40502,26.80816
17601,83.40529,26.80886
17602,83.40772,26.80842
17603,83.40639,26.80895
17604,83.40424,26.80600
17605,83.40385,26.80491
17606,83.40383,26.80487
17607,83.40372,26.80452
17608,83.40592,26.80652
17609,83.40662,26.80708
17610,83.40638,26.80639
17611,83.40710,26.80700
17612,83.40682,26.80626
17613,83.40752,26.80689
17614,83.40725,26.80613
17615,83.40566,26.80719
17616,83.40545,26.80668
17617,83.40689,26.80799
17618,83.40678,26.80864
17619,83.40661,26.80805
17620,83.40650,26.80750
17621,83.40667,26.80804
17622,83.40507,26.80680
17623,83.40504,26.80526
17624,83.40507,26.80644
17625,83.40466,26.80553
17626,83.40606,26.80648
17627,83.40549,26.80514
17628,83.40630,26.80605
17629,83.40598,26.80511
17630,83.40582,26.80469
17631,83.40642,26.80458
17632,83.40687,26.80571
17633,83.40676,26.80544
17634,83.40727,26.80613
17635,83.40715,26.80566
17636,83.40737,26.80446
17637,83.40839,26.80691
17638,83.40816,26.80588
17639,83.40717,26.80510
17640,83.40702,26.80450
17641,83.40395,26.80521
17642,83.40498,26.80480
17643,83.40639,26.80411
17644,83.40640,26.80415
17645,83.40656,26.80455
17646,83.40776,26.80442
17647,83.40776,26.80435
17648,83.40776,26.80427
17649,83.40751,26.80361
17650,83.40694,26.80374
17651,83.40790,26.80348
17652,83.40775,26.80319
17653,83.40827,26.80419
17654,83.40829,26.80423
17655,83.40830,26.80434
17656,83.40333,26.80450
17657,83.40316,26.80319
17658,83.40129,26.80358
17659,83.40199,26.80333
17660,83.40132,26.80474
17661,83.40193,26.80452
17662,83.40233,26.80502
17663,83.40174,26.80421
17664,83.40172,26.80459
17665,83.40061,26.80491
17666,83.40128,26.80394
17667,83.39949,26.80446
17668,83.39913,26.80420
17669,83.39506,26.80455
17670,83.39398,26.80598
17671,83.39424,26.80644
17672,83.39481,26.80467
17673,83.39454,26.80620
17674,83.39488,26.80678
17675,83.39615,26.80758
17676,83.39563,26.80654
17677,83.39521,26.80668
17678,83.39570,26.80757
17679,83.39683,26.80684
17680,83.39732,26.80810
17681,83.39659,26.80750
17682,83.39716,26.80768
17683,83.39640,26.80700
17684,83.39758,26.80673
17685,83.39793,26.80788
17686,83.39780,26.80745
17687,83.39807,26.80657
17688,83.39822,26.80587
17689,83.39857,26.80479
17690,83.39895,26.80519
17691,83.39718,26.80474
17692,83.39824,26.80591
17693,83.40008,26.80632
17694,83.39961,26.80543
17695,83.39921,26.80739
17696,83.39900,26.80707
17697,83.40613,26.82216
17698,83.40308,26.82003
17699,83.39948,26.81501
17700,83.39856,26.81308
17701,83.39639,26.80839
17702,83.39985,26.80648
17703,83.40262,26.80743
17704,83.40264,26.80747
17705,83.40278,26.80774
17706,83.40243,26.80714
17707,83.40304,26.80726
17708,83.40305,26.80728
17709,83.40335,26.80717
17710,83.40345,26.80722
17711,83.40186,26.80616
17712,83.40256,26.80586
17713,83.40217,26.80510
17714,83.40351,26.80672
17715,83.40395,26.80645
17716,83.40398,26.80602
17717,83.40348,26.80604
17718,83.40085,26.80794
17719,83.40140,26.80764
17720,83.40170,26.80752
17721,83.40186,26.80776
17722,83.40188,26.80778
17723,83.40275,26.80899
17724,83.40208,26.80873
17725,83.40377,26.80858
17726,83.40232,26.80963
17727,83.40261,26.80905
17728,83.40037,26.80696
17729,83.40058,26.80756
17730,83.40108,26.80823
17731,83.40110,26.80826
17732,83.40124,26.80841
17733,83.40117,26.80894
17734,83.40137,26.80843
17735,83.40193,26.80857
17736,83.40174,26.80819
17737,83.40158,26.80792
17738,83.40156,26.80790
17739,83.39980,26.80738
17740,83.40000,26.80781
17741,83.39962,26.80795
17742,83.39953,26.80778
17743,83.39994,26.80856
17744,83.40010,26.80882
17745,83.40096,26.80809
17746,83.39823,26.80994
17747,83.40346,26.81028
17748,83.40301,26.80889
17749,83.40376,26.80937
17750,83.40344,26.80871
17751,83.40417,26.80935
17752,83.40476,26.80874
17753,83.40456,26.80832
17754,83.40399,26.81015
17755,83.40476,26.80952
17756,83.40544,26.80924
17757,83.40492,26.80988
17758,83.40436,26.81023
17759,83.40414,26.80973
17760,83.40614,26.81116
17761,83.40577,26.81018
17762,83.40356,26.81343
17763,83.39813,26.82108
17764,83.39847,26.82140
17765,83.40310,26.82165
17766,83.40292,26.82134
17767,83.40326,26.80595
17768,83.40283,26.80584
17769,83.40288,26.80530
17770,83.39235,26.80921
17771,83.39223,26.80889
17772,83.38692,26.80559
17773,83.38672,26.80511
17774,83.39067,26.80359
17775,83.39087,26.80416
17776,83.38925,26.81071
17777,83.39124,26.81416
17778,83.38694,26.80564
17779,83.38901,26.80480
17780,83.24765,26.90029
17781,83.47634,26.78870
17782,83.47595,26.78971
17783,83.47649,26.79053
17784,83.47650,26.79111
17785,83.47598,26.78996
17786,83.47555,26.78852
17787,83.47706,26.79049
17788,83.48613,26.78797
17789,83.46169,26.84316
17790,83.46387,26.83749
17791,83.46382,26.83694
17792,83.46288,26.83622
17793,83.46334,26.83614
17794,83.46146,26.83288
17795,83.46126,26.83222
17796,83.46135,26.83177
17797,83.46565,26.82705
17798,83.46628,26.82687
17799,83.46720,26.83819
17800,83.45565,26.82712
17801,83.46151,26.82431
17802,83.46203,26.82555
17803,83.46106,26.82767
17804,83.45968,26.83207
17805,83.46090,26.83608
17806,83.46264,26.83803
17807,83.46401,26.83922
17808,83.46210,26.82552
17809,83.46067,26.82612
17810,83.46103,26.82758
17811,83.46268,26.83148
17812,83.46345,26.82485
17813,83.46402,26.82567
17814,83.46592,26.82632
17815,83.46648,26.82771
17816,83.46721,26.83017
17817,83.46548,26.83064
17818,83.46588,26.83207
17819,83.45683,26.83336
17820,83.45657,26.83966
17821,83.45804,26.84367
17822,83.46232,26.83774
17823,83.46198,26.83785
17824,83.46313,26.84277
17825,83.46183,26.84309
17826,83.46797,26.84133
17827,83.47045,26.84013
17828,83.47185,26.84028
17829,83.47064,26.84232
17830,83.46678,26.84287
17831,83.47092,26.84312
17832,83.46960,26.83804
17833,83.46640,26.83485
17834,83.46642,26.83497
17835,83.46727,26.83850
17836,83.46987,26.83588
17837,83.46352,26.83764
17838,83.46545,26.83652
17839,83.46687,26.83676
17840,83.46948,26.83483
17841,83.46341,26.83642
17842,83.46321,26.83558
17843,83.46468,26.83704
17844,83.46500,26.83700
17845,83.47595,26.82587
17846,83.46818,26.82553
17847,83.46465,26.82721
17848,83.45426,26.84143
17849,83.45989,26.83316
17850,83.45701,26.83332
17851,83.46142,26.82480
17852,83.46106,26.82766
17853,83.45929,26.83870
17854,83.45942,26.83866
17855,83.46635,26.84177
17856,83.46234,26.83777
17857,83.46220,26.83865
17858,83.46301,26.83836
17859,83.46292,26.83842
17860,83.46300,26.83837
17861,83.46728,26.83852
17862,83.46686,26.83674
17863,83.46406,26.83680
17864,83.46481,26.83521
17865,83.46198,26.83583
17866,83.46342,26.83645
17867,83.46285,26.83139
17868,83.46250,26.83285
17869,83.46243,26.83254
17870,83.46148,26.83180
17871,83.46458,26.82696
17872,83.46507,26.82660
17873,83.46139,26.82435
17874,83.46148,26.82432
17875,83.46847,26.83078
17876,83.46658,26.83112
17877,83.46554,26.83533
17878,83.47233,26.83455
17879,83.46903,26.83625
17880,83.46585,26.83873
17881,83.46486,26.83730
17882,83.47107,26.83778
17883,83.47204,26.84210
17884,83.46781,26.84321
17885,83.46795,26.84269
17886,83.47046,26.84235
17887,83.46990,26.84050
17888,83.46862,26.83643
17889,83.47022,26.83686
17890,83.47007,26.83652
17891,83.47003,26.83753
17892,83.46979,26.83713
17893,83.46934,26.83709
17894,83.46861,26.83750
17895,83.47615,26.78431
17896,83.47964,26.78362
17897,83.43648,26.91561
17898,83.47927,26.79621
17899,83.47949,26.79597
17900,83.47838,26.78914
17901,83.47831,26.78872
17902,83.47763,26.78890
17903,83.47768,26.78807
17904,83.47632,26.78978
17905,83.40469,26.74907
17906,83.40458,26.74907
17907,83.40471,26.74915
17908,83.40459,26.74916
17909,83.40397,26.75219
17910,83.40742,26.75853
17911,83.40797,26.75851
17912,83.40771,26.75852
17913,83.40807,26.75939
17914,83.40813,26.75964
17915,83.40841,26.76008
17916,83.40846,26.76057
17917,83.40750,26.76062
17918,83.40823,26.76081
17919,83.40787,26.76059
17920,83.40768,26.75983
17921,83.40744,26.76026
17922,83.40738,26.76006
17923,83.40787,26.76097
17924,83.40749,26.76048
17925,83.40714,26.75978
17926,83.40703,26.76011
17927,83.40567,26.76196
17928,83.40633,26.76188
17929,83.40546,26.76263
17930,83.40666,26.76049
17931,83.40611,26.75860
17932,83.40614,26.76156
17933,83.40462,26.75893
17934,83.40552,26.76160
17935,83.40448,26.76184
17936,83.40470,26.76236
17937,83.40412,26.76196
17938,83.40440,26.76266
17939,83.40404,26.76136
17940,83.40420,26.76194
17941,83.40382,26.76058
17942,83.40430,26.76041
17943,83.40367,26.76026
17944,83.40414,26.76006
17945,83.40356,26.76002
17946,83.40400,26.75983
17947,83.40402,26.75919
17948,83.40474,26.76078
17949,83.40388,26.75951
17950,83.40341,26.75971
17951,83.40166,26.76299
17952,83.40196,26.76342
17953,83.40197,26.76288
17954,83.40221,26.76330
17955,83.40227,26.76278
17956,83.40254,26.76316
17957,83.40264,26.76263
17958,83.40292,26.76303
17959,83.40246,26.76180
17960,83.40275,26.76162
17961,83.40297,26.76211
17962,83.40335,26.76069
17963,83.40138,26.75973
17964,83.40104,26.76117
17965,83.40151,26.76101
17966,83.40103,26.75988
17967,83.40054,26.76014
17968,83.40066,26.76059
17969,83.40055,26.76103
17970,83.40045,26.76083
17971,83.40020,26.76083
17972,83.40263,26.76022
17973,83.40282,26.75969
17974,83.40303,26.76016
17975,83.40128,26.75874
17976,83.40144,26.75909
17977,83.40080,26.75941
17978,83.40228,26.75834
17979,83.40212,26.75907
17980,83.40234,26.75873
17981,83.40245,26.75894
17982,83.40215,26.75929
17983,83.40243,26.75985
17984,83.40212,26.75801
17985,83.40334,26.75818
17986,83.40381,26.75803
17987,83.40535,26.75727
17988,83.40543,26.75770
17989,83.40559,26.75725
17990,83.40645,26.75708
17991,83.39630,26.76127
17992,83.39638,26.76132
17993,83.39930,26.76256
17994,83.39888,26.76277
17995,83.39949,26.76218
17996,83.39998,26.76264
17997,83.39924,26.76177
17998,83.39871,26.76207
17999,83.39841,26.76175
18000,83.39819,26.76191
18001,83.39810,26.76180
18002,83.39863,26.76246
18003,83.39738,26.76225
18004,83.39789,26.76287
18005,83.39705,26.76273
18006,83.39684,26.76269
18007,83.39661,26.76255
18008,83.40180,26.75775
18009,83.40832,26.75423
18010,83.40757,26.75439
18011,83.39905,26.75995
18012,83.39975,26.76106
18013,83.39762,26.76054
18014,83.39799,26.76079
18015,83.39684,26.76082
18016,83.39716,26.76106
18017,83.39750,26.76134
18018,83.39806,26.76004
18019,83.39625,26.76205
18020,83.39660,26.76231
18021,83.39770,26.75982
18022,83.39759,26.75975
18023,83.39652,26.76239
18024,83.39708,26.76275
18025,83.39959,26.75277
18026,83.39998,26.75267
18027,83.40093,26.75181
18028,83.40142,26.75156
18029,83.40112,26.75165
18030,83.40119,26.75188
18031,83.40107,26.75147
18032,83.39927,26.75190
18033,83.39939,26.75165
18034,83.39990,26.75099
18035,83.39881,26.75097
18036,83.39890,26.75126
18037,83.40085,26.75038
18038,83.40092,26.75089
18039,83.40182,26.75100
18040,83.40163,26.75041
18041,83.40220,26.75037
18042,83.40235,26.75080
18043,83.40190,26.75166
18044,83.40148,26.75178
18045,83.40232,26.75162
18046,83.40347,26.75286
18047,83.40393,26.75272
18048,83.40282,26.75315
18049,83.40291,26.75329
18050,83.40292,26.75405
18051,83.40297,26.75357
18052,83.40678,26.74976
18053,83.40668,26.74898
18054,83.31291,26.65762
18055,83.47912,26.80278
18056,83.47915,26.80286
18057,83.31354,26.66577
18058,83.30094,26.66631
18059,83.30049,26.66631
18060,83.29895,26.66661
18061,83.29894,26.66723
18062,83.31230,26.68140
18063,83.31222,26.68170
18064,83.32100,26.66777
18065,83.29542,26.66415
18066,83.30081,26.66375
18067,83.31237,26.68328
18068,83.31177,26.68209
18069,83.31112,26.68226
18070,83.31028,26.68068
18071,83.30998,26.68074
18072,83.30915,26.67953
18073,83.30664,26.67589
18074,83.29866,26.66971
18075,83.29830,26.66768
18076,83.30362,26.67284
18077,83.31072,26.68128
18078,83.31102,26.68173
18079,83.31148,26.68128
18080,83.31138,26.68098
18081,83.31020,26.67160
18082,83.31730,26.66855
18083,83.31613,26.66963
18084,83.31643,26.66850
18085,83.31590,26.66863
18086,83.31705,26.66659
18087,83.31535,26.66660
18088,83.31524,26.66631
18089,83.31655,26.66592
18090,83.31650,26.66579
18091,83.31505,26.66607
18092,83.31814,26.66834
18093,83.31779,26.66744
18094,83.31633,26.66544
18095,83.31491,26.66558
18096,83.31419,26.66546
18097,83.30101,26.66632
18098,83.29874,26.66395
18099,83.31443,26.66579
18100,83.31564,26.66815
18101,83.31519,26.66769
18102,83.31595,26.66892
18103,83.30376,26.66925
18104,83.30096,26.66652
18105,83.30099,26.66709
18106,83.29941,26.66647
18107,83.29979,26.66717
18108,83.35281,26.74283
18109,83.35337,26.74275
18110,83.35335,26.74270
18111,83.35328,26.74239
18112,83.35438,26.74247
18113,83.35263,26.74372
18114,83.35285,26.74257
18115,83.35210,26.74186
18116,83.35209,26.74176
18117,83.35186,26.74229
18118,83.35185,26.74183
18119,83.35212,26.74224
18120,83.35113,26.74197
18121,83.35277,26.74183
18122,83.35307,26.74148
18123,83.35308,26.74177
18124,83.35359,26.74123
18125,83.35464,26.74300
18126,83.35500,26.74229
18127,83.35515,26.74213
18128,83.35475,26.74257
18129,83.35591,26.74336
18130,83.35656,26.74159
18131,83.35623,26.74237
18132,83.35708,26.74213
18133,83.36028,26.74323
18134,83.36035,26.74258
18135,83.36238,26.74224
18136,83.36243,26.74275
18137,83.36235,26.74225
18138,83.36003,26.74180
18139,83.36077,26.74144
18140,83.36052,26.74247
18141,83.36087,26.74230
18142,83.36112,26.74154
18143,83.35864,26.74193
18144,83.35901,26.74274
18145,83.35882,26.74225
18146,83.35883,26.74178
18147,83.35301,26.73881
18148,83.35304,26.73965
18149,83.35330,26.73980
18150,83.35246,26.74098
18151,83.35058,26.74272
18152,83.35285,26.73942
18153,83.35324,26.73977
18154,83.35340,26.73902
18155,83.35471,26.73848
18156,83.35214,26.73780
18157,83.35345,26.73760
18158,83.35389,26.73758
18159,83.35540,26.73675
18160,83.35533,26.73634
18161,83.35590,26.73710
18162,83.35550,26.73718
18163,83.35584,26.73675
18164,83.35635,26.74121
18165,83.35548,26.74150
18166,83.35183,26.74229
18167,83.35218,26.74264
18168,83.35132,26.74007
18169,83.35166,26.73978
18170,83.35173,26.73999
18171,83.35249,26.74094
18172,83.35322,26.74132
18173,83.35314,26.74084
18174,83.35299,26.74050
18175,83.35347,26.74069
18176,83.35267,26.74065
18177,83.35313,26.74082
18178,83.35393,26.74080
18179,83.35411,26.74106
18180,83.35471,26.74045
18181,83.35482,26.74089
18182,83.35589,26.74007
18183,83.35624,26.74004
18184,83.35514,26.74007
18185,83.35621,26.73949
18186,83.35581,26.73988
18187,83.35547,26.73958
18188,83.35536,26.73922
18189,83.35486,26.73914
18190,83.35406,26.73971
18191,83.35527,26.73880
18192,83.35541,26.73922
18193,83.35558,26.73885
18194,83.35564,26.73914
18195,83.35532,26.73785
18196,83.35673,26.73754
18197,83.35689,26.73785
18198,83.35505,26.73557
18199,83.35506,26.73627
18200,83.35455,26.73536
18201,83.35443,26.73610
18202,83.35352,26.73591
18203,83.35420,26.73531
18204,83.35619,26.73511
18205,83.35558,26.73520
18206,83.35568,26.73464
18207,83.35614,26.73497
18208,83.35620,26.73469
18209,83.35437,26.73517
18210,83.35562,26.73497
18211,83.35514,26.73451
18212,83.35517,26.73413
18213,83.35472,26.73449
18214,83.35469,26.73408
18215,83.35339,26.73433
18216,83.35316,26.73516
18217,83.35367,26.73529
18218,83.35325,26.73536
18219,83.35311,26.73585
18220,83.35294,26.73579
18221,83.35066,26.73340
18222,83.35353,26.73654
18223,83.35621,26.73389
18224,83.35677,26.73285
18225,83.35737,26.73265
18226,83.35748,26.73305
18227,83.35725,26.73219
18228,83.35754,26.73229
18229,83.35729,26.73233
18230,83.35690,26.73395
18231,83.35655,26.73292
18232,83.35687,26.73242
18233,83.35870,26.73051
18234,83.35715,26.73094
18235,83.35689,26.73106
18236,83.35770,26.73075
18237,83.35746,26.73182
18238,83.35946,26.73250
18239,83.35888,26.73253
18240,83.35904,26.73304
18241,83.36029,26.73431
18242,83.36007,26.73336
18243,83.36120,26.73293
18244,83.36109,26.73374
18245,83.36219,26.73446
18246,83.36174,26.73335
18247,83.36151,26.73284
18248,83.36206,26.73297
18249,83.36164,26.73312
18250,83.36214,26.73324
18251,83.36126,26.73324
18252,83.36130,26.73348
18253,83.36185,26.73362
18254,83.36156,26.73367
18255,83.36183,26.73357
18256,83.36071,26.73649
18257,83.36112,26.73614
18258,83.36090,26.73598
18259,83.36223,26.73568
18260,83.36204,26.73606
18261,83.36228,26.73624
18262,83.36225,26.73680
18263,83.36230,26.73623
18264,83.35815,26.73610
18265,83.35942,26.73604
18266,83.35861,26.73707
18267,83.35880,26.73652
18268,83.35843,26.73645
18269,83.35938,26.73661
18270,83.35697,26.73620
18271,83.35719,26.73617
18272,83.30738,26.67829
18273,83.30465,26.67339
18274,83.30233,26.68143
18275,83.30236,26.68150
18276,83.30255,26.68214
18277,83.30546,26.68063
18278,83.30249,26.68295
18279,83.30990,26.68243
18280,83.30935,26.68266
18281,83.31473,26.68303
18282,83.43139,26.73428
18283,83.43144,26.73762
18284,83.43249,26.73832
18285,83.43345,26.73924
18286,83.43290,26.73831
18287,83.43323,26.73817
18288,83.43249,26.73776
18289,83.43335,26.73758
18290,83.43303,26.73769
18291,83.43374,26.73904
18292,83.43325,26.73819
18293,83.43405,26.73881
18294,83.43392,26.73781
18295,83.43439,26.73856
18296,83.43488,26.73824
18297,83.43438,26.73718
18298,83.43418,26.73697
18299,83.43319,26.73944
18300,83.43317,26.73673
18301,83.43401,26.73884
18302,83.43500,26.74035
18303,83.43541,26.74098
18304,83.43339,26.73929
18305,83.43435,26.74075
18306,83.43477,26.74136
18307,83.43283,26.73967
18308,83.43379,26.74110
18309,83.43422,26.74173
18310,83.43380,26.74203
18311,83.43217,26.73847
18312,83.43153,26.73961
18313,83.43197,26.74024
18314,83.43157,26.73911
18315,83.43182,26.73901
18316,83.43227,26.73864
18317,83.43225,26.74005
18318,83.43173,26.73945
18319,83.43182,26.73938
18320,83.43160,26.74049
18321,83.43256,26.74164
18322,83.43231,26.74185
18323,83.43269,26.74178
18324,83.43131,26.74175
18325,83.43150,26.74154
18326,83.43208,26.74206
18327,83.43220,26.74250
18328,83.43191,26.74276
18329,83.43271,26.74251
18330,83.43198,26.74300
18331,83.43142,26.74304
18332,83.43121,26.74279
18333,83.43110,26.74268
18334,83.43151,26.74243
18335,83.43227,26.74305
18336,83.43523,26.72812
18337,83.43549,26.72193
18338,83.43466,26.72310
18339,83.43396,26.72419
18340,83.43409,26.72568
18341,83.43403,26.72562
18342,83.43315,26.72487
18343,83.43310,26.72484
18344,83.43307,26.72482
18345,83.43293,26.72564
18346,83.43299,26.72712
18347,83.43187,26.72789
18348,83.43214,26.72676
18349,83.43117,26.72852
18350,83.43338,26.72333
18351,83.43327,26.72312
18352,83.43255,26.72339
18353,83.43326,26.72309
18354,83.43250,26.72381
18355,83.43308,26.72400
18356,83.43327,26.72452
18357,83.43261,26.72536
18358,83.43345,26.72427
18359,83.43091,26.72703
18360,83.30139,26.68326
18361,83.30114,26.68284
18362,83.30077,26.68296
18363,83.30196,26.68214
18364,83.29854,26.68235
18365,83.29803,26.68105
18366,83.29715,26.68136
18367,83.30242,26.68262
18368,83.43620,26.72399
18369,83.43636,26.72436
18370,83.43620,26.72339
18371,83.43688,26.72435
18372,83.43839,26.72551
18373,83.43823,26.72560
18374,83.43839,26.72594
18375,83.43785,26.72521
18376,83.43808,26.72568
18377,83.43776,26.72470
18378,83.43799,26.72516
18379,83.44027,26.72523
18380,83.44070,26.72283
18381,83.44064,26.72336
18382,83.43972,26.72515
18383,83.44002,26.72445
18384,83.43818,26.72603
18385,83.43843,26.72658
18386,83.43831,26.72744
18387,83.43893,26.72571
18388,83.43960,26.72589
18389,83.43940,26.72649
18390,83.43961,26.72715
18391,83.43896,26.72664
18392,83.43905,26.72692
18393,83.43917,26.72725
18394,83.43950,26.72680
18395,83.43856,26.72706
18396,83.43867,26.72737
18397,83.43847,26.72679
18398,83.44041,26.72697
18399,83.44018,26.72632
18400,83.44106,26.72606
18401,83.44030,26.72347
18402,83.44114,26.72402
18403,83.44143,26.72396
18404,83.44115,26.72225
18405,83.44127,26.72341
18406,83.44190,26.72582
18407,83.44299,26.72590
18408,83.44134,26.72451
18409,83.44172,26.72535
18410,83.44221,26.72609
18411,83.44125,26.72663
18412,83.44200,26.72530
18413,83.43840,26.86771
18414,83.44175,26.86438
18415,83.31682,26.66806
18416,83.31624,26.66790
18417,83.31960,26.66379
18418,83.35903,26.73412
18419,83.33030,26.92167
18420,83.35164,26.74144
18421,83.35806,26.74250
18422,83.35836,26.74219
18423,83.35908,26.74187
18424,83.35978,26.74172
18425,83.35952,26.74114
18426,83.35925,26.74231
18427,83.35888,26.74242
18428,83.36013,26.74206
18429,83.35995,26.74163
18430,83.36030,26.74194
18431,83.36020,26.74173
18432,83.36353,26.74085
18433,83.36391,26.74142
18434,83.36415,26.74194
18435,83.36297,26.74216
18436,83.36398,26.74156
18437,83.36235,26.74222
18438,83.36308,26.74192
18439,83.36283,26.74247
18440,83.36271,26.74192
18441,83.36275,26.74243
18442,83.36288,26.74159
18443,83.36281,26.74107
18444,83.36180,26.74044
18445,83.35997,26.74082
18446,83.36010,26.73571
18447,83.35983,26.73600
18448,83.35972,26.73427
18449,83.35996,26.73545
18450,83.36096,26.73521
18451,83.36081,26.73436
18452,83.36100,26.73532
18453,83.36107,26.73563
18454,83.36336,26.73453
18455,83.36261,26.73167
18456,83.36153,26.73217
18457,83.36171,26.73278
18458,83.36145,26.73286
18459,83.36127,26.73225
18460,83.35938,26.73152
18461,83.36070,26.73374
18462,83.34271,26.73483
18463,83.34283,26.73309
18464,83.34292,26.73391
18465,83.34297,26.73310
18466,83.34422,26.73407
18467,83.34434,26.73321
18468,83.36355,26.73445
18469,83.36375,26.73445
18470,83.36027,26.73423
18471,83.36076,26.73427
18472,83.36215,26.73437
18473,83.36131,26.73431
18474,83.35443,26.73370
18475,83.35470,26.73310
18476,83.35514,26.73248
18477,83.35537,26.73210
18478,83.35435,26.73299
18479,83.35490,26.73280
18480,83.35561,26.73191
18481,83.35572,26.73267
18482,83.35423,26.73368
18483,83.35309,26.73230
18484,83.35226,26.73153
18485,83.35511,26.73252
18486,83.35573,26.73259
18487,83.35592,26.73163
18488,83.35723,26.72955
18489,83.35746,26.73116
18490,83.35733,26.73087
18491,83.35929,26.73089
18492,83.35943,26.73150
18493,83.36169,26.73062
18494,83.35983,26.73108
18495,83.36161,26.73056
18496,83.36194,26.73045
18497,83.36216,26.72962
18498,83.35989,26.72983
18499,83.36040,26.72963
18500,83.35987,26.73023
18501,83.35971,26.72991
18502,83.35870,26.73052
18503,83.35919,26.73003
18504,83.36031,26.72748
18505,83.36048,26.72660
18506,83.35974,26.72697
18507,83.36078,26.72772
18508,83.36064,26.72734
18509,83.36068,26.73010
18510,83.36127,26.73031
18511,83.36028,26.72790
18512,83.35970,26.72973
18513,83.36124,26.74041
18514,83.35787,26.73761
18515,83.35776,26.73838
18516,83.35798,26.73877
18517,83.35924,26.73821
18518,83.35860,26.73867
18519,83.35862,26.73893
18520,83.35856,26.73851
18521,83.35624,26.74022
18522,83.35714,26.73966
18523,83.35716,26.73904
18524,83.35727,26.73952
18525,83.35669,26.73997
18526,83.35786,26.73998
18527,83.35789,26.73996
18528,83.35840,26.73969
18529,83.35758,26.73967
18530,83.35749,26.73944
18531,83.35772,26.73957
18532,83.35796,26.74032
18533,83.35828,26.74013
18534,83.35746,26.74197
18535,83.35741,26.74005
18536,83.35735,26.74083
18537,83.35745,26.74164
18538,83.35076,26.74192
18539,83.35255,26.73999
18540,83.35271,26.74061
18541,83.35258,26.73947
18542,83.35218,26.73960
18543,83.35113,26.74169
18544,83.35116,26.74196
18545,83.35558,26.74209
18546,83.35590,26.74220
18547,83.35330,26.74363
18548,83.35346,26.74298
18549,83.35589,26.74309
18550,83.35649,26.74297
18551,83.35488,26.74339
18552,83.35551,26.74308
18553,83.43121,26.75366
18554,83.43225,26.75052
18555,83.29694,26.85985
18556,83.29721,26.86119
18557,83.40726,26.84823
18558,83.40687,26.84380
18559,83.40428,26.84461
18560,83.40697,26.84449
18561,83.40684,26.85948
18562,83.40690,26.85976
18563,83.40680,26.85932
18564,83.40470,26.86016
18565,83.40568,26.85995
18566,83.40665,26.86250
18567,83.38390,26.83399
18568,83.38337,26.83392
18569,83.37837,26.83601
18570,83.37865,26.84160
18571,83.37910,26.84225
18572,83.38181,26.85323
18573,83.38048,26.85409
18574,83.30942,26.85958
18575,83.31177,26.85917
18576,83.30434,26.86001
18577,83.30809,26.86158
18578,83.31975,26.84853
18579,83.31646,26.85122
18580,83.31414,26.84361
18581,83.31098,26.84665
18582,83.31847,26.69684
18583,83.31908,26.70051
18584,83.32793,26.69167
18585,83.33309,26.70160
18586,83.33341,26.70229
18587,83.33276,26.70261
18588,83.33693,26.70122
18589,83.33601,26.70020
18590,83.33565,26.69972
18591,83.33267,26.69105
18592,83.32641,26.69190
18593,83.32559,26.69190
18594,83.32546,26.69196
18595,83.32521,26.69207
18596,83.32112,26.69238
18597,83.32108,26.69239
18598,83.32102,26.69242
18599,83.33905,26.68579
18600,83.34099,26.68521
18601,83.33695,26.68656
18602,83.33926,26.68362
18603,83.33675,26.68653
18604,83.33489,26.68566
18605,83.33386,26.68464
18606,83.33385,26.68461
18607,83.33343,26.68307
18608,83.33769,26.69075
18609,83.33821,26.69335
18610,83.33903,26.69640
18611,83.33981,26.69892
18612,83.30355,26.85868
18613,83.30347,26.85856
18614,83.30328,26.85831
18615,83.30260,26.85908
18616,83.29818,26.85663
18617,83.32470,26.69208
18618,83.32221,26.69549
18619,83.32349,26.69855
18620,83.32100,26.69894
18621,83.32419,26.70034
18622,83.31944,26.70160
18623,83.31926,26.70101
18624,83.31858,26.70135
18625,83.29860,26.84454
18626,83.29907,26.84500
18627,83.30008,26.84638
18628,83.30041,26.84694
18629,83.30135,26.84795
18630,83.30148,26.84881
18631,83.30193,26.85375
18632,83.30362,26.85818
18633,83.29739,26.84419
18634,83.29645,26.84456
18635,83.29707,26.84367
18636,83.29806,26.84329
18637,83.29816,26.84345
18638,83.29639,26.84441
18639,83.29687,26.84404
18640,83.29733,26.84356
18641,83.29763,26.84558
18642,83.29929,26.84526
18643,83.29844,26.84706
18644,83.29973,26.84937
18645,83.29936,26.84834
18646,83.29858,26.84850
18647,83.29820,26.84982
18648,83.29647,26.85038
18649,83.29586,26.84875
18650,83.29660,26.84852
18651,83.29761,26.84834
18652,83.29870,26.84762
18653,83.29669,26.84595
18654,83.29757,26.84783
18655,83.29620,26.85658
18656,83.29673,26.85694
18657,83.29645,26.85696
18658,83.29630,26.85694
18659,83.29424,26.85694
18660,83.29225,26.85718
18661,83.30195,26.85834
18662,83.33695,26.69892
18663,83.33887,26.69600
18664,83.33714,26.69643
18665,83.33470,26.69750
18666,83.33630,26.69917
18667,83.29954,26.85897
18668,83.29983,26.86031
18669,83.29681,26.85983
18670,83.29623,26.85808
18671,83.29618,26.85808
18672,83.29641,26.85835
18673,83.29656,26.85819
18674,83.29651,26.85795
18675,83.29715,26.85803
18676,83.33754,26.70066
18677,83.33685,26.69939
18678,83.33650,26.69950
18679,83.33566,26.69976
18680,83.33809,26.69814
18681,83.33973,26.69884
18682,83.33673,26.70084
18683,83.33650,26.70094
18684,83.33630,26.70174
18685,83.33418,26.70070
18686,83.33414,26.70315
18687,83.32963,26.70066
18688,83.33192,26.70026
18689,83.32886,26.69873
18690,83.32842,26.69879
18691,83.33092,26.70122
18692,83.32883,26.70080
18693,83.32992,26.69596
18694,83.32994,26.70244
18695,83.32984,26.70119
18696,83.32999,26.70197
18697,83.33326,26.70188
18698,83.33280,26.70222
18699,83.33155,26.70267
18700,83.33298,26.70147
18701,83.33176,26.70170
18702,83.33136,26.70199
18703,83.33233,26.70275
18704,83.43300,26.74160
18705,83.29976,26.84593
18706,83.30062,26.84580
18707,83.34043,26.69164
18708,83.34092,26.69239
18709,83.34050,26.69268
18710,83.43498,26.72569
18711,83.43504,26.72535
18712,83.43477,26.72531
18713,83.43447,26.72512
18714,83.43456,26.72746
18715,83.43492,26.72783
18716,83.43492,26.72802
18717,83.43660,26.72670
18718,83.43564,26.72688
18719,83.43641,26.72564
18720,83.43555,26.72589
18721,83.43601,26.72532
18722,83.43594,26.72519
18723,83.43558,26.72529
18724,83.43617,26.72483
18725,83.43547,26.72501
18726,83.43652,26.72629
18727,83.43556,26.72734
18728,83.43562,26.72540
18729,83.43558,26.72439
18730,83.43477,26.72612
18731,83.43425,26.72545
18732,83.33592,26.68290
18733,83.33499,26.68329
18734,83.33366,26.68376
18735,83.33600,26.68321
18736,83.33878,26.68300
18737,83.33813,26.68329
18738,83.33651,26.68482
18739,83.33796,26.68363
18740,83.33627,26.68405
18741,83.34008,26.68364
18742,83.34030,26.68400
18743,83.33992,26.68413
18744,83.32522,26.68956
18745,83.32464,26.68919
18746,83.33351,26.68673
18747,83.33333,26.68707
18748,83.33419,26.68659
18749,83.33717,26.68725
18750,83.32506,26.68926
18751,83.32601,26.69130
18752,83.32560,26.68865
18753,83.32435,26.68831
18754,83.33627,26.70070
18755,83.32148,26.68409
18756,83.31921,26.68321
18757,83.31878,26.68797
18758,83.31895,26.68574
18759,83.31791,26.68588
18760,83.31852,26.68589
18761,83.31862,26.68628
18762,83.32450,26.68896
18763,83.32492,26.68827
18764,83.32496,26.68867
18765,83.32490,26.68889
18766,83.33286,26.68653
18767,83.43915,26.80171
18768,83.43699,26.80303
18769,83.43656,26.80262
18770,83.44337,26.79829
18771,83.44078,26.79734
18772,83.44379,26.79794
18773,83.44256,26.79920
18774,83.44164,26.80108
18775,83.45133,26.80176
18776,83.45068,26.80199
18777,83.44936,26.80253
18778,83.45106,26.80074
18779,83.45140,26.80012
18780,83.43953,26.80164
18781,83.43941,26.80085
18782,83.44028,26.79747
18783,83.43877,26.80169
18784,83.43867,26.80170
18785,83.43658,26.80225
18786,83.43267,26.80220
18787,83.43133,26.78921
18788,83.43097,26.78955
18789,83.43155,26.78984
18790,83.43099,26.78992
18791,83.43162,26.79022
18792,83.43101,26.79029
18793,83.43435,26.78771
18794,83.43401,26.78783
18795,83.43336,26.78861
18796,83.43212,26.79888
18797,83.43284,26.80076
18798,83.43311,26.80066
18799,83.43319,26.80063
18800,83.43322,26.80062
18801,83.43320,26.80053
18802,83.43124,26.79690
18803,83.43030,26.79665
18804,83.43370,26.79911
18805,83.43325,26.79803
18806,83.43429,26.79776
18807,83.43245,26.79813
18808,83.43206,26.79702
18809,83.44076,26.79521
18810,83.43364,26.79541
18811,83.43254,26.79492
18812,83.43416,26.79449
18813,83.43367,26.79432
18814,83.43382,26.79509
18815,83.43341,26.79493
18816,83.43345,26.79484
18817,83.43302,26.79469
18818,83.43299,26.79369
18819,83.43382,26.79396
18820,83.43320,26.79542
18821,83.43535,26.79351
18822,83.43498,26.79438
18823,83.43508,26.79519
18824,83.43538,26.79452
18825,83.43489,26.79336
18826,83.43471,26.79377
18827,83.43339,26.79381
18828,83.43278,26.79523
18829,83.43453,26.79422
18830,83.43572,26.79464
18831,83.43541,26.79215
18832,83.43746,26.79034
18833,83.43886,26.78928
18834,83.43686,26.79107
18835,83.43490,26.78664
18836,83.43420,26.78575
18837,83.43454,26.78513
18838,83.43379,26.78515
18839,83.43438,26.78560
18840,83.43548,26.78857
18841,83.43313,26.79171
18842,83.43658,26.79262
18843,83.43695,26.79124
18844,83.43393,26.78726
18845,83.43375,26.78722
18846,83.43392,26.78595
18847,83.43361,26.78632
18848,83.43334,26.78698
18849,83.43317,26.78750
18850,83.43106,26.79115
18851,83.44019,26.79480
18852,83.44009,26.79473
18853,83.44006,26.79471
18854,83.43892,26.79796
18855,83.43662,26.79717
18856,83.43677,26.79841
18857,83.43654,26.79685
18858,83.43435,26.79788
18859,83.43889,26.79392
18860,83.43756,26.79523
18861,83.43632,26.79572
18862,83.43392,26.79656
18863,83.43681,26.79879
18864,83.43673,26.79921
18865,83.43678,26.79920
18866,83.43689,26.79951
18867,83.43767,26.79911
18868,83.43766,26.79861
18869,83.44307,26.79644
18870,83.44034,26.79745
18871,83.43966,26.79769
18872,83.43951,26.79774
18873,83.43558,26.79963
18874,83.43636,26.80086
18875,83.43392,26.79651
18876,83.44451,26.79981
18877,83.44318,26.79649
18878,83.43330,26.79174
18879,83.43054,26.79095
18880,83.43726,26.72111
18881,83.43718,26.72106
18882,83.43858,26.71749
18883,83.43108,26.70656
18884,83.45266,26.70363
18885,83.45227,26.70398
18886,83.45223,26.70346
18887,83.45258,26.70329
18888,83.45023,26.70302
18889,83.45151,26.70473
18890,83.45082,26.70417
18891,83.45054,26.70390
18892,83.45013,26.70394
18893,83.44883,26.70299
18894,83.44842,26.70313
18895,83.44800,26.70328
18896,83.44940,26.70429
18897,83.44898,26.70442
18898,83.44860,26.70454
18899,83.44753,26.70345
18900,83.44710,26.70524
18901,83.44673,26.70549
18902,83.44703,26.70609
18903,83.44644,26.70563
18904,83.44672,26.70619
18905,83.44585,26.70597
18906,83.44513,26.70680
18907,83.44641,26.70672
18908,83.44628,26.70647
18909,83.44608,26.70580
18910,83.44451,26.70869
18911,83.44580,26.70880
18912,83.44477,26.70913
18913,83.44494,26.70946
18914,83.44673,26.70887
18915,83.45257,26.70593
18916,83.45281,26.70710
18917,83.45307,26.70744
18918,83.45341,26.70725
18919,83.45226,26.70704
18920,83.45027,26.70824
18921,83.45051,26.70747
18922,83.45183,26.70934
18923,83.45241,26.71018
18924,83.44735,26.70952
18925,83.44786,26.71027
18926,83.44860,26.70845
18927,83.44827,26.70909
18928,83.44850,26.70956
18929,83.44801,26.70918
18930,83.44823,26.70959
18931,83.44887,26.70890
18932,83.44857,26.70899
18933,83.44887,26.70958
18934,83.44910,26.70999
18935,83.44991,26.70902
18936,83.44964,26.70857
18937,83.45043,26.70965
18938,83.45021,26.70888
18939,83.44994,26.70845
18940,83.44760,26.70931
18941,83.45059,26.71114
18942,83.44894,26.71009
18943,83.44954,26.71109
18944,83.44934,26.71118
18945,83.44900,26.71134
18946,83.44922,26.70993
18947,83.44986,26.71094
18948,83.45020,26.71134
18949,83.44850,26.71142
18950,83.44895,26.71124
18951,83.44826,26.71121
18952,83.44869,26.71073
18953,83.44768,26.71095
18954,83.44859,26.71052
18955,83.44706,26.70966
18956,83.44755,26.71042
18957,83.44621,26.71084
18958,83.44645,26.71064
18959,83.44812,26.71014
18960,83.44717,26.71061
18961,83.44667,26.71085
18962,83.44567,26.71098
18963,83.44550,26.71063
18964,83.44553,26.71066
18965,83.44554,26.71067
18966,83.44574,26.71093
18967,83.44624,26.71110
18968,83.44751,26.71179
18969,83.44798,26.71249
18970,83.44702,26.70803
18971,83.44732,26.70884
18972,83.44735,26.70889
18973,83.44926,26.71183
18974,83.45007,26.70626
18975,83.45057,26.70685
18976,83.44736,26.70890
18977,83.44664,26.70960
18978,83.44614,26.71009
18979,83.44587,26.71034
18980,83.44543,26.71078
18981,83.44754,26.71273
18982,83.44755,26.71282
18983,83.45057,26.71290
18984,83.44976,26.71286
18985,83.45006,26.71322
18986,83.44924,26.71274
18987,83.44887,26.71263
18988,83.44954,26.71354
18989,83.45013,26.71436
18990,83.45049,26.71485
18991,83.44906,26.71503
18992,83.44945,26.71551
18993,83.44979,26.71338
18994,83.45087,26.71249
18995,83.45115,26.71290
18996,83.45103,26.71224
18997,83.45034,26.71203
18998,83.45064,26.71245
18999,83.44993,26.71158
19000,83.45208,26.71209
19001,83.45167,26.71231
19002,83.45126,26.71162
19003,83.45134,26.71279
19004,83.44959,26.71176
19005,83.45180,26.71255
19006,83.45218,26.71225
19007,83.45216,26.71336
19008,83.45264,26.71187
19009,83.45212,26.71217
19010,83.45030,26.71409
19011,83.45227,26.71426
19012,83.45159,26.71359
19013,83.45198,26.71470
19014,83.45134,26.71373
19015,83.45058,26.71415
19016,83.45072,26.71470
19017,83.45038,26.71492
19018,83.45096,26.71554
19019,83.45005,26.71513
19020,83.45058,26.71576
19021,83.44967,26.71537
19022,83.45021,26.71598
19023,83.44933,26.71558
19024,83.44988,26.71625
19025,83.44958,26.71649
19026,83.44850,26.71617
19027,83.44894,26.71686
19028,83.44829,26.71624
19029,83.44870,26.71690
19030,83.44802,26.71635
19031,83.44879,26.71605
19032,83.44925,26.71671
19033,83.44890,26.71582
19034,83.44776,26.71470
19035,83.44840,26.71567
19036,83.44825,26.71546
19037,83.44766,26.71572
19038,83.44690,26.71513
19039,83.44723,26.71496
19040,83.44789,26.71687
19041,83.44751,26.71615
19042,83.44505,26.71517
19043,83.44464,26.71494
19044,83.44421,26.71494
19045,83.44627,26.71496
19046,83.44549,26.71507
19047,83.44524,26.71403
19048,83.44560,26.71447
19049,83.44541,26.71462
19050,83.44713,26.71698
19051,83.44485,26.71684
19052,83.44518,26.71671
19053,83.44550,26.71728
19054,83.44496,26.71632
19055,83.44356,26.71652
19056,83.44457,26.71631
19057,83.44418,26.71627
19058,83.44386,26.71607
19059,83.44413,26.71659
19060,83.44401,26.71634
19061,83.44449,26.71614
19062,83.44287,26.71527
19063,83.44333,26.71607
19064,83.44057,26.71702
19065,83.44033,26.71729
19066,83.44008,26.71709
19067,83.44082,26.71816
19068,83.44099,26.71932
19069,83.43943,26.72016
19070,83.43967,26.71975
19071,83.43960,26.71918
19072,83.44027,26.72060
19073,83.44005,26.72023
19074,83.43952,26.72069
19075,83.43982,26.72123
19076,83.44072,26.72163
19077,83.44171,26.72092
19078,83.43896,26.72276
19079,83.43946,26.72221
19080,83.43978,26.72206
19081,83.44018,26.72106
19082,83.43710,26.72002
19083,83.43679,26.71969
19084,83.43610,26.72261
19085,83.43618,26.72266
19086,83.43879,26.72057
19087,83.43906,26.72107
19088,83.43878,26.72329
19089,83.43867,26.72294
19090,83.32842,26.66014
19091,83.32691,26.66561
19092,83.32241,26.66240
19093,83.32493,26.66150
19094,83.32703,26.66137
19095,83.32686,26.66101
19096,83.32588,26.66108
19097,83.32576,26.66085
19098,83.43321,26.78754
19099,83.43431,26.78518
19100,83.43174,26.79788
19101,83.43073,26.79831
19102,83.43050,26.79754
19103,83.43576,26.72037
19104,83.43595,26.72071
19105,83.43463,26.72079
19106,83.43529,26.72171
19107,83.43476,26.72245
19108,83.43387,26.72167
19109,83.43342,26.72104
19110,83.43379,26.72171
19111,83.43424,26.72151
19112,83.43442,26.72293
19113,83.43119,26.72081
19114,83.43140,26.72121
19115,83.44651,26.71086
19116,83.44753,26.71142
19117,83.44709,26.71212
19118,83.44451,26.71433
19119,83.44256,26.71534
19120,83.44081,26.71549
19121,83.44123,26.71601
19122,83.44061,26.71552
19123,83.44035,26.71585
19124,83.43864,26.71755
19125,83.43855,26.71808
19126,83.43892,26.71782
19127,83.43876,26.71883
19128,83.43228,26.71178
19129,83.43172,26.71099
19130,83.43207,26.71187
19131,83.43245,26.70984
19132,83.43304,26.71041
19133,83.43162,26.70916
19134,83.43192,26.70961
19135,83.43201,26.70892
19136,83.43150,26.70836
19137,83.43164,26.70898
19138,83.43814,26.71044
19139,83.43780,26.71054
19140,83.43854,26.70993
19141,83.43872,26.71050
19142,83.43712,26.71103
19143,83.43430,26.70885
19144,83.43523,26.71135
19145,83.43208,26.70807
19146,83.43296,26.70548
19147,83.43650,26.70819
19148,83.43560,26.70415
19149,83.44133,26.70966
19150,83.44076,26.70789
19151,83.43708,26.70921
19152,83.43400,26.70892
19153,83.43241,26.70454
19154,83.43302,26.70545
19155,83.43212,26.70469
19156,83.43271,26.70560
19157,83.44761,26.70514
19158,83.44209,26.70558
19159,83.44227,26.70612
19160,83.44051,26.70488
19161,83.44077,26.70573
19162,83.44062,26.70779
19163,83.44196,26.70639
19164,83.44165,26.70571
19165,83.44296,26.70533
19166,83.44316,26.70600
19167,83.44370,26.70470
19168,83.44022,26.70585
19169,83.43812,26.70441
19170,83.43903,26.70428
19171,83.43719,26.70341
19172,83.43884,26.70352
19173,83.43997,26.70502
19174,83.43840,26.70368
19175,83.43804,26.70315
19176,83.44073,26.70278
19177,83.44182,26.70452
19178,83.44203,26.70343
19179,83.44203,26.70409
19180,83.44216,26.70442
19181,83.44171,26.70325
19182,83.44189,26.70268
19183,83.44669,26.70379
19184,83.44689,26.70418
19185,83.44631,26.70499
19186,83.44581,26.70538
19187,83.44606,26.70582
19188,83.44510,26.70515
19189,83.44358,26.70444
19190,83.44489,26.70396
19191,83.44582,26.70600
19192,83.44416,26.70549
19193,83.44396,26.70859
19194,83.44407,26.70885
19195,83.44287,26.70927
19196,83.29295,26.68319
19197,83.29348,26.68288
19198,83.36333,26.73444
19199,83.35108,26.72375
19200,83.35363,26.72435
19201,83.35224,26.72404
19202,83.35412,26.72359
19203,83.35331,26.72428
19204,83.35341,26.72390
19205,83.35479,26.72393
19206,83.35626,26.72393
19207,83.35102,26.72328
19208,83.35233,26.72367
19209,83.35208,26.72517
19210,83.35105,26.72487
19211,83.35209,26.72499
19212,83.35329,26.72517
19213,83.35276,26.72509
19214,83.35278,26.72491
19215,83.28687,26.68543
19216,83.28853,26.68057
19217,83.29052,26.67977
19218,83.29316,26.68251
19219,83.29392,26.68408
19220,83.29415,26.68798
19221,83.29415,26.68845
19222,83.29369,26.68845
19223,83.29212,26.68912
19224,83.28983,26.68794
19225,83.28956,26.68003
19226,83.29052,26.68184
19227,83.29142,26.68273
19228,83.29020,26.68411
19229,83.29204,26.68108
19230,83.29140,26.68157
19231,83.35700,26.72709
19232,83.35818,26.72739
19233,83.36388,26.72652
19234,83.36274,26.72592
19235,83.36235,26.72535
19236,83.36260,26.72501
19237,83.36294,26.72536
19238,83.35953,26.72763
19239,83.35253,26.73100
19240,83.35163,26.73254
19241,83.35279,26.73348
19242,83.35179,26.73234
19243,83.35156,26.73106
19244,83.35241,26.73126
19245,83.35330,26.72700
19246,83.35294,26.72776
19247,83.35356,26.72789
19248,83.35219,26.72818
19249,83.35291,26.72782
19250,83.35205,26.72899
19251,83.35203,26.72872
19252,83.35249,26.72876
19253,83.35295,26.72881
19254,83.35179,26.72971
19255,83.35213,26.72987
19256,83.35333,26.73205
19257,83.35125,26.72783
19258,83.35209,26.72717
19259,83.35163,26.72802
19260,83.35465,26.72744
19261,83.35347,26.72840
19262,83.34173,26.72960
19263,83.34216,26.73055
19264,83.34640,26.73297
19265,83.34621,26.73411
19266,83.34215,26.72524
19267,83.34359,26.72451
19268,83.34180,26.73244
19269,83.36136,26.73092
19270,83.36349,26.73384
19271,83.35752,26.73485
19272,83.35758,26.73437
19273,83.35695,26.73477
19274,83.35702,26.73431
19275,83.35808,26.73688
19276,83.35755,26.73702
19277,83.35751,26.73579
19278,83.35424,26.73738
19279,83.35452,26.73732
19280,83.35455,26.73749
19281,83.35618,26.73811
19282,83.35624,26.73840
19283,83.35647,26.73777
19284,83.35695,26.73797
19285,83.35650,26.73822
19286,83.35668,26.73879
19287,83.35684,26.73828
19288,83.35657,26.73833
19289,83.35726,26.73773
19290,83.35742,26.73818
19291,83.35718,26.73793
19292,83.35839,26.73871
19293,83.35832,26.73907
19294,83.35820,26.73874
19295,83.35720,26.73748
19296,83.35728,26.73772
19297,83.35573,26.73833
19298,83.35519,26.73853
19299,83.35546,26.73843
19300,83.35470,26.73845
19301,83.35528,26.73820
19302,83.35461,26.73802
19303,83.35527,26.73778
19304,83.35723,26.73992
19305,83.35754,26.73987
19306,83.35759,26.74003
19307,83.35696,26.73924
19308,83.35694,26.74202
19309,83.35685,26.74046
19310,83.35808,26.74248
19311,83.35887,26.74240
19312,83.35971,26.74291
19313,83.36030,26.74272
19314,83.35936,26.74281
19315,83.36151,26.74317
19316,83.36145,26.74295
19317,83.36162,26.74341
19318,83.36106,26.74230
19319,83.35502,26.73860
19320,83.35476,26.73868
19321,83.35480,26.73885
19322,83.35451,26.73858
19323,83.35431,26.73868
19324,83.35445,26.73909
19325,83.35518,26.73765
19326,83.29222,26.68125
19327,83.29206,26.68154
19328,83.29109,26.68168
19329,83.28787,26.68093
19330,83.45023,26.80173
19331,83.45042,26.80208
19332,83.43721,26.80214
19333,83.43726,26.80262
19334,83.43735,26.79877
19335,83.43724,26.79907
19336,83.43696,26.79981
19337,83.43592,26.80005
19338,83.43072,26.79762
19339,83.43150,26.79725
19340,83.43762,26.79864
19341,83.43734,26.79794
19342,83.43105,26.79358
19343,83.43098,26.79363
19344,83.43420,26.79186
19345,83.43464,26.78584
19346,83.43226,26.79274
19347,83.43307,26.79218
19348,83.43323,26.78797
19349,83.43309,26.78590
19350,83.43561,26.79305
19351,83.43426,26.81897
19352,83.43395,26.81857
19353,83.43504,26.82001
19354,83.43604,26.82131
19355,83.43681,26.82260
19356,83.43149,26.81951
19357,83.43209,26.81926
19358,83.43300,26.82078
19359,83.43295,26.82155
19360,83.43202,26.82098
19361,83.45283,26.81963
19362,83.45003,26.81897
19363,83.45191,26.81922
19364,83.44992,26.81132
19365,83.45097,26.81530
19366,83.45215,26.81815
19367,83.44961,26.81562
19368,83.44713,26.81651
19369,83.44639,26.81176
19370,83.44683,26.81533
19371,83.44723,26.81731
19372,83.44743,26.81766
19373,83.44864,26.81986
19374,83.44546,26.82226
19375,83.44480,26.82131
19376,83.44547,26.81928
19377,83.44647,26.81827
19378,83.44652,26.81821
19379,83.44587,26.82279
19380,83.44159,26.82280
19381,83.44539,26.80322
19382,83.44260,26.80396
19383,83.43936,26.80429
19384,83.43911,26.80432
19385,83.43740,26.80459
19386,83.43710,26.80488
19387,83.43666,26.80550
19388,83.43812,26.81007
19389,83.43881,26.81393
19390,83.44048,26.81888
19391,83.44018,26.81962
19392,83.44055,26.82025
19393,83.43890,26.82024
19394,83.44016,26.81335
19395,83.43632,26.81458
19396,83.44716,26.81162
19397,83.44805,26.81151
19398,83.44843,26.81131
19399,83.44870,26.80913
19400,83.45161,26.81020
19401,83.45204,26.81001
19402,83.44667,26.80647
19403,83.44934,26.80789
19404,83.43619,26.81465
19405,83.43630,26.81459
19406,83.44629,26.81022
19407,83.43580,26.80518
19408,83.43474,26.80514
19409,83.43457,26.80514
19410,83.43468,26.80514
19411,83.36234,26.66738
19412,83.36264,26.67050
19413,83.36298,26.67039
19414,83.36054,26.67789
19415,83.35881,26.67820
19416,83.35862,26.67789
19417,83.35834,26.67941
19418,83.35803,26.67919
19419,83.35795,26.67874
19420,83.35840,26.67874
19421,83.35988,26.67921
19422,83.35908,26.67922
19423,83.35881,26.67933
19424,83.35859,26.67969
19425,83.35798,26.67967
19426,83.35782,26.67967
19427,83.36018,26.68078
19428,83.36223,26.68046
19429,83.36245,26.68102
19430,83.36239,26.68088
19431,83.36206,26.68096
19432,83.36020,26.68016
19433,83.35749,26.67885
19434,83.36237,26.67622
19435,83.36265,26.67685
19436,83.36377,26.68035
19437,83.36350,26.68043
19438,83.36141,26.68062
19439,83.36189,26.67613
19440,83.34973,26.67507
19441,83.34431,26.67769
19442,83.34350,26.67765
19443,83.34341,26.67729
19444,83.35603,26.66351
19445,83.35866,26.66828
19446,83.35931,26.66873
19447,83.44069,26.80924
19448,83.43968,26.80557
19449,83.43834,26.81010
19450,83.44262,26.80842
19451,83.44449,26.80795
19452,83.44470,26.80675
19453,83.44162,26.80520
19454,83.44587,26.80868
19455,83.45213,26.80418
19456,83.45207,26.80482
19457,83.45222,26.80509
19458,83.45282,26.80490
19459,83.45312,26.80384
19460,83.45308,26.80520
19461,83.45557,26.80293
19462,83.45597,26.80205
19463,83.45158,26.81017
19464,83.44521,26.80858
19465,83.44800,26.81492
19466,83.44921,26.81515
19467,83.45100,26.81530
19468,83.43686,26.80394
19469,83.43623,26.80503
19470,83.43704,26.80531
19471,83.43830,26.80431
19472,83.43849,26.80432
19473,83.43444,26.80427
19474,83.34096,26.77257
19475,83.34228,26.77442
19476,83.34142,26.77346
19477,83.34085,26.77241
19478,83.33985,26.77290
19479,83.34057,26.77253
19480,83.34119,26.77367
19481,83.34084,26.77386
19482,83.34106,26.77342
19483,83.34047,26.77368
19484,83.34042,26.77293
19485,83.34076,26.77355
19486,83.34071,26.77279
19487,83.34008,26.77015
19488,83.34043,26.77093
19489,83.34011,26.77106
19490,83.34034,26.77157
19491,83.33863,26.76676
19492,83.33968,26.76762
19493,83.34275,26.77195
19494,83.34257,26.77152
19495,83.34135,26.77153
19496,83.34097,26.77192
19497,83.34145,26.77176
19498,83.34086,26.77170
19499,83.34347,26.67752
19500,83.34313,26.67762
19501,83.34329,26.67828
19502,83.34083,26.67760
19503,83.34896,26.68052
19504,83.34743,26.67931
19505,83.34859,26.67934
19506,83.34840,26.67878
19507,83.34820,26.67928
19508,83.34809,26.67885
19509,83.34562,26.67929
19510,83.34766,26.67895
19511,83.34779,26.68027
19512,83.34855,26.68005
19513,83.34811,26.67884
19514,83.34744,26.67631
19515,83.34899,26.67878
19516,83.35144,26.67856
19517,83.35108,26.67831
19518,83.35685,26.66321
19519,83.35829,26.66762
19520,83.43522,26.71907
19521,83.43624,26.71854
19522,83.43609,26.71836
19523,83.43511,26.71890
19524,83.43730,26.71793
19525,83.43766,26.71845
19526,83.43744,26.71870
19527,83.43788,26.71706
19528,83.43717,26.71901
19529,83.33985,26.77117
19530,83.34022,26.77132
19531,83.34058,26.77051
19532,83.34029,26.77061
19533,83.34042,26.76989
19534,83.34059,26.76964
19535,83.34073,26.76989
19536,83.34097,26.77035
19537,83.34107,26.76975
19538,83.34219,26.76989
19539,83.34141,26.77017
19540,83.34181,26.77119
19541,83.34152,26.76968
19542,83.34096,26.76887
19543,83.33960,26.77050
19544,83.33921,26.76984
19545,83.33902,26.77043
19546,83.33922,26.76985
19547,83.33866,26.76948
19548,83.33789,26.76973
19549,83.33988,26.76964
19550,83.34024,26.77004
19551,83.33951,26.76976
19552,83.33993,26.77025
19553,83.33998,26.76605
19554,83.33961,26.76619
19555,83.33983,26.76647
19556,83.33931,26.76677
19557,83.33980,26.76710
19558,83.33905,26.76700
19559,83.33940,26.76755
19560,83.34096,26.76892
19561,83.34031,26.76894
19562,83.34049,26.76926
19563,83.34033,26.76868
19564,83.33990,26.76754
19565,83.34023,26.76880
19566,83.33952,26.76907
19567,83.33878,26.76868
19568,83.33911,26.76930
19569,83.33916,26.76849
19570,83.33984,26.76895
19571,83.33956,26.76806
19572,83.34000,26.76889
19573,83.34046,26.76624
19574,83.34036,26.76598
19575,83.34055,26.76712
19576,83.34125,26.76814
19577,83.33706,26.76727
19578,83.33792,26.76704
19579,83.33832,26.76800
19580,83.33781,26.76703
19581,83.33824,26.76769
19582,83.33884,26.76726
19583,83.33854,26.76629
19584,83.33855,26.76634
19585,83.33779,26.76682
19586,83.33866,26.76704
19587,83.33633,26.76465
19588,83.33688,26.76403
19589,83.33688,26.76444
19590,83.33986,26.76521
19591,83.34155,26.76424
19592,83.33932,26.76519
19593,83.33991,26.76607
19594,83.33963,26.76577
19595,83.33919,26.76560
19596,83.33951,26.76549
19597,83.33918,26.76484
19598,83.33933,26.76386
19599,83.33887,26.76379
19600,83.33867,26.76352
19601,83.33895,26.76401
19602,83.33850,26.76392
19603,83.33707,26.76566
19604,83.33721,26.76625
19605,83.33803,26.76620
19606,83.33770,26.76551
19607,83.33745,26.76547
19608,83.33814,26.76568
19609,83.33891,26.76513
19610,83.34022,26.76496
19611,83.33931,26.76517
19612,83.33931,26.76647
19613,83.33940,26.76621
19614,83.33730,26.76667
19615,83.33900,26.76740
19616,83.33891,26.76722
19617,83.33998,26.76925
19618,83.34039,26.76908
19619,83.43698,26.71925
19620,83.43654,26.71870
19621,83.43621,26.71800
19622,83.43644,26.71789
19623,83.43757,26.71674
19624,83.43500,26.71767
19625,83.43542,26.71742
19626,83.43443,26.71802
19627,83.43598,26.71664
19628,83.43649,26.71736
19629,83.43617,26.71754
19630,83.43648,26.71635
19631,83.43635,26.71643
19632,83.43685,26.71715
19633,83.43699,26.71659
19634,83.43723,26.71693
19635,83.43497,26.71622
19636,83.43516,26.71688
19637,83.43499,26.71659
19638,83.43433,26.71696
19639,83.43442,26.71690
19640,83.43461,26.71720
19641,83.43626,26.71504
19642,83.43655,26.71467
19643,83.43507,26.71532
19644,83.43492,26.71484
19645,83.43450,26.71552
19646,83.43627,26.71424
19647,83.43371,26.71366
19648,83.43346,26.71323
19649,83.43300,26.71385
19650,83.43240,26.71274
19651,83.43268,26.71315
19652,83.43205,26.71290
19653,83.43218,26.71371
19654,83.43177,26.71303
19655,83.43311,26.71339
19656,83.43339,26.71381
19657,83.43409,26.71347
19658,83.43417,26.71295
19659,83.43435,26.71331
19660,83.43386,26.71307
19661,83.43439,26.71400
19662,83.43504,26.71315
19663,83.43532,26.71358
19664,83.43415,26.71357
19665,83.43544,26.71297
19666,83.43406,26.71148
19667,83.43328,26.71157
19668,83.43366,26.71234
19669,83.43274,26.71164
19670,83.43661,26.71997
19671,83.43657,26.71982
19672,83.43579,26.72008
19673,83.43307,26.71972
19674,83.43299,26.72024
19675,83.43349,26.72102
19676,83.43211,26.72044
19677,83.43162,26.72068
19678,83.43073,26.71869
19679,83.43129,26.71839
19680,83.43137,26.72042
19681,83.43453,26.72082
19682,83.43424,26.72030
19683,83.43484,26.71862
19684,83.43350,26.72014
19685,83.43404,26.71990
19686,83.43493,26.71955
19687,83.43539,26.71935
19688,83.43367,26.71848
19689,83.43445,26.71805
19690,83.43461,26.71832
19691,83.43374,26.71880
19692,83.43241,26.71755
19693,83.43333,26.71715
19694,83.43337,26.71639
19695,83.43196,26.71667
19696,83.43149,26.71795
19697,83.43222,26.71900
19698,83.43197,26.71865
19699,83.43160,26.71886
19700,83.43163,26.71700
19701,83.43119,26.71722
19702,83.43132,26.71742
19703,83.43095,26.71681
19704,83.43944,26.71508
19705,83.44006,26.71484
19706,83.43959,26.71420
19707,83.43859,26.71459
19708,83.43941,26.71374
19709,83.43719,26.71357
19710,83.43576,26.71126
19711,83.43534,26.71282
19712,83.43673,26.71281
19713,83.43567,26.71332
19714,83.43700,26.71458
19715,83.43727,26.71508
19716,83.43765,26.71543
19717,83.43713,26.71560
19718,83.43823,26.71542
19719,83.43901,26.71511
19720,83.43779,26.71489
19721,83.43816,26.71565
19722,83.43744,26.71502
19723,83.43782,26.71575
19724,83.43804,26.71597
19725,83.43751,26.71620
19726,83.43895,26.71651
19727,83.43967,26.71639
19728,83.43448,26.70419
19729,83.43462,26.70463
19730,83.43817,26.70995
19731,83.43771,26.71018
19732,83.43729,26.71044
19733,83.43750,26.71094
19734,83.44014,26.71446
19735,83.44045,26.71490
19736,83.44054,26.71428
19737,83.44101,26.71497
19738,83.44129,26.71471
19739,83.44109,26.71335
19740,83.44055,26.71546
19741,83.44127,26.71369
19742,83.44257,26.71346
19743,83.44166,26.71349
19744,83.44277,26.71270
19745,83.44145,26.71299
19746,83.44434,26.71364
19747,83.44269,26.71146
19748,83.44298,26.71213
19749,83.44314,26.71205
19750,83.44253,26.71149
19751,83.44434,26.71107
19752,83.44445,26.71143
19753,83.44399,26.71111
19754,83.44418,26.71157
19755,83.44158,26.70959
19756,83.44239,26.71151
19757,83.44003,26.71090
19758,83.44055,26.71223
19759,83.43925,26.71219
19760,83.43868,26.71241
19761,83.44631,26.71502
19762,83.34069,26.77176
19763,83.33996,26.77227
19764,83.34031,26.77217
19765,83.34045,26.77240
19766,83.34039,26.77230
19767,83.34080,26.77210
19768,83.35391,26.66333
19769,83.35404,26.66381
19770,83.35606,26.66474
19771,83.35475,26.66406
19772,83.35646,26.66491
19773,83.35467,26.66483
19774,83.35523,26.66523
19775,83.35512,26.66479
19776,83.35581,26.66522
19777,83.35480,26.66511
19778,83.35100,26.66403
19779,83.35692,26.66923
19780,83.35899,26.67243
19781,83.35334,26.67277
19782,83.35387,26.67362
19783,83.34827,26.67187
19784,83.34845,26.67232
19785,83.34804,26.67305
19786,83.34776,26.67306
19787,83.34700,26.67325
19788,83.34376,26.67711
19789,83.35401,26.66848
19790,83.35448,26.66723
19791,83.35600,26.66626
19792,83.35552,26.66647
19793,83.35525,26.66706
19794,83.35549,26.66769
19795,83.35777,26.66679
19796,83.35473,26.66801
19797,83.35681,26.66717
19798,83.35642,26.66617
19799,83.35536,26.66559
19800,83.35506,26.66591
19801,83.35520,26.66522
19802,83.35413,26.66578
19803,83.35429,26.66406
19804,83.35381,26.66422
19805,83.35246,26.66707
19806,83.35215,26.66623
19807,83.35355,26.66472
19808,83.35390,26.66496
19809,83.35471,26.66492
19810,83.35876,26.66853
19811,83.35394,26.66833
19812,83.35122,26.67036
19813,83.35085,26.66942
19814,83.35328,26.66682
19815,83.35457,26.66568
19816,83.35479,26.66363
19817,83.35424,26.66396
19818,83.35468,26.66390
19819,83.35501,26.66472
19820,83.35396,26.66547
19821,83.35890,26.67820
19822,83.43246,26.80521
19823,83.43555,26.80939
19824,83.43542,26.80939
19825,83.43508,26.80957
19826,83.43626,26.81093
19827,83.43527,26.81140
19828,83.43590,26.81045
19829,83.43854,26.81003
19830,83.45271,26.80459
19831,83.43473,26.80512
19832,83.43551,26.80939
19833,83.43540,26.80939
19834,83.43460,26.80787
19835,83.43198,26.82040
19836,83.44973,26.82099
19837,83.44982,26.82093
19838,83.36561,26.66794
19839,83.36527,26.66739
19840,83.36496,26.66702
19841,83.36537,26.66702
19842,83.36579,26.66948
19843,83.36498,26.66816
19844,83.36443,26.66725
19845,83.36382,26.67612
19846,83.36356,26.67646
19847,83.36395,26.67619
19848,83.36366,26.67579
19849,83.32012,26.77754
19850,83.32121,26.77575
19851,83.32251,26.77841
19852,83.32190,26.77566
19853,83.32128,26.77654
19854,83.32193,26.77761
19855,83.32213,26.77673
19856,83.32407,26.76531
19857,83.32098,26.76199
19858,83.36729,26.68227
19859,83.36743,26.68275
19860,83.36642,26.68241
19861,83.36579,26.68034
19862,83.36733,26.68065
19863,83.36906,26.68069
19864,83.37128,26.66357
19865,83.37459,26.66695
19866,83.33995,26.76942
19867,83.32527,26.76368
19868,83.32684,26.76397
19869,83.32487,26.66153
19870,83.32478,26.66157
19871,83.37635,26.66307
19872,83.37656,26.66263
19873,83.37215,26.66337
19874,83.37385,26.66689
19875,83.37348,26.66698
19876,83.37354,26.66719
19877,83.37355,26.66632
19878,83.37387,26.66560
19879,83.37299,26.66574
19880,83.37302,26.66705
19881,83.37282,26.66734
19882,83.37268,26.66716
19883,83.37213,26.66592
19884,83.36961,26.66835
19885,83.37093,26.66513
19886,83.37102,26.66622
19887,83.36999,26.66658
19888,83.36928,26.66680
19889,83.36738,26.66375
19890,83.37263,26.66531
19891,83.37184,26.66640
19892,83.37124,26.66662
19893,83.36362,26.67516
19894,83.43543,26.81020
19895,83.43685,26.81013
19896,83.43536,26.81277
19897,83.43551,26.81273
19898,83.43546,26.81274
19899,83.43561,26.80799
19900,83.43643,26.80784
19901,83.43597,26.80796
19902,83.43655,26.80860
19903,83.43402,26.80300
19904,83.43387,26.80420
19905,83.43398,26.80301
19906,83.43392,26.80303
19907,83.43652,26.80888
19908,83.43557,26.80928
19909,83.43710,26.80990
19910,83.43808,26.81014
19911,83.43867,26.81156
19912,83.43817,26.81170
19913,83.43872,26.81179
19914,83.43825,26.81194
19915,83.43886,26.81391
19916,83.43999,26.81804
19917,83.44052,26.81794
19918,83.44586,26.82277
19919,83.44651,26.82248
19920,83.44685,26.82335
19921,83.44976,26.82097
19922,83.44855,26.81993
19923,83.44003,26.81340
19924,83.44734,26.81089
19925,83.44628,26.81660
19926,83.44233,26.81942
19927,83.44442,26.82149
19928,83.44235,26.81946
19929,83.43758,26.81737
19930,83.43882,26.82004
19931,83.43878,26.82006
19932,83.43867,26.82011
19933,83.43755,26.81738
19934,83.43746,26.81742
19935,83.36753,26.67290
19936,83.36847,26.67270
19937,83.36643,26.67131
19938,83.36719,26.67122
19939,83.37019,26.67030
19940,83.37019,26.67007
19941,83.36794,26.67110
19942,83.36954,26.66994
19943,83.36922,26.66927
19944,83.36998,26.67037
19945,83.36984,26.67005
19946,83.37028,26.66984
19947,83.37022,26.66944
19948,83.36976,26.66914
19949,83.36895,26.66932
19950,83.37150,26.67029
19951,83.37184,26.67056
19952,83.37142,26.66995
19953,83.37157,26.66973
19954,83.37122,26.66997
19955,83.37200,26.67179
19956,83.37324,26.67085
19957,83.37293,26.67108
19958,83.37004,26.67331
19959,83.37063,26.67156
19960,83.37169,26.67104
19961,83.37212,26.67092
19962,83.37124,26.67114
19963,83.37093,26.67028
19964,83.37105,26.66999
19965,83.36951,26.66837
19966,83.37268,26.66743
19967,83.37415,26.66806
19968,83.37355,26.66819
19969,83.37623,26.66663
19970,83.37476,26.66719
19971,83.37493,26.66768
19972,83.37541,26.66758
19973,83.37504,26.66881
19974,83.37614,26.66943
19975,83.37458,26.66932
19976,83.37208,26.67163
19977,83.37267,26.67013
19978,83.37330,26.66976
19979,83.37442,26.66902
19980,83.37408,26.66773
19981,83.37297,26.66621
19982,83.37417,26.66611
19983,83.37344,26.66556
19984,83.37103,26.66624
19985,83.36683,26.68221
19986,83.36704,26.68249
19987,83.36738,26.68262
19988,83.33978,26.76349
19989,83.33999,26.76331
19990,83.34140,26.76307
19991,83.32136,26.66924
19992,83.32188,26.67606
19993,83.32180,26.67572
19994,83.32343,26.68095
19995,83.32304,26.67885
19996,83.32354,26.68101
19997,83.32397,26.68186
19998,83.32600,26.67962
19999,83.32619,26.67954
20000,83.32772,26.67898
20001,83.32666,26.68041
20002,83.32674,26.68113
20003,83.32771,26.68016
20004,83.32676,26.67698
20005,83.32406,26.67713
20006,83.32590,26.67819
20007,83.32693,26.67775
20008,83.32689,26.67860
20009,83.32673,26.67815
20010,83.32303,26.66894
20011,83.32260,26.66748
20012,83.32189,26.66548
20013,83.32240,26.66642
20014,83.32054,26.66613
20015,83.32282,26.66510
20016,83.32368,26.66467
20017,83.32393,26.66489
20018,83.32604,26.66365
20019,83.32388,26.66586
20020,83.32438,26.66714
20021,83.32334,26.66614
20022,83.32654,26.66468
20023,83.32685,26.66660
20024,83.33691,26.66672
20025,83.32944,26.67080
20026,83.33093,26.67038
20027,83.34101,26.66327
20028,83.34123,26.66310
20029,83.32878,26.67099
20030,83.32896,26.67184
20031,83.32826,26.67199
20032,83.32968,26.67157
20033,83.32995,26.67225
20034,83.33043,26.67348
20035,83.33162,26.67173
20036,83.33233,26.67356
20037,83.33249,26.67478
20038,83.33308,26.67697
20039,83.33343,26.67802
20040,83.33358,26.67823
20041,83.33422,26.67895
20042,83.33657,26.67415
20043,83.33707,26.67805
20044,83.33751,26.67980
20045,83.33804,26.68087
20046,83.33823,26.68142
20047,83.33884,26.68224
20048,83.33903,26.68258
20049,83.33587,26.67828
20050,83.33427,26.67820
20051,83.33501,26.67995
20052,83.33040,26.67751
20053,83.33197,26.67856
20054,83.33141,26.67868
20055,83.33220,26.67850
20056,83.33193,26.68177
20057,83.33178,26.68073
20058,83.33153,26.68078
20059,83.33310,26.68156
20060,83.33383,26.68135
20061,83.33432,26.67943
20062,83.33436,26.68006
20063,83.33523,26.68078
20064,83.33528,26.68091
20065,83.33687,26.68046
20066,83.33327,26.68271
20067,83.33740,26.68169
20068,83.33769,26.68206
20069,83.33776,26.68250
20070,83.33905,26.68112
20071,83.34087,26.67958
20072,83.32662,26.67140
20073,83.32673,26.67141
20074,83.37324,26.66651
20075,83.31614,26.85130
20076,83.32812,26.67243
20077,83.32861,26.67269
20078,83.32942,26.67280
20079,83.33238,26.67352
20080,83.32781,26.67127
20081,83.32324,26.68097
20082,83.32639,26.67763
20083,83.32626,26.67728
20084,83.32375,26.67511
20085,83.32643,26.66442
20086,83.32590,26.66417
20087,83.32176,26.66258
20088,83.32227,26.66410
20089,83.32381,26.66521
20090,83.32327,26.66543
20091,83.32383,26.66588
20092,83.32355,26.66720
20093,83.32152,26.66433
20094,83.32781,26.67671
20095,83.32790,26.67684
20096,83.32728,26.67800
20097,83.32558,26.67927
20098,83.32576,26.67972
20099,83.32502,26.68003
20100,83.32544,26.68108
20101,83.32817,26.68151
20102,83.32763,26.68022
20103,83.32776,26.68176
20104,83.32716,26.68245
20105,83.32494,26.68254
20106,83.32318,26.68059
20107,83.32499,26.68229
20108,83.32446,26.68188
20109,83.32396,26.68067
20110,83.32594,26.67902
20111,83.32772,26.67749
20112,83.32480,26.67907
20113,83.32634,26.67887
20114,83.33701,26.67806
20115,83.34110,26.68149
20116,83.33933,26.68020
20117,83.33845,26.68004
20118,83.33839,26.68020
20119,83.33864,26.68061
20120,83.33948,26.68204
20121,83.33882,26.68046
20122,83.47468,26.79022
20123,83.47304,26.79613
20124,83.47406,26.80026
20125,83.47253,26.79617
20126,83.47229,26.79619
20127,83.47069,26.79643
20128,83.47218,26.78411
20129,83.46792,26.79103
20130,83.46464,26.79061
20131,83.46906,26.79105
20132,83.46910,26.79261
20133,83.47195,26.79328
20134,83.46943,26.79356
20135,83.33292,26.68251
20136,83.33225,26.68276
20137,83.33493,26.68157
20138,83.33399,26.68202
20139,83.33433,26.68235
20140,83.33414,26.68234
20141,83.33313,26.68155
20142,83.33396,26.68168
20143,83.33455,26.68125
20144,83.33388,26.67571
20145,83.33278,26.67575
20146,83.33263,26.68041
20147,83.33412,26.67762
20148,83.33579,26.67822
20149,83.33190,26.67858
20150,83.33127,26.67728
20151,83.33203,26.67995
20152,83.33139,26.68020
20153,83.33255,26.67498
20154,83.33535,26.68120
20155,83.33294,26.67949
20156,83.33436,26.67969
20157,83.33129,26.67980
20158,83.33108,26.68242
20159,83.33171,26.68220
20160,83.33163,26.68163
20161,83.33087,26.68122
20162,83.33224,26.68273
20163,83.33222,26.67920
20164,83.46452,26.79274
20165,83.46392,26.79437
20166,83.46292,26.79377
20167,83.46322,26.78776
20168,83.46309,26.78738
20169,83.46321,26.78630
20170,83.45935,26.78742
20171,83.45730,26.78757
20172,83.45667,26.78400
20173,83.45548,26.78430
20174,83.45685,26.78506
20175,83.47325,26.79100
20176,83.46794,26.78675
20177,83.47587,26.79028
20178,83.47256,26.79527
20179,83.47318,26.80060
20180,83.47346,26.80165
20181,83.46894,26.80051
20182,83.46982,26.80243
20183,83.46668,26.80037
20184,83.46686,26.80101
20185,83.47094,26.80009
20186,83.46972,26.80110
20187,83.46954,26.80034
20188,83.46239,26.79320
20189,83.47094,26.80148
20190,83.47111,26.80201
20191,83.47260,26.80180
20192,83.47225,26.80062
20193,83.47269,26.80054
20194,83.46304,26.80206
20195,83.46469,26.80153
20196,83.46422,26.80092
20197,83.46594,26.79989
20198,83.46579,26.79936
20199,83.46412,26.80202
20200,83.46368,26.80144
20201,83.46582,26.80106
20202,83.47195,26.80036
20203,83.47179,26.79990
20204,83.47291,26.79614
20205,83.47301,26.79613
20206,83.47058,26.79720
20207,83.47040,26.79647
20208,83.47077,26.79703
20209,83.46793,26.78828
20210,83.47542,26.78803
20211,83.47510,26.78797
20212,83.45883,26.78410
20213,83.45558,26.78465
20214,83.45672,26.78764
20215,83.47543,26.78848
20216,83.47549,26.78850
20217,83.37032,26.70539
20218,83.37056,26.70396
20219,83.37060,26.70454
20220,83.37088,26.70467
20221,83.37131,26.70465
20222,83.36971,26.70472
20223,83.36904,26.70445
20224,83.36855,26.70462
20225,83.36785,26.70488
20226,83.36839,26.70393
20227,83.36892,26.70392
20228,83.36971,26.70396
20229,83.37165,26.70755
20230,83.37269,26.70703
20231,83.37294,26.70748
20232,83.37343,26.70650
20233,83.37226,26.70610
20234,83.37204,26.70675
20235,83.37155,26.70696
20236,83.37313,26.70487
20237,83.37219,26.70453
20238,83.37708,26.70442
20239,83.37662,26.70433
20240,83.37703,26.70459
20241,83.37660,26.70451
20242,83.37118,26.70629
20243,83.37176,26.70618
20244,83.37178,26.70613
20245,83.37238,26.70372
20246,83.37209,26.70369
20247,83.37236,26.70386
20248,83.37225,26.70354
20249,83.37218,26.70400
20250,83.37129,26.70403
20251,83.37123,26.70564
20252,83.37132,26.70746
20253,83.37071,26.70874
20254,83.37756,26.70656
20255,83.37701,26.70558
20256,83.37355,26.70746
20257,83.37713,26.70677
20258,83.37382,26.70871
20259,83.37350,26.71016
20260,83.37200,26.71038
20261,83.37301,26.70982
20262,83.38091,26.71316
20263,83.38530,26.70833
20264,83.38587,26.70624
20265,83.38503,26.70820
20266,83.38057,26.71361
20267,83.37695,26.70424
20268,83.45564,26.80328
20269,83.45625,26.80320
20270,83.45450,26.80141
20271,83.45611,26.80012
20272,83.45532,26.80064
20273,83.45479,26.80154
20274,83.45495,26.79968
20275,83.45518,26.80073
20276,83.45525,26.79991
20277,83.45552,26.80051
20278,83.47351,26.80048
20279,83.47412,26.80134
20280,83.47352,26.80175
20281,83.47096,26.79432
20282,83.47941,26.79606
20283,83.50681,26.78533
20284,83.41307,26.70168
20285,83.41332,26.70224
20286,83.41493,26.70194
20287,83.41573,26.70214
20288,83.41853,26.70036
20289,83.41565,26.70193
20290,83.41942,26.70263
20291,83.42178,26.70109
20292,83.42152,26.70068
20293,83.42114,26.70018
20294,83.42196,26.70147
20295,83.42278,26.70108
20296,83.42260,26.70070
20297,83.42236,26.70026
20298,83.42153,26.70070
20299,83.42109,26.70097
20300,83.42037,26.70154
20301,83.41987,26.70113
20302,83.42099,26.70159
20303,83.42139,26.70144
20304,83.42187,26.70129
20305,83.42119,26.70195
20306,83.42038,26.70155
20307,83.42028,26.70229
20308,83.42050,26.70220
20309,83.42010,26.70188
20310,83.38173,26.71526
20311,83.38240,26.71661
20312,83.38227,26.71667
20313,83.38258,26.71782
20314,83.38267,26.71614
20315,83.38218,26.71615
20316,83.38320,26.71514
20317,83.38368,26.71617
20318,83.38355,26.71591
20319,83.38233,26.71645
20320,83.38356,26.71724
20321,83.38496,26.71714
20322,83.38449,26.71640
20323,83.38382,26.71509
20324,83.38442,26.71553
20325,83.38465,26.71600
20326,83.38575,26.71549
20327,83.38164,26.71527
20328,83.38156,26.71448
20329,83.38150,26.71492
20330,83.38111,26.71488
20331,83.38083,26.71503
20332,83.38062,26.71414
20333,83.38076,26.71434
20334,83.38103,26.71532
20335,83.37995,26.71467
20336,83.38031,26.71536
20337,83.38283,26.71385
20338,83.38342,26.71512
20339,83.38455,26.71216
20340,83.38402,26.71315
20341,83.38513,26.71429
20342,83.38539,26.71484
20343,83.38549,26.71421
20344,83.38513,26.71498
20345,83.41719,26.70214
20346,83.41706,26.70183
20347,83.42212,26.69982
20348,83.42235,26.70128
20349,83.42221,26.70088
20350,83.42198,26.70045
20351,83.42065,26.70249
20352,83.42260,26.70071
20353,83.42556,26.70042
20354,83.42542,26.69971
20355,83.42613,26.70074
20356,83.42668,26.69983
20357,83.42677,26.70056
20358,83.42616,26.70261
20359,83.42628,26.70151
20360,83.42646,26.70057
20361,83.42658,26.70056
20362,83.42608,26.70126
20363,83.41977,26.69794
20364,83.41777,26.69826
20365,83.41795,26.69882
20366,83.41843,26.69879
20367,83.41963,26.69874
20368,83.42195,26.69858
20369,83.42443,26.69761
20370,83.42511,26.69739
20371,83.42652,26.69538
20372,83.42484,26.69748
20373,83.42499,26.69797
20374,83.42482,26.69797
20375,83.42519,26.69827
20376,83.42263,26.69607
20377,83.42314,26.69817
20378,83.42114,26.69636
20379,83.41826,26.69834
20380,83.41840,26.69872
20381,83.41858,26.69798
20382,83.41931,26.69774
20383,83.41801,26.69731
20384,83.41776,26.69693
20385,83.41229,26.69941
20386,83.41233,26.70057
20387,83.41137,26.69976
20388,83.41069,26.69994
20389,83.41121,26.70099
20390,83.41091,26.70148
20391,83.40787,26.70175
20392,83.40888,26.70011
20393,83.40879,26.70095
20394,83.41042,26.70003
20395,83.40854,26.69573
20396,83.40968,26.69895
20397,83.40897,26.70012
20398,83.41073,26.69994
20399,83.42265,26.69608
20400,83.42091,26.69021
20401,83.42026,26.69653
20402,83.42893,26.69198
20403,83.43008,26.69201
20404,83.42786,26.69192
20405,83.42694,26.69158
20406,83.42775,26.69139
20407,83.42999,26.69166
20408,83.42268,26.68921
20409,83.42437,26.69575
20410,83.42795,26.69228
20411,83.42685,26.69510
20412,83.42860,26.69443
20413,83.42866,26.69477
20414,83.43079,26.69840
20415,83.43211,26.69847
20416,83.43066,26.69779
20417,83.43237,26.69773
20418,83.43185,26.69848
20419,83.43182,26.69776
20420,83.43002,26.69482
20421,83.42844,26.69304
20422,83.42804,26.69432
20423,83.42745,26.69388
20424,83.41421,26.69148
20425,83.41063,26.69655
20426,83.41261,26.69643
20427,83.41456,26.69553
20428,83.41606,26.69501
20429,83.41323,26.69359
20430,83.41153,26.69496
20431,83.41239,26.69428
20432,83.41434,26.69522
20433,83.41195,26.69762
20434,83.41356,26.69702
20435,83.41419,26.69673
20436,83.41529,26.69746
20437,83.41484,26.69775
20438,83.41312,26.69620
20439,83.40854,26.69300
20440,83.41002,26.69364
20441,83.41075,26.69543
20442,83.41278,26.69398
20443,83.41620,26.69280
20444,83.41737,26.69220
20445,83.41684,26.69132
20446,83.41545,26.69314
20447,83.41628,26.68718
20448,83.41722,26.68741
20449,83.41636,26.68768
20450,83.41702,26.69504
20451,83.41624,26.69536
20452,83.41734,26.69447
20453,83.41512,26.68976
20454,83.41584,26.69076
20455,83.41587,26.68978
20456,83.41727,26.69072
20457,83.41606,26.69030
20458,83.41637,26.69026
20459,83.41563,26.68961
20460,83.41619,26.68922
20461,83.41606,26.68978
20462,83.41598,26.68940
20463,83.41614,26.68942
20464,83.41652,26.68900
20465,83.41677,26.68877
20466,83.41746,26.68858
20467,83.41907,26.68874
20468,83.41232,26.69093
20469,83.42638,26.70251
20470,83.42663,26.70056
20471,83.42674,26.70042
20472,83.42986,26.69824
20473,83.42967,26.69819
20474,83.43297,26.69462
20475,83.46778,26.77562
20476,83.46818,26.77952
20477,83.46827,26.78069
20478,83.46934,26.77587
20479,83.46982,26.77759
20480,83.47154,26.77952
20481,83.47362,26.77762
20482,83.45763,26.77755
20483,83.45988,26.77752
20484,83.46303,26.77811
20485,83.46427,26.77969
20486,83.46210,26.77722
20487,83.46230,26.77302
20488,83.46369,26.77620
20489,83.45647,26.78222
20490,83.45759,26.78232
20491,83.45814,26.78233
20492,83.45815,26.78120
20493,83.45892,26.78131
20494,83.46094,26.78163
20495,83.46290,26.78210
20496,83.46272,26.78105
20497,83.46313,26.78081
20498,83.46125,26.77995
20499,83.46111,26.78079
20500,83.46224,26.78014
20501,83.45947,26.77888
20502,83.46494,26.77275
20503,83.46346,26.77141
20504,83.47125,26.76925
20505,83.47211,26.77190
20506,83.47234,26.77256
20507,83.47405,26.77206
20508,83.47376,26.77152
20509,83.47276,26.77175
20510,83.46571,26.77333
20511,83.46616,26.77373
20512,83.46636,26.77393
20513,83.47387,26.77775
20514,83.47126,26.77691
20515,83.45837,26.77405
20516,83.45931,26.77362
20517,83.45891,26.77096
20518,83.47031,26.77774
20519,83.46793,26.77830
20520,83.46706,26.77825
20521,83.46794,26.77842
20522,83.46740,26.77810
20523,83.46563,26.77874
20524,83.46580,26.77936
20525,83.46620,26.78023
20526,83.46608,26.78088
20527,83.46563,26.78085
20528,83.46197,26.78113
20529,83.46324,26.78031
20530,83.46317,26.78108
20531,83.46151,26.78048
20532,83.46116,26.78047
20533,83.46185,26.78007
20534,83.46186,26.78061
20535,83.46817,26.77948
20536,83.46721,26.77938
20537,83.46412,26.77738
20538,83.46329,26.77770
20539,83.46493,26.77944
20540,83.47048,26.77647
20541,83.46241,26.77218
20542,83.45929,26.77337
20543,83.46321,26.77274
20544,83.45906,26.77151
20545,83.45850,26.77443
20546,83.45404,26.77298
20547,83.46029,26.77482
20548,83.45979,26.77422
20549,83.46180,26.77815
20550,83.46247,26.77871
20551,83.46289,26.77834
20552,83.46230,26.77836
20553,83.46207,26.77852
20554,83.45908,26.77752
20555,83.45700,26.78191
20556,83.45628,26.78220
20557,83.45505,26.78230
20558,83.47165,26.77339
20559,83.47187,26.77387
20560,83.46891,26.77959
20561,83.47041,26.77592
20562,83.47043,26.77551
20563,83.47005,26.77625
20564,83.47385,26.77457
20565,83.47344,26.77432
20566,83.46734,26.77376
20567,83.46708,26.77383
20568,83.46802,26.77491
20569,83.47233,26.77302
20570,83.47272,26.77455
20571,83.46965,26.77911
20572,83.46980,26.77967
20573,83.47019,26.77907
20574,83.47028,26.77969
20575,83.46973,26.77781
20576,83.46945,26.77964
20577,83.46827,26.77545
20578,83.46927,26.77739
20579,83.46785,26.77770
20580,83.46860,26.77692
20581,83.46809,26.77699
20582,83.46801,26.77704
20583,83.45336,26.78240
20584,83.46063,26.77751
20585,83.45937,26.77534
20586,83.45754,26.77600
20587,83.47686,26.76936
20588,83.47618,26.76974
20589,83.47557,26.77014
20590,83.47636,26.77095
20591,83.47629,26.77096
20592,83.47294,26.77231
20593,83.46206,26.76701
20594,83.46192,26.76669
20595,83.46109,26.76477
20596,83.45943,26.76756
20597,83.46418,26.76637
20598,83.46939,26.76552
20599,83.46867,26.76583
20600,83.46836,26.76595
20601,83.46593,26.76674
20602,83.46459,26.76727
20603,83.46241,26.76789
20604,83.46076,26.76838
20605,83.46285,26.76965
20606,83.45979,26.76485
20607,83.45793,26.76534
20608,83.46179,26.76472
20609,83.46308,26.76456
20610,83.46362,26.76459
20611,83.46376,26.76484
20612,83.46175,26.76450
20613,83.46465,26.76466
20614,83.46477,26.76480
20615,83.46755,26.76420
20616,83.47071,26.76347
20617,83.47104,26.76488
20618,83.47166,26.76466
20619,83.47260,26.76462
20620,83.46957,26.76591
20621,83.47127,26.76525
20622,83.47124,26.76648
20623,83.47191,26.76618
20624,83.47242,26.76727
20625,83.47439,26.76487
20626,83.47506,26.76603
20627,83.47567,26.76425
20628,83.47529,26.76443
20629,83.47271,26.76390
20630,83.45420,26.76395
20631,83.41696,26.80108
20632,83.42716,26.80125
20633,83.42397,26.80015
20634,83.42292,26.79694
20635,83.42199,26.79467
20636,83.42665,26.78938
20637,83.42158,26.79018
20638,83.42153,26.79022
20639,83.41996,26.79411
20640,83.42316,26.79493
20641,83.42504,26.79538
20642,83.41633,26.79701
20643,83.37227,26.71166
20644,83.37316,26.71132
20645,83.37344,26.71396
20646,83.37438,26.71431
20647,83.37463,26.71480
20648,83.37373,26.71459
20649,83.37510,26.71462
20650,83.37389,26.71589
20651,83.46504,26.76858
20652,83.46528,26.76899
20653,83.46541,26.76925
20654,83.46441,26.76871
20655,83.46464,26.76924
20656,83.46484,26.76970
20657,83.46473,26.76865
20658,83.46495,26.76912
20659,83.46509,26.76941
20660,83.46449,26.76930
20661,83.46475,26.76721
20662,83.46560,26.76886
20663,83.46582,26.76929
20664,83.46904,26.76766
20665,83.46931,26.76755
20666,83.46879,26.76709
20667,83.46908,26.76697
20668,83.46923,26.76726
20669,83.46892,26.76738
20670,83.46889,26.76672
20671,83.46868,26.76767
20672,83.46867,26.76681
20673,83.46912,26.76784
20674,83.46741,26.76783
20675,83.46806,26.76875
20676,83.46754,26.76831
20677,83.46767,26.76894
20678,83.46934,26.76691
20679,83.47161,26.76732
20680,83.47218,26.76559
20681,83.47171,26.76539
20682,83.47207,26.76614
20683,83.47178,26.76555
20684,83.47151,26.76565
20685,83.46980,26.76495
20686,83.46993,26.76529
20687,83.46990,26.76531
20688,83.47009,26.76571
20689,83.47013,26.76580
20690,83.46973,26.76585
20691,83.46998,26.76641
20692,83.37536,26.71364
20693,83.37620,26.71565
20694,83.37403,26.71289
20695,83.37458,26.71260
20696,83.37796,26.71494
20697,83.37714,26.71375
20698,83.37736,26.71518
20699,83.37686,26.71417
20700,83.37717,26.71341
20701,83.37814,26.71411
20702,83.37880,26.71436
20703,83.37871,26.71413
20704,83.37614,26.71666
20705,83.37748,26.71555
20706,83.37771,26.71607
20707,83.37792,26.71652
20708,83.37540,26.71816
20709,83.37498,26.71828
20710,83.37622,26.71776
20711,83.37643,26.71851
20712,83.37622,26.71810
20713,83.37574,26.71822
20714,83.37689,26.71845
20715,83.37659,26.71796
20716,83.37657,26.71764
20717,83.37463,26.71697
20718,83.37384,26.71727
20719,83.37480,26.71680
20720,83.37608,26.71661
20721,83.37549,26.71683
20722,83.37491,26.71576
20723,83.37430,26.71844
20724,83.37563,26.71718
20725,83.37631,26.71682
20726,83.37559,26.71569
20727,83.37657,26.71734
20728,83.37729,26.71800
20729,83.37497,26.71823
20730,83.37469,26.71944
20731,83.37294,26.72022
20732,83.37280,26.71947
20733,83.37192,26.71962
20734,83.37220,26.71862
20735,83.37184,26.71847
20736,83.37119,26.71859
20737,83.37206,26.71807
20738,83.37176,26.71730
20739,83.37247,26.71795
20740,83.37361,26.71818
20741,83.37376,26.71855
20742,83.37393,26.71750
20743,83.37282,26.71690
20744,83.37362,26.71667
20745,83.37089,26.72099
20746,83.37099,26.72155
20747,83.37289,26.72068
20748,83.37435,26.72040
20749,83.37386,26.72127
20750,83.37394,26.72183
20751,83.37216,26.72140
20752,83.37238,26.72212
20753,83.37080,26.72186
20754,83.37094,26.72242
20755,83.37322,26.72254
20756,83.37203,26.72219
20757,83.37166,26.72258
20758,83.37254,26.72208
20759,83.38563,26.71666
20760,83.38614,26.71760
20761,83.37878,26.71876
20762,83.37844,26.71884
20763,83.38586,26.71876
20764,83.38535,26.71863
20765,83.38441,26.71998
20766,83.38502,26.71811
20767,83.38470,26.71827
20768,83.37701,26.71840
20769,83.37734,26.72017
20770,83.37735,26.71947
20771,83.37770,26.72050
20772,83.37814,26.71952
20773,83.37841,26.72026
20774,83.37840,26.71915
20775,83.38005,26.71902
20776,83.38362,26.71981
20777,83.38191,26.71906
20778,83.38213,26.72064
20779,83.38230,26.72119
20780,83.38224,26.72028
20781,83.38029,26.71978
20782,83.37990,26.72004
20783,83.38337,26.72312
20784,83.38455,26.72206
20785,83.38475,26.72250
20786,83.38541,26.72225
20787,83.38490,26.72246
20788,83.38583,26.72243
20789,83.38611,26.72168
20790,83.38598,26.72279
20791,83.38515,26.72093
20792,83.38469,26.72107
20793,83.38491,26.72159
20794,83.38123,26.72228
20795,83.38236,26.72278
20796,83.38162,26.72210
20797,83.38189,26.72258
20798,83.37897,26.72288
20799,83.37866,26.72315
20800,83.37820,26.72341
20801,83.37921,26.72032
20802,83.37925,26.72121
20803,83.37889,26.72129
20804,83.37828,26.72030
20805,83.37841,26.72063
20806,83.37854,26.72102
20807,83.37829,26.72143
20808,83.37780,26.72180
20809,83.37676,26.72211
20810,83.37627,26.72186
20811,83.37674,26.72144
20812,83.37532,26.72279
20813,83.37545,26.72321
20814,83.37547,26.72256
20815,83.37557,26.72316
20816,83.37557,26.72216
20817,83.37500,26.72222
20818,83.38251,26.71657
20819,83.38277,26.71716
20820,83.38316,26.71732
20821,83.37862,26.71810
20822,83.38212,26.71603
20823,83.38095,26.71636
20824,83.37991,26.71622
20825,83.37977,26.71702
20826,83.37939,26.71599
20827,83.37874,26.71592
20828,83.38020,26.71615
20829,83.38082,26.71598
20830,83.38076,26.71534
20831,83.38039,26.71536
20832,83.38075,26.71581
20833,83.38144,26.71691
20834,83.38171,26.71749
20835,83.38102,26.71658
20836,83.37962,26.71705
20837,83.37980,26.71832
20838,83.37924,26.71707
20839,83.37922,26.71779
20840,83.37892,26.71716
20841,83.37852,26.71645
20842,83.37880,26.71842
20843,83.36434,26.71540
20844,83.36541,26.70927
20845,83.36775,26.71092
20846,83.36857,26.71147
20847,83.36785,26.71076
20848,83.36870,26.71133
20849,83.36898,26.71108
20850,83.36807,26.71050
20851,83.36685,26.70908
20852,83.36927,26.71078
20853,83.36781,26.70937
20854,83.36806,26.70890
20855,83.36745,26.70524
20856,83.36733,26.70663
20857,83.36642,26.70737
20858,83.36735,26.70774
20859,83.36781,26.70776
20860,83.36788,26.70788
20861,83.36720,26.70902
20862,83.36864,26.70739
20863,83.46727,26.77718
20864,83.47283,26.76457
20865,83.47286,26.76390
20866,83.47378,26.76379
20867,83.47185,26.76482
20868,83.46833,26.76599
20869,83.46703,26.76649
20870,83.46452,26.76380
20871,83.46358,26.76433
20872,83.46207,26.76412
20873,83.45518,26.76322
20874,83.45695,26.76779
20875,83.45886,26.76913
20876,83.45935,26.76903
20877,83.45900,26.76801
20878,83.45772,26.76843
20879,83.46050,26.76670
20880,83.46138,26.76548
20881,83.46032,26.76587
20882,83.46214,26.76720
20883,83.46100,26.76831
20884,83.45858,26.76661
20885,83.46016,26.76478
20886,83.45556,26.76852
20887,83.45487,26.76766
20888,83.45523,26.76534
20889,83.45506,26.76568
20890,83.45523,26.76615
20891,83.45452,26.76586
20892,83.45575,26.76580
20893,83.45683,26.76489
20894,83.36435,26.72132
20895,83.36474,26.72223
20896,83.36454,26.72239
20897,83.36477,26.72294
20898,83.36446,26.72310
20899,83.36434,26.72062
20900,83.36573,26.71879
20901,83.36595,26.71935
20902,83.36483,26.71744
20903,83.36500,26.71789
20904,83.36471,26.71801
20905,83.36551,26.71769
20906,83.38228,26.79826
20907,83.38286,26.79996
20908,83.38298,26.80015
20909,83.38403,26.80010
20910,83.39597,26.67987
20911,83.39515,26.68008
20912,83.39685,26.68088
20913,83.39796,26.66331
20914,83.38457,26.79910
20915,83.38519,26.79860
20916,83.38560,26.79809
20917,83.38528,26.79704
20918,83.38554,26.79699
20919,83.38592,26.79783
20920,83.38107,26.79807
20921,83.38097,26.79690
20922,83.38018,26.80168
20923,83.37922,26.80230
20924,83.37836,26.80273
20925,83.37793,26.80294
20926,83.37812,26.80237
20927,83.37818,26.80332
20928,83.37764,26.80251
20929,83.37918,26.80232
20930,83.38006,26.80272
20931,83.37983,26.80283
20932,83.38032,26.80363
20933,83.37935,26.80258
20934,83.37922,26.80319
20935,83.38245,26.80367
20936,83.38184,26.80430
20937,83.37813,26.80595
20938,83.37967,26.80570
20939,83.38063,26.80554
20940,83.38288,26.80405
20941,83.37877,26.80732
20942,83.37864,26.80586
20943,83.37915,26.80578
20944,83.37928,26.80707
20945,83.37785,26.80679
20946,83.37828,26.80755
20947,83.37820,26.80675
20948,83.37763,26.80682
20949,83.37768,26.80761
20950,83.37728,26.80737
20951,83.37703,26.80739
20952,83.37597,26.80624
20953,83.37624,26.80717
20954,83.37613,26.80679
20955,83.37692,26.80656
20956,83.37641,26.80618
20957,83.37653,26.80666
20958,83.37806,26.80564
20959,83.37961,26.80542
20960,83.37859,26.80556
20961,83.37863,26.80586
20962,83.37911,26.80549
20963,83.37965,26.80570
20964,83.38034,26.80514
20965,83.38025,26.80501
20966,83.38035,26.80515
20967,83.38101,26.80477
20968,83.37531,26.80293
20969,83.37714,26.80293
20970,83.37734,26.80352
20971,83.37760,26.80311
20972,83.37555,26.80370
20973,83.37532,26.80293
20974,83.37514,26.80244
20975,83.37576,26.80289
20976,83.37573,26.80258
20977,83.37607,26.80251
20978,83.37608,26.80012
20979,83.37573,26.79946
20980,83.37591,26.80203
20981,83.37646,26.80255
20982,83.37626,26.80193
20983,83.37565,26.80243
20984,83.37705,26.80002
20985,83.37625,26.80043
20986,83.37693,26.79970
20987,83.37689,26.79916
20988,83.37791,26.80001
20989,83.37570,26.79947
20990,83.37574,26.79838
20991,83.37763,26.79794
20992,83.37590,26.79847
20993,83.37699,26.79871
20994,83.37754,26.79830
20995,83.37711,26.79862
20996,83.37803,26.79688
20997,83.37833,26.79635
20998,83.37967,26.79669
20999,83.37942,26.79628
21000,83.38013,26.79602
21001,83.38038,26.79659
21002,83.37936,26.79512
21003,83.37959,26.79584
21004,83.37871,26.79600
21005,83.37847,26.79531
21006,83.37613,26.79631
21007,83.37678,26.79618
21008,83.37633,26.79627
21009,83.37703,26.79723
21010,83.37743,26.79716
21011,83.37809,26.79697
21012,83.37722,26.79646
21013,83.37686,26.79660
21014,83.48662,26.76839
21015,83.48119,26.76928
21016,83.47750,26.77029
21017,83.47794,26.76646
21018,83.47882,26.76534
21019,83.47881,26.76754
21020,83.47902,26.76775
21021,83.47693,26.76946
21022,83.48377,26.77316
21023,83.48109,26.78018
21024,83.48368,26.78289
21025,83.40015,26.66622
21026,83.40010,26.66679
21027,83.39093,26.66901
21028,83.39273,26.66771
21029,83.39319,26.66619
21030,83.39371,26.66704
21031,83.39429,26.66661
21032,83.39446,26.66652
21033,83.39245,26.66668
21034,83.39317,26.66741
21035,83.39361,26.66711
21036,83.39400,26.66760
21037,83.39463,26.66714
21038,83.39340,26.66862
21039,83.39430,26.66931
21040,83.39352,26.66817
21041,83.39305,26.66815
21042,83.39353,26.66789
21043,83.39381,26.66738
21044,83.39404,26.66679
21045,83.39348,26.66600
21046,83.49269,26.76467
21047,83.47967,26.76454
21048,83.47986,26.76504
21049,83.48021,26.76605
21050,83.47886,26.76624
21051,83.47911,26.76694
21052,83.47826,26.76824
21053,83.37819,26.79882
21054,83.37758,26.79750
21055,83.37530,26.79729
21056,83.37588,26.79717
21057,83.37596,26.79756
21058,83.37606,26.79695
21059,83.37571,26.79756
21060,83.37540,26.79765
21061,83.37521,26.79660
21062,83.37513,26.79597
21063,83.37561,26.79587
21064,83.37564,26.79605
21065,83.37558,26.79570
21066,83.37431,26.79650
21067,83.37514,26.79610
21068,83.37452,26.79591
21069,83.37398,26.79619
21070,83.37445,26.79538
21071,83.37453,26.79563
21072,83.37440,26.79521
21073,83.37327,26.79441
21074,83.37348,26.79516
21075,83.37245,26.79475
21076,83.37431,26.79462
21077,83.37417,26.79409
21078,83.37450,26.79263
21079,83.37463,26.79318
21080,83.37526,26.79285
21081,83.37565,26.79295
21082,83.37361,26.79356
21083,83.37424,26.79335
21084,83.37209,26.79384
21085,83.37246,26.79427
21086,83.37220,26.79397
21087,83.37225,26.79285
21088,83.37244,26.79328
21089,83.37239,26.79224
21090,83.37284,26.79312
21091,83.37324,26.79297
21092,83.37393,26.79200
21093,83.37377,26.79136
21094,83.37365,26.79231
21095,83.37439,26.79207
21096,83.37527,26.79143
21097,83.37589,26.79025
21098,83.37651,26.79018
21099,83.37712,26.78987
21100,83.37786,26.78870
21101,83.37757,26.78912
21102,83.37831,26.78899
21103,83.37794,26.78906
21104,83.37921,26.79007
21105,83.38057,26.78993
21106,83.38029,26.78928
21107,83.38041,26.78956
21108,83.38070,26.78947
21109,83.37175,26.79248
21110,83.37102,26.79353
21111,83.37197,26.79286
21112,83.37090,26.79263
21113,83.37120,26.79189
21114,83.37100,26.79148
21115,83.37198,26.79251
21116,83.37290,26.79174
21117,83.37355,26.79208
21118,83.37338,26.79151
21119,83.37631,26.79125
21120,83.37617,26.79073
21121,83.37635,26.79124
21122,83.37653,26.79200
21123,83.37763,26.79130
21124,83.37689,26.79152
21125,83.37833,26.79089
21126,83.37888,26.79090
21127,83.38049,26.79027
21128,83.38076,26.79099
21129,83.38420,26.78812
21130,83.38458,26.78915
21131,83.38369,26.78939
21132,83.38305,26.78772
21133,83.38321,26.78815
21134,83.38277,26.78965
21135,83.38395,26.78814
21136,83.38442,26.78873
21137,83.38331,26.78767
21138,83.38283,26.78825
21139,83.38187,26.78831
21140,83.38277,26.78808
21141,83.38163,26.78829
21142,83.38046,26.78866
21143,83.38179,26.78992
21144,83.38119,26.78843
21145,83.38113,26.78824
21146,83.38153,26.78811
21147,83.38026,26.78851
21148,83.38139,26.78816
21149,83.38159,26.78941
21150,83.38142,26.78899
21151,83.38127,26.78861
21152,83.38133,26.78877
21153,83.37988,26.78655
21154,83.38040,26.78757
21155,83.38068,26.78753
21156,83.38163,26.78673
21157,83.38098,26.78672
21158,83.38073,26.78623
21159,83.38111,26.78645
21160,83.38150,26.78631
21161,83.38385,26.78618
21162,83.38395,26.78646
21163,83.38388,26.78479
21164,83.38376,26.78432
21165,83.37446,26.78755
21166,83.37428,26.78686
21167,83.37395,26.78766
21168,83.37376,26.78698
21169,83.37418,26.78727
21170,83.37386,26.78734
21171,83.37468,26.78676
21172,83.37491,26.78760
21173,83.37485,26.78672
21174,83.37598,26.78738
21175,83.37632,26.78633
21176,83.37641,26.78669
21177,83.37699,26.78657
21178,83.37787,26.78663
21179,83.38035,26.78560
21180,83.38050,26.78589
21181,83.37961,26.78582
21182,83.37935,26.78519
21183,83.40503,26.68211
21184,83.40559,26.68291
21185,83.40594,26.68330
21186,83.40767,26.68250
21187,83.40860,26.68244
21188,83.40805,26.68212
21189,83.40602,26.68133
21190,83.40875,26.68119
21191,83.39695,26.68068
21192,83.39815,26.68039
21193,83.39688,26.68170
21194,83.39921,26.68108
21195,83.40465,26.66810
21196,83.40119,26.66869
21197,83.40049,26.66654
21198,83.40364,26.66468
21199,83.40301,26.66510
21200,83.40498,26.66754
21201,83.40627,26.67103
21202,83.37310,26.79027
21203,83.37273,26.79040
21204,83.37110,26.78926
21205,83.37175,26.78973
21206,83.37152,26.78916
21207,83.37200,26.79026
21208,83.37262,26.79044
21209,83.37299,26.78983
21210,83.37328,26.78958
21211,83.37345,26.79015
21212,83.37201,26.78946
21213,83.37187,26.78907
21214,83.36952,26.79070
21215,83.37035,26.78985
21216,83.37087,26.79046
21217,83.37065,26.78979
21218,83.37071,26.78933
21219,83.37083,26.78975
21220,83.36778,26.78974
21221,83.36899,26.78997
21222,83.36880,26.78947
21223,83.36857,26.78988
21224,83.36834,26.78959
21225,83.36806,26.78873
21226,83.36849,26.78886
21227,83.36866,26.78951
21228,83.36896,26.78902
21229,83.36906,26.78942
21230,83.36980,26.78886
21231,83.36992,26.78929
21232,83.37032,26.78920
21233,83.37062,26.78865
21234,83.37072,26.78910
21235,83.37182,26.78818
21236,83.37208,26.78901
21237,83.37244,26.78804
21238,83.37267,26.78885
21239,83.37299,26.78787
21240,83.37322,26.78868
21241,83.37229,26.78739
21242,83.37246,26.78803
21243,83.37195,26.78763
21244,83.37172,26.78782
21245,83.37147,26.78809
21246,83.37046,26.79058
21247,83.37172,26.79017
21248,83.37092,26.79067
21249,83.37085,26.79047
21250,83.37149,26.79051
21251,83.37067,26.79109
21252,83.37016,26.79185
21253,83.36926,26.79147
21254,83.36975,26.79203
21255,83.36949,26.79130
21256,83.36898,26.79168
21257,83.36914,26.79076
21258,83.36844,26.79123
21259,83.36874,26.79103
21260,83.36911,26.79050
21261,83.36860,26.79079
21262,83.36755,26.79056
21263,83.36818,26.79021
21264,83.37030,26.79035
21265,83.36977,26.79040
21266,83.37020,26.79005
21267,83.36562,26.78919
21268,83.36373,26.78620
21269,83.36433,26.78538
21270,83.36476,26.78658
21271,83.36480,26.78489
21272,83.36548,26.78362
21273,83.36489,26.78332
21274,83.36517,26.78383
21275,83.36592,26.78442
21276,83.36388,26.78635
21277,83.36503,26.78857
21278,83.36426,26.78731
21279,83.36369,26.78607
21280,83.36524,26.78700
21281,83.39496,26.68013
21282,83.39239,26.67644
21283,83.39615,26.67633
21284,83.40135,26.66608
21285,83.40262,26.66832
21286,83.40180,26.66681
21287,83.40071,26.66717
21288,83.39349,26.67798
21289,83.39468,26.67741
21290,83.39548,26.67704
21291,83.39554,26.67766
21292,83.47634,26.76924
21293,83.47661,26.76953
21294,83.47664,26.76457
21295,83.47739,26.76424
21296,83.47844,26.76382
21297,83.47793,26.76697
21298,83.47914,26.76734
21299,83.47894,26.76844
21300,83.47869,26.76798
21301,83.47857,26.78075
21302,83.47922,26.78092
21303,83.44675,26.91336
21304,83.39475,26.66916
21305,83.39551,26.66892
21306,83.39539,26.66849
21307,83.39496,26.66781
21308,83.39663,26.66730
21309,83.39300,26.66753
21310,83.39335,26.66798
21311,83.39345,26.66722
21312,83.39383,26.66771
21313,83.48056,26.76532
21314,83.47999,26.76542
21315,83.37282,26.78526
21316,83.37176,26.78531
21317,83.37100,26.78542
21318,83.37082,26.78501
21319,83.36885,26.78363
21320,83.36953,26.78489
21321,83.36957,26.78510
21322,83.36897,26.78400
21323,83.36930,26.78467
21324,83.36862,26.78484
21325,83.36931,26.78468
21326,83.36895,26.78553
21327,83.36905,26.78672
21328,83.36875,26.78684
21329,83.36755,26.78604
21330,83.36800,26.78753
21331,83.36815,26.78707
21332,83.36916,26.78693
21333,83.36956,26.78675
21334,83.37018,26.78678
21335,83.37087,26.78746
21336,83.36761,26.78759
21337,83.36657,26.78774
21338,83.36752,26.78761
21339,83.36879,26.78730
21340,83.36860,26.78690
21341,83.36808,26.78828
21342,83.36835,26.78743
21343,83.36673,26.78848
21344,83.36663,26.78803
21345,83.36643,26.78847
21346,83.36628,26.78688
21347,83.36634,26.78780
21348,83.36767,26.78576
21349,83.36733,26.78456
21350,83.36709,26.78832
21351,83.36693,26.78769
21352,83.36772,26.78795
21353,83.36849,26.78778
21354,83.36746,26.78737
21355,83.36690,26.78683
21356,83.37048,26.78634
21357,83.37193,26.78543
21358,83.37248,26.78580
21359,83.37235,26.78535
21360,83.37205,26.78585
21361,83.37260,26.78439
21362,83.37110,26.78486
21363,83.37105,26.78444
21364,83.37040,26.78420
21365,83.37118,26.78396
21366,83.37048,26.78366
21367,83.37069,26.78411
21368,83.37149,26.78402
21369,83.37198,26.78496
21370,83.37186,26.78460
21371,83.37167,26.78504
21372,83.37214,26.78492
21373,83.37242,26.78371
21374,83.36942,26.78395
21375,83.36817,26.78452
21376,83.36927,26.78546
21377,83.36890,26.78478
21378,83.36849,26.78407
21379,83.36839,26.78375
21380,83.36679,26.78406
21381,83.36528,26.78403
21382,83.36400,26.78387
21383,83.36369,26.78527
21384,83.36443,26.78502
21385,83.36395,26.78469
21386,83.36414,26.78512
21387,83.36403,26.78486
21388,83.36434,26.78476
21389,83.36634,26.78355
21390,83.36460,26.78611
21391,83.36482,26.78604
21392,83.36491,26.78638
21393,83.36476,26.78583
21394,83.36571,26.78552
21395,83.36552,26.78507
21396,83.36462,26.78543
21397,83.36742,26.78916
21398,83.36810,26.79023
21399,83.36688,26.78996
21400,83.36711,26.79011
21401,83.36748,26.79050
21402,83.36587,26.78858
21403,83.36734,26.79186
21404,83.36668,26.79097
21405,83.36707,26.79070
21406,83.36672,26.79052
21407,83.36585,26.79093
21408,83.36611,26.79078
21409,83.36591,26.79051
21410,83.36666,26.79157
21411,83.36678,26.79009
21412,83.36603,26.79067
21413,83.36644,26.78967
21414,83.36393,26.78741
21415,83.36413,26.78788
21416,83.36337,26.78762
21417,83.36592,26.78765
21418,83.36603,26.78749
21419,83.36586,26.78741
21420,83.36639,26.78836
21421,83.36573,26.78812
21422,83.36611,26.78824
21423,83.36597,26.78788
21424,83.36541,26.79041
21425,83.36592,26.78953
21426,83.36498,26.79070
21427,83.36515,26.79020
21428,83.36523,26.78993
21429,83.36533,26.79179
21430,83.36518,26.79130
21431,83.36591,26.79105
21432,83.36546,26.78997
21433,83.36570,26.78983
21434,83.36862,26.79319
21435,83.36779,26.79163
21436,83.36816,26.79143
21437,83.36949,26.79364
21438,83.37065,26.79322
21439,83.36783,26.79523
21440,83.36886,26.79495
21441,83.36923,26.79483
21442,83.36951,26.79472
21443,83.37054,26.79397
21444,83.36956,26.79566
21445,83.36908,26.79543
21446,83.36900,26.79527
21447,83.36804,26.79571
21448,83.36888,26.79587
21449,83.36867,26.79540
21450,83.36823,26.79612
21451,83.36979,26.79595
21452,83.37051,26.79958
21453,83.37113,26.80070
21454,83.36919,26.79896
21455,83.37006,26.79868
21456,83.36981,26.79916
21457,83.36966,26.79881
21458,83.36948,26.79926
21459,83.36934,26.79892
21460,83.36970,26.79824
21461,83.36971,26.79825
21462,83.37064,26.79798
21463,83.37124,26.79782
21464,83.37124,26.79857
21465,83.37105,26.79787
21466,83.37247,26.79783
21467,83.37230,26.79719
21468,83.37226,26.79669
21469,83.37214,26.79607
21470,83.37309,26.79669
21471,83.37274,26.79680
21472,83.37266,26.79666
21473,83.37312,26.79629
21474,83.37346,26.79731
21475,83.37366,26.79724
21476,83.37382,26.79604
21477,83.37342,26.79649
21478,83.37416,26.79694
21479,83.37387,26.79712
21480,83.37264,26.79835
21481,83.37379,26.79796
21482,83.37430,26.79774
21483,83.37509,26.79724
21484,83.37401,26.79874
21485,83.37347,26.79859
21486,83.37333,26.79811
21487,83.37438,26.79865
21488,83.37403,26.79785
21489,83.37443,26.79767
21490,83.37498,26.79827
21491,83.37220,26.79924
21492,83.37236,26.80036
21493,83.37174,26.79995
21494,83.37193,26.80048
21495,83.37177,26.79936
21496,83.37110,26.79912
21497,83.37185,26.79857
21498,83.37200,26.79903
21499,83.37173,26.79818
21500,83.34343,26.69493
21501,83.34257,26.69493
21502,83.34440,26.69213
21503,83.34097,26.69191
21504,83.34797,26.68893
21505,83.34783,26.68868
21506,83.34899,26.68830
21507,83.34891,26.68837
21508,83.34911,26.68865
21509,83.35730,26.69154
21510,83.35706,26.69168
21511,83.42318,26.78675
21512,83.42536,26.78885
21513,83.42875,26.78658
21514,83.42871,26.78249
21515,83.42970,26.78238
21516,83.43192,26.78210
21517,83.43035,26.79087
21518,83.43095,26.78922
21519,83.42941,26.79050
21520,83.42952,26.78941
21521,83.42894,26.78946
21522,83.43040,26.78838
21523,83.42946,26.78996
21524,83.43030,26.78999
21525,83.42989,26.78959
21526,83.42993,26.78998
21527,83.42900,26.78963
21528,83.42950,26.78959
21529,83.42725,26.78963
21530,83.42783,26.78876
21531,83.42812,26.78832
21532,83.43001,26.78779
21533,83.42880,26.78640
21534,83.42768,26.78807
21535,83.42737,26.78764
21536,83.42751,26.78689
21537,83.42774,26.78839
21538,83.42726,26.78929
21539,83.42777,26.78913
21540,83.42768,26.78881
21541,83.43120,26.78766
21542,83.43034,26.78769
21543,83.43013,26.78670
21544,83.42932,26.78642
21545,83.43071,26.78598
21546,83.42898,26.78447
21547,83.43034,26.78417
21548,83.42857,26.78332
21549,83.42936,26.78357
21550,83.42820,26.78380
21551,83.42877,26.78703
21552,83.42847,26.78707
21553,83.42830,26.78669
21554,83.42588,26.78698
21555,83.42629,26.78761
21556,83.42585,26.78410
21557,83.42532,26.78304
21558,83.42549,26.78332
21559,83.42642,26.78315
21560,83.42588,26.78325
21561,83.42613,26.78389
21562,83.42606,26.78371
21563,83.42651,26.78402
21564,83.42642,26.78380
21565,83.42697,26.78446
21566,83.42677,26.78393
21567,83.42733,26.78376
21568,83.41967,26.78657
21569,83.42203,26.78228
21570,83.42323,26.78026
21571,83.42189,26.78430
21572,83.42111,26.78390
21573,83.42324,26.78667
21574,83.42439,26.78693
21575,83.42537,26.78655
21576,83.42448,26.78617
21577,83.42374,26.78570
21578,83.42517,26.78478
21579,83.42509,26.78436
21580,83.42459,26.78853
21581,83.42423,26.78485
21582,83.42493,26.78524
21583,83.42557,26.78517
21584,83.42218,26.78633
21585,83.42406,26.78511
21586,83.42336,26.78476
21587,83.42398,26.78357
21588,83.42351,26.78302
21589,83.42492,26.78372
21590,83.42087,26.78434
21591,83.42089,26.78504
21592,83.42058,26.78488
21593,83.42232,26.78555
21594,83.42206,26.78543
21595,83.42254,26.78465
21596,83.42237,26.78492
21597,83.42261,26.78503
21598,83.42281,26.78481
21599,83.42025,26.78550
21600,83.42139,26.78590
21601,83.41930,26.78497
21602,83.41874,26.78620
21603,83.41743,26.78569
21604,83.41841,26.78385
21605,83.41467,26.78458
21606,83.41499,26.78398
21607,83.41474,26.78387
21608,83.41542,26.78417
21609,83.41504,26.78400
21610,83.41495,26.78357
21611,83.41488,26.78322
21612,83.41579,26.78359
21613,83.41502,26.78327
21614,83.41523,26.78286
21615,83.41349,26.78412
21616,83.41466,26.78364
21617,83.41387,26.78329
21618,83.41287,26.78388
21619,83.41325,26.78304
21620,83.41339,26.78353
21621,83.41370,26.78365
21622,83.41454,26.78398
21623,83.42651,26.78341
21624,83.42624,26.78264
21625,83.41429,26.78322
21626,83.41418,26.78343
21627,83.37179,26.79769
21628,83.37172,26.79708
21629,83.37221,26.79643
21630,83.37136,26.79701
21631,83.37026,26.79676
21632,83.37037,26.79711
21633,83.37098,26.79663
21634,83.37093,26.79448
21635,83.37050,26.79474
21636,83.37125,26.79427
21637,83.37148,26.79499
21638,83.37310,26.79594
21639,83.37340,26.79635
21640,83.42844,26.79011
21641,83.42857,26.79097
21642,83.43078,26.79303
21643,83.43084,26.79303
21644,83.43088,26.79303
21645,83.42668,26.79070
21646,83.42746,26.79100
21647,83.42741,26.79004
21648,83.42746,26.79074
21649,83.42847,26.79097
21650,83.42669,26.79055
21651,83.42661,26.78939
21652,83.42925,26.79357
21653,83.42891,26.79197
21654,83.41028,26.80258
21655,83.41143,26.80288
21656,83.41131,26.80251
21657,83.42824,26.79965
21658,83.43014,26.80213
21659,83.42921,26.80229
21660,83.42711,26.80255
21661,83.42922,26.80232
21662,83.42455,26.80221
21663,83.42487,26.80100
21664,83.42349,26.80276
21665,83.42624,26.80146
21666,83.43000,26.79944
21667,83.42979,26.79723
21668,83.42817,26.79750
21669,83.42810,26.79682
21670,83.42820,26.79613
21671,83.42882,26.79730
21672,83.42811,26.79619
21673,83.42905,26.79705
21674,83.42852,26.79621
21675,83.42580,26.79847
21676,83.42617,26.80028
21677,83.42549,26.80092
21678,83.42545,26.80064
21679,83.42498,26.79930
21680,83.42575,26.80050
21681,83.42527,26.79984
21682,83.42331,26.79904
21683,83.42457,26.79854
21684,83.42453,26.79892
21685,83.42440,26.79861
21686,83.42418,26.79814
21687,83.42443,26.79860
21688,83.42840,26.79931
21689,83.42485,26.79615
21690,83.42462,26.79528
21691,83.42464,26.79645
21692,83.42471,26.79562
21693,83.42581,26.79556
21694,83.42674,26.79676
21695,83.42640,26.79643
21696,83.42629,26.79568
21697,83.42666,26.79577
21698,83.42754,26.79737
21699,83.42870,26.79796
21700,83.42806,26.79610
21701,83.42832,26.79528
21702,83.42810,26.79536
21703,83.42855,26.79622
21704,83.42819,26.79506
21705,83.42983,26.79428
21706,83.42918,26.79473
21707,83.42873,26.79593
21708,83.42852,26.79617
21709,83.42927,26.79490
21710,83.43085,26.79397
21711,83.42967,26.79506
21712,83.42939,26.79448
21713,83.42586,26.79396
21714,83.42632,26.79568
21715,83.42538,26.79359
21716,83.42534,26.79198
21717,83.42401,26.79202
21718,83.42597,26.79195
21719,83.42538,26.79346
21720,83.42615,26.79386
21721,83.42640,26.79377
21722,83.42588,26.79118
21723,83.42587,26.79080
21724,83.42418,26.79202
21725,83.42458,26.79200
21726,83.42457,26.79122
21727,83.42532,26.79119
21728,83.42565,26.79197
21729,83.42563,26.79118
21730,83.42565,26.79037
21731,83.42561,26.78961
21732,83.42515,26.79026
21733,83.42414,26.79021
21734,83.42479,26.79034
21735,83.42452,26.79029
21736,83.42466,26.78968
21737,83.42498,26.79277
21738,83.42497,26.79199
21739,83.41091,26.78431
21740,83.41146,26.78482
21741,83.41152,26.78444
21742,83.41180,26.78447
21743,83.41175,26.78488
21744,83.40921,26.78422
21745,83.40903,26.78452
21746,83.40952,26.78369
21747,83.40927,26.78399
21748,83.40970,26.78416
21749,83.41069,26.78307
21750,83.41008,26.78361
21751,83.41053,26.78361
21752,83.41023,26.78323
21753,83.41059,26.78334
21754,83.41001,26.78466
21755,83.41067,26.78497
21756,83.40955,26.78444
21757,83.40939,26.78470
21758,83.41149,26.78336
21759,83.41158,26.78383
21760,83.41366,26.78467
21761,83.41181,26.78436
21762,83.41258,26.78477
21763,83.41323,26.78498
21764,83.41331,26.78558
21765,83.41338,26.78455
21766,83.41084,26.78607
21767,83.41252,26.78560
21768,83.41379,26.78557
21769,83.41380,26.78424
21770,83.41183,26.78620
21771,83.41165,26.78573
21772,83.41183,26.78656
21773,83.41111,26.78682
21774,83.41082,26.78603
21775,83.41016,26.78732
21776,83.41035,26.78832
21777,83.41065,26.79058
21778,83.41126,26.78805
21779,83.41038,26.78869
21780,83.41043,26.78908
21781,83.41131,26.78900
21782,83.41196,26.78821
21783,83.41079,26.78857
21784,83.41165,26.78895
21785,83.41022,26.78767
21786,83.41131,26.78723
21787,83.41021,26.78719
21788,83.41112,26.78684
21789,83.41102,26.78773
21790,83.41090,26.78739
21791,83.41206,26.78855
21792,83.41249,26.78848
21793,83.41282,26.78970
21794,83.41251,26.78807
21795,83.41431,26.78696
21796,83.41516,26.78943
21797,83.41598,26.79063
21798,83.41687,26.79082
21799,83.41764,26.79155
21800,83.41970,26.79126
21801,83.38544,26.78464
21802,83.37944,26.78747
21803,83.37966,26.78802
21804,83.37900,26.78769
21805,83.37917,26.78813
21806,83.37579,26.78838
21807,83.37593,26.78886
21808,83.37541,26.78843
21809,83.37555,26.78893
21810,83.37519,26.78899
21811,83.37371,26.78872
21812,83.37510,26.78859
21813,83.37440,26.78883
21814,83.37468,26.78884
21815,83.37459,26.78853
21816,83.37593,26.79245
21817,83.37755,26.79283
21818,83.37738,26.79225
21819,83.37792,26.79172
21820,83.37840,26.79311
21821,83.37837,26.79161
21822,83.37847,26.79197
21823,83.37808,26.79206
21824,83.37854,26.79200
21825,83.37936,26.79229
21826,83.37979,26.79251
21827,83.37950,26.79256
21828,83.37973,26.79317
21829,83.38120,26.79375
21830,83.38249,26.79332
21831,83.38130,26.79404
21832,83.38114,26.79327
21833,83.38179,26.79404
21834,83.38161,26.79362
21835,83.38164,26.79312
21836,83.38181,26.79355
21837,83.38029,26.79506
21838,83.38101,26.79559
21839,83.38155,26.79558
21840,83.38181,26.79513
21841,83.38219,26.79501
21842,83.38141,26.79564
21843,83.38170,26.79632
21844,83.38186,26.79662
21845,83.38247,26.79438
21846,83.38287,26.79539
21847,83.38274,26.79501
21848,83.38259,26.79462
21849,83.38304,26.79449
21850,83.38226,26.79518
21851,83.38329,26.79619
21852,83.38215,26.79628
21853,83.38541,26.79327
21854,83.38556,26.79377
21855,83.38545,26.79476
21856,83.38495,26.79519
21857,83.38402,26.79362
21858,83.38450,26.79469
21859,83.38550,26.79433
21860,83.38566,26.79459
21861,83.38479,26.79440
21862,83.38463,26.79407
21863,83.38488,26.79234
21864,83.38393,26.79262
21865,83.38564,26.79209
21866,83.38560,26.79261
21867,83.38545,26.79215
21868,83.38504,26.79275
21869,83.38427,26.79356
21870,83.37852,26.79319
21871,83.37872,26.79367
21872,83.38216,26.79058
21873,83.38232,26.79095
21874,83.38175,26.79068
21875,83.38193,26.79108
21876,83.38260,26.79049
21877,83.38259,26.79086
21878,83.38275,26.79152
21879,83.38322,26.79314
21880,83.38351,26.79239
21881,83.38374,26.79301
21882,83.38339,26.79272
21883,83.38350,26.79307
21884,83.38424,26.79205
21885,83.38391,26.79118
21886,83.38580,26.79124
21887,83.38561,26.79065
21888,83.38541,26.79136
21889,83.38612,26.79114
21890,83.38533,26.79110
21891,83.38571,26.79096
21892,83.38570,26.79299
21893,83.38577,26.79318
21894,83.37492,26.79468
21895,83.37496,26.79491
21896,83.37303,26.79527
21897,83.37287,26.79570
21898,83.37384,26.79666
21899,83.37364,26.79679
21900,83.37158,26.79647
21901,83.37063,26.79639
21902,83.37438,26.78952
21903,83.37799,26.79132
21904,83.37790,26.79099
21905,83.37958,26.79181
21906,83.37944,26.79135
21907,83.37998,26.79170
21908,83.37982,26.79125
21909,83.37992,26.79211
21910,83.37983,26.79175
21911,83.37972,26.79218
21912,83.37967,26.79179
21913,83.37301,26.78919
21914,83.37289,26.78879
21915,83.37110,26.78669
21916,83.37129,26.78713
21917,83.37139,26.78739
21918,83.37189,26.78662
21919,83.37375,26.78666
21920,83.37324,26.78678
21921,83.38349,26.78626
21922,83.38360,26.78661
21923,83.38210,26.78517
21924,83.38198,26.78460
21925,83.38304,26.78480
21926,83.38296,26.78448
21927,83.38436,26.78475
21928,83.38423,26.78422
21929,83.38468,26.78448
21930,83.38617,26.78450
21931,83.38359,26.78398
21932,83.38368,26.78434
21933,83.38276,26.78413
21934,83.38286,26.78450
21935,83.38253,26.78420
21936,83.38262,26.78453
21937,83.38292,26.78408
21938,83.38300,26.78447
21939,83.38246,26.78511
21940,83.38233,26.78456
21941,83.38211,26.78420
21942,83.38246,26.78391
21943,83.38217,26.78328
21944,83.38202,26.78374
21945,83.38233,26.78363
21946,83.38262,26.78311
21947,83.38283,26.78366
21948,83.38070,26.78428
21949,83.38114,26.78360
21950,83.38230,26.78574
21951,83.38186,26.78582
21952,83.37875,26.78323
21953,83.37828,26.78341
21954,83.37940,26.78386
21955,83.37945,26.78415
21956,83.37511,26.78425
21957,83.37522,26.78468
21958,83.37444,26.78604
21959,83.37129,26.78610
21960,83.37245,26.78682
21961,83.37320,26.78666
21962,83.37449,26.78493
21963,83.38083,26.78389
21964,83.38051,26.78405
21965,83.38157,26.78427
21966,83.38157,26.78461
21967,83.38501,26.78566
21968,83.38535,26.78564
21969,83.36858,26.79005
21970,83.36712,26.78979
21971,83.36736,26.78995
21972,83.36717,26.78629
21973,83.36607,26.78641
21974,83.36740,26.78593
21975,83.36410,26.78995
21976,83.36394,26.78966
21977,83.36401,26.79056
21978,83.36410,26.78999
21979,83.36380,26.78887
21980,83.36415,26.78959
21981,83.36390,26.78908
21982,83.36450,26.78893
21983,83.38593,26.79636
21984,83.38429,26.79624
21985,83.38515,26.79603
21986,83.38490,26.79575
21987,83.38532,26.79651
21988,83.38482,26.79662
21989,83.38513,26.79604
21990,83.38551,26.79622
21991,83.38538,26.79587
21992,83.38321,26.79671
21993,83.38390,26.79649
21994,83.38314,26.79649
21995,83.38353,26.79636
21996,83.38336,26.79642
21997,83.38319,26.79696
21998,83.38290,26.79631
21999,83.37681,26.79451
22000,83.37723,26.79433
22001,83.37744,26.79484
22002,83.37923,26.79479
22003,83.37877,26.79489
22004,83.37167,26.79685
22005,83.37227,26.79684
22006,83.37633,26.80057
22007,83.37114,26.80132
22008,83.37085,26.80010
22009,83.37032,26.80031
22010,83.36963,26.79995
22011,83.36840,26.79936
22012,83.36873,26.80080
22013,83.36785,26.80066
22014,83.36579,26.80025
22015,83.36607,26.79969
22016,83.36722,26.80135
22017,83.36703,26.80057
22018,83.36681,26.80125
22019,83.36666,26.80049
22020,83.36648,26.80144
22021,83.36627,26.80042
22022,83.36894,26.80153
22023,83.36866,26.80177
22024,83.37049,26.80126
22025,83.37297,26.79952
22026,83.36641,26.79850
22027,83.36489,26.79872
22028,83.36438,26.79558
22029,83.36427,26.79611
22030,83.36408,26.79566
22031,83.36798,26.79556
22032,83.36567,26.79485
22033,83.36664,26.79603
22034,83.36642,26.79554
22035,83.36610,26.79565
22036,83.36695,26.79574
22037,83.36679,26.79541
22038,83.36615,26.79465
22039,83.36756,26.79462
22040,83.36583,26.79526
22041,83.36450,26.79470
22042,83.36536,26.79440
22043,83.36599,26.79412
22044,83.36720,26.79343
22045,83.36487,26.79357
22046,83.36531,26.79442
22047,83.36611,26.79439
22048,83.36722,26.79427
22049,83.36736,26.79465
22050,83.36813,26.79476
22051,83.36822,26.79512
22052,83.36428,26.79853
22053,83.36471,26.79837
22054,83.36904,26.80362
22055,83.37042,26.80311
22056,83.37103,26.80304
22057,83.37141,26.80304
22058,83.38251,26.80153
22059,83.38118,26.80256
22060,83.38194,26.80324
22061,83.38511,26.80276
22062,83.38542,26.80321
22063,83.38445,26.80125
22064,83.38481,26.80088
22065,83.38497,26.79900
22066,83.38575,26.79937
22067,83.35100,26.66093
22068,83.29692,26.71928
22069,83.29495,26.71384
22070,83.30819,26.70924
22071,83.31101,26.70837
22072,83.31468,26.70671
22073,83.31506,26.70896
22074,83.31500,26.70898
22075,83.30939,26.71082
22076,83.30082,26.71371
22077,83.29569,26.71546
22078,83.31515,26.70940
22079,83.31516,26.70941
22080,83.31242,26.71159
22081,83.29583,26.71601
22082,83.30970,26.71134
22083,83.31311,26.71324
22084,83.30775,26.71536
22085,83.30719,26.71474
22086,83.30606,26.71251
22087,83.30658,26.71350
22088,83.31006,26.71192
22089,83.30628,26.71509
22090,83.30492,26.71288
22091,83.30476,26.71387
22092,83.30428,26.71309
22093,83.30537,26.71365
22094,83.30504,26.71432
22095,83.30532,26.71421
22096,83.30507,26.71376
22097,83.30462,26.71298
22098,83.31523,26.71658
22099,83.31547,26.71690
22100,83.31551,26.71693
22101,83.31574,26.71705
22102,83.31673,26.71835
22103,83.31792,26.71777
22104,83.31681,26.71654
22105,83.31101,26.71300
22106,83.31141,26.71391
22107,83.31228,26.72049
22108,83.31053,26.71905
22109,83.31412,26.71688
22110,83.31279,26.71800
22111,83.31092,26.71410
22112,83.31198,26.71652
22113,83.31225,26.71657
22114,83.31206,26.71669
22115,83.31176,26.71431
22116,83.31101,26.71460
22117,83.31829,26.72186
22118,83.31837,26.72185
22119,83.31614,26.72246
22120,83.31547,26.72076
22121,83.31445,26.71885
22122,83.31789,26.72086
22123,83.31760,26.71998
22124,83.31647,26.72152
22125,83.31683,26.72217
22126,83.31522,26.72204
22127,83.31588,26.72194
22128,83.31438,26.72114
22129,83.31353,26.70724
22130,83.31428,26.70575
22131,83.31256,26.70468
22132,83.31254,26.70465
22133,83.31252,26.70458
22134,83.31250,26.70453
22135,83.31073,26.70822
22136,83.29972,26.71406
22137,83.29895,26.71215
22138,83.30853,26.70919
22139,83.30768,26.71011
22140,83.31187,26.71001
22141,83.31505,26.70914
22142,83.30963,26.71124
22143,83.30949,26.71099
22144,83.29968,26.71397
22145,83.29966,26.71390
22146,83.36760,26.79660
22147,83.36838,26.79629
22148,83.36497,26.79541
22149,83.37864,26.78359
22150,83.37840,26.78369
22151,83.37241,26.79761
22152,83.38284,26.80251
22153,83.38253,26.80221
22154,83.38433,26.78326
22155,83.38388,26.78338
22156,83.37421,26.78501
22157,83.37403,26.78448
22158,83.36405,26.78350
22159,83.36441,26.78338
22160,83.36566,26.78597
22161,83.36484,26.78613
22162,83.36466,26.78687
22163,83.36415,26.78706
22164,83.38332,26.79411
22165,83.38291,26.79422
22166,83.37626,26.78504
22167,83.34687,26.65852
22168,83.35072,26.66041
22169,83.35224,26.66013
22170,83.35263,26.65993
22171,83.35190,26.66038
22172,83.35173,26.65988
22173,83.45769,26.78529
22174,83.45715,26.78475
22175,83.45852,26.80334
22176,83.45913,26.80332
22177,83.45841,26.80283
22178,83.45621,26.80486
22179,83.46994,26.80293
22180,83.47105,26.80245
22181,83.47043,26.80286
22182,83.47204,26.79531
22183,83.46805,26.79716
22184,83.46852,26.79827
22185,83.47267,26.80028
22186,83.47302,26.80015
22187,83.47272,26.80000
22188,83.47239,26.80027
22189,83.46991,26.80168
22190,83.46564,26.80041
22191,83.46533,26.80055
22192,83.46615,26.80075
22193,83.46621,26.80098
22194,83.46887,26.79680
22195,83.46935,26.79804
22196,83.46971,26.79723
22197,83.46966,26.79659
22198,83.47253,26.79561
22199,83.47198,26.79497
22200,83.47610,26.79088
22201,83.47434,26.79089
22202,83.47553,26.78856
22203,83.47575,26.78769
22204,83.47526,26.78768
22205,83.35443,26.66196
22206,83.35356,26.66112
22207,83.35245,26.66063
22208,83.35281,26.66139
22209,83.35229,26.66380
22210,83.48047,26.76058
22211,83.47824,26.76145
22212,83.47759,26.75981
22213,83.47736,26.76088
22214,83.47789,26.76064
22215,83.47632,26.76136
22216,83.47693,26.75944
22217,83.47610,26.75875
22218,83.47602,26.75778
22219,83.48018,26.75888
22220,83.27665,26.80626
22221,83.27008,26.81359
22222,83.26901,26.81466
22223,83.26887,26.81478
22224,83.26795,26.81579
22225,83.26783,26.81603
22226,83.26570,26.81912
22227,83.26370,26.82303
22228,83.26253,26.82390
22229,83.25704,26.83462
22230,83.25854,26.84123
22231,83.26093,26.82565
22232,83.25823,26.83929
22233,83.26415,26.84000
22234,83.26440,26.84007
22235,83.26873,26.83928
22236,83.27296,26.83811
22237,83.26997,26.83913
22238,83.27057,26.84031
22239,83.27021,26.84204
22240,83.27118,26.84168
22241,83.27141,26.84201
22242,83.26618,26.83942
22243,83.26790,26.84374
22244,83.26935,26.84316
22245,83.26698,26.84142
22246,83.26886,26.84085
22247,83.27081,26.84290
22248,83.27233,26.83607
22249,83.27144,26.83469
22250,83.27174,26.83523
22251,83.27184,26.83454
22252,83.34891,26.66110
22253,83.25834,26.82440
22254,83.35400,26.66111
22255,83.35451,26.66090
22256,83.35979,26.67249
22257,83.47778,26.65707
22258,83.47705,26.66107
22259,83.48150,26.66296
22260,83.47843,26.66014
22261,83.25104,26.76863
22262,83.25166,26.76560
22263,83.26926,26.76616
22264,83.26161,26.76156
22265,83.25808,26.76264
22266,83.27031,26.77007
22267,83.26893,26.76974
22268,83.26911,26.77041
22269,83.26943,26.76830
22270,83.26790,26.77023
22271,83.26711,26.77190
22272,83.26693,26.77187
22273,83.26627,26.77103
22274,83.26690,26.77085
22275,83.26833,26.77059
22276,83.26986,26.77029
22277,83.26597,26.76938
22278,83.26688,26.77046
22279,83.26787,26.77112
22280,83.27101,26.77001
22281,83.26947,26.77268
22282,83.27041,26.77530
22283,83.26696,26.77597
22284,83.26665,26.77181
22285,83.26656,26.77245
22286,83.26182,26.77186
22287,83.26574,26.77927
22288,83.26578,26.77653
22289,83.27086,26.77991
22290,83.25685,26.78160
22291,83.26408,26.77948
22292,83.26638,26.77916
22293,83.26812,26.77878
22294,83.26742,26.77839
22295,83.26862,26.78001
22296,83.26664,26.78015
22297,83.25976,26.78407
22298,83.26525,26.78043
22299,83.26516,26.78046
22300,83.26415,26.77948
22301,83.25785,26.78128
22302,83.27087,26.78019
22303,83.27097,26.78018
22304,83.27105,26.78302
22305,83.27240,26.78268
22306,83.27308,26.78453
22307,83.27103,26.77835
22308,83.27220,26.77093
22309,83.26950,26.77237
22310,83.26948,26.77232
22311,83.26670,26.77089
22312,83.26654,26.77053
22313,83.26051,26.77233
22314,83.26031,26.77184
22315,83.46973,26.66080
22316,83.26004,26.68360
22317,83.26988,26.68245
22318,83.27007,26.68299
22319,83.27028,26.68477
22320,83.26005,26.69444
22321,83.26328,26.69287
22322,83.26161,26.69034
22323,83.26299,26.69235
22324,83.26405,26.69188
22325,83.26417,26.69239
22326,83.26443,26.69265
22327,83.26674,26.68754
22328,83.25774,26.68463
22329,83.25881,26.82885
22330,83.26092,26.82568
22331,83.26167,26.82776
22332,83.26779,26.82657
22333,83.26787,26.82661
22334,83.26966,26.82658
22335,83.27411,26.82565
22336,83.25720,26.83480
22337,83.26761,26.83219
22338,83.26780,26.83213
22339,83.27379,26.83072
22340,83.27556,26.83037
22341,83.27257,26.83682
22342,83.27358,26.83653
22343,83.27419,26.83770
22344,83.27345,26.83615
22345,83.27276,26.83743
22346,83.27379,26.83712
22347,83.27180,26.83533
22348,83.27232,26.83510
22349,83.27240,26.83405
22350,83.27216,26.83368
22351,83.27256,26.83437
22352,83.27360,26.83406
22353,83.27318,26.83419
22354,83.27358,26.83450
22355,83.27339,26.83414
22356,83.27303,26.83420
22357,83.27208,26.83386
22358,83.27237,26.83404
22359,83.27270,26.83248
22360,83.27430,26.83207
22361,83.27680,26.83161
22362,83.27319,26.83237
22363,83.27234,26.83213
22364,83.27260,26.83325
22365,83.27199,26.83341
22366,83.27257,26.83273
22367,83.26955,26.84230
22368,83.27020,26.84291
22369,83.27024,26.84290
22370,83.27057,26.84353
22371,83.27034,26.84325
22372,83.27078,26.84311
22373,83.27042,26.84324
22374,83.27411,26.82816
22375,83.27009,26.82838
22376,83.27423,26.82881
22377,83.43027,26.73104
22378,83.43573,26.72314
22379,83.43581,26.72318
22380,83.43031,26.72503
22381,83.43061,26.72493
22382,83.26183,26.70050
22383,83.26584,26.69816
22384,83.26603,26.70785
22385,83.26933,26.70672
22386,83.26946,26.70388
22387,83.27182,26.70270
22388,83.27217,26.69956
22389,83.27280,26.69908
22390,83.27286,26.69905
22391,83.27176,26.70207
22392,83.26682,26.69801
22393,83.26719,26.69894
22394,83.26772,26.69878
22395,83.26792,26.69879
22396,83.26811,26.69946
22397,83.26900,26.70129
22398,83.27188,26.70127
22399,83.27182,26.70261
22400,83.27351,26.70310
22401,83.27101,26.70150
22402,83.26851,26.69931
22403,83.26385,26.69288
22404,83.26405,26.69305
22405,83.26719,26.68840
22406,83.26978,26.68722
22407,83.26861,26.68757
22408,83.26956,26.68693
22409,83.26981,26.68415
22410,83.27009,26.68450
22411,83.26920,26.68429
22412,83.26888,26.68576
22413,83.26928,26.68614
22414,83.26753,26.68545
22415,83.26823,26.68547
22416,83.26793,26.68389
22417,83.26791,26.68422
22418,83.26898,26.68534
22419,83.40879,26.80219
22420,83.41026,26.80186
22421,83.40802,26.80170
22422,83.40975,26.80033
22423,83.41023,26.80015
22424,83.41069,26.79980
22425,83.40998,26.79665
22426,83.41023,26.79763
22427,83.41044,26.79799
22428,83.41075,26.79881
22429,83.41489,26.80091
22430,83.41668,26.80070
22431,83.41061,26.79960
22432,83.41096,26.79943
22433,83.41077,26.80050
22434,83.41079,26.80213
22435,83.41085,26.80255
22436,83.41364,26.80240
22437,83.41319,26.80108
22438,83.41372,26.80100
22439,83.41269,26.79826
22440,83.41553,26.80266
22441,83.41723,26.80183
22442,83.41746,26.80172
22443,83.41426,26.80095
22444,83.41221,26.79839
22445,83.41354,26.79799
22446,83.41139,26.79746
22447,83.41129,26.79672
22448,83.41176,26.79673
22449,83.40973,26.79827
22450,83.40902,26.79800
22451,83.41038,26.79913
22452,83.41081,26.79899
22453,83.40954,26.80250
22454,83.40969,26.79659
22455,83.40930,26.79509
22456,83.40992,26.79664
22457,83.40972,26.79503
22458,83.40923,26.79229
22459,83.40943,26.79361
22460,83.40847,26.79518
22461,83.40894,26.79513
22462,83.40972,26.79506
22463,83.41029,26.79498
22464,83.41034,26.79497
22465,83.41089,26.79483
22466,83.41122,26.79671
22467,83.41048,26.79579
22468,83.40899,26.79479
22469,83.40963,26.79462
22470,83.40885,26.79440
22471,83.40915,26.79416
22472,83.40906,26.79369
22473,83.41105,26.79570
22474,83.41336,26.79588
22475,83.41236,26.79596
22476,83.41224,26.79548
22477,83.41143,26.79565
22478,83.41181,26.79558
22479,83.41018,26.79438
22480,83.41041,26.79426
22481,83.41003,26.79256
22482,83.41135,26.79302
22483,83.41096,26.79391
22484,83.41138,26.79312
22485,83.41462,26.79798
22486,83.41504,26.79735
22487,83.41495,26.79688
22488,83.41636,26.79735
22489,83.41847,26.80084
22490,83.41782,26.79990
22491,83.41579,26.79944
22492,83.41693,26.79896
22493,83.41901,26.79907
22494,83.41873,26.79729
22495,83.41819,26.79952
22496,83.41945,26.79996
22497,83.42338,26.79933
22498,83.42244,26.79950
22499,83.42222,26.79703
22500,83.42131,26.79797
22501,83.42221,26.79789
22502,83.41889,26.80054
22503,83.41954,26.80052
22504,83.41912,26.80027
22505,83.41949,26.80023
22506,83.41918,26.80042
22507,83.41952,26.80039
22508,83.42612,26.80237
22509,83.41956,26.79699
22510,83.42046,26.79678
22511,83.41972,26.79695
22512,83.41976,26.79748
22513,83.41859,26.79663
22514,83.41818,26.79516
22515,83.41821,26.79513
22516,83.42021,26.79422
22517,83.42080,26.79628
22518,83.42045,26.79513
22519,83.42094,26.79713
22520,83.42096,26.79738
22521,83.42137,26.79613
22522,83.42251,26.79590
22523,83.42157,26.79457
22524,83.42065,26.79555
22525,83.41521,26.79613
22526,83.41531,26.79646
22527,83.41502,26.79548
22528,83.41445,26.79386
22529,83.41430,26.79370
22530,83.41492,26.79510
22531,83.41507,26.79564
22532,83.41656,26.79520
22533,83.41625,26.79532
22534,83.41743,26.79707
22535,83.41665,26.79596
22536,83.41540,26.79420
22537,83.41708,26.79573
22538,83.41599,26.79473
22539,83.41337,26.79590
22540,83.41457,26.79559
22541,83.41395,26.79384
22542,83.41367,26.79436
22543,83.41152,26.79123
22544,83.41115,26.79098
22545,83.41224,26.79417
22546,83.41265,26.79330
22547,83.41249,26.79385
22548,83.41346,26.79358
22549,83.41125,26.79297
22550,83.41152,26.79190
22551,83.41129,26.79195
22552,83.41136,26.79287
22553,83.41409,26.79378
22554,83.41219,26.79410
22555,83.41247,26.79324
22556,83.41254,26.79327
22557,83.41183,26.79135
22558,83.41228,26.79272
22559,83.41312,26.79243
22560,83.41300,26.79223
22561,83.41396,26.79186
22562,83.41275,26.79180
22563,83.41333,26.79272
22564,83.41412,26.79239
22565,83.41492,26.79207
22566,83.41376,26.79148
22567,83.41322,26.79258
22568,83.41412,26.79223
22569,83.41423,26.79289
22570,83.41371,26.79310
22571,83.41586,26.79435
22572,83.41560,26.79387
22573,83.41543,26.79330
22574,83.41588,26.79317
22575,83.41598,26.79254
22576,83.41573,26.79279
22577,83.41507,26.79409
22578,83.41509,26.79164
22579,83.41454,26.78970
22580,83.41434,26.78980
22581,83.41478,26.79037
22582,83.41510,26.79062
22583,83.41480,26.79080
22584,83.41385,26.79162
22585,83.41485,26.79115
22586,83.41405,26.79205
22587,83.41869,26.79482
22588,83.40902,26.79122
22589,83.40942,26.79120
22590,83.40943,26.79145
22591,83.40999,26.79136
22592,83.41030,26.79084
22593,83.41088,26.79077
22594,83.41059,26.79115
22595,83.41085,26.79077
22596,83.41088,26.79101
22597,83.40944,26.79163
22598,83.41076,26.79150
22599,83.41180,26.79134
22600,83.41080,26.79176
22601,83.40992,26.79070
22602,83.40992,26.79032
22603,83.40981,26.78882
22604,83.41000,26.78996
22605,83.41056,26.78997
22606,83.40961,26.78962
22607,83.40966,26.79025
22608,83.40929,26.79005
22609,83.40936,26.78928
22610,83.40900,26.78982
22611,83.40909,26.78908
22612,83.41034,26.78857
22613,83.40954,26.78841
22614,83.40967,26.78861
22615,83.40971,26.78777
22616,83.40949,26.78762
22617,83.40895,26.78778
22618,83.40882,26.78755
22619,83.40848,26.78770
22620,83.40948,26.78636
22621,83.41032,26.78692
22622,83.41015,26.78673
22623,83.40987,26.78620
22624,83.40925,26.78614
22625,83.40956,26.78633
22626,83.40873,26.78558
22627,83.40971,26.78485
22628,83.40870,26.78412
22629,83.40859,26.78435
22630,83.40887,26.78485
22631,83.40915,26.78458
22632,83.40881,26.78526
22633,83.40844,26.78481
22634,83.40930,26.78522
22635,83.40972,26.78561
22636,83.40901,26.78621
22637,83.41211,26.78674
22638,83.41120,26.78701
22639,83.41212,26.78731
22640,83.41191,26.78680
22641,83.41271,26.78769
22642,83.41246,26.78690
22643,83.41213,26.78614
22644,83.41414,26.78647
22645,83.41312,26.78776
22646,83.41285,26.78680
22647,83.41244,26.78588
22648,83.41345,26.78739
22649,83.41322,26.78671
22650,83.41296,26.78602
22651,83.41341,26.78605
22652,83.41363,26.78660
22653,83.41385,26.78729
22654,83.41170,26.78793
22655,83.41236,26.78774
22656,83.41288,26.78810
22657,83.41455,26.78775
22658,83.41276,26.78951
22659,83.41425,26.78950
22660,83.41409,26.78993
22661,83.41246,26.79160
22662,83.41265,26.79044
22663,83.41303,26.79039
22664,83.41330,26.79032
22665,83.41326,26.79086
22666,83.41297,26.79040
22667,83.41319,26.78998
22668,83.41396,26.79053
22669,83.41404,26.78994
22670,83.41168,26.79129
22671,83.41293,26.79117
22672,83.41106,26.79091
22673,83.41154,26.79073
22674,83.41176,26.79101
22675,83.41199,26.79096
22676,83.41068,26.79061
22677,83.41104,26.79018
22678,83.41096,26.78971
22679,83.41053,26.78973
22680,83.41174,26.79049
22681,83.41144,26.79051
22682,83.41093,26.78940
22683,83.41089,26.78904
22684,83.41327,26.78942
22685,83.41319,26.78907
22686,83.41283,26.78841
22687,83.41239,26.78810
22688,83.41362,26.78868
22689,83.41491,26.79015
22690,83.41544,26.78988
22691,83.41644,26.79167
22692,83.41939,26.79136
22693,83.41931,26.79109
22694,83.41925,26.79040
22695,83.41907,26.79038
22696,83.41979,26.79031
22697,83.42028,26.79060
22698,83.41819,26.78931
22699,83.41714,26.78883
22700,83.41866,26.78617
22701,83.41681,26.78956
22702,83.41734,26.78917
22703,83.41740,26.78929
22704,83.41839,26.78889
22705,83.41800,26.78815
22706,83.41553,26.78702
22707,83.41809,26.78801
22708,83.41722,26.78880
22709,83.41692,26.78792
22710,83.41698,26.78836
22711,83.41744,26.78772
22712,83.41661,26.78809
22713,83.41680,26.78744
22714,83.41473,26.78839
22715,83.41574,26.78820
22716,83.41588,26.78916
22717,83.41749,26.78775
22718,83.41677,26.78623
22719,83.41624,26.78654
22720,83.41644,26.78605
22721,83.41656,26.78672
22722,83.41689,26.78688
22723,83.41710,26.78638
22724,83.41727,26.78688
22725,83.41744,26.78653
22726,83.41728,26.78646
22727,83.41767,26.78579
22728,83.41524,26.78649
22729,83.41525,26.78545
22730,83.41392,26.78590
22731,83.41524,26.78600
22732,83.41445,26.78596
22733,83.41458,26.78529
22734,83.41499,26.78544
22735,83.41500,26.78600
22736,83.41442,26.78643
22737,83.41453,26.78597
22738,83.41252,26.78474
22739,83.41270,26.78429
22740,83.26946,26.70247
22741,83.26808,26.68785
22742,83.36445,26.74196
22743,83.36459,26.74263
22744,83.36596,26.74210
22745,83.36604,26.74253
22746,83.36617,26.74196
22747,83.36563,26.74168
22748,83.36711,26.74143
22749,83.36751,26.74127
22750,83.36759,26.74157
22751,83.36972,26.74307
22752,83.37014,26.74188
22753,83.37018,26.74201
22754,83.36991,26.74208
22755,83.36998,26.74231
22756,83.36942,26.74274
22757,83.37103,26.74190
22758,83.37123,26.74175
22759,83.37111,26.74148
22760,83.37107,26.74179
22761,83.37094,26.74154
22762,83.37072,26.74098
22763,83.37100,26.74039
22764,83.37128,26.74023
22765,83.37005,26.74155
22766,83.36985,26.74120
22767,83.37055,26.74017
22768,83.36879,26.73975
22769,83.36899,26.74020
22770,83.36903,26.73948
22771,83.36929,26.73998
22772,83.37056,26.73876
22773,83.36981,26.73860
22774,83.37029,26.73891
22775,83.37069,26.73801
22776,83.36985,26.73819
22777,83.37002,26.73845
22778,83.36944,26.73821
22779,83.36908,26.73910
22780,83.36927,26.73854
22781,83.36759,26.73860
22782,83.36835,26.73773
22783,83.36891,26.73760
22784,83.36624,26.73643
22785,83.36623,26.73586
22786,83.36650,26.73620
22787,83.36537,26.73602
22788,83.36480,26.73726
22789,83.36495,26.73683
22790,83.36584,26.73590
22791,83.36760,26.73457
22792,83.36860,26.73475
22793,83.36907,26.73489
22794,83.37151,26.73607
22795,83.37196,26.73630
22796,83.37374,26.73721
22797,83.37459,26.73768
22798,83.37562,26.73821
22799,83.37686,26.73887
22800,83.37940,26.74016
22801,83.38059,26.74076
22802,83.38310,26.74208
22803,83.38432,26.74274
22804,83.26572,26.76600
22805,83.26591,26.76614
22806,83.26562,26.76612
22807,83.26580,26.76625
22808,83.37494,26.73891
22809,83.37507,26.73802
22810,83.37135,26.73676
22811,83.37164,26.73676
22812,83.37174,26.73698
22813,83.37106,26.73751
22814,83.37106,26.73705
22815,83.37059,26.73721
22816,83.36932,26.73736
22817,83.36952,26.73788
22818,83.36777,26.73786
22819,83.36731,26.73810
22820,83.36723,26.73724
22821,83.36683,26.73738
22822,83.36741,26.73770
22823,83.36756,26.73797
22824,83.36756,26.73762
22825,83.36714,26.73783
22826,83.36493,26.73836
22827,83.36702,26.74123
22828,83.36612,26.74082
22829,83.36770,26.74075
22830,83.36786,26.74116
22831,83.36769,26.74190
22832,83.37102,26.74230
22833,83.37120,26.74285
22834,83.37140,26.74306
22835,83.37136,26.74283
22836,83.37092,26.74328
22837,83.37088,26.74290
22838,83.36746,26.74257
22839,83.36756,26.74291
22840,83.36771,26.74261
22841,83.36763,26.74236
22842,83.37143,26.73803
22843,83.37319,26.74049
22844,83.37335,26.74079
22845,83.37536,26.73944
22846,83.37547,26.73975
22847,83.37384,26.73645
22848,83.37315,26.73692
22849,83.37347,26.73620
22850,83.37314,26.73415
22851,83.37328,26.73435
22852,83.37267,26.73348
22853,83.37251,26.73317
22854,83.37204,26.73324
22855,83.37181,26.73285
22856,83.37169,26.73426
22857,83.37018,26.73406
22858,83.37055,26.73397
22859,83.36869,26.73168
22860,83.36641,26.73220
22861,83.36621,26.73189
22862,83.36667,26.73175
22863,83.36619,26.73232
22864,83.36597,26.73175
22865,83.36485,26.73176
22866,83.36527,26.73218
22867,83.36535,26.73017
22868,83.36618,26.73146
22869,83.36567,26.73147
22870,83.36599,26.73237
22871,83.36630,26.73341
22872,83.36672,26.73401
22873,83.36504,26.73391
22874,83.36598,26.73388
22875,83.36598,26.73452
22876,83.36826,26.73645
22877,83.36827,26.73605
22878,83.36460,26.73836
22879,83.36462,26.73870
22880,83.36433,26.73964
22881,83.36619,26.74026
22882,83.36572,26.74030
22883,83.36568,26.73995
22884,83.36597,26.73967
22885,83.36510,26.73957
22886,83.36455,26.73991
22887,83.36986,26.73084
22888,83.37078,26.73077
22889,83.37101,26.73069
22890,83.37133,26.73121
22891,83.37205,26.73137
22892,83.37193,26.73114
22893,83.37741,26.73276
22894,83.37729,26.73252
22895,83.37667,26.73364
22896,83.37650,26.73328
22897,83.37335,26.73265
22898,83.37389,26.73364
22899,83.37336,26.73329
22900,83.26715,26.77190
22901,83.25883,26.78675
22902,83.46166,26.66567
22903,83.46166,26.66561
22904,83.48142,26.70306
22905,83.36965,26.73476
22906,83.36963,26.73512
22907,83.37137,26.73198
22908,83.37151,26.73225
22909,83.37167,26.73182
22910,83.37184,26.73212
22911,83.37311,26.73069
22912,83.37415,26.73080
22913,83.37390,26.73047
22914,83.37388,26.73090
22915,83.37366,26.73060
22916,83.37472,26.72919
22917,83.37493,26.72968
22918,83.37412,26.72938
22919,83.37395,26.72903
22920,83.37396,26.72999
22921,83.36954,26.72989
22922,83.36975,26.73010
22923,83.37004,26.73040
22924,83.36750,26.72978
22925,83.36700,26.73012
22926,83.36615,26.72929
22927,83.36624,26.72987
22928,83.36926,26.72858
22929,83.37002,26.72927
22930,83.37052,26.72850
22931,83.37095,26.72859
22932,83.36906,26.72896
22933,83.36855,26.72923
22934,83.36444,26.72890
22935,83.36456,26.72844
22936,83.36721,26.72643
22937,83.36650,26.72614
22938,83.36605,26.72675
22939,83.36604,26.72625
22940,83.36627,26.72673
22941,83.36652,26.72644
22942,83.36660,26.72659
22943,83.36771,26.72676
22944,83.36789,26.72731
22945,83.36570,26.73273
22946,83.36598,26.73352
22947,83.36607,26.73312
22948,83.36587,26.73267
22949,83.36636,26.73275
22950,83.36660,26.73252
22951,83.36775,26.73116
22952,83.36795,26.73152
22953,83.36423,26.73191
22954,83.36475,26.73222
22955,83.36503,26.73240
22956,83.36454,26.73279
22957,83.36587,26.73413
22958,83.36575,26.73358
22959,83.36749,26.73362
22960,83.36714,26.73376
22961,83.36720,26.73324
22962,83.41596,26.79704
22963,83.41552,26.79552
22964,83.41520,26.79610
22965,83.41566,26.79602
22966,83.41578,26.79636
22967,83.46534,26.66412
22968,83.46032,26.67099
22969,83.46201,26.67035
22970,83.46221,26.67077
22971,83.46173,26.67098
22972,83.46077,26.67196
22973,83.46137,26.67464
22974,83.46024,26.67264
22975,83.46088,26.67245
22976,83.46077,26.67359
22977,83.46173,26.67288
22978,83.46706,26.66917
22979,83.46719,26.66948
22980,83.47254,26.66744
22981,83.46625,26.66703
22982,83.46771,26.66665
22983,83.46633,26.66726
22984,83.46729,26.66696
22985,83.46670,26.66828
22986,83.46775,26.67075
22987,83.46859,26.67036
22988,83.47246,26.66803
22989,83.47296,26.66880
22990,83.47356,26.66732
22991,83.47443,26.66762
22992,83.47911,26.76622
22993,83.47935,26.76620
22994,83.47929,26.76644
22995,83.47652,26.78502
22996,83.47722,26.78391
22997,83.47655,26.78429
22998,83.48483,26.79690
22999,83.26631,26.67404
23000,83.26814,26.68112
23001,83.26877,26.68209
23002,83.26229,26.67530
23003,83.26034,26.67588
23004,83.25841,26.67687
23005,83.26926,26.68209
23006,83.25545,26.67597
23007,83.26114,26.67799
23008,83.25927,26.67304
23009,83.47724,26.76115
23010,83.46827,26.67357
23011,83.46900,26.67358
23012,83.46775,26.66382
23013,83.46870,26.66278
23014,83.45635,26.67777
23015,83.46017,26.67723
23016,83.46469,26.68088
23017,83.46579,26.68108
23018,83.38744,26.86759
23019,83.37723,26.73170
23020,83.37822,26.73099
23021,83.37691,26.73057
23022,83.37655,26.73074
23023,83.37616,26.73121
23024,83.37512,26.73105
23025,83.37502,26.73077
23026,83.37530,26.73094
23027,83.37522,26.73072
23028,83.37481,26.73119
23029,83.37471,26.73089
23030,83.37730,26.72999
23031,83.37695,26.73012
23032,83.37580,26.72976
23033,83.37641,26.72963
23034,83.37631,26.72934
23035,83.37596,26.72942
23036,83.37585,26.72919
23037,83.37519,26.72944
23038,83.37614,26.72922
23039,83.37604,26.72898
23040,83.37615,26.72683
23041,83.37651,26.72625
23042,83.37632,26.72538
23043,83.37661,26.72604
23044,83.37613,26.72600
23045,83.37609,26.72515
23046,83.37545,26.73299
23047,83.37558,26.73330
23048,83.37950,26.72838
23049,83.37970,26.72895
23050,83.38074,26.72924
23051,83.37976,26.72919
23052,83.37996,26.72953
23053,83.37969,26.72989
23054,83.37976,26.73010
23055,83.37748,26.73092
23056,83.37732,26.73035
23057,83.37749,26.73068
23058,83.37727,26.72976
23059,83.37720,26.72954
23060,83.37716,26.72902
23061,83.37735,26.72950
23062,83.37822,26.72810
23063,83.37825,26.72913
23064,83.37816,26.72886
23065,83.37449,26.72994
23066,83.37404,26.73012
23067,83.37467,26.73145
23068,83.37480,26.73172
23069,83.37414,26.72761
23070,83.37639,26.72379
23071,83.37607,26.72365
23072,83.37572,26.72310
23073,83.38264,26.72468
23074,83.38175,26.72519
23075,83.37970,26.72629
23076,83.37947,26.72676
23077,83.37935,26.72642
23078,83.37989,26.72470
23079,83.38026,26.72537
23080,83.38109,26.72666
23081,83.38180,26.72788
23082,83.38229,26.72769
23083,83.38293,26.72750
23084,83.37985,26.73086
23085,83.38040,26.73098
23086,83.38068,26.73123
23087,83.38148,26.72797
23088,83.38191,26.72756
23089,83.37692,26.72894
23090,83.37185,26.73235
23091,83.37174,26.73216
23092,83.41487,26.79832
23093,83.41649,26.79790
23094,83.41843,26.80148
23095,83.43036,26.79931
23096,83.42905,26.79902
23097,83.42881,26.79864
23098,83.41963,26.79788
23099,83.41961,26.79745
23100,83.41948,26.79593
23101,83.41992,26.79691
23102,83.42651,26.79701
23103,83.42629,26.79644
23104,83.41617,26.79618
23105,83.41589,26.79542
23106,83.41334,26.79423
23107,83.41315,26.79366
23108,83.40855,26.79033
23109,83.40938,26.79013
23110,83.41039,26.79132
23111,83.41104,26.79145
23112,83.41103,26.79126
23113,83.40900,26.79160
23114,83.40944,26.79159
23115,83.41256,26.79127
23116,83.41120,26.79260
23117,83.41127,26.79295
23118,83.41255,26.78525
23119,83.41262,26.78311
23120,83.41312,26.78332
23121,83.41647,26.78916
23122,83.26067,26.65517
23123,83.26896,26.68285
23124,83.26817,26.68120
23125,83.27316,26.67048
23126,83.27748,26.67820
23127,83.41179,26.78820
23128,83.41662,26.78908
23129,83.41849,26.78817
23130,83.42063,26.78960
23131,83.42121,26.79028
23132,83.29949,26.68462
23133,83.29977,26.68511
23134,83.30057,26.68495
23135,83.30084,26.68458
23136,83.30077,26.68499
23137,83.30089,26.68520
23138,83.29463,26.68850
23139,83.29489,26.68857
23140,83.29783,26.68958
23141,83.29986,26.68974
23142,83.29935,26.68794
23143,83.30123,26.68942
23144,83.30177,26.68943
23145,83.30050,26.68959
23146,83.31488,26.70105
23147,83.31324,26.69998
23148,83.31380,26.69967
23149,83.30756,26.69224
23150,83.30653,26.69047
23151,83.30603,26.68900
23152,83.30565,26.68812
23153,83.30254,26.68910
23154,83.30301,26.68880
23155,83.30369,26.68862
23156,83.31227,26.68572
23157,83.31284,26.68581
23158,83.31437,26.68554
23159,83.31793,26.68620
23160,83.31210,26.71089
23161,83.31286,26.71063
23162,83.29908,26.71213
23163,83.29880,26.71149
23164,83.31291,26.70555
23165,83.31348,26.70536
23166,83.46521,26.66954
23167,83.46561,26.67015
23168,83.46607,26.67087
23169,83.45457,26.67505
23170,83.42153,26.76466
23171,83.47640,26.66144
23172,83.47583,26.66028
23173,83.47891,26.66098
23174,83.47780,26.66115
23175,83.47979,26.66007
23176,83.33828,26.76560
23177,83.33817,26.76483
23178,83.33747,26.76494
23179,83.46022,26.67965
23180,83.46099,26.67960
23181,83.46141,26.67861
23182,83.46165,26.67948
23183,83.46064,26.67798
23184,83.46078,26.67873
23185,83.45970,26.67730
23186,83.45975,26.67769
23187,83.47161,26.68097
23188,83.47231,26.68078
23189,83.47128,26.68106
23190,83.47573,26.67274
23191,83.46950,26.67011
23192,83.47000,26.67111
23193,83.46846,26.67234
23194,83.46269,26.66785
23195,83.46284,26.66783
23196,83.46543,26.66718
23197,83.46383,26.66988
23198,83.46119,26.66821
23199,83.45795,26.66520
23200,83.45737,26.66360
23201,83.45836,26.66333
23202,83.45905,26.66480
23203,83.41943,26.76479
23204,83.40947,26.77475
23205,83.41117,26.77398
23206,83.41189,26.77357
23207,83.41240,26.77318
23208,83.41529,26.77230
23209,83.41792,26.77121
23210,83.41818,26.77107
23211,83.41732,26.76823
23212,83.42025,26.76721
23213,83.42331,26.77491
23214,83.42287,26.77318
23215,83.42225,26.77176
23216,83.42165,26.77036
23217,83.42089,26.76859
23218,83.41971,26.76590
23219,83.41953,26.76531
23220,83.41949,26.76510
23221,83.41937,26.76454
23222,83.41926,26.76420
23223,83.42757,26.77860
23224,83.42782,26.77802
23225,83.42807,26.77726
23226,83.42639,26.77695
23227,83.42553,26.77504
23228,83.41840,26.77411
23229,83.41260,26.77535
23230,83.41225,26.77429
23231,83.41206,26.77389
23232,83.34019,26.76658
23233,83.33981,26.76430
23234,83.32140,26.77738
23235,83.31896,26.76721
23236,83.48001,26.72156
23237,83.27335,26.83297
23238,83.27315,26.83237
23239,83.28357,26.65218
23240,83.28363,26.65472
23241,83.28544,26.65962
23242,83.28590,26.66143
23243,83.28582,26.66136
23244,83.28836,26.65946
23245,83.29379,26.66283
23246,83.29386,26.66283
23247,83.28119,26.66054
23248,83.28134,26.66050
23249,83.28032,26.66241
23250,83.28063,26.66046
23251,83.28167,26.66028
23252,83.28198,26.66023
23253,83.24603,26.76768
23254,83.32494,26.82388
23255,83.32651,26.82748
23256,83.32636,26.82686
23257,83.32608,26.82628
23258,83.33657,26.82700
23259,83.32886,26.82748
23260,83.32634,26.82853
23261,83.32601,26.82975
23262,83.32403,26.83521
23263,83.32389,26.83276
23264,83.32588,26.82893
23265,83.32662,26.82831
23266,83.32831,26.82597
23267,83.32714,26.82633
23268,83.33030,26.82289
23269,83.32883,26.82576
23270,83.32503,26.82997
23271,83.32658,26.83011
23272,83.32052,26.82951
23273,83.32019,26.82616
23274,83.31919,26.83009
23275,83.31914,26.83011
23276,83.31824,26.83311
23277,83.32052,26.83195
23278,83.32142,26.82812
23279,83.32262,26.83017
23280,83.30217,26.68633
23281,83.30134,26.68458
23282,83.31160,26.69953
23283,83.31500,26.70155
23284,83.31624,26.70119
23285,83.31785,26.70167
23286,83.31700,26.70145
23287,83.31703,26.70122
23288,83.31724,26.70118
23289,83.31676,26.70095
23290,83.31752,26.70133
23291,83.31705,26.70147
23292,83.30292,26.68509
23293,83.30297,26.68511
23294,83.30577,26.68585
23295,83.30630,26.68670
23296,83.30680,26.68771
23297,83.30187,26.68971
23298,83.30431,26.69177
23299,83.30148,26.69041
23300,83.30139,26.68986
23301,83.30066,26.69019
23302,83.30386,26.68902
23303,83.30343,26.68916
23304,83.30381,26.68904
23305,83.30416,26.68853
23306,83.30391,26.68930
23307,83.30299,26.68881
23308,83.30336,26.69024
23309,83.30340,26.69050
23310,83.30334,26.69072
23311,83.30375,26.69045
23312,83.30536,26.69121
23313,83.30613,26.69064
23314,83.30625,26.69204
23315,83.30662,26.69122
23316,83.30747,26.69116
23317,83.30618,26.69128
23318,83.30646,26.69103
23319,83.30546,26.69071
23320,83.30504,26.68932
23321,83.30447,26.68945
23322,83.30224,26.68923
23323,83.30194,26.68999
23324,83.30305,26.68972
23325,83.30250,26.69022
23326,83.30246,26.68987
23327,83.30179,26.68942
23328,83.30151,26.68871
23329,83.30146,26.68852
23330,83.30012,26.68578
23331,83.30248,26.68859
23332,83.30272,26.68900
23333,83.30256,26.68770
23334,83.30348,26.68868
23335,83.30324,26.68804
23336,83.30367,26.68768
23337,83.30392,26.68761
23338,83.30383,26.68755
23339,83.30570,26.68811
23340,83.30483,26.68782
23341,83.30411,26.68803
23342,83.30423,26.68851
23343,83.30320,26.68743
23344,83.30362,26.68759
23345,83.30276,26.68738
23346,83.30228,26.68754
23347,83.30207,26.68576
23348,83.30129,26.68649
23349,83.30087,26.68571
23350,83.30175,26.68449
23351,83.30264,26.68369
23352,83.30137,26.68497
23353,83.30172,26.68458
23354,83.30230,26.68556
23355,83.30233,26.68497
23356,83.30206,26.68512
23357,83.30234,26.68552
23358,83.30102,26.68863
23359,83.30107,26.68882
23360,83.30090,26.68824
23361,83.30098,26.68739
23362,83.29759,26.68821
23363,83.29704,26.68854
23364,83.29894,26.68618
23365,83.29802,26.68643
23366,83.29781,26.68560
23367,83.29765,26.68706
23368,83.29912,26.68666
23369,83.30013,26.68668
23370,83.30003,26.68778
23371,83.30042,26.68713
23372,83.30079,26.68743
23373,83.30096,26.68807
23374,83.30026,26.68839
23375,83.29951,26.68851
23376,83.30097,26.68844
23377,83.30072,26.68886
23378,83.30381,26.69015
23379,83.30428,26.69085
23380,83.30429,26.69135
23381,83.30531,26.69137
23382,83.30297,26.68732
23383,83.30219,26.68805
23384,83.29987,26.68588
23385,83.30022,26.68640
23386,83.29992,26.68586
23387,83.29722,26.68508
23388,83.29738,26.68949
23389,83.29777,26.68942
23390,83.29713,26.68978
23391,83.29904,26.68336
23392,83.30195,26.68434
23393,83.30182,26.68396
23394,83.30170,26.68353
23395,83.30125,26.68331
23396,83.30217,26.68337
23397,83.30255,26.68325
23398,83.30212,26.68297
23399,83.30149,26.68405
23400,83.30167,26.68508
23401,83.30203,26.68508
23402,83.30200,26.68685
23403,83.30171,26.68694
23404,83.30162,26.68734
23405,83.30304,26.68560
23406,83.31695,26.68405
23407,83.31664,26.68418
23408,83.31505,26.68469
23409,83.31345,26.68500
23410,83.31410,26.68497
23411,83.31291,26.68516
23412,83.31291,26.68518
23413,83.31271,26.68563
23414,83.31327,26.68502
23415,83.31375,26.68565
23416,83.31229,26.68459
23417,83.31073,26.68298
23418,83.31092,26.68324
23419,83.31064,26.68394
23420,83.31083,26.68388
23421,83.31021,26.68554
23422,83.31062,26.68625
23423,83.31064,26.68412
23424,83.30947,26.68432
23425,83.30999,26.68339
23426,83.30917,26.68371
23427,83.31021,26.68335
23428,83.31025,26.68303
23429,83.31058,26.68308
23430,83.31025,26.68380
23431,83.31161,26.68370
23432,83.31126,26.68392
23433,83.31200,26.68334
23434,83.31202,26.68535
23435,83.31311,26.68544
23436,83.31250,26.68537
23437,83.31262,26.68563
23438,83.31339,26.68539
23439,83.31768,26.68590
23440,83.31238,26.68392
23441,83.30592,26.68410
23442,83.30569,26.68576
23443,83.30626,26.68489
23444,83.45574,26.68339
23445,83.45373,26.68145
23446,83.45960,26.68116
23447,83.46054,26.68039
23448,83.46370,26.68201
23449,83.46369,26.68138
23450,83.46259,26.67353
23451,83.46297,26.67402
23452,83.45911,26.66338
23453,83.46038,26.66288
23454,83.46964,26.66474
23455,83.47180,26.66560
23456,83.47023,26.66603
23457,83.47253,26.66234
23458,83.47292,26.67091
23459,83.47528,26.66829
23460,83.47530,26.66787
23461,83.47525,26.66829
23462,83.47520,26.66829
23463,83.47500,26.66820
23464,83.47568,26.67276
23465,83.47658,26.67527
23466,83.47208,26.67624
23467,83.47245,26.67341
23468,83.47260,26.67460
23469,83.32320,26.83051
23470,83.32175,26.83114
23471,83.41044,26.78222
23472,83.40955,26.78138
23473,83.40926,26.78197
23474,83.40987,26.78222
23475,83.41018,26.78165
23476,83.41054,26.78302
23477,83.41132,26.78148
23478,83.40981,26.78085
23479,83.41238,26.78185
23480,83.41220,26.78217
23481,83.41296,26.78089
23482,83.41325,26.78042
23483,83.41205,26.78065
23484,83.41245,26.78017
23485,83.41504,26.78122
23486,83.41679,26.78203
23487,83.41303,26.78032
23488,83.41355,26.77883
23489,83.41420,26.77893
23490,83.40839,26.78279
23491,83.40816,26.78027
23492,83.31544,26.86220
23493,83.29710,26.84366
23494,83.29652,26.84333
23495,83.40932,26.78080
23496,83.40975,26.77983
23497,83.40930,26.77968
23498,83.40903,26.78071
23499,83.40857,26.78022
23500,83.40847,26.78043
23501,83.40841,26.77968
23502,83.40918,26.77997
23503,83.40920,26.77993
23504,83.40966,26.78008
23505,83.40957,26.77953
23506,83.40976,26.77905
23507,83.40919,26.77790
23508,83.40965,26.77784
23509,83.41183,26.77777
23510,83.41173,26.77882
23511,83.41301,26.77724
23512,83.41105,26.77976
23513,83.41112,26.77945
23514,83.41067,26.77963
23515,83.41077,26.77934
23516,83.40932,26.77853
23517,83.40910,26.77762
23518,83.40853,26.77733
23519,83.40889,26.77843
23520,83.41012,26.77779
23521,83.41050,26.77845
23522,83.41056,26.77774
23523,83.41098,26.77870
23524,83.41109,26.77771
23525,83.41129,26.77894
23526,83.41146,26.77774
23527,83.41268,26.77898
23528,83.41279,26.77672
23529,83.41374,26.77714
23530,83.41289,26.77774
23531,83.41404,26.77788
23532,83.41685,26.77654
23533,83.41609,26.77506
23534,83.41681,26.77644
23535,83.41688,26.77545
23536,83.41704,26.77583
23537,83.41716,26.77556
23538,83.41695,26.77563
23539,83.41742,26.77549
23540,83.41379,26.77596
23541,83.41348,26.77532
23542,83.41399,26.77525
23543,83.41469,26.77633
23544,83.41459,26.77609
23545,83.41532,26.77644
23546,83.41265,26.77974
23547,83.41282,26.77893
23548,83.41231,26.77786
23549,83.41218,26.77885
23550,83.41269,26.77889
23551,83.41244,26.77694
23552,83.41250,26.77733
23553,83.41143,26.77774
23554,83.41108,26.77668
23555,83.41079,26.77717
23556,83.41091,26.77772
23557,83.41042,26.77693
23558,83.41260,26.77539
23559,83.41190,26.77567
23560,83.40922,26.77608
23561,83.41250,26.77503
23562,83.40976,26.77540
23563,83.40947,26.77546
23564,83.40920,26.77493
23565,83.41080,26.77556
23566,83.41056,26.77417
23567,83.41151,26.77439
23568,83.40935,26.77641
23569,83.40947,26.77600
23570,83.41203,26.78099
23571,83.41169,26.78158
23572,83.41014,26.77665
23573,83.41026,26.77700
23574,83.40834,26.77402
23575,83.40959,26.77347
23576,83.40967,26.77347
23577,83.41003,26.77383
23578,83.41024,26.77427
23579,83.41074,26.77411
23580,83.41013,26.77331
23581,83.41241,26.78180
23582,83.41421,26.78255
23583,83.41608,26.78314
23584,83.41470,26.78309
23585,83.41487,26.78275
23586,83.41394,26.78279
23587,83.41406,26.78250
23588,83.41355,26.78277
23589,83.41370,26.78236
23590,83.41264,26.78143
23591,83.41385,26.78203
23592,83.41386,26.78243
23593,83.41457,26.78198
23594,83.41470,26.78226
23595,83.41447,26.78263
23596,83.41426,26.78186
23597,83.41473,26.78108
23598,83.41405,26.78149
23599,83.41442,26.78094
23600,83.41632,26.78119
23601,83.41603,26.78168
23602,83.41651,26.78129
23603,83.41620,26.78176
23604,83.41770,26.78063
23605,83.41679,26.78010
23606,83.41656,26.78045
23607,83.41725,26.77940
23608,83.41615,26.78044
23609,83.41679,26.77933
23610,83.41663,26.78092
23611,83.41732,26.78121
23612,83.41680,26.78057
23613,83.41752,26.78089
23614,83.41682,26.78198
23615,83.41800,26.78256
23616,83.41648,26.78251
23617,83.41731,26.78278
23618,83.41696,26.78176
23619,83.41872,26.78236
23620,83.41865,26.78249
23621,83.41896,26.78193
23622,83.41887,26.77963
23623,83.41913,26.78049
23624,83.41926,26.77969
23625,83.42007,26.77981
23626,83.42073,26.78257
23627,83.42168,26.78290
23628,83.42181,26.78124
23629,83.42249,26.78149
23630,83.42223,26.78194
23631,83.42219,26.78138
23632,83.41525,26.77909
23633,83.41614,26.77772
23634,83.41674,26.77675
23635,83.41657,26.77667
23636,83.41671,26.77823
23637,83.41681,26.77806
23638,83.41641,26.77785
23639,83.41701,26.77689
23640,83.41662,26.77752
23641,83.41702,26.77773
23642,83.41677,26.77729
23643,83.41717,26.77749
23644,83.41788,26.77702
23645,83.41961,26.77743
23646,83.41856,26.77407
23647,83.41587,26.77864
23648,83.41560,26.77915
23649,83.41625,26.77879
23650,83.41602,26.77921
23651,83.41641,26.77927
23652,83.41707,26.77814
23653,83.41727,26.77877
23654,83.41697,26.77935
23655,83.41721,26.77939
23656,83.41776,26.77836
23657,83.41761,26.77945
23658,83.41877,26.77891
23659,83.41529,26.77727
23660,83.41567,26.77845
23661,83.41741,26.77780
23662,83.41706,26.77766
23663,83.41849,26.77725
23664,83.41826,26.77763
23665,83.41927,26.77806
23666,83.41815,26.77639
23667,83.41939,26.77616
23668,83.41837,26.77635
23669,83.41856,26.77685
23670,83.41858,26.77729
23671,83.41892,26.77866
23672,83.41955,26.77881
23673,83.41909,26.77967
23674,83.41889,26.77964
23675,83.41929,26.77874
23676,83.42175,26.77930
23677,83.41708,26.77493
23678,83.41955,26.77690
23679,83.42005,26.77732
23680,83.41997,26.77681
23681,83.42047,26.77705
23682,83.42038,26.77671
23683,83.42099,26.77587
23684,83.42156,26.77634
23685,83.42170,26.77438
23686,83.42090,26.77622
23687,83.42108,26.77618
23688,83.42149,26.77608
23689,83.42188,26.77598
23690,83.39850,26.84360
23691,83.38803,26.82410
23692,83.38852,26.82443
23693,83.39562,26.82395
23694,83.39583,26.82389
23695,83.43662,26.69186
23696,83.43650,26.69136
23697,83.45302,26.68744
23698,83.45274,26.68634
23699,83.45254,26.68634
23700,83.45323,26.68631
23701,83.45299,26.68676
23702,83.45325,26.68670
23703,83.45233,26.68732
23704,83.45242,26.68669
23705,83.45326,26.68892
23706,83.44985,26.69266
23707,83.45375,26.69194
23708,83.44927,26.69762
23709,83.44954,26.69788
23710,83.45182,26.69696
23711,83.45180,26.69806
23712,83.45146,26.69711
23713,83.45143,26.69819
23714,83.45107,26.69726
23715,83.45107,26.69831
23716,83.45072,26.69741
23717,83.45068,26.69843
23718,83.45035,26.69755
23719,83.45030,26.69856
23720,83.44995,26.69771
23721,83.38476,26.83352
23722,83.38458,26.83308
23723,83.38407,26.83222
23724,83.38449,26.83312
23725,83.38469,26.83264
23726,83.38378,26.83340
23727,83.38218,26.83252
23728,83.38298,26.83391
23729,83.38260,26.83236
23730,83.38298,26.82946
23731,83.38320,26.83009
23732,83.38341,26.83001
23733,83.38061,26.82924
23734,83.38007,26.82810
23735,83.38038,26.82881
23736,83.38040,26.82896
23737,83.38123,26.83120
23738,83.37981,26.83164
23739,83.38032,26.83309
23740,83.31299,26.69954
23741,83.31229,26.69980
23742,83.30109,26.68981
23743,83.30058,26.68989
23744,83.31325,26.68362
23745,83.31314,26.68339
23746,83.31518,26.68546
23747,83.37968,26.83139
23748,83.38125,26.83082
23749,83.37835,26.83022
23750,83.37528,26.83228
23751,83.37652,26.83098
23752,83.37690,26.83197
23753,83.37654,26.83215
23754,83.37686,26.83304
23755,83.37705,26.83461
23756,83.37633,26.83309
23757,83.37561,26.83242
23758,83.37288,26.82857
23759,83.37848,26.83317
23760,83.38054,26.83316
23761,83.38402,26.82973
23762,83.38372,26.82742
23763,83.38370,26.82775
23764,83.38348,26.82917
23765,83.38348,26.83201
23766,83.37785,26.83523
23767,83.37711,26.83557
23768,83.37906,26.83587
23769,83.37901,26.83552
23770,83.37728,26.83297
23771,83.37834,26.83384
23772,83.37893,26.83536
23773,83.37858,26.83471
23774,83.37957,26.84354
23775,83.37470,26.83730
23776,83.37274,26.82143
23777,83.37175,26.82500
23778,83.37047,26.82401
23779,83.37153,26.82283
23780,83.37119,26.82249
23781,83.37509,26.82769
23782,83.37574,26.82760
23783,83.37354,26.82740
23784,83.37264,26.82778
23785,83.37228,26.82764
23786,83.37325,26.82803
23787,83.37169,26.82740
23788,83.37238,26.82595
23789,83.37165,26.82753
23790,83.37156,26.82801
23791,83.37117,26.82622
23792,83.37079,26.82716
23793,83.37160,26.82638
23794,83.36962,26.82561
23795,83.36976,26.82522
23796,83.37176,26.82602
23797,83.37122,26.82734
23798,83.36938,26.82651
23799,83.36879,26.82682
23800,83.37333,26.82648
23801,83.37145,26.82536
23802,83.37302,26.82862
23803,83.37391,26.82672
23804,83.37528,26.82508
23805,83.37701,26.82627
23806,83.37944,26.82348
23807,83.37776,26.82379
23808,83.37600,26.82426
23809,83.38450,26.82904
23810,83.38415,26.82916
23811,83.38558,26.82833
23812,83.38481,26.82864
23813,83.38596,26.82899
23814,83.38546,26.82814
23815,83.38591,26.82467
23816,83.38345,26.82264
23817,83.38444,26.82494
23818,83.38405,26.82440
23819,83.38356,26.82466
23820,83.38423,26.82430
23821,83.38434,26.82447
23822,83.38381,26.82360
23823,83.38196,26.82754
23824,83.38177,26.82721
23825,83.38262,26.82810
23826,83.38268,26.82635
23827,83.37732,26.82707
23828,83.37722,26.82684
23829,83.37847,26.82728
23830,83.38090,26.82409
23831,83.38034,26.82424
23832,83.37951,26.82511
23833,83.38028,26.82571
23834,83.38103,26.82621
23835,83.38064,26.82638
23836,83.38106,26.82688
23837,83.38063,26.82704
23838,83.38121,26.82716
23839,83.38157,26.82696
23840,83.38208,26.82600
23841,83.38126,26.82641
23842,83.38078,26.82576
23843,83.38124,26.82823
23844,83.38025,26.82773
23845,83.38093,26.82751
23846,83.38305,26.82657
23847,83.38427,26.82708
23848,83.38368,26.82727
23849,83.38128,26.82512
23850,83.38017,26.82506
23851,83.37984,26.82528
23852,83.37968,26.82441
23853,83.37962,26.82617
23854,83.37889,26.82543
23855,83.38003,26.82338
23856,83.38049,26.82331
23857,83.37808,26.82639
23858,83.37752,26.82692
23859,83.37866,26.82379
23860,83.37840,26.82412
23861,83.37872,26.82437
23862,83.37900,26.82480
23863,83.37869,26.82456
23864,83.37873,26.82507
23865,83.37838,26.82475
23866,83.37932,26.82443
23867,83.37813,26.82511
23868,83.37749,26.82496
23869,83.37781,26.82525
23870,83.37797,26.82513
23871,83.37713,26.82520
23872,83.37742,26.82570
23873,83.37759,26.82594
23874,83.37662,26.82549
23875,83.37684,26.82593
23876,83.37654,26.82604
23877,83.37593,26.82632
23878,83.37630,26.82616
23879,83.37575,26.82597
23880,83.37617,26.82580
23881,83.37648,26.82521
23882,83.37612,26.82538
23883,83.37593,26.82545
23884,83.37556,26.82561
23885,83.37193,26.82399
23886,83.37109,26.82326
23887,83.37128,26.82469
23888,83.37229,26.82360
23889,83.45198,26.70200
23890,83.45359,26.70178
23891,83.45160,26.70094
23892,83.45375,26.70135
23893,83.45291,26.70081
23894,83.45318,26.70160
23895,83.45069,26.70122
23896,83.45162,26.70104
23897,83.45304,26.70037
23898,83.27722,26.73868
23899,83.27158,26.73489
23900,83.45326,26.69988
23901,83.45465,26.69917
23902,83.44509,26.70247
23903,83.44573,26.70220
23904,83.44539,26.70143
23905,83.44153,26.70063
23906,83.44220,26.70151
23907,83.44283,26.70259
23908,83.44154,26.70278
23909,83.44308,26.70080
23910,83.44371,26.70233
23911,83.44299,26.70172
23912,83.44329,26.70246
23913,83.43417,26.70045
23914,83.43459,26.70123
23915,83.43675,26.70206
23916,83.43570,26.70234
23917,83.43530,26.70269
23918,83.43927,26.70279
23919,83.43992,26.70231
23920,83.43990,26.70278
23921,83.45268,26.68432
23922,83.43594,26.68990
23923,83.43301,26.69225
23924,83.26467,26.66255
23925,83.26486,26.66267
23926,83.27307,26.79016
23927,83.27435,26.78934
23928,83.42250,26.78148
23929,83.42538,26.78292
23930,83.42290,26.78082
23931,83.42532,26.78142
23932,83.42546,26.78059
23933,83.42407,26.78103
23934,83.42431,26.78041
23935,83.42339,26.78059
23936,83.42318,26.78097
23937,83.42267,26.78259
23938,83.42610,26.78149
23939,83.42739,26.78211
23940,83.42802,26.78208
23941,83.42965,26.78192
23942,83.42590,26.78285
23943,83.42600,26.78323
23944,83.42885,26.77783
23945,83.42984,26.77729
23946,83.42925,26.77956
23947,83.43049,26.77710
23948,83.42780,26.77671
23949,83.42798,26.77722
23950,83.42741,26.77712
23951,83.42868,26.77643
23952,83.42905,26.77736
23953,83.42761,26.77673
23954,83.42743,26.77600
23955,83.42805,26.77663
23956,83.42753,26.77465
23957,83.42949,26.77594
23958,83.42969,26.77652
23959,83.42996,26.77725
23960,83.42893,26.77961
23961,83.42604,26.77631
23962,83.42621,26.77558
23963,83.42853,26.77353
23964,83.42723,26.77035
23965,83.42686,26.76991
23966,83.42524,26.76998
23967,83.42326,26.76835
23968,83.42322,26.76831
23969,83.41968,26.76577
23970,83.41140,26.77631
23971,83.41125,26.77596
23972,83.41350,26.77392
23973,83.41302,26.77406
23974,83.41276,26.77348
23975,83.41241,26.77372
23976,83.41263,26.77418
23977,83.41371,26.77273
23978,83.41451,26.77517
23979,83.41242,26.77476
23980,83.41285,26.77463
23981,83.41347,26.77467
23982,83.41431,26.77449
23983,83.40958,26.77219
23984,83.40958,26.77245
23985,83.41021,26.77267
23986,83.41135,26.77268
23987,83.41183,26.77279
23988,83.41225,26.77285
23989,83.41116,26.77046
23990,83.41155,26.77315
23991,83.41121,26.77163
23992,83.41154,26.77150
23993,83.41111,26.77206
23994,83.41133,26.77268
23995,83.41154,26.77149
23996,83.41274,26.77099
23997,83.41198,26.77135
23998,83.41066,26.77060
23999,83.41218,26.77017
24000,83.41257,26.76994
24001,83.41224,26.76909
24002,83.41253,26.77076
24003,83.41313,26.77052
24004,83.41267,26.77012
24005,83.41289,26.77062
24006,83.41047,26.76974
24007,83.41026,26.77071
24008,83.41157,26.77034
24009,83.41060,26.76829
24010,83.41105,26.76801
24011,83.41136,26.76838
24012,83.41069,26.76839
24013,83.40945,26.76766
24014,83.41000,26.76832
24015,83.41025,26.76785
24016,83.41067,26.76758
24017,83.40948,26.76694
24018,83.40984,26.76740
24019,83.41287,26.76880
24020,83.41364,26.77275
24021,83.41325,26.77151
24022,83.41436,26.76954
24023,83.41494,26.77087
24024,83.41426,26.77110
24025,83.41472,26.77017
24026,83.41551,26.76990
24027,83.41515,26.76894
24028,83.41623,26.77175
24029,83.41556,26.77005
24030,83.41695,26.76962
24031,83.41638,26.77065
24032,83.41586,26.77080
24033,83.41430,26.77257
24034,83.41384,26.77135
24035,83.41429,26.77161
24036,83.41461,26.77249
24037,83.41459,26.77199
24038,83.41475,26.77245
24039,83.41337,26.77090
24040,83.41355,26.77143
24041,83.41239,26.77119
24042,83.41278,26.77303
24043,83.41238,26.77237
24044,83.41190,26.77137
24045,83.41039,26.77227
24046,83.41053,26.77267
24047,83.41381,26.76894
24048,83.41397,26.76932
24049,83.42806,26.76339
24050,83.42889,26.76320
24051,83.42887,26.76408
24052,83.42881,26.76553
24053,83.42905,26.76403
24054,83.42950,26.76438
24055,83.42943,26.76395
24056,83.42823,26.76442
24057,83.42864,26.76452
24058,83.42797,26.76532
24059,83.42786,26.76456
24060,83.42756,26.76526
24061,83.42746,26.76462
24062,83.42715,26.76522
24063,83.42707,26.76468
24064,83.42673,26.76519
24065,83.42664,26.76472
24066,83.42390,26.76479
24067,83.42381,26.76401
24068,83.42355,26.76458
24069,83.42350,26.76400
24070,83.42465,26.76412
24071,83.42502,26.76414
24072,83.42915,26.76472
24073,83.42083,26.76427
24074,83.41836,26.76514
24075,83.41944,26.76483
24076,83.41668,26.76483
24077,83.41699,26.76547
24078,83.41730,26.76595
24079,83.41750,26.76553
24080,83.41758,26.76521
24081,83.41789,26.76453
24082,83.41740,26.76497
24083,83.41728,26.76463
24084,83.41539,26.76572
24085,83.41514,26.76514
24086,83.41391,26.76642
24087,83.41379,26.76618
24088,83.41519,26.76676
24089,83.41494,26.76613
24090,83.41572,26.76698
24091,83.41528,26.76603
24092,83.41491,26.76695
24093,83.41461,26.76623
24094,83.41468,26.76724
24095,83.41428,26.76633
24096,83.41381,26.76763
24097,83.42511,26.77709
24098,83.42505,26.78051
24099,83.42709,26.77706
24100,83.42412,26.77722
24101,83.42444,26.77718
24102,83.42361,26.77500
24103,83.42319,26.77612
24104,83.42402,26.77597
24105,83.42436,26.77693
24106,83.42614,26.77656
24107,83.42537,26.77598
24108,83.42506,26.77517
24109,83.42887,26.77354
24110,83.43029,26.77360
24111,83.43004,26.77379
24112,83.42983,26.77324
24113,83.42972,26.77380
24114,83.42954,26.77333
24115,83.42939,26.77389
24116,83.42923,26.77343
24117,83.42905,26.77400
24118,83.42919,26.77316
24119,83.42929,26.77341
24120,83.42953,26.77306
24121,83.42962,26.77331
24122,83.42995,26.77320
24123,83.41465,26.77474
24124,83.41475,26.77514
24125,83.41623,26.77506
24126,83.41542,26.77270
24127,83.41601,26.77442
24128,83.41635,26.77386
24129,83.41667,26.77504
24130,83.41643,26.77415
24131,83.41821,26.77405
24132,83.41829,26.77226
24133,83.41937,26.77243
24134,83.41978,26.77244
24135,83.42043,26.77339
24136,83.41934,26.77325
24137,83.41917,26.77238
24138,83.42135,26.77419
24139,83.42157,26.77328
24140,83.41588,26.77654
24141,83.41611,26.77688
24142,83.42331,26.77439
24143,83.42480,26.77390
24144,83.42600,26.77346
24145,83.42611,26.77381
24146,83.42493,26.77099
24147,83.42582,26.77072
24148,83.42432,26.76973
24149,83.42662,26.77101
24150,83.42316,26.77005
24151,83.42366,26.77136
24152,83.42250,26.77053
24153,83.42289,26.77157
24154,83.42242,26.77124
24155,83.42259,26.77166
24156,83.42144,26.76987
24157,83.42270,26.76944
24158,83.42270,26.76923
24159,83.42137,26.76970
24160,83.42106,26.76896
24161,83.42252,26.76839
24162,83.42156,26.76707
24163,83.41875,26.76617
24164,83.41900,26.76634
24165,83.41890,26.76685
24166,83.41875,26.76720
24167,83.41888,26.76764
24168,83.41942,26.76694
24169,83.41958,26.76738
24170,83.41730,26.76823
24171,83.41959,26.76829
24172,83.41932,26.76747
24173,83.41889,26.76889
24174,83.41897,26.76761
24175,83.42067,26.76903
24176,83.42054,26.76872
24177,83.42045,26.76852
24178,83.42048,26.76914
24179,83.42010,26.77012
24180,83.42141,26.76979
24181,83.41983,26.76973
24182,83.42040,26.77130
24183,83.42070,26.77111
24184,83.42039,26.77004
24185,83.42089,26.76978
24186,83.42135,26.76964
24187,83.41853,26.77009
24188,83.41791,26.77029
24189,83.41819,26.76906
24190,83.41758,26.76920
24191,83.41677,26.76929
24192,83.41753,26.76903
24193,83.42299,26.77349
24194,83.42373,26.77320
24195,83.42447,26.77279
24196,83.42567,26.77264
24197,83.42428,26.77276
24198,83.42417,26.77230
24199,83.42268,26.77274
24200,83.42399,26.77233
24201,83.42536,26.77193
24202,83.42368,26.77135
24203,83.42390,26.77206
24204,83.42524,26.77166
24205,83.42438,26.77223
24206,83.42429,26.77195
24207,83.42477,26.77211
24208,83.42468,26.77183
24209,83.42538,26.77318
24210,83.42553,26.77363
24211,83.42842,26.77196
24212,83.41488,26.76519
24213,83.41526,26.76511
24214,83.41430,26.76417
24215,83.41423,26.76343
24216,83.41200,26.76350
24217,83.41234,26.76366
24218,83.41089,26.76386
24219,83.41152,26.76367
24220,83.41097,26.76402
24221,83.41065,26.76598
24222,83.41161,26.76625
24223,83.41140,26.76637
24224,83.41126,26.76613
24225,83.41204,26.76745
24226,83.41224,26.76467
24227,83.41303,26.76442
24228,83.41956,26.77160
24229,83.41928,26.77170
24230,83.41940,26.77243
24231,83.41905,26.77084
24232,83.41890,26.77126
24233,83.41878,26.77091
24234,83.41865,26.77027
24235,83.41803,26.77047
24236,83.42116,26.77050
24237,83.30159,26.68639
24238,83.31306,26.69836
24239,83.31254,26.69780
24240,83.31834,26.70128
24241,83.31822,26.70082
24242,83.30268,26.68380
24243,83.30364,26.68332
24244,83.27753,26.78599
24245,83.27441,26.78914
24246,83.27408,26.78961
24247,83.27411,26.78967
24248,83.27420,26.78982
24249,83.27703,26.79074
24250,83.27939,26.79171
24251,83.27995,26.78871
24252,83.27847,26.78903
24253,83.27803,26.78742
24254,83.27937,26.78705
24255,83.27903,26.79187
24256,83.27913,26.79102
24257,83.28045,26.79179
24258,83.28075,26.79280
24259,83.27828,26.79346
24260,83.27536,26.79433
24261,83.27344,26.79432
24262,83.28403,26.68954
24263,83.28338,26.69016
24264,83.28385,26.68834
24265,83.28857,26.68886
24266,83.28860,26.68916
24267,83.28618,26.68984
24268,83.28658,26.69026
24269,83.28637,26.68979
24270,83.28636,26.69017
24271,83.28574,26.69036
24272,83.28564,26.69000
24273,83.28567,26.69060
24274,83.28060,26.69336
24275,83.28473,26.69033
24276,83.28585,26.69169
24277,83.28524,26.69127
24278,83.28561,26.69104
24279,83.28572,26.69166
24280,83.28574,26.69137
24281,83.28298,26.68923
24282,83.28265,26.68864
24283,83.28342,26.69012
24284,83.28463,26.68930
24285,83.28100,26.69322
24286,83.27610,26.69752
24287,83.28000,26.69419
24288,83.27913,26.69294
24289,83.28095,26.69382
24290,83.27970,26.69433
24291,83.28043,26.69468
24292,83.28220,26.69620
24293,83.27939,26.69675
24294,83.27595,26.69761
24295,83.28032,26.69898
24296,83.28168,26.69880
24297,83.28284,26.69850
24298,83.28430,26.69779
24299,83.28503,26.69724
24300,83.28951,26.69260
24301,83.28912,26.69177
24302,83.27994,26.69832
24303,83.28065,26.69797
24304,83.27974,26.69801
24305,83.27966,26.69788
24306,83.28009,26.69766
24307,83.28115,26.69763
24308,83.28243,26.69735
24309,83.28351,26.69638
24310,83.28336,26.69595
24311,83.28435,26.69738
24312,83.28441,26.69773
24313,83.28261,26.69769
24314,83.28383,26.69740
24315,83.28391,26.69796
24316,83.28427,26.69787
24317,83.28410,26.69721
24318,83.28349,26.69857
24319,83.28054,26.69920
24320,83.28213,26.70156
24321,83.28415,26.69834
24322,83.28462,26.69832
24323,83.28498,26.69840
24324,83.28590,26.69697
24325,83.28407,26.69886
24326,83.28410,26.70038
24327,83.28259,26.69015
24328,83.28745,26.69646
24329,83.28532,26.69312
24330,83.28504,26.69279
24331,83.28623,26.69275
24332,83.28626,26.69209
24333,83.28691,26.69183
24334,83.28971,26.69559
24335,83.29129,26.68783
24336,83.29200,26.68770
24337,83.29198,26.68548
24338,83.29238,26.68535
24339,83.29216,26.68388
24340,83.29194,26.68365
24341,83.29290,26.68281
24342,83.29286,26.68361
24343,83.29299,26.68366
24344,83.29368,26.68350
24345,83.29370,26.68458
24346,83.29402,26.68447
24347,83.29265,26.68373
24348,83.29332,26.68508
24349,83.29390,26.68588
24350,83.29429,26.68595
24351,83.29405,26.68508
24352,83.29282,26.68562
24353,83.29358,26.68735
24354,83.29236,26.68764
24355,83.29023,26.68410
24356,83.29146,26.68370
24357,83.28959,26.69013
24358,83.28842,26.69095
24359,83.28934,26.68980
24360,83.28812,26.69210
24361,83.29001,26.69119
24362,83.28914,26.69176
24363,83.28903,26.69248
24364,83.28932,26.69236
24365,83.29002,26.69250
24366,83.33322,26.79660
24367,83.33693,26.79615
24368,83.34019,26.79557
24369,83.33410,26.79122
24370,83.33902,26.80236
24371,83.27150,26.79726
24372,83.26935,26.80004
24373,83.26775,26.80290
24374,83.26764,26.80233
24375,83.26748,26.80113
24376,83.26923,26.80113
24377,83.26939,26.80154
24378,83.26892,26.80057
24379,83.26837,26.80003
24380,83.26895,26.80033
24381,83.27374,26.79903
24382,83.26906,26.80016
24383,83.26727,26.80121
24384,83.26636,26.80144
24385,83.27214,26.79963
24386,83.27217,26.79976
24387,83.27281,26.80242
24388,83.27204,26.80182
24389,83.27272,26.80196
24390,83.27471,26.80098
24391,83.27249,26.79454
24392,83.27300,26.79327
24393,83.27302,26.79346
24394,83.27251,26.79252
24395,83.27259,26.79355
24396,83.27164,26.79470
24397,83.27125,26.79375
24398,83.27219,26.79323
24399,83.27127,26.79125
24400,83.27068,26.79711
24401,83.27031,26.79962
24402,83.27054,26.79828
24403,83.27149,26.79430
24404,83.27088,26.79447
24405,83.27089,26.79393
24406,83.26992,26.79510
24407,83.26957,26.79521
24408,83.26952,26.79538
24409,83.26964,26.79572
24410,83.26990,26.79604
24411,83.26928,26.79498
24412,83.26868,26.79518
24413,83.26880,26.79539
24414,83.26957,26.79151
24415,83.27049,26.79433
24416,83.26905,26.79413
24417,83.26898,26.79413
24418,83.26802,26.79400
24419,83.26725,26.79315
24420,83.27333,26.78753
24421,83.27288,26.78885
24422,83.27270,26.78755
24423,83.27176,26.78768
24424,83.27159,26.78769
24425,83.27130,26.78517
24426,83.27133,26.78534
24427,83.27298,26.78405
24428,83.27139,26.78436
24429,83.27132,26.78437
24430,83.27122,26.78440
24431,83.25943,26.78544
24432,83.26168,26.78708
24433,83.26034,26.78512
24434,83.25891,26.78676
24435,83.26360,26.79666
24436,83.26306,26.79547
24437,83.26559,26.79888
24438,83.26568,26.79797
24439,83.26475,26.79762
24440,83.26437,26.79759
24441,83.26345,26.79720
24442,83.26496,26.79749
24443,83.26419,26.79604
24444,83.26417,26.79775
24445,83.26414,26.79854
24446,83.26375,26.79793
24447,83.26342,26.79685
24448,83.26727,26.79164
24449,83.26959,26.79150
24450,83.26358,26.79221
24451,83.26466,26.79485
24452,83.26420,26.79501
24453,83.26501,26.79517
24454,83.26476,26.79309
24455,83.26446,26.79580
24456,83.26186,26.79485
24457,83.26780,26.79257
24458,83.26616,26.79377
24459,83.26059,26.79927
24460,83.28392,26.80517
24461,83.28409,26.80555
24462,83.28238,26.80557
24463,83.29219,26.81735
24464,83.29213,26.81719
24465,83.29206,26.81738
24466,83.28559,26.81923
24467,83.28472,26.81893
24468,83.28444,26.81841
24469,83.37505,26.73314
24470,83.37520,26.73347
24471,83.28396,26.81724
24472,83.28962,26.81149
24473,83.28834,26.80765
24474,83.28929,26.81165
24475,83.28579,26.81826
24476,83.28558,26.81947
24477,83.27433,26.81991
24478,83.28624,26.80876
24479,83.28360,26.80618
24480,83.28339,26.80579
24481,83.28428,26.80682
24482,83.28352,26.80701
24483,83.28482,26.80693
24484,83.28272,26.80546
24485,83.28054,26.80542
24486,83.28187,26.80436
24487,83.28099,26.80481
24488,83.28021,26.80502
24489,83.28245,26.80695
24490,83.28244,26.80713
24491,83.28836,26.80943
24492,83.28143,26.80747
24493,83.28312,26.80783
24494,83.28260,26.80728
24495,83.27938,26.80262
24496,83.27585,26.81383
24497,83.27387,26.81424
24498,83.27457,26.81402
24499,83.27426,26.81460
24500,83.27416,26.81420
24501,83.27407,26.81415
24502,83.27533,26.81288
24503,83.27387,26.81347
24504,83.27249,26.81016
24505,83.27329,26.81072
24506,83.27576,26.80988
24507,83.27478,26.80752
24508,83.27415,26.80600
24509,83.27536,26.80390
24510,83.27603,26.80365
24511,83.27743,26.80405
24512,83.27631,26.80423
24513,83.27666,26.80619
24514,83.37591,26.73464
24515,83.37514,26.73511
24516,83.37543,26.73500
24517,83.37440,26.73570
24518,83.37425,26.73532
24519,83.37219,26.73524
24520,83.37154,26.73448
24521,83.37181,26.73422
24522,83.37290,26.73169
24523,83.37312,26.73216
24524,83.38143,26.73383
24525,83.38097,26.73392
24526,83.38087,26.73462
24527,83.38149,26.73437
24528,83.38126,26.73387
24529,83.38120,26.73449
24530,83.38016,26.73412
24531,83.38053,26.73425
24532,83.38044,26.73399
24533,83.38015,26.73573
24534,83.38029,26.73601
24535,83.37993,26.73510
24536,83.37848,26.73550
24537,83.37904,26.73601
24538,83.37873,26.73542
24539,83.37753,26.73615
24540,83.37726,26.73551
24541,83.43542,26.69042
24542,83.43600,26.69116
24543,83.43562,26.69032
24544,83.43601,26.69166
24545,83.43299,26.69546
24546,83.43497,26.69546
24547,83.43423,26.69994
24548,83.43587,26.69449
24549,83.43403,26.70021
24550,83.43402,26.70006
24551,83.43744,26.70174
24552,83.43754,26.70121
24553,83.44487,26.70200
24554,83.43716,26.70254
24555,83.43737,26.70335
24556,83.43741,26.70287
24557,83.43762,26.70328
24558,83.44020,26.70278
24559,83.44019,26.70251
24560,83.37107,26.73005
24561,83.37317,26.73020
24562,83.37202,26.72960
24563,83.44988,26.69300
24564,83.45414,26.69252
24565,83.45003,26.69566
24566,83.45088,26.69567
24567,83.44974,26.68795
24568,83.45089,26.68894
24569,83.44540,26.70237
24570,83.37274,26.72995
24571,83.37762,26.73831
24572,83.37916,26.73903
24573,83.37621,26.74005
24574,83.37582,26.74058
24575,83.37753,26.74061
24576,83.37700,26.73949
24577,83.37709,26.73976
24578,83.37741,26.74020
24579,83.37729,26.73972
24580,83.37930,26.74159
24581,83.32791,26.83651
24582,83.32946,26.83981
24583,83.33431,26.84257
24584,83.33185,26.84147
24585,83.33743,26.84203
24586,83.33697,26.84197
24587,83.43395,26.79477
24588,83.43355,26.79461
24589,83.43462,26.79514
24590,83.43595,26.79414
24591,83.43560,26.79489
24592,83.47066,26.67907
24593,83.46989,26.67940
24594,83.43213,26.69914
24595,83.38146,26.73531
24596,83.38112,26.73452
24597,83.38161,26.73898
24598,83.38189,26.73845
24599,83.33509,26.72896
24600,83.33619,26.72807
24601,83.33739,26.72866
24602,83.33796,26.72828
24603,83.33725,26.72769
24604,83.33853,26.72895
24605,83.34024,26.72841
24606,83.34041,26.72870
24607,83.34004,26.72852
24608,83.34100,26.72798
24609,83.34082,26.72736
24610,83.33686,26.73076
24611,83.33553,26.73040
24612,83.33497,26.73121
24613,83.33532,26.73105
24614,83.32979,26.73882
24615,83.32757,26.68227
24616,83.32730,26.68177
24617,83.32675,26.66389
24618,83.32421,26.68265
24619,83.37020,26.82584
24620,83.36985,26.82675
24621,83.38385,26.82954
24622,83.38340,26.82973
24623,83.38483,26.82834
24624,83.38524,26.82740
24625,83.38487,26.82759
24626,83.38562,26.82429
24627,83.37981,26.82605
24628,83.37909,26.82561
24629,83.37701,26.82851
24630,83.37803,26.82275
24631,83.37830,26.82368
24632,83.37751,26.82296
24633,83.37759,26.82322
24634,83.37640,26.82352
24635,83.37656,26.82409
24636,83.38278,26.82802
24637,83.38152,26.82848
24638,83.38048,26.82907
24639,83.38372,26.83314
24640,83.38329,26.83335
24641,83.37669,26.83089
24642,83.34568,26.81476
24643,83.34412,26.81316
24644,83.33896,26.81672
24645,83.33771,26.81706
24646,83.33656,26.81431
24647,83.33545,26.81410
24648,83.33504,26.81334
24649,83.33648,26.81140
24650,83.35787,26.84463
24651,83.35855,26.84424
24652,83.35990,26.84427
24653,83.35955,26.84341
24654,83.36398,26.84209
24655,83.36251,26.84244
24656,83.33439,26.81344
24657,83.33435,26.81337
24658,83.33300,26.81061
24659,83.34132,26.81269
24660,83.34049,26.81285
24661,83.33574,26.81320
24662,83.33767,26.81274
24663,83.33520,26.81121
24664,83.33152,26.81061
24665,83.33117,26.81040
24666,83.33081,26.80992
24667,83.33069,26.80980
24668,83.32572,26.80979
24669,83.32964,26.80573
24670,83.37799,26.82820
24671,83.37781,26.82763
24672,83.38420,26.82762
24673,83.38081,26.82867
24674,83.38010,26.82804
24675,83.37776,26.82977
24676,83.37959,26.82873
24677,83.37610,26.82446
24678,83.37572,26.82462
24679,83.38563,26.83000
24680,83.38511,26.83020
24681,83.38384,26.82995
24682,83.38439,26.83168
24683,83.38568,26.83215
24684,83.38622,26.83233
24685,83.38507,26.83249
24686,83.38434,26.83278
24687,83.37501,26.83249
24688,83.37509,26.83266
24689,83.37485,26.83214
24690,83.47843,26.68742
24691,83.48059,26.68646
24692,83.47626,26.68019
24693,83.47728,26.68240
24694,83.47807,26.68485
24695,83.47888,26.68712
24696,83.47972,26.68299
24697,83.47959,26.68352
24698,83.47974,26.68434
24699,83.48345,26.68218
24700,83.47858,26.69139
24701,83.47886,26.69156
24702,83.48018,26.69070
24703,83.26803,26.72088
24704,83.25970,26.71545
24705,83.26058,26.71540
24706,83.26095,26.71522
24707,83.26215,26.71477
24708,83.26321,26.71431
24709,83.26315,26.71065
24710,83.26321,26.71220
24711,83.25939,26.71588
24712,83.27118,26.72044
24713,83.27162,26.71945
24714,83.27217,26.71923
24715,83.26988,26.71814
24716,83.27126,26.71766
24717,83.27330,26.71701
24718,83.26993,26.71809
24719,83.27010,26.71786
24720,83.27041,26.71679
24721,83.27189,26.71613
24722,83.27113,26.71702
24723,83.27244,26.71649
24724,83.26935,26.71718
24725,83.26993,26.71744
24726,83.26918,26.71740
24727,83.26973,26.71795
24728,83.27317,26.71693
24729,83.27335,26.71669
24730,83.27349,26.71624
24731,83.27347,26.71599
24732,83.27275,26.71625
24733,83.27068,26.71469
24734,83.27032,26.71859
24735,83.27348,26.71770
24736,83.27384,26.71758
24737,83.27405,26.71747
24738,83.27396,26.71793
24739,83.27443,26.71770
24740,83.27178,26.71836
24741,83.27185,26.71860
24742,83.27197,26.71756
24743,83.27212,26.71823
24744,83.27215,26.71805
24745,83.27270,26.71789
24746,83.27308,26.71831
24747,83.27029,26.72028
24748,83.27084,26.71968
24749,83.27264,26.71766
24750,83.27028,26.71689
24751,83.27043,26.71714
24752,83.27102,26.71753
24753,83.26954,26.71276
24754,83.26977,26.71643
24755,83.26876,26.71684
24756,83.26794,26.71674
24757,83.26953,26.71609
24758,83.27141,26.71574
24759,83.25671,26.85798
24760,83.26146,26.85699
24761,83.25553,26.84878
24762,83.25944,26.71402
24763,83.26041,26.71431
24764,83.26063,26.71323
24765,83.26064,26.71296
24766,83.25946,26.71382
24767,83.26038,26.71436
24768,83.25997,26.71510
24769,83.26132,26.71004
24770,83.26147,26.71045
24771,83.26068,26.71191
24772,83.26127,26.71266
24773,83.26169,26.71372
24774,83.26053,26.71392
24775,83.26309,26.71343
24776,83.26064,26.71285
24777,83.26682,26.71106
24778,83.26648,26.71158
24779,83.26614,26.71187
24780,83.26441,26.71095
24781,83.26491,26.71154
24782,83.26601,26.71132
24783,83.26644,26.71089
24784,83.26568,26.71077
24785,83.26587,26.71157
24786,83.26367,26.71113
24787,83.26429,26.71257
24788,83.26479,26.71223
24789,83.26534,26.71199
24790,83.26333,26.71285
24791,83.26681,26.71210
24792,83.26765,26.71190
24793,83.26873,26.71137
24794,83.26745,26.71194
24795,83.26747,26.71215
24796,83.26794,26.71267
24797,83.26485,26.71239
24798,83.26508,26.71211
24799,83.26380,26.71159
24800,83.26433,26.71181
24801,83.26474,26.71164
24802,83.26550,26.71204
24803,83.26581,26.71319
24804,83.26591,26.71343
24805,83.26582,26.71233
24806,83.26546,26.71278
24807,83.26688,26.71231
24808,83.26735,26.71169
24809,83.26754,26.71157
24810,83.26413,26.70817
24811,83.26439,26.70878
24812,83.26521,26.71083
24813,83.26298,26.71055
24814,83.26328,26.70642
24815,83.26392,26.70822
24816,83.26277,26.70837
24817,83.26584,26.70767
24818,83.26413,26.70567
24819,83.26495,26.70537
24820,83.26930,26.70402
24821,83.26449,26.70622
24822,83.26572,26.70842
24823,83.27105,26.70624
24824,83.27177,26.70700
24825,83.27336,26.70595
24826,83.27486,26.70521
24827,83.27750,26.70418
24828,83.26845,26.70703
24829,83.26881,26.70790
24830,83.26771,26.70963
24831,83.26815,26.70919
24832,83.26735,26.70738
24833,83.26774,26.70827
24834,83.26733,26.70842
24835,83.27120,26.70400
24836,83.27252,26.70344
24837,83.27224,26.70588
24838,83.27087,26.70630
24839,83.27183,26.70592
24840,83.27212,26.70592
24841,83.27103,26.70426
24842,83.26925,26.71226
24843,83.38622,26.70222
24844,83.38883,26.70168
24845,83.38930,26.70162
24846,83.38927,26.70116
24847,83.39049,26.70061
24848,83.38962,26.70010
24849,83.39015,26.70077
24850,83.39082,26.70081
24851,83.39234,26.70171
24852,83.39174,26.70044
24853,83.39063,26.69821
24854,83.39233,26.70000
24855,83.39165,26.70025
24856,83.39135,26.69919
24857,83.39318,26.70227
24858,83.39575,26.70139
24859,83.39677,26.70017
24860,83.39646,26.69877
24861,83.39602,26.69743
24862,83.39628,26.69827
24863,83.39462,26.69727
24864,83.39502,26.69855
24865,83.39519,26.69911
24866,83.39590,26.70036
24867,83.39146,26.68292
24868,83.39529,26.68648
24869,83.39554,26.68697
24870,83.39566,26.68782
24871,83.39588,26.68876
24872,83.39380,26.68823
24873,83.39323,26.68845
24874,83.39499,26.68894
24875,83.39462,26.68802
24876,83.39461,26.68898
24877,83.39543,26.68889
24878,83.39433,26.68735
24879,83.39455,26.68804
24880,83.39360,26.68794
24881,83.39696,26.69133
24882,83.39665,26.69055
24883,83.39651,26.69024
24884,83.39637,26.68978
24885,83.39593,26.68873
24886,83.39511,26.69061
24887,83.39500,26.69091
24888,83.39583,26.69069
24889,83.39603,26.69107
24890,83.39544,26.69214
24891,83.39455,26.69297
24892,83.39407,26.69192
24893,83.39566,26.69516
24894,83.39640,26.69726
24895,83.39498,26.69385
24896,83.39580,26.69151
24897,83.39645,26.69281
24898,83.39705,26.69435
24899,83.39705,26.69444
24900,83.39712,26.69440
24901,83.39782,26.69402
24902,83.39944,26.69346
24903,83.39820,26.69868
24904,83.39882,26.69931
24905,83.40808,26.69559
24906,83.39885,26.69185
24907,83.39908,26.69264
24908,83.39969,26.69403
24909,83.40020,26.69525
24910,83.40072,26.69647
24911,83.40156,26.69848
24912,83.39940,26.69338
24913,83.40094,26.69284
24914,83.40168,26.69334
24915,83.26526,26.85595
24916,83.25898,26.85606
24917,83.26108,26.85568
24918,83.26089,26.85496
24919,83.25905,26.85541
24920,83.26078,26.84635
24921,83.27049,26.85655
24922,83.26963,26.84647
24923,83.26815,26.84727
24924,83.26135,26.84778
24925,83.26016,26.84955
24926,83.26165,26.84856
24927,83.25968,26.84882
24928,83.25953,26.84824
24929,83.26004,26.85731
24930,83.25906,26.85639
24931,83.27318,26.78837
24932,83.27331,26.78869
24933,83.27010,26.79591
24934,83.26982,26.79599
24935,83.26938,26.79595
24936,83.27092,26.79692
24937,83.27113,26.79766
24938,83.27120,26.79607
24939,83.27036,26.79607
24940,83.27011,26.79555
24941,83.27028,26.79583
24942,83.27124,26.79523
24943,83.27072,26.79550
24944,83.26906,26.79548
24945,83.26897,26.79511
24946,83.26930,26.79525
24947,83.26910,26.79571
24948,83.26875,26.79583
24949,83.27215,26.79972
24950,83.27214,26.79966
24951,83.47944,26.68952
24952,83.48099,26.68888
24953,83.47601,26.69415
24954,83.47776,26.69460
24955,83.47603,26.69272
24956,83.47883,26.69272
24957,83.47966,26.69242
24958,83.47563,26.69220
24959,83.47563,26.68955
24960,83.47695,26.69134
24961,83.26944,26.80168
24962,83.26943,26.80165
24963,83.26940,26.80156
24964,83.26596,26.79950
24965,83.26590,26.79943
24966,83.26602,26.80268
24967,83.26764,26.80227
24968,83.26498,26.80342
24969,83.26479,26.80307
24970,83.26789,26.80088
24971,83.47929,26.69619
24972,83.47916,26.69626
24973,83.29217,26.85616
24974,83.27795,26.85659
24975,83.27799,26.85659
24976,83.28692,26.85633
24977,83.28718,26.85634
24978,83.29222,26.85691
24979,83.25650,26.85882
24980,83.47845,26.69923
24981,83.47958,26.69892
24982,83.47911,26.69905
24983,83.47937,26.69985
24984,83.47966,26.69945
24985,83.48231,26.70003
24986,83.47884,26.70039
24987,83.29341,26.84646
24988,83.29446,26.84680
24989,83.29549,26.84879
24990,83.29529,26.84821
24991,83.29408,26.84872
24992,83.29246,26.85779
24993,83.29055,26.86257
24994,83.28985,26.85947
24995,83.29273,26.86042
24996,83.29615,26.85972
24997,83.29533,26.85551
24998,83.29421,26.85693
24999,83.29554,26.85650
25000,83.29572,26.85692
25001,83.29594,26.85693
25002,83.29727,26.85792
25003,83.29183,26.84861
25004,83.29247,26.84854
25005,83.29012,26.84348
25006,83.29028,26.84413
25007,83.29289,26.84594
25008,83.29182,26.85020
25009,83.29433,26.85105
25010,83.29377,26.84988
25011,83.29449,26.84966
25012,83.29182,26.84784
25013,83.29332,26.84651
25014,83.29327,26.84740
25015,83.29241,26.84452
25016,83.29652,26.84295
25017,83.29369,26.84402
25018,83.29515,26.84345
25019,83.29439,26.84153
25020,83.28904,26.84389
25021,83.29021,26.84506
25022,83.29031,26.84464
25023,83.29590,26.84627
25024,83.39738,26.69309
25025,83.40309,26.69439
25026,83.39429,26.69706
25027,83.39436,26.69684
25028,83.39312,26.69746
25029,83.39308,26.69659
25030,83.39522,26.70059
25031,83.39297,26.70025
25032,83.39156,26.69749
25033,83.39186,26.69777
25034,83.39190,26.69780
25035,83.39201,26.69789
25036,83.39262,26.69930
25037,83.39246,26.69879
25038,83.40032,26.70311
25039,83.40049,26.70253
25040,83.40037,26.70212
25041,83.40037,26.70033
25042,83.40067,26.70104
25043,83.39983,26.70140
25044,83.40042,26.70278
25045,83.40021,26.70235
25046,83.40341,26.69905
25047,83.40371,26.69986
25048,83.39938,26.69960
25049,83.39901,26.69975
25050,83.39484,26.69551
25051,83.39564,26.69512
25052,83.29209,26.87422
25053,83.25984,26.78512
25054,83.26028,26.78501
25055,83.26288,26.80316
25056,83.27167,26.78768
25057,83.27350,26.80461
25058,83.27326,26.80325
25059,83.27364,26.79874
25060,83.29344,26.68414
25061,83.29188,26.68360
25062,83.29184,26.68332
25063,83.29223,26.68333
25064,83.28659,26.69171
25065,83.28678,26.69256
25066,83.28643,26.69203
25067,83.28142,26.69391
25068,83.28111,26.69404
25069,83.28223,26.69419
25070,83.28182,26.69396
25071,83.28130,26.69442
25072,83.28451,26.69768
25073,83.28468,26.69815
25074,83.28304,26.69159
25075,83.28330,26.69382
25076,83.28317,26.69347
25077,83.28281,26.69231
25078,83.28324,26.69385
25079,83.28254,26.69648
25080,83.47822,26.70160
25081,83.47894,26.70064
25082,83.47963,26.69830
25083,83.48030,26.69780
25084,83.47960,26.69684
25085,83.48403,26.69682
25086,83.47959,26.69907
25087,83.48257,26.69722
25088,83.47778,26.68405
25089,83.47886,26.68421
25090,83.39519,26.69011
25091,83.39315,26.69026
25092,83.39329,26.69267
25093,83.39412,26.69187
25094,83.39391,26.69151
25095,83.39400,26.69166
25096,83.39432,26.69168
25097,83.39315,26.69176
25098,83.39355,26.69243
25099,83.39298,26.68634
25100,83.39201,26.68567
25101,83.39119,26.68534
25102,83.39171,26.68549
25103,83.39089,26.68621
25104,83.39126,26.68624
25105,83.39131,26.68624
25106,83.39176,26.68608
25107,83.39264,26.68646
25108,83.39305,26.68509
25109,83.39281,26.68518
25110,83.39158,26.68314
25111,83.39175,26.68310
25112,83.39179,26.68310
25113,83.39307,26.68277
25114,83.39352,26.68377
25115,83.39638,26.68407
25116,83.39305,26.69291
25117,83.39373,26.69342
25118,83.39220,26.69547
25119,83.39244,26.69550
25120,83.39247,26.69550
25121,83.39273,26.69560
25122,83.39267,26.69325
25123,83.39251,26.69338
25124,83.39249,26.69340
25125,83.39174,26.69380
25126,83.39157,26.69316
25127,83.39452,26.68424
25128,83.39661,26.68551
25129,83.40200,26.68435
25130,83.40951,26.68472
25131,83.40520,26.68343
25132,83.39931,26.69190
25133,83.39767,26.68756
25134,83.39717,26.69023
25135,83.39683,26.68989
25136,83.39790,26.68989
25137,83.39822,26.69034
25138,83.40033,26.69043
25139,83.40290,26.69148
25140,83.39801,26.69046
25141,83.39844,26.69183
25142,83.39748,26.69058
25143,83.39765,26.68810
25144,83.39802,26.68827
25145,83.40473,26.69186
25146,83.40569,26.69396
25147,83.40622,26.69502
25148,83.40374,26.69481
25149,83.40154,26.69325
25150,83.40484,26.69211
25151,83.38633,26.70163
25152,83.38665,26.70202
25153,83.38889,26.70141
25154,83.38934,26.69993
25155,83.39136,26.69919
25156,83.39729,26.69797
25157,83.39318,26.69660
25158,83.28210,26.80538
25159,83.28172,26.80541
25160,83.28355,26.80742
25161,83.27605,26.81455
25162,83.27463,26.81683
25163,83.28622,26.81929
25164,83.28241,26.80556
25165,83.28227,26.80473
25166,83.34928,26.78240
25167,83.34915,26.78213
25168,83.34748,26.78202
25169,83.34727,26.78151
25170,83.34687,26.78147
25171,83.34715,26.77994
25172,83.34643,26.78023
25173,83.35866,26.77165
25174,83.35854,26.77142
25175,83.35759,26.76836
25176,83.35752,26.76797
25177,83.35751,26.76753
25178,83.35743,26.76754
25179,83.35740,26.78119
25180,83.35738,26.78177
25181,83.35705,26.78357
25182,83.35683,26.78494
25183,83.35657,26.78639
25184,83.35646,26.78706
25185,83.35635,26.78775
25186,83.35625,26.78840
25187,83.35617,26.78893
25188,83.35765,26.78025
25189,83.35774,26.77980
25190,83.35831,26.77638
25191,83.35751,26.78045
25192,83.35873,26.77571
25193,83.42486,26.72299
25194,83.42493,26.72298
25195,83.41881,26.72228
25196,83.42295,26.70641
25197,83.34872,26.78333
25198,83.34858,26.78300
25199,83.34903,26.78307
25200,83.34843,26.78069
25201,83.34727,26.78030
25202,83.34848,26.77978
25203,83.34720,26.78104
25204,83.34676,26.78010
25205,83.34600,26.77905
25206,83.34655,26.77878
25207,83.34790,26.77928
25208,83.34735,26.77948
25209,83.34694,26.77860
25210,83.34534,26.77785
25211,83.34668,26.77734
25212,83.34373,26.77376
25213,83.34603,26.77561
25214,83.34466,26.77099
25215,83.34529,26.77335
25216,83.34425,26.77529
25217,83.34308,26.77181
25218,83.34373,26.77374
25219,83.34384,26.77408
25220,83.34540,26.77368
25221,83.34440,26.77574
25222,83.34593,26.77532
25223,83.34408,26.77480
25224,83.34563,26.77439
25225,83.34529,26.77515
25226,83.34584,26.77502
25227,83.34483,26.77490
25228,83.34505,26.77556
25229,83.34440,26.77472
25230,83.34471,26.77565
25231,83.34427,26.77535
25232,83.34458,26.77527
25233,83.34449,26.77498
25234,83.34525,26.77477
25235,83.34516,26.77451
25236,83.34573,26.77470
25237,83.34419,26.77399
25238,83.34490,26.77428
25239,83.34498,26.77456
25240,83.34519,26.77413
25241,83.34551,26.77404
25242,83.34250,26.77465
25243,83.34282,26.77448
25244,83.34381,26.77509
25245,83.34391,26.77540
25246,83.34301,26.77472
25247,83.34360,26.77442
25248,83.34362,26.77446
25249,83.34393,26.77436
25250,83.34476,26.77384
25251,83.34207,26.77420
25252,83.34239,26.77346
25253,83.34291,26.77406
25254,83.34279,26.77380
25255,83.34317,26.77207
25256,83.34249,26.77290
25257,83.34337,26.77268
25258,83.34257,26.77316
25259,83.34345,26.77290
25260,83.34316,26.77299
25261,83.34322,26.77322
25262,83.34256,26.77314
25263,83.34176,26.77387
25264,83.34220,26.77380
25265,83.34230,26.77408
25266,83.34205,26.77329
25267,83.34212,26.77354
25268,83.34265,26.77339
25269,83.34129,26.77322
25270,83.34196,26.77304
25271,83.34171,26.77311
25272,83.34157,26.77264
25273,83.34108,26.77280
25274,83.34230,26.77322
25275,83.34199,26.77311
25276,83.34182,26.77256
25277,83.34195,26.77130
25278,83.34211,26.77168
25279,83.34241,26.77018
25280,83.34194,26.77054
25281,83.34248,26.77034
25282,83.34307,26.77083
25283,83.34343,26.77161
25284,83.34342,26.77085
25285,83.34371,26.77141
25286,83.34401,26.77122
25287,83.34367,26.76959
25288,83.34272,26.76997
25289,83.34428,26.76938
25290,83.34340,26.76971
25291,83.34298,26.76876
25292,83.34306,26.76894
25293,83.34349,26.76878
25294,83.34247,26.76913
25295,83.34226,26.76920
25296,83.34232,26.76845
25297,83.34268,26.77079
25298,83.34419,26.77078
25299,83.34462,26.77066
25300,83.34314,26.76839
25301,83.34357,26.76750
25302,83.34320,26.76761
25303,83.34308,26.76722
25304,83.34340,26.76860
25305,83.34369,26.76787
25306,83.34255,26.76728
25307,83.34218,26.76601
25308,83.34260,26.76605
25309,83.34295,26.76724
25310,83.34292,26.76712
25311,83.34339,26.76700
25312,83.34287,26.76695
25313,83.34332,26.76682
25314,83.34281,26.76675
25315,83.34325,26.76663
25316,83.34268,26.76633
25317,83.34292,26.76672
25318,83.34423,26.76695
25319,83.34508,26.76677
25320,83.34190,26.76599
25321,83.34091,26.76514
25322,83.34092,26.76512
25323,83.34094,26.76509
25324,83.34251,26.76544
25325,83.34251,26.76546
25326,83.34251,26.76605
25327,83.34345,26.76543
25328,83.34357,26.76612
25329,83.34291,26.76566
25330,83.34251,26.76566
25331,83.34204,26.76547
25332,83.34206,26.76600
25333,83.34092,26.76549
25334,83.34167,26.76555
25335,83.34414,26.77364
25336,83.34417,26.77150
25337,83.34374,26.77246
25338,83.34489,26.77217
25339,83.34444,26.77228
25340,83.34407,26.77118
25341,83.34387,26.77168
25342,83.34432,26.77194
25343,83.34402,26.77329
25344,83.34470,26.77308
25345,83.34481,26.77347
25346,83.34437,26.77317
25347,83.41139,26.70813
25348,83.41163,26.70805
25349,83.41055,26.70721
25350,83.26957,26.84348
25351,83.29183,26.84912
25352,83.29230,26.84853
25353,83.27357,26.71718
25354,83.27233,26.70684
25355,83.27203,26.87569
25356,83.27151,26.70502
25357,83.27119,26.70550
25358,83.42324,26.85465
25359,83.41217,26.85737
25360,83.41225,26.85747
25361,83.41181,26.85768
25362,83.42048,26.84754
25363,83.28615,26.72624
25364,83.28631,26.72624
25365,83.28154,26.74115
25366,83.28092,26.74035
25367,83.27984,26.74034
25368,83.27949,26.73935
25369,83.28373,26.73772
25370,83.28458,26.73655
25371,83.28429,26.73517
25372,83.28521,26.72674
25373,83.28572,26.72434
25374,83.28572,26.72470
25375,83.28637,26.72446
25376,83.28439,26.72478
25377,83.28512,26.72435
25378,83.28520,26.72478
25379,83.29353,26.73345
25380,83.29213,26.73993
25381,83.29168,26.73805
25382,83.29566,26.73643
25383,83.29304,26.70160
25384,83.29164,26.69889
25385,83.29156,26.69882
25386,83.28952,26.69566
25387,83.28648,26.69106
25388,83.28686,26.69060
25389,83.28546,26.69200
25390,83.28882,26.69125
25391,83.29130,26.69037
25392,83.29153,26.69105
25393,83.29297,26.68445
25394,83.38442,26.82309
25395,83.37792,26.83179
25396,83.38033,26.82538
25397,83.38112,26.82471
25398,83.38155,26.82449
25399,83.38550,26.82518
25400,83.33939,26.81530
25401,83.33936,26.81573
25402,83.33888,26.81408
25403,83.33845,26.81255
25404,83.33984,26.81333
25405,83.34158,26.81644
25406,83.34128,26.81579
25407,83.33961,26.81534
25408,83.33982,26.81495
25409,83.33941,26.81556
25410,83.34062,26.81970
25411,83.34001,26.81775
25412,83.33918,26.81733
25413,83.33852,26.81750
25414,83.33981,26.81937
25415,83.33941,26.81944
25416,83.33873,26.81955
25417,83.33951,26.82050
25418,83.33905,26.82059
25419,83.33961,26.82161
25420,83.33887,26.82028
25421,83.33477,26.81807
25422,83.33616,26.81759
25423,83.33426,26.81825
25424,83.33739,26.82062
25425,83.33509,26.82121
25426,83.33645,26.82213
25427,83.33846,26.82058
25428,83.33745,26.82079
25429,83.33798,26.82019
25430,83.33731,26.82039
25431,83.33710,26.81987
25432,83.33839,26.82286
25433,83.33790,26.82157
25434,83.33786,26.82159
25435,83.33767,26.82124
25436,83.33816,26.82227
25437,83.33671,26.82282
25438,83.33694,26.82343
25439,83.33600,26.82096
25440,83.32040,26.82328
25441,83.33867,26.81335
25442,83.33782,26.81353
25443,83.33426,26.81242
25444,83.33402,26.81338
25445,83.33366,26.81349
25446,83.33471,26.81447
25447,83.34303,26.81000
25448,83.34061,26.81171
25449,83.34074,26.81216
25450,83.34029,26.81195
25451,83.33757,26.81233
25452,83.33930,26.81394
25453,83.33997,26.81374
25454,83.33901,26.81472
25455,83.33861,26.81449
25456,83.33878,26.81493
25457,83.33509,26.81474
25458,83.33397,26.81401
25459,83.33534,26.81237
25460,83.33325,26.81253
25461,83.33347,26.81552
25462,83.33111,26.81057
25463,83.33767,26.81432
25464,83.33723,26.81440
25465,83.33685,26.81368
25466,83.33725,26.81448
25467,83.33672,26.81468
25468,83.33575,26.81471
25469,83.33844,26.81598
25470,83.33806,26.81488
25471,83.33737,26.81635
25472,83.33864,26.81679
25473,83.33855,26.81639
25474,83.33857,26.81765
25475,83.33831,26.81689
25476,83.33951,26.81980
25477,83.33896,26.82123
25478,83.33867,26.82072
25479,83.33856,26.82071
25480,83.33906,26.82063
25481,83.33874,26.82133
25482,83.33897,26.82043
25483,83.34084,26.81274
25484,83.42202,26.82136
25485,83.42804,26.81641
25486,83.42802,26.81634
25487,83.42803,26.81641
25488,83.42136,26.81182
25489,83.41595,26.81202
25490,83.43763,26.81115
25491,83.43743,26.80977
25492,83.43728,26.80853
25493,83.41589,26.81288
25494,83.40888,26.80643
25495,83.40851,26.80715
25496,83.40937,26.80693
25497,83.40881,26.80738
25498,83.41286,26.80345
25499,83.41601,26.80468
25500,83.41785,26.80393
25501,83.42898,26.80649
25502,83.42853,26.80655
25503,83.42885,26.80643
25504,83.42858,26.80595
25505,83.42920,26.80651
25506,83.43308,26.82183
25507,83.43444,26.82126
25508,83.43219,26.82120
25509,83.43250,26.82079
25510,83.43241,26.82113
25511,83.43229,26.82134
25512,83.45079,26.81155
25513,83.44495,26.80894
25514,83.44563,26.80668
25515,83.44538,26.80763
25516,83.44514,26.80672
25517,83.44523,26.80732
25518,83.42292,26.83580
25519,83.40906,26.84310
25520,83.40973,26.84310
25521,83.45788,26.85393
25522,83.45785,26.85421
25523,83.45801,26.85913
25524,83.45737,26.85839
25525,83.45597,26.85969
25526,83.46899,26.85244
25527,83.45694,26.84753
25528,83.45674,26.84783
25529,83.45574,26.84626
25530,83.46740,26.85148
25531,83.46697,26.85158
25532,83.46744,26.85122
25533,83.46717,26.85081
25534,83.46858,26.85194
25535,83.47001,26.85889
25536,83.46921,26.85662
25537,83.47027,26.85887
25538,83.47020,26.85902
25539,83.47134,26.85812
25540,83.47140,26.85866
25541,83.47224,26.85844
25542,83.47021,26.85643
25543,83.46856,26.85672
25544,83.47594,26.85097
25545,83.47567,26.85077
25546,83.47547,26.85174
25547,83.46945,26.84537
25548,83.47000,26.85136
25549,83.47118,26.84903
25550,83.47115,26.84918
25551,83.44257,26.85566
25552,83.44457,26.85810
25553,83.44210,26.85947
25554,83.44196,26.85914
25555,83.44478,26.85897
25556,83.44447,26.85909
25557,83.44410,26.85880
25558,83.44320,26.85895
25559,83.44271,26.85893
25560,83.44290,26.85787
25561,83.44318,26.85755
25562,83.44352,26.85704
25563,83.44153,26.85662
25564,83.44395,26.85750
25565,83.44709,26.85057
25566,83.44685,26.84983
25567,83.44374,26.84871
25568,83.44384,26.84917
25569,83.43144,26.85927
25570,83.43125,26.85904
25571,83.43400,26.85218
25572,83.43263,26.85157
25573,83.43272,26.85177
25574,83.43320,26.84907
25575,83.43191,26.84945
25576,83.43128,26.84803
25577,83.43283,26.84741
25578,83.43252,26.84748
25579,83.43208,26.84724
25580,83.44098,26.85931
25581,83.44090,26.85931
25582,83.43973,26.85943
25583,83.43955,26.84597
25584,83.44002,26.84637
25585,83.43778,26.84446
25586,83.43729,26.84465
25587,83.43767,26.84607
25588,83.43705,26.84720
25589,83.43879,26.84702
25590,83.43769,26.84733
25591,83.43868,26.84675
25592,83.43889,26.84729
25593,83.44019,26.84633
25594,83.44008,26.84636
25595,83.43525,26.84885
25596,83.43665,26.84845
25597,83.44830,26.85041
25598,83.44805,26.85035
25599,83.44747,26.84965
25600,83.44715,26.84973
25601,83.44827,26.84988
25602,83.44792,26.84985
25603,83.44796,26.84967
25604,83.44644,26.84824
25605,83.44630,26.84872
25606,83.44820,26.84959
25607,83.44800,26.85011
25608,83.44732,26.84995
25609,83.44941,26.85189
25610,83.44977,26.85271
25611,83.44674,26.84935
25612,83.39328,26.69096
25613,83.39259,26.70136
25614,83.39275,26.70165
25615,83.39339,26.70241
25616,83.39335,26.70348
25617,83.39067,26.70247
25618,83.39022,26.70255
25619,83.39406,26.69761
25620,83.39433,26.69739
25621,83.39427,26.69836
25622,83.39505,26.69863
25623,83.39452,26.69852
25624,83.39157,26.69581
25625,83.38907,26.70049
25626,83.38685,26.70189
25627,83.39029,26.68738
25628,83.39127,26.68727
25629,83.40120,26.68297
25630,83.40349,26.68340
25631,83.34110,26.70512
25632,83.33083,26.70889
25633,83.31842,26.71866
25634,83.33052,26.71790
25635,83.33430,26.72227
25636,83.33582,26.72198
25637,83.33733,26.72166
25638,83.33667,26.72211
25639,83.34030,26.72242
25640,83.34029,26.72189
25641,83.33948,26.72268
25642,83.34080,26.72145
25643,83.32229,26.70704
25644,83.34102,26.70532
25645,83.36317,26.71131
25646,83.36365,26.71386
25647,83.36226,26.71629
25648,83.36210,26.71070
25649,83.36006,26.71399
25650,83.35988,26.71356
25651,83.35972,26.71327
25652,83.36087,26.71352
25653,83.35770,26.71514
25654,83.35772,26.71549
25655,83.35945,26.71596
25656,83.35918,26.71516
25657,83.35931,26.71506
25658,83.35872,26.71551
25659,83.36183,26.71616
25660,83.36334,26.71749
25661,83.36083,26.71726
25662,83.35974,26.71768
25663,83.36125,26.72026
25664,83.36102,26.72035
25665,83.36260,26.72047
25666,83.36007,26.72126
25667,83.28561,26.77763
25668,83.28902,26.78307
25669,83.28364,26.77922
25670,83.28361,26.77916
25671,83.28358,26.77911
25672,83.28319,26.77835
25673,83.28000,26.78249
25674,83.27899,26.78004
25675,83.27978,26.77990
25676,83.27926,26.78021
25677,83.27921,26.78000
25678,83.27987,26.77934
25679,83.28004,26.77985
25680,83.27709,26.77868
25681,83.27773,26.77954
25682,83.27801,26.77910
25683,83.27915,26.78001
25684,83.27879,26.77919
25685,83.27870,26.77903
25686,83.27836,26.77945
25687,83.27881,26.77922
25688,83.27760,26.77849
25689,83.27716,26.77884
25690,83.27868,26.77965
25691,83.27903,26.77954
25692,83.27932,26.77189
25693,83.28080,26.77143
25694,83.28095,26.77194
25695,83.28314,26.77417
25696,83.28749,26.76940
25697,83.28094,26.77188
25698,83.38110,26.74033
25699,83.38103,26.74006
25700,83.27055,26.80593
25701,83.26996,26.80461
25702,83.26726,26.80356
25703,83.26633,26.80390
25704,83.26173,26.80669
25705,83.26365,26.80494
25706,83.26489,26.80453
25707,83.26538,26.80440
25708,83.26823,26.80516
25709,83.38166,26.73882
25710,83.38403,26.73799
25711,83.38387,26.73758
25712,83.38354,26.73798
25713,83.38345,26.73771
25714,83.38509,26.73858
25715,83.38567,26.73927
25716,83.38546,26.73891
25717,83.38390,26.74119
25718,83.38315,26.74097
25719,83.37987,26.74169
25720,83.37928,26.74150
25721,83.37810,26.74060
25722,83.37852,26.74105
25723,83.37660,26.74094
25724,83.37660,26.74062
25725,83.37429,26.74123
25726,83.37543,26.74199
25727,83.37620,26.74203
25728,83.37582,26.74176
25729,83.37581,26.74201
25730,83.37616,26.74241
25731,83.37671,26.74322
25732,83.37814,26.74276
25733,83.37890,26.74257
25734,83.37649,26.73994
25735,83.37622,26.73930
25736,83.37670,26.73988
25737,83.37702,26.74063
25738,83.26579,26.80521
25739,83.27377,26.80843
25740,83.27031,26.81332
25741,83.26833,26.81526
25742,83.26601,26.81436
25743,83.26507,26.81275
25744,83.26473,26.81436
25745,83.26195,26.81828
25746,83.26124,26.81629
25747,83.26189,26.81539
25748,83.26346,26.81537
25749,83.26303,26.81255
25750,83.26014,26.81111
25751,83.26174,26.81035
25752,83.25784,26.80753
25753,83.25782,26.81741
25754,83.25929,26.81688
25755,83.26246,26.81973
25756,83.26276,26.82056
25757,83.26079,26.81318
25758,83.25515,26.82454
25759,83.26258,26.82000
25760,83.26257,26.81999
25761,83.25997,26.82080
25762,83.26054,26.82135
25763,83.26082,26.82158
25764,83.26062,26.82309
25765,83.26166,26.82266
25766,83.26046,26.82275
25767,83.26155,26.82245
25768,83.26116,26.82161
25769,83.26178,26.82099
25770,83.26226,26.82154
25771,83.26306,26.82133
25772,83.26229,26.81925
25773,83.26039,26.81934
25774,83.26413,26.81532
25775,83.26259,26.81321
25776,83.26326,26.81304
25777,83.26443,26.81384
25778,83.26417,26.81349
25779,83.26204,26.81371
25780,83.26263,26.81348
25781,83.26361,26.81360
25782,83.26502,26.81473
25783,83.26657,26.80732
25784,83.26157,26.80903
25785,83.26822,26.80516
25786,83.26569,26.80395
25787,83.26516,26.80537
25788,83.26886,26.80652
25789,83.26738,26.80476
25790,83.26850,26.80049
25791,83.26889,26.80030
25792,83.26952,26.79642
25793,83.27405,26.80303
25794,83.27232,26.80531
25795,83.26576,26.80434
25796,83.27349,26.81368
25797,83.25799,26.81204
25798,83.26171,26.81292
25799,83.26645,26.80373
25800,83.38507,26.72572
25801,83.38536,26.72601
25802,83.38396,26.72345
25803,83.38375,26.72317
25804,83.38369,26.72367
25805,83.38346,26.72329
25806,83.38111,26.72310
25807,83.38026,26.72430
25808,83.37926,26.72371
25809,83.37866,26.72441
25810,83.37931,26.72417
25811,83.38054,26.74083
25812,83.38062,26.74087
25813,83.38067,26.74080
25814,83.38103,26.74101
25815,83.38361,26.74234
25816,83.36853,26.73481
25817,83.36854,26.73474
25818,83.36872,26.73409
25819,83.36934,26.73221
25820,83.36940,26.73198
25821,83.36944,26.73197
25822,83.36942,26.73188
25823,83.36940,26.73189
25824,83.38331,26.72567
25825,83.38355,26.72641
25826,83.38592,26.72368
25827,83.36995,26.73586
25828,83.37023,26.73550
25829,83.38481,26.74225
25830,83.38430,26.74143
25831,83.38428,26.74092
25832,83.38450,26.74134
25833,83.38111,26.73742
25834,83.38128,26.73821
25835,83.38217,26.73626
25836,83.38284,26.73598
25837,83.38467,26.72709
25838,83.38498,26.72739
25839,83.38190,26.72336
25840,83.38255,26.72309
25841,83.37165,26.73141
25842,83.37149,26.73113
25843,83.36583,26.74316
25844,83.36586,26.74286
25845,83.36579,26.74256
25846,83.37673,26.74197
25847,83.37950,26.72311
25848,83.37197,26.72893
25849,83.37094,26.72890
25850,83.36758,26.73538
25851,83.28600,26.77338
25852,83.28425,26.77626
25853,83.28309,26.77668
25854,83.27756,26.77770
25855,83.27566,26.77273
25856,83.27755,26.77768
25857,83.27806,26.77882
25858,83.27690,26.77890
25859,83.27714,26.77880
25860,83.27403,26.78255
25861,83.27906,26.78042
25862,83.27446,26.78269
25863,83.28217,26.78056
25864,83.27904,26.77800
25865,83.27769,26.77864
25866,83.27846,26.77857
25867,83.27802,26.77871
25868,83.27775,26.77883
25869,83.27766,26.77865
25870,83.27757,26.77787
25871,83.27780,26.77822
25872,83.27613,26.77894
25873,83.27637,26.77918
25874,83.27756,26.77944
25875,83.27679,26.77961
25876,83.27701,26.78087
25877,83.27595,26.78031
25878,83.27637,26.78050
25879,83.27668,26.78099
25880,83.27626,26.77832
25881,83.34009,26.80606
25882,83.33860,26.82148
25883,83.33808,26.82207
25884,83.33855,26.81435
25885,83.33772,26.81460
25886,83.33623,26.81631
25887,83.33285,26.81251
25888,83.33192,26.81241
25889,83.33349,26.81321
25890,83.33283,26.81347
25891,83.33228,26.81321
25892,83.32899,26.81445
25893,83.32929,26.81433
25894,83.49790,26.68643
25895,83.46479,26.81852
25896,83.46590,26.81822
25897,83.45541,26.81123
25898,83.45555,26.81075
25899,83.45671,26.80479
25900,83.45784,26.80297
25901,83.43365,26.83404
25902,83.44220,26.82594
25903,83.37560,26.72439
25904,83.37523,26.72454
25905,83.37931,26.73240
25906,83.37903,26.73219
25907,83.38170,26.73429
25908,83.38114,26.74264
25909,83.36556,26.72446
25910,83.36538,26.72412
25911,83.36855,26.73488
25912,83.38536,26.74398
25913,83.38526,26.74383
25914,83.38554,26.74452
25915,83.37996,26.74045
25916,83.37511,26.73795
25917,83.36962,26.73521
25918,83.36612,26.74254
25919,83.36655,26.74259
25920,83.36383,26.74208
25921,83.36406,26.74174
25922,83.36053,26.72664
25923,83.35434,26.74102
25924,83.34377,26.74107
25925,83.34611,26.74186
25926,83.34617,26.74186
25927,83.35289,26.73762
25928,83.43510,26.82614
25929,83.43564,26.82558
25930,83.44089,26.82394
25931,83.44186,26.82331
25932,83.35750,26.72940
25933,83.36043,26.72990
25934,83.36063,26.72979
25935,83.38844,26.72152
25936,83.38681,26.72212
25937,83.40719,26.70644
25938,83.40757,26.70640
25939,83.40746,26.70555
25940,83.40768,26.70734
25941,83.40976,26.69146
25942,83.41374,26.69591
25943,83.41887,26.69789
25944,83.41905,26.69856
25945,83.45692,26.70794
25946,83.44231,26.71375
25947,83.44228,26.71373
25948,83.44234,26.71377
25949,83.44015,26.71698
25950,83.47576,26.80771
25951,83.46747,26.82172
25952,83.46723,26.82125
25953,83.46195,26.82215
25954,83.45633,26.82270
25955,83.45734,26.82240
25956,83.45678,26.82274
25957,83.45766,26.82264
25958,83.45730,26.82207
25959,83.45851,26.81924
25960,83.46851,26.80627
25961,83.46799,26.80470
25962,83.46734,26.80641
25963,83.47097,26.80363
25964,83.47093,26.80325
25965,83.47138,26.80358
25966,83.47134,26.80320
25967,83.47285,26.80348
25968,83.47308,26.80412
25969,83.47263,26.80394
25970,83.47221,26.80406
25971,83.47251,26.80358
25972,83.47271,26.80416
25973,83.47540,26.81891
25974,83.47112,26.81860
25975,83.46916,26.81030
25976,83.46831,26.81040
25977,83.46963,26.81059
25978,83.46980,26.81083
25979,83.45797,26.80864
25980,83.46034,26.80674
25981,83.45815,26.80403
25982,83.45830,26.80455
25983,83.46084,26.80699
25984,83.46094,26.80722
25985,83.46563,26.81861
25986,83.46581,26.81899
25987,83.43543,26.71942
25988,83.43646,26.71896
25989,83.34860,26.76476
25990,83.34897,26.78080
25991,83.34968,26.78052
25992,83.34962,26.78085
25993,83.34950,26.78059
25994,83.34875,26.78034
25995,83.35223,26.77800
25996,83.35350,26.77805
25997,83.35264,26.77793
25998,83.35281,26.77831
25999,83.35326,26.77814
26000,83.35341,26.77845
26001,83.35363,26.77838
26002,83.35362,26.77757
26003,83.35335,26.77887
26004,83.35352,26.77881
26005,83.35367,26.77920
26006,83.35012,26.78194
26007,83.35043,26.78179
26008,83.35178,26.78224
26009,83.35322,26.78101
26010,83.35403,26.78064
26011,83.35264,26.78100
26012,83.35196,26.77937
26013,83.35224,26.78120
26014,83.45834,26.81247
26015,83.46469,26.82018
26016,83.46516,26.81973
26017,83.45608,26.82207
26018,83.45982,26.80717
26019,83.45943,26.80730
26020,83.40702,26.76240
26021,83.40162,26.75211
26022,83.40219,26.75269
26023,83.40246,26.75259
26024,83.40627,26.74902
26025,83.35148,26.77951
26026,83.35476,26.77956
26027,83.35486,26.77982
26028,83.35437,26.77949
26029,83.35417,26.77855
26030,83.35455,26.78027
26031,83.35472,26.78129
26032,83.35617,26.78151
26033,83.35556,26.78367
26034,83.34873,26.77908
26035,83.34811,26.77942
26036,83.35106,26.77663
26037,83.35144,26.77725
26038,83.34931,26.77677
26039,83.34727,26.77751
26040,83.34776,26.77672
26041,83.34799,26.77725
26042,83.34812,26.77660
26043,83.34836,26.77710
26044,83.34661,26.77717
26045,83.34727,26.77713
26046,83.34740,26.77744
26047,83.34648,26.77678
26048,83.34808,26.77615
26049,83.34740,26.77642
26050,83.34819,26.77581
26051,83.34870,26.77695
26052,83.34729,26.77798
26053,83.34695,26.77814
26054,83.34888,26.77771
26055,83.34846,26.77706
26056,83.35142,26.77898
26057,83.34973,26.77760
26058,83.35110,26.77713
26059,83.35147,26.77650
26060,83.35107,26.77665
26061,83.35170,26.77676
26062,83.35126,26.77695
26063,83.35113,26.77521
26064,83.35128,26.77508
26065,83.35116,26.77474
26066,83.34882,26.77631
26067,83.34905,26.77682
26068,83.34803,26.77459
26069,83.34931,26.77406
26070,83.34904,26.77344
26071,83.34567,26.77424
26072,83.34563,26.77248
26073,83.34513,26.77262
26074,83.34541,26.77344
26075,83.34591,26.77329
26076,83.34678,26.77362
26077,83.34762,26.77333
26078,83.34658,26.77308
26079,83.34682,26.77366
26080,83.34698,26.77400
26081,83.34575,26.77447
26082,83.34606,26.77542
26083,83.34709,26.77440
26084,83.34726,26.77475
26085,83.34742,26.77505
26086,83.34738,26.77506
26087,83.34752,26.77530
26088,83.34762,26.77548
26089,83.34755,26.77557
26090,83.34773,26.77597
26091,83.34702,26.77287
26092,83.34739,26.77274
26093,83.34657,26.77195
26094,83.34652,26.77177
26095,83.34728,26.77158
26096,83.34661,26.77124
26097,83.34713,26.77109
26098,83.34529,26.77162
26099,83.34588,26.77140
26100,83.34515,26.77129
26101,83.34587,26.77137
26102,83.34467,26.77105
26103,83.34482,26.76964
26104,83.34513,26.77029
26105,83.34532,26.76894
26106,83.34640,26.76928
26107,83.34593,26.76879
26108,83.34973,26.77057
26109,83.34940,26.77220
26110,83.35000,26.77248
26111,83.35033,26.77089
26112,83.35076,26.77082
26113,83.35063,26.77035
26114,83.35054,26.76987
26115,83.35159,26.77066
26116,83.35130,26.76968
26117,83.35365,26.77217
26118,83.35386,26.77284
26119,83.34982,26.77398
26120,83.35017,26.77385
26121,83.34808,26.77304
26122,83.34885,26.77280
26123,83.34870,26.77241
26124,83.34878,26.77282
26125,83.34892,26.77322
26126,83.34900,26.77345
26127,83.34980,26.77252
26128,83.35060,26.77230
26129,83.35035,26.77144
26130,83.35022,26.77100
26131,83.35040,26.77040
26132,83.35030,26.76992
26133,83.35251,26.76909
26134,83.35403,26.76957
26135,83.35321,26.76868
26136,83.35000,26.77542
26137,83.34975,26.77452
26138,83.35443,26.77368
26139,83.35417,26.77276
26140,83.35380,26.77333
26141,83.35430,26.77319
26142,83.35482,26.77304
26143,83.35416,26.77462
26144,83.35497,26.77472
26145,83.35510,26.77514
26146,83.35557,26.77504
26147,83.35459,26.77531
26148,83.35501,26.77620
26149,83.35361,26.77686
26150,83.35344,26.77793
26151,83.35410,26.77789
26152,83.35433,26.77850
26153,83.35309,26.77911
26154,83.35309,26.77778
26155,83.35236,26.77706
26156,83.35182,26.77619
26157,83.35287,26.77605
26158,83.35286,26.77604
26159,83.35257,26.77649
26160,83.35292,26.77636
26161,83.35335,26.77652
26162,83.35301,26.77664
26163,83.35286,26.77750
26164,83.35265,26.77698
26165,83.35534,26.77821
26166,83.35512,26.77864
26167,83.35499,26.77828
26168,83.35508,26.77619
26169,83.34938,26.77537
26170,83.34877,26.77492
26171,83.35041,26.77572
26172,83.35078,26.77627
26173,83.34702,26.77247
26174,83.34713,26.77283
26175,83.34765,26.77000
26176,83.34343,26.76916
26177,83.34363,26.76961
26178,83.34532,26.76854
26179,83.34522,26.76820
26180,83.34581,26.76834
26181,83.34568,26.76806
26182,83.34408,26.76535
26183,83.34419,26.76613
26184,83.34768,26.76378
26185,83.35097,26.76396
26186,83.35086,26.76361
26187,83.35267,26.76337
26188,83.35284,26.76355
26189,83.35320,26.76434
26190,83.35324,26.76335
26191,83.36106,26.76406
26192,83.36096,26.76284
26193,83.36027,26.76296
26194,83.36079,26.76356
26195,83.36137,26.76552
26196,83.36129,26.76514
26197,83.36093,26.76568
26198,83.36086,26.76520
26199,83.36066,26.76576
26200,83.36059,26.76528
26201,83.36078,26.76615
26202,83.36108,26.76606
26203,83.36184,26.76629
26204,83.36091,26.76479
26205,83.36101,26.76518
26206,83.35788,26.76587
26207,83.35787,26.76656
26208,83.35751,26.76738
26209,83.35896,26.76691
26210,83.36002,26.76715
26211,83.35975,26.76761
26212,83.35966,26.76719
26213,83.35705,26.76875
26214,83.35741,26.76972
26215,83.35684,26.76769
26216,83.35746,26.76809
26217,83.35507,26.76717
26218,83.35570,26.76653
26219,83.35721,26.78271
26220,83.35826,26.78242
26221,83.35817,26.78213
26222,83.35728,26.78233
26223,83.35793,26.78220
26224,83.35805,26.78251
26225,83.35891,26.78210
26226,83.35939,26.78111
26227,83.36027,26.78212
26228,83.36072,26.77970
26229,83.36110,26.78055
26230,83.36126,26.77925
26231,83.36113,26.77886
26232,83.35781,26.77943
26233,83.35917,26.77800
26234,83.35913,26.77781
26235,83.35807,26.77799
26236,83.35868,26.77799
26237,83.35877,26.77828
26238,83.35791,26.77887
26239,83.35937,26.77859
26240,83.35907,26.77914
26241,83.35893,26.77869
26242,83.35812,26.77770
26243,83.35949,26.77737
26244,83.36060,26.77089
26245,83.36040,26.77031
26246,83.36101,26.77015
26247,83.36287,26.77230
26248,83.36270,26.77168
26249,83.36246,26.77142
26250,83.36203,26.76985
26251,83.36178,26.77068
26252,83.36223,26.77058
26253,83.36284,26.77050
26254,83.36267,26.76966
26255,83.36317,26.76983
26256,83.36064,26.76824
26257,83.36310,26.76811
26258,83.35904,26.77088
26259,83.35987,26.77003
26260,83.36284,26.77281
26261,83.36266,26.77356
26262,83.36294,26.77438
26263,83.36079,26.77763
26264,83.36120,26.77715
26265,83.36178,26.77715
26266,83.36213,26.77699
26267,83.36130,26.77736
26268,83.36157,26.77683
26269,83.36129,26.77611
26270,83.36145,26.77655
26271,83.36193,26.77638
26272,83.36296,26.77978
26273,83.36278,26.77925
26274,83.36208,26.78038
26275,83.36305,26.78045
26276,83.35906,26.77118
26277,83.35845,26.76882
26278,83.35922,26.76872
26279,83.35926,26.76899
26280,83.35912,26.76818
26281,83.35599,26.76530
26282,83.35589,26.76496
26283,83.35560,26.76502
26284,83.35573,26.76536
26285,83.35649,26.76515
26286,83.35635,26.76555
26287,83.35690,26.76624
26288,83.35306,26.76510
26289,83.35324,26.76557
26290,83.35352,26.76508
26291,83.35367,26.76537
26292,83.35772,26.77110
26293,83.34309,26.77275
26294,83.34287,26.77221
26295,83.34385,26.77278
26296,83.34174,26.77233
26297,83.34432,26.76846
26298,83.34392,26.76856
26299,83.34408,26.76755
26300,83.34363,26.76767
26301,83.34420,26.76789
26302,83.34374,26.76802
26303,83.34429,26.76828
26304,83.34385,26.76838
26305,83.35464,26.77238
26306,83.35520,26.77269
26307,83.28148,26.77409
26308,83.28014,26.77431
26309,83.27948,26.77428
26310,83.27961,26.77430
26311,83.27978,26.77476
26312,83.27968,26.77449
26313,83.28030,26.77435
26314,83.27910,26.77450
26315,83.27981,26.77375
26316,83.27791,26.77224
26317,83.27811,26.77312
26318,83.27774,26.77376
26319,83.27621,26.77420
26320,83.27913,26.77311
26321,83.27854,26.77391
26322,83.28083,26.77428
26323,83.28089,26.77547
26324,83.28177,26.77488
26325,83.28176,26.77444
26326,83.28232,26.77438
26327,83.27945,26.76591
26328,83.28072,26.76802
26329,83.28099,26.76910
26330,83.27552,26.77276
26331,83.27518,26.77212
26332,83.27517,26.77208
26333,83.27513,26.77194
26334,83.27570,26.76902
26335,83.27630,26.77035
26336,83.27493,26.77153
26337,83.27552,26.77060
26338,83.27563,26.76980
26339,83.27600,26.76966
26340,83.27443,26.76902
26341,83.27670,26.77215
26342,83.29536,26.76744
26343,83.29526,26.76686
26344,83.29525,26.76675
26345,83.29078,26.76142
26346,83.29130,26.76088
26347,83.29198,26.76244
26348,83.29112,26.76324
26349,83.28197,26.76761
26350,83.28367,26.77028
26351,83.28310,26.76984
26352,83.28289,26.76896
26353,83.27390,26.77050
26354,83.27374,26.77019
26355,83.27417,26.77060
26356,83.27387,26.77014
26357,83.27375,26.76994
26358,83.29405,26.75872
26359,83.29194,26.76233
26360,83.29325,26.76183
26361,83.29567,26.76121
26362,83.29412,26.76165
26363,83.29506,26.75790
26364,83.29543,26.75952
26365,83.28906,26.76289
26366,83.28967,26.76282
26367,83.28888,26.76305
26368,83.28935,26.76376
26369,83.29123,26.76238
26370,83.29530,26.75988
26371,83.29407,26.76163
26372,83.29434,26.76091
26373,83.29391,26.76106
26374,83.29464,26.76114
26375,83.29472,26.76156
26376,83.29307,26.76133
26377,83.29455,26.76086
26378,83.29422,26.76060
26379,83.29373,26.76086
26380,83.37816,26.84897
26381,83.37827,26.84761
26382,83.37980,26.84687
26383,83.37266,26.85164
26384,83.37820,26.85054
26385,83.37933,26.85328
26386,83.37414,26.85485
26387,83.37778,26.85382
26388,83.38006,26.85425
26389,83.38176,26.85791
26390,83.36795,26.84685
26391,83.36987,26.84854
26392,83.37345,26.85292
26393,83.37484,26.85696
26394,83.37499,26.85735
26395,83.37765,26.86014
26396,83.37304,26.85226
26397,83.36843,26.85459
26398,83.37065,26.85839
26399,83.36312,26.85609
26400,83.36721,26.86004
26401,83.36567,26.86112
26402,83.36425,26.85897
26403,83.36368,26.85805
26404,83.36477,26.85752
26405,83.37478,26.86103
26406,83.38322,26.85905
26407,83.38270,26.85927
26408,83.38250,26.85776
26409,83.38410,26.85738
26410,83.37591,26.84382
26411,83.36719,26.84549
26412,83.28052,26.71334
26413,83.28071,26.71386
26414,83.28366,26.71707
26415,83.27971,26.71795
26416,83.27642,26.71888
26417,83.29450,26.76015
26418,83.29400,26.76044
26419,83.29411,26.76028
26420,83.28993,26.76313
26421,83.29053,26.76364
26422,83.29061,26.76282
26423,83.28042,26.71396
26424,83.28026,26.71390
26425,83.27970,26.71419
26426,83.28022,26.71356
26427,83.28078,26.71317
26428,83.27467,26.71386
26429,83.27543,26.71829
26430,83.27433,26.71886
26431,83.27441,26.71810
26432,83.27486,26.71796
26433,83.27398,26.71743
26434,83.27510,26.71759
26435,83.27544,26.71550
26436,83.27471,26.71569
26437,83.27547,26.71270
26438,83.27574,26.71341
26439,83.27630,26.71304
26440,83.27429,26.71389
26441,83.27459,26.71154
26442,83.27425,26.70403
26443,83.26114,26.82231
26444,83.26142,26.82221
26445,83.26195,26.82161
26446,83.26140,26.82144
26447,83.26213,26.82131
26448,83.26064,26.82073
26449,83.26112,26.82071
26450,83.26092,26.82189
26451,83.26138,26.81991
26452,83.26386,26.81342
26453,83.26537,26.81325
26454,83.26440,26.81381
26455,83.26381,26.81520
26456,83.26366,26.81504
26457,83.26242,26.81356
26458,83.26295,26.81487
26459,83.26372,26.81425
26460,83.26278,26.81376
26461,83.26124,26.81300
26462,83.26139,26.81341
26463,83.26169,26.81333
26464,83.26325,26.81333
26465,83.27387,26.81350
26466,83.27340,26.80620
26467,83.27356,26.80649
26468,83.27367,26.80669
26469,83.26696,26.80363
26470,83.26589,26.80383
26471,83.26537,26.80362
26472,83.25153,26.74665
26473,83.23745,26.69235
26474,83.25151,26.74649
26475,83.28057,26.78208
26476,83.28500,26.78556
26477,83.27508,26.77942
26478,83.27567,26.77964
26479,83.27492,26.78026
26480,83.27456,26.77951
26481,83.28107,26.77908
26482,83.28266,26.77682
26483,83.27430,26.77133
26484,83.27433,26.76977
26485,83.27505,26.77044
26486,83.27913,26.77106
26487,83.27804,26.77107
26488,83.27791,26.77048
26489,83.27842,26.76904
26490,83.29582,26.76724
26491,83.29601,26.76782
26492,83.37583,26.84383
26493,83.36338,26.85076
26494,83.36685,26.85344
26495,83.36258,26.84839
26496,83.36211,26.84849
26497,83.36087,26.84830
26498,83.35956,26.84844
26499,83.37062,26.85192
26500,83.36986,26.85217
26501,83.37723,26.84812
26502,83.37578,26.84803
26503,83.37687,26.85301
26504,83.37571,26.85344
26505,83.37606,26.85408
26506,83.37098,26.86236
26507,83.37015,26.85972
26508,83.38324,26.86044
26509,83.38140,26.85864
26510,83.37748,26.85217
26511,83.37429,26.84375
26512,83.37314,26.84524
26513,83.37129,26.85283
26514,83.37222,26.86105
26515,83.37122,26.85945
26516,83.36754,26.86040
26517,83.37609,26.82263
26518,83.37545,26.82278
26519,83.37407,26.82310
26520,83.37477,26.82085
26521,83.37303,26.82180
26522,83.37441,26.82096
26523,83.28620,26.84107
26524,83.26158,26.76150
26525,83.25506,26.76001
26526,83.26023,26.74502
26527,83.26007,26.75802
26528,83.39355,26.76734
26529,83.39377,26.76784
26530,83.39385,26.77045
26531,83.39415,26.77014
26532,83.40749,26.78273
26533,83.39280,26.77677
26534,83.39299,26.77616
26535,83.38653,26.78325
26536,83.38661,26.78356
26537,83.38637,26.78285
26538,83.38805,26.77683
26539,83.40423,26.76492
26540,83.40751,26.76236
26541,83.39449,26.77389
26542,83.40557,26.76351
26543,83.40511,26.76372
26544,83.40534,26.77920
26545,83.40529,26.77917
26546,83.40486,26.77883
26547,83.40537,26.77922
26548,83.39772,26.77681
26549,83.39758,26.76920
26550,83.36841,26.90491
26551,83.28109,26.71767
26552,83.28060,26.71462
26553,83.27948,26.72067
26554,83.27699,26.71922
26555,83.29585,26.71606
26556,83.27386,26.71936
26557,83.27494,26.71866
26558,83.27292,26.70333
26559,83.28074,26.71496
26560,83.27993,26.71315
26561,83.28756,26.71878
26562,83.28754,26.71867
26563,83.29574,26.71565
26564,83.29581,26.71593
26565,83.47610,26.85168
26566,83.47715,26.85130
26567,83.47647,26.85140
26568,83.47849,26.85792
26569,83.47793,26.85754
26570,83.31890,26.85948
26571,83.31917,26.86028
26572,83.32008,26.85998
26573,83.32132,26.85955
26574,83.32011,26.86029
26575,83.33851,26.84320
26576,83.33178,26.84981
26577,83.33668,26.84846
26578,83.33147,26.84910
26579,83.33272,26.84865
26580,83.33162,26.84945
26581,83.33253,26.84959
26582,83.33200,26.84932
26583,83.33216,26.84970
26584,83.33801,26.84290
26585,83.34072,26.84384
26586,83.34176,26.84487
26587,83.32750,26.85394
26588,83.33105,26.84849
26589,83.33217,26.84760
26590,83.27838,26.84277
26591,83.27602,26.83670
26592,83.27675,26.83628
26593,83.27842,26.83568
26594,83.27929,26.83552
26595,83.28035,26.83529
26596,83.27798,26.84110
26597,83.27933,26.84063
26598,83.36347,26.86211
26599,83.36079,26.85891
26600,83.36256,26.85488
26601,83.36023,26.85392
26602,83.36184,26.85511
26603,83.36192,26.85428
26604,83.36227,26.85417
26605,83.36198,26.85455
26606,83.36222,26.85499
26607,83.36201,26.85237
26608,83.36012,26.85303
26609,83.36019,26.85360
26610,83.36096,26.85341
26611,83.36071,26.85290
26612,83.36164,26.85350
26613,83.36120,26.85270
26614,83.36024,26.85231
26615,83.35999,26.85187
26616,83.36041,26.85175
26617,83.36051,26.84718
26618,83.36189,26.84803
26619,83.36083,26.84709
26620,83.36124,26.84770
26621,83.36226,26.84678
26622,83.36239,26.84714
26623,83.35914,26.84703
26624,83.36062,26.84715
26625,83.35983,26.84685
26626,83.35966,26.84684
26627,83.36082,26.84476
26628,83.35907,26.84349
26629,83.35852,26.84421
26630,83.35860,26.84342
26631,83.35862,26.84430
26632,83.35922,26.84429
26633,83.36022,26.84422
26634,83.36041,26.84543
26635,83.35979,26.85022
26636,83.35913,26.85156
26637,83.36001,26.85205
26638,83.35918,26.85115
26639,83.35954,26.85181
26640,83.36004,26.85226
26641,83.35728,26.84356
26642,83.35793,26.84475
26643,83.35723,26.84660
26644,83.28396,26.83887
26645,83.27951,26.83819
26646,83.27979,26.83919
26647,83.28027,26.84026
26648,83.28284,26.83776
26649,83.27905,26.83720
26650,83.28140,26.83635
26651,83.27978,26.83647
26652,83.27756,26.83595
26653,83.27820,26.83305
26654,83.27537,26.83413
26655,83.27519,26.83420
26656,83.27572,26.83613
26657,83.27604,26.83668
26658,83.27703,26.83435
26659,83.27745,26.83431
26660,83.27831,26.83408
26661,83.27443,26.83388
26662,83.27967,26.83199
26663,83.28687,26.82976
26664,83.28712,26.82955
26665,83.28919,26.82918
26666,83.29631,26.82908
26667,83.29667,26.82895
26668,83.29178,26.84240
26669,83.29309,26.84027
26670,83.29385,26.83857
26671,83.29391,26.83984
26672,83.29538,26.84008
26673,83.29441,26.84055
26674,83.29491,26.83958
26675,83.29410,26.84001
26676,83.29431,26.83830
26677,83.29643,26.84087
26678,83.29525,26.84048
26679,83.29508,26.84023
26680,83.29259,26.84205
26681,83.29337,26.84181
26682,83.29407,26.84304
26683,83.29494,26.84273
26684,83.29333,26.84337
26685,83.29256,26.84049
26686,83.29215,26.83961
26687,83.29176,26.83893
26688,83.29134,26.83810
26689,83.29112,26.83820
26690,83.29289,26.83931
26691,83.29261,26.83844
26692,83.29279,26.83882
26693,83.29215,26.83769
26694,83.29173,26.83694
26695,83.29179,26.83625
26696,83.29179,26.83620
26697,83.29200,26.83728
26698,83.29269,26.83776
26699,83.29317,26.83753
26700,83.29160,26.83796
26701,83.29180,26.84249
26702,83.29009,26.84322
26703,83.28849,26.84334
26704,83.28932,26.84318
26705,83.29145,26.84153
26706,83.29091,26.84174
26707,83.29026,26.84148
26708,83.28991,26.84143
26709,83.28938,26.84139
26710,83.28621,26.84108
26711,83.29005,26.84258
26712,83.28997,26.84087
26713,83.28879,26.84148
26714,83.28905,26.84124
26715,83.28943,26.84086
26716,83.29009,26.84113
26717,83.29143,26.84039
26718,83.28036,26.83530
26719,83.28191,26.83501
26720,83.28491,26.83388
26721,83.28377,26.83664
26722,83.28304,26.83430
26723,83.28547,26.83622
26724,83.28572,26.83608
26725,83.28670,26.83567
26726,83.28588,26.83598
26727,83.28565,26.83550
26728,83.27916,26.83924
26729,83.27880,26.83831
26730,83.27904,26.83892
26731,83.27947,26.83882
26732,83.27884,26.83934
26733,83.27885,26.83844
26734,83.27857,26.83956
26735,83.27744,26.83985
26736,83.27672,26.83629
26737,83.27800,26.83759
26738,83.27778,26.83740
26739,83.27831,26.83687
26740,83.27855,26.83740
26741,83.27901,26.83762
26742,83.27886,26.83727
26743,83.27840,26.83819
26744,83.27981,26.83233
26745,83.28175,26.83473
26746,83.28237,26.83232
26747,83.28205,26.83130
26748,83.28203,26.83131
26749,83.28302,26.83108
26750,83.28232,26.83082
26751,83.28068,26.83128
26752,83.28085,26.83159
26753,83.27560,26.83042
26754,83.27526,26.83702
26755,83.27452,26.83528
26756,83.27439,26.83462
26757,83.27474,26.83441
26758,83.27493,26.83472
26759,83.27549,26.83468
26760,83.27546,26.83514
26761,83.27523,26.83480
26762,83.27410,26.82579
26763,83.27616,26.82842
26764,83.27537,26.82599
26765,83.27454,26.82613
26766,83.27411,26.82815
26767,83.27534,26.82705
26768,83.27540,26.82912
26769,83.27473,26.82954
26770,83.27653,26.83024
26771,83.27628,26.82943
26772,83.27633,26.82835
26773,83.27663,26.82832
26774,83.27508,26.82829
26775,83.27522,26.82859
26776,83.27412,26.82526
26777,83.27647,26.82600
26778,83.27813,26.82808
26779,83.27678,26.82845
26780,83.27632,26.82774
26781,83.27580,26.82802
26782,83.27602,26.82845
26783,83.27601,26.82618
26784,83.27576,26.82585
26785,83.27662,26.82777
26786,83.27701,26.83019
26787,83.27758,26.82970
26788,83.27720,26.82922
26789,83.27732,26.82980
26790,83.28014,26.83143
26791,83.27945,26.83163
26792,83.27933,26.83006
26793,83.27880,26.83029
26794,83.28159,26.83020
26795,83.28105,26.82982
26796,83.28196,26.83104
26797,83.28217,26.83037
26798,83.28177,26.83017
26799,83.28727,26.82942
26800,83.28658,26.82799
26801,83.28817,26.82757
26802,83.28846,26.82797
26803,83.28819,26.82760
26804,83.28702,26.83834
26805,83.28812,26.82689
26806,83.28794,26.82708
26807,83.28990,26.82696
26808,83.29572,26.82932
26809,83.29462,26.82581
26810,83.29508,26.82572
26811,83.29562,26.82558
26812,83.28735,26.82588
26813,83.28500,26.82666
26814,83.28700,26.82792
26815,83.28728,26.82782
26816,83.28642,26.82766
26817,83.28718,26.82757
26818,83.28709,26.82736
26819,83.28670,26.82744
26820,83.28694,26.82739
26821,83.28674,26.82682
26822,83.28713,26.82655
26823,83.28767,26.82638
26824,83.28873,26.82818
26825,83.28592,26.71943
26826,83.28583,26.71911
26827,83.27973,26.71902
26828,83.46151,26.76428
26829,83.46979,26.78055
26830,83.46160,26.77896
26831,83.47357,26.76385
26832,83.46302,26.76438
26833,83.45400,26.76322
26834,83.45328,26.76332
26835,83.45356,26.76415
26836,83.45384,26.77425
26837,83.45390,26.77359
26838,83.45466,26.77354
26839,83.45436,26.77306
26840,83.45594,26.77160
26841,83.45805,26.77111
26842,83.45932,26.77362
26843,83.47224,26.76420
26844,83.35118,26.84818
26845,83.35146,26.84883
26846,83.35627,26.85587
26847,83.35763,26.85773
26848,83.35869,26.86011
26849,83.36057,26.85701
26850,83.34918,26.84327
26851,83.34688,26.84373
26852,83.34506,26.84406
26853,83.34469,26.84416
26854,83.34609,26.84628
26855,83.35753,26.85762
26856,83.35656,26.85608
26857,83.35253,26.85069
26858,83.35166,26.85072
26859,83.34587,26.84567
26860,83.34550,26.84563
26861,83.35709,26.85936
26862,83.35790,26.85877
26863,83.35709,26.85866
26864,83.35511,26.85701
26865,83.35723,26.85709
26866,83.35508,26.85678
26867,83.35528,26.85519
26868,83.35572,26.85649
26869,83.35795,26.85683
26870,83.35833,26.85740
26871,83.35737,26.85734
26872,83.35799,26.85761
26873,83.35515,26.85510
26874,83.35669,26.85438
26875,83.35687,26.85473
26876,83.35720,26.85462
26877,83.35681,26.85479
26878,83.35136,26.85005
26879,83.35218,26.85005
26880,83.35205,26.84794
26881,83.35229,26.84834
26882,83.35321,26.84844
26883,83.34915,26.84261
26884,83.34998,26.84563
26885,83.35020,26.84652
26886,83.35085,26.84892
26887,83.35145,26.84880
26888,83.35088,26.84914
26889,83.31055,26.76485
26890,83.31131,26.76683
26891,83.30996,26.76362
26892,83.30230,26.76754
26893,83.30537,26.76709
26894,83.30191,26.76708
26895,83.30225,26.76826
26896,83.30197,26.76834
26897,83.34280,26.84344
26898,83.34426,26.84309
26899,83.34311,26.84338
26900,83.34322,26.84375
26901,83.34374,26.84322
26902,83.34391,26.84372
26903,83.34689,26.84881
26904,83.34700,26.77681
26905,83.34654,26.77698
26906,83.34918,26.77751
26907,83.34934,26.77746
26908,83.34952,26.77787
26909,83.34932,26.77705
26910,83.34864,26.77734
26911,83.34922,26.77739
26912,83.34905,26.77716
26913,83.34915,26.77712
26914,83.34900,26.77684
26915,83.35341,26.78289
26916,83.35313,26.78221
26917,83.35394,26.78193
26918,83.35411,26.78238
26919,83.35618,26.78196
26920,83.35732,26.78165
26921,83.35002,26.78073
26922,83.35171,26.78001
26923,83.34965,26.77937
26924,83.34991,26.77999
26925,83.34936,26.77973
26926,83.34958,26.78009
26927,83.34902,26.77981
26928,83.34923,26.78020
26929,83.35012,26.77956
26930,83.35025,26.77989
26931,83.35033,26.77740
26932,83.35014,26.77704
26933,83.34994,26.77667
26934,83.35560,26.77816
26935,83.35517,26.77727
26936,83.35468,26.77772
26937,83.35521,26.77759
26938,83.35489,26.77830
26939,83.35449,26.77725
26940,83.34993,26.77508
26941,83.35108,26.77477
26942,83.35054,26.77460
26943,83.34953,26.77415
26944,83.35089,26.77430
26945,83.35149,26.77409
26946,83.35300,26.77353
26947,83.35318,26.77401
26948,83.35332,26.77444
26949,83.35361,26.77141
26950,83.35418,26.77121
26951,83.35156,26.77317
26952,83.35095,26.77216
26953,83.34900,26.77443
26954,83.34914,26.77477
26955,83.34738,26.77386
26956,83.34723,26.77347
26957,83.34724,26.77308
26958,83.34632,26.77312
26959,83.34643,26.77337
26960,83.34667,26.77333
26961,83.34643,26.77379
26962,83.35245,26.77104
26963,83.35267,26.77140
26964,83.35349,26.77106
26965,83.35343,26.77056
26966,83.34594,26.77105
26967,83.34652,26.77082
26968,83.34539,26.77188
26969,83.34600,26.77165
26970,83.34626,26.77218
26971,83.34911,26.76808
26972,83.34916,26.76807
26973,83.34878,26.76518
26974,83.35615,26.76966
26975,83.35734,26.76509
26976,83.35116,26.76547
26977,83.35045,26.76568
26978,83.35018,26.76527
26979,83.35171,26.76528
26980,83.36206,26.76674
26981,83.36265,26.76729
26982,83.36232,26.76799
26983,83.36303,26.76771
26984,83.35694,26.77058
26985,83.35681,26.77028
26986,83.36189,26.77825
26987,83.35866,26.77717
26988,83.35857,26.77773
26989,83.36241,26.77244
26990,83.36250,26.77287
26991,83.35894,26.77036
26992,83.35813,26.77040
26993,83.36006,26.76506
26994,83.35994,26.76445
26995,83.33707,26.84837
26996,83.34304,26.77370
26997,83.34325,26.76781
26998,83.34364,26.76770
26999,83.34172,26.76763
27000,83.34152,26.76735
27001,83.34226,26.76707
27002,83.34183,26.76693
27003,83.34159,26.76652
27004,83.35670,26.77979
27005,83.35632,26.77988
27006,83.35569,26.77966
27007,83.34803,26.77860
27008,83.34850,26.77920
27009,83.35067,26.77805
27010,83.35039,26.77738
27011,83.35258,26.77700
27012,83.35444,26.77751
27013,83.35539,26.77722
27014,83.35349,26.77413
27015,83.35398,26.77399
27016,83.35468,26.77361
27017,83.35456,26.77312
27018,83.35419,26.77374
27019,83.35405,26.77326
27020,83.35396,26.77170
27021,83.35378,26.77135
27022,83.34599,26.77225
27023,83.34665,26.77207
27024,83.34683,26.77267
27025,83.34718,26.77214
27026,83.35308,26.76928
27027,83.35264,26.76941
27028,83.35058,26.77007
27029,83.35137,26.76991
27030,83.34954,26.76966
27031,83.34972,26.77035
27032,83.34964,26.77006
27033,83.35409,26.76852
27034,83.35422,26.76894
27035,83.34447,26.76691
27036,83.34429,26.76643
27037,83.34485,26.76682
27038,83.36110,26.77012
27039,83.35954,26.77189
27040,83.35991,26.77180
27041,83.35997,26.77197
27042,83.36294,26.77350
27043,83.36326,26.77403
27044,83.27860,26.82911
27045,83.27841,26.82934
27046,83.28023,26.82929
27047,83.28273,26.82911
27048,83.28029,26.82980
27049,83.34297,26.84645
27050,83.34916,26.85004
27051,83.35055,26.84949
27052,83.34860,26.84972
27053,83.35079,26.84871
27054,83.34691,26.84884
27055,83.35056,26.84791
27056,83.34676,26.84845
27057,83.34773,26.84811
27058,83.34652,26.84773
27059,83.34699,26.84645
27060,83.34649,26.84603
27061,83.34723,26.84635
27062,83.34684,26.84618
27063,83.34670,26.84768
27064,83.34602,26.84689
27065,83.34623,26.84683
27066,83.34389,26.84818
27067,83.34648,26.84758
27068,83.34584,26.84532
27069,83.34594,26.84565
27070,83.30308,26.77019
27071,83.30102,26.76455
27072,83.30062,26.76261
27073,83.29992,26.75896
27074,83.30171,26.75866
27075,83.30051,26.75164
27076,83.31108,26.76275
27077,83.30101,26.76522
27078,83.30276,26.76442
27079,83.30252,26.76381
27080,83.30230,26.76331
27081,83.30376,26.76414
27082,83.30544,26.76294
27083,83.30494,26.76391
27084,83.30687,26.76357
27085,83.30684,26.76334
27086,83.30691,26.76342
27087,83.30656,26.76284
27088,83.36330,26.77671
27089,83.36365,26.77652
27090,83.30008,26.76600
27091,83.33489,26.84533
27092,83.37251,26.82116
27093,83.37138,26.81877
27094,83.37094,26.81866
27095,83.37060,26.81857
27096,83.37016,26.81846
27097,83.36963,26.81833
27098,83.37286,26.81947
27099,83.37126,26.82001
27100,83.37267,26.81910
27101,83.37111,26.81966
27102,83.37105,26.81968
27103,83.37067,26.81952
27104,83.37049,26.81743
27105,83.37073,26.81818
27106,83.36707,26.81651
27107,83.36995,26.81729
27108,83.37246,26.81857
27109,83.37169,26.81839
27110,83.37122,26.81829
27111,83.37160,26.81702
27112,83.37014,26.81665
27113,83.37220,26.81675
27114,83.37305,26.81740
27115,83.37180,26.81665
27116,83.37104,26.81644
27117,83.37057,26.81632
27118,83.37208,26.81715
27119,83.37233,26.81634
27120,83.37249,26.81585
27121,83.37263,26.81544
27122,83.37098,26.81501
27123,83.37117,26.81603
27124,83.37134,26.81553
27125,83.37147,26.81514
27126,83.37194,26.81624
27127,83.37144,26.81655
27128,83.37157,26.81614
27129,83.37254,26.81877
27130,83.37288,26.81952
27131,83.37270,26.81912
27132,83.37258,26.81728
27133,83.37313,26.81556
27134,83.37362,26.81568
27135,83.37269,26.81833
27136,83.37408,26.81578
27137,83.37368,26.81719
27138,83.37240,26.81843
27139,83.37347,26.81752
27140,83.37240,26.81963
27141,83.37301,26.82099
27142,83.37198,26.81977
27143,83.37259,26.82114
27144,83.37908,26.82234
27145,83.37637,26.82343
27146,83.37813,26.82310
27147,83.37926,26.82284
27148,83.37803,26.82373
27149,83.37777,26.82286
27150,83.37821,26.82337
27151,83.37934,26.82311
27152,83.37931,26.81069
27153,83.37667,26.81108
27154,83.38298,26.81113
27155,83.38249,26.80984
27156,83.37972,26.80629
27157,83.38044,26.80629
27158,83.38079,26.80579
27159,83.38340,26.80449
27160,83.38304,26.80482
27161,83.38062,26.80555
27162,83.38268,26.80495
27163,83.37974,26.80661
27164,83.38163,26.80608
27165,83.38315,26.80601
27166,83.38460,26.80554
27167,83.38551,26.80633
27168,83.38510,26.80856
27169,83.38522,26.80850
27170,83.38576,26.80991
27171,83.38392,26.81045
27172,83.38349,26.80945
27173,83.38351,26.81044
27174,83.38316,26.80961
27175,83.38324,26.81032
27176,83.38300,26.80967
27177,83.31761,26.82743
27178,83.31437,26.82655
27179,83.31233,26.82468
27180,83.30647,26.82473
27181,83.30294,26.82564
27182,83.31234,26.82470
27183,83.30634,26.83375
27184,83.29972,26.83559
27185,83.29928,26.83583
27186,83.31203,26.83286
27187,83.30698,26.83751
27188,83.31186,26.84158
27189,83.31684,26.83125
27190,83.31799,26.84065
27191,83.31896,26.83909
27192,83.30484,26.84217
27193,83.30509,26.84194
27194,83.30829,26.83872
27195,83.31557,26.82691
27196,83.30121,26.84219
27197,83.30125,26.84294
27198,83.30091,26.84234
27199,83.29751,26.84286
27200,83.29612,26.84094
27201,83.29702,26.84270
27202,83.30632,26.83375
27203,83.31193,26.84168
27204,83.30709,26.83761
27205,83.38420,26.80906
27206,83.38468,26.80978
27207,83.38570,26.80784
27208,83.38276,26.80892
27209,83.38461,26.80773
27210,83.38396,26.80842
27211,83.38167,26.80628
27212,83.38027,26.80803
27213,83.37948,26.80864
27214,83.27860,26.83284
27215,83.27898,26.83349
27216,83.27821,26.83306
27217,83.35790,26.84322
27218,83.36136,26.84438
27219,83.35957,26.84583
27220,83.31642,26.75826
27221,83.31737,26.75926
27222,83.31846,26.76128
27223,83.29750,26.75945
27224,83.30186,26.75146
27225,83.30232,26.75422
27226,83.30547,26.76130
27227,83.30651,26.76189
27228,83.30128,26.75435
27229,83.31757,26.75805
27230,83.31745,26.75883
27231,83.31740,26.75929
27232,83.31738,26.76147
27233,83.31707,26.76081
27234,83.31734,26.76140
27235,83.31737,26.76144
27236,83.30221,26.76244
27237,83.30265,26.76234
27238,83.30017,26.76024
27239,83.30011,26.75983
27240,83.30040,26.76143
27241,83.30199,26.76073
27242,83.30423,26.76111
27243,83.30463,26.76174
27244,83.30370,26.76138
27245,83.30317,26.76163
27246,83.30431,26.76123
27247,83.30341,26.76011
27248,83.30274,26.76063
27249,83.30458,26.76188
27250,83.30556,26.76267
27251,83.30532,26.76179
27252,83.30564,26.76209
27253,83.30650,26.76223
27254,83.31089,26.76211
27255,83.30987,26.76215
27256,83.31736,26.75946
27257,83.31588,26.75906
27258,83.31539,26.76011
27259,83.31685,26.76080
27260,83.31705,26.76095
27261,83.31486,26.76199
27262,83.31539,26.76175
27263,83.31546,26.76187
27264,83.31544,26.76183
27265,83.31622,26.76149
27266,83.31625,26.76157
27267,83.31629,26.76169
27268,83.31401,26.76140
27269,83.31524,26.76059
27270,83.31433,26.76082
27271,83.31617,26.75802
27272,83.31573,26.75937
27273,83.31528,26.75951
27274,83.31577,26.76017
27275,83.31364,26.76189
27276,83.31362,26.76205
27277,83.31362,26.76212
27278,83.31370,26.76225
27279,83.31269,26.76206
27280,83.31281,26.76243
27281,83.31334,26.76198
27282,83.31335,26.76232
27283,83.31297,26.76209
27284,83.31306,26.76238
27285,83.36154,26.85803
27286,83.36183,26.85861
27287,83.35746,26.84388
27288,83.35111,26.84947
27289,83.35181,26.84900
27290,83.35239,26.84845
27291,83.35228,26.84837
27292,83.35292,26.84926
27293,83.34618,26.84667
27294,83.34575,26.84679
27295,83.34732,26.84551
27296,83.37890,26.86540
27297,83.36270,26.84860
27298,83.36310,26.84843
27299,83.37912,26.85278
27300,83.38144,26.85166
27301,83.38698,26.85489
27302,83.36902,26.84649
27303,83.36980,26.84577
27304,83.29683,26.75962
27305,83.30279,26.76181
27306,83.30239,26.76060
27307,83.30356,26.76221
27308,83.30377,26.76246
27309,83.30406,26.76182
27310,83.30807,26.76214
27311,83.30759,26.76262
27312,83.31510,26.76160
27313,83.31568,26.76137
27314,83.31604,26.76135
27315,83.31596,26.76092
27316,83.47202,26.83401
27317,83.46292,26.83252
27318,83.31076,26.76279
27319,83.31086,26.76279
27320,83.30977,26.76302
27321,83.29536,26.76721
27322,83.29532,26.76722
27323,83.30179,26.76790
27324,83.30613,26.76846
27325,83.38218,26.80620
27326,83.37875,26.81533
27327,83.37987,26.81514
27328,83.37833,26.81874
27329,83.37845,26.81990
27330,83.37896,26.81656
27331,83.38002,26.82159
27332,83.38389,26.81809
27333,83.38402,26.81662
27334,83.38410,26.81882
27335,83.38478,26.81624
27336,83.38615,26.81598
27337,83.38400,26.81638
27338,83.38512,26.81777
27339,83.38270,26.81528
27340,83.38339,26.81509
27341,83.38278,26.81551
27342,83.38347,26.81533
27343,83.38283,26.81575
27344,83.38356,26.81556
27345,83.38291,26.81599
27346,83.38373,26.81577
27347,83.36929,26.80522
27348,83.37036,26.81162
27349,83.37060,26.81305
27350,83.36697,26.81213
27351,83.36817,26.81225
27352,83.36924,26.81203
27353,83.36503,26.81237
27354,83.37041,26.81193
27355,83.36624,26.81209
27356,83.36631,26.81403
27357,83.36909,26.81330
27358,83.36934,26.81268
27359,83.37011,26.81265
27360,83.37001,26.81196
27361,83.36675,26.81415
27362,83.36850,26.81384
27363,83.36541,26.80930
27364,83.36892,26.80828
27365,83.36976,26.80804
27366,83.36739,26.80879
27367,83.36680,26.81197
27368,83.36710,26.81146
27369,83.36990,26.81926
27370,83.37817,26.81874
27371,83.37467,26.81598
27372,83.37559,26.81582
27373,83.37869,26.81503
27374,83.37848,26.81334
27375,83.36683,26.80428
27376,83.36908,26.80388
27377,83.37574,26.81114
27378,83.37369,26.81192
27379,83.37155,26.81137
27380,83.37390,26.81142
27381,83.37126,26.80997
27382,83.37351,26.81097
27383,83.37143,26.81080
27384,83.36976,26.80802
27385,83.37208,26.80766
27386,83.36925,26.80494
27387,83.37144,26.80342
27388,83.36913,26.80361
27389,83.36923,26.80484
27390,83.36696,26.80476
27391,83.32367,26.84155
27392,83.32500,26.84093
27393,83.32200,26.84170
27394,83.32535,26.84074
27395,83.33268,26.84120
27396,83.33302,26.83998
27397,83.34102,26.84123
27398,83.33551,26.84224
27399,83.33314,26.84218
27400,83.33504,26.84168
27401,83.33544,26.84207
27402,83.34010,26.83688
27403,83.33906,26.83505
27404,83.34181,26.83739
27405,83.34187,26.83401
27406,83.34119,26.83964
27407,83.34152,26.83747
27408,83.33934,26.83927
27409,83.33953,26.83956
27410,83.33895,26.83868
27411,83.33799,26.83938
27412,83.33839,26.83909
27413,83.33862,26.83893
27414,83.33994,26.83784
27415,83.33919,26.83974
27416,83.33948,26.84015
27417,83.33894,26.83988
27418,83.33848,26.84013
27419,83.33908,26.84085
27420,83.33779,26.83944
27421,83.33649,26.84017
27422,83.33810,26.83990
27423,83.33861,26.84069
27424,83.33782,26.83947
27425,83.32265,26.84174
27426,83.32243,26.83990
27427,83.32275,26.83954
27428,83.32230,26.84047
27429,83.32334,26.84051
27430,83.32285,26.84064
27431,83.33499,26.84092
27432,83.33538,26.84183
27433,83.33546,26.84154
27434,83.33759,26.84171
27435,83.33882,26.84095
27436,83.33709,26.84104
27437,83.33985,26.84037
27438,83.33838,26.84123
27439,83.33722,26.84123
27440,83.33791,26.84099
27441,83.33769,26.84108
27442,83.33881,26.84058
27443,83.33981,26.84003
27444,83.33921,26.84027
27445,83.33817,26.83925
27446,83.33870,26.84001
27447,83.33900,26.84043
27448,83.33983,26.84010
27449,83.34020,26.84019
27450,83.32153,26.83158
27451,83.41709,26.77257
27452,83.41783,26.77235
27453,83.41798,26.77340
27454,83.41510,26.77004
27455,83.41364,26.77070
27456,83.41405,26.77059
27457,83.41585,26.76929
27458,83.41565,26.76877
27459,83.41724,26.76932
27460,83.41757,26.76918
27461,83.41132,26.77880
27462,83.41398,26.77836
27463,83.41073,26.77817
27464,83.41077,26.77773
27465,83.41400,26.77722
27466,83.41424,26.77780
27467,83.41438,26.77741
27468,83.41451,26.77766
27469,83.41197,26.77699
27470,83.41204,26.77742
27471,83.41156,26.77228
27472,83.41188,26.77215
27473,83.42355,26.78118
27474,83.42395,26.78036
27475,83.42537,26.77929
27476,83.42536,26.77988
27477,83.42360,26.78031
27478,83.42520,26.77970
27479,83.42377,26.77935
27480,83.42317,26.77965
27481,83.41320,26.77618
27482,83.41299,26.77536
27483,83.41075,26.77471
27484,83.41124,26.77503
27485,83.41146,26.77477
27486,83.41487,26.77383
27487,83.41448,26.77252
27488,83.41875,26.77346
27489,83.41882,26.77404
27490,83.42099,26.77327
27491,83.42058,26.77222
27492,83.42183,26.77402
27493,83.42310,26.77380
27494,83.42462,26.77276
27495,83.42454,26.77218
27496,83.42676,26.77473
27497,83.42666,26.77445
27498,83.42666,26.77270
27499,83.42578,26.77293
27500,83.42425,26.77054
27501,83.42451,26.77111
27502,83.42282,26.77021
27503,83.42331,26.77146
27504,83.42682,26.77063
27505,83.42862,26.77298
27506,83.42933,26.77184
27507,83.42847,26.77209
27508,83.41706,26.76661
27509,83.42978,26.76364
27510,83.43007,26.76360
27511,83.42987,26.76451
27512,83.42973,26.76388
27513,83.42515,26.76278
27514,83.42108,26.76448
27515,83.42146,26.76439
27516,83.41849,26.76479
27517,83.41747,26.76269
27518,83.41746,26.76201
27519,83.41747,26.76230
27520,83.41780,26.76280
27521,83.40959,26.76653
27522,83.40876,26.76647
27523,83.40982,26.76577
27524,83.40993,26.76597
27525,83.40937,26.76495
27526,83.40894,26.76591
27527,83.40858,26.76496
27528,83.41056,26.76693
27529,83.41090,26.76630
27530,83.41660,26.76400
27531,83.41648,26.76490
27532,83.41669,26.76428
27533,83.41677,26.76480
27534,83.41256,26.76390
27535,83.41208,26.76410
27536,83.41142,26.76444
27537,83.41096,26.76461
27538,83.41199,26.76497
27539,83.41129,26.76525
27540,83.41433,26.78293
27541,83.41444,26.78262
27542,83.41724,26.77854
27543,83.41691,26.77842
27544,83.42036,26.77985
27545,83.42088,26.77899
27546,83.41660,26.77353
27547,83.41663,26.77412
27548,83.41708,26.77332
27549,83.41393,26.77030
27550,83.41468,26.77011
27551,83.41663,26.76541
27552,83.42959,26.76391
27553,83.43048,26.76442
27554,83.41369,26.76425
27555,83.39856,26.68031
27556,83.40134,26.68315
27557,83.40152,26.68254
27558,83.40852,26.68209
27559,83.34792,26.76588
27560,83.35148,26.76694
27561,83.35709,26.77106
27562,83.35322,26.77311
27563,83.34135,26.77138
27564,83.34156,26.77415
27565,83.36311,26.77915
27566,83.36160,26.76911
27567,83.36158,26.76837
27568,83.36166,26.76875
27569,83.36236,26.76825
27570,83.36250,26.76617
27571,83.36323,26.76709
27572,83.36338,26.76634
27573,83.35759,26.76729
27574,83.35766,26.76659
27575,83.34324,26.83688
27576,83.34386,26.83786
27577,83.34399,26.83559
27578,83.34584,26.83595
27579,83.34495,26.83403
27580,83.34665,26.83516
27581,83.34891,26.83039
27582,83.34974,26.82907
27583,83.34664,26.83209
27584,83.34763,26.83370
27585,83.34861,26.83017
27586,83.34761,26.82940
27587,83.34923,26.82842
27588,83.34830,26.82992
27589,83.34722,26.83040
27590,83.34792,26.82964
27591,83.34749,26.83079
27592,83.34750,26.83082
27593,83.34863,26.83018
27594,83.34795,26.82966
27595,83.34674,26.83294
27596,83.34730,26.83266
27597,83.34391,26.83065
27598,83.34533,26.83208
27599,83.34516,26.83174
27600,83.34568,26.83308
27601,83.34590,26.83348
27602,83.35128,26.83424
27603,83.34337,26.84021
27604,83.34410,26.84209
27605,83.34422,26.83861
27606,83.36141,26.83905
27607,83.35590,26.84094
27608,83.35588,26.84090
27609,83.35208,26.84236
27610,83.34521,26.83787
27611,83.34424,26.83845
27612,83.34449,26.83830
27613,83.48286,26.68086
27614,83.47937,26.68186
27615,83.47831,26.68208
27616,83.47700,26.67226
27617,83.47807,26.67186
27618,83.48145,26.66299
27619,83.48556,26.68132
27620,83.47798,26.67971
27621,83.47796,26.67972
27622,83.47827,26.68114
27623,83.47974,26.68176
27624,83.47817,26.68066
27625,83.48003,26.68009
27626,83.47745,26.67985
27627,83.47685,26.67821
27628,83.47790,26.67400
27629,83.47684,26.67232
27630,83.47545,26.67190
27631,83.47640,26.67164
27632,83.47660,26.66730
27633,83.47628,26.66639
27634,83.47993,26.66439
27635,83.47956,26.66350
27636,83.46382,26.70178
27637,83.46380,26.70074
27638,83.46374,26.69948
27639,83.46519,26.70289
27640,83.46510,26.70251
27641,83.46528,26.70101
27642,83.46611,26.70081
27643,83.46493,26.70101
27644,83.46505,26.70232
27645,83.46459,26.70101
27646,83.46380,26.70102
27647,83.46242,26.70185
27648,83.46117,26.70272
27649,83.46317,26.70181
27650,83.46278,26.70268
27651,83.46277,26.70183
27652,83.46208,26.70270
27653,83.46124,26.70216
27654,83.46209,26.70215
27655,83.46129,26.70179
27656,83.46240,26.70269
27657,83.46249,26.70080
27658,83.46143,26.70079
27659,83.46247,26.70122
27660,83.46381,26.70116
27661,83.46292,26.70182
27662,83.46288,26.70121
27663,83.46287,26.70081
27664,83.46335,26.70180
27665,83.46332,26.70118
27666,83.46330,26.70079
27667,83.46175,26.69852
27668,83.46286,26.69851
27669,83.46374,26.69906
27670,83.46289,26.69906
27671,83.46287,26.69888
27672,83.46254,26.69886
27673,83.46255,26.69853
27674,83.46326,26.69945
27675,83.46326,26.69906
27676,83.46286,26.69945
27677,83.47011,26.69471
27678,83.46811,26.69548
27679,83.46823,26.69463
27680,83.46380,26.69696
27681,83.46807,26.69591
27682,83.46463,26.69730
27683,83.46414,26.69697
27684,83.46273,26.69704
27685,83.46602,26.69703
27686,83.46803,26.69708
27687,83.46831,26.69374
27688,83.46826,26.69445
27689,83.46846,26.69240
27690,83.46694,26.69188
27691,83.47011,26.69453
27692,83.47039,26.69309
27693,83.47231,26.69400
27694,83.47216,26.69486
27695,83.47283,26.69403
27696,83.46668,26.69131
27697,83.46661,26.69172
27698,83.46703,26.69193
27699,83.46324,26.69060
27700,83.46024,26.69252
27701,83.46147,26.69247
27702,83.46319,26.69277
27703,83.46229,26.68739
27704,83.46453,26.68725
27705,83.45407,26.68664
27706,83.45503,26.68653
27707,83.45535,26.68659
27708,83.45591,26.68666
27709,83.45476,26.68737
27710,83.46204,26.68472
27711,83.46129,26.69045
27712,83.45871,26.69259
27713,83.45705,26.69272
27714,83.45594,26.69325
27715,83.45437,26.69339
27716,83.45903,26.69820
27717,83.45868,26.69564
27718,83.46190,26.69591
27719,83.46178,26.69834
27720,83.45825,26.69810
27721,83.45822,26.69829
27722,83.45567,26.68910
27723,83.45610,26.69481
27724,83.45611,26.69319
27725,83.45687,26.69466
27726,83.45895,26.69222
27727,83.45941,26.69081
27728,83.45980,26.69035
27729,83.46328,26.69438
27730,83.45963,26.69366
27731,83.46162,26.69367
27732,83.46161,26.69354
27733,83.46333,26.69358
27734,83.46199,26.69853
27735,83.46213,26.69854
27736,83.46290,26.69703
27737,83.37897,26.86551
27738,83.34296,26.81876
27739,83.34292,26.81796
27740,83.34377,26.81837
27741,83.34494,26.81633
27742,83.34404,26.81649
27743,83.34367,26.81557
27744,83.34385,26.81601
27745,83.34336,26.81616
27746,83.34286,26.81668
27747,83.34258,26.81565
27748,83.34252,26.81546
27749,83.34290,26.81475
27750,83.34213,26.81327
27751,83.34178,26.81409
27752,83.34169,26.81385
27753,83.34099,26.81332
27754,83.34261,26.81353
27755,83.34293,26.81345
27756,83.34261,26.81257
27757,83.34251,26.81321
27758,83.34488,26.81419
27759,83.34362,26.81791
27760,83.34350,26.81719
27761,83.34406,26.81306
27762,83.34478,26.81286
27763,83.34106,26.81236
27764,83.34326,26.81255
27765,83.34819,26.81110
27766,83.34373,26.81257
27767,83.34374,26.81215
27768,83.34385,26.81255
27769,83.34419,26.81204
27770,83.34531,26.80942
27771,83.34347,26.81121
27772,83.34693,26.81200
27773,83.34672,26.81130
27774,83.34905,26.81091
27775,83.34810,26.81022
27776,83.34779,26.80987
27777,83.34709,26.80931
27778,83.34780,26.80887
27779,83.34661,26.80933
27780,83.34660,26.80966
27781,83.34710,26.80969
27782,83.34830,26.81374
27783,83.34600,26.81268
27784,83.34825,26.81224
27785,83.34776,26.81233
27786,83.34766,26.81137
27787,83.34772,26.81343
27788,83.34830,26.81335
27789,83.34783,26.81388
27790,83.34539,26.81736
27791,83.34539,26.81640
27792,83.34612,26.81735
27793,83.34573,26.81557
27794,83.34800,26.81912
27795,83.34816,26.81782
27796,83.34808,26.81708
27797,83.34902,26.81960
27798,83.34690,26.81557
27799,83.34755,26.81472
27800,83.34765,26.81542
27801,83.34777,26.81583
27802,83.34827,26.81701
27803,83.34660,26.80842
27804,83.34836,26.80749
27805,83.34764,26.80843
27806,83.34846,26.80840
27807,83.34572,26.80757
27808,83.34681,26.80723
27809,83.34830,26.80709
27810,83.34623,26.80741
27811,83.34548,26.80550
27812,83.34530,26.80768
27813,83.34391,26.80521
27814,83.34411,26.80551
27815,83.34399,26.80519
27816,83.34448,26.80339
27817,83.34537,26.80512
27818,83.34574,26.80485
27819,83.34683,26.80476
27820,83.34638,26.80424
27821,83.34566,26.80437
27822,83.34594,26.80354
27823,83.34405,26.80477
27824,83.34484,26.80780
27825,83.34519,26.80569
27826,83.34411,26.81871
27827,83.34732,26.81242
27828,83.34741,26.81287
27829,83.34650,26.81303
27830,83.34642,26.81260
27831,83.34718,26.81070
27832,83.34719,26.81073
27833,83.34731,26.81122
27834,83.34768,26.80618
27835,83.34822,26.80611
27836,83.34708,26.80592
27837,83.34830,26.80575
27838,83.34751,26.80498
27839,83.34838,26.80536
27840,83.34639,26.80487
27841,83.34660,26.80581
27842,83.35038,26.80325
27843,83.35128,26.80357
27844,83.35060,26.80401
27845,83.35113,26.80428
27846,83.34879,26.80456
27847,83.34944,26.80461
27848,83.34838,26.80495
27849,83.34893,26.80483
27850,83.35150,26.80874
27851,83.35199,26.80870
27852,83.35070,26.81242
27853,83.35123,26.81243
27854,83.35125,26.81191
27855,83.35174,26.81195
27856,83.35180,26.81233
27857,83.35063,26.81277
27858,83.34872,26.81350
27859,83.34909,26.81345
27860,83.34908,26.81274
27861,83.34963,26.81373
27862,83.34988,26.81343
27863,83.34193,26.76265
27864,83.34202,26.76306
27865,83.34223,26.76110
27866,83.34390,26.76045
27867,83.34861,26.81482
27868,83.35006,26.81556
27869,83.34840,26.81479
27870,83.34815,26.81457
27871,83.34811,26.81378
27872,83.40760,26.68148
27873,83.40819,26.68226
27874,83.40831,26.68251
27875,83.39404,26.67880
27876,83.39589,26.67797
27877,83.39301,26.66658
27878,83.39411,26.66558
27879,83.49795,26.68650
27880,83.39640,26.67649
27881,83.39573,26.67678
27882,83.40786,26.68192
27883,83.40810,26.68095
27884,83.39460,26.66678
27885,83.39612,26.66633
27886,83.40455,26.66987
27887,83.40482,26.66969
27888,83.40260,26.67307
27889,83.40547,26.68273
27890,83.40624,26.68264
27891,83.40153,26.68348
27892,83.40217,26.68293
27893,83.39678,26.68217
27894,83.40041,26.68233
27895,83.40596,26.66692
27896,83.40539,26.66720
27897,83.40594,26.66754
27898,83.40566,26.66716
27899,83.40547,26.66727
27900,83.40530,26.66714
27901,83.39692,26.67874
27902,83.39626,26.67859
27903,83.39384,26.66576
27904,83.28296,26.80689
27905,83.28250,26.80864
27906,83.35453,26.83844
27907,83.35160,26.83822
27908,83.35418,26.83769
27909,83.35823,26.84016
27910,83.36388,26.83839
27911,83.27426,26.80626
27912,83.27388,26.80655
27913,83.27432,26.80642
27914,83.27358,26.81478
27915,83.27486,26.81597
27916,83.27397,26.81479
27917,83.27771,26.81443
27918,83.28571,26.80887
27919,83.28470,26.81855
27920,83.40838,26.80890
27921,83.38831,26.80472
27922,83.38813,26.80434
27923,83.38900,26.80418
27924,83.39887,26.80938
27925,83.39985,26.80840
27926,83.39877,26.80850
27927,83.40223,26.80760
27928,83.40220,26.80678
27929,83.40205,26.80735
27930,83.40403,26.80746
27931,83.40388,26.80718
27932,83.40406,26.80809
27933,83.40349,26.80869
27934,83.40299,26.80835
27935,83.40348,26.80808
27936,83.40271,26.81991
27937,83.34100,26.84140
27938,83.40277,26.82060
27939,83.40623,26.82287
27940,83.39134,26.81777
27941,83.38780,26.81955
27942,83.39049,26.82218
27943,83.39630,26.81727
27944,83.39669,26.81721
27945,83.39405,26.81696
27946,83.38618,26.81426
27947,83.38617,26.81421
27948,83.38690,26.81468
27949,83.38694,26.81462
27950,83.38880,26.80600
27951,83.38905,26.80649
27952,83.39742,26.82304
27953,83.35695,26.83754
27954,83.35842,26.83687
27955,83.34744,26.84126
27956,83.34873,26.84067
27957,83.34858,26.84124
27958,83.34848,26.84057
27959,83.34842,26.84124
27960,83.34836,26.84079
27961,83.34723,26.83986
27962,83.34502,26.83961
27963,83.34695,26.83909
27964,83.34526,26.83908
27965,83.34473,26.83853
27966,83.34425,26.83870
27967,83.34461,26.83915
27968,83.34462,26.83857
27969,83.34562,26.83854
27970,83.34546,26.84000
27971,83.34653,26.84074
27972,83.34639,26.84006
27973,83.34615,26.83995
27974,83.34601,26.84038
27975,83.34641,26.84016
27976,83.34705,26.83931
27977,83.35016,26.83904
27978,83.34789,26.83953
27979,83.34886,26.84127
27980,83.35417,26.83768
27981,83.35340,26.83783
27982,83.35282,26.83803
27983,83.34470,26.83926
27984,83.34390,26.83973
27985,83.34856,26.83898
27986,83.34797,26.83798
27987,83.34735,26.83810
27988,83.34879,26.83926
27989,83.34687,26.83892
27990,83.34651,26.83532
27991,83.34697,26.83609
27992,83.34538,26.83524
27993,83.34369,26.83570
27994,83.34390,26.83614
27995,83.34418,26.83602
27996,83.34308,26.83505
27997,83.34341,26.83579
27998,83.34197,26.83736
27999,83.34243,26.83821
28000,83.35287,26.79675
28001,83.34177,26.78496
28002,83.34654,26.77719
28003,83.36663,26.76315
28004,83.38164,26.79467
28005,83.36469,26.79129
28006,83.36392,26.78682
28007,83.37655,26.80332
28008,83.37723,26.80317
28009,83.36992,26.80322
28010,83.36895,26.80304
28011,83.34385,26.83979
28012,83.34258,26.83981
28013,83.34251,26.83936
28014,83.34741,26.84134
28015,83.34805,26.84003
28016,83.34828,26.84057
28017,83.34887,26.83974
28018,83.34821,26.83997
28019,83.34805,26.83949
28020,83.34869,26.83980
28021,83.34853,26.83934
28022,83.34538,26.83776
28023,83.34797,26.83563
28024,83.34751,26.83601
28025,83.34802,26.83620
28026,83.34204,26.84016
28027,83.35145,26.83382
28028,83.35140,26.83747
28029,83.35196,26.83741
28030,83.35375,26.83696
28031,83.35212,26.83814
28032,83.35394,26.83930
28033,83.35485,26.83897
28034,83.35235,26.83812
28035,83.35264,26.83904
28036,83.35351,26.83872
28037,83.35319,26.83789
28038,83.35486,26.84137
28039,83.35368,26.83867
28040,83.35449,26.83835
28041,83.35330,26.83982
28042,83.35297,26.84087
28043,83.35354,26.84193
28044,83.35389,26.84176
28045,83.35344,26.84060
28046,83.35400,26.84090
28047,83.35459,26.84075
28048,83.35427,26.84004
28049,83.35520,26.84023
28050,83.35554,26.84031
28051,83.35705,26.83940
28052,83.35872,26.83768
28053,83.35842,26.83619
28054,83.35883,26.83486
28055,83.35845,26.83621
28056,83.36129,26.83529
28057,83.35719,26.83805
28058,83.35785,26.83780
28059,83.35926,26.83975
28060,83.35890,26.83856
28061,83.35753,26.83875
28062,83.35865,26.83843
28063,83.35729,26.83827
28064,83.35842,26.83798
28065,83.36064,26.83774
28066,83.36379,26.83674
28067,83.36196,26.83723
28068,83.35946,26.83822
28069,83.35941,26.83588
28070,83.34720,26.82983
28071,83.34786,26.82914
28072,83.34792,26.83137
28073,83.34689,26.82994
28074,83.34915,26.82933
28075,83.34900,26.82956
28076,83.34879,26.82940
28077,83.34946,26.82864
28078,83.34994,26.82826
28079,83.41140,26.79140
28080,83.41225,26.78747
28081,83.41240,26.78786
28082,83.42475,26.79775
28083,83.42607,26.80224
28084,83.42629,26.80204
28085,83.41892,26.80346
28086,83.34917,26.83117
28087,83.34964,26.83170
28088,83.34976,26.83962
28089,83.35124,26.84091
28090,83.35029,26.84110
28091,83.35213,26.84074
28092,83.35094,26.83974
28093,83.35084,26.84099
28094,83.35050,26.83948
28095,83.35184,26.83940
28096,83.35166,26.83994
28097,83.35156,26.83945
28098,83.34910,26.84257
28099,83.35101,26.84289
28100,83.35244,26.84230
28101,83.35209,26.84117
28102,83.35890,26.83668
28103,83.35990,26.83571
28104,83.35966,26.83474
28105,83.33905,26.82144
28106,83.33936,26.82110
28107,83.33927,26.81904
28108,83.34258,26.81345
28109,83.34221,26.81353
28110,83.34263,26.81364
28111,83.34228,26.81372
28112,83.33794,26.81511
28113,83.33718,26.81292
28114,83.34051,26.81369
28115,83.34062,26.81321
28116,83.34075,26.81357
28117,83.42106,26.80280
28118,83.41605,26.79270
28119,83.41647,26.79219
28120,83.41250,26.78582
28121,83.41206,26.78999
28122,83.41163,26.79001
28123,83.41200,26.79036
28124,83.41198,26.79015
28125,83.41156,26.78779
28126,83.42477,26.78752
28127,83.42809,26.78870
28128,83.40947,26.79856
28129,83.40965,26.79905
28130,83.41140,26.80251
28131,83.41205,26.80241
28132,83.41172,26.80329
28133,83.40977,26.80344
28134,83.40715,26.80087
28135,83.40752,26.80161
28136,83.40752,26.80055
28137,83.40816,26.80028
28138,83.40770,26.80093
28139,83.40853,26.80080
28140,83.40953,26.80136
28141,83.40914,26.78839
28142,83.41040,26.78408
28143,83.41017,26.78474
28144,83.37705,26.79867
28145,83.37596,26.79841
28146,83.37600,26.79838
28147,83.38391,26.78353
28148,83.41658,26.78833
28149,83.41556,26.78855
28150,83.41577,26.78822
28151,83.41603,26.78842
28152,83.41631,26.79052
28153,83.41791,26.79182
28154,83.41786,26.79152
28155,83.41723,26.79170
28156,83.41629,26.79157
28157,83.41799,26.79208
28158,83.41996,26.79409
28159,83.41123,26.79472
28160,83.42587,26.80139
28161,83.42787,26.80281
28162,83.42739,26.80305
28163,83.42614,26.78950
28164,83.42645,26.79067
28165,83.35842,26.80404
28166,83.35840,26.80468
28167,83.35840,26.80494
28168,83.35840,26.80370
28169,83.35811,26.80415
28170,83.35733,26.80458
28171,83.35732,26.80485
28172,83.35811,26.80469
28173,83.35784,26.80470
28174,83.35783,26.80424
28175,83.35187,26.81804
28176,83.35061,26.81656
28177,83.35232,26.81852
28178,83.35539,26.81838
28179,83.35262,26.81883
28180,83.35354,26.81858
28181,83.35204,26.81822
28182,83.35245,26.81911
28183,83.35331,26.82139
28184,83.35478,26.82069
28185,83.35064,26.82272
28186,83.35296,26.82220
28187,83.35040,26.82146
28188,83.35094,26.82156
28189,83.35063,26.81919
28190,83.34952,26.81997
28191,83.35458,26.81251
28192,83.35536,26.81240
28193,83.35574,26.81236
28194,83.35674,26.81205
28195,83.35682,26.81244
28196,83.35629,26.81290
28197,83.35548,26.81304
28198,83.35570,26.81383
28199,83.35646,26.81362
28200,83.35654,26.81426
28201,83.35645,26.81360
28202,83.35696,26.81354
28203,83.35421,26.81440
28204,83.35420,26.81455
28205,83.35425,26.81576
28206,83.35422,26.81544
28207,83.35253,26.81574
28208,83.35327,26.81528
28209,83.35389,26.81517
28210,83.35239,26.81492
28211,83.35242,26.81521
28212,83.35265,26.81605
28213,83.35241,26.81516
28214,83.35290,26.81566
28215,83.35415,26.81474
28216,83.35107,26.81869
28217,83.35079,26.81808
28218,83.34969,26.81752
28219,83.34969,26.81676
28220,83.34893,26.81718
28221,83.35374,26.81660
28222,83.35473,26.81618
28223,83.35366,26.81641
28224,83.35306,26.81594
28225,83.35335,26.81676
28226,83.35992,26.82038
28227,83.36196,26.80933
28228,83.36189,26.80917
28229,83.36005,26.80759
28230,83.36509,26.81258
28231,83.36200,26.80942
28232,83.36095,26.80978
28233,83.36210,26.80967
28234,83.36115,26.80897
28235,83.36130,26.80938
28236,83.36093,26.80821
28237,83.36357,26.80491
28238,83.36393,26.80528
28239,83.35976,26.80973
28240,83.36275,26.81213
28241,83.36316,26.81201
28242,83.35651,26.81402
28243,83.35561,26.81422
28244,83.35491,26.81398
28245,83.35665,26.80863
28246,83.35696,26.80849
28247,83.35689,26.80931
28248,83.35687,26.80805
28249,83.35742,26.80786
28250,83.35643,26.80822
28251,83.35686,26.80802
28252,83.35676,26.80782
28253,83.35633,26.80802
28254,83.35646,26.80723
28255,83.35623,26.80782
28256,83.35665,26.80762
28257,83.35592,26.80722
28258,83.35677,26.80686
28259,83.35656,26.80744
28260,83.35612,26.80761
28261,83.35602,26.80742
28262,83.35721,26.80609
28263,83.35749,26.80666
28264,83.35838,26.80795
28265,83.35812,26.80707
28266,83.35817,26.80606
28267,83.35736,26.80726
28268,83.35625,26.80577
28269,83.35639,26.80543
28270,83.35626,26.80599
28271,83.35754,26.80546
28272,83.35901,26.80526
28273,83.35845,26.80533
28274,83.35837,26.80494
28275,83.35815,26.80537
28276,83.35807,26.80495
28277,83.35621,26.80418
28278,83.35653,26.80468
28279,83.35576,26.80450
28280,83.35751,26.80420
28281,83.35807,26.80381
28282,83.34284,26.83599
28283,83.34351,26.83737
28284,83.34398,26.83716
28285,83.34652,26.83185
28286,83.34607,26.83235
28287,83.35908,26.84249
28288,83.35937,26.84312
28289,83.35860,26.84257
28290,83.35806,26.84267
28291,83.35686,26.84283
28292,83.34620,26.83929
28293,83.34524,26.83983
28294,83.34477,26.83987
28295,83.34748,26.83604
28296,83.34772,26.83665
28297,83.35745,26.83858
28298,83.35800,26.83842
28299,83.35852,26.83716
28300,83.35842,26.83661
28301,83.35176,26.81309
28302,83.35207,26.81226
28303,83.35124,26.81650
28304,83.35324,26.80354
28305,83.35546,26.80568
28306,83.35499,26.80535
28307,83.35576,26.80635
28308,83.35566,26.80549
28309,83.35623,26.80537
28310,83.35324,26.80503
28311,83.35344,26.80635
28312,83.35554,26.80650
28313,83.35386,26.80762
28314,83.35276,26.80819
28315,83.35607,26.80750
28316,83.35418,26.80829
28317,83.35441,26.80820
28318,83.35468,26.80893
28319,83.35518,26.80813
28320,83.35617,26.80771
28321,83.35650,26.80834
28322,83.35617,26.80848
28323,83.35550,26.80877
28324,83.35502,26.80893
28325,83.35484,26.80851
28326,83.35475,26.80832
28327,83.35505,26.80842
28328,83.35531,26.80893
28329,83.35528,26.80832
28330,83.35558,26.80892
28331,83.35552,26.80823
28332,83.35574,26.80867
28333,83.35584,26.80890
28334,83.35573,26.80814
28335,83.35596,26.80857
28336,83.35613,26.80892
28337,83.35594,26.80805
28338,83.35641,26.80894
28339,83.35093,26.81136
28340,83.35355,26.81103
28341,83.35462,26.81084
28342,83.35369,26.81167
28343,83.35371,26.81195
28344,83.35292,26.81218
28345,83.35310,26.81292
28346,83.35356,26.81278
28347,83.35301,26.81255
28348,83.35344,26.81243
28349,83.35544,26.81287
28350,83.35493,26.81411
28351,83.35478,26.81625
28352,83.35541,26.81518
28353,83.35613,26.81501
28354,83.35508,26.81441
28355,83.35522,26.81509
28356,83.35324,26.81420
28357,83.35243,26.81430
28358,83.35204,26.81436
28359,83.35241,26.81461
28360,83.35320,26.81457
28361,83.35149,26.81491
28362,83.35323,26.81429
28363,83.35364,26.81426
28364,83.35100,26.81536
28365,83.35131,26.81557
28366,83.35157,26.81643
28367,83.35182,26.81632
28368,83.35153,26.81524
28369,83.35208,26.81621
28370,83.35183,26.81521
28371,83.35137,26.81525
28372,83.34743,26.81027
28373,83.32026,26.82888
28374,83.32009,26.82661
28375,83.32965,26.82740
28376,83.32506,26.82665
28377,83.32358,26.82752
28378,83.32452,26.82977
28379,83.32519,26.82890
28380,83.32197,26.83149
28381,83.32307,26.83102
28382,83.32339,26.83087
28383,83.31934,26.83108
28384,83.31986,26.83316
28385,83.32032,26.83410
28386,83.33503,26.84242
28387,83.36933,26.80545
28388,83.37135,26.80506
28389,83.37790,26.80501
28390,83.37743,26.80350
28391,83.37703,26.80360
28392,83.37790,26.80338
28393,83.37618,26.81111
28394,83.37620,26.81017
28395,83.37683,26.81167
28396,83.37991,26.80859
28397,83.37974,26.80742
28398,83.37942,26.80820
28399,83.37985,26.80816
28400,83.38190,26.80786
28401,83.38332,26.80685
28402,83.38302,26.80603
28403,83.38317,26.80646
28404,83.38249,26.80519
28405,83.38108,26.81027
28406,83.38086,26.80963
28407,83.35217,26.82151
28408,83.35215,26.82088
28409,83.35584,26.81297
28410,83.35475,26.81530
28411,83.34148,26.81660
28412,83.34167,26.81693
28413,83.34708,26.81341
28414,83.34627,26.81372
28415,83.34490,26.81423
28416,83.34511,26.81415
28417,83.34920,26.81622
28418,83.34934,26.81682
28419,83.35112,26.81590
28420,83.35041,26.81544
28421,83.35143,26.81201
28422,83.35151,26.81239
28423,83.35369,26.81944
28424,83.35354,26.81957
28425,83.35438,26.82011
28426,83.35318,26.81992
28427,83.35352,26.82082
28428,83.35290,26.82121
28429,83.35309,26.82098
28430,83.45455,26.70280
28431,83.45477,26.70168
28432,83.45633,26.70031
28433,83.45490,26.70263
28434,83.45450,26.70194
28435,83.45536,26.70267
28436,83.45346,26.68893
28437,83.45598,26.68465
28438,83.45564,26.68424
28439,83.45760,26.69224
28440,83.45896,26.69565
28441,83.45900,26.69487
28442,83.45349,26.70120
28443,83.45335,26.70078
28444,83.45401,26.69742
28445,83.45403,26.70032
28446,83.45399,26.69988
28447,83.45366,26.69986
28448,83.45362,26.69924
28449,83.45356,26.69869
28450,83.45399,26.69921
28451,83.45389,26.69863
28452,83.45442,26.69963
28453,83.45438,26.69919
28454,83.45434,26.69919
28455,83.45431,26.69881
28456,83.45374,26.69566
28457,83.45597,26.69416
28458,83.45424,26.69530
28459,83.45380,26.69398
28460,83.45591,26.68912
28461,83.45499,26.68767
28462,83.45353,26.68750
28463,83.45548,26.68712
28464,83.45514,26.68725
28465,83.45482,26.68655
28466,83.45374,26.68607
28467,83.45732,26.68548
28468,83.45705,26.68510
28469,83.45600,26.68421
28470,83.45595,26.68357
28471,83.45818,26.68314
28472,83.45950,26.68970
28473,83.45945,26.69033
28474,83.46039,26.69082
28475,83.45871,26.69516
28476,83.45553,26.69514
28477,83.45868,26.69565
28478,83.46038,26.69584
28479,83.46033,26.69527
28480,83.45869,26.69631
28481,83.45936,26.69568
28482,83.45889,26.69761
28483,83.45911,26.69821
28484,83.45863,26.69707
28485,83.45894,26.69711
28486,83.45829,26.69728
28487,83.45881,26.69649
28488,83.45822,26.69913
28489,83.45921,26.69945
28490,83.45885,26.69891
28491,83.45849,26.69892
28492,83.46134,26.70147
28493,83.46198,26.70152
28494,83.46558,26.69599
28495,83.46411,26.69603
28496,83.46410,26.69553
28497,83.46413,26.69603
28498,83.46416,26.69650
28499,83.46492,26.69645
28500,83.46453,26.69647
28501,83.46452,26.69602
28502,83.46190,26.69595
28503,83.46320,26.69591
28504,83.46320,26.69281
28505,83.46148,26.69252
28506,83.46408,26.69276
28507,83.46398,26.69240
28508,83.46258,26.68511
28509,83.46595,26.70260
28510,83.46623,26.70218
28511,83.46589,26.69598
28512,83.46550,26.69783
28513,83.46583,26.69719
28514,83.46879,26.69752
28515,83.46909,26.69754
28516,83.46910,26.69667
28517,83.46941,26.69751
28518,83.46944,26.69664
28519,83.46817,26.69506
28520,83.46912,26.69507
28521,83.46770,26.69295
28522,83.46771,26.69220
28523,83.46738,26.69315
28524,83.46732,26.69207
28525,83.46790,26.69313
28526,83.46837,26.69322
28527,83.46667,26.69159
28528,83.46711,26.69162
28529,83.46552,26.69132
28530,83.46632,26.68960
28531,83.46592,26.69046
28532,83.46652,26.69051
28533,83.46600,26.69028
28534,83.46596,26.69143
28535,83.46573,26.69083
28536,83.46715,26.69146
28537,83.46742,26.69144
28538,83.46780,26.69066
28539,83.46712,26.69072
28540,83.46838,26.69065
28541,83.46823,26.69149
28542,83.46446,26.69052
28543,83.46561,26.69068
28544,83.46592,26.68575
28545,83.47228,26.68666
28546,83.47345,26.68652
28547,83.46973,26.68773
28548,83.46969,26.68719
28549,83.47084,26.68775
28550,83.47059,26.68715
28551,83.46940,26.68773
28552,83.46940,26.68724
28553,83.46880,26.69250
28554,83.46921,26.69449
28555,83.47097,26.69461
28556,83.47225,26.69425
28557,83.47137,26.69427
28558,83.47127,26.69364
28559,83.47289,26.68895
28560,83.47341,26.68903
28561,83.47275,26.69158
28562,83.34473,26.80526
28563,83.34440,26.80477
28564,83.31955,26.75479
28565,83.32008,26.75789
28566,83.32001,26.75744
28567,83.32189,26.75771
28568,83.32127,26.75665
28569,83.32130,26.75733
28570,83.31980,26.75622
28571,83.32083,26.75607
28572,83.31968,26.75556
28573,83.32059,26.75556
28574,83.32212,26.75861
28575,83.32096,26.75797
28576,83.32105,26.75878
28577,83.32023,26.75851
28578,83.31937,26.75861
28579,83.31977,26.75971
28580,83.32111,26.75877
28581,83.32138,26.76076
28582,83.32073,26.75974
28583,83.32121,26.75969
28584,83.32220,26.75890
28585,83.32203,26.75830
28586,83.32301,26.75809
28587,83.32121,26.75967
28588,83.32183,26.75959
28589,83.32197,26.75994
28590,83.32119,26.75948
28591,83.32167,26.75944
28592,83.32407,26.75914
28593,83.32202,26.76010
28594,83.32129,26.76021
28595,83.33113,26.75931
28596,83.33678,26.76059
28597,83.33952,26.76264
28598,83.34019,26.76228
28599,83.34057,26.76164
28600,83.34026,26.76262
28601,83.34036,26.76222
28602,83.34049,26.76255
28603,83.34046,26.76255
28604,83.34037,26.76303
28605,83.33968,26.76255
28606,83.34095,26.76210
28607,83.34105,26.76239
28608,83.33764,26.76103
28609,83.31871,26.76243
28610,83.31935,26.76173
28611,83.31970,26.76105
28612,83.31969,26.76159
28613,83.31984,26.76184
28614,83.31965,26.76069
28615,83.34650,26.81399
28616,83.34449,26.81364
28617,83.34492,26.81344
28618,83.34592,26.81231
28619,83.34609,26.81311
28620,83.34722,26.81196
28621,83.34677,26.81214
28622,83.34684,26.81251
28623,83.34695,26.81296
28624,83.34828,26.81571
28625,83.34853,26.81636
28626,83.34362,26.81608
28627,83.34299,26.81651
28628,83.34154,26.81556
28629,83.34182,26.81611
28630,83.34277,26.81540
28631,83.34190,26.81442
28632,83.34202,26.81403
28633,83.34189,26.81368
28634,83.34523,26.80836
28635,83.34500,26.80776
28636,83.34480,26.80722
28637,83.34549,26.80828
28638,83.34747,26.80796
28639,83.34821,26.80776
28640,83.32043,26.75948
28641,83.32050,26.75995
28642,83.32124,26.75988
28643,83.31906,26.76069
28644,83.32895,26.75926
28645,83.32795,26.76040
28646,83.32993,26.76022
28647,83.32994,26.75998
28648,83.33056,26.76119
28649,83.32888,26.75925
28650,83.32912,26.75790
28651,83.32845,26.75758
28652,83.32479,26.76141
28653,83.32600,26.76103
28654,83.32701,26.76082
28655,83.32706,26.76172
28656,83.32633,26.76047
28657,83.32839,26.75855
28658,83.32672,26.75750
28659,83.32667,26.75846
28660,83.32656,26.75950
28661,83.33544,26.76212
28662,83.33708,26.76165
28663,83.33537,26.76193
28664,83.33694,26.76143
28665,83.33528,26.76172
28666,83.33512,26.76076
28667,83.33592,26.76111
28668,83.33547,26.75904
28669,83.33582,26.75982
28670,83.33556,26.75967
28671,83.33583,26.75947
28672,83.33617,26.75870
28673,83.33660,26.75929
28674,83.33681,26.75918
28675,83.33727,26.75900
28676,83.33711,26.75871
28677,83.33744,26.75928
28678,83.33692,26.75913
28679,83.33731,26.75840
28680,83.33769,26.75918
28681,83.33903,26.75570
28682,83.33697,26.75637
28683,83.33787,26.75592
28684,83.33774,26.75640
28685,83.33786,26.75710
28686,83.33726,26.75710
28687,83.33718,26.75684
28688,83.33724,26.75703
28689,83.33781,26.75682
28690,83.33644,26.75556
28691,83.33783,26.75542
28692,83.33692,26.75421
28693,83.33710,26.75485
28694,83.34075,26.75348
28695,83.34116,26.75553
28696,83.32541,26.76086
28697,83.32588,26.76105
28698,83.32536,26.76066
28699,83.32634,26.76050
28700,83.32648,26.76097
28701,83.32629,26.76014
28702,83.32629,26.76099
28703,83.32640,26.76174
28704,83.32666,26.76173
28705,83.32704,26.76143
28706,83.32879,26.76067
28707,83.32858,26.76071
28708,83.32853,26.76040
28709,83.32821,26.76171
28710,83.32832,26.76127
28711,83.32907,26.76148
28712,83.32888,26.76087
28713,83.32964,26.76135
28714,83.32960,26.76081
28715,83.33026,26.76082
28716,83.32931,26.76081
28717,83.32934,26.76139
28718,83.33044,26.75998
28719,83.33053,26.76074
28720,83.32970,26.76000
28721,83.32993,26.76018
28722,83.33013,26.76052
28723,83.32465,26.76108
28724,83.32606,26.76177
28725,83.32525,26.76184
28726,83.32539,26.76143
28727,83.32508,26.75759
28728,83.32308,26.75843
28729,83.33726,26.76040
28730,83.33794,26.76016
28731,83.33761,26.76090
28732,83.33949,26.75757
28733,83.33873,26.75741
28734,83.33887,26.75782
28735,83.33835,26.76119
28736,83.33869,26.76184
28737,83.33796,26.76113
28738,83.33787,26.76096
28739,83.33809,26.76138
28740,83.33852,26.76152
28741,83.33882,26.76177
28742,83.33945,26.76123
28743,83.33982,26.76112
28744,83.34088,26.76079
28745,83.33853,26.75796
28746,83.33894,26.75863
28747,83.33886,26.75851
28748,83.33980,26.75820
28749,83.33907,26.75774
28750,83.33941,26.75836
28751,83.33871,26.75826
28752,83.33924,26.75805
28753,83.33818,26.75892
28754,83.36714,26.80798
28755,83.36745,26.80641
28756,83.36691,26.80677
28757,83.36751,26.80668
28758,83.36697,26.80707
28759,83.36757,26.80698
28760,83.36703,26.80737
28761,83.36763,26.80728
28762,83.36708,26.80766
28763,83.36769,26.80757
28764,83.36748,26.80415
28765,83.36763,26.80462
28766,83.38347,26.80604
28767,83.38336,26.80540
28768,83.38187,26.80787
28769,83.37057,26.81289
28770,83.37266,26.81240
28771,83.37375,26.81228
28772,83.37262,26.81170
28773,83.37246,26.81109
28774,83.37281,26.81101
28775,83.37600,26.81197
28776,83.37513,26.81224
28777,83.38213,26.80849
28778,83.37985,26.80937
28779,83.37957,26.80909
28780,83.37501,26.80788
28781,83.37571,26.80898
28782,83.37612,26.80978
28783,83.37744,26.80856
28784,83.37871,26.80892
28785,83.37864,26.80803
28786,83.38343,26.82264
28787,83.38275,26.82243
28788,83.45617,26.68419
28789,83.46600,26.69558
28790,83.46595,26.69487
28791,83.45991,26.69035
28792,83.45996,26.68970
28793,83.45879,26.69817
28794,83.45880,26.69759
28795,83.46285,26.69972
28796,83.46921,26.68520
28797,83.46905,26.68773
28798,83.34073,26.83881
28799,83.33728,26.83878
28800,83.33785,26.84027
28801,83.33758,26.84168
28802,83.33355,26.84047
28803,83.33558,26.84276
28804,83.33428,26.84227
28805,83.37909,26.80549
28806,83.37766,26.80425
28807,83.37715,26.80522
28808,83.37807,26.80573
28809,83.37737,26.80473
28810,83.37483,26.80463
28811,83.37484,26.80388
28812,83.37470,26.80339
28813,83.37515,26.80374
28814,83.37502,26.80333
28815,83.37543,26.80331
28816,83.37560,26.80328
28817,83.37864,26.80439
28818,83.37901,26.80429
28819,83.37877,26.80482
28820,83.37992,26.80481
28821,83.37842,26.80368
28822,83.37958,26.80370
28823,83.33415,26.84201
28824,83.33434,26.84006
28825,83.33296,26.83975
28826,83.33333,26.83981
28827,83.33286,26.83854
28828,83.33621,26.84255
28829,83.33623,26.84220
28830,83.33761,26.84223
28831,83.34167,26.84326
28832,83.34096,26.84309
28833,83.34069,26.84325
28834,83.34058,26.84285
28835,83.34099,26.84321
28836,83.34088,26.84281
28837,83.33903,26.84346
28838,83.33854,26.84322
28839,83.32183,26.84077
28840,83.32199,26.84003
28841,83.32216,26.84122
28842,83.38057,26.80408
28843,83.38058,26.80461
28844,83.38075,26.80389
28845,83.38091,26.80421
28846,83.38197,26.80466
28847,83.38274,26.80708
28848,83.38226,26.80689
28849,83.38262,26.80678
28850,83.38302,26.80697
28851,83.38285,26.80657
28852,83.38109,26.80656
28853,83.38183,26.80699
28854,83.38033,26.80601
28855,83.38061,26.80673
28856,83.38050,26.80644
28857,83.38113,26.80654
28858,83.38329,26.80511
28859,83.38475,26.80669
28860,83.38407,26.80637
28861,83.38436,26.80681
28862,83.38360,26.80859
28863,83.38327,26.80796
28864,83.38384,26.80888
28865,83.38437,26.80860
28866,83.38411,26.80873
28867,83.38428,26.80901
28868,83.38237,26.80913
28869,83.38202,26.80824
28870,83.38174,26.80835
28871,83.38226,26.80881
28872,83.38278,26.80862
28873,83.38199,26.80929
28874,83.38051,26.80975
28875,83.38089,26.80896
28876,83.38105,26.80924
28877,83.38150,26.80907
28878,83.38189,26.81166
28879,83.38261,26.81026
28880,83.38299,26.81114
28881,83.38210,26.81181
28882,83.38189,26.81208
28883,83.38241,26.81169
28884,83.38218,26.81190
28885,83.38227,26.81199
28886,83.38238,26.81223
28887,83.38245,26.81191
28888,83.38281,26.81200
28889,83.38322,26.81189
28890,83.37811,26.81508
28891,83.37790,26.81456
28892,83.37875,26.81432
28893,83.37561,26.81116
28894,83.37599,26.81192
28895,83.37696,26.81163
28896,83.37675,26.81137
28897,83.37791,26.81117
28898,83.37426,26.81174
28899,83.37431,26.81138
28900,83.37234,26.80810
28901,83.37299,26.80983
28902,83.37367,26.80963
28903,83.37534,26.81034
28904,83.37450,26.81049
28905,83.37384,26.81008
28906,83.37401,26.81000
28907,83.37417,26.81035
28908,83.37416,26.80994
28909,83.37433,26.81030
28910,83.37378,26.80913
28911,83.37444,26.80981
28912,83.37087,26.81477
28913,83.37020,26.81450
28914,83.37082,26.81435
28915,83.37009,26.81418
28916,83.37076,26.81398
28917,83.36866,26.81394
28918,83.36898,26.81480
28919,83.36975,26.81380
28920,83.37069,26.81362
28921,83.37081,26.81429
28922,83.37161,26.81420
28923,83.36655,26.81380
28924,83.36768,26.81298
28925,83.36752,26.81246
28926,83.36765,26.81275
28927,83.36900,26.81207
28928,83.36916,26.81119
28929,83.36929,26.81202
28930,83.36958,26.81198
28931,83.36797,26.81150
28932,83.37316,26.81324
28933,83.37257,26.81394
28934,83.37326,26.81377
28935,83.36922,26.80882
28936,83.37345,26.81086
28937,83.37382,26.81073
28938,83.37346,26.81153
28939,83.37385,26.81134
28940,83.37331,26.81151
28941,83.37318,26.81099
28942,83.37715,26.81100
28943,83.37663,26.80976
28944,83.37876,26.81021
28945,83.37909,26.80903
28946,83.37797,26.81707
28947,83.37728,26.81831
28948,83.37441,26.81485
28949,83.37486,26.81477
28950,83.38052,26.82303
28951,83.38062,26.82329
28952,83.38057,26.82330
28953,83.37837,26.82155
28954,83.37916,26.82125
28955,83.37889,26.82135
28956,83.37921,26.82196
28957,83.38084,26.82167
28958,83.38103,26.82099
28959,83.38025,26.82200
28960,83.38047,26.82132
28961,83.37950,26.81963
28962,83.37658,26.81861
28963,83.37888,26.81624
28964,83.38342,26.81914
28965,83.38433,26.82068
28966,83.38372,26.80344
28967,83.38299,26.80414
28968,83.38327,26.80439
28969,83.38380,26.80391
28970,83.38355,26.80463
28971,83.38379,26.80440
28972,83.38241,26.80437
28973,83.38255,26.80453
28974,83.38519,26.80416
28975,83.38389,26.80492
28976,83.38581,26.80558
28977,83.38464,26.80489
28978,83.38593,26.80622
28979,83.38596,26.80625
28980,83.38528,26.80500
28981,83.38498,26.80524
28982,83.38590,26.80551
28983,83.38562,26.80481
28984,83.38469,26.80445
28985,83.38469,26.80383
28986,83.33815,26.75585
28987,83.33812,26.75653
28988,83.33699,26.75654
28989,83.33779,26.75734
28990,83.33825,26.75729
28991,83.34032,26.75590
28992,83.34082,26.75702
28993,83.34062,26.75651
28994,83.34154,26.75624
28995,83.34053,26.75713
28996,83.34093,26.75798
28997,83.34034,26.75803
28998,83.33944,26.75834
28999,83.33955,26.75866
29000,83.33917,26.75899
29001,83.34017,26.75960
29002,83.33983,26.75904
29003,83.34025,26.75892
29004,83.33921,26.75864
29005,83.33959,26.75886
29006,83.33952,26.75855
29007,83.33803,26.75900
29008,83.33738,26.75855
29009,83.33785,26.75873
29010,83.33825,26.75860
29011,83.33725,26.75936
29012,83.33750,26.75974
29013,83.33855,26.75974
29014,83.33791,26.76000
29015,83.33936,26.75936
29016,83.33852,26.75939
29017,83.33886,26.75929
29018,83.33917,26.75910
29019,83.33897,26.75950
29020,83.33953,26.75978
29021,83.33986,26.75912
29022,83.33826,26.75986
29023,83.33772,26.75983
29024,83.33821,26.75925
29025,83.33762,26.75950
29026,83.33817,26.76018
29027,83.33884,26.75847
29028,83.33871,26.75889
29029,83.33754,26.76078
29030,83.33810,26.76057
29031,83.34028,26.75954
29032,83.34010,26.76038
29033,83.34037,26.75938
29034,83.34070,26.76010
29035,83.34037,26.76095
29036,83.34063,26.76148
29037,83.34053,26.76128
29038,83.34087,26.76117
29039,83.35860,26.80588
29040,83.34616,26.80880
29041,83.34622,26.80961
29042,83.35084,26.81654
29043,83.35080,26.81596
29044,83.36140,26.81090
29045,83.36102,26.80898
29046,83.35694,26.81303
29047,83.35319,26.81109
29048,83.35335,26.81175
29049,83.35081,26.81881
29050,83.35066,26.81855
29051,83.35016,26.82030
29052,83.34967,26.82045
29053,83.34717,26.81027
29054,83.34717,26.81041
29055,83.34634,26.81039
29056,83.34616,26.81174
29057,83.34475,26.81201
29058,83.35188,26.81629
29059,83.35229,26.81707
29060,83.35129,26.81858
29061,83.35110,26.81824
29062,83.42640,26.77459
29063,83.42720,26.77322
29064,83.42755,26.77401
29065,83.42553,26.77229
29066,83.40996,26.77079
29067,83.41254,26.76535
29068,83.41296,26.76519
29069,83.41040,26.76387
29070,83.41078,26.76369
29071,83.41121,26.76660
29072,83.41199,26.76587
29073,83.41258,26.76571
29074,83.41316,26.76651
29075,83.41291,26.76624
29076,83.41173,26.76412
29077,83.41092,26.77052
29078,83.41029,26.77281
29079,83.41000,26.77336
29080,83.40987,26.77879
29081,83.42169,26.77366
29082,83.42206,26.77359
29083,83.42255,26.77426
29084,83.42217,26.77396
29085,83.42413,26.77513
29086,83.42440,26.77609
29087,83.42436,26.77584
29088,83.42435,26.77517
29089,83.42796,26.78264
29090,83.42864,26.78256
29091,83.42627,26.78274
29092,83.42562,26.78244
29093,83.38427,26.74486
29094,83.38449,26.74527
29095,83.38354,26.74474
29096,83.38478,26.74494
29097,83.38473,26.74384
29098,83.38466,26.74436
29099,83.38293,26.74314
29100,83.38335,26.74419
29101,83.37994,26.74436
29102,83.37972,26.74436
29103,83.37904,26.74462
29104,83.37900,26.74513
29105,83.38000,26.74468
29106,83.37636,26.74633
29107,83.37525,26.74578
29108,83.37749,26.74376
29109,83.37612,26.74322
29110,83.37642,26.74372
29111,83.37645,26.74343
29112,83.37612,26.74318
29113,83.37866,26.80555
29114,83.37857,26.80515
29115,83.38174,26.80655
29116,83.38493,26.81037
29117,83.38470,26.80998
29118,83.38551,26.80957
29119,83.38590,26.80931
29120,83.38547,26.80951
29121,83.38504,26.80978
29122,83.38568,26.81097
29123,83.38435,26.80821
29124,83.38413,26.80780
29125,83.38387,26.80924
29126,83.38416,26.80974
29127,83.38474,26.80875
29128,83.38517,26.80952
29129,83.37900,26.80799
29130,83.37841,26.80884
29131,83.37850,26.80942
29132,83.36696,26.80555
29133,83.36374,26.80870
29134,83.36420,26.80857
29135,83.36371,26.80883
29136,83.36374,26.80828
29137,83.37221,26.81115
29138,83.36652,26.81317
29139,83.36606,26.81254
29140,83.36422,26.81280
29141,83.36404,26.81351
29142,83.36992,26.80901
29143,83.37061,26.80886
29144,83.37079,26.80788
29145,83.37093,26.80839
29146,83.37055,26.80791
29147,83.37072,26.80844
29148,83.37039,26.80532
29149,83.37106,26.80514
29150,83.37093,26.80463
29151,83.36447,26.80488
29152,83.36457,26.80539
29153,83.36645,26.80533
29154,83.38420,26.80519
29155,83.38379,26.80538
29156,83.38416,26.80579
29157,83.38555,26.80733
29158,83.38503,26.80658
29159,83.38433,26.81328
29160,83.38443,26.81373
29161,83.36865,26.82149
29162,83.36938,26.81897
29163,83.36917,26.81537
29164,83.37039,26.81446
29165,83.37048,26.81488
29166,83.36334,26.76114
29167,83.36357,26.76174
29168,83.36424,26.76106
29169,83.36435,26.76160
29170,83.36423,26.76001
29171,83.37088,26.76224
29172,83.32195,26.82993
29173,83.31945,26.83242
29174,83.31750,26.82754
29175,83.32388,26.83268
29176,83.32460,26.82721
29177,83.32534,26.82806
29178,83.32529,26.82452
29179,83.32777,26.82612
29180,83.32751,26.82564
29181,83.32917,26.82476
29182,83.32689,26.82579
29183,83.32570,26.82536
29184,83.32993,26.82386
29185,83.32976,26.82360
29186,83.33068,26.82289
29187,83.33060,26.82380
29188,83.32557,26.82955
29189,83.32565,26.82908
29190,83.32569,26.82984
29191,83.34134,26.84125
29192,83.33504,26.84113
29193,83.33443,26.84124
29194,83.33450,26.84144
29195,83.33836,26.84029
29196,83.33800,26.84046
29197,83.34114,26.83759
29198,83.34037,26.83678
29199,83.34023,26.83744
29200,83.39055,26.79007
29201,83.36388,26.74521
29202,83.36372,26.74524
29203,83.36304,26.74518
29204,83.36319,26.74551
29205,83.36335,26.74618
29206,83.36359,26.74627
29207,83.36374,26.74537
29208,83.36308,26.74454
29209,83.36325,26.74475
29210,83.36384,26.74389
29211,83.36368,26.74349
29212,83.36237,26.74278
29213,83.36181,26.74339
29214,83.36253,26.74383
29215,83.36248,26.74345
29216,83.36256,26.74325
29217,83.36264,26.74323
29218,83.36281,26.74336
29219,83.36291,26.74361
29220,83.35994,26.74331
29221,83.36002,26.74376
29222,83.36031,26.74323
29223,83.36141,26.74481
29224,83.36066,26.74315
29225,83.36005,26.74488
29226,83.35964,26.74442
29227,83.34358,26.76054
29228,83.34332,26.75973
29229,83.34328,26.75949
29230,83.34143,26.76312
29231,83.34097,26.76283
29232,83.34358,26.76245
29233,83.34370,26.76267
29234,83.34363,26.76288
29235,83.34360,26.76331
29236,83.34395,26.76112
29237,83.34443,26.76101
29238,83.34451,26.76119
29239,83.34505,26.76079
29240,83.34519,26.76050
29241,83.34534,26.76141
29242,83.34504,26.76074
29243,83.34550,26.76081
29244,83.34380,26.76174
29245,83.34415,26.76217
29246,83.34285,26.76132
29247,83.34306,26.76170
29248,83.34261,26.76095
29249,83.34431,26.76055
29250,83.34459,26.76039
29251,83.34280,26.75963
29252,83.34231,26.76004
29253,83.34241,26.76029
29254,83.34235,26.76050
29255,83.34243,26.76068
29256,83.34207,26.76083
29257,83.34260,26.76096
29258,83.34213,26.75968
29259,83.34233,26.76003
29260,83.34271,26.75934
29261,83.34288,26.75985
29262,83.34521,26.76264
29263,83.34530,26.76315
29264,83.34594,26.76273
29265,83.34569,26.76300
29266,83.34599,26.76297
29267,83.34649,26.76281
29268,83.34635,26.76241
29269,83.34575,26.76256
29270,83.34678,26.76227
29271,83.34737,26.76291
29272,83.34640,26.76256
29273,83.34676,26.76245
29274,83.34725,26.76167
29275,83.34620,26.76146
29276,83.34719,26.76185
29277,83.34732,26.76181
29278,83.34665,26.76195
29279,83.34714,26.76170
29280,83.34770,26.76154
29281,83.34753,26.76204
29282,83.34775,26.76189
29283,83.34857,26.76189
29284,83.34873,26.76138
29285,83.34795,26.76184
29286,83.34790,26.76091
29287,83.34798,26.76122
29288,83.34828,26.76320
29289,83.34800,26.76183
29290,83.34710,26.76225
29291,83.34759,26.76211
29292,83.34762,26.76217
29293,83.34804,26.76208
29294,83.34812,26.76255
29295,83.34863,26.76274
29296,83.34830,26.76318
29297,83.34568,26.76192
29298,83.34553,26.76232
29299,83.34502,26.76151
29300,83.34517,26.76176
29301,83.34553,26.75965
29302,83.34482,26.75973
29303,83.34491,26.75990
29304,83.34456,26.75912
29305,83.34733,26.75957
29306,83.34682,26.76032
29307,83.34693,26.75995
29308,83.34743,26.76106
29309,83.34732,26.76061
29310,83.34635,26.76042
29311,83.34659,26.76135
29312,83.34742,26.76051
29313,83.34774,26.76071
29314,83.34787,26.76092
29315,83.34784,26.76005
29316,83.34785,26.75969
29317,83.34675,26.76004
29318,83.34591,26.76020
29319,83.34795,26.75969
29320,83.34838,26.76084
29321,83.34833,26.75965
29322,83.34860,26.76032
29323,83.34843,26.75989
29324,83.34875,26.75982
29325,83.34997,26.75985
29326,83.34600,26.76055
29327,83.34548,26.76091
29328,83.47585,26.65318
29329,83.35257,26.76321
29330,83.35244,26.76263
29331,83.35262,26.76192
29332,83.35251,26.76279
29333,83.35284,26.76266
29334,83.35257,26.76254
29335,83.35266,26.76271
29336,83.35387,26.76290
29337,83.35430,26.76277
29338,83.35553,26.76168
29339,83.35481,26.76247
29340,83.35472,26.76082
29341,83.35479,26.76136
29342,83.35539,26.76132
29343,83.35428,26.76198
29344,83.35400,26.75979
29345,83.35470,26.76047
29346,83.35431,26.76059
29347,83.35436,26.76087
29348,83.35409,26.76017
29349,83.35456,26.76008
29350,83.35500,26.76016
29351,83.35540,26.75997
29352,83.35546,26.76153
29353,83.35624,26.76137
29354,83.34815,26.76330
29355,83.34719,26.76014
29356,83.34926,26.76076
29357,83.34953,26.75940
29358,83.34999,26.75994
29359,83.35018,26.75987
29360,83.34992,26.76028
29361,83.35027,26.76015
29362,83.34961,26.76040
29363,83.34961,26.76063
29364,83.34952,26.76007
29365,83.34971,26.76198
29366,83.34933,26.76073
29367,83.34871,26.76119
29368,83.34943,26.76105
29369,83.34948,26.76123
29370,83.34999,26.76183
29371,83.35055,26.76163
29372,83.35035,26.76113
29373,83.35034,26.76319
29374,83.35128,26.76233
29375,83.35064,26.76252
29376,83.35049,26.76166
29377,83.35095,26.76243
29378,83.35125,26.76208
29379,83.35209,26.76197
29380,83.35175,26.76199
29381,83.35132,26.76290
29382,83.35167,26.76278
29383,83.34975,26.76258
29384,83.35009,26.76240
29385,83.35009,26.76305
29386,83.35164,26.76138
29387,83.35171,26.76101
29388,83.35203,26.76133
29389,83.35197,26.76093
29390,83.35055,26.76003
29391,83.35078,26.76055
29392,83.35243,26.76081
29393,83.35252,26.76124
29394,83.35254,26.76078
29395,83.35241,26.76039
29396,83.35173,26.76007
29397,83.35223,26.75974
29398,83.35151,26.75925
29399,83.35180,26.75954
29400,83.35077,26.75975
29401,83.35217,26.75973
29402,83.35118,26.75943
29403,83.35127,26.75964
29404,83.35225,26.76044
29405,83.35297,26.76005
29406,83.35330,26.75996
29407,83.35249,26.75989
29408,83.35250,26.76009
29409,83.35278,26.76018
29410,83.35478,26.75962
29411,83.35375,26.75984
29412,83.35369,26.75947
29413,83.35394,26.76067
29414,83.33388,26.84054
29415,83.38393,26.74481
29416,83.38403,26.74425
29417,83.38418,26.74368
29418,83.38388,26.74306
29419,83.38227,26.74443
29420,83.38306,26.74344
29421,83.38258,26.74326
29422,83.38173,26.74358
29423,83.38111,26.74390
29424,83.38121,26.74363
29425,83.38053,26.74366
29426,83.38093,26.74354
29427,83.37934,26.74506
29428,83.37926,26.74522
29429,83.37953,26.74534
29430,83.37962,26.74494
29431,83.37440,26.74401
29432,83.37459,26.74324
29433,83.37474,26.74356
29434,83.37531,26.74363
29435,83.37526,26.74391
29436,83.37548,26.74258
29437,83.37430,26.74314
29438,83.37452,26.74351
29439,83.36955,26.76255
29440,83.36941,26.76112
29441,83.36189,26.76259
29442,83.36217,26.76337
29443,83.36207,26.76245
29444,83.36237,26.76314
29445,83.36139,26.76276
29446,83.36189,26.76349
29447,83.36100,26.76283
29448,83.36040,26.76249
29449,83.36118,26.76204
29450,83.36280,26.76152
29451,83.37183,26.71160
29452,83.37518,26.71628
29453,83.37466,26.71651
29454,83.37092,26.71154
29455,83.37229,26.71125
29456,83.37246,26.71081
29457,83.37052,26.70964
29458,83.37088,26.71094
29459,83.37050,26.71145
29460,83.36981,26.71020
29461,83.37094,26.71234
29462,83.37109,26.71229
29463,83.37122,26.71206
29464,83.37183,26.71319
29465,83.37039,26.71273
29466,83.36987,26.71237
29467,83.36994,26.71281
29468,83.36948,26.71301
29469,83.37054,26.71381
29470,83.37101,26.71489
29471,83.36972,26.71422
29472,83.37028,26.71394
29473,83.37077,26.71498
29474,83.37126,26.71629
29475,83.37140,26.71350
29476,83.37161,26.71563
29477,83.37086,26.71588
29478,83.37078,26.71865
29479,83.36991,26.71721
29480,83.37005,26.71748
29481,83.36935,26.71831
29482,83.36970,26.71946
29483,83.36916,26.71842
29484,83.36921,26.71778
29485,83.36946,26.71770
29486,83.36975,26.71757
29487,83.37117,26.71672
29488,83.37093,26.71634
29489,83.36928,26.71688
29490,83.36959,26.71579
29491,83.36868,26.71507
29492,83.36901,26.71622
29493,83.36835,26.71517
29494,83.36744,26.71373
29495,83.36659,26.71411
29496,83.36847,26.71370
29497,83.36809,26.71324
29498,83.36643,26.71805
29499,83.36711,26.71796
29500,83.36690,26.71751
29501,83.36590,26.71665
29502,83.36533,26.71679
29503,83.36559,26.71618
29504,83.36535,26.71573
29505,83.36590,26.71510
29506,83.36567,26.71472
29507,83.36681,26.71468
29508,83.36673,26.71437
29509,83.36750,26.71409
29510,83.37002,26.71940
29511,83.37010,26.71980
29512,83.36896,26.72077
29513,83.36774,26.72040
29514,83.36699,26.72058
29515,83.36617,26.72034
29516,83.36693,26.72021
29517,83.36801,26.72125
29518,83.36754,26.72104
29519,83.36758,26.72139
29520,83.36616,26.72101
29521,83.36704,26.72085
29522,83.36685,26.72200
29523,83.36601,26.72212
29524,83.36748,26.72172
29525,83.36684,26.72247
29526,83.36780,26.72220
29527,83.27293,26.77163
29528,83.30846,26.73014
29529,83.30859,26.73076
29530,83.30807,26.73085
29531,83.29956,26.72660
29532,83.29922,26.72596
29533,83.29952,26.72411
29534,83.29856,26.72454
29535,83.36309,26.74453
29536,83.36306,26.74415
29537,83.36266,26.74534
29538,83.36284,26.74570
29539,83.35814,26.74370
29540,83.35624,26.74352
29541,83.35649,26.74409
29542,83.35868,26.74427
29543,83.35886,26.74512
29544,83.35736,26.74348
29545,83.35727,26.74312
29546,83.35732,26.74331
29547,83.35664,26.74311
29548,83.35807,26.74456
29549,83.35809,26.74422
29550,83.35818,26.74369
29551,83.35793,26.74699
29552,83.35847,26.74602
29553,83.35792,26.74533
29554,83.35808,26.74561
29555,83.35890,26.74533
29556,83.35953,26.74522
29557,83.35656,26.74613
29558,83.35599,26.74573
29559,83.35622,26.74610
29560,83.35616,26.74668
29561,83.36525,26.74523
29562,83.36549,26.74603
29563,83.36591,26.74620
29564,83.36802,26.72448
29565,83.36828,26.72494
29566,83.36847,26.72366
29567,83.36867,26.72432
29568,83.37122,26.72269
29569,83.37131,26.72297
29570,83.37855,26.71800
29571,83.37982,26.71751
29572,83.38409,26.72183
29573,83.38439,26.72154
29574,83.38596,26.72132
29575,83.38546,26.72097
29576,83.37144,26.71711
29577,83.37204,26.71689
29578,83.37150,26.71735
29579,83.37279,26.71922
29580,83.37344,26.71901
29581,83.37334,26.71866
29582,83.37191,26.71913
29583,83.36987,26.71876
29584,83.36812,26.71921
29585,83.36832,26.71972
29586,83.36767,26.71835
29587,83.36858,26.71896
29588,83.37883,26.70769
29589,83.37759,26.70963
29590,83.36431,26.73457
29591,83.37310,26.73698
29592,83.37174,26.73619
29593,83.37172,26.73618
29594,83.35459,26.74456
29595,83.35468,26.74495
29596,83.35463,26.74538
29597,83.35443,26.74542
29598,83.35443,26.74622
29599,83.35466,26.74722
29600,83.35306,26.74706
29601,83.35345,26.74637
29602,83.34894,26.74799
29603,83.34928,26.75014
29604,83.34835,26.75124
29605,83.34945,26.75117
29606,83.34794,26.75038
29607,83.34890,26.75058
29608,83.35158,26.74882
29609,83.35157,26.74973
29610,83.35118,26.75082
29611,83.35050,26.75026
29612,83.35070,26.75104
29613,83.35031,26.75127
29614,83.35160,26.74903
29615,83.35231,26.74898
29616,83.35266,26.74905
29617,83.35495,26.74824
29618,83.35526,26.74908
29619,83.35552,26.74959
29620,83.35525,26.74906
29621,83.35610,26.74875
29622,83.35590,26.74801
29623,83.35529,26.74816
29624,83.35549,26.74889
29625,83.35604,26.74777
29626,83.35675,26.74763
29627,83.35797,26.74767
29628,83.35660,26.74677
29629,83.35684,26.74740
29630,83.35625,26.74689
29631,83.35591,26.74664
29632,83.35518,26.74665
29633,83.35501,26.74637
29634,83.35562,26.74663
29635,83.35030,26.74394
29636,83.35173,26.74399
29637,83.35212,26.74408
29638,83.35270,26.74415
29639,83.35246,26.74498
29640,83.35207,26.74513
29641,83.35038,26.74361
29642,83.35076,26.74351
29643,83.35156,26.74394
29644,83.35013,26.74427
29645,83.35085,26.74708
29646,83.35307,26.74544
29647,83.35404,26.74465
29648,83.35411,26.74544
29649,83.35345,26.74478
29650,83.35357,26.74543
29651,83.35373,26.74638
29652,83.35355,26.74543
29653,83.35357,26.74569
29654,83.35442,26.74559
29655,83.35464,26.74530
29656,83.35529,26.74536
29657,83.35522,26.74517
29658,83.35527,26.74516
29659,83.35575,26.74452
29660,83.35573,26.74428
29661,83.35575,26.74448
29662,83.35662,26.74495
29663,83.35537,26.74588
29664,83.35551,26.74629
29665,83.35464,26.74644
29666,83.35503,26.74652
29667,83.35586,26.74609
29668,83.35484,26.74333
29669,83.35405,26.74300
29670,83.35422,26.74343
29671,83.35471,26.74335
29672,83.35485,26.74412
29673,83.35636,26.74375
29674,83.35526,26.74324
29675,83.35574,26.74351
29676,83.35584,26.74420
29677,83.35545,26.74344
29678,83.35429,26.74376
29679,83.35434,26.74411
29680,83.35477,26.74453
29681,83.35973,26.74890
29682,83.36016,26.74800
29683,83.36013,26.74772
29684,83.36042,26.74864
29685,83.36151,26.74794
29686,83.36180,26.74862
29687,83.35836,26.74873
29688,83.35878,26.74790
29689,83.35866,26.74772
29690,83.35862,26.74740
29691,83.35916,26.74777
29692,83.36069,26.74688
29693,83.36090,26.74773
29694,83.36112,26.74665
29695,83.36132,26.74764
29696,83.35960,26.74892
29697,83.35959,26.74960
29698,83.36045,26.74940
29699,83.35814,26.74822
29700,83.35752,26.74776
29701,83.35802,26.74868
29702,83.35692,26.74963
29703,83.35648,26.74769
29704,83.35655,26.74820
29705,83.35692,26.74806
29706,83.35652,26.74794
29707,83.35708,26.74783
29708,83.35086,26.74384
29709,83.35145,26.74365
29710,83.35170,26.74350
29711,83.35215,26.74315
29712,83.35144,26.74292
29713,83.35232,26.74599
29714,83.35256,26.74525
29715,83.35241,26.74595
29716,83.35280,26.74665
29717,83.35309,26.74687
29718,83.35277,26.74625
29719,83.35394,26.74624
29720,83.35442,26.74601
29721,83.35386,26.74373
29722,83.35391,26.74410
29723,83.35740,26.74630
29724,83.35712,26.74643
29725,83.35692,26.74595
29726,83.35862,26.74543
29727,83.35852,26.74486
29728,83.35911,26.74527
29729,83.35908,26.74473
29730,83.35910,26.74572
29731,83.35934,26.74404
29732,83.35954,26.74413
29733,83.36301,26.74620
29734,83.35994,26.74508
29735,83.36005,26.74536
29736,83.36239,26.74383
29737,83.36131,26.74658
29738,83.35960,26.74732
29739,83.36076,26.74716
29740,83.36072,26.74566
29741,83.36283,26.74486
29742,83.36294,26.74518
29743,83.36335,26.74547
29744,83.36341,26.74592
29745,83.35270,26.74888
29746,83.35269,26.74890
29747,83.35288,26.74928
29748,83.35252,26.74959
29749,83.35357,26.75039
29750,83.34973,26.74845
29751,83.34900,26.74811
29752,83.34956,26.74892
29753,83.34893,26.74923
29754,83.34896,26.74858
29755,83.34920,26.74910
29756,83.34881,26.74995
29757,83.34942,26.74988
29758,83.34982,26.75077
29759,83.34944,26.75097
29760,83.34985,26.75089
29761,83.34940,26.75027
29762,83.35022,26.75024
29763,83.34972,26.75026
29764,83.35021,26.75061
29765,83.35082,26.75098
29766,83.35085,26.75152
29767,83.35171,26.75164
29768,83.35037,26.75163
29769,83.34864,26.75505
29770,83.34826,26.75326
29771,83.35021,26.75265
29772,83.34859,26.75505
29773,83.34845,26.75505
29774,83.35589,26.74878
29775,83.35606,26.74969
29776,83.35599,26.74928
29777,83.35679,26.74897
29778,83.35680,26.74901
29779,83.34489,26.75301
29780,83.34535,26.75374
29781,83.34559,26.75232
29782,83.34625,26.75332
29783,83.34504,26.75291
29784,83.34574,26.75257
29785,83.34763,26.75209
29786,83.34816,26.75326
29787,83.34803,26.75327
29788,83.34740,26.75410
29789,83.34847,26.75125
29790,83.34869,26.75206
29791,83.34803,26.75212
29792,83.34896,26.75125
29793,83.34692,26.75289
29794,83.34974,26.75194
29795,83.35017,26.75178
29796,83.35021,26.75268
29797,83.35064,26.75258
29798,83.35096,26.75274
29799,83.35166,26.75282
29800,83.35112,26.75275
29801,83.35104,26.75225
29802,83.35103,26.75200
29803,83.35055,26.75208
29804,83.35062,26.75236
29805,83.35166,26.75218
29806,83.35212,26.75347
29807,83.35213,26.75369
29808,83.35249,26.75346
29809,83.35149,26.75337
29810,83.35194,26.75336
29811,83.35056,26.75206
29812,83.35037,26.75197
29813,83.35119,26.75032
29814,83.35740,26.74945
29815,83.35807,26.74953
29816,83.35742,26.74944
29817,83.35724,26.74952
29818,83.35722,26.75013
29819,83.35686,26.75008
29820,83.35679,26.74966
29821,83.35686,26.75055
29822,83.35831,26.75072
29823,83.35457,26.74940
29824,83.35517,26.74913
29825,83.35495,26.74890
29826,83.35459,26.74883
29827,83.35478,26.74933
29828,83.35285,26.74813
29829,83.35337,26.74813
29830,83.35668,26.74864
29831,83.35705,26.74857
29832,83.35594,26.74906
29833,83.35625,26.74901
29834,83.35214,26.74638
29835,83.35236,26.74723
29836,83.35545,26.74478
29837,83.35516,26.74444
29838,83.35526,26.74482
29839,83.35822,26.74506
29840,83.35982,26.74334
29841,83.35955,26.74385
29842,83.36229,26.74409
29843,83.36201,26.74470
29844,83.36154,26.74653
29845,83.36297,26.74686
29846,83.36220,26.74796
29847,83.36295,26.74776
29848,83.36244,26.74789
29849,83.36254,26.74852
29850,83.36261,26.74785
29851,83.36303,26.74809
29852,83.36352,26.74774
29853,83.36364,26.74836
29854,83.36327,26.74787
29855,83.35940,26.74840
29856,83.35970,26.74862
29857,83.36045,26.74723
29858,83.36060,26.74779
29859,83.35912,26.74726
29860,83.35909,26.74755
29861,83.35863,26.74752
29862,83.35961,26.74782
29863,83.36064,26.74878
29864,83.36114,26.74947
29865,83.36322,26.74842
29866,83.36336,26.74885
29867,83.36266,26.74918
29868,83.36307,26.74906
29869,83.36359,26.74990
29870,83.36272,26.74953
29871,83.36103,26.74901
29872,83.36242,26.74917
29873,83.36252,26.74956
29874,83.36172,26.75008
29875,83.36192,26.74973
29876,83.36027,26.74971
29877,83.36054,26.75063
29878,83.36019,26.75041
29879,83.36037,26.75096
29880,83.35966,26.75003
29881,83.35979,26.75030
29882,83.35937,26.75035
29883,83.35871,26.75082
29884,83.36126,26.75197
29885,83.36137,26.75147
29886,83.36218,26.75084
29887,83.36186,26.75066
29888,83.36181,26.75133
29889,83.36151,26.75074
29890,83.36008,26.75109
29891,83.36114,26.74988
29892,83.36070,26.74980
29893,83.36224,26.74887
29894,83.36247,26.74852
29895,83.36327,26.74858
29896,83.35927,26.74896
29897,83.35895,26.76222
29898,83.35964,26.76308
29899,83.35861,26.76233
29900,83.35908,26.76253
29901,83.35880,26.76285
29902,83.35896,26.76242
29903,83.35797,26.76124
29904,83.35820,26.76180
29905,83.35162,26.76056
29906,83.35103,26.76037
29907,83.36395,26.76045
29908,83.36407,26.76067
29909,83.36418,26.76105
29910,83.36460,26.76111
29911,83.36637,26.76133
29912,83.36618,26.76089
29913,83.36657,26.76133
29914,83.36635,26.76062
29915,83.35003,26.75879
29916,83.34974,26.75763
29917,83.36497,26.75760
29918,83.36492,26.75761
29919,83.35984,26.76115
29920,83.35999,26.76007
29921,83.36010,26.75969
29922,83.35995,26.75920
29923,83.35994,26.75888
29924,83.36039,26.76007
29925,83.36036,26.75965
29926,83.36074,26.75956
29927,83.35960,26.75895
29928,83.35967,26.75926
29929,83.35896,26.75999
29930,83.34902,26.74822
29931,83.34881,26.74829
29932,83.34877,26.74899
29933,83.34854,26.74855
29934,83.34829,26.74867
29935,83.34867,26.74788
29936,83.35017,26.74973
29937,83.35043,26.74936
29938,83.35184,26.74901
29939,83.35199,26.74947
29940,83.35448,26.74833
29941,83.35370,26.74884
29942,83.35472,26.74880
29943,83.35487,26.74877
29944,83.36035,26.74939
29945,83.36053,26.74910
29946,83.36341,26.74935
29947,83.36347,26.74881
29948,83.36354,26.74933
29949,83.35539,26.74710
29950,83.35534,26.74697
29951,83.35344,26.74699
29952,83.35370,26.74688
29953,83.35428,26.74730
29954,83.35601,26.74667
29955,83.35785,26.74727
29956,83.35699,26.74750
29957,83.35884,26.74957
29958,83.35923,26.74962
29959,83.35626,26.74922
29960,83.35624,26.74952
29961,83.35926,26.75149
29962,83.35940,26.75182
29963,83.36397,26.75065
29964,83.36279,26.75097
29965,83.36319,26.75079
29966,83.36367,26.75111
29967,83.36357,26.75131
29968,83.36359,26.75158
29969,83.36164,26.75014
29970,83.36199,26.75046
29971,83.36247,26.75041
29972,83.36370,26.74989
29973,83.36383,26.75053
29974,83.36036,26.75305
29975,83.36057,26.75298
29976,83.36116,26.75294
29977,83.36098,26.75206
29978,83.36078,26.75051
29979,83.36081,26.75093
29980,83.36153,26.75082
29981,83.36057,26.75094
29982,83.36261,26.75121
29983,83.35570,26.75121
29984,83.35785,26.75307
29985,83.35844,26.75174
29986,83.35847,26.75181
29987,83.35980,26.75132
29988,83.35859,26.75212
29989,83.35905,26.75229
29990,83.35839,26.75125
29991,83.35698,26.75135
29992,83.35614,26.75174
29993,83.34187,26.75542
29994,83.34166,26.75342
29995,83.34080,26.75413
29996,83.34168,26.75412
29997,83.34167,26.75359
29998,83.34150,26.75412
29999,83.34170,26.75649
30000,83.34305,26.75634
30001,83.34261,26.75535
30002,83.34269,26.75577
30003,83.34381,26.75500
30004,83.34306,26.75573
30005,83.34349,26.75582
30006,83.34452,26.75578
30007,83.34488,26.75607
30008,83.34411,26.75545
30009,83.34455,26.75576
30010,83.34548,26.75676
30011,83.34516,26.75582
30012,83.34522,26.75541
30013,83.34590,26.75610
30014,83.34596,26.75636
30015,83.34619,26.75633
30016,83.34607,26.75595
30017,83.34594,26.75498
30018,83.34532,26.75560
30019,83.34585,26.75563
30020,83.34691,26.75612
30021,83.34643,26.75676
30022,83.34734,26.75646
30023,83.34747,26.75519
30024,83.34816,26.75668
30025,83.34892,26.75534
30026,83.34935,26.75633
30027,83.34961,26.75625
30028,83.34807,26.75599
30029,83.34910,26.75577
30030,83.34780,26.75534
30031,83.34812,26.75567
30032,83.34801,26.75534
30033,83.34821,26.75596
30034,83.34842,26.75509
30035,83.34998,26.75592
30036,83.35004,26.75584
30037,83.34999,26.75590
30038,83.34842,26.75504
30039,83.34855,26.75589
30040,83.34866,26.75568
30041,83.34902,26.75558
30042,83.35006,26.75583
30043,83.34863,26.75501
30044,83.34565,26.75360
30045,83.35068,26.75357
30046,83.35091,26.75419
30047,83.35027,26.75303
30048,83.35070,26.75297
30049,83.35160,26.75313
30050,83.35122,26.75373
30051,83.35114,26.75319
30052,83.35323,26.75223
30053,83.35291,26.75155
30054,83.34537,26.75373
30055,83.34572,26.75435
30056,83.34583,26.75351
30057,83.34629,26.75432
30058,83.34640,26.75323
30059,83.34693,26.75437
30060,83.34699,26.75325
30061,83.34744,26.75299
30062,83.34758,26.75448
30063,83.34858,26.75440
30064,83.34822,26.75442
30065,83.34821,26.75482
30066,83.34857,26.75435
30067,83.35027,26.75430
30068,83.35028,26.75376
30069,83.34879,26.75414
30070,83.35228,26.75528
30071,83.35184,26.75405
30072,83.35176,26.75367
30073,83.35138,26.75513
30074,83.35131,26.75423
30075,83.35104,26.75398
30076,83.34880,26.75346
30077,83.35025,26.75311
30078,83.34994,26.75274
30079,83.35007,26.75315
30080,83.35144,26.75707
30081,83.35319,26.75825
30082,83.35319,26.75824
30083,83.34868,26.75505
30084,83.34687,26.75578
30085,83.34690,26.75481
30086,83.34712,26.75541
30087,83.34558,26.75447
30088,83.34438,26.76296
30089,83.34444,26.76347
30090,83.34209,26.76187
30091,83.34179,26.76340
30092,83.34545,26.76117
30093,83.34578,26.76125
30094,83.34597,26.76155
30095,83.34610,26.76124
30096,83.34604,26.76110
30097,83.34590,26.76092
30098,83.34590,26.76119
30099,83.34627,26.76144
30100,83.34895,26.75977
30101,83.34915,26.76031
30102,83.35294,26.76144
30103,83.35327,26.76214
30104,83.35634,26.76205
30105,83.35678,26.76199
30106,83.35669,26.76170
30107,83.35731,26.76202
30108,83.35703,26.76201
30109,83.35687,26.76176
30110,83.35724,26.76200
30111,83.35644,26.76125
30112,83.35658,26.76087
30113,83.35682,26.76124
30114,83.35671,26.76101
30115,83.35718,26.76036
30116,83.35780,26.75982
30117,83.35867,26.76088
30118,83.35879,26.76159
30119,83.35660,26.76199
30120,83.35651,26.76170
30121,83.35790,26.76191
30122,83.35874,26.76209
30123,83.35928,26.76210
30124,83.35974,26.76221
30125,83.35926,26.76180
30126,83.35989,26.76173
30127,83.35965,26.76176
30128,83.35962,26.76154
30129,83.35967,26.76198
30130,83.35994,26.76064
30131,83.35943,26.76072
30132,83.35942,26.76023
30133,83.36091,26.76150
30134,83.36011,26.76210
30135,83.36010,26.76241
30136,83.36020,26.76115
30137,83.36161,26.76023
30138,83.36066,26.76033
30139,83.36102,26.76032
30140,83.36122,26.76064
30141,83.36067,26.76070
30142,83.36148,26.76061
30143,83.36136,26.76031
30144,83.36135,26.76069
30145,83.36156,26.76084
30146,83.36159,26.76093
30147,83.36143,26.76198
30148,83.36124,26.76140
30149,83.36212,26.76133
30150,83.36226,26.76175
30151,83.36212,26.76240
30152,83.36149,26.76196
30153,83.36353,26.76108
30154,83.36392,26.76153
30155,83.36336,26.76004
30156,83.36257,26.75886
30157,83.36215,26.75867
30158,83.36225,26.75904
30159,83.36077,26.75742
30160,83.36019,26.75600
30161,83.34925,26.75551
30162,83.36072,26.75763
30163,83.36176,26.75836
30164,83.36015,26.75882
30165,83.36346,26.75927
30166,83.36297,26.75904
30167,83.36212,26.75829
30168,83.36221,26.75870
30169,83.36160,26.75950
30170,83.35920,26.75808
30171,83.35967,26.75894
30172,83.35896,26.75782
30173,83.35938,26.75844
30174,83.35899,26.75793
30175,83.36052,26.75768
30176,83.36000,26.75739
30177,83.35947,26.75649
30178,83.35995,26.75610
30179,83.36011,26.75637
30180,83.36052,26.75592
30181,83.36223,26.75827
30182,83.36184,26.75729
30183,83.36146,26.75737
30184,83.36253,26.75706
30185,83.36095,26.75595
30186,83.36211,26.75619
30187,83.36284,26.75675
30188,83.36228,26.75672
30189,83.36137,26.75709
30190,83.36168,26.75698
30191,83.36232,26.75757
30192,83.36251,26.75750
30193,83.36276,26.75791
30194,83.36076,26.75747
30195,83.36114,26.75739
30196,83.36120,26.75751
30197,83.36066,26.75776
30198,83.36098,26.75811
30199,83.36074,26.75868
30200,83.36007,26.75853
30201,83.36031,26.75823
30202,83.35822,26.75754
30203,83.35923,26.75661
30204,83.35942,26.75711
30205,83.35888,26.75680
30206,83.35910,26.75756
30207,83.35850,26.75714
30208,83.35953,26.75623
30209,83.35900,26.75974
30210,83.35880,26.75913
30211,83.35886,26.75911
30212,83.35869,26.75856
30213,83.35876,26.75839
30214,83.35820,26.75791
30215,83.35862,26.75836
30216,83.35813,26.75877
30217,83.35733,26.75705
30218,83.35898,26.75484
30219,83.35957,26.75633
30220,83.35788,26.75698
30221,83.35774,26.75602
30222,83.35735,26.75602
30223,83.35835,26.75532
30224,83.35803,26.75485
30225,83.35811,26.75536
30226,83.35655,26.75669
30227,83.35737,26.75571
30228,83.35676,26.75779
30229,83.35693,26.75832
30230,83.35734,26.75737
30231,83.35705,26.75768
30232,83.35484,26.75976
30233,83.35547,26.75968
30234,83.35499,26.75869
30235,83.35535,26.75957
30236,83.35448,26.75802
30237,83.35448,26.75781
30238,83.35448,26.75807
30239,83.35642,26.75787
30240,83.35621,26.75762
30241,83.35608,26.75770
30242,83.35576,26.75730
30243,83.35591,26.75858
30244,83.35550,26.75846
30245,83.35515,26.75869
30246,83.35540,26.75811
30247,83.35525,26.75812
30248,83.35534,26.75848
30249,83.35251,26.75884
30250,83.35268,26.75945
30251,83.35192,26.75906
30252,83.35258,26.75910
30253,83.35314,26.75894
30254,83.35248,26.75989
30255,83.35217,26.75896
30256,83.35231,26.75918
30257,83.35240,26.75812
30258,83.35238,26.75818
30259,83.35258,26.75869
30260,83.35320,26.75813
30261,83.35357,26.75814
30262,83.35488,26.75668
30263,83.35599,26.75691
30264,83.35538,26.75665
30265,83.35543,26.75719
30266,83.35325,26.75696
30267,83.35410,26.75718
30268,83.35465,26.75717
30269,83.35362,26.75723
30270,83.35383,26.75758
30271,83.35455,26.75749
30272,83.35334,26.75696
30273,83.35377,26.75511
30274,83.35283,26.75810
30275,83.35276,26.75744
30276,83.35324,26.75693
30277,83.35215,26.75618
30278,83.35229,26.75663
30279,83.35196,26.75523
30280,83.35214,26.75897
30281,83.35092,26.75809
30282,83.35069,26.75637
30283,83.35230,26.75890
30284,83.35175,26.75771
30285,83.35161,26.75822
30286,83.35149,26.75788
30287,83.35190,26.75763
30288,83.35223,26.75843
30289,83.35091,26.75689
30290,83.35067,26.75948
30291,83.35095,26.75904
30292,83.35048,26.75937
30293,83.35032,26.75886
30294,83.35068,26.75754
30295,83.35054,26.75850
30296,83.35100,26.75870
30297,83.34942,26.75941
30298,83.34932,26.75882
30299,83.34923,26.75900
30300,83.34923,26.75883
30301,83.34889,26.75796
30302,83.34921,26.75785
30303,83.35004,26.75826
30304,83.35035,26.75823
30305,83.35155,26.75706
30306,83.35190,26.75684
30307,83.35172,26.75655
30308,83.35218,26.75736
30309,83.35193,26.75693
30310,83.35232,26.75682
30311,83.35258,26.75675
30312,83.35251,26.75731
30313,83.35190,26.75748
30314,83.35283,26.75725
30315,83.35109,26.75659
30316,83.35141,26.75635
30317,83.35038,26.75674
30318,83.34955,26.75627
30319,83.34974,26.75617
30320,83.35003,26.75660
30321,83.34990,26.75678
30322,83.34985,26.75693
30323,83.35033,26.75715
30324,83.35021,26.75674
30325,83.35052,26.75656
30326,83.34989,26.75602
30327,83.34977,26.75658
30328,83.34931,26.75634
30329,83.34909,26.75766
30330,83.35143,26.75929
30331,83.35135,26.75886
30332,83.34918,26.75943
30333,83.34857,26.75902
30334,83.34851,26.75956
30335,83.34846,26.75930
30336,83.34905,26.75915
30337,83.34847,26.75867
30338,83.34874,26.75861
30339,83.34902,26.75822
30340,83.34941,26.75923
30341,83.35108,26.75724
30342,83.35065,26.75735
30343,83.34791,26.75804
30344,83.35025,26.75957
30345,83.34771,26.75889
30346,83.34715,26.75862
30347,83.34731,26.75928
30348,83.34731,26.75906
30349,83.34772,26.75903
30350,83.34843,26.75826
30351,83.34547,26.75865
30352,83.34694,26.75816
30353,83.34584,26.75854
30354,83.34667,26.75817
30355,83.34716,26.75783
30356,83.34547,26.75895
30357,83.34630,26.75930
30358,83.34615,26.75924
30359,83.34548,26.75879
30360,83.34395,26.75859
30361,83.34428,26.75857
30362,83.34441,26.75917
30363,83.34402,26.75891
30364,83.34435,26.75881
30365,83.34489,26.75866
30366,83.34483,26.75849
30367,83.34498,26.75896
30368,83.34467,26.75939
30369,83.34550,26.75932
30370,83.34526,26.75893
30371,83.34548,26.75872
30372,83.34613,26.75818
30373,83.34572,26.75780
30374,83.34570,26.75756
30375,83.34600,26.75730
30376,83.34611,26.75688
30377,83.34668,26.75708
30378,83.34689,26.75661
30379,83.34708,26.75706
30380,83.34684,26.75744
30381,83.34770,26.75715
30382,83.34732,26.75641
30383,83.34792,26.75677
30384,83.34543,26.75679
30385,83.34505,26.75708
30386,83.34502,26.75648
30387,83.34515,26.75686
30388,83.34434,26.75698
30389,83.34462,26.75690
30390,83.34477,26.75695
30391,83.34494,26.75755
30392,83.34459,26.75738
30393,83.34462,26.75743
30394,83.34426,26.75818
30395,83.34437,26.75856
30396,83.34374,26.75856
30397,83.34391,26.75824
30398,83.34376,26.75771
30399,83.34354,26.75728
30400,83.34445,26.75748
30401,83.34487,26.75848
30402,83.34268,26.75749
30403,83.34318,26.75726
30404,83.34208,26.75823
30405,83.34213,26.75786
30406,83.34250,26.75796
30407,83.34274,26.75835
30408,83.34408,26.75637
30409,83.34384,26.75718
30410,83.34387,26.75744
30411,83.34463,26.75814
30412,83.34371,26.75854
30413,83.34280,26.75880
30414,83.34218,26.75855
30415,83.34250,26.75922
30416,83.34395,26.75922
30417,83.34199,26.76190
30418,83.34229,26.76167
30419,83.34350,26.76012
30420,83.34351,26.76014
30421,83.34322,26.76021
30422,83.34232,26.75851
30423,83.34263,26.75861
30424,83.34335,26.75816
30425,83.34273,26.75790
30426,83.35042,26.75607
30427,83.35139,26.75576
30428,83.34839,26.75377
30429,83.34889,26.75385
30430,83.34932,26.75394
30431,83.34932,26.75293
30432,83.34919,26.75253
30433,83.34904,26.75196
30434,83.34803,26.75269
30435,83.34841,26.75259
30436,83.34827,26.75233
30437,83.34812,26.75297
30438,83.34870,26.75277
30439,83.35230,26.75147
30440,83.35281,26.75168
30441,83.35172,26.75159
30442,83.35231,26.75157
30443,83.35165,26.75078
30444,83.35161,26.75103
30445,83.35302,26.74961
30446,83.35523,26.75064
30447,83.35555,26.75027
30448,83.35510,26.74970
30449,83.35555,26.74982
30450,83.35585,26.74964
30451,83.35587,26.75138
30452,83.35502,26.75299
30453,83.35558,26.75282
30454,83.35528,26.75223
30455,83.35546,26.75285
30456,83.34201,26.75641
30457,83.34188,26.75601
30458,83.34796,26.75852
30459,83.35466,26.75496
30460,83.35484,26.75535
30461,83.35522,26.75482
30462,83.35438,26.75401
30463,83.35486,26.75671
30464,83.35422,26.75682
30465,83.35366,26.75694
30466,83.35405,26.75625
30467,83.35845,26.75667
30468,83.35821,26.75630
30469,83.35790,26.75684
30470,83.35849,26.75699
30471,83.35821,26.75718
30472,83.36890,26.76049
30473,83.36888,26.76055
30474,83.36500,26.75759
30475,83.36498,26.75760
30476,83.36450,26.75699
30477,83.36408,26.75700
30478,83.36474,26.75688
30479,83.36501,26.75707
30480,83.36528,26.75749
30481,83.36405,26.75727
30482,83.36481,26.75735
30483,83.36556,26.75666
30484,83.36591,26.75711
30485,83.36206,26.75393
30486,83.36212,26.75434
30487,83.36235,26.75522
30488,83.36220,26.75449
30489,83.36276,26.75442
30490,83.36153,26.75399
30491,83.36154,26.75404
30492,83.36122,26.75428
30493,83.36059,26.75478
30494,83.35946,26.75404
30495,83.35989,26.75492
30496,83.36043,26.75524
30497,83.36522,26.74859
30498,83.36524,26.74826
30499,83.35940,26.75591
30500,83.35984,26.75571
30501,83.35833,26.75584
30502,83.35889,26.75568
30503,83.35854,26.75540
30504,83.35860,26.75574
30505,83.35504,26.75635
30506,83.35473,26.75630
30507,83.35448,26.75635
30508,83.35461,26.75595
30509,83.35561,26.75398
30510,83.35589,26.75441
30511,83.35309,26.75328
30512,83.35230,26.75125
30513,83.35269,26.75099
30514,83.35725,26.75134
30515,83.35713,26.75137
30516,83.35727,26.75190
30517,83.35828,26.75288
30518,83.35935,26.75314
30519,83.35931,26.75263
30520,83.36451,26.74596
30521,83.36647,26.74435
30522,83.36674,26.74494
30523,83.36666,26.74475
30524,83.36648,26.74516
30525,83.36649,26.74533
30526,83.36619,26.74547
30527,83.36604,26.74523
30528,83.36569,26.74535
30529,83.36553,26.74489
30530,83.36577,26.74468
30531,83.36608,26.74522
30532,83.36596,26.74486
30533,83.36648,26.74481
30534,83.36654,26.74595
30535,83.36616,26.74479
30536,83.36629,26.74518
30537,83.36597,26.74348
30538,83.36442,26.74364
30539,83.36383,26.74508
30540,83.36428,26.74347
30541,83.36400,26.74418
30542,83.36432,26.74413
30543,83.36500,26.74408
30544,83.36514,26.74406
30545,83.36469,26.74308
30546,83.36496,26.74344
30547,83.36490,26.74349
30548,83.36440,26.74383
30549,83.36497,26.74379
30550,83.36492,26.74359
30551,83.36529,26.74374
30552,83.36420,26.74415
30553,83.36426,26.74424
30554,83.36433,26.74429
30555,83.36454,26.74481
30556,83.36467,26.74518
30557,83.36526,26.74520
30558,83.36487,26.74511
30559,83.36442,26.74605
30560,83.36460,26.74628
30561,83.36483,26.74652
30562,83.36493,26.74623
30563,83.36373,26.74562
30564,83.36363,26.74569
30565,83.36377,26.74609
30566,83.36403,26.74575
30567,83.36394,26.74535
30568,83.36433,26.74525
30569,83.36470,26.74593
30570,83.36494,26.74576
30571,83.36478,26.74557
30572,83.36538,26.74376
30573,83.36521,26.74468
30574,83.36545,26.74495
30575,83.36040,26.76417
30576,83.36106,26.76399
30577,83.36727,26.76306
30578,83.37314,26.76059
30579,83.37635,26.74626
30580,83.37971,26.74550
30581,83.37984,26.74542
30582,83.38819,26.75699
30583,83.38878,26.75683
30584,83.37343,26.75421
30585,83.37605,26.75364
30586,83.38112,26.75267
30587,83.38111,26.75255
30588,83.38116,26.75202
30589,83.37307,26.74715
30590,83.37327,26.74711
30591,83.37304,26.74707
30592,83.37317,26.74698
30593,83.37326,26.74704
30594,83.37310,26.74699
30595,83.37318,26.74718
30596,83.37987,26.74547
30597,83.37974,26.74542
30598,83.37985,26.74551
30599,83.36834,26.74392
30600,83.36887,26.74379
30601,83.36731,26.74345
30602,83.36747,26.74374
30603,83.36819,26.74361
30604,83.36713,26.74355
30605,83.36716,26.74317
30606,83.36715,26.74385
30607,83.36721,26.74421
30608,83.37996,26.74578
30609,83.38383,26.75815
30610,83.37604,26.75830
30611,83.37564,26.75803
30612,83.37569,26.75798
30613,83.37615,26.75781
30614,83.38107,26.75512
30615,83.37902,26.75580
30616,83.37602,26.75663
30617,83.37440,26.75707
30618,83.37432,26.75713
30619,83.37850,26.75603
30620,83.37847,26.75595
30621,83.38114,26.75521
30622,83.38113,26.75511
30623,83.37175,26.76125
30624,83.37188,26.76200
30625,83.37216,26.76187
30626,83.37234,26.76073
30627,83.37246,26.76119
30628,83.37219,26.76127
30629,83.37281,26.76111
30630,83.37254,26.76116
30631,83.37283,26.76128
30632,83.37238,26.76189
30633,83.37226,26.76157
30634,83.36953,26.76250
30635,83.37085,26.76217
30636,83.37126,26.76207
30637,83.37010,26.76109
30638,83.37067,26.76012
30639,83.36639,26.76319
30640,83.36603,26.76170
30641,83.36724,26.76044
30642,83.36621,26.75940
30643,83.28545,26.79660
30644,83.28570,26.79637
30645,83.28885,26.79489
30646,83.28074,26.80158
30647,83.27713,26.80027
30648,83.27757,26.80117
30649,83.27941,26.80258
30650,83.27481,26.80119
30651,83.27713,26.80025
30652,83.27700,26.79921
30653,83.28036,26.80173
30654,83.27635,26.79811
30655,83.27665,26.79861
30656,83.27678,26.79789
30657,83.27753,26.79940
30658,83.27750,26.79891
30659,83.27401,26.79958
30660,83.27643,26.79834
30661,83.27544,26.79732
30662,83.27761,26.80008
30663,83.27809,26.80100
30664,83.27889,26.79945
30665,83.27910,26.80028
30666,83.28017,26.79864
30667,83.27792,26.79874
30668,83.28161,26.80109
30669,83.27869,26.79844
30670,83.27826,26.79380
30671,83.27431,26.79449
30672,83.27493,26.79619
30673,83.27674,26.79697
30674,83.27503,26.79197
30675,83.27709,26.79137
30676,83.27822,26.79232
30677,83.27769,26.79280
30678,83.28027,26.79154
30679,83.27982,26.79115
30680,83.28039,26.79046
30681,83.27993,26.78866
30682,83.28354,26.78598
30683,83.28162,26.79125
30684,83.28104,26.79052
30685,83.28278,26.79084
30686,83.28191,26.79168
30687,83.28245,26.79155
30688,83.28309,26.79000
30689,83.28392,26.79080
30690,83.28526,26.78957
30691,83.27886,26.79036
30692,83.27432,26.79008
30693,83.27532,26.78975
30694,83.27392,26.78780
30695,83.27417,26.78847
30696,83.27451,26.78749
30697,83.27581,26.78788
30698,83.28542,26.78719
30699,83.28509,26.78784
30700,83.28586,26.78787
30701,83.28730,26.78933
30702,83.28809,26.79041
30703,83.28561,26.79101
30704,83.28690,26.79072
30705,83.29100,26.78971
30706,83.29004,26.79302
30707,83.28526,26.79399
30708,83.28669,26.79371
30709,83.28788,26.79311
30710,83.28868,26.80043
30711,83.28469,26.79762
30712,83.28733,26.79960
30713,83.28740,26.79767
30714,83.28726,26.79622
30715,83.28564,26.79718
30716,83.28730,26.79691
30717,83.28668,26.79766
30718,83.28580,26.79812
30719,83.28638,26.79887
30720,83.28691,26.79855
30721,83.28453,26.79777
30722,83.28415,26.79680
30723,83.28375,26.79690
30724,83.28543,26.79526
30725,83.28512,26.80041
30726,83.28382,26.79856
30727,83.28253,26.79279
30728,83.29168,26.78652
30729,83.28554,26.78874
30730,83.28550,26.78841
30731,83.28624,26.78915
30732,83.28789,26.79372
30733,83.28812,26.79430
30734,83.36882,26.75559
30735,83.37035,26.75513
30736,83.37039,26.75580
30737,83.37194,26.75636
30738,83.37227,26.75629
30739,83.37305,26.75682
30740,83.37487,26.75396
30741,83.37532,26.75601
30742,83.37886,26.74357
30743,83.38094,26.74397
30744,83.38139,26.74482
30745,83.37380,26.74894
30746,83.37387,26.74991
30747,83.37353,26.74962
30748,83.37383,26.74942
30749,83.37425,26.74940
30750,83.37297,26.74654
30751,83.37306,26.74890
30752,83.37001,26.74959
30753,83.36992,26.74959
30754,83.36630,26.74370
30755,83.36608,26.74446
30756,83.36624,26.74403
30757,83.36406,26.74764
30758,83.37035,26.75083
30759,83.37043,26.75082
30760,83.36388,26.74688
30761,83.36449,26.74743
30762,83.36503,26.74741
30763,83.36424,26.74856
30764,83.36440,26.74931
30765,83.36547,26.74974
30766,83.36528,26.74938
30767,83.36588,26.74918
30768,83.36457,26.74980
30769,83.36488,26.74957
30770,83.36464,26.74958
30771,83.36451,26.74922
30772,83.36388,26.74961
30773,83.36420,26.74955
30774,83.36404,26.74920
30775,83.36434,26.74909
30776,83.36495,26.75022
30777,83.36489,26.75058
30778,83.36456,26.75032
30779,83.36510,26.75077
30780,83.36523,26.75074
30781,83.36533,26.75100
30782,83.36517,26.75047
30783,83.36473,26.75028
30784,83.36469,26.74980
30785,83.36613,26.75211
30786,83.36586,26.75127
30787,83.36848,26.75252
30788,83.36885,26.75304
30789,83.36838,26.75215
30790,83.36910,26.75396
30791,83.36918,26.75289
30792,83.37065,26.75180
30793,83.37074,26.75178
30794,83.37878,26.75253
30795,83.37872,26.75174
30796,83.37880,26.75231
30797,83.37732,26.75167
30798,83.37746,26.75240
30799,83.37497,26.74976
30800,83.37496,26.75045
30801,83.37595,26.75111
30802,83.37687,26.75115
30803,83.36994,26.75282
30804,83.36773,26.75236
30805,83.36847,26.75248
30806,83.36797,26.75228
30807,83.36809,26.75259
30808,83.36885,26.74968
30809,83.36550,26.75322
30810,83.36434,26.75503
30811,83.36345,26.75444
30812,83.36921,26.75439
30813,83.37552,26.75596
30814,83.37575,26.75671
30815,83.37484,26.75660
30816,83.37564,26.75636
30817,83.37710,26.75354
30818,83.37715,26.75450
30819,83.37861,26.75317
30820,83.37897,26.75318
30821,83.37877,26.75422
30822,83.36981,26.75939
30823,83.36952,26.75945
30824,83.36994,26.75974
30825,83.37025,26.75995
30826,83.37063,26.75920
30827,83.37076,26.76013
30828,83.37033,26.75927
30829,83.37064,26.75932
30830,83.37090,26.75925
30831,83.37096,26.75972
30832,83.37127,26.75932
30833,83.37138,26.75965
30834,83.37153,26.75936
30835,83.37174,26.75998
30836,83.37177,26.75882
30837,83.36903,26.75904
30838,83.36950,26.75948
30839,83.37274,26.75982
30840,83.37240,26.76026
30841,83.37287,26.76043
30842,83.37188,26.76068
30843,83.37158,26.76010
30844,83.36972,26.75868
30845,83.36968,26.75868
30846,83.37248,26.75733
30847,83.37309,26.75725
30848,83.37188,26.75650
30849,83.37150,26.75664
30850,83.37145,26.75639
30851,83.37190,26.75587
30852,83.37128,26.75584
30853,83.37058,26.75506
30854,83.37078,26.75590
30855,83.35620,26.75024
30856,83.34789,26.75247
30857,83.35687,26.75092
30858,83.35942,26.75006
30859,83.36220,26.75607
30860,83.36038,26.74496
30861,83.35292,26.74767
30862,83.36038,26.75725
30863,83.36051,26.75708
30864,83.36066,26.75705
30865,83.36775,26.75603
30866,83.36763,26.75597
30867,83.36760,26.75613
30868,83.37138,26.75348
30869,83.37778,26.75963
30870,83.38100,26.75254
30871,83.38108,26.75269
30872,83.38110,26.75254
30873,83.38101,26.75269
30874,83.38106,26.75253
30875,83.37769,26.76190
30876,83.38158,26.75867
30877,83.37976,26.74555
30878,83.37971,26.74545
30879,83.37987,26.74549
30880,83.37980,26.74555
30881,83.36870,26.74339
30882,83.36928,26.74731
30883,83.36908,26.74750
30884,83.36878,26.74324
30885,83.36868,26.74331
30886,83.36875,26.74342
30887,83.36884,26.74341
30888,83.36886,26.74328
30889,83.36917,26.74737
30890,83.36912,26.74728
30891,83.36858,26.74705
30892,83.36846,26.74708
30893,83.37173,26.75466
30894,83.37484,26.75388
30895,83.37541,26.75376
30896,83.37318,26.75623
30897,83.37295,26.75602
30898,83.37115,26.75304
30899,83.37131,26.75335
30900,83.37281,26.75250
30901,83.37291,26.76060
30902,83.37323,26.76078
30903,83.36561,26.76027
30904,83.36594,26.75999
30905,83.36777,26.74990
30906,83.38002,26.74536
30907,83.27677,26.79547
30908,83.44280,26.84628
30909,83.45393,26.85794
30910,83.45402,26.85790
30911,83.36600,26.76472
30912,83.36852,26.76553
30913,83.36867,26.76494
30914,83.37000,26.76468
30915,83.36490,26.76505
30916,83.36958,26.76928
30917,83.36578,26.76857
30918,83.36761,26.76838
30919,83.36773,26.76853
30920,83.36813,26.77131
30921,83.36854,26.77111
30922,83.36919,26.77110
30923,83.36920,26.77110
30924,83.36935,26.77140
30925,83.37016,26.77125
30926,83.36876,26.77317
30927,83.36657,26.77490
30928,83.36578,26.77536
30929,83.36630,26.77519
30930,83.36570,26.77514
30931,83.37932,26.76949
30932,83.37075,26.77361
30933,83.37196,26.77497
30934,83.37529,26.77490
30935,83.37612,26.77493
30936,83.37672,26.77378
30937,83.37584,26.77345
30938,83.37813,26.77376
30939,83.38030,26.77296
30940,83.38068,26.77319
30941,83.38011,26.77414
30942,83.38036,26.77431
30943,83.38160,26.77474
30944,83.38178,26.77474
30945,83.37846,26.77470
30946,83.37254,26.77622
30947,83.37205,26.77650
30948,83.37441,26.77607
30949,83.37663,26.77590
30950,83.37660,26.77565
30951,83.37560,26.77708
30952,83.37942,26.77708
30953,83.37906,26.77715
30954,83.37996,26.77780
30955,83.37658,26.77857
30956,83.37676,26.77902
30957,83.37574,26.77934
30958,83.37708,26.77899
30959,83.38078,26.77999
30960,83.38032,26.78098
30961,83.38169,26.78158
30962,83.38205,26.78070
30963,83.38183,26.78055
30964,83.38232,26.78141
30965,83.38297,26.78298
30966,83.38526,26.78311
30967,83.38435,26.78331
30968,83.37671,26.79770
30969,83.37926,26.79684
30970,83.38106,26.79572
30971,83.37867,26.79435
30972,83.37787,26.79453
30973,83.38423,26.79420
30974,83.37805,26.79208
30975,83.37718,26.79069
30976,83.37821,26.79045
30977,83.37739,26.78875
30978,83.38012,26.78701
30979,83.38424,26.78502
30980,83.37615,26.78405
30981,83.37630,26.78444
30982,83.37692,26.78427
30983,83.37863,26.78327
30984,83.37573,26.78213
30985,83.37517,26.78233
30986,83.37551,26.78175
30987,83.37306,26.78111
30988,83.36926,26.77641
30989,83.36980,26.77786
30990,83.37384,26.77926
30991,83.37150,26.79502
30992,83.36703,26.79143
30993,83.36669,26.79162
30994,83.36728,26.78969
30995,83.36748,26.79539
30996,83.37398,26.80658
30997,83.37690,26.80626
30998,83.38164,26.80608
30999,83.38138,26.80552
31000,83.39239,26.80824
31001,83.40415,26.80708
31002,83.39659,26.80887
31003,83.39597,26.80907
31004,83.39470,26.80967
31005,83.40784,26.80202
31006,83.38865,26.80085
31007,83.38890,26.80070
31008,83.38753,26.79954
31009,83.38737,26.79881
31010,83.38701,26.79890
31011,83.38460,26.80028
31012,83.38466,26.80046
31013,83.38500,26.80085
31014,83.37906,26.80871
31015,83.38694,26.80935
31016,83.37222,26.79939
31017,83.37290,26.79922
31018,83.39471,26.79603
31019,83.39489,26.78842
31020,83.39379,26.78504
31021,83.38819,26.78657
31022,83.39980,26.77979
31023,83.39985,26.77995
31024,83.38408,26.76718
31025,83.38588,26.76758
31026,83.38945,26.77340
31027,83.38330,26.77122
31028,83.38317,26.77209
31029,83.38230,26.77276
31030,83.38422,26.77353
31031,83.38533,26.77480
31032,83.38502,26.77471
31033,83.38644,26.78097
31034,83.39111,26.78077
31035,83.39462,26.78148
31036,83.39488,26.77934
31037,83.39977,26.78611
31038,83.40967,26.78273
31039,83.40502,26.78508
31040,83.40153,26.78900
31041,83.40177,26.79084
31042,83.40505,26.79164
31043,83.41258,26.79025
31044,83.41221,26.79028
31045,83.41180,26.79124
31046,83.41211,26.79146
31047,83.41206,26.78529
31048,83.40820,26.77929
31049,83.40806,26.77819
31050,83.40436,26.77604
31051,83.40093,26.77123
31052,83.40480,26.77324
31053,83.40570,26.76986
31054,83.40158,26.76675
31055,83.40135,26.76678
31056,83.39725,26.77138
31057,83.38103,26.76386
31058,83.37358,26.78650
31059,83.37173,26.78502
31060,83.37213,26.78383
31061,83.37043,26.78354
31062,83.36782,26.78461
31063,83.36513,26.78672
31064,83.36427,26.78458
31065,83.36462,26.78441
31066,83.36478,26.78482
31067,83.36491,26.78485
31068,83.36757,26.78183
31069,83.36959,26.78056
31070,83.37150,26.78068
31071,83.36659,26.78063
31072,83.36492,26.78048
31073,83.36418,26.78005
31074,83.36334,26.77899
31075,83.36510,26.77836
31076,83.36406,26.77699
31077,83.36369,26.77780
31078,83.36587,26.77663
31079,83.36551,26.77470
31080,83.37931,26.76768
31081,83.32031,26.75997
31082,83.32292,26.76000
31083,83.32314,26.76020
31084,83.32049,26.76091
31085,83.32720,26.75839
31086,83.32891,26.76054
31087,83.32857,26.76164
31088,83.32839,26.76081
31089,83.34095,26.75871
31090,83.34416,26.75658
31091,83.34315,26.75792
31092,83.34520,26.75616
31093,83.34537,26.75615
31094,83.34776,26.76439
31095,83.35369,26.76388
31096,83.35104,26.75892
31097,83.35256,26.75401
31098,83.34892,26.75409
31099,83.34892,26.75262
31100,83.34983,26.75235
31101,83.35935,26.76126
31102,83.35814,26.76185
31103,83.35504,26.76320
31104,83.35523,26.76312
31105,83.35883,26.75365
31106,83.35958,26.75261
31107,83.36020,26.75248
31108,83.36278,26.75554
31109,83.36226,26.75569
31110,83.36272,26.75528
31111,83.36212,26.75541
31112,83.36183,26.75502
31113,83.36230,26.75496
31114,83.35923,26.74611
31115,83.36236,26.74030
31116,83.36031,26.74070
31117,83.35975,26.73933
31118,83.35341,26.73868
31119,83.35651,26.73810
31120,83.33475,26.74309
31121,83.33526,26.74562
31122,83.33531,26.74861
31123,83.33703,26.74290
31124,83.33702,26.74072
31125,83.33650,26.73769
31126,83.34144,26.72570
31127,83.34654,26.71842
31128,83.36110,26.73154
31129,83.36218,26.73175
31130,83.39572,26.80873
31131,83.39562,26.80877
31132,83.39347,26.75668
31133,83.39107,26.75727
31134,83.35180,26.80270
31135,83.36451,26.76346
31136,83.35886,26.75396
31137,83.37729,26.74062
31138,83.35717,26.76907
31139,83.39785,26.77028
31140,83.37094,26.76236
31141,83.37346,26.76161
31142,83.39115,26.78965
31143,83.39412,26.77040
31144,83.36124,26.79500
31145,83.36132,26.79514
31146,83.42890,26.75309
31147,83.35235,26.76861
31148,83.36822,26.79851
31149,83.36732,26.79857
31150,83.36422,26.79872
31151,83.36529,26.79586
31152,83.36379,26.79671
31153,83.36438,26.79639
31154,83.36206,26.76541
31155,83.36108,26.76563
31156,83.36004,26.76830
31157,83.36043,26.77614
31158,83.36104,26.77602
31159,83.36099,26.77573
31160,83.36123,26.77524
31161,83.36040,26.77374
31162,83.36219,26.77291
31163,83.36023,26.77171
31164,83.35946,26.77028
31165,83.34094,26.76441
31166,83.34072,26.76393
31167,83.35753,26.76507
31168,83.35144,26.76576
31169,83.35278,26.76622
31170,83.35279,26.76740
31171,83.35175,26.76735
31172,83.35100,26.76745
31173,83.35169,26.76694
31174,83.34834,26.76574
31175,83.35335,26.76925
31176,83.35684,26.77111
31177,83.35067,26.77047
31178,83.35152,26.77042
31179,83.35211,26.77047
31180,83.35229,26.77089
31181,83.35227,26.77185
31182,83.35360,26.77130
31183,83.34920,26.76867
31184,83.34957,26.76863
31185,83.34913,26.77017
31186,83.34789,26.77096
31187,83.34700,26.77060
31188,83.34576,26.77113
31189,83.34597,26.77348
31190,83.34611,26.77387
31191,83.35102,26.77268
31192,83.32226,26.77730
31193,83.32190,26.77733
31194,83.32249,26.80991
31195,83.32247,26.80962
31196,83.32031,26.80994
31197,83.32245,26.80935
31198,83.32120,26.80953
31199,83.31971,26.81030
31200,83.32031,26.81022
31201,83.31983,26.81000
31202,83.32476,26.82005
31203,83.32320,26.82006
31204,83.35325,26.77422
31205,83.35240,26.77448
31206,83.35223,26.77371
31207,83.35047,26.77444
31208,83.34874,26.77600
31209,83.34898,26.77591
31210,83.35460,26.77482
31211,83.35334,26.77557
31212,83.35195,26.77641
31213,83.35221,26.77634
31214,83.35157,26.77646
31215,83.34782,26.77801
31216,83.34880,26.77759
31217,83.35786,26.80696
31218,83.35498,26.80733
31219,83.35580,26.80520
31220,83.35285,26.80518
31221,83.35618,26.80242
31222,83.35591,26.80249
31223,83.36018,26.80090
31224,83.35830,26.80009
31225,83.36172,26.79671
31226,83.36425,26.78993
31227,83.35955,26.78955
31228,83.36196,26.78885
31229,83.36284,26.78816
31230,83.35607,26.77849
31231,83.34892,26.80693
31232,83.34716,26.80577
31233,83.34646,26.80513
31234,83.34532,26.80528
31235,83.34376,26.80522
31236,83.34376,26.80531
31237,83.35093,26.80112
31238,83.35069,26.80079
31239,83.34058,26.76862
31240,83.34075,26.77200
31241,83.34361,26.77339
31242,83.34023,26.77304
31243,83.34359,26.76086
31244,83.34290,26.76218
31245,83.32081,26.76954
31246,83.32455,26.76807
31247,83.33681,26.78304
31248,83.33680,26.78252
31249,83.34787,26.79641
31250,83.33726,26.80152
31251,83.33475,26.80756
31252,83.33475,26.80483
31253,83.33554,26.80731
31254,83.34362,26.79571
31255,83.35029,26.79493
31256,83.34810,26.79323
31257,83.33673,26.78178
31258,83.33668,26.77798
31259,83.33340,26.77931
31260,83.33618,26.77619
31261,83.33379,26.77999
31262,83.33786,26.78246
31263,83.33537,26.78252
31264,83.33386,26.78166
31265,83.33226,26.78968
31266,83.33501,26.79616
31267,83.32209,26.80530
31268,83.32493,26.80504
31269,83.32645,26.80483
31270,83.32230,26.80771
31271,83.39009,26.81977
31272,83.39024,26.82004
31273,83.37303,26.81859
31274,83.37320,26.81936
31275,83.37247,26.81769
31276,83.37290,26.81779
31277,83.37334,26.81791
31278,83.37269,26.81693
31279,83.37316,26.81707
31280,83.37220,26.81678
31281,83.36048,26.82054
31282,83.36427,26.82502
31283,83.36426,26.82705
31284,83.36923,26.82701
31285,83.36933,26.82676
31286,83.36883,26.82684
31287,83.37159,26.82640
31288,83.37206,26.82659
31289,83.38522,26.82222
31290,83.38190,26.82300
31291,83.38207,26.82343
31292,83.37940,26.82220
31293,83.37798,26.82727
31294,83.37842,26.82715
31295,83.38775,26.82225
31296,83.38823,26.82210
31297,83.38981,26.82386
31298,83.37596,26.83257
31299,83.38458,26.83557
31300,83.38486,26.83419
31301,83.38279,26.83356
31302,83.37445,26.83743
31303,83.40410,26.82262
31304,83.40361,26.82339
31305,83.40456,26.82333
31306,83.40670,26.84796
31307,83.40931,26.82918
31308,83.40459,26.82818
31309,83.40375,26.83109
31310,83.40420,26.83095
31311,83.40418,26.83082
31312,83.39413,26.83120
31313,83.39373,26.83138
31314,83.39646,26.83843
31315,83.37356,26.84511
31316,83.36447,26.83659
31317,83.36568,26.83626
31318,83.36761,26.83632
31319,83.36514,26.83752
31320,83.36425,26.83811
31321,83.36425,26.83665
31322,83.40677,26.81764
31323,83.40611,26.81948
31324,83.40249,26.81514
31325,83.40447,26.81439
31326,83.40970,26.81455
31327,83.41182,26.82017
31328,83.36690,26.73454
31329,83.39525,26.71818
31330,83.39540,26.71832
31331,83.39631,26.71766
31332,83.36406,26.72582
31333,83.36396,26.72582
31334,83.36330,26.72590
31335,83.36336,26.72453
31336,83.36370,26.72511
31337,83.39227,26.80287
31338,83.39611,26.80103
31339,83.39638,26.80046
31340,83.42550,26.73972
31341,83.35778,26.79153
31342,83.35833,26.79131
31343,83.47477,26.69843
31344,83.38197,26.77218
31345,83.35625,26.73979
31346,83.36246,26.76859
31347,83.41577,26.74817
31348,83.39382,26.75726
31349,83.36455,26.76356
31350,83.37482,26.77317
31351,83.37351,26.75426
31352,83.37349,26.75420
31353,83.36820,26.74977
31354,83.36763,26.75077
31355,83.36672,26.75288
31356,83.36680,26.75264
31357,83.36866,26.74565
31358,83.36875,26.74566
31359,83.36145,26.74512
31360,83.36548,26.77160
31361,83.40743,26.78668
31362,83.36039,26.76501
31363,83.36026,26.76441
31364,83.36035,26.76483
31365,83.39405,26.71941
31366,83.39398,26.71931
31367,83.39384,26.71917
31368,83.35425,26.74218
31369,83.35478,26.74204
31370,83.35521,26.74207
31371,83.35534,26.74211
31372,83.35445,26.74098
31373,83.35472,26.74169
31374,83.35508,26.74166
31375,83.35554,26.74175
31376,83.35508,26.74191
31377,83.38727,26.77063
31378,83.38810,26.77039
31379,83.38735,26.77086
31380,83.38789,26.77071
31381,83.38831,26.77060
31382,83.42087,26.75601
31383,83.38050,26.72684
31384,83.38034,26.72647
31385,83.38024,26.72650
31386,83.38014,26.72618
31387,83.39635,26.80042
31388,83.35113,26.76130
31389,83.38796,26.72475
31390,83.37073,26.76554
31391,83.34537,26.77333
31392,83.34533,26.77346
31393,83.38940,26.77166
31394,83.40120,26.77776
31395,83.35824,26.74207
31396,83.35849,26.74095
31397,83.36069,26.76358
31398,83.36080,26.76402
31399,83.38015,26.78133
31400,83.35836,26.75094
31401,83.36885,26.75842
31402,83.36201,26.76788
31403,83.37735,26.73722
31404,83.37764,26.73664
31405,83.37739,26.73669
31406,83.37298,26.74014
31407,83.37767,26.73395
31408,83.40141,26.76341
31409,83.34810,26.78462
31410,83.36055,26.75807
31411,83.37811,26.72527
31412,83.35765,26.78487
31413,83.35551,26.75533
31414,83.35508,26.75535
31415,83.36869,26.75487
31416,83.36752,26.73506
31417,83.35391,26.74468
31418,83.35342,26.74440
31419,83.35341,26.74478
31420,83.35308,26.74445
31421,83.36321,26.75138
31422,83.40783,26.78195
31423,83.40735,26.78234
31424,83.40782,26.78240
31425,83.42603,26.73924
31426,83.42519,26.73837
31427,83.42599,26.73728
31428,83.43218,26.73291
31429,83.43271,26.73221
31430,83.36115,26.76451
31431,83.38760,26.81414
31432,83.38864,26.81537
31433,83.39011,26.81564
31434,83.38843,26.81568
31435,83.38918,26.81454
31436,83.38938,26.81441
31437,83.38747,26.81474
31438,83.38780,26.81425
31439,83.38897,26.81486
31440,83.38758,26.81457
31441,83.38842,26.81526
31442,83.38875,26.81474
31443,83.38898,26.81441
31444,83.38886,26.81458
31445,83.38786,26.81403
31446,83.38803,26.81413
31447,83.38900,26.81379
31448,83.38880,26.81386
31449,83.38875,26.81520
31450,83.38974,26.81572
31451,83.38997,26.81542
31452,83.38994,26.81538
31453,83.38908,26.81469
31454,83.38980,26.81510
31455,83.39002,26.72028
31456,83.36830,26.76885
31457,83.37187,26.71169
31458,83.37125,26.71687
31459,83.37205,26.71654
31460,83.30167,26.73391
31461,83.33083,26.73206
31462,83.33050,26.73160
31463,83.33550,26.73297
31464,83.33540,26.73262
31465,83.36927,26.79363
31466,83.35259,26.80410
31467,83.37944,26.72186
31468,83.36426,26.76532
31469,83.36398,26.76503
31470,83.35444,26.77704
31471,83.35400,26.77716
31472,83.38962,26.81591
31473,83.34124,26.84111
31474,83.34340,26.83998
31475,83.34374,26.83963
31476,83.34415,26.83784
31477,83.34417,26.83760
31478,83.34573,26.83579
31479,83.34654,26.83501
31480,83.34755,26.83365
31481,83.35084,26.82649
31482,83.35099,26.82594
31483,83.35014,26.82064
31484,83.35008,26.82032
31485,83.35001,26.81991
31486,83.34977,26.81739
31487,83.34975,26.81675
31488,83.34995,26.81556
31489,83.35031,26.81366
31490,83.35042,26.81317
31491,83.35051,26.81277
31492,83.35121,26.80953
31493,83.35207,26.80571
31494,83.35243,26.80427
31495,83.35287,26.80252
31496,83.35337,26.80085
31497,83.35416,26.79818
31498,83.35441,26.79714
31499,83.35448,26.79680
31500,83.35467,26.79613
31501,83.35479,26.79556
31502,83.35488,26.79513
31503,83.35565,26.79120
31504,83.35590,26.78984
31505,83.35598,26.78941
31506,83.35604,26.78907
31507,83.37503,26.78845
31508,83.37110,26.79296
31509,83.35792,26.74752
31510,83.36114,26.77106
31511,83.35843,26.77630
31512,83.44749,26.71693
31513,83.44459,26.71438
31514,83.38729,26.75731
31515,83.38726,26.75722
31516,83.40578,26.74897
31517,83.43712,26.74715
31518,83.33629,26.72978
31519,83.37289,26.75242
31520,83.35961,26.77375
31521,83.35953,26.77387
31522,83.31506,26.86212
31523,83.31630,26.86137
31524,83.28053,26.74314
31525,83.28242,26.74300
31526,83.35496,26.79626
31527,83.35480,26.79620
31528,83.35248,26.80408
31529,83.28817,26.74099
31530,83.29014,26.73938
31531,83.33791,26.73248
31532,83.33461,26.84555
31533,83.33468,26.84562
31534,83.33495,26.84540
31535,83.45246,26.71025
31536,83.36985,26.80105
31537,83.36613,26.80351
31538,83.36982,26.80111
31539,83.37358,26.73722
31540,83.37363,26.73716
31541,83.37403,26.73685
31542,83.38090,26.76742
31543,83.37966,26.76764
31544,83.33043,26.71029
31545,83.33071,26.70948
31546,83.33080,26.70951
31547,83.28418,26.77061
31548,83.28369,26.77072
31549,83.33024,26.71258
31550,83.33032,26.71116
31551,83.37937,26.76763
31552,83.37970,26.76787
31553,83.37973,26.76771
31554,83.37934,26.76770
31555,83.36967,26.73513
31556,83.42751,26.74729
31557,83.42568,26.74728
31558,83.42719,26.74743
31559,83.42539,26.74744
31560,83.42538,26.74744
31561,83.36431,26.78791
31562,83.45790,26.70729
31563,83.46084,26.70576
31564,83.46397,26.70408
31565,83.46441,26.70383
31566,83.46570,26.70316
31567,83.46649,26.70275
31568,83.46705,26.70245
31569,83.47609,26.69774
31570,83.47925,26.69610
31571,83.47836,26.69655
31572,83.47844,26.69667
31573,83.47661,26.69748
31574,83.47502,26.69816
31575,83.46870,26.70158
31576,83.46879,26.70169
31577,83.46461,26.70373
31578,83.46470,26.70384
31579,83.45684,26.70786
31580,83.38543,26.74458
31581,83.38550,26.74457
31582,83.38513,26.74453
31583,83.38545,26.74443
31584,83.38552,26.74445
31585,83.39859,26.75254
31586,83.39804,26.75069
31587,83.39790,26.75020
31588,83.39783,26.75022
31589,83.39826,26.75142
31590,83.40411,26.78018
31591,83.40414,26.78025
31592,83.40403,26.78021
31593,83.40406,26.78027
31594,83.40410,26.78028
31595,83.39251,26.79490
31596,83.39941,26.78673
31597,83.39850,26.78789
31598,83.39724,26.78941
31599,83.39690,26.78982
31600,83.39577,26.79121
31601,83.39471,26.79250
31602,83.39428,26.79299
31603,83.39486,26.79231
31604,83.39586,26.79110
31605,83.39754,26.78963
31606,83.40392,26.78064
31607,83.39979,26.78625
31608,83.39970,26.78619
31609,83.40049,26.78529
31610,83.40158,26.78392
31611,83.40188,26.78356
31612,83.40217,26.78319
31613,83.40321,26.78192
31614,83.40349,26.78159
31615,83.40258,26.78252
31616,83.40267,26.78258
31617,83.39096,26.76560
31618,83.40410,26.77867
31619,83.40217,26.77696
31620,83.40162,26.77660
31621,83.40063,26.77596
31622,83.39975,26.77536
31623,83.39879,26.77471
31624,83.39865,26.77462
31625,83.39750,26.77385
31626,83.39709,26.77357
31627,83.39687,26.77343
31628,83.39546,26.77248
31629,83.39488,26.77208
31630,83.39319,26.77083
31631,83.39294,26.77054
31632,83.39193,26.76803
31633,83.39579,26.77281
31634,83.39585,26.77274
31635,83.39992,26.77548
31636,83.40359,26.77807
31637,83.40367,26.77802
31638,83.38324,26.75829
31639,83.33257,26.70666
31640,83.33200,26.70757
31641,83.33164,26.70809
31642,83.33407,26.70508
31643,83.33691,26.70195
31644,83.33716,26.70167
31645,83.33836,26.70038
31646,83.33699,26.70200
31647,83.33493,26.70412
31648,83.34101,26.69728
31649,83.34294,26.69514
31650,83.34340,26.69478
31651,83.34336,26.69470
31652,83.34094,26.69717
31653,83.33712,26.70157
31654,83.33969,26.69873
31655,83.34633,26.69155
31656,83.34838,26.68961
31657,83.34539,26.69259
31658,83.35812,26.67676
31659,83.35763,26.67788
31660,83.35729,26.67860
31661,83.35810,26.67667
31662,83.35635,26.68035
31663,83.34995,26.68770
31664,83.35005,26.68778
31665,83.35082,26.68692
31666,83.36045,26.67196
31667,83.36087,26.67106
31668,83.36072,26.67051
31669,83.36154,26.66957
31670,83.36137,26.66940
31671,83.35844,26.67562
31672,83.35869,26.67547
31673,83.36159,26.66924
31674,83.36183,26.66827
31675,83.36238,26.66723
31676,83.36507,26.65979
31677,83.36785,26.65236
31678,83.36224,26.66718
31679,83.36444,26.66086
31680,83.36903,26.65060
31681,83.36572,26.65798
31682,83.36558,26.65804
31683,83.36544,26.65800
31684,83.36480,26.66022
31685,83.36466,26.66021
31686,83.32528,26.85381
31687,83.32677,26.85376
31688,83.32534,26.85404
31689,83.32075,26.85758
31690,83.38136,26.75087
31691,83.34872,26.81336
31692,83.34908,26.81335
31693,83.39860,26.75279
31694,83.39844,26.75844
31695,83.36347,26.76216
31696,83.36591,26.76536
31697,83.38145,26.73964
31698,83.30184,26.76247
31699,83.30181,26.76229
31700,83.41603,26.75309
31701,83.35580,26.79047
31702,83.28807,26.68455
31703,83.28814,26.68477
31704,83.28798,26.68478
31705,83.28795,26.68468
31706,83.29290,26.70192
31707,83.29220,26.71737
31708,83.29232,26.71500
31709,83.29287,26.71499
31710,83.29280,26.71484
31711,83.29284,26.71493
31712,83.29291,26.70109
31713,83.29302,26.70194
31714,83.29124,26.69055
31715,83.29144,26.69088
31716,83.29133,26.69071
31717,83.29158,26.69084
31718,83.29147,26.69066
31719,83.28077,26.66023
31720,83.28106,26.66026
31721,83.28973,26.68806
31722,83.28995,26.68842
31723,83.29002,26.68824
31724,83.29245,26.71736
31725,83.30090,26.71385
31726,83.30098,26.71402
31727,83.30104,26.71413
31728,83.27534,26.72348
31729,83.27544,26.72362
31730,83.27342,26.72462
31731,83.27334,26.72448
31732,83.36190,26.74337
31733,83.36159,26.74292
31734,83.36165,26.74313
31735,83.36120,26.74301
31736,83.36197,26.74351
31737,83.36175,26.74360
31738,83.35691,26.74396
31739,83.35677,26.74403
31740,83.35693,26.74419
31741,83.36234,26.74327
31742,83.36125,26.74300
31743,83.36153,26.74322
31744,83.36052,26.75413
31745,83.36047,26.75408
31746,83.36056,26.75407
31747,83.36051,26.75404
31748,83.36056,26.75411
31749,83.36670,26.75298
31750,83.36675,26.75292
31751,83.36784,26.74993
31752,83.37954,26.74530
31753,83.37929,26.74517
31754,83.37900,26.74506
31755,83.37776,26.74468
31756,83.37742,26.74460
31757,83.37713,26.74453
31758,83.37661,26.74439
31759,83.37580,26.74422
31760,83.37464,26.74399
31761,83.37443,26.74392
31762,83.37380,26.74367
31763,83.37201,26.74270
31764,83.37203,26.74281
31765,83.37195,26.74275
31766,83.37207,26.74272
31767,83.37209,26.74275
31768,83.36884,26.74326
31769,83.36888,26.74330
31770,83.36785,26.74718
31771,83.37195,26.75460
31772,83.37199,26.75463
31773,83.37206,26.75460
31774,83.37207,26.75458
31775,83.37205,26.75454
31776,83.37201,26.75452
31777,83.37196,26.75454
31778,83.37195,26.75456
31779,83.37206,26.75455
31780,83.37274,26.75241
31781,83.37591,26.75163
31782,83.37596,26.75161
31783,83.37587,26.75159
31784,83.37593,26.75155
31785,83.37596,26.75158
31786,83.37249,26.75259
31787,83.37960,26.72153
31788,83.38984,26.78903
31789,83.36152,26.77077
31790,83.42226,26.75737
31791,83.42206,26.75657
31792,83.42220,26.75731
31793,83.36931,26.74314
31794,83.36880,26.74285
31795,83.36879,26.74281
31796,83.36888,26.74331
31797,83.42135,26.72812
31798,83.35742,26.76732
31799,83.36021,26.76409
31800,83.35069,26.82852
31801,83.35043,26.82840
31802,83.35139,26.83241
31803,83.35066,26.83196
31804,83.35256,26.83477
31805,83.35250,26.83466
31806,83.35058,26.82772
31807,83.35042,26.82851
31808,83.35066,26.82822
31809,83.35069,26.82860
31810,83.35008,26.83129
31811,83.35295,26.79974
31812,83.35344,26.79803
31813,83.35323,26.79890
31814,83.38485,26.74444
31815,83.38442,26.74438
31816,83.38402,26.74432
31817,83.39455,26.77463
31818,83.36293,26.77150
31819,83.36315,26.77129
31820,83.39560,26.77234
31821,83.40408,26.79371
31822,83.42544,26.69816
31823,83.39839,26.77631
31824,83.42514,26.69798
31825,83.38661,26.72629
31826,83.37903,26.74096
31827,83.40522,26.79165
31828,83.36529,26.79084
31829,83.36548,26.79120
