from,to,line,seconds
1,3,Metro 1: Taj East Gate → Mankameshwar Mandir,65.3
1,6,Metro 1: Mankameshwar Mandir → Taj East Gate,161.3
2,4,Metro 1: Mankameshwar Mandir → Taj East Gate,88.6
2,6,Metro 1: Taj East Gate → Mankameshwar Mandir,118.8
3,1,Metro 1: Mankameshwar Mandir → Taj East Gate,66.4
4,2,Metro 1: Taj East Gate → Mankameshwar Mandir,88.2
4,5,Metro 1: Mankameshwar Mandir → Taj East Gate,75.0
5,4,Metro 1: Taj East Gate → Mankameshwar Mandir,74.9
6,1,Metro 1: Taj East Gate → Mankameshwar Mandir,162.3
6,2,Metro 1: Mankameshwar Mandir → Taj East Gate,118.8
7,40,Red Line: Motera Stadium → APMC,223.9
7,42,Red Line: APMC → Motera Stadium,123.5
8,22,Red Line: APMC → Motera Stadium,98.6
9,24,Yellow Line: Motera Stadium → Mahatma Mandir,79.8
9,43,Yellow Line: Mahatma Mandir → Motera Stadium,116.4
10,11,Blue Line: Vastral Gam → Thaltej Gam,114.3
10,37,Blue Line: Thaltej Gam → Vastral Gam,82.8
11,10,Blue Line: Thaltej Gam → Vastral Gam,114.1
11,26,Blue Line: Vastral Gam → Thaltej Gam,132.7
12,19,Blue Line: Vastral Gam → Thaltej Gam,113.9
12,50,Blue Line: Thaltej Gam → Vastral Gam,92.9
13,21,Yellow Line: Motera Stadium → Mahatma Mandir,83.7
13,39,Yellow Line: Mahatma Mandir → Motera Stadium,91.5
14,20,Blue Line: Thaltej Gam → Vastral Gam,114.8
14,52,Blue Line: Vastral Gam → Thaltej Gam,93.4
15,35,Violet Line,262.7
16,28,Yellow Line: Mahatma Mandir → Motera Stadium,89.1
16,41,Yellow Line: Motera Stadium → Mahatma Mandir,139.8
17,34,Red Line: APMC → Motera Stadium,122.3
17,36,Red Line: Motera Stadium → APMC,123.9
18,25,Blue Line: Thaltej Gam → Vastral Gam,182.4
18,48,Blue Line: Vastral Gam → Thaltej Gam,137.2
19,12,Blue Line: Thaltej Gam → Vastral Gam,113.8
19,20,Blue Line: Vastral Gam → Thaltej Gam,94.0
20,14,Blue Line: Vastral Gam → Thaltej Gam,114.7
20,19,Blue Line: Thaltej Gam → Vastral Gam,93.8
21,13,Yellow Line: Mahatma Mandir → Motera Stadium,83.0
21,44,Yellow Line: Motera Stadium → Mahatma Mandir,152.6
22,8,Red Line: Motera Stadium → APMC,98.6
22,38,Red Line: APMC → Motera Stadium,60.9
23,27,Yellow Line: Mahatma Mandir → Motera Stadium,140.0
23,28,Yellow Line: Motera Stadium → Mahatma Mandir,87.1
24,9,Yellow Line: Mahatma Mandir → Motera Stadium,80.2
24,46,Yellow Line: Motera Stadium → Mahatma Mandir,115.2
25,18,Blue Line: Vastral Gam → Thaltej Gam,183.1
25,26,Blue Line: Thaltej Gam → Vastral Gam,115.8
26,11,Blue Line: Thaltej Gam → Vastral Gam,134.1
26,25,Blue Line: Vastral Gam → Thaltej Gam,115.8
27,23,Yellow Line: Motera Stadium → Mahatma Mandir,140.0
27,32,Yellow Line: Mahatma Mandir → Motera Stadium,127.2
28,16,Yellow Line: Motera Stadium → Mahatma Mandir,89.0
28,23,Yellow Line: Mahatma Mandir → Motera Stadium,87.1
29,31,Yellow Line: Mahatma Mandir → Motera Stadium,94.5
29,59,Yellow Line: Motera Stadium → Mahatma Mandir,146.3
30,47,Yellow Line: Mahatma Mandir → Motera Stadium,97.9
31,29,Yellow Line: Motera Stadium → Mahatma Mandir,94.5
31,42,Red Line: Motera Stadium → APMC,138.9
32,27,Yellow Line: Motera Stadium → Mahatma Mandir,127.2
32,51,Yellow Line: Mahatma Mandir → Motera Stadium,89.7
33,56,Blue Line: Vastral Gam → Thaltej Gam,123.9
33,57,Blue Line: Thaltej Gam → Vastral Gam,101.6
34,17,Red Line: Motera Stadium → APMC,122.3
34,48,Blue Line: Thaltej Gam → Vastral Gam,151.6
34,50,Blue Line: Vastral Gam → Thaltej Gam,64.3
34,54,Red Line: APMC → Motera Stadium,101.0
35,16,Violet Line,148.1
36,17,Red Line: APMC → Motera Stadium,122.8
36,49,Red Line: Motera Stadium → APMC,152.3
37,10,Blue Line: Vastral Gam → Thaltej Gam,82.9
37,56,Blue Line: Thaltej Gam → Vastral Gam,132.3
38,22,Red Line: Motera Stadium → APMC,60.2
38,49,Red Line: APMC → Motera Stadium,142.0
39,13,Yellow Line: Motera Stadium → Mahatma Mandir,90.7
39,41,Yellow Line: Mahatma Mandir → Motera Stadium,149.0
40,7,Red Line: APMC → Motera Stadium,223.4
40,55,Red Line: Motera Stadium → APMC,89.0
41,16,Yellow Line: Mahatma Mandir → Motera Stadium,139.9
41,39,Yellow Line: Motera Stadium → Mahatma Mandir,149.0
42,7,Red Line: Motera Stadium → APMC,123.9
42,31,Red Line: APMC → Motera Stadium,139.3
43,9,Yellow Line: Motera Stadium → Mahatma Mandir,116.5
43,45,Yellow Line: Mahatma Mandir → Motera Stadium,101.5
44,21,Yellow Line: Mahatma Mandir → Motera Stadium,152.5
44,45,Yellow Line: Motera Stadium → Mahatma Mandir,108.3
45,43,Yellow Line: Motera Stadium → Mahatma Mandir,100.9
45,44,Yellow Line: Mahatma Mandir → Motera Stadium,107.8
46,24,Yellow Line: Mahatma Mandir → Motera Stadium,115.2
46,47,Yellow Line: Motera Stadium → Mahatma Mandir,108.0
47,30,Yellow Line: Motera Stadium → Mahatma Mandir,97.5
47,46,Yellow Line: Mahatma Mandir → Motera Stadium,108.0
48,18,Blue Line: Thaltej Gam → Vastral Gam,136.2
48,34,Blue Line: Vastral Gam → Thaltej Gam,151.7
49,36,Red Line: APMC → Motera Stadium,152.2
49,38,Red Line: Motera Stadium → APMC,142.1
50,12,Blue Line: Vastral Gam → Thaltej Gam,92.6
50,34,Blue Line: Thaltej Gam → Vastral Gam,64.3
51,32,Yellow Line: Motera Stadium → Mahatma Mandir,89.7
51,59,Yellow Line: Mahatma Mandir → Motera Stadium,105.8
52,14,Blue Line: Thaltej Gam → Vastral Gam,93.6
52,53,Blue Line: Vastral Gam → Thaltej Gam,97.2
53,52,Blue Line: Thaltej Gam → Vastral Gam,96.8
54,34,Red Line: Motera Stadium → APMC,101.4
54,58,Red Line: APMC → Motera Stadium,126.5
55,40,Red Line: APMC → Motera Stadium,89.0
55,58,Red Line: Motera Stadium → APMC,136.5
56,33,Blue Line: Thaltej Gam → Vastral Gam,123.9
56,37,Blue Line: Vastral Gam → Thaltej Gam,132.2
57,33,Blue Line: Vastral Gam → Thaltej Gam,101.6
58,54,Red Line: Motera Stadium → APMC,126.4
58,55,Red Line: APMC → Motera Stadium,137.5
59,29,Yellow Line: Mahatma Mandir → Motera Stadium,146.1
59,51,Yellow Line: Motera Stadium → Mahatma Mandir,105.7
60,74,Purple Line (Whitefield (Kadugodi) → Challaghatta),121.4
60,74,Purple Line (Pattandur Agrahara → Mysuru Road),121.4
60,140,Purple Line (Challaghatta → Whitefield (Kadugodi)),114.9
60,140,Purple Line (Mysuru Road → Pattandur Agrahara),114.9
61,68,Yellow Line (Rashtreeya Vidyalaya Road → Delta Electronics Bommasandra),141.5
61,91,Yellow Line (Delta Electronics Bommasandra → Rashtreeya Vidyalaya Road),90.2
62,64,Purple Line (Challaghatta → Whitefield (Kadugodi)),195.7
62,64,Purple Line (Mysuru Road → Pattandur Agrahara),195.7
62,136,Purple Line (Whitefield (Kadugodi) → Challaghatta),101.9
62,136,Purple Line (Pattandur Agrahara → Mysuru Road),101.9
63,90,Green Line (Madavara -> Silk Institute),90.7
63,90,Green Line (Peenya Industry -> Silk Institute),90.7
63,125,Green Line (Silk Institute -> Madavara),109.8
63,125,Green Line (Silk Institute -> Peenya Industry),109.8
64,62,Purple Line (Whitefield (Kadugodi) → Challaghatta),195.7
64,62,Purple Line (Pattandur Agrahara → Mysuru Road),195.7
64,100,Purple Line (Challaghatta → Whitefield (Kadugodi)),114.9
64,100,Purple Line (Mysuru Road → Pattandur Agrahara),114.9
65,78,Yellow Line (Rashtreeya Vidyalaya Road → Delta Electronics Bommasandra),106.2
65,85,Yellow Line (Delta Electronics Bommasandra → Rashtreeya Vidyalaya Road),101.4
66,75,Yellow Line (Rashtreeya Vidyalaya Road → Delta Electronics Bommasandra),137.6
66,86,Yellow Line (Delta Electronics Bommasandra → Rashtreeya Vidyalaya Road),125.9
67,68,Yellow Line (Delta Electronics Bommasandra → Rashtreeya Vidyalaya Road),91.7
67,82,Yellow Line (Rashtreeya Vidyalaya Road → Delta Electronics Bommasandra),122.6
68,61,Yellow Line (Delta Electronics Bommasandra → Rashtreeya Vidyalaya Road),142.4
68,67,Yellow Line (Rashtreeya Vidyalaya Road → Delta Electronics Bommasandra),99.3
69,95,Purple Line (Challaghatta → Whitefield (Kadugodi)),214.7
70,99,Green Line (Madavara -> Silk Institute),70.6
70,99,Green Line (Peenya Industry -> Silk Institute),70.6
70,112,Green Line (Silk Institute -> Madavara),107.4
70,112,Green Line (Silk Institute -> Peenya Industry),107.4
71,104,Green Line (Silk Institute -> Madavara),182.2
71,109,Green Line (Madavara -> Silk Institute),79.1
72,77,Purple Line (Whitefield (Kadugodi) → Challaghatta),81.2
72,77,Purple Line (Pattandur Agrahara → Mysuru Road),81.2
72,108,Purple Line (Challaghatta → Whitefield (Kadugodi)),128.2
72,108,Purple Line (Mysuru Road → Pattandur Agrahara),128.2
73,89,Green Line (Madavara -> Silk Institute),93.7
73,114,Green Line (Silk Institute -> Madavara),151.8
74,60,Purple Line (Challaghatta → Whitefield (Kadugodi)),121.7
74,60,Purple Line (Mysuru Road → Pattandur Agrahara),121.7
74,111,Purple Line (Whitefield (Kadugodi) → Challaghatta),101.3
74,111,Purple Line (Pattandur Agrahara → Mysuru Road),101.3
75,66,Yellow Line (Delta Electronics Bommasandra → Rashtreeya Vidyalaya Road),137.2
76,97,Green Line (Silk Institute -> Madavara),123.7
76,97,Green Line (Silk Institute -> Peenya Industry),123.7
76,139,Green Line (Madavara -> Silk Institute),123.2
76,139,Green Line (Peenya Industry -> Silk Institute),123.2
77,72,Purple Line (Challaghatta → Whitefield (Kadugodi)),69.5
77,72,Purple Line (Mysuru Road → Pattandur Agrahara),69.5
77,131,Purple Line (Whitefield (Kadugodi) → Challaghatta),88.3
77,131,Purple Line (Pattandur Agrahara → Mysuru Road),88.3
78,65,Yellow Line (Delta Electronics Bommasandra → Rashtreeya Vidyalaya Road),108.3
78,88,Yellow Line (Rashtreeya Vidyalaya Road → Delta Electronics Bommasandra),148.3
79,83,Purple Line (Challaghatta → Whitefield (Kadugodi)),95.9
79,83,Purple Line (Mysuru Road → Pattandur Agrahara),95.9
79,130,Purple Line (Whitefield (Kadugodi) → Challaghatta),132.5
79,130,Purple Line (Pattandur Agrahara → Mysuru Road),132.5
80,120,Green Line (Silk Institute -> Madavara),97.3
80,120,Green Line (Silk Institute -> Peenya Industry),97.3
80,144,Green Line (Madavara -> Silk Institute),113.0
80,144,Green Line (Peenya Industry -> Silk Institute),113.0
81,87,Purple Line (Challaghatta → Whitefield (Kadugodi)),138.4
81,87,Purple Line (Mysuru Road → Pattandur Agrahara),138.4
81,138,Purple Line (Whitefield (Kadugodi) → Challaghatta),117.9
81,138,Purple Line (Pattandur Agrahara → Mysuru Road),117.9
82,67,Yellow Line (Delta Electronics Bommasandra → Rashtreeya Vidyalaya Road),123.8
82,101,Yellow Line (Rashtreeya Vidyalaya Road → Delta Electronics Bommasandra),160.6
83,79,Purple Line (Whitefield (Kadugodi) → Challaghatta),110.2
83,79,Purple Line (Pattandur Agrahara → Mysuru Road),110.2
83,127,Purple Line (Challaghatta → Whitefield (Kadugodi)),96.6
83,127,Purple Line (Mysuru Road → Pattandur Agrahara),96.6
84,94,Purple Line (Whitefield (Kadugodi) → Challaghatta),84.8
84,142,Purple Line (Challaghatta → Whitefield (Kadugodi)),108.8
85,65,Yellow Line (Rashtreeya Vidyalaya Road → Delta Electronics Bommasandra),101.3
85,129,Yellow Line (Delta Electronics Bommasandra → Rashtreeya Vidyalaya Road),146.1
86,66,Yellow Line (Rashtreeya Vidyalaya Road → Delta Electronics Bommasandra),126.3
86,88,Yellow Line (Delta Electronics Bommasandra → Rashtreeya Vidyalaya Road),111.7
87,81,Purple Line (Whitefield (Kadugodi) → Challaghatta),138.0
87,81,Purple Line (Pattandur Agrahara → Mysuru Road),138.0
87,136,Purple Line (Challaghatta → Whitefield (Kadugodi)),113.9
87,136,Purple Line (Mysuru Road → Pattandur Agrahara),113.9
88,78,Yellow Line (Delta Electronics Bommasandra → Rashtreeya Vidyalaya Road),146.2
88,86,Yellow Line (Rashtreeya Vidyalaya Road → Delta Electronics Bommasandra),112.2
89,73,Green Line (Silk Institute -> Madavara),93.5
89,121,Green Line (Madavara -> Silk Institute),75.1
90,63,Green Line (Silk Institute -> Madavara),90.8
90,63,Green Line (Silk Institute -> Peenya Industry),90.8
90,143,Green Line (Madavara -> Silk Institute),138.3
90,143,Green Line (Peenya Industry -> Silk Institute),138.3
91,61,Yellow Line (Rashtreeya Vidyalaya Road → Delta Electronics Bommasandra),93.3
91,122,Yellow Line (Delta Electronics Bommasandra → Rashtreeya Vidyalaya Road),136.4
92,125,Green Line (Madavara -> Silk Institute),100.1
92,125,Green Line (Peenya Industry -> Silk Institute),100.1
92,132,Green Line (Silk Institute -> Madavara),102.5
92,132,Green Line (Silk Institute -> Peenya Industry),102.5
93,118,Purple Line (Whitefield (Kadugodi) → Challaghatta),206.8
93,124,Purple Line (Challaghatta → Whitefield (Kadugodi)),84.0
94,84,Purple Line (Challaghatta → Whitefield (Kadugodi)),77.2
94,119,Purple Line (Whitefield (Kadugodi) → Challaghatta),108.4
95,69,Purple Line (Whitefield (Kadugodi) → Challaghatta),214.6
95,96,Purple Line (Challaghatta → Whitefield (Kadugodi)),151.1
96,95,Purple Line (Whitefield (Kadugodi) → Challaghatta),151.1
96,118,Purple Line (Challaghatta → Whitefield (Kadugodi)),163.8
97,76,Green Line (Madavara -> Silk Institute),124.0
97,76,Green Line (Peenya Industry -> Silk Institute),124.0
97,143,Green Line (Silk Institute -> Madavara),118.6
97,143,Green Line (Silk Institute -> Peenya Industry),118.6
98,105,Purple Line (Whitefield (Kadugodi) → Challaghatta),114.4
98,105,Purple Line (Pattandur Agrahara → Mysuru Road),114.4
98,113,Purple Line (Challaghatta → Whitefield (Kadugodi)),88.0
98,113,Purple Line (Mysuru Road → Pattandur Agrahara),88.0
99,70,Green Line (Silk Institute -> Madavara),70.6
99,70,Green Line (Silk Institute -> Peenya Industry),70.6
99,116,Green Line (Madavara -> Silk Institute),121.8
99,116,Green Line (Peenya Industry -> Silk Institute),121.8
100,64,Purple Line (Whitefield (Kadugodi) → Challaghatta),113.9
100,64,Purple Line (Pattandur Agrahara → Mysuru Road),113.9
100,130,Purple Line (Challaghatta → Whitefield (Kadugodi)),177.4
100,130,Purple Line (Mysuru Road → Pattandur Agrahara),177.4
101,82,Yellow Line (Delta Electronics Bommasandra → Rashtreeya Vidyalaya Road),161.1
101,129,Yellow Line (Rashtreeya Vidyalaya Road → Delta Electronics Bommasandra),124.7
102,115,Purple Line (Challaghatta → Whitefield (Kadugodi)),106.2
102,115,Purple Line (Mysuru Road → Pattandur Agrahara),106.2
102,127,Purple Line (Whitefield (Kadugodi) → Challaghatta),85.6
102,127,Purple Line (Pattandur Agrahara → Mysuru Road),85.6
103,116,Green Line (Silk Institute -> Madavara),86.0
103,116,Green Line (Silk Institute -> Peenya Industry),86.0
103,132,Green Line (Madavara -> Silk Institute),96.8
103,132,Green Line (Peenya Industry -> Silk Institute),96.8
104,71,Green Line (Madavara -> Silk Institute),182.2
105,98,Purple Line (Challaghatta → Whitefield (Kadugodi)),114.3
105,98,Purple Line (Mysuru Road → Pattandur Agrahara),114.3
105,133,Purple Line (Whitefield (Kadugodi) → Challaghatta),112.3
105,133,Purple Line (Pattandur Agrahara → Mysuru Road),112.3
106,123,Green Line (Silk Institute -> Madavara),86.2
106,123,Green Line (Silk Institute -> Peenya Industry),86.2
106,135,Green Line (Madavara -> Silk Institute),76.9
106,135,Green Line (Peenya Industry -> Silk Institute),76.9
107,123,Green Line (Madavara -> Silk Institute),88.8
107,123,Green Line (Peenya Industry -> Silk Institute),88.8
107,126,Green Line (Silk Institute -> Madavara),97.8
107,126,Green Line (Silk Institute -> Peenya Industry),97.8
108,72,Purple Line (Whitefield (Kadugodi) → Challaghatta),117.2
108,72,Purple Line (Pattandur Agrahara → Mysuru Road),117.2
108,138,Purple Line (Challaghatta → Whitefield (Kadugodi)),114.8
108,138,Purple Line (Mysuru Road → Pattandur Agrahara),114.8
109,71,Green Line (Silk Institute -> Madavara),79.1
109,114,Green Line (Madavara -> Silk Institute),69.6
110,112,Green Line (Madavara -> Silk Institute),182.2
110,112,Green Line (Peenya Industry -> Silk Institute),182.2
110,135,Green Line (Silk Institute -> Madavara),110.2
110,135,Green Line (Silk Institute -> Peenya Industry),110.2
111,74,Purple Line (Challaghatta → Whitefield (Kadugodi)),100.7
111,74,Purple Line (Mysuru Road → Pattandur Agrahara),100.7
111,117,Purple Line (Whitefield (Kadugodi) → Challaghatta),81.4
112,70,Green Line (Madavara -> Silk Institute),96.9
112,70,Green Line (Peenya Industry -> Silk Institute),96.9
112,110,Green Line (Silk Institute -> Madavara),171.2
112,110,Green Line (Silk Institute -> Peenya Industry),171.2
113,98,Purple Line (Whitefield (Kadugodi) → Challaghatta),84.7
113,98,Purple Line (Pattandur Agrahara → Mysuru Road),84.7
113,131,Purple Line (Challaghatta → Whitefield (Kadugodi)),127.6
113,131,Purple Line (Mysuru Road → Pattandur Agrahara),127.6
114,73,Green Line (Madavara -> Silk Institute),151.8
114,109,Green Line (Silk Institute -> Madavara),69.5
115,102,Purple Line (Whitefield (Kadugodi) → Challaghatta),106.6
115,102,Purple Line (Pattandur Agrahara → Mysuru Road),106.6
115,134,Purple Line (Challaghatta → Whitefield (Kadugodi)),65.7
115,134,Purple Line (Mysuru Road → Pattandur Agrahara),65.7
116,99,Green Line (Silk Institute -> Madavara),121.9
116,99,Green Line (Silk Institute -> Peenya Industry),121.9
116,103,Green Line (Madavara -> Silk Institute),86.0
116,103,Green Line (Peenya Industry -> Silk Institute),86.0
117,111,Purple Line (Challaghatta → Whitefield (Kadugodi)),81.6
117,124,Purple Line (Whitefield (Kadugodi) → Challaghatta),85.7
118,93,Purple Line (Challaghatta → Whitefield (Kadugodi)),207.1
118,96,Purple Line (Whitefield (Kadugodi) → Challaghatta),164.1
119,94,Purple Line (Challaghatta → Whitefield (Kadugodi)),107.7
119,134,Purple Line (Whitefield (Kadugodi) → Challaghatta),137.1
119,134,Purple Line (Pattandur Agrahara → Mysuru Road),137.1
120,80,Green Line (Madavara -> Silk Institute),106.9
120,80,Green Line (Peenya Industry -> Silk Institute),106.9
120,121,Green Line (Silk Institute -> Madavara),95.8
120,121,Green Line (Silk Institute -> Peenya Industry),95.8
121,89,Green Line (Silk Institute -> Madavara),75.1
121,120,Green Line (Madavara -> Silk Institute),95.8
121,120,Green Line (Peenya Industry -> Silk Institute),95.8
122,91,Yellow Line (Rashtreeya Vidyalaya Road → Delta Electronics Bommasandra),134.0
123,106,Green Line (Madavara -> Silk Institute),85.2
123,106,Green Line (Peenya Industry -> Silk Institute),85.2
123,107,Green Line (Silk Institute -> Madavara),88.9
123,107,Green Line (Silk Institute -> Peenya Industry),88.9
124,93,Purple Line (Whitefield (Kadugodi) → Challaghatta),83.9
124,117,Purple Line (Challaghatta → Whitefield (Kadugodi)),85.4
125,63,Green Line (Madavara -> Silk Institute),101.5
125,63,Green Line (Peenya Industry -> Silk Institute),101.5
125,92,Green Line (Silk Institute -> Madavara),87.9
125,92,Green Line (Silk Institute -> Peenya Industry),87.9
125,122,Yellow Line (Rashtreeya Vidyalaya Road → Delta Electronics Bommasandra),108.1
126,107,Green Line (Madavara -> Silk Institute),97.8
126,107,Green Line (Peenya Industry -> Silk Institute),97.8
126,144,Green Line (Silk Institute -> Madavara),111.7
126,144,Green Line (Silk Institute -> Peenya Industry),111.7
127,83,Purple Line (Whitefield (Kadugodi) → Challaghatta),98.1
127,83,Purple Line (Pattandur Agrahara → Mysuru Road),98.1
127,102,Purple Line (Challaghatta → Whitefield (Kadugodi)),89.2
127,102,Purple Line (Mysuru Road → Pattandur Agrahara),89.2
128,137,Green Line (Silk Institute -> Madavara),149.3
128,137,Green Line (Silk Institute -> Peenya Industry),149.3
129,85,Yellow Line (Rashtreeya Vidyalaya Road → Delta Electronics Bommasandra),146.2
129,101,Yellow Line (Delta Electronics Bommasandra → Rashtreeya Vidyalaya Road),125.0
130,79,Purple Line (Challaghatta → Whitefield (Kadugodi)),131.4
130,79,Purple Line (Mysuru Road → Pattandur Agrahara),131.4
130,100,Purple Line (Whitefield (Kadugodi) → Challaghatta),167.3
130,100,Purple Line (Pattandur Agrahara → Mysuru Road),167.3
131,77,Purple Line (Challaghatta → Whitefield (Kadugodi)),101.4
131,77,Purple Line (Mysuru Road → Pattandur Agrahara),101.4
131,113,Purple Line (Whitefield (Kadugodi) → Challaghatta),131.1
131,113,Purple Line (Pattandur Agrahara → Mysuru Road),131.1
132,92,Green Line (Madavara -> Silk Institute),102.5
132,92,Green Line (Peenya Industry -> Silk Institute),102.5
132,103,Green Line (Silk Institute -> Madavara),96.8
132,103,Green Line (Silk Institute -> Peenya Industry),96.8
133,105,Purple Line (Challaghatta → Whitefield (Kadugodi)),112.3
133,105,Purple Line (Mysuru Road → Pattandur Agrahara),112.3
133,141,Purple Line (Whitefield (Kadugodi) → Challaghatta),100.8
133,141,Purple Line (Pattandur Agrahara → Mysuru Road),100.8
134,115,Purple Line (Whitefield (Kadugodi) → Challaghatta),60.1
134,115,Purple Line (Pattandur Agrahara → Mysuru Road),60.1
134,119,Purple Line (Challaghatta → Whitefield (Kadugodi)),140.3
134,119,Purple Line (Mysuru Road → Pattandur Agrahara),140.3
135,106,Green Line (Silk Institute -> Madavara),76.8
135,106,Green Line (Silk Institute -> Peenya Industry),76.8
135,110,Green Line (Madavara -> Silk Institute),110.7
135,110,Green Line (Peenya Industry -> Silk Institute),110.7
136,62,Purple Line (Challaghatta → Whitefield (Kadugodi)),101.9
136,62,Purple Line (Mysuru Road → Pattandur Agrahara),101.9
136,87,Purple Line (Whitefield (Kadugodi) → Challaghatta),114.0
136,87,Purple Line (Pattandur Agrahara → Mysuru Road),114.0
137,128,Green Line (Madavara -> Silk Institute),149.3
137,128,Green Line (Peenya Industry -> Silk Institute),149.3
137,139,Green Line (Silk Institute -> Madavara),102.1
137,139,Green Line (Silk Institute -> Peenya Industry),102.1
138,81,Purple Line (Challaghatta → Whitefield (Kadugodi)),117.3
138,81,Purple Line (Mysuru Road → Pattandur Agrahara),117.3
138,108,Purple Line (Whitefield (Kadugodi) → Challaghatta),126.0
138,108,Purple Line (Pattandur Agrahara → Mysuru Road),126.0
139,76,Green Line (Silk Institute -> Madavara),123.9
139,76,Green Line (Silk Institute -> Peenya Industry),123.9
139,137,Green Line (Madavara -> Silk Institute),102.3
139,137,Green Line (Peenya Industry -> Silk Institute),102.3
140,133,Purple Line (Challaghatta → Whitefield (Kadugodi)),101.4
140,133,Purple Line (Mysuru Road → Pattandur Agrahara),101.4
141,60,Purple Line (Whitefield (Kadugodi) → Challaghatta),114.9
141,60,Purple Line (Pattandur Agrahara → Mysuru Road),114.9
142,84,Purple Line (Whitefield (Kadugodi) → Challaghatta),103.8
143,90,Green Line (Silk Institute -> Madavara),137.9
143,90,Green Line (Silk Institute -> Peenya Industry),137.9
143,97,Green Line (Madavara -> Silk Institute),118.7
143,97,Green Line (Peenya Industry -> Silk Institute),118.7
144,80,Green Line (Silk Institute -> Madavara),122.6
144,80,Green Line (Silk Institute -> Peenya Industry),122.6
144,126,Green Line (Madavara -> Silk Institute),112.4
144,126,Green Line (Peenya Industry -> Silk Institute),112.4
145,146,Orange Line: AIIMS → Subhash Nagar,94.8
146,145,Orange Line: Subhash Nagar ↔ AIIMS,94.4
146,148,Orange Line: AIIMS → Subhash Nagar,83.6
147,149,Orange Line: AIIMS → Subhash Nagar,90.9
147,150,Orange Line: Subhash Nagar ↔ AIIMS,67.9
148,146,Orange Line: Subhash Nagar ↔ AIIMS,83.6
148,151,Orange Line: AIIMS → Subhash Nagar,79.6
149,147,Orange Line: Subhash Nagar ↔ AIIMS,91.3
149,152,Orange Line: AIIMS → Subhash Nagar,90.3
150,147,Orange Line: AIIMS → Subhash Nagar,68.1
150,151,Orange Line: Subhash Nagar ↔ AIIMS,82.0
151,148,Orange Line: Subhash Nagar ↔ AIIMS,80.3
151,150,Orange Line: AIIMS → Subhash Nagar,82.0
152,149,Orange Line: Subhash Nagar ↔ AIIMS,89.8
153,185,Red Line: Madhavaram → Shozhinganallur (u/c),357.7
153,185,Red Line: Shozhinganallur → Madhavaram (u/c),357.7
153,186,Yellow Line: Light House → Poonamallee Bypass,391.3
153,186,Yellow Line: Poonamallee Bypass → Light House,391.3
154,161,Yellow Line: Light House → Poonamallee Bypass,224.6
154,161,Red Line: Madhavaram → Shozhinganallur (u/c),224.6
154,161,Yellow Line: Poonamallee Bypass → Light House,224.6
154,161,Red Line: Shozhinganallur → Madhavaram (u/c),224.6
155,156,Green Line: Chennai Central → St. Thomas Mount,110.8
155,156,Inter-Corridor Line: Chennai Central → Chennai International Aiirport,110.8
155,179,Green Line (St. Thomas Mount → Chennai Central),98.0
155,179,Inter-Corridor Line (Chennai International Airport → Chennai Central),98.0
156,155,Green Line (St. Thomas Mount → Chennai Central),130.9
156,155,Inter-Corridor Line (Chennai International Airport → Chennai Central),130.9
156,182,Green Line: Chennai Central → St. Thomas Mount,83.3
156,182,Inter-Corridor Line: Chennai Central → Chennai International Aiirport,83.3
157,158,Green Line: Chennai Central → St. Thomas Mount,125.0
157,158,Inter-Corridor Line: Chennai Central → Chennai International Aiirport,125.0
157,159,Blue Line (Chennai International Airport → Wimco Nagar Depot),141.2
157,189,Blue Line (Wimco Nagar Depot → Chennai International Airport),141.6
158,157,Green Line (St. Thomas Mount → Chennai Central),125.0
158,157,Inter-Corridor Line (Chennai International Airport → Chennai Central),125.0
158,171,Green Line: Chennai Central → St. Thomas Mount,144.5
158,171,Inter-Corridor Line: Chennai Central → Chennai International Aiirport,144.5
159,157,Blue Line (Wimco Nagar Depot → Chennai International Airport),141.8
159,168,Blue Line (Chennai International Airport → Wimco Nagar Depot),96.3
160,183,Yellow Line: Light House → Poonamallee Bypass,883.6
160,183,Yellow Line: Poonamallee Bypass → Light House,883.6
161,184,Yellow Line: Light House → Poonamallee Bypass,119.8
161,184,Red Line: Madhavaram → Shozhinganallur (u/c),119.8
161,184,Yellow Line: Poonamallee Bypass → Light House,119.8
161,184,Red Line: Shozhinganallur → Madhavaram (u/c),119.8
162,166,Yellow Line: Light House → Poonamallee Bypass,94.3
162,166,Yellow Line: Poonamallee Bypass → Light House,94.3
163,160,Yellow Line: Light House → Poonamallee Bypass,118.2
163,160,Yellow Line: Poonamallee Bypass → Light House,118.2
164,171,Green Line (St. Thomas Mount → Chennai Central),90.5
164,171,Inter-Corridor Line (Chennai International Airport → Chennai Central),90.5
164,172,Green Line: Chennai Central → St. Thomas Mount,113.9
164,172,Inter-Corridor Line: Chennai Central → Chennai International Aiirport,113.9
166,163,Yellow Line: Light House → Poonamallee Bypass,80.3
166,163,Yellow Line: Poonamallee Bypass → Light House,80.3
167,154,Red Line: Madhavaram → Shozhinganallur (u/c),1402.3
167,154,Red Line: Shozhinganallur → Madhavaram (u/c),1402.3
168,159,Blue Line (Wimco Nagar Depot → Chennai International Airport),96.3
168,213,Blue Line (Chennai International Airport → Wimco Nagar Depot),158.7
169,192,Blue Line (Chennai International Airport → Wimco Nagar Depot),100.1
169,192,Inter-Corridor Line (Chennai International Airport → Chennai Central),100.0
169,211,Blue Line (Wimco Nagar Depot → Chennai International Airport),245.8
169,211,Inter-Corridor Line: Chennai Central → Chennai International Aiirport,245.8
170,165,Red Line: Madhavaram → Shozhinganallur (u/c),87.0
170,165,Red Line: Shozhinganallur → Madhavaram (u/c),87.0
171,158,Green Line (St. Thomas Mount → Chennai Central),144.5
171,158,Inter-Corridor Line (Chennai International Airport → Chennai Central),144.5
171,164,Green Line: Chennai Central → St. Thomas Mount,90.5
171,164,Inter-Corridor Line: Chennai Central → Chennai International Aiirport,90.5
172,164,Green Line (St. Thomas Mount → Chennai Central),113.9
172,164,Inter-Corridor Line (Chennai International Airport → Chennai Central),113.9
172,179,Green Line: Chennai Central → St. Thomas Mount,102.2
172,179,Inter-Corridor Line: Chennai Central → Chennai International Aiirport,102.2
173,175,Yellow Line: Light House → Poonamallee Bypass,81.9
173,175,Yellow Line: Poonamallee Bypass → Light House,81.9
174,162,Yellow Line: Poonamallee Bypass → Light House,334.8
174,173,Yellow Line: Light House → Poonamallee Bypass,156.4
175,162,Yellow Line: Light House → Poonamallee Bypass,107.5
175,174,Yellow Line: Poonamallee Bypass → Light House,233.9
176,181,Yellow Line: Light House → Poonamallee Bypass,92.8
176,181,Yellow Line: Poonamallee Bypass → Light House,92.8
177,176,Yellow Line: Light House → Poonamallee Bypass,77.5
177,176,Yellow Line: Poonamallee Bypass → Light House,77.5
179,155,Green Line: Chennai Central → St. Thomas Mount,92.2
179,155,Inter-Corridor Line: Chennai Central → Chennai International Aiirport,92.2
179,172,Green Line (St. Thomas Mount → Chennai Central),91.4
179,172,Inter-Corridor Line (Chennai International Airport → Chennai Central),91.4
180,207,Blue Line (Chennai International Airport → Wimco Nagar Depot),112.8
180,213,Blue Line (Wimco Nagar Depot → Chennai International Airport),100.7
181,173,Yellow Line: Poonamallee Bypass → Light House,559.9
181,174,Yellow Line: Light House → Poonamallee Bypass,699.6
182,156,Green Line (St. Thomas Mount → Chennai Central),83.3
182,156,Inter-Corridor Line (Chennai International Airport → Chennai Central),83.3
182,198,Green Line: Chennai Central → St. Thomas Mount,157.8
182,198,Inter-Corridor Line: Chennai Central → Chennai International Aiirport,157.8
183,154,Yellow Line: Light House → Poonamallee Bypass,263.9
183,154,Yellow Line: Poonamallee Bypass → Light House,264.0
184,153,Yellow Line: Light House → Poonamallee Bypass,197.3
184,153,Red Line: Madhavaram → Shozhinganallur (u/c),197.3
184,153,Yellow Line: Poonamallee Bypass → Light House,197.3
184,153,Red Line: Shozhinganallur → Madhavaram (u/c),197.3
185,170,Red Line: Madhavaram → Shozhinganallur (u/c),91.3
185,170,Red Line: Shozhinganallur → Madhavaram (u/c),91.3
186,178,Yellow Line: Light House → Poonamallee Bypass,99.5
186,178,Yellow Line: Poonamallee Bypass → Light House,99.5
187,204,Blue Line (Wimco Nagar Depot → Chennai International Airport),90.8
187,214,Blue Line (Chennai International Airport → Wimco Nagar Depot),58.0
188,193,Green Line: Chennai Central → St. Thomas Mount,227.0
188,193,Inter-Corridor Line: Chennai Central → Chennai International Aiirport,227.0
188,212,Green Line (St. Thomas Mount → Chennai Central),180.4
188,212,Inter-Corridor Line (Chennai International Airport → Chennai Central),180.4
189,157,Blue Line (Chennai International Airport → Wimco Nagar Depot),140.8
189,194,Blue Line (Wimco Nagar Depot → Chennai International Airport),103.1
190,201,Green Line (St. Thomas Mount → Chennai Central),118.8
190,201,Inter-Corridor Line (Chennai International Airport → Chennai Central),118.8
190,212,Green Line: Chennai Central → St. Thomas Mount,125.8
190,212,Inter-Corridor Line: Chennai Central → Chennai International Aiirport,125.8
191,194,Blue Line (Chennai International Airport → Wimco Nagar Depot),105.3
191,195,Blue Line (Wimco Nagar Depot → Chennai International Airport),190.8
192,169,Blue Line (Wimco Nagar Depot → Chennai International Airport),100.2
192,169,Inter-Corridor Line: Chennai Central → Chennai International Aiirport,100.1
192,193,Green Line (St. Thomas Mount → Chennai Central),155.5
192,193,Inter-Corridor Line (Chennai International Airport → Chennai Central),155.5
192,197,Blue Line (Chennai International Airport → Wimco Nagar Depot),144.4
192,209,Green Line: Chennai Central → St. Thomas Mount,113.6
193,188,Green Line (St. Thomas Mount → Chennai Central),227.3
193,188,Inter-Corridor Line (Chennai International Airport → Chennai Central),227.3
193,192,Green Line: Chennai Central → St. Thomas Mount,155.5
193,192,Inter-Corridor Line: Chennai Central → Chennai International Aiirport,155.5
194,189,Blue Line (Chennai International Airport → Wimco Nagar Depot),102.8
194,191,Blue Line (Wimco Nagar Depot → Chennai International Airport),105.3
195,191,Blue Line (Chennai International Airport → Wimco Nagar Depot),191.3
195,206,Blue Line (Wimco Nagar Depot → Chennai International Airport),108.0
196,200,Blue Line (Wimco Nagar Depot → Chennai International Airport),94.8
196,205,Blue Line (Chennai International Airport → Wimco Nagar Depot),120.2
197,192,Blue Line (Wimco Nagar Depot → Chennai International Airport),144.1
197,199,Blue Line (Chennai International Airport → Wimco Nagar Depot),140.8
198,182,Green Line (St. Thomas Mount → Chennai Central),158.1
198,182,Inter-Corridor Line (Chennai International Airport → Chennai Central),158.1
198,201,Green Line: Chennai Central → St. Thomas Mount,118.0
198,201,Inter-Corridor Line: Chennai Central → Chennai International Aiirport,118.0
199,197,Blue Line (Wimco Nagar Depot → Chennai International Airport),141.2
199,203,Blue Line (Chennai International Airport → Wimco Nagar Depot),117.8
200,196,Blue Line (Chennai International Airport → Wimco Nagar Depot),94.8
200,210,Blue Line (Wimco Nagar Depot → Chennai International Airport),107.7
201,190,Green Line: Chennai Central → St. Thomas Mount,119.5
201,190,Inter-Corridor Line: Chennai Central → Chennai International Aiirport,119.5
201,198,Green Line (St. Thomas Mount → Chennai Central),118.5
201,198,Inter-Corridor Line (Chennai International Airport → Chennai Central),118.5
202,211,Blue Line (Chennai International Airport → Wimco Nagar Depot),161.4
202,211,Inter-Corridor Line (Chennai International Airport → Chennai Central),161.4
203,199,Blue Line (Wimco Nagar Depot → Chennai International Airport),117.9
203,208,Blue Line (Chennai International Airport → Wimco Nagar Depot),174.9
204,187,Blue Line (Chennai International Airport → Wimco Nagar Depot),90.8
204,205,Blue Line (Wimco Nagar Depot → Chennai International Airport),141.1
205,196,Blue Line (Wimco Nagar Depot → Chennai International Airport),115.4
205,204,Blue Line (Chennai International Airport → Wimco Nagar Depot),136.2
206,195,Blue Line (Chennai International Airport → Wimco Nagar Depot),108.0
206,208,Blue Line (Wimco Nagar Depot → Chennai International Airport),84.9
207,180,Blue Line (Wimco Nagar Depot → Chennai International Airport),112.8
207,210,Blue Line (Chennai International Airport → Wimco Nagar Depot),126.1
208,203,Blue Line (Wimco Nagar Depot → Chennai International Airport),174.7
208,206,Blue Line (Chennai International Airport → Wimco Nagar Depot),84.3
209,192,Green Line (St. Thomas Mount → Chennai Central),113.2
210,200,Blue Line (Chennai International Airport → Wimco Nagar Depot),107.8
210,207,Blue Line (Wimco Nagar Depot → Chennai International Airport),126.2
211,169,Blue Line (Chennai International Airport → Wimco Nagar Depot),245.8
211,169,Inter-Corridor Line (Chennai International Airport → Chennai Central),245.8
211,202,Blue Line (Wimco Nagar Depot → Chennai International Airport),161.5
211,202,Inter-Corridor Line: Chennai Central → Chennai International Aiirport,161.5
212,188,Green Line: Chennai Central → St. Thomas Mount,180.7
212,188,Inter-Corridor Line: Chennai Central → Chennai International Aiirport,180.7
212,190,Green Line (St. Thomas Mount → Chennai Central),125.7
212,190,Inter-Corridor Line (Chennai International Airport → Chennai Central),125.7
213,168,Blue Line (Wimco Nagar Depot → Chennai International Airport),158.7
213,180,Blue Line (Chennai International Airport → Wimco Nagar Depot),100.8
214,187,Blue Line (Wimco Nagar Depot → Chennai International Airport),57.9
215,251,Yellow Line (Millennium City Centre → Samaypur Badli),86.8
215,275,Yellow Line (Samaypur Badli → Millennium City Centre),104.1
216,225,Yellow Line (Samaypur Badli → Millennium City Centre),151.1
216,293,Yellow Line (Millennium City Centre → Samaypur Badli),135.8
217,341,Blue Line (Dwarka Sector 21 → Noida Electronic City),191.9
217,469,Blue Line (Noida Electronic City → Dwarka Sector 21),133.1
218,312,Blue Line (Vaishali → Yamuna Bank),109.2
218,317,Blue Line (Yamuna Bank → Vaishali),86.9
219,286,Pink Line (Shiv Vihar → Maujpur - Babarpur),179.9
219,313,Pink Line (Maujpur - Babarpur → Shiv Vihar),100.2
220,271,Yellow Line (Millennium City Centre → Samaypur Badli),285.1
220,276,Yellow Line (Samaypur Badli → Millennium City Centre),242.4
221,282,Red Line (Rithala → Shaheed Sthal),156.2
221,348,Red Line (Shaheed Sthal → Rithala),84.0
222,288,Green Line (Brigadier Hoshiyar Singh => Inderlok),142.2
222,398,Green Line (Inderlok => Brigadier Hoshiyar Singh),95.5
222,424,Green Line (Ashok Park Main => Kirti Nagar),114.4
223,421,Pink Line (Maujpur - Babarpur → Shiv Vihar),202.2
223,465,Pink Line (Shiv Vihar → Maujpur - Babarpur),120.8
224,334,Pink Line (Shiv Vihar → Maujpur - Babarpur),219.9
224,433,Pink Line (Maujpur - Babarpur → Shiv Vihar),175.7
225,216,Yellow Line (Millennium City Centre → Samaypur Badli),151.5
225,346,Yellow Line (Samaypur Badli → Millennium City Centre),148.8
226,420,Violet Line (Kashmere Gate → Raja Nahar Singh),179.0
226,458,Violet Line (Raja Nahar Singh → Kashmere Gate),114.7
227,386,Violet Line (Kashmere Gate → Raja Nahar Singh),139.5
227,425,Violet Line (Raja Nahar Singh → Kashmere Gate),181.3
228,235,Green Line (Inderlok => Brigadier Hoshiyar Singh),184.7
228,389,Green Line (Brigadier Hoshiyar Singh => Inderlok),162.3
229,337,Blue Line (Dwarka Sector 21 → Noida Electronic City),106.1
229,407,Blue Line (Noida Electronic City → Dwarka Sector 21),64.9
230,268,Violet Line (Kashmere Gate → Raja Nahar Singh),183.2
230,362,Violet Line (Raja Nahar Singh → Kashmere Gate),136.8
231,319,Pink Line (Maujpur - Babarpur → Shiv Vihar),86.0
231,470,Pink Line (Shiv Vihar → Maujpur - Babarpur),151.2
232,277,Magenta Line (Majlis Park → Deepali Chowk),213.0
232,334,Magenta Line (Deepali Chowk → Majlis Park),204.9
233,423,Pink Line (Maujpur - Babarpur → Shiv Vihar),123.5
233,443,Pink Line (Shiv Vihar → Maujpur - Babarpur),158.1
234,373,Blue Line (Dwarka Sector 21 → Noida Electronic City),129.7
234,376,Blue Line (Noida Electronic City → Dwarka Sector 21),116.7
234,383,Magenta Line (Botanical Garden → Krishna Park Extension),180.1
235,228,Green Line (Brigadier Hoshiyar Singh => Inderlok),184.4
236,304,Pink Line (Shiv Vihar → Maujpur - Babarpur),153.2
236,334,Pink Line (Maujpur - Babarpur → Shiv Vihar),189.0
237,299,Violet Line (Raja Nahar Singh → Kashmere Gate),119.0
237,320,Violet Line (Kashmere Gate → Raja Nahar Singh),234.5
237,392,Yellow Line (Millennium City Centre → Samaypur Badli),85.0
237,427,Yellow Line (Samaypur Badli → Millennium City Centre),74.7
238,239,Yellow Line (Samaypur Badli → Millennium City Centre),114.3
238,316,Yellow Line (Millennium City Centre → Samaypur Badli),108.5
239,238,Yellow Line (Millennium City Centre → Samaypur Badli),114.0
239,368,Yellow Line (Samaypur Badli → Millennium City Centre),78.0
240,400,Yellow Line (Millennium City Centre → Samaypur Badli),139.1
240,448,Yellow Line (Samaypur Badli → Millennium City Centre),170.6
241,274,Magenta Line (Krishna Park Extension → Botanical Garden),84.2
241,388,Magenta Line (Botanical Garden → Krishna Park Extension),95.7
242,316,Yellow Line (Samaypur Badli → Millennium City Centre),113.9
242,464,Yellow Line (Millennium City Centre → Samaypur Badli),116.0
243,244,Magenta Line (Krishna Park Extension → Botanical Garden),165.0
243,297,Magenta Line (Botanical Garden → Krishna Park Extension),171.5
244,243,Magenta Line (Botanical Garden → Krishna Park Extension),165.0
244,387,Magenta Line (Krishna Park Extension → Botanical Garden),151.5
245,332,Magenta Line (Deepali Chowk → Majlis Park),136.9
246,250,Airport Express Line (Dwarka Sector 25 → New Delhi Airport Express Terminal),656.7
246,284,Airport Express Line (New Delhi Airport Express Terminal → Dwarka Sector 25),361.8
247,253,Pink Line (Maujpur - Babarpur → Shiv Vihar),374.5
247,360,Pink Line (Shiv Vihar → Maujpur - Babarpur),189.1
248,287,Violet Line (Kashmere Gate → Raja Nahar Singh),129.1
248,294,Violet Line (Raja Nahar Singh → Kashmere Gate),130.5
249,355,Grey Line (Dhansa Bus Stand → Dwarka),82.6
250,246,Airport Express Line (New Delhi Airport Express Terminal → Dwarka Sector 25),656.9
250,439,Airport Express Line (Dwarka Sector 25 → New Delhi Airport Express Terminal),669.0
251,215,Yellow Line (Samaypur Badli → Millennium City Centre),86.9
251,307,Yellow Line (Millennium City Centre → Samaypur Badli),149.2
251,423,Pink Line (Shiv Vihar → Maujpur - Babarpur),100.9
251,445,Pink Line (Maujpur - Babarpur → Shiv Vihar),146.0
252,305,Red Line (Shaheed Sthal → Rithala),93.7
252,430,Red Line (Rithala → Shaheed Sthal),127.7
253,247,Pink Line (Shiv Vihar → Maujpur - Babarpur),374.6
253,443,Pink Line (Maujpur - Babarpur → Shiv Vihar),141.5
254,256,Blue Line (Dwarka Sector 21 → Noida Electronic City),119.8
254,261,Blue Line (Noida Electronic City → Dwarka Sector 21),152.2
255,357,Grey Line (Dwarka → Dhansa Bus Stand),123.5
256,254,Blue Line (Noida Electronic City → Dwarka Sector 21),119.3
256,361,Blue Line (Dwarka Sector 21 → Noida Electronic City),121.8
257,258,Blue Line (Dwarka Sector 21 → Noida Electronic City),104.1
257,264,Blue Line (Noida Electronic City → Dwarka Sector 21),113.2
258,257,Blue Line (Noida Electronic City → Dwarka Sector 21),104.1
258,259,Blue Line (Dwarka Sector 21 → Noida Electronic City),112.3
259,258,Blue Line (Noida Electronic City → Dwarka Sector 21),112.3
259,260,Blue Line (Dwarka Sector 21 → Noida Electronic City),92.6
260,259,Blue Line (Noida Electronic City → Dwarka Sector 21),92.6
260,261,Blue Line (Dwarka Sector 21 → Noida Electronic City),98.8
261,254,Blue Line (Dwarka Sector 21 → Noida Electronic City),152.7
261,260,Blue Line (Noida Electronic City → Dwarka Sector 21),98.8
262,263,Blue Line (Dwarka Sector 21 → Noida Electronic City),182.1
262,284,Airport Express Line (Dwarka Sector 25 → New Delhi Airport Express Terminal),293.7
262,471,Airport Express Line (New Delhi Airport Express Terminal → Dwarka Sector 25),138.2
263,262,Blue Line (Noida Electronic City → Dwarka Sector 21),182.3
263,264,Blue Line (Dwarka Sector 21 → Noida Electronic City),102.8
264,257,Blue Line (Dwarka Sector 21 → Noida Electronic City),113.0
264,263,Blue Line (Noida Electronic City → Dwarka Sector 21),103.0
265,399,Pink Line (Shiv Vihar → Maujpur - Babarpur),211.2
265,409,Pink Line (Maujpur - Babarpur → Shiv Vihar),85.9
266,324,Pink Line (Shiv Vihar → Maujpur - Babarpur),97.3
266,468,Pink Line (Maujpur - Babarpur → Shiv Vihar),120.9
267,336,Pink Line (Maujpur - Babarpur → Shiv Vihar),58.8
267,457,Pink Line (Shiv Vihar → Maujpur - Babarpur),85.7
268,230,Violet Line (Raja Nahar Singh → Kashmere Gate),183.2
268,419,Violet Line (Kashmere Gate → Raja Nahar Singh),182.9
269,346,Yellow Line (Millennium City Centre → Samaypur Badli),138.3
269,466,Yellow Line (Samaypur Badli → Millennium City Centre),92.7
270,352,Green Line (Brigadier Hoshiyar Singh => Inderlok),216.7
270,454,Green Line (Inderlok => Brigadier Hoshiyar Singh),195.2
271,220,Yellow Line (Samaypur Badli → Millennium City Centre),285.0
271,448,Yellow Line (Millennium City Centre → Samaypur Badli),146.0
272,306,Pink Line (Maujpur - Babarpur → Shiv Vihar),128.7
272,339,Pink Line (Shiv Vihar → Maujpur - Babarpur),137.8
273,279,Violet Line (Kashmere Gate → Raja Nahar Singh),117.9
273,310,Violet Line (Raja Nahar Singh → Kashmere Gate),79.8
274,241,Magenta Line (Botanical Garden → Krishna Park Extension),84.5
274,363,Magenta Line (Krishna Park Extension → Botanical Garden),142.8
275,215,Yellow Line (Millennium City Centre → Samaypur Badli),104.2
275,281,Yellow Line (Samaypur Badli → Millennium City Centre),160.9
276,220,Yellow Line (Millennium City Centre → Samaypur Badli),242.1
276,442,Yellow Line (Samaypur Badli → Millennium City Centre),95.7
277,232,Magenta Line (Deepali Chowk → Majlis Park),214.5
277,278,Magenta Line (Majlis Park → Deepali Chowk),88.2
277,293,Yellow Line (Samaypur Badli → Millennium City Centre),149.0
277,414,Yellow Line (Millennium City Centre → Samaypur Badli),138.2
278,277,Magenta Line (Deepali Chowk → Majlis Park),87.5
278,382,Magenta Line (Majlis Park → Deepali Chowk),143.3
279,273,Violet Line (Raja Nahar Singh → Kashmere Gate),118.8
279,300,Violet Line (Kashmere Gate → Raja Nahar Singh),94.7
280,285,Magenta Line (Botanical Garden → Krishna Park Extension),116.2
280,388,Magenta Line (Krishna Park Extension → Botanical Garden),165.6
281,275,Yellow Line (Millennium City Centre → Samaypur Badli),160.9
281,335,Yellow Line (Samaypur Badli → Millennium City Centre),178.9
282,221,Red Line (Shaheed Sthal → Rithala),156.1
282,431,Red Line (Rithala → Shaheed Sthal),96.3
283,331,Yellow Line (Millennium City Centre → Samaypur Badli),114.7
283,345,Yellow Line (Samaypur Badli → Millennium City Centre),152.2
284,246,Airport Express Line (Dwarka Sector 25 → New Delhi Airport Express Terminal),361.8
284,262,Airport Express Line (New Delhi Airport Express Terminal → Dwarka Sector 25),293.1
285,280,Magenta Line (Krishna Park Extension → Botanical Garden),116.1
285,401,Magenta Line (Botanical Garden → Krishna Park Extension),100.6
286,219,Pink Line (Maujpur - Babarpur → Shiv Vihar),179.5
286,336,Pink Line (Shiv Vihar → Maujpur - Babarpur),103.7
287,248,Violet Line (Raja Nahar Singh → Kashmere Gate),128.9
287,337,Violet Line (Kashmere Gate → Raja Nahar Singh),77.4
288,222,Green Line (Inderlok => Brigadier Hoshiyar Singh),142.9
289,311,Red Line (Shaheed Sthal → Rithala),118.0
289,435,Red Line (Rithala → Shaheed Sthal),125.1
290,449,Blue Line (Noida Electronic City → Dwarka Sector 21),79.7
290,469,Blue Line (Dwarka Sector 21 → Noida Electronic City),191.6
291,339,Pink Line (Maujpur - Babarpur → Shiv Vihar),120.6
291,468,Pink Line (Shiv Vihar → Maujpur - Babarpur),122.4
292,304,Pink Line (Maujpur - Babarpur → Shiv Vihar),113.9
292,444,Pink Line (Shiv Vihar → Maujpur - Babarpur),133.0
293,216,Yellow Line (Samaypur Badli → Millennium City Centre),135.8
293,277,Yellow Line (Millennium City Centre → Samaypur Badli),147.4
294,248,Violet Line (Kashmere Gate → Raja Nahar Singh),130.7
294,328,Violet Line (Raja Nahar Singh → Kashmere Gate),88.0
295,385,Magenta Line (Krishna Park Extension → Botanical Garden),61.0
295,447,Magenta Line (Botanical Garden → Krishna Park Extension),123.1
296,297,Blue Line (Noida Electronic City → Dwarka Sector 21),97.3
296,455,Blue Line (Dwarka Sector 21 → Noida Electronic City),108.4
297,243,Magenta Line (Krishna Park Extension → Botanical Garden),171.8
297,296,Blue Line (Dwarka Sector 21 → Noida Electronic City),97.3
297,325,Magenta Line (Botanical Garden → Krishna Park Extension),230.2
297,460,Blue Line (Noida Electronic City → Dwarka Sector 21),142.7
298,302,Violet Line (Raja Nahar Singh → Kashmere Gate),83.2
298,327,Violet Line (Kashmere Gate → Raja Nahar Singh),149.0
299,237,Violet Line (Kashmere Gate → Raja Nahar Singh),119.1
299,337,Violet Line (Raja Nahar Singh → Kashmere Gate),154.7
300,279,Violet Line (Raja Nahar Singh → Kashmere Gate),94.0
300,422,Violet Line (Kashmere Gate → Raja Nahar Singh),127.3
301,309,Magenta Line (Krishna Park Extension → Botanical Garden),142.0
301,385,Magenta Line (Botanical Garden → Krishna Park Extension),187.8
302,298,Violet Line (Kashmere Gate → Raja Nahar Singh),83.4
302,320,Violet Line (Raja Nahar Singh → Kashmere Gate),170.6
303,315,Blue Line (Noida Electronic City → Dwarka Sector 21),116.9
303,410,Blue Line (Dwarka Sector 21 → Noida Electronic City),107.0
304,236,Pink Line (Maujpur - Babarpur → Shiv Vihar),158.6
304,292,Pink Line (Shiv Vihar → Maujpur - Babarpur),114.0
305,252,Red Line (Rithala → Shaheed Sthal),93.7
305,338,Red Line (Shaheed Sthal → Rithala),118.4
306,272,Pink Line (Shiv Vihar → Maujpur - Babarpur),129.3
306,437,Pink Line (Maujpur - Babarpur → Shiv Vihar),100.4
307,251,Yellow Line (Samaypur Badli → Millennium City Centre),149.3
307,330,Yellow Line (Millennium City Centre → Samaypur Badli),126.7
308,349,Violet Line (Raja Nahar Singh → Kashmere Gate),132.7
308,364,Violet Line (Kashmere Gate → Raja Nahar Singh),110.2
309,301,Magenta Line (Botanical Garden → Krishna Park Extension),142.9
309,383,Magenta Line (Krishna Park Extension → Botanical Garden),166.5
310,273,Violet Line (Kashmere Gate → Raja Nahar Singh),80.0
310,363,Magenta Line (Botanical Garden → Krishna Park Extension),71.1
310,364,Violet Line (Raja Nahar Singh → Kashmere Gate),78.6
310,384,Magenta Line (Krishna Park Extension → Botanical Garden),94.3
311,289,Red Line (Rithala → Shaheed Sthal),118.0
311,318,Red Line (Shaheed Sthal → Rithala),82.6
312,218,Blue Line (Yamuna Bank → Vaishali),109.6
312,396,Blue Line (Vaishali → Yamuna Bank),133.2
313,219,Pink Line (Shiv Vihar → Maujpur - Babarpur),99.9
313,314,Pink Line (Maujpur - Babarpur → Shiv Vihar),117.0
314,313,Pink Line (Shiv Vihar → Maujpur - Babarpur),117.9
314,324,Pink Line (Maujpur - Babarpur → Shiv Vihar),76.2
315,303,Blue Line (Dwarka Sector 21 → Noida Electronic City),117.2
315,406,Blue Line (Noida Electronic City → Dwarka Sector 21),106.8
316,238,Yellow Line (Samaypur Badli → Millennium City Centre),108.8
316,242,Yellow Line (Millennium City Centre → Samaypur Badli),114.0
316,328,Violet Line (Kashmere Gate → Raja Nahar Singh),158.4
316,436,Red Line (Rithala → Shaheed Sthal),229.2
316,456,Red Line (Shaheed Sthal → Rithala),119.4
317,218,Blue Line (Vaishali → Yamuna Bank),87.1
317,462,Blue Line (Yamuna Bank → Vaishali),163.9
318,311,Red Line (Rithala → Shaheed Sthal),82.6
318,365,Red Line (Shaheed Sthal → Rithala),125.6
319,231,Pink Line (Shiv Vihar → Maujpur - Babarpur),85.9
319,356,Pink Line (Maujpur - Babarpur → Shiv Vihar),129.6
320,237,Violet Line (Raja Nahar Singh → Kashmere Gate),235.0
320,302,Violet Line (Kashmere Gate → Raja Nahar Singh),170.9
321,424,Green Line (Kirti Nagar => Ashok Park Main),108.8
322,350,Blue Line (Noida Electronic City → Dwarka Sector 21),87.9
322,428,Blue Line (Dwarka Sector 21 → Noida Electronic City),92.0
323,332,Red Line (Shaheed Sthal → Rithala),104.8
323,365,Red Line (Rithala → Shaheed Sthal),124.6
324,266,Pink Line (Maujpur - Babarpur → Shiv Vihar),97.3
324,314,Pink Line (Shiv Vihar → Maujpur - Babarpur),75.5
325,297,Magenta Line (Krishna Park Extension → Botanical Garden),229.8
326,445,Pink Line (Shiv Vihar → Maujpur - Babarpur),182.4
326,465,Pink Line (Maujpur - Babarpur → Shiv Vihar),119.8
327,298,Violet Line (Raja Nahar Singh → Kashmere Gate),148.7
327,349,Violet Line (Kashmere Gate → Raja Nahar Singh),75.4
328,294,Violet Line (Kashmere Gate → Raja Nahar Singh),87.6
328,316,Violet Line (Raja Nahar Singh → Kashmere Gate),157.3
329,370,Blue Line (Yamuna Bank → Vaishali),117.7
329,469,Blue Line (Vaishali → Yamuna Bank),132.8
330,307,Yellow Line (Samaypur Badli → Millennium City Centre),126.8
330,427,Yellow Line (Millennium City Centre → Samaypur Badli),142.6
331,283,Yellow Line (Samaypur Badli → Millennium City Centre),113.8
331,442,Yellow Line (Millennium City Centre → Samaypur Badli),136.4
332,245,Magenta Line (Majlis Park → Deepali Chowk),137.1
332,323,Red Line (Rithala → Shaheed Sthal),104.8
332,382,Magenta Line (Deepali Chowk → Majlis Park),142.0
332,413,Red Line (Shaheed Sthal → Rithala),81.6
333,390,Green Line (Inderlok => Brigadier Hoshiyar Singh),73.4
333,438,Green Line (Brigadier Hoshiyar Singh => Inderlok),115.3
334,224,Pink Line (Maujpur - Babarpur → Shiv Vihar),214.3
334,232,Magenta Line (Majlis Park → Deepali Chowk),200.2
334,236,Pink Line (Shiv Vihar → Maujpur - Babarpur),194.7
335,281,Yellow Line (Millennium City Centre → Samaypur Badli),179.0
335,417,Yellow Line (Samaypur Badli → Millennium City Centre),100.6
336,267,Pink Line (Shiv Vihar → Maujpur - Babarpur),57.8
336,286,Pink Line (Maujpur - Babarpur → Shiv Vihar),102.8
337,229,Blue Line (Noida Electronic City → Dwarka Sector 21),106.3
337,287,Violet Line (Raja Nahar Singh → Kashmere Gate),76.6
337,299,Violet Line (Kashmere Gate → Raja Nahar Singh),154.1
337,449,Blue Line (Dwarka Sector 21 → Noida Electronic City),89.4
338,305,Red Line (Rithala → Shaheed Sthal),118.4
338,429,Red Line (Shaheed Sthal → Rithala),115.0
339,272,Pink Line (Maujpur - Babarpur → Shiv Vihar),137.9
339,291,Pink Line (Shiv Vihar → Maujpur - Babarpur),120.4
339,470,Pink Line (Maujpur - Babarpur → Shiv Vihar),121.5
340,360,Pink Line (Maujpur - Babarpur → Shiv Vihar),164.7
340,409,Pink Line (Shiv Vihar → Maujpur - Babarpur),173.4
341,217,Blue Line (Noida Electronic City → Dwarka Sector 21),191.6
341,343,Blue Line (Dwarka Sector 21 → Noida Electronic City),122.9
342,421,Pink Line (Shiv Vihar → Maujpur - Babarpur),385.4
342,440,Pink Line (Maujpur - Babarpur → Shiv Vihar),86.0
343,341,Blue Line (Noida Electronic City → Dwarka Sector 21),123.0
343,367,Blue Line (Dwarka Sector 21 → Noida Electronic City),95.8
344,354,Violet Line (Raja Nahar Singh → Kashmere Gate),107.4
344,425,Violet Line (Kashmere Gate → Raja Nahar Singh),122.8
345,283,Yellow Line (Millennium City Centre → Samaypur Badli),151.7
346,225,Yellow Line (Millennium City Centre → Samaypur Badli),148.7
346,269,Yellow Line (Samaypur Badli → Millennium City Centre),138.3
347,422,Violet Line (Raja Nahar Singh → Kashmere Gate),121.5
347,458,Violet Line (Kashmere Gate → Raja Nahar Singh),209.1
348,221,Red Line (Rithala → Shaheed Sthal),84.0
348,441,Red Line (Shaheed Sthal → Rithala),137.7
349,308,Violet Line (Kashmere Gate → Raja Nahar Singh),132.4
349,327,Violet Line (Raja Nahar Singh → Kashmere Gate),75.7
350,322,Blue Line (Dwarka Sector 21 → Noida Electronic City),88.4
350,411,Blue Line (Noida Electronic City → Dwarka Sector 21),125.9
351,352,Green Line (Inderlok => Brigadier Hoshiyar Singh),138.7
351,404,Green Line (Brigadier Hoshiyar Singh => Inderlok),137.2
352,270,Green Line (Inderlok => Brigadier Hoshiyar Singh),216.7
352,351,Green Line (Brigadier Hoshiyar Singh => Inderlok),138.7
353,401,Magenta Line (Krishna Park Extension → Botanical Garden),131.8
353,463,Magenta Line (Botanical Garden → Krishna Park Extension),143.8
354,344,Violet Line (Kashmere Gate → Raja Nahar Singh),107.4
354,420,Violet Line (Raja Nahar Singh → Kashmere Gate),237.7
355,249,Grey Line (Dwarka → Dhansa Bus Stand),82.6
355,357,Grey Line (Dhansa Bus Stand → Dwarka),251.8
356,319,Pink Line (Shiv Vihar → Maujpur - Babarpur),129.6
356,444,Pink Line (Maujpur - Babarpur → Shiv Vihar),155.8
357,255,Grey Line (Dhansa Bus Stand → Dwarka),124.4
357,355,Grey Line (Dwarka → Dhansa Bus Stand),251.9
358,359,Green Line (Inderlok => Brigadier Hoshiyar Singh),87.2
358,450,Green Line (Brigadier Hoshiyar Singh => Inderlok),95.4
359,358,Green Line (Brigadier Hoshiyar Singh => Inderlok),87.2
359,404,Green Line (Inderlok => Brigadier Hoshiyar Singh),126.3
360,247,Pink Line (Maujpur - Babarpur → Shiv Vihar),188.9
360,340,Pink Line (Shiv Vihar → Maujpur - Babarpur),164.9
361,256,Blue Line (Noida Electronic City → Dwarka Sector 21),121.8
361,461,Blue Line (Dwarka Sector 21 → Noida Electronic City),110.6
362,230,Violet Line (Kashmere Gate → Raja Nahar Singh),136.8
362,386,Violet Line (Raja Nahar Singh → Kashmere Gate),155.6
363,274,Magenta Line (Botanical Garden → Krishna Park Extension),142.8
363,310,Magenta Line (Krishna Park Extension → Botanical Garden),75.0
364,308,Violet Line (Raja Nahar Singh → Kashmere Gate),110.7
364,310,Violet Line (Kashmere Gate → Raja Nahar Singh),79.1
365,318,Red Line (Rithala → Shaheed Sthal),126.3
365,323,Red Line (Shaheed Sthal → Rithala),125.1
366,432,Pink Line (Maujpur - Babarpur → Shiv Vihar),115.9
366,433,Pink Line (Shiv Vihar → Maujpur - Babarpur),143.0
367,343,Blue Line (Noida Electronic City → Dwarka Sector 21),96.7
367,374,Blue Line (Dwarka Sector 21 → Noida Electronic City),115.2
368,239,Yellow Line (Millennium City Centre → Samaypur Badli),78.0
368,407,Yellow Line (Samaypur Badli → Millennium City Centre),130.2
369,439,Airport Express Line (New Delhi Airport Express Terminal → Dwarka Sector 25),200.0
370,329,Blue Line (Vaishali → Yamuna Bank),117.6
370,396,Blue Line (Yamuna Bank → Vaishali),104.4
371,373,Blue Line (Noida Electronic City → Dwarka Sector 21),132.9
371,377,Blue Line (Dwarka Sector 21 → Noida Electronic City),98.2
372,381,Blue Line (Noida Electronic City → Dwarka Sector 21),132.9
373,234,Blue Line (Noida Electronic City → Dwarka Sector 21),130.3
373,371,Blue Line (Dwarka Sector 21 → Noida Electronic City),132.8
374,367,Blue Line (Noida Electronic City → Dwarka Sector 21),114.7
374,375,Blue Line (Dwarka Sector 21 → Noida Electronic City),101.7
375,374,Blue Line (Noida Electronic City → Dwarka Sector 21),101.8
375,376,Blue Line (Dwarka Sector 21 → Noida Electronic City),120.9
376,234,Blue Line (Dwarka Sector 21 → Noida Electronic City),116.7
376,375,Blue Line (Noida Electronic City → Dwarka Sector 21),121.0
377,371,Blue Line (Noida Electronic City → Dwarka Sector 21),98.2
377,378,Blue Line (Dwarka Sector 21 → Noida Electronic City),122.2
378,377,Blue Line (Noida Electronic City → Dwarka Sector 21),122.1
378,380,Blue Line (Dwarka Sector 21 → Noida Electronic City),126.6
379,380,Blue Line (Noida Electronic City → Dwarka Sector 21),104.8
379,381,Blue Line (Dwarka Sector 21 → Noida Electronic City),122.8
380,378,Blue Line (Noida Electronic City → Dwarka Sector 21),127.0
380,379,Blue Line (Dwarka Sector 21 → Noida Electronic City),104.8
381,372,Blue Line (Dwarka Sector 21 → Noida Electronic City),132.8
381,379,Blue Line (Noida Electronic City → Dwarka Sector 21),122.8
382,278,Magenta Line (Deepali Chowk → Majlis Park),143.5
382,332,Magenta Line (Majlis Park → Deepali Chowk),142.2
383,234,Magenta Line (Krishna Park Extension → Botanical Garden),179.3
383,309,Magenta Line (Botanical Garden → Krishna Park Extension),166.5
384,310,Magenta Line (Botanical Garden → Krishna Park Extension),98.2
384,447,Magenta Line (Krishna Park Extension → Botanical Garden),121.7
385,295,Magenta Line (Botanical Garden → Krishna Park Extension),60.0
385,301,Magenta Line (Krishna Park Extension → Botanical Garden),187.5
386,227,Violet Line (Raja Nahar Singh → Kashmere Gate),140.4
386,362,Violet Line (Kashmere Gate → Raja Nahar Singh),156.6
387,244,Magenta Line (Botanical Garden → Krishna Park Extension),151.9
387,416,Magenta Line (Krishna Park Extension → Botanical Garden),319.6
388,241,Magenta Line (Krishna Park Extension → Botanical Garden),95.8
388,280,Magenta Line (Botanical Garden → Krishna Park Extension),165.7
389,228,Green Line (Inderlok => Brigadier Hoshiyar Singh),162.3
389,453,Green Line (Brigadier Hoshiyar Singh => Inderlok),133.4
390,333,Green Line (Brigadier Hoshiyar Singh => Inderlok),73.4
390,391,Green Line (Inderlok => Brigadier Hoshiyar Singh),104.4
391,390,Green Line (Brigadier Hoshiyar Singh => Inderlok),104.4
391,394,Green Line (Inderlok => Brigadier Hoshiyar Singh),99.0
392,237,Yellow Line (Samaypur Badli → Millennium City Centre),84.7
392,407,Yellow Line (Millennium City Centre → Samaypur Badli),126.8
393,406,Blue Line (Dwarka Sector 21 → Noida Electronic City),96.8
393,428,Blue Line (Noida Electronic City → Dwarka Sector 21),136.9
394,391,Green Line (Brigadier Hoshiyar Singh => Inderlok),99.0
394,459,Green Line (Inderlok => Brigadier Hoshiyar Singh),122.3
395,397,Red Line (Rithala → Shaheed Sthal),87.6
395,435,Red Line (Shaheed Sthal → Rithala),179.4
396,312,Blue Line (Yamuna Bank → Vaishali),133.6
396,370,Blue Line (Vaishali → Yamuna Bank),104.6
397,395,Red Line (Shaheed Sthal → Rithala),87.6
397,456,Red Line (Rithala → Shaheed Sthal),95.1
398,222,Green Line (Brigadier Hoshiyar Singh => Inderlok),95.5
398,399,Green Line (Inderlok => Brigadier Hoshiyar Singh),58.4
399,265,Pink Line (Maujpur - Babarpur → Shiv Vihar),211.4
399,398,Green Line (Brigadier Hoshiyar Singh => Inderlok),58.4
399,432,Pink Line (Shiv Vihar → Maujpur - Babarpur),186.7
399,438,Green Line (Inderlok => Brigadier Hoshiyar Singh),104.4
400,240,Yellow Line (Samaypur Badli → Millennium City Centre),138.9
400,417,Yellow Line (Millennium City Centre → Samaypur Badli),194.5
401,285,Magenta Line (Krishna Park Extension → Botanical Garden),100.6
401,353,Magenta Line (Botanical Garden → Krishna Park Extension),131.9
402,405,Red Line (Rithala → Shaheed Sthal),115.9
402,430,Red Line (Shaheed Sthal → Rithala),133.0
403,419,Violet Line (Raja Nahar Singh → Kashmere Gate),171.5
404,351,Green Line (Inderlok => Brigadier Hoshiyar Singh),137.3
404,359,Green Line (Brigadier Hoshiyar Singh => Inderlok),126.3
405,402,Red Line (Shaheed Sthal → Rithala),116.0
405,441,Red Line (Rithala → Shaheed Sthal),127.0
406,315,Blue Line (Dwarka Sector 21 → Noida Electronic City),106.8
406,393,Blue Line (Noida Electronic City → Dwarka Sector 21),97.2
407,229,Blue Line (Dwarka Sector 21 → Noida Electronic City),64.9
407,368,Yellow Line (Millennium City Centre → Samaypur Badli),130.2
407,392,Yellow Line (Samaypur Badli → Millennium City Centre),127.1
407,410,Blue Line (Noida Electronic City → Dwarka Sector 21),137.0
408,411,Blue Line (Dwarka Sector 21 → Noida Electronic City),101.3
408,451,Blue Line (Noida Electronic City → Dwarka Sector 21),118.9
409,265,Pink Line (Shiv Vihar → Maujpur - Babarpur),86.5
409,340,Pink Line (Maujpur - Babarpur → Shiv Vihar),173.5
410,303,Blue Line (Noida Electronic City → Dwarka Sector 21),107.0
410,407,Blue Line (Dwarka Sector 21 → Noida Electronic City),137.0
411,350,Blue Line (Dwarka Sector 21 → Noida Electronic City),125.8
411,408,Blue Line (Noida Electronic City → Dwarka Sector 21),101.2
412,415,Red Line (Rithala → Shaheed Sthal),108.6
413,332,Red Line (Rithala → Shaheed Sthal),81.6
413,415,Red Line (Shaheed Sthal → Rithala),139.1
414,277,Yellow Line (Samaypur Badli → Millennium City Centre),135.2
414,418,Yellow Line (Millennium City Centre → Samaypur Badli),74.8
415,412,Red Line (Shaheed Sthal → Rithala),108.7
415,413,Red Line (Rithala → Shaheed Sthal),139.1
416,387,Magenta Line (Botanical Garden → Krishna Park Extension),320.0
416,452,Magenta Line (Krishna Park Extension → Botanical Garden),186.3
417,335,Yellow Line (Millennium City Centre → Samaypur Badli),90.7
417,400,Yellow Line (Samaypur Badli → Millennium City Centre),183.9
418,414,Yellow Line (Samaypur Badli → Millennium City Centre),75.4
419,268,Violet Line (Raja Nahar Singh → Kashmere Gate),182.9
419,403,Violet Line (Kashmere Gate → Raja Nahar Singh),171.5
420,226,Violet Line (Raja Nahar Singh → Kashmere Gate),178.9
420,354,Violet Line (Kashmere Gate → Raja Nahar Singh),237.7
421,223,Pink Line (Shiv Vihar → Maujpur - Babarpur),190.9
421,342,Pink Line (Maujpur - Babarpur → Shiv Vihar),388.1
422,300,Violet Line (Raja Nahar Singh → Kashmere Gate),127.3
422,347,Violet Line (Kashmere Gate → Raja Nahar Singh),121.6
423,233,Pink Line (Shiv Vihar → Maujpur - Babarpur),123.5
423,251,Pink Line (Maujpur - Babarpur → Shiv Vihar),101.1
424,222,Green Line (Kirti Nagar => Ashok Park Main),113.1
424,321,Green Line (Ashok Park Main => Kirti Nagar),108.6
425,227,Violet Line (Kashmere Gate → Raja Nahar Singh),181.3
425,344,Violet Line (Raja Nahar Singh → Kashmere Gate),122.8
426,436,Red Line (Shaheed Sthal → Rithala),168.2
426,467,Red Line (Rithala → Shaheed Sthal),115.8
427,237,Yellow Line (Millennium City Centre → Samaypur Badli),74.7
427,330,Yellow Line (Samaypur Badli → Millennium City Centre),142.5
428,322,Blue Line (Noida Electronic City → Dwarka Sector 21),92.0
428,393,Blue Line (Dwarka Sector 21 → Noida Electronic City),136.9
429,338,Red Line (Rithala → Shaheed Sthal),115.1
429,467,Red Line (Shaheed Sthal → Rithala),125.1
430,252,Red Line (Shaheed Sthal → Rithala),127.7
430,402,Red Line (Rithala → Shaheed Sthal),133.1
431,282,Red Line (Shaheed Sthal → Rithala),96.4
432,366,Pink Line (Shiv Vihar → Maujpur - Babarpur),114.1
432,399,Pink Line (Maujpur - Babarpur → Shiv Vihar),185.3
433,224,Pink Line (Shiv Vihar → Maujpur - Babarpur),175.4
433,366,Pink Line (Maujpur - Babarpur → Shiv Vihar),142.4
434,452,Magenta Line (Botanical Garden → Krishna Park Extension),187.3
434,463,Magenta Line (Krishna Park Extension → Botanical Garden),217.1
435,289,Red Line (Shaheed Sthal → Rithala),125.1
435,395,Red Line (Rithala → Shaheed Sthal),179.4
436,316,Red Line (Shaheed Sthal → Rithala),229.0
436,426,Red Line (Rithala → Shaheed Sthal),167.5
437,306,Pink Line (Shiv Vihar → Maujpur - Babarpur),100.3
438,333,Green Line (Inderlok => Brigadier Hoshiyar Singh),115.4
438,399,Green Line (Brigadier Hoshiyar Singh => Inderlok),104.4
439,250,Airport Express Line (New Delhi Airport Express Terminal → Dwarka Sector 25),669.0
439,369,Airport Express Line (Dwarka Sector 25 → New Delhi Airport Express Terminal),199.8
440,342,Pink Line (Shiv Vihar → Maujpur - Babarpur),79.9
440,457,Pink Line (Maujpur - Babarpur → Shiv Vihar),130.8
441,348,Red Line (Rithala → Shaheed Sthal),137.8
441,405,Red Line (Shaheed Sthal → Rithala),127.0
442,276,Yellow Line (Millennium City Centre → Samaypur Badli),95.8
442,331,Yellow Line (Samaypur Badli → Millennium City Centre),136.4
443,233,Pink Line (Maujpur - Babarpur → Shiv Vihar),157.7
443,253,Pink Line (Shiv Vihar → Maujpur - Babarpur),141.4
444,292,Pink Line (Maujpur - Babarpur → Shiv Vihar),132.8
444,356,Pink Line (Shiv Vihar → Maujpur - Babarpur),154.9
445,251,Pink Line (Shiv Vihar → Maujpur - Babarpur),146.1
445,326,Pink Line (Maujpur - Babarpur → Shiv Vihar),188.5
446,451,Blue Line (Dwarka Sector 21 → Noida Electronic City),87.2
446,455,Blue Line (Noida Electronic City → Dwarka Sector 21),101.0
447,295,Magenta Line (Krishna Park Extension → Botanical Garden),122.9
447,384,Magenta Line (Botanical Garden → Krishna Park Extension),121.5
448,240,Yellow Line (Millennium City Centre → Samaypur Badli),159.7
448,271,Yellow Line (Samaypur Badli → Millennium City Centre),135.2
449,290,Blue Line (Dwarka Sector 21 → Noida Electronic City),79.4
449,337,Blue Line (Noida Electronic City → Dwarka Sector 21),89.0
450,358,Green Line (Inderlok => Brigadier Hoshiyar Singh),95.5
450,459,Green Line (Brigadier Hoshiyar Singh => Inderlok),70.9
451,408,Blue Line (Dwarka Sector 21 → Noida Electronic City),119.0
451,446,Blue Line (Noida Electronic City → Dwarka Sector 21),87.3
452,416,Magenta Line (Botanical Garden → Krishna Park Extension),185.6
452,434,Magenta Line (Krishna Park Extension → Botanical Garden),186.8
453,389,Green Line (Inderlok => Brigadier Hoshiyar Singh),133.4
453,454,Green Line (Brigadier Hoshiyar Singh => Inderlok),135.4
454,270,Green Line (Brigadier Hoshiyar Singh => Inderlok),195.2
454,453,Green Line (Inderlok => Brigadier Hoshiyar Singh),135.4
455,296,Blue Line (Noida Electronic City → Dwarka Sector 21),108.4
455,446,Blue Line (Dwarka Sector 21 → Noida Electronic City),101.0
456,316,Red Line (Rithala → Shaheed Sthal),119.4
456,397,Red Line (Shaheed Sthal → Rithala),95.1
457,267,Pink Line (Maujpur - Babarpur → Shiv Vihar),85.0
457,440,Pink Line (Shiv Vihar → Maujpur - Babarpur),144.0
458,226,Violet Line (Kashmere Gate → Raja Nahar Singh),114.4
458,347,Violet Line (Raja Nahar Singh → Kashmere Gate),208.7
459,394,Green Line (Brigadier Hoshiyar Singh => Inderlok),122.3
459,450,Green Line (Inderlok => Brigadier Hoshiyar Singh),70.8
460,297,Blue Line (Dwarka Sector 21 → Noida Electronic City),142.7
460,461,Blue Line (Noida Electronic City → Dwarka Sector 21),104.9
461,361,Blue Line (Noida Electronic City → Dwarka Sector 21),110.6
461,460,Blue Line (Dwarka Sector 21 → Noida Electronic City),104.8
462,317,Blue Line (Vaishali → Yamuna Bank),164.2
463,353,Magenta Line (Krishna Park Extension → Botanical Garden),144.1
463,434,Magenta Line (Botanical Garden → Krishna Park Extension),217.1
464,242,Yellow Line (Samaypur Badli → Millennium City Centre),115.9
464,466,Yellow Line (Millennium City Centre → Samaypur Badli),124.8
465,223,Pink Line (Maujpur - Babarpur → Shiv Vihar),121.3
465,326,Pink Line (Shiv Vihar → Maujpur - Babarpur),116.2
466,269,Yellow Line (Millennium City Centre → Samaypur Badli),92.7
466,464,Yellow Line (Samaypur Badli → Millennium City Centre),125.4
467,426,Red Line (Shaheed Sthal → Rithala),115.6
467,429,Red Line (Rithala → Shaheed Sthal),125.3
468,266,Pink Line (Shiv Vihar → Maujpur - Babarpur),121.6
468,291,Pink Line (Maujpur - Babarpur → Shiv Vihar),123.5
469,217,Blue Line (Dwarka Sector 21 → Noida Electronic City),135.1
469,290,Blue Line (Noida Electronic City → Dwarka Sector 21),192.4
469,329,Blue Line (Yamuna Bank → Vaishali),130.2
470,231,Pink Line (Maujpur - Babarpur → Shiv Vihar),151.2
470,339,Pink Line (Shiv Vihar → Maujpur - Babarpur),122.1
471,262,Airport Express Line (Dwarka Sector 25 → New Delhi Airport Express Terminal),137.4
472,483,Delhi–Meerut RRTS (Modipuram → Sarai Kale Khan),673.8
472,483,Delhi–Meerut RRTS (Duhai Depot → Sarai Kale Khan),673.8
472,484,Delhi–Meerut RRTS (Sarai Kale Khan → Modipuram),578.9
472,484,Delhi–Meerut RRTS (Sarai Kale Khan → Duhai Depot),578.9
473,486,Delhi–Meerut RRTS (Modipuram → Sarai Kale Khan),659.2
473,693,Line 1 (Modipuram → Meerut South),114.9
474,475,Delhi–Meerut RRTS (Sarai Kale Khan → Duhai Depot),182.8
474,477,Delhi–Meerut RRTS (Modipuram → Sarai Kale Khan),415.6
474,477,Delhi–Meerut RRTS (Duhai Depot → Sarai Kale Khan),415.6
474,482,Delhi–Meerut RRTS (Sarai Kale Khan → Modipuram),648.1
475,474,Delhi–Meerut RRTS (Duhai Depot → Sarai Kale Khan),183.5
476,477,Delhi–Meerut RRTS (Sarai Kale Khan → Modipuram),455.9
476,477,Delhi–Meerut RRTS (Sarai Kale Khan → Duhai Depot),455.9
476,484,Delhi–Meerut RRTS (Modipuram → Sarai Kale Khan),471.3
476,484,Delhi–Meerut RRTS (Duhai Depot → Sarai Kale Khan),471.3
477,474,Delhi–Meerut RRTS (Sarai Kale Khan → Modipuram),415.6
477,474,Delhi–Meerut RRTS (Sarai Kale Khan → Duhai Depot),415.6
477,476,Delhi–Meerut RRTS (Modipuram → Sarai Kale Khan),456.0
477,476,Delhi–Meerut RRTS (Duhai Depot → Sarai Kale Khan),456.0
478,479,Delhi–Meerut RRTS (Modipuram → Sarai Kale Khan),877.5
478,486,Delhi–Meerut RRTS (Sarai Kale Khan → Modipuram),657.2
479,478,Delhi–Meerut RRTS (Sarai Kale Khan → Modipuram),877.8
479,480,Delhi–Meerut RRTS (Modipuram → Sarai Kale Khan),405.7
480,479,Delhi–Meerut RRTS (Sarai Kale Khan → Modipuram),405.5
480,482,Delhi–Meerut RRTS (Modipuram → Sarai Kale Khan),728.2
481,473,Delhi–Meerut RRTS (Modipuram → Sarai Kale Khan),885.4
481,698,Line 1 (Modipuram → Meerut South),222.3
482,474,Delhi–Meerut RRTS (Modipuram → Sarai Kale Khan),648.1
482,480,Delhi–Meerut RRTS (Sarai Kale Khan → Modipuram),728.3
483,472,Delhi–Meerut RRTS (Sarai Kale Khan → Modipuram),673.8
483,472,Delhi–Meerut RRTS (Sarai Kale Khan → Duhai Depot),673.8
483,485,Delhi–Meerut RRTS (Modipuram → Sarai Kale Khan),457.7
483,485,Delhi–Meerut RRTS (Duhai Depot → Sarai Kale Khan),457.7
484,472,Delhi–Meerut RRTS (Modipuram → Sarai Kale Khan),577.8
484,472,Delhi–Meerut RRTS (Duhai Depot → Sarai Kale Khan),577.8
484,476,Delhi–Meerut RRTS (Sarai Kale Khan → Modipuram),471.3
484,476,Delhi–Meerut RRTS (Sarai Kale Khan → Duhai Depot),471.3
485,483,Delhi–Meerut RRTS (Sarai Kale Khan → Modipuram),456.5
485,483,Delhi–Meerut RRTS (Sarai Kale Khan → Duhai Depot),456.5
486,478,Delhi–Meerut RRTS (Modipuram → Sarai Kale Khan),657.4
486,692,Delhi–Meerut RRTS (Sarai Kale Khan → Modipuram),658.9
487,488,Rapid MetroRail Gurgaon: S55 → Sikandarpur,75.2
487,490,Rapid MetroRail Gurgaon: Sikandarpur → S55,69.7
488,487,Rapid MetroRail Gurgaon: Sikandarpur → S55,75.2
488,491,Rapid MetroRail Gurgaon: S55 → Sikandarpur,64.6
489,493,Rapid MetroRail Gurgaon: Sikandarpur → S55,166.8
489,497,Rapid MetroRail Gurgaon: S55 → Sikandarpur,112.2
490,487,Rapid MetroRail Gurgaon: S55 → Sikandarpur,69.7
490,492,Rapid MetroRail Gurgaon: Sikandarpur → S55,70.4
491,488,Rapid MetroRail Gurgaon: Sikandarpur → S55,64.6
491,492,Rapid MetroRail Gurgaon: S55 → Sikandarpur,85.0
492,490,Rapid MetroRail Gurgaon: S55 → Sikandarpur,70.4
492,491,Rapid MetroRail Gurgaon: Sikandarpur → S55,85.0
493,489,Rapid MetroRail Gurgaon: S55 → Sikandarpur,166.8
493,494,Rapid MetroRail Gurgaon: Sikandarpur → S55,134.2
494,493,Rapid MetroRail Gurgaon: S55 → Sikandarpur,134.2
494,495,Rapid MetroRail Gurgaon: Sikandarpur → S55,163.3
495,494,Rapid MetroRail Gurgaon: S55 → Sikandarpur,163.3
495,496,Rapid MetroRail Gurgaon: Sikandarpur → S55,113.2
496,495,Rapid MetroRail Gurgaon: S55 → Sikandarpur,113.2
497,489,Rapid MetroRail Gurgaon: Sikandarpur → S55,112.2
497,490,Rapid MetroRail Gurgaon: S55 → Sikandarpur,78.0
497,490,Rapid MetroRail Gurgaon: Sikandarpur → S55,78.5
498,501,Blue Line (Raidurg –-> Nagole),139.5
498,523,Blue Line (Nagole –-> Raidurg),64.2
498,538,Red Line (Miyapur → L. B. Nagar),110.5
498,548,Red Line (L. B. Nagar → Miyapur),80.6
499,521,Red Line (L. B. Nagar → Miyapur),97.4
499,534,Red Line (Miyapur → L. B. Nagar),68.0
500,519,Red Line (L. B. Nagar → Miyapur),152.1
500,529,Red Line (Miyapur → L. B. Nagar),72.6
501,498,Blue Line (Nagole –-> Raidurg),140.4
501,543,Blue Line (Raidurg –-> Nagole),131.8
502,508,Red Line (Miyapur → L. B. Nagar),90.5
502,529,Red Line (L. B. Nagar → Miyapur),103.8
503,505,Red Line (L. B. Nagar → Miyapur),109.7
503,555,Red Line (Miyapur → L. B. Nagar),115.1
504,535,Green Line (JBS –-> MGBS),89.3
504,544,Green Line (MGBS –-> JBS),81.0
505,503,Red Line (Miyapur → L. B. Nagar),117.0
505,530,Red Line (L. B. Nagar → Miyapur),156.8
506,511,Blue Line (Nagole –-> Raidurg),86.8
506,522,Blue Line (Raidurg –-> Nagole),158.0
507,508,Red Line (L. B. Nagar → Miyapur),129.0
507,548,Red Line (Miyapur → L. B. Nagar),70.8
508,502,Red Line (L. B. Nagar → Miyapur),87.3
508,507,Red Line (Miyapur → L. B. Nagar),130.2
509,534,Red Line (L. B. Nagar → Miyapur),80.5
509,537,Red Line (Miyapur → L. B. Nagar),102.2
510,531,Green Line (JBS –-> MGBS),93.5
510,550,Green Line (MGBS –-> JBS),100.9
511,506,Blue Line (Raidurg –-> Nagole),86.9
511,545,Blue Line (Nagole –-> Raidurg),103.5
512,532,Blue Line (Raidurg –-> Nagole),89.9
512,553,Blue Line (Nagole –-> Raidurg),165.2
513,518,Red Line (Miyapur → L. B. Nagar),117.9
513,538,Red Line (L. B. Nagar → Miyapur),107.8
514,540,Green Line (JBS –-> MGBS),51.8
515,517,Red Line (Miyapur → L. B. Nagar),154.9
515,528,Red Line (L. B. Nagar → Miyapur),178.5
516,542,Blue Line (Nagole –-> Raidurg),65.8
516,547,Blue Line (Raidurg –-> Nagole),108.3
517,515,Red Line (L. B. Nagar → Miyapur),154.7
517,519,Red Line (Miyapur → L. B. Nagar),152.6
518,513,Red Line (L. B. Nagar → Miyapur),118.9
518,521,Red Line (Miyapur → L. B. Nagar),100.6
519,500,Red Line (Miyapur → L. B. Nagar),149.8
519,517,Red Line (L. B. Nagar → Miyapur),143.9
520,555,Red Line (L. B. Nagar → Miyapur),147.7
521,499,Red Line (Miyapur → L. B. Nagar),90.7
521,518,Red Line (L. B. Nagar → Miyapur),100.7
522,506,Blue Line (Nagole –-> Raidurg),158.0
522,542,Blue Line (Raidurg –-> Nagole),117.6
523,498,Blue Line (Raidurg –-> Nagole),64.8
523,556,Blue Line (Nagole –-> Raidurg),133.2
524,552,Green Line (MGBS –-> JBS),60.5
525,526,Red Line (Miyapur → L. B. Nagar),91.2
525,537,Red Line (L. B. Nagar → Miyapur),68.8
526,525,Red Line (L. B. Nagar → Miyapur),91.5
526,536,Red Line (Miyapur → L. B. Nagar),112.6
527,549,Blue Line (Nagole –-> Raidurg),157.7
527,553,Blue Line (Raidurg –-> Nagole),130.2
528,515,Red Line (Miyapur → L. B. Nagar),178.6
529,500,Red Line (L. B. Nagar → Miyapur),71.2
529,502,Red Line (Miyapur → L. B. Nagar),102.0
530,505,Red Line (Miyapur → L. B. Nagar),156.6
530,536,Red Line (L. B. Nagar → Miyapur),101.7
531,510,Green Line (MGBS –-> JBS),93.3
531,544,Green Line (JBS –-> MGBS),130.5
532,512,Blue Line (Nagole –-> Raidurg),90.1
532,551,Blue Line (Raidurg –-> Nagole),124.0
533,554,Blue Line (Nagole –-> Raidurg),107.2
534,499,Red Line (L. B. Nagar → Miyapur),65.1
534,509,Red Line (Miyapur → L. B. Nagar),82.8
535,504,Green Line (MGBS –-> JBS),89.3
535,552,Green Line (JBS –-> MGBS),133.8
536,526,Red Line (L. B. Nagar → Miyapur),112.6
536,530,Red Line (Miyapur → L. B. Nagar),101.8
537,509,Red Line (L. B. Nagar → Miyapur),98.6
537,525,Red Line (Miyapur → L. B. Nagar),58.0
538,498,Red Line (L. B. Nagar → Miyapur),103.6
538,513,Red Line (Miyapur → L. B. Nagar),111.4
539,541,Blue Line (Nagole –-> Raidurg),125.4
539,549,Blue Line (Raidurg –-> Nagole),125.3
540,514,Green Line (MGBS –-> JBS),52.6
540,550,Green Line (JBS –-> MGBS),127.5
541,539,Blue Line (Raidurg –-> Nagole),125.4
541,546,Blue Line (Nagole –-> Raidurg),109.9
542,516,Blue Line (Raidurg –-> Nagole),65.9
542,522,Blue Line (Nagole –-> Raidurg),117.8
543,501,Blue Line (Nagole –-> Raidurg),131.2
543,546,Blue Line (Raidurg –-> Nagole),118.5
544,504,Green Line (JBS –-> MGBS),80.9
544,531,Green Line (MGBS –-> JBS),130.4
545,511,Blue Line (Raidurg –-> Nagole),104.3
546,541,Blue Line (Raidurg –-> Nagole),109.9
546,543,Blue Line (Nagole –-> Raidurg),118.6
547,516,Blue Line (Nagole –-> Raidurg),108.4
547,556,Blue Line (Raidurg –-> Nagole),74.6
548,498,Red Line (Miyapur → L. B. Nagar),80.6
548,507,Red Line (L. B. Nagar → Miyapur),80.4
549,527,Blue Line (Raidurg –-> Nagole),157.6
549,539,Blue Line (Nagole –-> Raidurg),124.6
550,510,Green Line (JBS –-> MGBS),100.3
550,540,Green Line (MGBS –-> JBS),126.2
551,532,Blue Line (Nagole –-> Raidurg),123.9
551,554,Blue Line (Raidurg –-> Nagole),108.9
552,524,Green Line (JBS –-> MGBS),59.9
552,535,Green Line (MGBS –-> JBS),133.6
553,512,Blue Line (Raidurg –-> Nagole),165.4
553,527,Blue Line (Nagole –-> Raidurg),130.3
554,533,Blue Line (Raidurg –-> Nagole),112.5
554,551,Blue Line (Nagole –-> Raidurg),108.6
555,503,Red Line (L. B. Nagar → Miyapur),119.9
555,520,Red Line (Miyapur → L. B. Nagar),147.4
556,523,Blue Line (Raidurg –-> Nagole),133.4
556,547,Blue Line (Nagole –-> Raidurg),75.3
557,558,Metro Yellow Line: Devi Ahilya Bai Holkar Terminal → Radisson Square,448.7
558,559,Metro Yellow Line: Radisson Square → Devi Ahilya Bai Holkar Terminal,132.0
559,560,Metro Yellow Line: Radisson Square → Devi Ahilya Bai Holkar Terminal,129.3
559,561,Metro Yellow Line: Devi Ahilya Bai Holkar Terminal → Radisson Square,235.5
560,559,Metro Yellow Line: Devi Ahilya Bai Holkar Terminal → Radisson Square,129.3
560,561,Metro Yellow Line: Radisson Square → Devi Ahilya Bai Holkar Terminal,108.4
561,557,Metro Yellow Line: Radisson Square → Devi Ahilya Bai Holkar Terminal,83.0
561,557,Metro Yellow Line: Devi Ahilya Bai Holkar Terminal → Radisson Square,83.0
562,564,Pink Line (Badi Chaupar --> Mansarovar),88.7
563,564,Pink Line (Mansarovar --> Badi Chaupar),112.6
563,571,Pink Line (Badi Chaupar --> Mansarovar),95.7
564,562,Pink Line (Mansarovar --> Badi Chaupar),88.7
564,563,Pink Line (Badi Chaupar --> Mansarovar),112.6
565,568,Pink Line (Mansarovar --> Badi Chaupar),137.5
565,569,Pink Line (Badi Chaupar --> Mansarovar),112.3
566,567,Pink Line (Mansarovar --> Badi Chaupar),149.0
567,566,Pink Line (Badi Chaupar --> Mansarovar),149.1
567,572,Pink Line (Mansarovar --> Badi Chaupar),105.2
568,565,Pink Line (Badi Chaupar --> Mansarovar),138.1
568,571,Pink Line (Mansarovar --> Badi Chaupar),115.3
569,565,Pink Line (Mansarovar --> Badi Chaupar),112.7
569,570,Pink Line (Badi Chaupar --> Mansarovar),74.8
570,569,Pink Line (Mansarovar --> Badi Chaupar),74.7
570,572,Pink Line (Badi Chaupar --> Mansarovar),96.7
571,563,Pink Line (Mansarovar --> Badi Chaupar),95.6
571,568,Pink Line (Badi Chaupar --> Mansarovar),114.9
572,567,Pink Line (Badi Chaupar --> Mansarovar),105.8
572,570,Pink Line (Mansarovar --> Badi Chaupar),96.7
573,582,Orange Line (Kanpur Central -> IIT Kanpur),74.8
573,583,Orange Line (IIT Kanpur -> Kanpur Central),124.0
574,581,Orange Line (Kanpur Central -> IIT Kanpur),202.7
574,582,Orange Line (IIT Kanpur -> Kanpur Central),94.7
575,576,Orange Line (Kanpur Central -> IIT Kanpur),97.5
575,584,Orange Line (IIT Kanpur -> Kanpur Central),96.2
576,575,Orange Line (IIT Kanpur -> Kanpur Central),97.5
576,586,Orange Line (Kanpur Central -> IIT Kanpur),186.4
577,578,Orange Line (IIT Kanpur -> Kanpur Central),78.1
578,577,Orange Line (Kanpur Central -> IIT Kanpur),78.0
578,585,Orange Line (IIT Kanpur -> Kanpur Central),87.3
579,583,Orange Line (Kanpur Central -> IIT Kanpur),145.3
580,581,Orange Line (IIT Kanpur -> Kanpur Central),66.3
580,584,Orange Line (Kanpur Central -> IIT Kanpur),127.4
581,574,Orange Line (IIT Kanpur -> Kanpur Central),202.2
581,580,Orange Line (Kanpur Central -> IIT Kanpur),66.3
582,573,Orange Line (IIT Kanpur -> Kanpur Central),74.5
582,574,Orange Line (Kanpur Central -> IIT Kanpur),94.2
583,573,Orange Line (Kanpur Central -> IIT Kanpur),124.9
583,579,Orange Line (IIT Kanpur -> Kanpur Central),144.6
584,575,Orange Line (Kanpur Central -> IIT Kanpur),96.2
584,580,Orange Line (IIT Kanpur -> Kanpur Central),127.5
585,578,Orange Line (Kanpur Central -> IIT Kanpur),87.1
585,586,Orange Line (IIT Kanpur -> Kanpur Central),93.9
586,576,Orange Line (IIT Kanpur -> Kanpur Central),186.4
586,585,Orange Line (Kanpur Central -> IIT Kanpur),93.9
587,605,Kochi Metro Phase I: Aluva => Thrippunithura Terminal,180.8
588,591,Kochi Metro Phase I: Thrippunithura Terminal => Aluva,102.9
588,601,Kochi Metro Phase I: Aluva => Thrippunithura Terminal,96.6
589,592,Kochi Metro Phase I: Thrippunithura Terminal => Aluva,136.4
589,602,Kochi Metro Phase I: Aluva => Thrippunithura Terminal,106.4
590,597,Kochi Metro Phase I: Thrippunithura Terminal => Aluva,145.5
590,603,Kochi Metro Phase I: Aluva => Thrippunithura Terminal,130.5
591,588,Kochi Metro Phase I: Aluva => Thrippunithura Terminal,104.5
591,605,Kochi Metro Phase I: Thrippunithura Terminal => Aluva,100.5
592,589,Kochi Metro Phase I: Aluva => Thrippunithura Terminal,137.9
592,603,Kochi Metro Phase I: Thrippunithura Terminal => Aluva,146.5
593,596,Kochi Metro Phase I: Thrippunithura Terminal => Aluva,118.3
593,611,Kochi Metro Phase I: Aluva => Thrippunithura Terminal,139.1
594,596,Kochi Metro Phase I: Aluva => Thrippunithura Terminal,102.4
594,600,Kochi Metro Phase I: Thrippunithura Terminal => Aluva,75.5
595,598,Kochi Metro Phase I: Aluva => Thrippunithura Terminal,114.3
595,602,Kochi Metro Phase I: Thrippunithura Terminal => Aluva,94.1
596,593,Kochi Metro Phase I: Aluva => Thrippunithura Terminal,118.4
596,594,Kochi Metro Phase I: Thrippunithura Terminal => Aluva,102.3
597,590,Kochi Metro Phase I: Aluva => Thrippunithura Terminal,145.5
597,601,Kochi Metro Phase I: Thrippunithura Terminal => Aluva,214.0
598,595,Kochi Metro Phase I: Thrippunithura Terminal => Aluva,114.2
598,609,Kochi Metro Phase I: Aluva => Thrippunithura Terminal,50.4
599,600,Kochi Metro Phase I: Aluva => Thrippunithura Terminal,123.2
599,609,Kochi Metro Phase I: Thrippunithura Terminal => Aluva,116.1
600,594,Kochi Metro Phase I: Aluva => Thrippunithura Terminal,74.7
600,599,Kochi Metro Phase I: Thrippunithura Terminal => Aluva,123.2
601,588,Kochi Metro Phase I: Thrippunithura Terminal => Aluva,97.9
601,597,Kochi Metro Phase I: Aluva => Thrippunithura Terminal,213.8
602,589,Kochi Metro Phase I: Thrippunithura Terminal => Aluva,106.7
602,595,Kochi Metro Phase I: Aluva => Thrippunithura Terminal,94.9
603,590,Kochi Metro Phase I: Thrippunithura Terminal => Aluva,130.3
603,592,Kochi Metro Phase I: Aluva => Thrippunithura Terminal,144.8
604,608,Kochi Metro Phase I: Thrippunithura Terminal => Aluva,114.1
604,610,Kochi Metro Phase I: Aluva => Thrippunithura Terminal,108.7
605,587,Kochi Metro Phase I: Thrippunithura Terminal => Aluva,180.7
605,591,Kochi Metro Phase I: Aluva => Thrippunithura Terminal,100.7
606,607,Kochi Metro Phase I: Aluva => Thrippunithura Terminal,84.9
606,610,Kochi Metro Phase I: Thrippunithura Terminal => Aluva,79.6
607,606,Kochi Metro Phase I: Thrippunithura Terminal => Aluva,79.8
608,604,Kochi Metro Phase I: Aluva => Thrippunithura Terminal,113.7
608,611,Kochi Metro Phase I: Thrippunithura Terminal => Aluva,96.3
609,598,Kochi Metro Phase I: Thrippunithura Terminal => Aluva,50.5
609,599,Kochi Metro Phase I: Aluva => Thrippunithura Terminal,115.7
610,604,Kochi Metro Phase I: Thrippunithura Terminal => Aluva,109.0
610,606,Kochi Metro Phase I: Aluva => Thrippunithura Terminal,76.3
611,593,Kochi Metro Phase I: Thrippunithura Terminal => Aluva,138.4
611,608,Kochi Metro Phase I: Aluva => Thrippunithura Terminal,96.0
612,623,Blue Line (Kavi Subhash → Dakshineshwar),183.0
612,652,Blue Line (Dakshineshwar → Kavi Subhash),211.5
613,616,Orange Line (Kavi Subhash → Beleghata),95.8
613,658,Orange Line (Beleghata → Kavi Subhash),130.2
614,615,Purple Line (Majerhat → Joka),140.3
614,668,Purple Line (Joka → Majerhat),109.2
615,614,Purple Line (Joka → Majerhat),140.2
615,659,Purple Line (Majerhat → Joka),151.0
616,613,Orange Line (Beleghata → Kavi Subhash),95.3
617,624,Blue Line (Kavi Subhash → Dakshineshwar),190.3
617,667,Blue Line (Dakshineshwar → Kavi Subhash),158.6
618,622,Green Line (Howrah Maidan → Salt Lake Sector V),108.7
618,662,Green Line (Salt Lake Sector V → Howrah Maidan),84.1
619,621,Blue Line (Dakshineshwar → Kavi Subhash),80.5
619,646,Blue Line (Kavi Subhash → Dakshineshwar),103.0
620,622,Green Line (Salt Lake Sector V → Howrah Maidan),92.2
620,639,Green Line (Howrah Maidan → Salt Lake Sector V),80.1
621,619,Blue Line (Kavi Subhash → Dakshineshwar),80.8
621,626,Blue Line (Dakshineshwar → Kavi Subhash),49.5
622,618,Green Line (Salt Lake Sector V → Howrah Maidan),108.1
622,620,Green Line (Howrah Maidan → Salt Lake Sector V),92.5
623,612,Blue Line (Dakshineshwar → Kavi Subhash),183.3
624,617,Blue Line (Dakshineshwar → Kavi Subhash),185.5
624,652,Blue Line (Kavi Subhash → Dakshineshwar),218.6
625,635,Yellow Line (Noapara → Jai Hind),191.3
625,653,Yellow Line (Jai Hind → Noapara),196.1
626,621,Blue Line (Kavi Subhash → Dakshineshwar),53.2
626,654,Blue Line (Dakshineshwar → Kavi Subhash),102.1
627,644,Green Line (Salt Lake Sector V → Howrah Maidan),92.9
627,664,Green Line (Howrah Maidan → Salt Lake Sector V),215.5
628,646,Blue Line (Dakshineshwar → Kavi Subhash),72.2
628,666,Blue Line (Kavi Subhash → Dakshineshwar),104.6
629,640,Blue Line (Dakshineshwar → Kavi Subhash),134.1
629,649,Blue Line (Kavi Subhash → Dakshineshwar),110.1
630,643,Orange Line (Beleghata → Kavi Subhash),112.0
630,670,Orange Line (Kavi Subhash → Beleghata),128.0
631,632,Green Line (Salt Lake Sector V → Howrah Maidan),65.9
631,644,Green Line (Howrah Maidan → Salt Lake Sector V),173.7
632,631,Green Line (Howrah Maidan → Salt Lake Sector V),66.8
633,635,Yellow Line (Jai Hind → Noapara),124.6
634,638,Blue Line (Dakshineshwar → Kavi Subhash),85.1
634,651,Blue Line (Kavi Subhash → Dakshineshwar),107.7
635,625,Yellow Line (Jai Hind → Noapara),191.1
635,633,Yellow Line (Noapara → Jai Hind),124.2
636,669,Purple Line (Joka → Majerhat),153.5
637,643,Orange Line (Kavi Subhash → Beleghata),116.5
637,663,Orange Line (Beleghata → Kavi Subhash),142.7
638,634,Blue Line (Kavi Subhash → Dakshineshwar),83.7
638,657,Blue Line (Dakshineshwar → Kavi Subhash),111.5
639,620,Green Line (Salt Lake Sector V → Howrah Maidan),79.6
639,661,Green Line (Howrah Maidan → Salt Lake Sector V),102.0
640,629,Blue Line (Kavi Subhash → Dakshineshwar),124.9
640,665,Blue Line (Dakshineshwar → Kavi Subhash),120.7
641,665,Blue Line (Kavi Subhash → Dakshineshwar),103.8
642,663,Orange Line (Kavi Subhash → Beleghata),171.3
643,630,Orange Line (Kavi Subhash → Beleghata),111.8
643,637,Orange Line (Beleghata → Kavi Subhash),116.6
644,627,Green Line (Howrah Maidan → Salt Lake Sector V),92.1
644,631,Green Line (Salt Lake Sector V → Howrah Maidan),172.7
645,650,Blue Line (Dakshineshwar → Kavi Subhash),159.2
645,657,Blue Line (Kavi Subhash → Dakshineshwar),144.2
646,619,Blue Line (Dakshineshwar → Kavi Subhash),103.2
646,628,Blue Line (Kavi Subhash → Dakshineshwar),75.1
647,654,Blue Line (Kavi Subhash → Dakshineshwar),66.7
647,656,Blue Line (Dakshineshwar → Kavi Subhash),94.4
648,668,Purple Line (Majerhat → Joka),137.8
649,629,Blue Line (Dakshineshwar → Kavi Subhash),109.8
649,650,Blue Line (Kavi Subhash → Dakshineshwar),188.7
650,645,Blue Line (Kavi Subhash → Dakshineshwar),164.2
650,649,Blue Line (Dakshineshwar → Kavi Subhash),177.9
651,634,Blue Line (Dakshineshwar → Kavi Subhash),106.2
651,656,Blue Line (Kavi Subhash → Dakshineshwar),98.7
652,612,Blue Line (Kavi Subhash → Dakshineshwar),210.6
652,624,Blue Line (Dakshineshwar → Kavi Subhash),228.2
653,625,Yellow Line (Noapara → Jai Hind),194.9
654,626,Blue Line (Kavi Subhash → Dakshineshwar),98.6
654,647,Blue Line (Dakshineshwar → Kavi Subhash),67.1
655,662,Green Line (Howrah Maidan → Salt Lake Sector V),139.0
655,664,Green Line (Salt Lake Sector V → Howrah Maidan),228.4
656,647,Blue Line (Kavi Subhash → Dakshineshwar),94.2
656,651,Blue Line (Dakshineshwar → Kavi Subhash),99.2
657,638,Blue Line (Kavi Subhash → Dakshineshwar),111.5
657,645,Blue Line (Dakshineshwar → Kavi Subhash),151.5
658,613,Orange Line (Kavi Subhash → Beleghata),130.2
658,670,Orange Line (Beleghata → Kavi Subhash),97.1
659,669,Purple Line (Majerhat → Joka),125.5
660,615,Purple Line (Joka → Majerhat),151.1
661,639,Green Line (Salt Lake Sector V → Howrah Maidan),102.8
662,618,Green Line (Howrah Maidan → Salt Lake Sector V),84.1
662,655,Green Line (Salt Lake Sector V → Howrah Maidan),139.4
663,637,Orange Line (Kavi Subhash → Beleghata),142.7
663,642,Orange Line (Beleghata → Kavi Subhash),170.2
664,627,Green Line (Salt Lake Sector V → Howrah Maidan),215.7
664,655,Green Line (Howrah Maidan → Salt Lake Sector V),228.1
665,640,Blue Line (Kavi Subhash → Dakshineshwar),123.0
665,641,Blue Line (Dakshineshwar → Kavi Subhash),94.9
666,628,Blue Line (Dakshineshwar → Kavi Subhash),105.8
666,667,Blue Line (Kavi Subhash → Dakshineshwar),103.0
667,617,Blue Line (Kavi Subhash → Dakshineshwar),160.5
667,666,Blue Line (Dakshineshwar → Kavi Subhash),103.7
668,614,Purple Line (Majerhat → Joka),109.1
668,648,Purple Line (Joka → Majerhat),137.8
669,636,Purple Line (Majerhat → Joka),153.7
669,660,Purple Line (Joka → Majerhat),125.4
670,630,Orange Line (Beleghata → Kavi Subhash),128.1
670,658,Orange Line (Kavi Subhash → Beleghata),97.5
671,672,Red Line (Chaudhary Charan Singh International Airport → Munshipulia),72.2
671,689,Red Line (Munshipulia → Chaudhary Charan Singh International Airport),142.7
672,671,Red Line (Munshipulia → Chaudhary Charan Singh International Airport),72.3
672,686,Red Line (Chaudhary Charan Singh International Airport → Munshipulia),84.2
673,677,Red Line (Munshipulia → Chaudhary Charan Singh International Airport),73.0
673,690,Red Line (Chaudhary Charan Singh International Airport → Munshipulia),81.0
674,681,Red Line (Munshipulia → Chaudhary Charan Singh International Airport),161.5
674,685,Red Line (Chaudhary Charan Singh International Airport → Munshipulia),134.0
675,682,Red Line (Chaudhary Charan Singh International Airport → Munshipulia),89.7
675,685,Red Line (Munshipulia → Chaudhary Charan Singh International Airport),89.0
676,678,Red Line (Munshipulia → Chaudhary Charan Singh International Airport),80.6
676,680,Red Line (Chaudhary Charan Singh International Airport → Munshipulia),136.5
677,673,Red Line (Chaudhary Charan Singh International Airport → Munshipulia),83.5
678,676,Red Line (Chaudhary Charan Singh International Airport → Munshipulia),80.6
678,686,Red Line (Munshipulia → Chaudhary Charan Singh International Airport),97.2
679,683,Red Line (Chaudhary Charan Singh International Airport → Munshipulia),67.7
679,688,Red Line (Munshipulia → Chaudhary Charan Singh International Airport),100.7
680,676,Red Line (Munshipulia → Chaudhary Charan Singh International Airport),137.0
680,688,Red Line (Chaudhary Charan Singh International Airport → Munshipulia),69.2
681,674,Red Line (Chaudhary Charan Singh International Airport → Munshipulia),161.4
681,691,Red Line (Munshipulia → Chaudhary Charan Singh International Airport),90.3
682,675,Red Line (Munshipulia → Chaudhary Charan Singh International Airport),89.8
682,687,Red Line (Chaudhary Charan Singh International Airport → Munshipulia),184.5
683,679,Red Line (Munshipulia → Chaudhary Charan Singh International Airport),67.5
683,691,Red Line (Chaudhary Charan Singh International Airport → Munshipulia),138.6
684,689,Red Line (Chaudhary Charan Singh International Airport → Munshipulia),112.9
684,690,Red Line (Munshipulia → Chaudhary Charan Singh International Airport),212.2
685,674,Red Line (Munshipulia → Chaudhary Charan Singh International Airport),134.1
685,675,Red Line (Chaudhary Charan Singh International Airport → Munshipulia),89.1
686,672,Red Line (Munshipulia → Chaudhary Charan Singh International Airport),84.5
686,678,Red Line (Chaudhary Charan Singh International Airport → Munshipulia),97.7
687,682,Red Line (Munshipulia → Chaudhary Charan Singh International Airport),185.4
688,679,Red Line (Chaudhary Charan Singh International Airport → Munshipulia),99.8
688,680,Red Line (Munshipulia → Chaudhary Charan Singh International Airport),68.9
689,671,Red Line (Chaudhary Charan Singh International Airport → Munshipulia),142.8
689,684,Red Line (Munshipulia → Chaudhary Charan Singh International Airport),112.9
690,673,Red Line (Munshipulia → Chaudhary Charan Singh International Airport),92.9
690,684,Red Line (Chaudhary Charan Singh International Airport → Munshipulia),218.9
691,681,Red Line (Chaudhary Charan Singh International Airport → Munshipulia),90.9
691,683,Red Line (Munshipulia → Chaudhary Charan Singh International Airport),138.1
692,696,Line 1 (Meerut South → Modipuram),225.4
692,700,Delhi–Meerut RRTS (Sarai Kale Khan → Modipuram),885.4
693,692,Line 1 (Meerut South → Modipuram),114.6
693,697,Line 1 (Modipuram → Meerut South),203.9
694,697,Line 1 (Meerut South → Modipuram),158.7
694,703,Line 1 (Modipuram → Meerut South),185.1
695,696,Line 1 (Modipuram → Meerut South),291.0
695,698,Line 1 (Meerut South → Modipuram),148.1
696,473,Line 1 (Modipuram → Meerut South),225.1
696,695,Line 1 (Meerut South → Modipuram),290.8
697,693,Line 1 (Meerut South → Modipuram),204.1
697,694,Line 1 (Modipuram → Meerut South),158.5
698,695,Line 1 (Modipuram → Meerut South),148.1
698,700,Line 1 (Meerut South → Modipuram),222.3
699,701,Line 1 (Meerut South → Modipuram),273.5
701,699,Line 1 (Modipuram → Meerut South),273.4
701,702,Line 1 (Meerut South → Modipuram),155.8
702,701,Line 1 (Modipuram → Meerut South),155.6
702,703,Line 1 (Meerut South → Modipuram),228.7
703,694,Line 1 (Meerut South → Modipuram),184.4
703,702,Line 1 (Modipuram → Meerut South),229.0
704,735,Line 7 (Gundavali → Dahisar (East)),119.8
704,739,Line 7 (Dahisar (East) → Gundavali),201.9
705,770,Line 3 (Aarey JVLR → Cuffe Parade),138.4
706,774,Line 3 (Aarey JVLR → Cuffe Parade),90.5
706,784,Line 3 (Cuffe Parade → Aarey JVLR),127.7
707,720,Line 1 (Ghatkopar → Versova),75.4
707,761,Line 1 (Versova → Ghatkopar),63.1
708,750,Line 7 (Dahisar (East) → Gundavali),133.4
708,756,Line 7 (Gundavali → Dahisar (East)),70.3
709,728,Line 2 (Andheri West → Dahisar (East)),68.7
709,769,Line 2 (Dahisar (East) → Andheri West),169.7
710,713,Line 1 (Ghatkopar → Versova),141.2
710,782,Line 1 (Versova → Ghatkopar),98.1
711,752,Line 2 (Andheri West → Dahisar (East)),135.1
712,745,Line 1 (Versova → Ghatkopar),91.8
712,772,Line 1 (Ghatkopar → Versova),112.9
713,710,Line 1 (Versova → Ghatkopar),147.1
713,725,Line 1 (Ghatkopar → Versova),83.9
714,715,Line 3 (Aarey JVLR → Cuffe Parade),120.4
714,773,Line 3 (Cuffe Parade → Aarey JVLR),111.0
715,714,Line 3 (Cuffe Parade → Aarey JVLR),122.8
715,733,Line 3 (Aarey JVLR → Cuffe Parade),175.9
716,740,Line 2 (Dahisar (East) → Andheri West),102.5
716,751,Line 2 (Andheri West → Dahisar (East)),121.1
717,736,Line 2 (Andheri West → Dahisar (East)),109.9
717,775,Line 2 (Dahisar (East) → Andheri West),100.2
718,771,Line 3 (Cuffe Parade → Aarey JVLR),158.7
718,773,Line 3 (Aarey JVLR → Cuffe Parade),186.2
719,762,Line 3 (Cuffe Parade → Aarey JVLR),87.2
719,771,Line 3 (Aarey JVLR → Cuffe Parade),99.0
720,707,Line 1 (Versova → Ghatkopar),76.1
720,783,Line 1 (Ghatkopar → Versova),131.6
721,734,Line 2B (Chembur → Mandale),96.4
722,743,Line 3 (Aarey JVLR → Cuffe Parade),78.8
722,747,Line 3 (Cuffe Parade → Aarey JVLR),82.6
723,743,Line 3 (Cuffe Parade → Aarey JVLR),69.3
723,781,Line 3 (Aarey JVLR → Cuffe Parade),79.7
724,781,Line 3 (Cuffe Parade → Aarey JVLR),141.0
725,713,Line 1 (Versova → Ghatkopar),84.0
725,780,Line 1 (Ghatkopar → Versova),93.1
726,776,Line 3 (Cuffe Parade → Aarey JVLR),175.8
726,778,Line 3 (Aarey JVLR → Cuffe Parade),127.7
727,748,Line 2 (Andheri West → Dahisar (East)),95.5
727,779,Line 2 (Dahisar (East) → Andheri West),110.3
728,709,Line 2 (Dahisar (East) → Andheri West),67.9
729,766,Line 7 (Dahisar (East) → Gundavali),94.1
730,767,Line 9 (Dahisar (East) → Kashigaon),121.5
731,760,Line 2B (Chembur → Mandale),159.0
731,777,Line 2B (Mandale → Chembur),129.0
732,754,Line 7 (Dahisar (East) → Gundavali),89.1
732,768,Line 7 (Gundavali → Dahisar (East)),120.8
733,715,Line 3 (Cuffe Parade → Aarey JVLR),178.5
733,776,Line 3 (Aarey JVLR → Cuffe Parade),122.8
734,721,Line 2B (Mandale → Chembur),110.4
734,777,Line 2B (Chembur → Mandale),80.3
735,704,Line 7 (Dahisar (East) → Gundavali),119.7
735,750,Line 7 (Gundavali → Dahisar (East)),86.0
736,717,Line 2 (Dahisar (East) → Andheri West),109.4
736,759,Line 2 (Andheri West → Dahisar (East)),109.8
737,745,Line 1 (Ghatkopar → Versova),107.1
738,741,Line 3 (Cuffe Parade → Aarey JVLR),138.4
738,747,Line 3 (Aarey JVLR → Cuffe Parade),87.2
739,704,Line 7 (Gundavali → Dahisar (East)),201.9
739,746,Line 7 (Dahisar (East) → Gundavali),112.0
740,716,Line 2 (Andheri West → Dahisar (East)),115.7
740,765,Line 2 (Dahisar (East) → Andheri West),84.4
741,738,Line 3 (Aarey JVLR → Cuffe Parade),137.7
741,744,Line 3 (Cuffe Parade → Aarey JVLR),86.5
742,764,Line 7 (Gundavali → Dahisar (East)),163.2
743,722,Line 3 (Cuffe Parade → Aarey JVLR),77.7
743,723,Line 3 (Aarey JVLR → Cuffe Parade),69.1
744,741,Line 3 (Aarey JVLR → Cuffe Parade),86.5
744,755,Line 3 (Cuffe Parade → Aarey JVLR),120.4
745,712,Line 1 (Ghatkopar → Versova),89.2
745,737,Line 1 (Versova → Ghatkopar),92.1
746,739,Line 7 (Gundavali → Dahisar (East)),112.0
746,764,Line 7 (Dahisar (East) → Gundavali),169.7
747,722,Line 3 (Aarey JVLR → Cuffe Parade),82.5
747,738,Line 3 (Cuffe Parade → Aarey JVLR),87.2
748,727,Line 2 (Dahisar (East) → Andheri West),95.2
748,775,Line 2 (Andheri West → Dahisar (East)),110.7
749,763,Line 9 (Kashigaon → Dahisar (East)),78.6
750,708,Line 7 (Gundavali → Dahisar (East)),133.3
750,735,Line 7 (Dahisar (East) → Gundavali),86.0
751,716,Line 2 (Dahisar (East) → Andheri West),134.0
751,757,Line 2 (Andheri West → Dahisar (East)),142.7
752,711,Line 2 (Dahisar (East) → Andheri West),135.3
752,765,Line 2 (Andheri West → Dahisar (East)),67.3
753,762,Line 3 (Aarey JVLR → Cuffe Parade),116.6
753,770,Line 3 (Cuffe Parade → Aarey JVLR),103.2
754,732,Line 7 (Gundavali → Dahisar (East)),89.1
754,756,Line 7 (Dahisar (East) → Gundavali),160.5
755,744,Line 3 (Aarey JVLR → Cuffe Parade),120.3
755,774,Line 3 (Cuffe Parade → Aarey JVLR),140.8
756,708,Line 7 (Dahisar (East) → Gundavali),70.6
756,754,Line 7 (Gundavali → Dahisar (East)),161.1
757,751,Line 2 (Dahisar (East) → Andheri West),142.9
757,779,Line 2 (Andheri West → Dahisar (East)),136.9
758,760,Line 2B (Mandale → Chembur),82.9
759,736,Line 2 (Dahisar (East) → Andheri West),110.2
759,769,Line 2 (Andheri West → Dahisar (East)),98.8
760,731,Line 2B (Mandale → Chembur),159.4
760,758,Line 2B (Chembur → Mandale),83.6
761,707,Line 1 (Ghatkopar → Versova),63.4
761,772,Line 1 (Versova → Ghatkopar),108.1
762,719,Line 3 (Aarey JVLR → Cuffe Parade),90.7
762,753,Line 3 (Cuffe Parade → Aarey JVLR),112.4
763,749,Line 9 (Dahisar (East) → Kashigaon),77.6
763,767,Line 9 (Kashigaon → Dahisar (East)),155.4
764,742,Line 7 (Dahisar (East) → Gundavali),163.1
764,746,Line 7 (Gundavali → Dahisar (East)),169.6
765,740,Line 2 (Andheri West → Dahisar (East)),83.8
765,752,Line 2 (Dahisar (East) → Andheri West),66.6
766,729,Line 7 (Gundavali → Dahisar (East)),93.9
766,768,Line 7 (Dahisar (East) → Gundavali),98.2
767,730,Line 9 (Kashigaon → Dahisar (East)),121.6
767,763,Line 9 (Dahisar (East) → Kashigaon),155.7
768,732,Line 7 (Dahisar (East) → Gundavali),120.9
768,766,Line 7 (Gundavali → Dahisar (East)),98.1
769,709,Line 2 (Andheri West → Dahisar (East)),170.1
769,759,Line 2 (Dahisar (East) → Andheri West),98.4
770,705,Line 3 (Cuffe Parade → Aarey JVLR),128.6
770,753,Line 3 (Aarey JVLR → Cuffe Parade),94.2
771,718,Line 3 (Aarey JVLR → Cuffe Parade),162.2
771,719,Line 3 (Cuffe Parade → Aarey JVLR),106.7
772,712,Line 1 (Versova → Ghatkopar),113.0
772,761,Line 1 (Ghatkopar → Versova),108.3
773,714,Line 3 (Aarey JVLR → Cuffe Parade),114.3
773,718,Line 3 (Cuffe Parade → Aarey JVLR),187.8
774,706,Line 3 (Cuffe Parade → Aarey JVLR),90.7
774,755,Line 3 (Aarey JVLR → Cuffe Parade),141.3
775,717,Line 2 (Andheri West → Dahisar (East)),100.2
775,748,Line 2 (Dahisar (East) → Andheri West),111.1
776,726,Line 3 (Aarey JVLR → Cuffe Parade),178.3
776,733,Line 3 (Cuffe Parade → Aarey JVLR),127.6
777,731,Line 2B (Chembur → Mandale),115.3
777,734,Line 2B (Mandale → Chembur),64.9
778,726,Line 3 (Cuffe Parade → Aarey JVLR),129.6
778,784,Line 3 (Aarey JVLR → Cuffe Parade),151.6
779,727,Line 2 (Andheri West → Dahisar (East)),110.4
779,757,Line 2 (Dahisar (East) → Andheri West),136.9
780,725,Line 1 (Versova → Ghatkopar),107.1
781,723,Line 3 (Cuffe Parade → Aarey JVLR),80.6
781,724,Line 3 (Aarey JVLR → Cuffe Parade),142.2
782,720,Line 1 (Versova → Ghatkopar),131.7
783,710,Line 1 (Ghatkopar → Versova),103.0
784,706,Line 3 (Aarey JVLR → Cuffe Parade),127.2
784,778,Line 3 (Cuffe Parade → Aarey JVLR),158.0
785,809,Green Line (u/c),187.1
786,817,Green Line (u/c),92.6
787,804,Green Line (u/c),76.4
788,787,Green Line (u/c),103.9
789,799,Green Line (u/c),84.8
790,814,Green Line (u/c),145.5
791,794,Green Line (u/c),155.0
792,785,Green Line (u/c),65.7
793,808,Green Line (u/c),77.0
794,797,Green Line (u/c),143.3
795,812,Green Line (u/c),91.0
796,800,Green Line (u/c),148.4
797,815,Green Line (u/c),108.9
798,805,Green Line (u/c),102.0
799,806,Green Line (u/c),105.4
800,789,Green Line (u/c),84.1
801,796,Green Line (u/c),77.9
802,803,Green Line (u/c),128.8
803,810,Green Line (u/c),119.9
804,795,Green Line (u/c),91.9
805,792,Green Line (u/c),160.6
806,813,Green Line (u/c),65.3
807,788,Green Line (u/c),91.2
808,798,Green Line (u/c),104.2
809,811,Green Line (u/c),53.9
810,807,Green Line (u/c),146.0
811,786,Green Line (u/c),109.0
812,816,Green Line (u/c),102.6
813,802,Green Line (u/c),126.2
814,801,Green Line (u/c),89.7
815,790,Green Line (u/c),101.3
816,793,Green Line (u/c),85.3
817,813,Green Line (u/c),1962.4
818,827,Aqua Line: Lokmanya Nagar → Prajapati Nagar,83.1
818,830,Aqua Line: Prajapati Nagar → Lokmanya Nagar,90.3
819,820,Orange Line: Automotive Square → Khapri,91.1
819,852,Orange Line: Khapri → Automotive Square,121.8
820,819,Orange Line: Khapri → Automotive Square,91.0
820,843,Orange Line: Automotive Square → Khapri,160.8
821,826,Orange Line: Automotive Square → Khapri,109.7
821,846,Orange Line: Khapri → Automotive Square,117.4
822,839,Aqua Line: Lokmanya Nagar → Prajapati Nagar,110.7
822,850,Aqua Line: Prajapati Nagar → Lokmanya Nagar,75.0
823,851,Aqua Line: Prajapati Nagar → Lokmanya Nagar,123.1
823,853,Aqua Line: Lokmanya Nagar → Prajapati Nagar,75.5
824,842,Orange Line: Automotive Square → Khapri,131.8
825,840,Aqua Line: Prajapati Nagar → Lokmanya Nagar,134.3
825,854,Aqua Line: Lokmanya Nagar → Prajapati Nagar,80.9
826,821,Orange Line: Khapri → Automotive Square,109.7
826,834,Orange Line: Automotive Square → Khapri,66.5
827,818,Aqua Line: Prajapati Nagar → Lokmanya Nagar,83.2
827,851,Aqua Line: Lokmanya Nagar → Prajapati Nagar,86.1
828,846,Orange Line: Automotive Square → Khapri,75.3
828,849,Orange Line: Khapri → Automotive Square,158.9
829,841,Aqua Line: Lokmanya Nagar → Prajapati Nagar,63.5
829,848,Aqua Line: Prajapati Nagar → Lokmanya Nagar,91.6
830,818,Aqua Line: Lokmanya Nagar → Prajapati Nagar,90.3
830,841,Aqua Line: Prajapati Nagar → Lokmanya Nagar,51.8
831,836,Orange Line: Khapri → Automotive Square,125.3
831,837,Orange Line: Automotive Square → Khapri,88.5
832,836,Orange Line: Automotive Square → Khapri,108.2
832,842,Orange Line: Khapri → Automotive Square,120.1
833,835,Aqua Line: Lokmanya Nagar → Prajapati Nagar,89.0
833,847,Aqua Line: Prajapati Nagar → Lokmanya Nagar,95.5
834,826,Orange Line: Khapri → Automotive Square,66.4
834,852,Orange Line: Automotive Square → Khapri,87.4
835,833,Aqua Line: Prajapati Nagar → Lokmanya Nagar,89.0
835,848,Aqua Line: Lokmanya Nagar → Prajapati Nagar,55.9
836,831,Orange Line: Automotive Square → Khapri,125.1
836,832,Orange Line: Khapri → Automotive Square,108.2
837,831,Orange Line: Khapri → Automotive Square,88.6
837,855,Orange Line: Automotive Square → Khapri,90.2
838,843,Orange Line: Khapri → Automotive Square,214.0
839,822,Aqua Line: Prajapati Nagar → Lokmanya Nagar,110.4
839,847,Aqua Line: Lokmanya Nagar → Prajapati Nagar,84.2
840,825,Aqua Line: Lokmanya Nagar → Prajapati Nagar,134.2
841,829,Aqua Line: Prajapati Nagar → Lokmanya Nagar,63.5
841,830,Aqua Line: Lokmanya Nagar → Prajapati Nagar,52.4
842,824,Orange Line: Khapri → Automotive Square,131.7
842,832,Orange Line: Automotive Square → Khapri,120.1
843,820,Orange Line: Khapri → Automotive Square,160.7
843,838,Orange Line: Automotive Square → Khapri,214.0
844,853,Aqua Line: Prajapati Nagar → Lokmanya Nagar,137.9
845,850,Aqua Line: Lokmanya Nagar → Prajapati Nagar,139.7
845,854,Aqua Line: Prajapati Nagar → Lokmanya Nagar,113.2
846,821,Orange Line: Automotive Square → Khapri,117.4
846,828,Orange Line: Khapri → Automotive Square,75.2
847,833,Aqua Line: Lokmanya Nagar → Prajapati Nagar,95.4
847,839,Aqua Line: Prajapati Nagar → Lokmanya Nagar,84.0
848,829,Aqua Line: Lokmanya Nagar → Prajapati Nagar,91.5
848,835,Aqua Line: Prajapati Nagar → Lokmanya Nagar,55.8
849,828,Orange Line: Automotive Square → Khapri,159.1
849,855,Orange Line: Khapri → Automotive Square,60.4
850,822,Aqua Line: Lokmanya Nagar → Prajapati Nagar,74.5
850,845,Aqua Line: Prajapati Nagar → Lokmanya Nagar,139.6
851,823,Aqua Line: Lokmanya Nagar → Prajapati Nagar,123.1
851,827,Aqua Line: Prajapati Nagar → Lokmanya Nagar,86.1
852,819,Orange Line: Automotive Square → Khapri,121.8
852,834,Orange Line: Khapri → Automotive Square,87.5
853,823,Aqua Line: Prajapati Nagar → Lokmanya Nagar,75.5
853,844,Aqua Line: Lokmanya Nagar → Prajapati Nagar,137.6
854,825,Aqua Line: Prajapati Nagar → Lokmanya Nagar,80.8
854,845,Aqua Line: Lokmanya Nagar → Prajapati Nagar,113.3
855,837,Orange Line: Khapri → Automotive Square,90.3
855,849,Orange Line: Automotive Square → Khapri,60.3
856,865,Line 1 (Pendhar → CBD Belapur),82.1
856,867,Line 1 (CBD Belapur → Pendhar),96.4
857,865,Line 1 (CBD Belapur → Pendhar),89.6
858,860,Line 1 (Pendhar → CBD Belapur),123.8
858,864,Line 1 (CBD Belapur → Pendhar),120.3
859,861,Line 1 (CBD Belapur → Pendhar),130.6
859,867,Line 1 (Pendhar → CBD Belapur),81.8
860,859,Line 1 (Pendhar → CBD Belapur),131.2
861,858,Line 1 (CBD Belapur → Pendhar),123.7
862,863,Line 1 (CBD Belapur → Pendhar),84.3
862,866,Line 1 (Pendhar → CBD Belapur),97.8
863,862,Line 1 (Pendhar → CBD Belapur),84.4
864,858,Line 1 (Pendhar → CBD Belapur),120.3
864,866,Line 1 (CBD Belapur → Pendhar),125.3
865,856,Line 1 (CBD Belapur → Pendhar),81.7
865,857,Line 1 (Pendhar → CBD Belapur),89.1
866,862,Line 1 (CBD Belapur → Pendhar),98.0
866,864,Line 1 (Pendhar → CBD Belapur),124.6
867,856,Line 1 (Pendhar → CBD Belapur),96.6
867,859,Line 1 (CBD Belapur → Pendhar),82.4
868,869,Aqua Line: Noida Sector 51 → Depot,159.5
868,887,Aqua Line: Depot → Noida Sector 51,100.0
869,868,Aqua Line: Depot → Noida Sector 51,159.5
869,871,Aqua Line: Noida Sector 51 → Depot,132.7
870,871,Aqua Line: Depot → Noida Sector 51,92.3
871,869,Aqua Line: Depot → Noida Sector 51,132.7
871,870,Aqua Line: Noida Sector 51 → Depot,92.3
872,882,Aqua Line: Depot → Noida Sector 51,266.2
872,887,Aqua Line: Noida Sector 51 → Depot,111.1
873,885,Aqua Line: Depot → Noida Sector 51,203.6
873,886,Aqua Line: Noida Sector 51 → Depot,119.7
874,884,Aqua Line: Depot → Noida Sector 51,121.6
874,885,Aqua Line: Noida Sector 51 → Depot,94.3
875,876,Aqua Line: Noida Sector 51 → Depot,167.4
875,886,Aqua Line: Depot → Noida Sector 51,153.4
876,875,Aqua Line: Depot → Noida Sector 51,167.7
876,877,Aqua Line: Noida Sector 51 → Depot,112.5
877,876,Aqua Line: Depot → Noida Sector 51,112.4
877,878,Aqua Line: Noida Sector 51 → Depot,144.2
878,877,Aqua Line: Depot → Noida Sector 51,144.2
878,879,Aqua Line: Noida Sector 51 → Depot,128.5
879,878,Aqua Line: Depot → Noida Sector 51,128.4
879,880,Aqua Line: Noida Sector 51 → Depot,177.1
880,879,Aqua Line: Depot → Noida Sector 51,177.3
880,881,Aqua Line: Noida Sector 51 → Depot,159.1
881,880,Aqua Line: Depot → Noida Sector 51,158.9
881,882,Aqua Line: Noida Sector 51 → Depot,169.9
882,872,Aqua Line: Noida Sector 51 → Depot,265.4
882,881,Aqua Line: Depot → Noida Sector 51,169.7
883,888,Aqua Line: Noida Sector 51 → Depot,136.5
884,874,Aqua Line: Noida Sector 51 → Depot,121.4
884,888,Aqua Line: Depot → Noida Sector 51,106.5
885,873,Aqua Line: Noida Sector 51 → Depot,203.9
885,874,Aqua Line: Depot → Noida Sector 51,94.3
886,873,Aqua Line: Depot → Noida Sector 51,120.1
886,875,Aqua Line: Noida Sector 51 → Depot,153.6
887,868,Aqua Line: Noida Sector 51 → Depot,100.1
887,872,Aqua Line: Depot → Noida Sector 51,111.2
888,883,Aqua Line: Depot → Noida Sector 51,136.5
888,884,Aqua Line: Noida Sector 51 → Depot,106.6
889,890,Blue Line: Patliputra Bus Terminal → Malahi Pakri,105.7
889,893,Blue Line: Malahi Pakri → Patliputra Bus Terminal,139.1
890,889,Blue Line: Malahi Pakri → Patliputra Bus Terminal,105.7
890,891,Blue Line: Patliputra Bus Terminal → Malahi Pakri,124.5
891,890,Blue Line: Malahi Pakri → Patliputra Bus Terminal,123.7
892,893,Blue Line: Patliputra Bus Terminal → Malahi Pakri,113.6
893,889,Blue Line: Patliputra Bus Terminal → Malahi Pakri,139.1
893,892,Blue Line: Malahi Pakri → Patliputra Bus Terminal,114.2
894,910,Aqua Line: Vanaz => Ramwadi,90.1
894,919,Aqua Line: Ramwadi => Vanaz,102.1
895,898,Purple Line: Swargate → PCMC Bhavan,165.6
895,905,Purple Line: PCMC Bhavan → Swargate,91.0
896,914,Aqua Line: Ramwadi => Vanaz,111.7
896,920,Aqua Line: Vanaz => Ramwadi,65.7
897,899,Aqua Line: Ramwadi => Vanaz,47.0
897,909,Aqua Line: Vanaz => Ramwadi,71.8
898,895,Purple Line: PCMC Bhavan → Swargate,177.9
898,911,Purple Line: Swargate → PCMC Bhavan,91.0
899,897,Aqua Line: Vanaz => Ramwadi,60.6
899,902,Aqua Line: Ramwadi => Vanaz,88.1
900,917,Purple Line: Swargate → PCMC Bhavan,102.8
900,921,Purple Line: PCMC Bhavan → Swargate,71.2
901,906,Aqua Line: Vanaz => Ramwadi,84.5
901,909,Aqua Line: Ramwadi => Vanaz,69.7
902,899,Aqua Line: Vanaz => Ramwadi,88.1
902,915,Aqua Line: Ramwadi => Vanaz,116.3
903,913,Aqua Line: Vanaz => Ramwadi,155.1
903,920,Aqua Line: Ramwadi => Vanaz,212.0
904,907,Purple Line: Swargate → PCMC Bhavan,138.4
904,911,Purple Line: PCMC Bhavan → Swargate,108.6
905,895,Purple Line: Swargate → PCMC Bhavan,103.3
905,917,Purple Line: PCMC Bhavan → Swargate,362.2
906,901,Aqua Line: Ramwadi => Vanaz,93.5
906,912,Aqua Line: Vanaz => Ramwadi,83.8
907,904,Purple Line: PCMC Bhavan → Swargate,138.5
907,916,Purple Line: Swargate → PCMC Bhavan,77.8
908,916,Purple Line: PCMC Bhavan → Swargate,221.5
909,897,Aqua Line: Ramwadi => Vanaz,72.9
909,901,Aqua Line: Vanaz => Ramwadi,69.3
910,894,Aqua Line: Ramwadi => Vanaz,89.7
910,915,Aqua Line: Vanaz => Ramwadi,75.5
911,898,Purple Line: PCMC Bhavan → Swargate,91.0
911,904,Purple Line: Swargate → PCMC Bhavan,108.6
912,906,Aqua Line: Ramwadi => Vanaz,83.8
912,914,Aqua Line: Vanaz => Ramwadi,66.7
913,903,Aqua Line: Ramwadi => Vanaz,146.2
914,896,Aqua Line: Vanaz => Ramwadi,111.6
914,912,Aqua Line: Ramwadi => Vanaz,67.1
915,902,Aqua Line: Vanaz => Ramwadi,116.3
915,910,Aqua Line: Ramwadi => Vanaz,76.1
916,907,Purple Line: PCMC Bhavan → Swargate,77.9
916,908,Purple Line: Swargate → PCMC Bhavan,221.5
917,900,Purple Line: PCMC Bhavan → Swargate,101.3
917,905,Purple Line: Swargate → PCMC Bhavan,362.1
918,922,Purple Line: Swargate → PCMC Bhavan,154.0
919,894,Aqua Line: Vanaz => Ramwadi,102.1
920,896,Aqua Line: Ramwadi => Vanaz,65.3
920,903,Aqua Line: Vanaz => Ramwadi,211.6
921,900,Purple Line: Swargate → PCMC Bhavan,68.8
921,922,Purple Line: PCMC Bhavan → Swargate,103.0
922,918,Purple Line: PCMC Bhavan → Swargate,154.4
922,921,Purple Line: Swargate → PCMC Bhavan,103.8
