u,v,metres
2,3,72.506
2,6,70.919
2,7800,157.695
3,1,109.200
3,5,73.551
4,7798,126.065
5,3424,74.917
6,2,70.919
6,4,95.707
6,2195,55.655
7,4886,115.016
8,3425,33.391
8,4885,116.047
9,10,49.221
9,3430,85.201
10,11,83.183
11,11652,86.273
11,11653,39.099
12,7798,5.668
12,7799,357.360
13,5,70.360
13,6,139.208
13,14731,9.084
14,17,126.078
14,2195,66.205
15,6654,21.771
15,6656,26.692
16,9247,233.795
17,2194,63.128
17,4605,9.056
18,9249,62.948
19,4604,127.803
19,7797,12.163
19,11338,471.438
20,18,63.440
20,22,67.818
21,18,127.373
21,3427,62.478
22,25,63.571
22,27,110.898
23,20,72.700
23,4648,19.843
24,2185,343.687
24,3428,101.798
24,4723,31.504
24,7797,190.594
25,21,59.779
26,23,42.826
26,29,85.320
27,22,110.898
27,26,34.591
28,27,29.279
28,32,85.957
29,32,65.044
30,25,157.523
30,28,58.960
31,33,145.173
31,11336,81.703
32,34,116.573
33,2186,32.889
33,12143,40.501
34,30,98.187
34,12142,6.065
35,37,41.083
36,34,32.069
36,6940,201.721
37,2185,244.246
37,13249,9.275
38,36,9.259
39,40,27.061
39,4725,54.641
40,38,38.959
40,2184,37.087
41,3414,240.622
41,3415,11.539
41,8725,83.138
42,3363,17.478
42,11337,49.061
43,44,199.109
44,43,199.109
44,46,80.850
44,4566,12.941
45,4564,17.391
45,4565,22.466
45,8387,10.939
46,2260,104.987
46,3418,12.961
47,6918,13.008
48,8852,86.593
48,12135,41.828
49,3417,228.704
50,2263,177.932
51,49,9.310
51,3421,9.280
51,10028,9.574
52,2187,119.528
52,12163,156.710
53,54,37.267
53,6003,33.977
54,55,41.614
55,57,57.061
55,63,69.863
56,50,77.970
56,65,144.236
57,1866,100.512
57,2266,22.612
58,68,130.204
58,2257,159.581
59,70,125.717
59,3580,45.913
59,7792,6.740
60,12177,14.567
61,2210,17.069
61,9694,196.907
62,54,50.769
62,60,53.826
63,62,38.801
64,63,36.392
64,2299,29.146
65,56,144.236
65,3580,124.959
65,4606,136.879
66,12175,51.635
67,66,101.929
67,2264,3.076
68,58,130.204
68,2258,32.456
68,2268,6.739
69,67,34.330
69,2265,88.587
70,3420,291.692
70,3581,45.013
70,7791,9.679
71,69,61.860
71,73,64.396
72,3581,43.506
72,3582,134.044
72,3583,64.939
73,71,64.396
73,78,126.654
73,80,62.603
74,78,50.192
74,2264,166.436
74,2269,29.913
75,76,64.567
75,5226,18.016
76,71,30.352
76,75,64.567
77,84,63.251
77,3359,74.803
78,73,126.654
78,74,50.192
78,83,55.530
79,76,33.837
79,80,79.478
79,9458,87.205
80,79,79.478
80,85,93.484
80,87,74.387
81,2208,13.855
81,12382,28.103
82,12174,27.025
83,78,55.530
83,84,92.671
83,86,47.302
84,83,92.671
84,88,70.825
84,3254,64.376
85,86,105.468
85,93,103.251
86,83,47.302
86,3077,98.171
87,80,74.387
87,85,53.764
88,3077,100.821
88,3255,7.137
89,90,49.299
89,12179,86.400
90,87,98.827
90,9458,25.697
91,3419,20.022
91,8872,32.270
92,3377,51.143
92,12182,18.093
93,94,67.029
93,101,79.585
93,3377,69.627
94,95,83.359
94,98,65.742
95,90,74.908
95,3358,68.248
96,7491,54.828
97,3256,60.218
98,94,65.742
98,99,71.016
98,101,87.974
99,98,71.016
100,9476,10.707
100,14716,11.618
101,98,87.974
101,105,55.833
102,104,15.105
102,105,104.719
103,104,71.428
103,2618,23.783
104,103,71.428
104,109,58.821
105,102,104.719
105,106,63.972
105,8706,32.671
106,105,63.972
106,3356,30.633
106,8612,62.566
107,128,95.610
108,112,42.564
108,3258,107.671
109,110,71.463
109,115,100.113
109,116,48.058
110,103,57.310
110,109,71.463
110,112,53.004
111,2613,10.316
111,2624,122.108
112,110,53.004
112,113,56.992
113,3324,75.780
113,6779,33.709
114,2613,187.187
114,3324,11.029
114,9334,285.851
115,109,100.113
115,122,49.069
115,3354,44.839
116,109,48.058
116,122,97.705
116,129,26.770
117,111,52.306
117,2614,9.648
118,3088,49.626
118,3356,71.483
119,110,57.179
119,2627,15.028
120,112,33.557
121,123,32.849
121,3088,8.694
121,9824,7.332
122,116,97.705
122,134,28.597
123,148,121.837
123,2275,23.382
124,119,34.088
124,140,91.299
125,130,66.865
125,3325,24.468
126,114,56.812
126,2614,191.231
127,144,56.920
127,2291,119.260
127,2626,72.609
128,151,94.456
128,2205,307.844
129,116,26.770
129,124,48.805
129,2619,69.187
130,125,66.865
130,142,42.699
131,146,59.019
131,149,193.472
132,136,114.822
132,137,61.206
132,12146,139.871
133,2276,35.636
134,135,18.997
134,139,32.105
135,129,84.030
135,2620,15.020
136,132,114.822
136,155,70.878
136,2270,46.840
136,2625,138.530
137,132,61.206
137,155,161.923
138,7370,53.093
139,134,32.105
139,3354,72.203
139,7606,42.832
140,141,39.232
140,2622,21.111
141,140,39.232
141,142,63.437
141,2628,62.857
142,141,63.437
142,143,70.366
142,171,123.737
143,142,70.366
143,2629,49.675
144,127,56.920
144,154,78.107
144,2270,94.898
144,2271,119.696
145,2619,28.098
145,2621,41.097
145,2622,48.491
146,153,186.926
146,12180,30.397
147,159,98.715
148,147,63.678
148,163,98.101
149,3326,22.408
149,3337,20.843
150,3039,69.872
150,7331,37.154
150,7608,19.917
151,128,94.456
151,170,231.690
152,133,124.538
152,148,53.053
153,146,186.926
153,3326,35.831
154,144,78.107
154,160,120.438
154,179,69.905
155,136,70.878
155,137,161.923
155,179,238.508
156,138,126.839
156,152,53.974
157,9887,271.081
158,157,122.236
158,3593,26.939
159,163,70.559
159,175,81.903
160,154,120.438
160,2611,8.662
160,12181,29.841
161,164,80.299
161,8704,14.621
162,7061,37.812
162,7370,27.925
163,159,70.559
163,172,106.400
163,178,80.128
164,161,80.299
164,3041,7.602
164,5995,59.881
165,156,67.201
165,177,96.004
166,153,63.712
166,3328,9.981
167,168,36.966
167,5996,33.343
168,141,138.037
168,167,36.966
168,171,71.002
169,2203,13.331
169,9680,10.035
170,151,231.690
170,12153,31.553
170,12155,8.105
171,168,71.002
171,181,84.524
172,156,95.596
172,163,106.400
172,177,63.747
173,3375,6.254
173,4510,43.762
174,173,129.945
174,3595,16.125
175,184,69.562
176,185,49.440
176,187,37.555
177,172,63.747
177,193,142.336
178,175,66.344
178,183,67.822
179,154,69.905
179,155,238.508
179,190,171.841
180,172,79.245
180,178,105.288
181,186,30.472
181,3339,59.006
182,166,66.729
182,3329,10.036
182,6002,156.141
183,184,63.509
183,203,119.772
184,204,134.074
185,168,101.789
185,176,49.440
185,186,61.148
186,185,61.148
186,3367,52.063
187,191,35.262
187,2854,113.651
188,180,63.435
188,183,102.081
189,182,54.112
189,2612,187.064
189,3330,11.003
190,160,185.905
190,179,171.841
190,2615,8.194
191,194,58.171
191,198,43.910
192,173,91.875
192,196,133.861
192,5247,6.942
193,188,58.483
193,7388,306.203
194,185,76.958
194,191,58.171
194,195,64.999
195,194,64.999
195,201,46.975
196,8123,85.515
197,189,63.039
197,3331,11.575
198,2854,57.771
198,3093,49.422
199,194,35.530
199,198,68.685
200,199,30.403
200,3318,10.850
201,200,35.205
202,9126,12.382
202,12147,27.304
203,188,160.853
204,3321,10.337
204,3355,62.544
205,192,89.675
205,3376,7.207
206,196,91.777
206,205,139.654
207,205,116.479
207,208,122.077
207,6996,8.987
208,2180,214.858
208,12386,5.768
209,3104,54.256
209,9407,47.269
210,7718,1171.220
211,2526,180.853
212,2786,156.780
213,2337,302.445
213,5234,6.909
213,8839,279.581
214,2177,110.531
214,2178,155.714
214,5610,15.171
215,9449,7.068
216,2063,31.813
216,4728,93.883
217,3106,8.840
217,3107,15.666
218,5896,13.868
218,9106,5.580
219,216,165.878
219,14717,7.370
220,3079,70.714
220,3094,91.377
221,1984,47.587
221,6985,15.667
222,2768,181.097
223,3119,160.209
223,3121,22.179
224,311,1025.630
224,9455,54.404
225,3638,38.878
225,3639,214.002
226,227,74.085
226,2520,42.478
227,3998,21.872
227,12094,49.151
228,4078,34.611
229,12105,23.242
229,12107,97.794
230,8587,61.975
231,286,574.906
232,3726,29.210
232,13824,63.034
233,230,154.167
234,5998,65.674
235,238,64.624
235,258,136.654
235,1995,164.653
235,2339,56.712
236,2859,657.286
236,5893,7.264
236,6462,111.261
237,5981,101.050
237,8453,65.245
237,12190,50.542
238,235,64.624
238,265,122.727
238,1985,33.263
238,1994,173.562
239,3598,180.141
239,7718,5.950
240,2521,30.572
241,6756,121.975
241,9395,47.764
242,2515,140.016
243,244,65.395
243,261,65.049
243,2680,54.134
244,243,65.395
244,2756,135.172
245,1996,139.590
245,2341,51.216
246,249,39.571
246,6469,57.084
247,253,18.909
247,2681,63.258
247,3380,123.073
248,5643,26.828
248,5644,19.897
248,7100,7.946
249,246,39.571
249,255,39.251
249,4477,86.266
250,255,27.059
250,256,65.913
250,1997,80.340
251,6821,45.086
252,2513,30.140
253,247,18.909
253,259,37.890
253,2680,53.031
254,4477,40.456
254,6468,18.147
255,249,39.251
255,250,27.059
255,268,93.037
256,250,65.913
256,269,40.328
257,12169,57.440
257,12171,58.270
258,235,136.654
258,6052,63.276
258,6053,63.225
259,253,37.890
259,260,55.246
259,2764,35.056
259,4482,41.689
260,259,55.246
260,261,57.006
260,2233,138.001
260,2680,44.701
261,260,57.006
261,262,65.188
261,2770,125.637
262,244,67.274
262,261,65.188
262,263,27.768
263,262,27.768
263,3646,191.090
264,2514,47.993
264,2516,91.506
264,12169,54.138
265,238,122.727
265,266,49.094
265,6052,9.306
266,265,49.094
266,3810,67.493
267,302,141.290
267,2703,95.595
268,255,93.037
268,276,11.245
268,4477,41.710
269,277,51.899
269,278,74.414
270,271,21.196
270,287,76.831
270,2715,27.560
271,270,21.196
271,2755,102.752
271,15416,59.388
272,7715,6.860
272,12164,116.227
273,301,162.750
273,7926,126.032
273,13768,92.210
274,291,100.310
274,2763,29.041
274,2767,37.857
275,304,63.588
275,3389,548.298
275,15420,33.781
276,268,11.245
276,283,80.062
276,2703,70.218
277,283,50.032
277,284,75.139
278,281,51.588
278,284,48.662
279,3732,58.556
280,4202,99.687
281,293,101.977
281,3810,53.027
281,6052,50.475
282,3733,32.746
282,8083,27.785
283,276,80.062
283,290,77.551
283,296,62.997
284,277,75.139
284,278,48.662
284,290,53.484
285,287,39.701
285,2715,67.522
286,288,111.258
286,305,24.714
286,7699,8.303
287,270,76.831
287,285,39.701
287,2757,97.779
288,286,111.258
288,2014,163.268
288,7387,353.789
289,296,65.340
289,2703,23.174
290,283,77.551
290,284,53.484
290,293,54.799
290,300,64.172
291,274,100.310
291,326,111.302
291,2762,104.819
291,6044,32.503
292,309,109.066
292,4879,7.062
292,13768,22.520
293,281,101.977
293,290,54.799
293,303,63.884
293,5616,53.040
294,321,148.342
294,2767,25.083
294,8611,12.170
295,297,53.219
295,2761,54.399
295,3646,69.755
296,289,65.340
296,300,78.872
296,310,46.808
297,295,53.219
297,327,106.306
297,6044,36.191
298,7705,44.003
298,7714,5.505
299,5144,5.605
299,12393,18.254
300,290,64.172
300,296,78.872
300,303,54.065
300,314,48.483
301,273,162.750
301,319,72.080
301,3742,43.478
302,5062,39.856
303,293,63.884
303,300,54.065
303,341,97.635
303,2710,52.300
304,275,63.588
304,324,70.150
304,3391,206.025
305,2015,25.679
305,2053,17.608
305,7700,7.953
306,308,42.003
306,2710,14.868
306,7501,13.949
307,331,164.340
307,11339,7.080
308,306,42.003
308,377,213.454
308,4436,22.279
309,292,109.066
309,3745,49.803
309,5645,65.150
309,7868,92.002
310,314,85.927
310,330,50.124
311,2200,12.030
311,6466,491.348
312,3745,37.287
313,4879,179.930
313,12079,17.721
314,300,48.483
314,310,85.927
314,338,55.279
315,332,48.772
315,3741,77.561
315,4763,33.130
316,307,47.203
316,352,170.131
316,11341,31.893
317,289,97.822
317,330,59.193
317,2704,17.077
318,321,62.959
318,369,140.879
318,2766,99.022
318,4437,33.617
319,301,72.080
319,4762,86.598
319,5645,70.555
320,316,53.708
320,2676,50.965
321,294,148.342
321,318,62.959
321,2707,133.742
321,4444,19.605
322,323,84.135
322,328,44.521
323,322,84.135
323,324,93.577
324,304,70.150
324,323,93.577
324,2711,12.301
324,15426,21.674
325,13798,4.940
325,13799,42.586
326,291,111.302
326,342,85.530
326,4444,49.694
326,15424,40.609
327,328,55.820
327,15424,6.844
328,295,96.979
328,322,44.521
328,327,55.820
329,331,18.750
329,7563,14.124
330,317,59.193
330,2706,45.570
330,8671,59.327
331,352,47.325
332,315,48.772
332,350,81.956
332,3746,52.435
332,8076,27.320
333,2376,114.673
333,4202,10.192
334,337,54.357
334,2675,50.943
335,2507,14.621
335,7775,4.705
336,371,87.602
336,3748,7.060
336,5645,68.013
337,334,54.357
338,314,55.279
338,341,45.845
338,363,109.634
338,2706,49.888
339,344,30.893
339,359,49.178
339,387,83.987
340,379,68.061
341,303,97.635
341,338,45.845
341,5615,9.673
342,326,85.530
342,364,41.335
342,6048,22.468
343,5325,16.617
344,339,30.893
344,2712,60.490
344,2714,29.455
345,349,28.086
345,2084,268.110
345,8634,70.329
346,372,85.245
346,3169,21.135
346,3748,29.856
347,3169,42.109
347,12324,93.558
348,355,69.726
348,401,94.270
349,345,28.086
349,370,25.093
350,3227,48.786
350,14640,86.910
351,361,62.818
351,2676,46.880
351,2677,28.758
352,353,49.020
352,362,44.959
353,5617,31.154
354,328,119.893
355,449,151.767
355,2049,75.642
356,8081,94.417
356,9550,45.157
357,363,57.015
357,7776,9.044
357,8670,83.988
358,4444,54.107
358,6051,98.140
359,339,49.178
359,378,60.704
359,2711,50.523
359,3394,207.787
360,2016,121.921
360,2050,100.985
361,351,62.818
362,368,45.189
362,2676,142.561
362,14023,102.704
363,338,109.634
363,2501,30.226
364,342,41.335
364,393,81.798
364,6051,40.665
365,366,32.860
366,365,32.860
366,383,28.211
366,2714,29.930
367,371,47.535
367,396,83.799
368,353,39.938
368,362,45.189
368,2505,49.961
369,318,140.879
369,386,54.633
369,2707,67.457
370,375,49.092
370,9452,26.778
371,336,87.602
371,372,35.046
372,346,85.245
372,379,225.368
372,427,135.648
373,377,62.832
373,436,126.588
373,2705,140.670
373,2737,45.215
374,392,48.817
374,2707,56.405
374,6051,25.542
375,370,49.092
375,407,103.350
375,2081,55.017
375,6908,110.155
376,384,47.357
376,4203,151.526
376,13821,102.270
377,308,213.454
377,373,62.832
377,381,55.248
377,410,93.585
378,359,60.704
378,387,53.944
378,391,67.351
378,3395,210.044
379,7324,8.695
380,415,164.971
380,2505,46.547
380,2506,45.166
381,377,55.248
381,386,65.300
381,411,92.910
381,4437,210.168
382,383,21.774
383,366,28.211
383,382,21.774
383,397,46.419
384,376,47.357
384,385,50.727
384,421,156.963
385,384,50.727
385,428,152.757
385,14019,70.352
386,369,54.633
386,381,65.300
386,390,56.258
386,417,76.779
387,339,83.987
387,378,53.944
387,397,75.446
388,404,77.061
388,439,143.221
388,7326,57.408
389,357,60.964
389,2506,27.249
390,386,56.258
390,392,61.311
390,422,84.518
391,378,67.351
391,397,110.338
391,400,61.090
391,3396,209.105
392,374,48.817
392,390,61.311
392,393,65.354
392,430,74.818
393,364,81.798
393,392,65.354
393,394,39.997
393,5378,84.299
394,393,39.997
394,2708,54.270
395,399,45.855
395,14019,5.554
396,425,70.493
396,8081,133.645
397,383,46.419
397,387,75.446
397,391,110.338
397,431,67.675
397,3405,337.416
398,2043,253.965
398,2052,70.686
398,12125,39.633
399,368,155.977
399,395,45.855
399,2504,48.345
400,391,61.090
400,431,128.697
400,432,70.670
400,3397,208.038
401,412,61.100
402,4217,107.213
402,5649,10.867
403,413,53.799
403,439,68.134
403,7327,100.363
404,388,77.061
404,408,47.241
404,420,44.444
405,440,113.437
405,446,109.222
405,2506,52.848
406,424,150.589
406,7719,57.287
407,375,103.350
407,457,135.474
407,8635,38.886
408,404,47.241
408,421,53.671
408,13821,65.694
409,399,58.167
409,414,43.830
410,377,93.585
410,411,64.603
410,12330,41.814
411,381,92.910
411,410,64.603
411,416,33.134
411,480,114.140
412,2045,7.932
413,403,53.799
413,419,47.935
413,485,142.503
414,409,43.830
414,429,40.833
414,467,111.129
414,2504,54.809
415,380,164.971
415,429,54.085
415,440,42.907
415,2504,42.610
416,411,33.134
416,417,38.774
416,470,75.990
417,386,76.779
417,416,38.774
417,422,60.693
418,3601,44.473
418,8635,4.754
419,413,47.935
419,427,53.706
419,489,153.419
420,404,44.444
420,434,52.618
420,459,180.088
421,408,53.671
421,428,46.331
422,390,84.518
422,417,60.693
422,455,87.313
422,3434,43.434
423,438,43.698
423,6772,275.365
424,406,150.589
424,433,109.543
424,464,57.503
425,8059,12.170
425,8062,21.236
426,427,33.489
426,500,182.472
426,8062,34.239
427,372,135.648
427,419,53.706
427,426,33.489
427,2488,166.506
428,385,152.757
428,421,46.331
428,7396,55.374
429,414,40.833
429,415,54.085
429,445,47.921
429,451,52.073
430,392,74.818
430,3434,10.636
430,5378,61.760
431,397,67.675
431,400,128.697
431,447,70.868
432,400,70.670
432,447,113.423
432,471,54.935
432,3398,208.750
433,406,76.370
433,424,109.543
434,420,52.618
434,443,28.237
434,479,170.854
435,2502,133.503
435,3811,55.564
436,373,126.588
436,2702,25.561
436,12326,22.369
437,394,86.880
437,438,64.503
437,499,140.237
437,5379,26.850
438,423,43.698
438,437,64.503
438,2709,133.774
439,388,143.221
439,466,73.713
440,405,113.437
440,415,42.907
440,445,51.935
440,446,72.948
441,2125,40.142
442,2378,30.049
442,3751,62.547
442,6441,136.626
443,434,28.237
443,450,27.278
443,501,161.918
444,4220,11.852
444,9468,19.751
445,429,47.921
445,440,51.935
445,460,96.003
445,468,55.137
446,405,109.222
446,440,72.948
446,452,50.323
447,431,70.868
447,432,113.423
447,487,57.416
448,4213,15.434
448,7738,241.712
449,355,151.767
449,412,133.761
449,473,15.516
450,443,27.278
450,466,35.991
451,429,52.073
451,468,45.129
451,486,64.674
452,446,50.323
452,3811,71.773
453,465,83.872
454,409,108.156
454,467,40.209
454,7394,39.933
455,422,87.313
455,476,8.737
455,3434,95.016
456,433,54.903
456,464,112.527
457,407,135.474
457,463,48.543
457,6657,9.930
458,3751,64.861
458,6442,104.685
458,8057,10.605
459,420,180.088
459,479,55.922
459,8724,5.757
460,445,96.003
460,496,65.928
460,503,62.697
461,2211,72.222
461,9014,28.151
462,472,15.123
462,12165,194.043
463,418,125.575
463,457,48.543
463,6658,12.007
464,424,57.503
464,13844,36.740
465,2127,154.658
465,7735,9.399
466,450,35.991
466,478,43.759
466,6446,148.440
467,414,111.129
467,454,40.209
467,486,42.740
468,445,55.137
468,451,45.129
468,491,41.972
468,496,128.508
469,475,74.467
469,497,58.979
469,2702,50.768
470,416,75.990
470,476,92.621
470,492,47.980
471,432,54.935
471,487,103.342
471,506,66.093
471,3399,206.195
472,481,40.667
472,7739,9.465
473,449,15.516
473,2085,49.740
474,3829,80.252
474,7764,4.081
474,8057,50.824
474,13830,225.029
475,469,74.467
475,480,60.425
475,504,44.564
475,3651,47.938
476,455,8.737
476,470,92.621
476,498,48.570
477,2124,27.571
477,2380,85.519
478,466,43.759
478,485,6.754
478,6447,139.208
479,434,170.854
479,501,55.554
479,13847,5.263
480,411,114.140
480,475,60.425
480,492,50.785
480,7233,51.313
481,2156,59.110
481,7740,8.278
482,4221,8.770
482,7045,67.437
482,15498,195.845
483,456,55.447
484,477,14.607
484,2381,54.327
485,413,142.503
485,478,6.754
485,490,39.691
486,451,64.674
486,467,42.740
486,502,46.631
487,447,57.416
487,471,103.342
487,513,68.356
488,484,78.556
488,4221,30.932
489,419,153.419
489,490,10.268
489,495,35.532
490,485,39.691
490,489,10.268
490,6445,118.332
491,468,41.972
491,502,22.218
491,520,152.274
492,470,47.980
492,480,50.785
492,498,95.594
492,7234,54.058
493,2381,22.611
494,2378,80.244
495,489,35.532
495,2488,17.856
495,6444,93.621
496,460,65.928
496,468,128.508
496,5613,16.375
497,469,58.979
497,504,65.308
497,7230,110.493
498,476,48.570
498,492,95.594
498,8610,53.623
499,505,130.408
499,522,67.602
500,2365,28.976
500,6460,78.216
501,443,161.918
501,519,50.597
501,13846,6.442
502,486,46.631
502,491,22.218
502,14704,34.863
503,452,65.310
503,460,62.697
503,2500,28.691
504,475,44.564
504,497,65.308
504,7232,32.704
505,438,144.702
505,499,130.408
506,471,66.093
506,513,88.084
506,3400,208.072
506,3403,52.945
507,13779,93.223
507,13783,68.763
508,543,78.860
508,3652,67.351
509,2161,21.414
509,4222,13.841
510,564,103.811
510,13786,23.730
511,512,63.614
511,7232,7.869
512,526,39.660
512,7233,8.406
513,487,68.356
513,506,88.084
513,3404,53.648
514,570,127.099
514,7223,7.790
514,14651,18.000
515,544,51.614
515,593,156.337
515,13789,7.453
515,13790,28.631
516,517,53.528
516,2364,105.086
517,518,46.699
517,576,84.005
518,524,57.211
518,573,64.345
519,450,160.910
519,13848,5.132
519,14047,40.611
520,491,152.274
520,3171,19.302
520,5613,29.879
521,548,19.904
521,2729,85.360
521,7230,9.676
522,527,161.599
522,553,56.590
523,3401,13.073
523,9518,9.703
524,525,44.606
524,546,39.469
525,6448,19.605
525,7322,34.855
526,2221,64.098
526,7234,8.419
527,505,74.639
527,522,161.599
528,529,59.249
528,6449,15.390
528,7323,17.079
529,530,38.174
529,631,240.481
530,531,45.895
530,632,239.321
531,2719,212.190
531,3172,43.012
532,6453,40.870
532,8724,125.825
533,534,58.707
533,585,102.742
533,6452,11.344
534,535,46.961
534,586,99.500
535,587,98.277
535,14702,20.421
536,571,115.220
537,3439,39.537
537,7745,12.844
538,588,98.632
538,14700,7.152
539,540,46.699
539,6450,7.895
540,541,37.760
540,556,41.302
541,557,46.496
541,14698,46.172
542,3171,40.894
542,14699,22.859
543,508,78.860
544,552,47.955
544,600,150.109
545,7048,69.315
545,8338,91.070
546,524,39.469
546,573,50.155
546,6448,38.501
547,7778,32.144
547,7779,8.385
547,8610,66.324
548,521,19.904
548,577,80.459
548,8452,27.248
549,547,53.994
549,7780,6.858
550,527,50.365
550,2222,89.073
551,15444,26.405
552,555,44.162
552,605,132.470
553,522,56.590
553,15016,12.317
554,2369,174.930
554,8163,69.442
555,14659,33.370
555,14661,21.726
556,540,41.302
556,557,35.043
557,541,46.496
557,556,35.043
557,2492,74.235
558,577,106.380
558,9546,30.656
559,560,73.880
559,606,89.362
559,2223,30.549
560,559,73.880
560,561,31.751
560,7783,55.802
561,560,31.751
561,2723,89.858
562,2410,14.009
562,13845,119.665
563,7745,142.196
564,510,103.811
564,595,70.114
565,567,73.336
565,2223,29.344
565,8620,26.990
566,545,84.986
566,8402,187.783
567,565,73.336
567,603,69.496
568,563,54.579
568,598,79.374
569,2006,189.539
569,4223,45.964
570,514,127.099
570,572,47.332
570,14677,51.032
571,4755,617.988
572,580,45.092
572,624,121.793
573,518,64.345
573,546,50.155
573,576,40.940
574,582,208.085
575,2158,37.450
575,7746,9.044
576,517,84.005
576,573,40.940
576,2364,48.562
577,548,80.459
577,558,106.380
577,591,20.164
578,581,25.918
578,3435,49.227
578,7779,99.504
578,7780,126.827
579,5014,6.973
579,13818,30.112
580,583,49.458
580,628,119.891
581,578,25.918
581,602,58.686
581,2221,149.605
582,574,208.085
582,2634,33.545
582,8528,481.003
583,595,38.986
583,636,117.604
584,3170,135.069
584,6812,10.006
584,8866,18.002
585,533,102.742
585,586,49.588
585,637,136.864
586,534,99.500
586,585,49.588
586,587,44.705
586,618,95.006
587,535,98.277
587,586,44.705
587,588,43.489
587,2525,96.703
588,538,98.632
588,587,43.489
588,589,35.163
588,2325,95.639
589,588,35.163
589,6451,4.791
590,2493,78.842
590,12332,58.348
591,577,20.164
591,2727,62.856
591,3812,180.511
592,598,53.461
592,4729,54.421
593,515,156.337
593,596,26.263
593,2366,18.981
594,623,107.869
594,7731,188.529
595,564,70.114
595,640,112.049
596,593,26.263
596,600,20.535
596,643,135.439
597,614,18.002
597,2634,216.575
597,2635,1181.127
597,7517,43.969
598,568,79.374
598,592,53.461
598,608,57.633
598,7747,39.414
599,595,67.296
599,5014,207.105
599,6764,143.266
600,596,20.535
600,605,52.331
601,602,29.994
601,2730,64.367
602,581,58.686
602,601,29.994
602,3435,57.706
603,615,55.648
603,3435,98.445
604,560,67.310
604,606,71.413
605,552,132.470
605,600,52.331
605,610,39.442
606,559,89.362
606,604,71.413
606,613,58.840
607,642,146.943
607,7747,8.672
607,13812,54.370
608,598,57.633
608,8401,18.302
609,579,83.582
609,8164,158.668
610,605,39.442
610,652,99.210
610,14661,107.302
610,14675,34.628
611,638,49.371
611,707,275.282
611,2727,59.547
612,613,39.334
612,615,33.070
612,645,61.146
613,606,58.840
613,612,39.334
613,8620,78.934
614,543,245.499
614,597,18.002
614,3408,33.314
615,612,33.070
615,644,53.660
616,2162,25.093
616,2411,11.001
617,624,45.089
617,14676,26.775
617,14677,70.595
618,586,95.006
618,619,34.273
618,658,93.050
619,618,34.273
619,659,88.443
619,2525,9.676
620,660,86.305
620,2325,11.884
620,2525,36.829
621,604,21.368
621,2723,37.047
622,3408,13.484
622,8818,297.987
623,594,107.869
624,572,121.793
624,617,45.089
624,656,99.527
624,14673,37.318
625,626,34.026
625,2325,39.350
625,6451,85.097
625,8884,27.593
626,625,34.026
626,672,142.503
626,12331,50.784
627,2493,22.341
627,12331,35.726
628,580,119.891
628,14671,4.754
628,14673,12.393
629,630,21.559
629,2630,40.373
630,629,21.559
630,631,29.133
630,3173,219.540
631,529,240.481
631,630,29.133
631,632,51.743
632,530,239.321
632,631,51.743
632,633,55.744
632,679,154.673
633,632,55.744
633,653,56.823
633,2718,52.593
633,2719,25.764
634,616,36.363
634,677,113.901
635,655,59.758
635,6463,62.443
636,583,117.604
636,640,50.030
636,14669,29.332
637,585,136.864
637,657,54.718
637,2718,30.901
638,611,49.371
638,674,100.126
638,2730,68.216
639,609,72.965
639,8314,72.143
639,8315,51.340
640,595,112.049
640,636,50.030
640,662,59.808
640,6764,86.690
641,621,38.785
642,2160,135.696
642,12321,58.340
643,596,135.439
643,14681,38.543
643,14682,38.925
644,645,42.592
644,648,113.979
644,3813,42.929
645,612,61.146
645,641,170.518
646,647,41.656
646,700,83.693
646,2730,36.000
647,646,41.656
647,648,30.249
647,701,74.450
648,644,113.979
648,647,30.249
648,2725,37.261
649,634,39.326
649,8383,261.081
649,12320,247.358
650,651,59.142
651,650,59.142
651,665,52.826
651,8314,18.149
652,610,99.210
652,656,136.938
652,686,122.899
653,633,56.823
653,657,83.930
653,680,103.090
654,5094,64.459
654,7748,9.200
655,662,111.367
656,624,99.527
656,652,136.938
656,13782,5.053
657,637,54.718
657,653,83.930
657,658,46.378
657,2256,82.873
658,618,93.050
658,657,46.378
658,659,35.292
658,670,57.691
659,619,88.443
659,658,35.292
659,660,51.251
659,15461,36.489
660,620,86.305
660,659,51.251
660,667,50.153
661,673,28.701
662,640,59.808
662,7754,66.205
663,2634,104.008
663,7518,347.102
663,8590,219.066
664,668,27.730
665,651,52.826
665,669,45.648
665,9239,29.678
666,667,46.588
666,690,61.291
666,15461,13.599
667,660,50.153
667,666,46.588
667,691,63.864
668,664,27.730
668,669,62.068
669,665,45.648
669,668,62.068
669,7731,122.421
670,658,57.691
670,689,49.415
670,2256,47.746
670,15461,49.571
671,692,69.839
672,626,142.503
672,673,45.787
672,693,59.723
673,661,28.701
673,672,45.787
673,2494,83.302
673,9836,38.365
674,638,100.126
675,747,218.965
675,4586,6.625
676,699,166.498
676,8449,20.905
677,634,113.901
678,679,97.105
678,723,121.973
678,7752,15.564
679,632,154.673
679,678,97.105
679,680,58.285
680,653,103.090
680,679,58.285
680,681,25.956
681,680,25.956
681,688,59.791
681,711,72.048
681,2256,77.839
682,2453,63.755
683,684,125.633
683,716,107.111
683,7754,7.006
684,685,58.605
684,6809,175.984
685,4486,8.552
685,7750,133.313
686,652,122.899
686,4486,143.771
686,7750,12.973
686,14682,127.511
687,2465,63.778
687,2466,98.354
687,7757,10.683
688,681,59.791
688,689,37.763
688,744,164.437
688,2256,23.703
689,670,49.415
689,688,37.763
689,6845,11.051
690,666,61.291
690,691,44.539
690,712,115.683
690,6845,34.733
691,667,63.864
691,690,44.539
691,692,47.228
691,713,113.980
692,671,69.839
692,691,47.228
692,693,43.446
692,2750,191.753
693,672,59.723
693,692,43.446
693,694,45.495
693,2473,224.780
694,693,45.495
694,695,44.179
694,789,281.522
694,9836,21.909
695,694,44.179
695,696,39.350
695,772,235.399
696,695,39.350
696,2735,17.667
696,2745,197.773
697,2038,29.144
698,707,114.808
698,2735,45.215
699,703,46.194
699,710,58.690
700,646,83.693
700,701,73.852
700,717,110.942
701,647,74.450
701,700,73.852
701,702,50.715
702,701,50.715
702,708,42.262
702,2725,43.479
702,2728,54.845
703,709,46.876
704,7918,11.436
705,7720,7.587
705,13765,95.666
706,710,147.039
706,2721,16.062
707,611,275.282
707,698,114.808
707,717,87.860
708,702,42.262
708,709,118.391
708,15456,22.698
709,708,118.391
709,715,13.813
710,699,58.690
710,706,147.039
710,715,45.435
710,725,64.386
711,681,72.048
711,727,63.365
711,2470,43.176
712,690,115.683
712,713,42.488
712,2749,74.639
713,691,113.980
713,712,42.488
713,2748,72.177
714,722,81.257
714,4489,19.591
714,15457,29.671
715,710,45.435
715,728,65.350
716,683,107.111
716,718,79.416
716,731,32.518
717,700,110.942
717,707,87.860
717,722,31.885
718,716,79.416
718,730,36.788
718,13869,110.426
719,723,68.598
719,724,22.371
719,2470,59.454
720,706,62.879
720,725,139.135
721,7721,7.784
721,13835,118.626
721,13856,30.279
722,714,81.257
722,717,31.885
722,3655,23.346
723,678,121.973
723,719,68.598
723,732,66.225
724,719,22.371
724,733,19.985
724,734,137.341
725,710,64.386
725,720,139.135
725,728,36.415
726,2148,13.596
726,3608,55.538
727,711,63.365
727,753,57.011
727,2472,36.609
728,725,36.415
728,7296,22.573
729,730,38.950
729,757,86.297
729,2476,92.318
730,718,36.788
730,729,38.950
730,731,83.848
730,750,68.690
731,716,32.518
731,730,83.848
731,7959,25.146
732,723,66.225
732,734,35.813
732,740,138.976
733,724,19.985
733,735,30.227
733,741,140.184
733,2471,60.553
734,724,137.341
734,732,35.813
734,741,22.882
734,2990,63.242
735,733,30.227
735,743,31.812
735,752,146.266
735,2472,58.064
736,3655,227.041
736,7298,22.625
736,15454,7.689
737,745,88.259
737,7297,32.600
737,7298,25.592
738,7722,7.507
738,13762,47.625
739,2472,35.132
740,732,138.976
740,748,32.372
740,751,95.184
740,2465,142.828
741,733,140.184
741,734,22.882
741,752,34.391
741,755,139.050
742,15454,29.510
743,735,31.812
743,759,146.532
743,760,30.817
744,688,164.437
744,753,70.345
744,15464,58.113
745,737,88.259
745,2720,109.980
745,9057,26.043
746,2412,58.015
746,7727,7.973
746,13792,26.091
747,9505,27.690
747,13839,10.182
748,740,32.372
748,755,24.063
748,2989,56.452
749,3410,11.602
749,4229,186.362
749,8721,227.423
750,730,68.690
750,754,85.271
750,770,36.917
751,740,95.184
751,6518,6.220
751,7969,27.600
752,735,146.266
752,741,34.391
752,759,30.191
752,4490,134.827
753,727,57.011
753,744,70.345
753,760,92.273
753,2467,185.498
754,750,85.271
754,7958,36.923
754,7959,40.330
755,741,139.050
755,748,24.063
755,4490,31.351
756,762,33.334
756,763,95.018
756,3410,34.681
757,729,86.297
757,770,46.377
757,7307,10.804
758,6516,180.298
758,13849,51.881
758,14694,32.630
759,743,146.532
759,752,30.191
759,771,29.552
760,743,30.817
760,753,92.273
760,764,32.107
760,771,144.981
761,3762,22.726
761,5845,9.565
761,9775,87.676
762,756,33.334
762,763,82.910
762,777,46.355
763,756,95.018
763,762,82.910
763,778,37.020
764,760,32.107
764,776,38.001
764,782,143.302
765,795,80.256
765,2749,71.836
765,4485,32.495
766,767,36.178
766,2474,28.207
766,4485,6.096
767,766,36.178
767,768,21.194
767,799,82.174
768,767,21.194
768,769,41.750
768,2475,26.704
769,768,41.750
769,2473,22.399
769,15017,77.780
770,750,36.917
770,757,46.377
770,2327,100.190
771,759,29.552
771,760,144.981
771,782,29.185
771,788,136.671
772,695,235.399
772,15467,32.854
773,13728,2.141
773,13730,16.093
774,3614,130.459
775,5145,7.690
776,764,38.001
776,786,32.214
776,791,142.040
777,762,46.355
777,778,98.677
777,784,23.123
778,763,37.020
778,777,98.677
778,785,21.994
779,788,44.909
779,4490,18.178
779,12350,192.337
780,2794,15.734
780,9759,68.185
781,2147,209.295
781,2219,93.568
782,764,143.302
782,771,29.185
782,791,29.530
783,807,73.264
783,9056,73.815
784,777,23.123
784,785,104.016
784,793,24.211
785,778,21.994
785,784,104.016
785,794,21.628
786,776,32.214
786,792,32.644
786,797,144.976
787,790,77.623
787,832,123.999
787,4229,147.846
788,771,136.671
788,779,44.909
788,802,51.252
789,694,281.522
789,2740,36.840
790,787,77.623
790,839,162.621
790,4658,86.974
791,776,142.040
791,782,29.530
791,797,34.922
791,802,135.294
792,786,32.644
792,798,32.115
792,803,145.649
793,784,24.211
793,794,105.207
793,6773,30.101
794,785,21.628
794,793,105.207
794,6774,48.319
795,765,80.256
795,805,39.936
795,816,77.995
796,7760,68.018
796,12368,49.222
797,786,144.976
797,791,34.922
797,803,30.811
797,813,136.432
798,792,32.115
798,804,30.943
798,809,151.923
798,2467,67.164
799,767,82.174
799,800,59.752
799,806,61.080
800,799,59.752
800,2741,139.828
801,9521,64.484
802,788,51.252
802,791,135.294
802,813,42.267
803,792,145.649
803,797,30.811
803,809,36.521
803,8616,34.600
804,798,30.943
804,814,30.536
804,826,153.206
805,795,39.936
805,806,27.548
805,833,106.212
806,799,61.080
806,805,27.548
806,4485,114.742
807,783,73.264
807,5619,100.587
808,6512,69.530
808,7770,4.395
809,798,151.923
809,803,36.521
809,826,28.901
809,840,129.583
810,823,36.082
810,2740,62.717
810,2744,103.075
811,812,131.213
811,820,39.070
812,811,131.213
812,827,41.170
812,8397,48.645
813,797,136.432
813,802,42.267
813,829,29.906
814,804,30.536
814,830,28.289
814,8615,51.479
815,816,35.456
815,2468,61.603
815,15475,15.136
816,795,77.995
816,815,35.456
816,3657,25.922
817,818,43.859
817,3410,225.924
817,8721,9.935
818,817,43.859
818,819,78.751
818,3660,90.290
818,6773,58.589
819,818,78.751
819,820,23.132
819,6774,37.071
820,811,39.070
820,819,23.132
821,2426,128.991
821,2429,40.897
821,8385,7.599
822,2243,23.659
822,4588,5.938
823,810,36.082
823,2491,91.386
823,2742,159.146
823,3658,68.807
824,6431,102.630
824,8364,182.332
824,8368,57.419
825,2460,138.533
825,2461,113.174
825,7759,5.132
825,9108,128.492
826,804,153.206
826,809,28.901
826,837,31.952
826,6533,88.483
827,812,41.170
827,834,135.249
827,870,127.961
828,847,169.568
828,852,31.852
828,4607,53.583
829,813,29.906
829,840,31.477
829,8616,99.829
830,814,28.289
830,838,29.458
830,845,165.186
830,2469,54.199
831,838,47.861
831,844,15.879
831,2469,33.391
832,787,123.999
832,839,56.352
832,4229,280.631
833,805,106.212
833,9489,122.345
834,827,135.249
834,13004,38.110
835,2463,11.002
835,9540,84.534
835,9769,15.453
836,9769,36.304
837,826,31.952
837,843,50.408
837,845,33.367
837,8614,54.749
838,830,29.458
838,831,47.861
838,851,31.382
838,853,164.090
839,790,162.621
839,832,56.352
839,15554,16.347
840,809,129.583
840,829,31.477
840,841,35.665
840,6533,43.364
840,7767,13.479
841,840,35.665
841,857,25.327
841,8885,40.835
842,2490,10.804
842,2496,239.077
843,837,50.408
843,850,37.746
843,857,77.766
843,6533,36.923
844,831,15.879
845,830,165.186
845,837,33.367
845,850,12.360
846,855,31.935
846,3658,57.585
847,828,169.568
848,849,53.193
848,2245,57.846
848,12361,52.071
849,848,53.193
849,2245,26.484
849,7920,68.692
850,843,37.746
850,845,12.360
850,853,32.044
850,866,113.130
851,838,31.382
851,858,100.539
851,860,44.975
852,828,31.852
852,6786,172.602
853,838,164.090
853,850,32.044
853,872,132.448
853,874,73.248
854,846,78.115
854,859,29.705
855,846,31.935
855,859,79.949
855,864,45.146
856,13878,84.894
857,841,25.327
857,843,77.766
857,866,29.638
858,851,100.539
858,865,36.982
859,854,29.705
859,855,79.949
859,863,87.545
859,6538,58.637
860,851,44.975
860,865,110.363
860,869,33.622
861,13868,60.701
861,13880,33.436
861,13885,10.371
862,2458,24.472
862,2459,14.375
862,8618,30.652
863,859,87.545
864,855,45.146
864,6539,45.394
865,858,36.982
865,860,110.363
865,873,28.351
866,850,113.130
866,857,29.638
866,872,39.766
867,7694,10.940
867,9489,8.856
867,15469,145.232
868,834,157.279
868,870,112.758
868,7199,23.702
869,860,33.622
869,873,113.280
870,827,127.961
870,868,112.758
870,4532,57.209
871,4948,60.427
871,4950,104.296
871,14046,29.730
872,853,132.448
872,866,39.766
872,878,45.069
873,865,28.351
873,874,45.118
874,853,73.248
874,878,135.322
874,7465,10.812
875,884,84.956
875,893,117.783
875,6418,7.355
876,2060,75.063
876,14422,122.207
877,881,24.863
877,13998,59.653
877,14006,30.560
877,14046,46.425
878,761,61.614
878,872,45.069
878,9484,9.301
879,895,59.229
879,15549,62.631
879,15554,248.128
880,7898,63.907
880,8522,30.623
881,877,24.863
881,6785,42.513
881,8157,5.229
882,9309,12.399
882,9669,130.304
883,13994,9.441
884,875,84.956
884,887,43.928
884,8398,37.065
885,4591,132.017
885,7920,156.300
885,8897,10.096
886,3438,176.057
886,15534,14.384
886,15564,27.976
887,884,43.928
887,897,89.093
887,8560,58.573
888,902,79.672
888,2798,10.024
889,7694,77.313
890,7421,44.010
890,7423,78.246
891,2225,95.183
891,2979,115.395
892,895,93.346
892,8398,199.435
892,8560,55.210
893,897,111.029
893,912,132.988
894,5848,7.499
894,7620,102.406
895,879,59.229
895,892,93.346
895,4665,14.387
895,9206,81.564
896,2462,70.805
897,887,89.093
897,893,111.029
897,914,63.456
898,7997,6.128
898,9154,64.931
899,7566,54.657
899,9454,104.090
900,3669,14.466
900,5774,33.424
900,15535,69.895
901,4665,123.921
901,7693,8.120
902,12062,24.448
902,12064,7.778
903,904,129.505
903,8154,44.044
903,9815,14.749
904,903,129.505
904,4615,25.452
904,4617,33.033
905,4613,10.653
905,4615,6.360
906,4614,7.809
906,6865,18.476
906,9773,140.410
907,6438,56.935
908,8560,146.120
908,9206,24.647
908,9207,22.163
909,868,181.873
910,917,18.947
910,8155,31.579
910,14056,22.946
910,14063,21.282
911,6411,129.541
912,6411,13.496
912,6417,7.297
913,4613,63.631
913,7451,56.960
914,897,63.456
914,7897,8.622
914,9212,109.305
915,909,82.737
915,916,39.709
915,7356,20.298
916,915,39.709
916,945,276.473
917,910,18.947
917,7440,47.702
917,14053,55.551
918,6043,81.553
918,6427,105.004
918,9207,49.390
918,9211,48.149
919,4792,182.417
919,7696,9.939
920,7421,261.486
920,7603,89.333
920,13911,100.343
921,922,148.352
921,5883,43.665
921,14422,118.103
922,921,148.352
923,7451,27.815
923,9773,92.334
923,14034,12.354
924,15024,45.914
925,6043,9.822
925,6545,53.290
925,15555,25.055
926,939,153.917
926,15028,18.218
927,5147,9.676
928,930,51.763
928,931,25.866
929,2054,199.268
929,2799,9.278
930,928,51.763
930,3681,80.473
930,10219,123.399
931,8237,53.424
931,8650,81.564
932,2994,118.241
933,936,63.435
933,14040,97.767
934,938,46.312
934,939,75.871
934,15024,68.615
935,953,171.669
935,6427,7.662
935,6548,55.802
936,933,63.435
936,8495,92.924
937,940,184.303
937,2249,32.922
937,3677,54.477
938,934,46.312
938,3224,105.039
938,8199,51.282
939,926,153.917
939,934,75.871
939,14981,85.747
940,937,184.303
940,948,77.401
940,3765,11.467
941,2249,52.350
941,3766,43.337
941,3767,27.441
942,2980,18.235
942,5743,32.899
942,5744,45.604
942,7697,18.290
943,948,109.901
943,3766,35.440
943,3770,34.337
944,15500,49.729
945,916,276.473
945,946,263.918
945,961,21.153
946,945,263.918
947,8151,68.112
947,14026,33.920
947,15501,26.870
948,940,77.401
948,943,109.901
948,950,58.010
949,2432,19.443
949,4531,31.147
949,9487,113.407
950,948,58.010
950,2247,111.237
950,3774,55.864
951,3769,26.170
951,3773,41.589
951,15558,4.303
952,972,72.594
952,15557,79.337
953,935,171.669
953,6972,88.492
953,8561,34.452
954,975,103.184
954,2405,51.500
954,9296,26.654
954,9297,99.864
955,963,102.227
955,2437,98.373
955,9865,241.259
956,6416,7.165
956,7127,238.961
956,8561,177.730
957,3687,39.762
957,3688,14.518
957,15487,8.563
958,2433,44.814
958,14026,23.949
958,14027,26.657
958,14049,52.147
959,2434,26.163
959,14000,44.250
960,3689,92.564
960,3780,15.191
960,3787,21.792
961,945,21.153
961,965,197.714
961,1025,415.462
962,2434,104.570
963,955,102.227
963,966,33.637
963,1005,243.404
964,2997,21.039
964,15023,23.791
964,15482,10.959
965,961,197.714
965,1019,376.060
966,963,33.637
966,2437,15.888
966,6303,21.392
967,4593,10.081
967,14782,19.661
968,3784,93.534
968,3794,61.017
968,8826,11.081
968,14769,49.375
969,974,69.492
969,986,133.288
969,15482,53.566
970,4929,42.526
970,7863,18.845
970,15487,48.947
971,989,146.589
971,2247,104.686
971,3791,26.615
972,978,168.407
972,1000,143.787
972,15020,8.629
973,974,54.679
973,991,48.832
973,8176,58.270
973,15020,51.723
974,969,69.492
974,973,54.679
974,987,134.044
975,954,103.184
975,988,121.220
975,6222,96.543
976,2130,49.879
976,2437,138.473
977,980,31.317
977,4930,153.445
977,4932,145.309
978,972,168.407
978,999,110.289
978,3787,44.864
978,3794,44.044
979,984,231.278
979,2982,13.279
980,977,31.317
980,981,209.008
980,1028,386.581
980,3692,111.208
981,980,209.008
982,7624,7.345
982,8149,191.659
983,2246,18.825
983,3798,23.370
983,9821,50.296
983,14769,32.632
984,979,231.278
984,986,64.433
984,8243,71.239
985,993,95.672
985,5748,134.531
985,15536,5.920
986,969,133.288
986,984,64.433
986,3696,51.685
987,974,134.044
987,995,102.118
987,3696,16.604
988,997,76.896
989,971,146.589
989,1012,182.374
989,2246,90.007
989,4594,88.570
990,3798,62.357
990,8825,100.296
990,14752,34.935
991,973,48.832
992,2226,251.637
992,2981,17.971
992,2985,153.368
993,985,95.672
994,2130,216.443
994,2131,67.509
994,2295,152.329
994,14712,79.569
995,987,102.118
995,1000,63.819
995,15021,96.790
996,9499,15.707
996,13941,62.260
997,4521,170.497
997,9765,1.581
998,9813,62.428
999,978,110.289
999,1000,111.089
999,1006,76.542
999,8825,7.527
1000,972,143.787
1000,995,63.819
1000,999,111.089
1000,12347,83.809
1001,8116,116.760
1001,13953,103.284
1002,2980,342.647
1002,5314,49.576
1002,7037,40.704
1003,3698,105.030
1003,3702,39.070
1004,2396,146.046
1005,963,243.404
1005,2131,25.608
1005,6524,36.641
1006,999,76.542
1006,8824,30.657
1006,9820,68.560
1007,988,57.469
1007,9037,62.245
1008,1026,157.070
1008,3799,44.495
1008,3800,46.167
1008,14752,100.322
1009,1010,220.218
1009,5314,16.212
1009,6299,81.555
1010,1009,220.218
1010,1021,111.099
1010,3703,10.291
1011,1007,74.673
1012,989,182.374
1012,1036,150.987
1012,4596,82.891
1012,7103,86.596
1013,1011,51.396
1013,9037,72.513
1014,12343,91.261
1014,14031,87.611
1015,2250,55.161
1015,6389,20.896
1015,6393,38.075
1016,2984,107.910
1016,2985,19.531
1016,3704,46.663
1017,4596,10.664
1017,12334,43.291
1017,12335,9.247
1018,1038,120.979
1018,7447,49.876
1018,13716,79.296
1019,965,376.060
1019,2228,429.280
1019,7293,202.165
1020,1021,58.015
1020,6392,17.947
1020,6393,28.818
1021,1010,111.099
1021,1020,58.015
1021,2250,69.668
1021,6297,46.524
1022,1034,65.034
1022,2248,50.942
1022,3804,60.559
1022,9820,92.263
1023,1028,89.548
1023,3564,317.123
1023,6571,96.774
1024,1025,70.615
1024,13479,14.821
1025,961,415.462
1025,1024,70.615
1025,7292,44.297
1025,7293,42.815
1026,1008,157.070
1026,3804,43.595
1026,12898,35.705
1027,3704,127.754
1028,980,386.581
1028,1023,89.548
1028,1041,180.614
1028,3707,320.436
1029,1036,92.605
1029,7103,155.821
1029,12898,46.369
1030,1040,100.107
1031,2229,189.566
1031,4513,69.217
1031,7361,125.016
1032,1034,163.859
1032,6394,43.624
1032,8355,10.543
1033,1035,89.349
1033,6297,35.538
1033,8355,52.351
1034,1022,65.034
1034,1032,163.859
1034,12997,55.181
1035,1033,89.349
1035,1039,40.100
1035,6299,169.491
1035,9729,303.456
1036,1012,150.987
1036,1029,92.605
1036,4597,86.593
1037,1040,132.220
1038,1018,120.979
1038,3709,61.048
1038,6826,94.491
1039,1035,40.100
1039,6534,111.888
1039,8200,68.998
1040,1037,132.220
1040,1043,50.937
1041,1028,180.614
1041,6569,85.510
1041,15592,57.944
1042,1044,32.792
1042,3712,281.650
1042,8200,21.911
1043,2638,62.776
1043,8468,113.013
1044,1042,32.792
1044,3710,151.552
1044,7522,158.624
1045,1054,127.121
1046,4599,9.320
1046,8642,25.388
1046,12869,82.314
1047,4513,46.248
1047,4769,133.872
1047,7292,260.298
1048,4090,160.705
1049,2288,92.172
1049,7360,374.112
1049,7361,24.492
1050,14099,45.346
1050,14705,204.171
1050,14706,50.316
1051,2231,59.588
1051,9343,151.184
1052,1053,47.353
1052,6567,96.642
1052,15137,97.901
1053,1052,47.353
1053,1054,59.443
1053,1060,54.905
1054,1045,127.121
1054,1053,59.443
1054,6815,19.726
1055,2230,94.468
1055,10098,12.208
1056,10097,4.570
1057,6815,134.350
1057,8819,18.535
1058,2021,181.691
1058,2129,162.157
1058,7115,11.810
1059,4600,91.916
1059,5312,7.364
1060,1053,54.905
1060,1068,55.723
1060,6816,78.156
1061,1071,56.926
1061,6816,137.729
1062,2871,28.623
1062,12976,53.611
1063,1062,24.497
1063,12893,61.211
1064,3279,16.268
1064,9344,6.484
1065,1068,44.947
1065,1074,91.758
1065,15137,7.539
1066,2228,117.000
1066,3565,98.917
1067,15138,15.182
1068,1060,55.723
1068,1065,44.947
1068,1070,80.908
1068,8699,59.513
1069,9341,6.883
1070,1068,80.908
1070,1076,45.680
1070,6816,59.612
1070,9383,17.762
1071,1088,158.898
1071,6414,8.084
1071,9383,116.337
1072,2869,29.664
1072,12882,57.184
1073,5674,106.329
1073,5745,72.060
1073,15121,20.717
1074,1065,91.758
1074,1080,23.693
1074,8699,5.593
1075,5872,39.008
1075,12539,19.016
1076,1070,45.680
1076,8699,80.013
1076,15064,60.063
1077,1089,168.424
1078,6906,232.957
1078,8336,19.443
1078,12933,30.964
1079,3251,274.495
1080,1074,23.693
1080,8698,37.254
1080,15122,377.984
1081,3567,188.620
1081,3568,78.480
1081,4542,306.181
1082,1083,31.034
1082,8334,67.375
1083,2870,24.841
1083,12768,53.757
1084,12503,55.909
1085,4538,107.719
1086,1095,132.558
1086,8333,86.174
1086,12675,14.549
1086,12676,22.070
1087,1064,130.227
1087,3277,17.675
1087,15154,40.259
1088,1094,111.990
1088,4538,150.156
1088,6412,8.762
1089,1077,168.424
1089,5675,61.327
1090,1093,45.598
1090,6942,77.973
1090,6944,129.544
1091,1069,273.693
1091,2683,10.957
1092,5795,45.077
1092,7904,20.612
1093,1090,45.598
1093,1094,173.304
1093,5732,31.919
1094,1093,173.304
1094,1104,235.981
1094,6413,11.820
1095,1086,132.558
1095,12677,42.492
1096,5269,10.706
1096,8186,148.500
1097,3275,21.037
1097,6430,21.868
1097,6793,44.328
1098,1099,104.612
1098,4541,153.182
1098,5791,83.383
1099,1098,104.612
1099,5733,79.345
1099,8072,20.423
1100,5732,93.103
1100,6429,17.727
1100,8072,135.611
1101,5790,71.180
1101,5791,133.952
1101,15126,99.809
1102,2684,223.166
1103,5269,150.707
1103,6382,156.108
1103,12709,33.615
1103,12710,72.527
1104,1105,78.446
1104,2643,495.556
1104,5196,8.325
1104,7689,15.568
1105,1107,372.909
1105,1113,187.047
1105,6429,104.682
1106,1102,162.451
1106,4585,6.888
1107,1105,372.909
1107,1115,380.787
1107,5790,123.532
1108,12667,56.911
1108,12683,51.203
1108,12926,27.064
1109,5259,11.502
1109,12638,45.445
1110,12726,19.207
1111,1112,106.002
1112,1111,106.002
1112,5273,23.087
1113,1105,187.047
1113,6421,127.470
1113,7690,5.003
1114,6421,7.467
1114,15094,71.655
1114,15096,53.421
1115,1107,380.787
1115,5655,88.923
1115,15096,52.374
1116,2253,431.895
1116,12788,29.306
1116,12790,42.916
1117,1106,161.776
1117,1123,184.166
1118,3512,190.595
1118,4921,43.062
1118,5468,38.003
1118,7874,61.419
1119,3280,16.823
1119,6847,82.804
1119,8877,150.015
1120,9873,36.614
1120,9882,105.058
1121,2254,387.356
1121,2667,24.662
1122,3566,1066.259
1122,3572,121.360
1123,1117,184.166
1124,1125,59.037
1124,8085,101.928
1124,15106,158.121
1125,1124,59.037
1125,5659,30.577
1125,5661,107.431
1126,4585,518.580
1127,5199,8.640
1127,15265,21.786
1128,2639,95.443
1128,3513,90.336
1129,4091,205.178
1129,5050,20.797
1130,1131,71.884
1130,1132,59.351
1131,1130,71.884
1131,2639,79.283
1131,2646,29.983
1132,1133,86.748
1132,1134,60.478
1132,5762,13.693
1133,1132,86.748
1133,1135,61.343
1133,2646,36.287
1134,1135,85.421
1134,9216,65.889
1135,1133,61.343
1135,1134,85.421
1135,1137,108.701
1136,5263,9.571
1136,12820,17.247
1137,1135,108.701
1137,15010,26.108
1137,15307,35.053
1138,1139,111.739
1138,1143,119.206
1138,4127,89.703
1138,5263,37.244
1139,1138,111.739
1139,1140,79.453
1139,1146,83.080
1140,1139,79.453
1140,2252,63.323
1140,4129,75.660
1141,1145,35.742
1141,2812,27.554
1141,5309,24.007
1142,2686,12.572
1142,3541,174.954
1142,8308,43.117
1143,1138,119.206
1143,5264,40.344
1143,12801,71.732
1144,5264,9.253
1144,12817,74.310
1144,12818,65.991
1145,1141,35.742
1145,1150,108.292
1145,1153,106.404
1146,1139,83.080
1146,12799,15.357
1146,12801,11.382
1147,2018,62.272
1148,2019,37.145
1148,9285,23.280
1149,1150,32.801
1149,2880,28.782
1149,12640,42.142
1150,1145,108.292
1150,1149,32.801
1150,12571,19.330
1150,12573,4.981
1151,1160,76.543
1151,8074,8.174
1151,8075,2.948
1152,1156,94.722
1152,2663,144.253
1152,3542,57.450
1153,1145,106.404
1153,2813,36.761
1153,8074,27.304
1153,12556,37.384
1154,4741,29.264
1154,7031,289.975
1154,14252,141.598
1155,4092,58.341
1155,9430,20.412
1156,1152,94.722
1156,6856,55.905
1156,9576,93.445
1157,2217,62.341
1158,3574,92.558
1158,9307,14.070
1159,1160,41.754
1159,12560,9.688
1159,12564,3.893
1160,1151,76.543
1160,1159,41.754
1161,1163,38.126
1161,12569,83.229
1161,12571,88.232
1162,1163,33.899
1162,7270,10.216
1162,8288,59.174
1163,1161,38.126
1163,1166,125.191
1163,9366,8.604
1164,1166,38.295
1164,12567,18.304
1164,12569,24.173
1165,1173,92.366
1165,9049,15.098
1166,1164,38.295
1166,7267,41.476
1166,7272,10.555
1167,1168,76.477
1167,12574,93.750
1168,1167,76.477
1168,4494,137.969
1169,1190,267.380
1169,7271,20.014
1170,1174,183.688
1171,3454,5.787
1172,1184,273.050
1172,7436,116.734
1173,1165,92.366
1173,9584,40.925
1173,14079,98.608
1174,1170,183.688
1174,2648,199.404
1174,4473,19.465
1174,7003,150.975
1175,1181,111.886
1175,14114,44.414
1176,2117,17.482
1176,12906,33.676
1177,2117,105.851
1177,13008,39.650
1178,1183,31.014
1178,5607,16.915
1179,14104,259.591
1179,14180,192.376
1180,15301,7.538
1180,15303,42.626
1181,1175,111.886
1181,1186,85.898
1181,14130,69.673
1182,14079,6.473
1183,1218,484.264
1183,3457,48.515
1183,5781,15.263
1184,1172,273.050
1184,8170,37.836
1184,9365,9.640
1185,3457,103.369
1185,8501,74.399
1185,15294,14.705
1185,15297,154.663
1186,1181,85.898
1186,1189,66.307
1187,7911,20.906
1188,5698,30.067
1188,9192,87.766
1188,15297,44.592
1189,1186,66.307
1189,9795,19.179
1189,14199,29.901
1190,2815,22.333
1190,5575,53.647
1191,3460,129.875
1191,7815,72.528
1191,14380,5.672
1192,3199,15.800
1192,8746,48.889
1193,1184,138.082
1193,4917,133.956
1193,7470,11.557
1194,8803,33.230
1194,8805,6.392
1195,1196,68.905
1195,1199,57.926
1195,2814,124.674
1196,1195,68.905
1196,1203,101.373
1196,7686,7.234
1196,15231,50.562
1197,2894,72.280
1197,5898,13.521
1198,8829,279.367
1198,14214,30.543
1199,1195,57.926
1199,1200,76.479
1199,1205,68.516
1200,1199,76.479
1200,1202,58.541
1200,15206,25.564
1201,1207,137.202
1201,2640,347.276
1201,3461,136.173
1202,1200,58.541
1202,2814,73.631
1203,1196,101.373
1203,1205,59.406
1203,1208,115.908
1203,3465,96.938
1204,1219,328.189
1204,2287,100.539
1204,8534,10.274
1205,1199,68.516
1205,1203,59.406
1206,3473,24.658
1206,7473,10.646
1207,1201,137.202
1207,1219,49.449
1207,3472,147.835
1208,1203,115.908
1208,1213,37.807
1208,7473,199.259
1208,7677,18.294
1209,1210,53.637
1209,1222,301.077
1210,1214,88.399
1210,3463,158.552
1211,8695,191.323
1211,15319,128.650
1212,1217,93.832
1213,3481,23.458
1214,1215,80.375
1214,5784,132.665
1215,1218,70.785
1215,3478,39.400
1215,15321,12.128
1216,1230,159.832
1216,2097,12.932
1217,1224,73.187
1217,1233,112.393
1217,7982,93.708
1218,1215,70.785
1218,5609,13.878
1218,6231,7.795
1219,1204,328.189
1219,1207,49.449
1219,5191,79.936
1220,1221,102.702
1220,1228,148.839
1220,1246,182.758
1221,1220,102.702
1221,1245,184.177
1221,7275,150.050
1221,12918,29.220
1222,1209,301.077
1223,1229,47.576
1224,7981,82.705
1225,1232,71.645
1225,7678,15.912
1226,1227,12.092
1226,14138,84.293
1227,1226,12.092
1227,3488,49.051
1227,14290,79.927
1228,1220,148.839
1228,1229,52.033
1228,3476,43.530
1228,5794,83.159
1229,1223,47.576
1229,1228,52.033
1229,1235,56.572
1229,2093,59.746
1230,1238,60.556
1230,2093,14.115
1231,1226,67.011
1231,14117,32.489
1232,1239,97.685
1232,7683,14.062
1232,15212,125.525
1233,1217,112.393
1233,15202,27.678
1234,2075,22.399
1234,3553,49.388
1234,14361,13.124
1235,1229,56.572
1235,6901,23.789
1236,1224,124.298
1236,1233,67.816
1237,2691,11.796
1237,14840,54.503
1238,1250,125.095
1238,2100,13.849
1238,3502,54.978
1239,5435,59.239
1240,5191,101.012
1240,7290,16.874
1240,7291,306.285
1241,2032,502.901
1241,3553,60.814
1242,9317,5.904
1242,14356,7.736
1242,14357,24.581
1243,1236,75.013
1243,15213,95.195
1244,7283,51.605
1244,14838,90.911
1245,1221,184.177
1245,6585,51.828
1245,8627,113.608
1245,12916,50.969
1246,1220,182.758
1246,2091,81.491
1246,6585,50.587
1246,14265,157.970
1247,1239,127.379
1247,1252,61.783
1248,2091,53.174
1248,2099,59.265
1248,6818,189.375
1248,6901,103.952
1249,3830,148.778
1249,5466,96.446
1249,15531,16.720
1250,2099,13.426
1250,5105,67.193
1251,8934,88.675
1251,8935,51.225
1252,1247,61.783
1252,1255,65.048
1253,6818,25.902
1253,6902,51.411
1254,13224,41.875
1254,13226,31.380
1254,14250,11.970
1255,1265,106.564
1255,9115,76.465
1256,9801,32.089
1257,1260,62.475
1257,13234,59.323
1257,14286,37.501
1258,15200,77.152
1259,14184,12.807
1260,1257,62.475
1260,1264,107.905
1260,14117,304.979
1260,14280,24.427
1261,2697,125.122
1261,3559,19.116
1262,7896,28.236
1263,5132,8.693
1263,5135,142.796
1264,1260,107.905
1264,2697,14.723
1264,6064,323.226
1265,1255,106.564
1265,15188,80.397
1266,5463,8.003
1266,6232,7.360
1266,9094,566.738
1267,13224,75.504
1267,14311,19.036
1267,14312,17.303
1268,1265,68.372
1268,4097,121.138
1269,2662,165.395
1269,5188,203.445
1269,5831,117.041
1270,1285,197.960
1270,2090,129.128
1270,14311,58.089
1271,1272,246.235
1271,1278,88.318
1272,1279,80.878
1272,7509,6.947
1273,5865,71.762
1273,15174,61.591
1273,15177,37.680
1274,1288,128.920
1274,2098,12.382
1275,5131,25.514
1275,8810,22.174
1276,9565,10.980
1276,9614,32.884
1276,13139,8.790
1277,1278,23.346
1277,1281,87.786
1277,1294,114.663
1278,1271,88.318
1278,1277,23.346
1278,1279,218.787
1279,1272,80.878
1279,1278,218.787
1279,1287,72.200
1279,15183,31.818
1280,12940,31.049
1281,1277,87.786
1281,8809,102.703
1282,1290,83.214
1282,1296,131.240
1282,7680,77.158
1282,15182,146.918
1283,8741,475.959
1283,8766,62.646
1283,8768,8.707
1285,1853,110.735
1286,5277,7.008
1286,12849,9.821
1286,13253,29.139
1287,1279,72.200
1287,1290,144.240
1287,1294,199.506
1287,1295,82.324
1288,8788,10.823
1288,8792,47.310
1289,2122,533.225
1289,6894,82.835
1289,6895,66.502
1290,1282,83.214
1290,1287,144.240
1290,1300,93.310
1290,9400,82.156
1291,8791,13.360
1291,9789,13.591
1291,14282,114.822
1292,10464,52.239
1292,13229,102.751
1293,2698,16.270
1293,14331,152.352
1294,1277,114.663
1294,1287,199.506
1294,1297,85.713
1295,1287,82.324
1295,1299,71.001
1296,1282,131.240
1296,1300,97.333
1296,5634,88.363
1297,1281,118.304
1297,1294,85.713
1298,7377,9.135
1298,12021,76.654
1299,1295,71.001
1299,1303,105.031
1299,9400,42.837
1300,1290,93.310
1300,1296,97.333
1300,1312,196.355
1301,2120,19.941
1301,4251,20.411
1302,1308,80.668
1302,9128,9.317
1302,12019,43.814
1303,1299,105.031
1303,1309,80.351
1303,1320,203.973
1304,1295,207.721
1304,1309,31.909
1305,8758,150.517
1305,8759,16.563
1306,1310,110.871
1306,8791,290.623
1306,9870,262.849
1306,14318,52.835
1307,1313,69.558
1308,1302,80.668
1308,1312,81.271
1308,1324,205.419
1309,1303,80.351
1309,1304,31.909
1309,1315,69.211
1309,9469,113.358
1310,1306,110.871
1310,8789,323.712
1311,5275,16.616
1311,7386,28.216
1312,1300,196.355
1312,1308,81.271
1312,1326,204.177
1312,6602,51.035
1313,2121,22.815
1313,4254,34.501
1313,8710,108.733
1314,2833,24.302
1314,11651,123.732
1315,1309,69.211
1315,1318,100.413
1315,1319,104.538
1316,1310,55.834
1317,4253,9.834
1317,4256,29.833
1317,6057,54.263
1318,1315,100.413
1318,1319,106.726
1318,2832,54.355
1319,1315,104.538
1319,1318,106.726
1319,1323,31.284
1320,1303,203.973
1320,1323,77.677
1320,1336,201.685
1320,6602,125.040
1321,1324,75.472
1321,11851,60.871
1322,1313,35.985
1322,4254,27.040
1323,1319,31.284
1323,1320,77.677
1323,1325,123.641
1323,8537,76.503
1324,1308,205.419
1324,1321,75.472
1324,1326,78.300
1325,1323,123.641
1325,4111,16.712
1326,1312,204.177
1326,1324,78.300
1326,1336,146.190
1326,8535,66.422
1327,4257,11.517
1327,6590,11.550
1327,10501,71.763
1328,2701,46.778
1328,4545,42.387
1328,5183,12.750
1329,11561,6.858
1330,14376,5.116
1330,14377,15.902
1331,1337,146.120
1331,11511,22.365
1332,5182,10.598
1332,14915,4.964
1333,5835,62.631
1333,6057,97.329
1333,9522,176.490
1334,1855,151.425
1334,14317,275.998
1335,5522,13.448
1335,7202,77.767
1335,8051,61.228
1336,1320,201.685
1336,1326,146.190
1336,1339,79.668
1336,1352,163.724
1337,1331,146.120
1337,8428,16.756
1337,11868,132.550
1338,7890,75.341
1338,11453,80.533
1338,11850,7.560
1339,1336,79.668
1339,1346,117.911
1339,6600,51.378
1340,5562,44.936
1340,5571,91.675
1340,11452,54.202
1341,1334,68.595
1341,2700,12.145
1342,11832,38.811
1342,15523,34.355
1343,6604,85.398
1343,7374,10.748
1344,6150,14.948
1344,11563,91.756
1345,1330,190.230
1345,2074,374.610
1346,1325,189.741
1346,1339,117.911
1347,7609,17.659
1347,7610,33.503
1347,13132,103.550
1348,6871,9.362
1348,8231,56.221
1349,10447,106.405
1350,1353,56.265
1350,4294,107.644
1350,10507,28.457
1350,10508,36.616
1351,1363,65.515
1352,1336,163.724
1352,1360,88.041
1352,11832,81.564
1353,1350,56.265
1353,10601,20.241
1353,10604,34.395
1354,1361,39.961
1354,14953,10.296
1355,1374,210.665
1355,5597,8.157
1355,6223,6.609
1356,1368,69.899
1356,7580,98.563
1357,9685,17.560
1357,13137,39.611
1357,13715,10.000
1358,4231,11.244
1358,10448,21.156
1359,2333,77.121
1359,6134,63.032
1359,8427,179.541
1360,1352,88.041
1360,11503,49.510
1360,11839,135.359
1361,1354,39.961
1361,1377,164.207
1361,13156,67.444
1362,1364,8.856
1362,10447,33.051
1362,10448,27.364
1363,1351,65.515
1363,2332,60.281
1363,2333,150.251
1363,11495,119.857
1364,1362,8.856
1364,8951,98.883
1364,10599,148.892
1365,2073,83.734
1365,5777,78.798
1365,14377,73.061
1366,9097,13.521
1366,10272,5.221
1366,10496,54.814
1367,11564,20.067
1367,11565,6.675
1368,1356,69.899
1368,1373,96.698
1368,4262,79.125
1369,1380,128.411
1369,6829,81.970
1370,7250,42.860
1370,10495,19.766
1370,10496,12.107
1370,10801,55.913
1371,1381,108.573
1371,5412,16.359
1371,11280,61.067
1372,3148,109.718
1372,5508,92.329
1372,8379,158.967
1372,10409,19.278
1373,1380,121.025
1373,7580,93.979
1374,1401,345.642
1374,6225,5.961
1374,7015,6.648
1375,3148,153.257
1376,2334,64.576
1376,11497,42.963
1377,1361,164.207
1377,3175,18.493
1377,8619,35.308
1378,1385,89.155
1378,4233,268.381
1378,7249,12.018
1379,2889,84.434
1379,4779,175.069
1379,6225,65.755
1380,8234,18.271
1380,9683,142.357
1381,1371,108.573
1381,9673,70.872
1381,10478,34.439
1382,4261,104.970
1382,6857,204.570
1382,11487,52.850
1382,15357,218.075
1383,10456,13.069
1383,10550,18.124
1383,10730,46.232
1384,6593,19.370
1384,7528,23.265
1384,10557,103.804
1385,1378,89.155
1385,8941,139.399
1385,10313,79.929
1386,7615,8.494
1387,1391,61.360
1387,11488,32.823
1387,11494,278.285
1388,2333,265.876
1388,6596,38.982
1389,6592,58.235
1389,10313,20.497
1389,10331,31.318
1390,1398,132.916
1390,3139,15.214
1390,11179,45.573
1391,1387,61.360
1391,1394,48.366
1391,1400,113.630
1392,6476,39.472
1393,9089,15.662
1393,10401,100.119
1393,11190,8.189
1394,1391,48.366
1394,1399,70.048
1394,1407,135.121
1395,1405,75.105
1395,4776,111.703
1395,4779,79.545
1396,8941,9.804
1397,10329,15.744
1397,10330,11.411
1397,10331,50.411
1397,11193,114.336
1398,1390,132.916
1398,1403,83.959
1398,9674,61.063
1399,1394,70.048
1399,1409,44.922
1399,11513,69.134
1400,1391,113.630
1400,1409,44.679
1400,1412,69.872
1401,6212,15.737
1401,9502,5.427
1402,2154,172.183
1403,1398,83.959
1403,5394,68.581
1403,10468,26.738
1403,10854,25.566
1404,1411,60.810
1404,1417,112.716
1404,8733,57.558
1405,1395,75.105
1405,1428,197.234
1405,6213,17.268
1406,4209,198.669
1406,11493,2.918
1406,11494,4.095
1407,1394,135.121
1407,1427,76.831
1407,11514,52.127
1408,10519,55.681
1408,10535,41.682
1408,10732,90.121
1409,1399,44.922
1409,1400,44.679
1409,1844,83.099
1410,6118,19.805
1410,10535,3.176
1410,10536,4.141
1410,10673,58.400
1411,1404,60.810
1411,2918,61.909
1412,1400,69.872
1412,1435,168.383
1412,7260,104.072
1413,1428,83.853
1413,4775,34.153
1413,4778,82.161
1414,2283,9.839
1414,3861,88.442
1414,8553,283.163
1415,3862,38.423
1415,3863,39.747
1415,5394,72.835
1416,8049,115.186
1416,8359,75.633
1417,8871,32.538
1418,1844,75.058
1418,5473,127.982
1418,11525,20.683
1419,1421,77.714
1419,2304,23.064
1420,3863,30.556
1420,10708,40.169
1420,10709,11.282
1421,2851,162.039
1422,3023,56.265
1422,10709,17.635
1422,10716,9.695
1423,1411,118.976
1423,1417,68.072
1424,7841,38.502
1425,10874,195.308
1425,10884,90.770
1426,5367,79.540
1427,1407,76.831
1427,5475,18.328
1428,1413,83.853
1428,5361,87.664
1428,9214,11.575
1429,2594,107.059
1429,5503,60.890
1429,10291,79.565
1430,2310,177.098
1430,7257,16.358
1431,10806,10.794
1432,1440,47.802
1432,3349,45.681
1432,11741,74.264
1433,10855,15.245
1433,10856,5.294
1434,2301,101.420
1434,4479,11.532
1434,10631,29.900
1434,10673,52.864
1435,1412,168.383
1435,11529,13.113
1435,11530,14.995
1435,11532,11.326
1436,1437,79.818
1437,1426,305.810
1438,11542,17.704
1438,11545,7.632
1439,10848,58.932
1439,10852,12.674
1439,10887,13.173
1440,1432,47.802
1440,1445,51.165
1440,1458,193.089
1441,1457,48.677
1441,2312,17.529
1442,3195,41.077
1442,8348,33.256
1442,10382,40.318
1443,3024,47.340
1443,5288,7.146
1444,5279,34.989
1444,9339,73.787
1444,10398,109.229
1445,1440,51.165
1445,1453,51.225
1445,1467,193.900
1446,8006,78.492
1446,10637,11.126
1446,10711,17.058
1447,1458,50.576
1447,7163,22.646
1448,2316,44.035
1448,3207,225.641
1448,6175,156.727
1448,9112,119.393
1449,8351,98.815
1449,10848,19.751
1449,10849,9.254
1450,4480,33.292
1450,6498,9.720
1450,9872,28.445
1451,6173,53.899
1451,6594,84.297
1451,10865,27.987
1452,2906,166.859
1452,4139,121.611
1452,6119,59.141
1453,1445,51.225
1453,1462,64.130
1453,1473,194.837
1454,4138,38.900
1454,11292,137.881
1455,1461,48.747
1455,3146,67.469
1456,1463,80.753
1456,2315,82.089
1457,2308,160.279
1457,6851,12.832
1458,1440,193.089
1458,1447,50.576
1458,1467,51.423
1459,9113,20.842
1460,6105,54.007
1460,6119,9.779
1461,1455,48.747
1461,1471,113.702
1461,6107,69.400
1462,1453,64.130
1462,1477,171.831
1462,3031,53.254
1463,1468,40.197
1464,2862,66.435
1465,8358,24.124
1465,10582,30.024
1465,10865,87.602
1466,1454,82.359
1466,1455,119.806
1466,4237,7.514
1467,1445,193.900
1467,1458,51.423
1467,1473,53.846
1468,8966,68.091
1468,11462,7.088
1469,2863,73.210
1469,6215,61.899
1470,5531,26.609
1470,6080,39.571
1470,10836,7.871
1471,1466,47.783
1472,1484,42.083
1472,2284,399.250
1472,8646,254.211
1473,1453,194.837
1473,1467,53.846
1473,1477,66.889
1474,3151,36.985
1474,6108,59.203
1475,1484,289.914
1475,2285,23.160
1475,6333,68.865
1476,1483,64.681
1476,8349,90.335
1476,10830,33.167
1477,1462,171.831
1477,1473,66.889
1477,3043,71.433
1478,1512,244.654
1478,2863,87.289
1479,2890,63.168
1479,2891,224.014
1479,5443,132.426
1479,11696,47.163
1480,11696,14.888
1480,11698,5.617
1481,1488,81.069
1481,5443,136.883
1481,5711,84.993
1482,1516,265.781
1482,5451,9.514
1482,5711,9.631
1483,1476,64.681
1484,1472,42.083
1484,1475,289.914
1484,8581,39.961
1485,6080,69.621
1485,10380,30.636
1485,10568,73.734
1486,3153,22.926
1486,11152,95.033
1487,1498,113.259
1487,1500,107.408
1488,1481,81.069
1488,1491,126.816
1488,1502,80.524
1489,1504,74.181
1489,6769,1384.237
1490,9530,17.786
1490,9791,38.599
1491,1488,126.816
1491,2890,130.397
1491,5443,70.439
1492,1493,67.140
1492,10778,89.347
1493,1492,67.140
1493,10821,86.320
1494,11144,61.156
1494,11153,56.526
1495,5686,79.945
1495,11272,85.938
1496,3211,31.386
1496,6618,38.318
1497,6203,20.714
1497,7534,20.773
1497,10683,44.494
1497,10684,56.714
1498,15164,24.006
1499,6203,90.977
1499,10627,21.331
1499,10629,27.028
1500,1487,107.408
1500,3043,122.521
1500,15165,76.776
1501,1514,67.731
1501,2890,69.995
1501,7990,52.810
1502,1488,80.524
1502,1515,83.286
1502,5595,121.985
1503,1506,32.019
1503,2878,69.676
1503,5685,58.263
1504,1489,74.181
1504,1525,536.207
1505,2885,225.145
1505,6496,79.923
1505,10627,21.619
1506,1503,32.019
1506,1520,138.381
1506,5286,51.761
1507,1535,229.411
1507,11746,31.135
1507,11817,31.563
1508,1509,71.106
1508,1529,55.504
1508,11761,30.917
1509,1508,71.106
1509,11816,29.504
1509,11817,23.813
1510,1511,23.395
1511,6496,12.548
1511,7535,22.253
1511,9837,13.909
1512,1478,244.654
1512,4442,78.734
1512,6137,73.705
1513,1480,181.199
1513,1514,62.825
1513,6399,8.204
1514,1501,67.731
1514,1513,62.825
1514,5594,107.647
1515,1502,83.286
1515,5594,114.908
1515,5715,74.856
1516,1543,211.103
1516,5445,6.865
1516,5715,10.284
1517,1520,32.851
1517,11266,20.542
1518,1526,83.734
1518,10612,45.487
1519,5281,141.074
1519,6204,105.562
1519,7534,141.031
1520,1506,138.381
1520,1517,32.851
1520,1524,49.446
1520,11265,18.783
1521,1527,93.325
1521,6081,63.184
1521,7535,91.111
1522,1537,159.565
1522,1544,213.930
1522,6123,73.060
1523,1525,17.624
1523,2605,737.812
1524,1520,49.446
1524,5286,125.092
1525,1504,536.207
1525,1523,17.624
1526,1528,71.855
1526,2877,47.856
1527,1521,93.325
1528,1530,33.716
1529,1508,55.504
1529,4442,89.682
1529,8648,166.643
1530,5290,54.241
1530,11265,159.436
1531,1540,98.661
1531,1549,197.825
1532,1536,15.594
1532,4579,177.646
1533,1548,111.180
1533,4442,156.438
1533,8648,16.122
1534,8648,69.651
1535,1507,229.411
1535,6398,113.957
1535,11656,38.974
1536,1532,15.594
1536,1546,126.150
1537,1522,159.565
1537,1540,72.464
1537,1544,111.579
1538,1513,187.947
1538,1541,274.404
1538,6398,9.598
1539,2290,101.501
1539,3029,132.456
1539,4579,74.823
1540,1531,98.661
1540,1537,72.464
1540,1545,69.872
1540,9516,97.549
1541,1538,274.404
1541,1566,232.335
1541,5716,59.529
1542,3147,578.142
1542,5292,10.220
1543,5533,558.695
1543,5593,10.909
1543,5716,8.066
1544,1522,213.930
1544,1537,111.579
1544,1555,91.188
1544,9515,65.315
1545,1540,69.872
1545,1552,64.443
1545,8969,82.083
1546,1536,126.150
1546,5241,63.058
1547,6493,11.484
1547,10927,39.200
1547,10928,50.573
1548,1533,111.180
1548,1558,74.195
1548,2317,152.007
1549,15400,18.813
1549,15402,25.822
1550,1560,107.301
1550,6686,65.972
1550,9515,10.580
1550,9516,11.000
1551,1538,107.090
1551,6402,9.804
1552,1545,64.443
1552,1556,64.290
1552,8970,77.232
1553,2227,77.290
1553,15407,45.479
1554,4892,213.307
1554,8712,50.993
1554,10927,63.612
1555,1544,91.188
1555,11468,16.010
1555,11469,8.966
1556,1552,64.290
1556,1559,51.745
1556,1568,117.420
1556,15402,66.159
1557,2227,45.372
1557,11673,65.914
1558,1548,74.195
1558,1557,11.311
1559,1556,51.745
1559,1562,51.578
1559,1571,135.047
1560,1550,107.301
1560,1555,69.840
1560,7089,8.415
1561,1562,27.982
1561,15407,25.079
1561,15409,7.968
1562,1559,51.578
1562,1561,27.982
1562,6130,41.492
1563,1558,73.470
1563,2317,68.872
1564,1551,134.026
1564,1565,66.659
1564,6397,8.203
1565,1564,66.659
1565,1566,161.420
1565,1572,66.205
1566,1541,232.335
1566,1565,161.420
1566,1573,77.710
1567,1560,72.297
1567,15161,24.294
1568,1556,117.420
1568,1571,47.231
1568,1583,150.720
1568,6685,62.244
1569,1576,33.280
1570,10699,7.741
1570,10966,66.687
1570,11141,26.273
1571,1559,135.047
1571,1568,47.231
1571,6131,45.167
1572,1573,113.380
1572,1586,100.459
1573,1566,77.710
1573,1572,113.380
1573,8546,113.327
1574,5215,29.188
1574,6094,22.694
1575,1567,73.863
1575,8968,107.901
1576,1580,26.064
1576,7986,127.503
1577,4134,69.642
1577,9672,187.247
1577,10699,38.619
1578,5808,60.577
1578,8221,66.405
1578,9783,104.463
1578,14612,40.394
1579,1582,47.836
1579,1589,103.606
1579,14611,58.479
1580,3197,33.083
1580,11950,43.346
1581,1596,111.513
1581,5001,9.904
1582,1579,47.836
1582,1589,156.846
1582,5001,65.696
1583,1568,150.720
1583,1575,63.166
1584,1593,148.914
1584,11679,33.707
1584,11681,12.665
1585,1583,30.090
1585,6129,9.814
1586,3206,111.840
1586,5717,63.882
1586,8546,14.823
1587,1594,128.613
1587,1595,107.608
1588,2881,52.780
1588,11213,28.640
1589,1579,103.606
1589,1582,156.846
1589,10931,24.435
1590,1594,150.255
1590,7987,84.029
1590,15376,66.214
1590,15410,96.834
1591,6089,68.595
1591,9862,65.134
1591,10924,83.158
1591,11216,41.629
1592,1597,63.792
1592,3266,147.921
1592,6490,12.869
1593,1595,120.674
1593,2319,109.624
1594,1590,150.255
1594,1595,130.294
1594,1600,60.758
1594,11950,164.497
1595,1587,107.608
1595,1593,120.674
1595,1594,130.294
1595,1601,58.937
1596,1599,100.080
1596,3044,124.110
1597,1604,152.179
1597,1606,57.722
1598,6089,10.652
1598,8887,68.146
1598,11133,53.518
1599,1596,100.080
1599,1608,81.049
1599,2881,65.577
1599,11133,34.421
1600,1594,60.758
1600,1601,147.592
1600,1610,61.196
1601,1595,58.937
1601,1600,147.592
1601,6206,19.605
1602,2915,63.545
1602,6511,10.621
1603,1605,50.004
1603,1609,70.510
1603,15410,29.452
1604,1597,152.179
1605,1603,50.004
1605,1611,45.228
1605,1614,102.349
1606,1620,142.446
1606,6489,11.002
1606,10901,98.694
1607,1610,171.070
1607,1617,57.381
1607,6206,45.346
1608,1599,81.049
1608,3044,100.886
1608,10908,26.806
1609,1603,70.510
1609,2321,43.215
1610,1600,61.196
1610,1607,171.070
1610,1613,56.450
1611,1605,45.228
1611,1615,47.181
1611,1622,95.182
1612,1619,94.299
1612,1632,112.673
1612,13448,9.442
1613,1610,56.450
1613,1611,30.825
1613,1615,47.653
1614,1605,102.349
1614,1622,47.730
1614,2321,49.627
1615,1613,47.653
1615,1637,110.547
1616,1613,54.276
1616,1631,160.005
1617,1607,57.381
1617,1616,121.050
1617,2864,99.291
1618,1627,76.520
1618,6488,136.768
1618,6934,5.014
1619,1612,94.299
1619,1621,58.260
1619,3901,93.533
1619,11082,60.489
1620,1606,142.446
1621,1619,58.260
1621,1634,113.324
1621,5002,88.821
1622,1611,95.182
1622,1614,47.730
1622,1637,145.857
1622,15382,32.661
1623,6075,49.598
1623,6488,8.645
1624,5002,9.079
1624,5390,69.489
1624,6641,61.008
1625,6505,5.808
1625,13299,87.404
1626,1627,92.504
1626,10910,43.771
1627,1618,76.520
1627,4896,60.383
1627,7049,122.124
1628,2864,51.685
1628,5431,228.715
1629,10244,11.301
1630,2902,81.351
1630,5491,51.691
1630,9225,45.268
1631,1616,160.005
1631,1637,48.510
1631,2864,115.802
1632,1612,112.673
1632,5491,81.339
1632,10982,63.613
1633,5577,163.123
1633,9830,22.451
1633,14573,13.314
1634,1621,113.324
1634,5003,106.287
1634,6172,31.458
1635,5293,9.744
1635,11062,227.706
1636,4123,4.614
1636,14573,82.086
1637,1615,110.547
1637,1622,145.857
1637,1631,48.510
1637,1638,101.560
1638,1628,195.582
1638,1637,101.560
1638,1645,68.022
1639,2545,144.371
1639,6271,98.400
1639,6377,76.415
1640,1641,89.917
1640,6483,162.206
1640,10952,89.099
1640,11014,33.472
1641,1640,89.917
1641,1642,104.385
1641,10942,30.631
1642,1641,104.385
1642,11033,75.731
1643,5004,166.831
1643,6171,73.357
1643,6172,127.221
1643,11034,12.960
1644,8574,41.940
1644,11098,31.686
1644,11100,10.304
1645,1638,68.022
1645,3909,24.264
1646,3019,62.275
1646,6012,808.698
1646,12013,215.946
1647,6938,79.283
1647,13301,18.552
1647,13303,4.575
1648,1649,300.913
1648,9710,4.636
1648,14618,80.368
1649,1648,300.913
1649,8481,39.546
1649,9711,5.523
1650,9709,5.907
1650,9715,39.541
1651,1652,90.115
1651,2138,134.733
1651,10949,10.804
1652,1651,90.115
1652,1654,106.581
1652,3916,133.159
1652,6637,29.293
1653,11080,23.086
1653,11092,15.347
1653,11104,13.418
1654,1652,106.581
1654,1671,129.769
1655,5505,52.088
1655,6503,68.621
1655,6506,9.014
1656,8899,31.874
1656,11028,58.117
1656,11048,64.028
1657,1659,45.938
1657,8124,65.260
1657,13301,20.645
1658,11044,12.893
1658,13308,5.453
1659,1657,45.938
1659,8094,41.878
1659,13305,7.417
1660,4871,22.742
1660,5344,45.115
1660,14624,290.123
1661,3912,78.334
1661,5577,130.822
1662,3314,14.370
1662,5423,89.704
1663,1664,57.306
1663,1680,197.494
1663,8092,40.597
1663,8098,38.976
1664,1663,57.306
1664,1665,64.495
1664,7853,79.798
1664,9149,93.055
1665,1664,64.495
1665,1666,140.807
1665,8133,40.772
1665,9233,56.829
1666,1665,140.807
1666,5298,91.553
1666,7104,140.021
1666,11289,33.916
1667,5298,9.156
1667,9947,115.313
1668,1674,54.996
1668,5809,12.664
1669,2138,23.534
1670,1668,66.990
1670,1681,135.728
1670,6635,18.744
1671,5006,10.832
1671,9497,157.545
1672,3912,14.911
1672,7125,30.168
1672,14574,33.405
1673,5461,155.039
1673,5462,67.587
1673,7583,116.068
1674,1669,38.760
1674,9526,1.449
1675,3921,41.941
1675,9232,6.673
1676,1650,372.057
1676,5460,52.374
1676,5462,74.343
1677,1681,93.881
1677,1686,76.976
1677,6653,23.185
1678,5007,9.702
1678,5385,77.903
1678,7464,133.263
1679,1692,158.939
1679,5007,136.579
1679,8120,13.667
1679,11026,63.375
1680,1663,197.494
1680,13309,22.890
1680,13310,6.290
1681,1670,135.728
1681,1677,93.881
1681,6633,79.384
1682,7005,283.619
1683,2552,73.368
1683,5460,22.048
1683,8475,37.978
1684,1686,71.254
1684,1691,23.677
1684,6633,9.748
1685,11049,30.933
1685,11052,12.040
1685,11303,7.655
1686,1677,76.976
1686,1684,71.254
1686,1689,126.545
1686,1701,124.738
1687,5297,79.450
1687,6651,26.855
1687,7104,121.332
1688,5297,9.607
1688,11297,45.500
1689,1686,126.545
1689,3292,24.536
1689,6032,38.689
1690,6555,14.427
1690,7546,7.736
1691,1684,23.677
1691,5805,52.153
1691,6631,57.187
1692,1679,158.939
1692,1694,61.549
1692,8898,38.935
1693,6631,61.287
1694,1692,61.549
1694,1707,91.417
1694,4690,45.256
1695,1701,95.900
1695,3292,17.309
1695,8893,17.215
1696,4691,80.763
1696,11000,49.196
1696,11001,39.410
1697,5806,8.797
1697,13453,30.771
1697,13454,28.559
1697,13455,11.576
1698,1700,44.728
1698,4517,109.786
1698,11001,6.322
1699,5009,11.409
1699,6804,16.438
1700,1698,44.728
1700,4516,121.653
1700,4692,16.511
1701,1686,124.738
1701,1695,95.900
1701,8201,61.996
1701,8465,96.016
1702,1688,152.930
1702,5295,9.526
1703,1704,37.577
1703,1715,50.399
1703,8201,59.901
1704,1703,37.577
1705,1714,84.963
1705,4687,37.590
1705,9885,46.649
1706,1708,91.482
1706,2586,51.921
1706,4315,56.540
1707,1694,91.417
1707,1717,115.494
1707,4688,34.689
1707,4689,83.734
1708,1706,91.482
1708,2531,81.301
1709,1727,113.883
1709,4315,47.953
1709,8983,13.637
1710,1711,46.728
1710,1715,83.767
1710,8465,17.957
1710,9961,74.258
1711,1710,46.728
1711,1716,78.368
1711,8466,30.110
1712,4689,44.873
1712,4697,37.249
1712,10918,15.296
1712,11000,60.750
1713,14531,70.483
1713,14556,60.917
1714,1705,84.963
1714,1722,91.561
1715,1703,50.399
1715,1710,83.767
1715,3941,102.731
1715,10179,137.360
1716,1711,78.368
1716,4491,83.031
1717,1707,115.494
1717,1721,58.595
1717,11169,25.421
1718,1721,64.619
1718,4694,81.197
1718,5488,71.636
1719,5296,9.105
1719,11060,55.049
1720,4866,99.186
1720,4867,94.457
1721,1717,58.595
1721,1718,64.619
1722,1714,91.561
1722,5010,106.178
1722,6034,40.058
1723,1729,62.440
1723,6034,28.890
1723,11169,70.693
1724,4491,84.932
1724,9951,41.177
1725,2571,12.954
1726,1732,63.610
1727,1709,113.883
1727,2827,131.978
1727,2828,49.530
1728,1740,179.561
1728,4945,45.585
1728,4981,23.924
1728,5011,58.768
1729,1723,62.440
1729,1731,18.694
1730,2828,48.846
1730,2844,80.398
1731,1729,18.694
1731,1733,16.965
1732,1726,63.610
1732,1734,111.400
1732,6629,51.268
1733,1731,16.965
1733,1737,63.477
1733,1738,42.933
1733,4981,83.465
1734,1732,111.400
1734,1736,55.206
1734,7539,74.611
1734,10177,69.660
1735,2827,88.427
1735,5448,38.743
1735,6157,43.162
1735,14464,39.228
1736,1734,55.206
1736,1741,93.851
1737,1740,56.686
1737,8926,27.440
1738,1733,42.933
1738,1743,128.516
1738,10024,7.733
1739,2934,31.835
1739,7548,4.980
1740,1728,179.561
1740,12376,15.839
1741,2631,11.594
1741,3291,38.154
1741,7539,19.906
1742,2631,123.303
1742,9826,118.071
1743,1738,128.516
1743,3952,28.244
1743,4686,6.342
1744,9743,81.733
1744,14432,97.226
1744,14496,35.978
1745,7804,100.780
1745,13482,25.954
1745,13483,10.511
1746,4990,25.181
1746,5418,315.585
1746,7540,24.342
1747,7948,96.397
1747,10282,54.620
1748,6551,6.735
1748,15559,311.860
1749,1751,156.383
1749,4622,38.845
1749,8624,17.784
1750,2776,25.468
1750,2950,77.331
1750,3008,55.395
1751,2824,64.603
1751,4130,57.459
1751,5029,150.881
1752,1761,148.323
1752,5033,13.026
1753,7063,29.311
1753,7540,98.298
1754,3970,54.638
1754,13470,31.561
1755,2917,85.117
1756,2960,149.196
1757,1765,160.132
1757,4680,34.278
1757,9055,9.466
1758,4677,100.006
1758,5496,9.141
1758,6625,35.040
1759,2139,78.175
1759,5301,9.125
1760,4191,223.917
1760,6558,13.969
1760,13403,61.748
1761,3099,10.497
1762,4160,25.283
1762,14152,9.013
1763,1767,78.303
1763,4205,12.210
1764,2853,574.538
1765,1757,160.132
1765,4679,31.251
1765,5392,22.333
1766,3974,9.464
1766,3975,30.775
1766,9144,22.146
1767,4167,112.985
1767,5651,42.070
1768,2969,70.356
1768,7660,8.030
1769,6152,14.679
1770,4965,9.514
1771,7073,21.574
1772,7538,58.832
1773,1777,248.543
1774,5432,110.498
1774,5442,171.915
1774,9024,39.582
1775,1773,26.398
1775,3050,109.753
1776,2443,200.865
1776,4059,684.446
1777,1776,214.475
1778,1783,106.077
1778,2449,100.553
1779,5432,199.879
1779,7887,81.269
1779,12461,100.433
1780,2448,70.348
1780,3050,361.056
1781,2347,78.091
1782,4847,44.038
1783,7656,10.333
1784,3164,10.079
1784,5506,187.260
1785,6855,44.220
1786,12405,33.636
1786,12406,26.654
1786,12408,32.109
1787,3312,84.531
1787,5525,20.351
1787,7101,103.030
1788,3167,26.079
1788,3168,42.492
1789,5112,39.306
1790,1788,86.902
1790,7143,14.713
1791,3130,66.961
1791,6007,179.906
1792,3288,34.267
1792,6860,110.676
1792,7847,218.247
1793,3054,115.678
1794,3222,18.757
1794,11973,18.615
1795,2998,121.920
1795,7559,38.269
1795,7560,7.566
1796,6921,91.033
1796,6923,11.053
1796,8514,92.838
1797,2171,34.894
1797,5483,288.114
1797,11386,247.200
1798,6440,28.375
1798,8593,9.043
1798,8595,30.668
1799,5083,20.695
1799,7559,66.869
1799,11444,76.208
1800,4906,117.532
1800,6063,60.566
1800,8212,57.869
1801,4853,52.464
1801,7167,89.036
1802,5081,45.046
1802,5083,90.794
1802,6731,150.353
1803,3133,9.694
1803,7169,12.577
1804,1807,63.038
1804,1812,109.529
1804,6732,83.957
1804,11365,44.568
1805,11387,54.942
1805,11388,37.621
1806,5383,26.242
1807,1804,63.038
1807,7138,165.904
1807,11362,14.602
1808,5382,33.590
1809,6929,38.890
1809,7097,55.193
1809,11367,161.778
1810,1814,84.441
1810,2168,33.015
1810,11388,6.491
1811,2913,124.664
1811,3068,410.090
1811,12478,46.809
1812,1804,109.529
1812,1821,70.276
1812,6731,83.402
1813,6425,78.045
1813,7171,11.855
1814,1810,84.441
1814,1825,77.199
1814,11374,18.974
1814,11416,28.838
1815,1827,99.474
1815,6929,48.716
1815,9440,7.896
1815,11360,45.841
1816,1817,49.419
1816,5382,58.796
1816,9008,9.177
1817,1816,49.419
1817,1818,103.837
1817,1826,82.183
1818,1817,103.837
1818,1843,1477.609
1818,3247,206.388
1819,2805,45.065
1820,5084,40.817
1820,5928,86.401
1820,7071,75.464
1820,8513,51.935
1821,1812,70.276
1821,5928,86.086
1821,11407,47.733
1821,11412,38.716
1822,11343,11.745
1822,11359,49.100
1823,1827,55.200
1823,7138,6.803
1823,11415,18.949
1824,3816,155.100
1824,7595,12.222
1825,1814,77.199
1825,1826,155.475
1825,1834,100.418
1826,1817,82.183
1826,1825,155.475
1826,1829,94.516
1827,1815,99.474
1827,1823,55.200
1827,11342,160.508
1828,5918,30.688
1828,7057,105.768
1828,8972,30.174
1829,1826,94.516
1829,1834,171.808
1829,11376,17.476
1830,4643,62.662
1830,5381,90.178
1830,11410,23.474
1831,5921,35.491
1831,8178,78.151
1832,5381,84.191
1832,8512,23.471
1832,8513,43.368
1833,1840,214.674
1833,5483,140.776
1833,11417,134.465
1834,1825,100.418
1834,1829,171.808
1834,1839,222.210
1835,4355,8.960
1836,8971,94.974
1837,11375,5.672
1838,8512,83.645
1839,1834,222.210
1840,1833,214.674
1841,6724,167.598
1843,1818,1477.609
1844,1409,83.099
1844,1418,75.058
1844,2307,55.031
1845,5354,8.582
1845,5450,166.121
1846,1847,197.078
1846,1849,261.533
1846,2605,752.902
1847,1846,197.078
1847,8731,35.737
1848,4304,38.945
1848,4336,343.675
1848,8731,11.015
1849,1846,258.904
1850,2101,50.618
1850,7602,5.658
1851,14838,64.111
1851,14839,23.414
1852,1256,10.411
1852,3554,72.496
1853,1288,17.979
1853,2098,137.844
1854,2101,13.469
1854,7275,25.081
1854,14269,10.729
1855,5308,18.993
1855,7082,9.151
1856,1510,257.662
1856,6077,42.651
1856,6497,10.241
1857,8707,164.940
1857,10064,91.986
1858,1956,139.628
1858,6987,3.675
1859,4286,7.497
1859,5375,13.377
1861,1862,99.185
1863,8672,93.420
1864,3166,12.091
1864,4242,28.260
1865,40,69.385
1865,2184,97.244
1866,58,24.825
1866,2298,58.248
1867,8010,6.622
1868,7899,20.929
1868,9534,69.129
1869,1870,341.715
1869,2135,39.737
1870,1873,146.914
1871,2135,372.697
1871,4966,16.519
1872,2442,605.728
1873,4650,24.173
1873,4651,37.750
1873,5911,12.313
1874,1918,60.081
1874,5903,7.864
1875,1892,31.013
1875,1975,123.692
1875,3282,169.416
1876,3232,123.256
1876,4983,59.703
1876,12292,41.246
1877,2136,32.838
1877,4342,56.452
1877,4827,156.220
1878,1879,73.394
1878,5937,7.545
1878,8460,234.072
1879,1882,30.172
1879,9573,135.699
1880,1886,10.419
1880,9560,37.469
1881,9571,26.280
1881,13701,6.559
1882,1879,30.172
1882,5937,72.938
1883,1884,114.489
1883,1886,74.283
1883,9574,80.385
1884,1883,114.489
1884,1885,202.969
1885,1884,202.969
1886,1880,10.419
1886,1883,74.283
1886,9990,142.672
1887,10191,43.257
1887,12380,10.961
1888,1887,34.099
1888,10190,26.275
1889,1947,60.305
1889,8055,25.903
1890,1891,227.488
1890,1974,170.136
1890,12286,131.305
1891,1890,227.488
1891,1948,37.941
1891,1953,143.722
1892,2008,71.553
1893,9604,26.527
1893,13622,44.910
1894,1901,39.176
1894,4957,119.220
1894,6850,106.216
1894,8041,51.122
1895,4670,67.341
1895,9973,50.494
1895,12254,119.085
1896,7099,18.833
1896,12245,33.778
1896,12254,37.985
1897,5908,27.300
1897,12246,8.646
1897,12248,5.971
1898,5908,10.702
1898,10131,9.472
1899,10066,7.270
1899,10076,133.953
1900,5939,7.352
1900,10066,55.952
1900,10072,13.835
1901,1894,39.176
1901,4828,123.858
1901,8037,50.782
1902,1903,79.566
1902,1904,52.840
1902,8037,33.502
1903,1902,79.566
1903,2404,89.489
1903,4626,81.765
1904,1902,52.840
1904,9215,63.648
1905,3990,84.209
1905,7155,30.917
1905,7224,12.157
1906,3988,67.650
1906,3989,94.618
1906,7600,12.041
1907,6999,8.295
1907,10427,26.675
1908,6949,7.898
1908,9158,71.276
1909,1959,105.583
1909,6952,7.786
1910,7117,88.355
1910,8462,4.113
1911,7110,8.886
1912,7111,8.103
1912,10143,8.607
1913,1875,110.304
1914,1913,84.048
1914,7117,17.293
1914,13620,108.220
1915,4342,22.995
1915,4345,56.310
1915,13631,209.849
1916,1917,101.852
1916,7558,71.045
1916,9974,55.288
1917,1874,58.826
1917,5900,9.094
1918,5902,147.297
1918,5904,6.049
1918,12269,48.933
1919,1916,71.409
1920,1917,71.659
1920,5905,8.404
1920,7558,100.808
1921,1909,143.910
1921,1922,47.003
1921,6961,7.986
1922,10083,122.576
1922,10088,51.455
1923,1924,117.547
1923,10090,4.257
1924,1925,42.922
1924,2103,153.971
1925,1978,75.605
1925,2324,100.799
1925,9488,57.070
1926,5060,74.272
1926,6849,92.936
1927,10113,37.609
1928,1930,96.764
1928,5917,6.006
1929,1930,80.915
1929,7543,12.430
1930,1928,96.764
1930,7543,108.907
1931,10248,29.068
1931,10256,4.681
1931,10332,51.006
1932,5052,12.094
1933,2109,114.144
1933,7649,148.659
1934,2111,175.184
1934,2112,83.099
1934,5037,6.425
1935,7645,5.246
1935,10145,5.401
1936,1935,37.827
1936,7636,6.249
1937,1963,190.103
1937,10230,52.425
1938,1926,107.201
1938,7639,7.606
1939,2673,100.769
1939,10215,103.488
1940,9574,103.242
1941,4346,37.929
1941,12309,33.205
1942,1943,89.655
1942,1944,73.231
1942,6836,38.776
1943,1942,89.655
1943,1945,79.814
1944,1942,73.231
1944,1945,97.048
1944,3233,174.503
1944,9564,70.392
1945,1943,79.814
1945,1944,97.048
1945,1946,35.675
1946,1945,35.675
1946,1947,109.188
1946,4983,21.546
1947,1946,109.188
1947,12295,26.260
1948,1891,37.941
1948,1972,24.749
1948,9240,97.670
1949,1972,55.369
1949,4831,76.982
1949,5920,68.606
1950,4831,7.883
1950,4836,70.521
1950,6954,171.585
1951,1952,39.553
1951,3984,94.443
1951,4836,101.891
1951,6013,26.021
1952,1951,39.553
1952,4833,75.487
1952,4834,40.891
1953,1891,143.722
1953,1954,17.661
1953,9749,18.461
1954,1953,17.661
1954,5940,55.042
1954,12259,43.167
1955,12284,26.639
1956,3281,186.836
1956,4628,11.363
1956,4841,141.555
1957,5039,4.897
1957,5369,129.067
1958,9603,63.356
1959,1971,5.887
1959,6958,7.673
1959,9618,148.466
1960,1961,138.452
1960,2102,422.390
1960,5037,58.696
1960,9942,38.689
1961,1960,138.452
1962,5061,98.113
1964,2111,90.347
1964,12221,41.417
1965,3281,148.028
1965,8944,74.781
1965,12265,88.959
1967,5485,77.511
1967,5796,3.660
1968,1969,95.244
1968,3246,414.609
1968,5044,53.796
1968,15504,31.530
1969,1968,95.244
1970,2106,177.925
1970,9949,30.472
1970,15504,64.216
1971,10155,16.691
1971,10157,12.996
1972,1948,24.749
1972,1949,55.369
1972,4672,47.492
1973,1890,143.832
1973,1974,72.020
1974,1973,72.020
1974,2009,71.658
1975,1875,123.692
1975,2137,137.643
1975,7118,133.777
1976,1977,13.838
1976,6957,125.890
1977,1976,13.838
1978,2104,77.942
1978,7641,271.755
1979,9493,1134.870
1980,234,30.664
1980,1996,90.901
1981,3994,25.270
1981,5986,54.101
1982,1980,66.241
1982,12103,24.321
1983,229,216.263
1983,1982,136.787
1984,222,107.243
1984,2343,125.591
1985,238,33.263
1985,15528,17.747
1985,15530,7.247
1986,2342,155.070
1986,2768,16.292
1986,8530,36.449
1987,1989,53.095
1988,9735,60.009
1989,6985,357.193
1989,8530,80.291
1990,1991,139.996
1990,2342,39.723
1991,1986,45.947
1991,1990,139.996
1991,1992,70.996
1992,1991,70.996
1992,1995,46.200
1992,2339,154.255
1993,1994,70.484
1993,1995,27.102
1994,238,173.562
1994,3411,58.060
1994,4079,55.909
1995,235,164.653
1995,1992,46.200
1995,1993,27.102
1996,245,139.590
1996,6050,7.908
1997,246,31.986
1997,250,80.340
1997,12120,11.202
1998,3639,21.819
1998,3994,159.510
1999,3642,54.496
1999,5981,14.360
2000,1999,44.750
2000,4784,26.056
2001,2002,57.164
2002,3995,22.084
2003,4883,41.981
2003,4884,103.223
2004,2003,42.926
2004,2349,76.318
2004,4727,174.656
2005,2004,75.843
2005,3119,12.592
2006,569,189.539
2006,12385,83.331
2007,507,24.729
2008,4627,33.791
2008,8717,25.067
2009,9981,9.519
2009,9982,14.274
2010,2011,185.701
2010,6054,88.397
2010,8803,4.764
2011,2010,185.701
2011,7911,75.004
2011,9823,231.258
2012,2024,21.823
2012,7317,18.963
2013,9036,48.834
2014,288,163.268
2014,7021,75.211
2014,7506,263.359
2015,305,25.679
2015,2016,187.408
2015,2053,18.271
2016,2015,187.408
2016,2017,127.910
2017,2016,127.910
2017,5943,125.148
2017,13747,26.438
2018,8796,31.644
2019,8793,29.583
2020,6589,19.534
2020,7466,306.626
2020,13252,26.268
2021,14706,21.566
2021,14710,96.175
2022,5882,245.754
2022,9500,115.980
2023,9757,57.900
2023,13733,9.373
2024,4266,10.528
2024,5146,11.412
2025,775,35.219
2025,2024,54.374
2026,2330,263.138
2027,2028,3107.365
2028,2029,108.140
2029,3189,793.222
2029,5103,139.459
2031,2336,127.015
2032,1175,181.605
2033,2034,17.166
2033,9771,9.599
2033,14382,28.401
2034,2033,17.166
2034,2035,88.117
2035,2034,88.117
2036,7019,34.545
2037,4268,22.634
2037,9722,3.852
2038,2040,22.424
2039,2692,22.740
2039,8795,23.557
2040,9817,87.837
2041,9202,9.429
2041,12090,4.860
2041,12093,10.111
2042,3610,49.979
2043,398,253.965
2043,2044,52.960
2043,13735,48.790
2044,2043,52.960
2045,536,268.098
2045,7703,64.458
2046,5989,16.878
2047,3607,136.051
2047,5989,34.506
2047,6680,71.197
2048,697,30.280
2048,6680,7.885
2048,13734,18.748
2049,360,32.306
2050,360,100.985
2051,2052,34.249
2051,13797,27.868
2051,13863,23.453
2052,398,70.686
2052,2051,34.249
2052,12126,13.461
2053,348,227.415
2053,2015,18.271
2053,7701,7.682
2054,2092,61.066
2054,2803,7.991
2055,2803,60.670
2055,13903,57.006
2056,3761,81.247
2056,4607,19.130
2056,6465,86.100
2057,2078,23.010
2057,2079,15.450
2058,13722,4.623
2059,3761,138.560
2059,9534,36.961
2060,876,75.063
2060,2406,176.440
2060,13882,23.415
2061,4947,9.412
2061,13721,77.870
2062,2416,44.472
2062,3446,112.391
2063,207,385.760
2063,3106,90.356
2063,5143,7.930
2064,8104,23.269
2064,9038,16.206
2065,5316,17.071
2065,5322,60.750
2066,9387,8.227
2067,5889,88.212
2067,6995,10.823
2068,2069,27.186
2068,5153,21.131
2069,7442,36.787
2070,2071,45.515
2070,5154,26.842
2071,2399,73.046
2072,5824,11.762
2072,13244,67.083
2073,1365,83.734
2074,1402,131.659
2074,6478,14.478
2074,8272,113.694
2075,1234,22.399
2075,14365,7.456
2076,8540,17.759
2076,8828,186.320
2077,14069,5.316
2077,14217,10.782
2078,2079,16.371
2078,7899,35.678
2079,7724,7.171
2079,7728,4.932
2080,5148,12.803
2081,375,55.017
2082,2855,47.868
2083,6657,27.309
2084,345,268.110
2085,473,49.740
2085,2086,66.776
2085,2087,16.609
2086,2085,66.776
2087,2085,16.609
2087,12128,31.106
2087,12129,11.697
2088,5021,142.492
2088,7311,207.850
2089,5944,77.222
2089,5945,79.511
2089,13736,86.687
2090,1270,129.128
2090,2091,190.356
2090,6818,52.888
2090,14249,15.516
2091,1246,81.491
2091,1248,53.174
2091,2090,190.356
2091,5794,104.000
2092,2802,6.516
2092,3627,26.690
2093,1229,59.746
2093,1230,14.115
2093,3484,59.080
2094,7200,109.357
2095,7277,22.901
2096,5304,15.151
2096,9402,13.671
2097,1216,12.932
2097,3469,65.080
2098,1270,111.954
2098,1274,12.382
2098,6903,57.065
2099,1248,59.265
2099,1250,13.426
2099,2100,125.631
2100,1238,13.849
2100,2093,61.193
2101,1854,13.469
2101,6838,9.678
2102,1960,422.390
2103,1909,226.242
2103,1924,153.971
2104,2103,44.151
2104,2108,83.579
2105,5053,113.570
2105,7649,6.531
2105,10209,118.362
2106,1970,177.925
2107,1937,80.590
2107,7643,6.591
2107,10099,9.235
2108,1933,84.672
2109,7648,146.926
2109,9041,70.962
2110,7648,6.735
2110,10205,27.784
2111,5038,5.893
2111,7637,120.071
2112,1932,103.838
2112,10252,174.264
2112,12234,69.587
2113,2114,103.677
2113,5046,70.682
2113,10252,23.438
2114,2113,103.677
2114,3989,106.318
2114,10167,113.251
2115,5036,6.369
2115,5046,4.795
2115,5047,5.680
2116,2610,121.605
2117,1176,17.482
2117,1177,105.851
2117,9254,76.985
2118,9345,15.053
2118,14988,55.744
2118,14989,59.156
2119,1194,16.359
2119,2118,52.787
2120,1301,19.941
2120,6894,231.787
2120,13048,8.306
2121,1313,22.815
2121,7432,85.522
2121,13047,102.057
2122,1289,533.225
2122,9565,27.450
2122,9614,22.477
2123,4219,24.580
2124,2123,125.922
2125,6434,56.199
2126,4214,13.328
2126,7318,120.415
2127,579,138.719
2127,2372,37.076
2127,7736,6.906
2128,5648,63.333
2128,7733,6.915
2128,13825,40.714
2129,1058,162.157
2129,8436,13.352
2130,976,49.879
2130,994,216.443
2130,2685,691.680
2131,994,67.509
2131,1005,25.608
2131,6524,41.347
2132,12340,91.914
2133,12914,38.419
2133,14252,126.242
2134,2031,193.082
2135,2134,86.390
2136,6950,8.247
2136,10103,36.060
2136,10105,63.557
2136,10106,73.597
2137,1975,137.643
2137,3282,43.194
2138,1651,134.733
2138,3919,51.099
2139,3297,49.479
2139,3301,34.090
2139,5391,8.354
2140,3295,34.414
2140,3300,41.674
2140,9932,16.272
2141,2445,153.624
2141,4060,156.793
2142,2144,43.776
2142,6029,50.220
2142,8859,86.567
2143,1771,443.200
2143,8859,18.190
2144,2142,43.776
2144,3291,45.969
2144,13463,64.941
2145,13464,30.590
2146,3076,145.083
2146,3223,9.071
2146,5175,195.823
2147,781,209.295
2147,2057,18.735
2147,7726,7.154
2148,2409,112.841
2149,7722,124.544
2149,8383,38.048
2149,13873,34.051
2150,2982,18.275
2151,3344,17.558
2152,1392,61.728
2152,2154,31.583
2153,3283,63.172
2153,4151,40.090
2154,2153,5.440
2155,1863,99.938
2156,5326,42.264
2156,7741,6.499
2157,13774,22.378
2157,14730,47.453
2158,607,45.663
2158,8585,163.173
2159,9029,73.172
2160,9029,40.255
2161,2410,121.332
2161,13845,13.030
2162,2163,12.126
2162,6471,106.744
2163,2162,12.126
2163,3439,231.181
2164,2968,237.133
2164,4185,10.406
2164,13405,47.412
2165,2972,50.966
2165,5411,81.168
2166,2167,46.873
2166,2169,57.108
2166,9017,18.397
2167,2166,46.873
2167,5383,57.516
2167,9008,39.877
2168,1810,33.015
2168,2170,51.323
2168,9017,14.169
2169,2166,57.108
2169,5383,49.482
2169,8514,104.445
2170,2168,51.323
2170,8559,22.741
2171,1797,34.894
2171,4652,275.220
2171,15511,116.574
2172,2005,48.225
2172,2174,131.021
2173,2174,40.921
2173,2751,111.007
2174,4882,80.620
2175,3116,101.726
2175,8715,26.516
2176,217,100.038
2176,2179,58.361
2177,2214,62.598
2177,14996,103.692
2178,214,155.714
2178,2180,59.401
2179,2176,58.361
2179,2178,120.285
2180,2178,59.401
2180,14425,63.107
2181,3346,18.604
2181,7060,314.281
2182,213,76.529
2183,3116,28.418
2184,1865,97.244
2184,12144,38.300
2185,24,343.687
2185,5818,139.198
2186,33,32.889
2186,12143,53.079
2187,2188,109.174
2188,3423,45.658
2188,8382,16.894
2189,3223,362.199
2190,100,14.757
2190,4508,13.102
2191,53,37.429
2191,2192,82.952
2191,4530,12.149
2192,1865,179.700
2193,2257,29.809
2193,12136,15.594
2194,13,56.294
2194,2195,132.314
2194,9251,9.441
2195,6,55.655
2195,14,66.205
2196,2197,146.161
2197,2198,76.373
2198,9107,13.871
2199,218,15.868
2200,311,12.030
2200,12082,479.567
2201,212,209.689
2201,3713,457.153
2202,7484,17.267
2202,14558,52.162
2203,169,13.331
2203,3589,53.402
2203,12152,53.632
2204,2205,87.324
2204,8552,59.486
2205,3588,43.699
2206,9700,71.000
2206,12158,23.050
2207,2202,12.365
2207,8680,46.965
2208,81,13.855
2208,7335,30.302
2208,7336,30.910
2209,9698,67.446
2210,2188,11.314
2210,14683,51.503
2211,4213,70.978
2212,6466,15.247
2212,7319,23.450
2213,2215,48.905
2213,2351,71.530
2213,9535,8.880
2214,3111,9.998
2214,9535,87.763
2215,2183,57.998
2215,3111,38.957
2216,2037,254.822
2216,13245,66.068
2217,14082,64.928
2218,2492,59.894
2218,2736,16.020
2220,5979,85.575
2221,581,149.605
2221,7779,65.000
2222,553,97.851
2222,7782,7.015
2223,559,30.549
2223,565,29.344
2223,7782,50.300
2224,6540,15.044
2224,15026,52.956
2224,15548,19.126
2225,891,95.183
2225,4511,132.084
2226,992,251.637
2226,1048,148.048
2227,6132,41.822
2228,1019,429.280
2228,1066,117.000
2228,6703,44.021
2229,1031,189.566
2229,7449,619.667
2229,9093,11.129
2230,1055,94.468
2230,2232,116.715
2231,1051,59.588
2231,2232,125.173
2232,2230,116.715
2232,2231,125.173
2233,260,138.001
2233,2762,18.550
2233,2763,25.883
2234,7626,3.821
2234,9109,175.349
2235,9834,4.342
2236,7295,10.534
2236,15565,12.927
2237,901,21.846
2237,15548,114.399
2238,2237,10.540
2239,5854,76.792
2239,7766,6.587
2240,2326,17.014
2241,2239,13.713
2242,2327,8.112
2243,8617,199.284
2243,8896,127.759
2244,808,21.050
2244,7773,4.897
2244,9540,5.663
2245,848,57.846
2245,849,26.484
2245,12355,26.003
2246,983,18.825
2246,989,90.007
2246,7103,185.254
2247,950,111.237
2247,971,104.686
2247,9726,10.006
2248,1022,50.942
2248,6389,116.380
2248,12347,85.686
2249,937,32.922
2249,941,52.350
2249,3681,137.172
2250,1015,55.161
2250,1021,69.668
2250,3703,30.646
2251,12691,7.657
2251,12794,46.588
2252,1140,63.323
2252,2253,74.690
2252,2866,29.036
2253,1116,431.895
2253,2252,74.690
2254,1121,387.356
2254,12636,3.225
2255,5814,63.731
2256,657,82.873
2256,670,47.746
2256,681,77.839
2256,688,23.703
2257,58,159.581
2257,12136,31.346
2258,68,32.456
2258,2259,39.054
2259,2258,39.054
2259,2322,29.861
2259,3323,29.737
2260,47,13.493
2260,9362,89.184
2261,6912,18.590
2261,6914,234.655
2262,4563,170.451
2262,14696,31.260
2263,3365,14.225
2264,64,43.010
2265,66,45.105
2265,69,88.587
2266,48,126.361
2266,2267,22.917
2267,2266,22.917
2268,2269,82.287
2268,2322,59.902
2269,74,29.913
2269,2268,82.287
2269,2298,61.346
2270,136,46.840
2270,144,94.898
2271,144,119.696
2271,2291,58.311
2272,7369,3.068
2272,7605,15.708
2273,2276,88.149
2274,121,139.909
2275,133,31.809
2275,2273,81.692
2276,138,20.869
2277,3101,170.018
2277,5802,180.667
2278,2279,68.284
2278,3082,12.394
2279,2280,78.972
2280,3374,51.532
2280,6659,90.261
2281,5111,45.470
2282,4375,35.265
2283,1414,9.839
2283,2284,229.628
2283,4578,157.197
2284,1472,399.250
2284,2283,229.628
2284,4578,12.341
2285,1475,23.160
2285,4368,372.975
2285,8549,77.750
2286,8940,297.014
2286,11871,35.927
2286,11873,33.506
2287,1204,100.539
2287,2642,110.645
2287,3472,143.968
2288,1049,92.172
2288,13477,181.995
2289,4542,28.850
2290,1539,101.501
2290,3218,130.538
2290,4515,379.574
2291,117,44.560
2291,127,119.260
2292,7194,902.595
2293,8598,283.813
2293,9638,14.698
2294,9870,23.024
2294,13134,23.141
2294,13136,5.993
2295,994,152.329
2295,6265,118.633
2295,6303,24.827
2296,2685,225.513
2296,4956,9.842
2297,6221,48.296
2297,13974,4.787
2298,1866,58.248
2298,2269,61.346
2298,8626,42.789
2299,57,58.516
2299,8626,82.655
2300,8435,19.809
2300,10304,5.507
2301,1434,101.420
2301,6104,7.181
2301,8006,32.459
2302,10578,68.403
2302,10811,32.932
2303,3021,36.942
2303,5510,23.411
2303,10812,53.818
2304,2305,26.021
2305,3348,50.892
2305,15508,34.009
2306,2840,47.107
2306,5211,78.537
2307,1844,55.031
2307,11513,36.316
2307,11514,23.815
2308,1457,160.279
2308,2309,83.666
2308,11457,10.271
2309,2308,83.666
2309,6822,71.350
2309,6823,76.963
2310,7258,15.818
2310,11459,66.875
2311,2312,89.100
2311,2313,101.187
2311,7257,44.443
2312,1441,17.529
2312,2311,89.100
2312,2313,100.556
2313,2311,101.187
2313,2312,100.556
2313,7258,59.377
2314,5357,139.232
2314,6214,7.784
2315,2316,223.101
2315,8966,43.230
2316,1448,44.035
2316,2315,223.101
2316,11537,42.192
2317,5434,44.979
2318,1607,92.565
2319,2845,117.298
2319,6207,16.251
2320,4568,53.914
2320,6133,65.590
2320,15389,126.581
2321,1609,43.215
2321,1614,49.627
2321,15388,164.923
2322,77,14.766
2322,2259,29.861
2323,7640,76.461
2323,9551,132.218
2324,4676,46.887
2324,9007,114.364
2325,588,95.639
2325,620,11.884
2325,625,39.350
2326,2242,8.444
2326,7958,38.001
2327,770,100.190
2327,2328,15.047
2328,2241,10.001
2328,7763,26.207
2329,2240,9.730
2329,13849,27.278
2330,1870,208.215
2330,4527,152.009
2331,5142,27.926
2331,8733,46.054
2331,8734,49.043
2332,1363,60.281
2332,2334,176.124
2333,1359,77.121
2333,1363,150.251
2333,1388,265.876
2334,2839,26.503
2334,9486,19.716
2335,1388,130.449
2335,12023,21.600
2336,4969,20.292
2337,211,400.275
2337,2338,53.485
2338,2337,53.485
2339,234,105.149
2339,235,56.712
2339,245,60.754
2340,1997,48.738
2340,2341,140.266
2341,2340,140.266
2341,6053,32.251
2342,222,81.724
2342,2343,108.071
2343,2752,41.840
2343,2754,98.147
2344,2141,20.796
2345,2346,111.354
2346,2348,79.713
2347,1780,113.908
2348,6698,66.522
2349,2004,76.318
2349,2780,43.853
2349,3636,82.471
2350,2351,19.472
2350,2352,83.087
2350,2356,14.275
2351,2213,71.530
2351,2350,19.472
2351,2353,135.540
2352,2350,83.087
2352,2358,22.623
2353,2351,135.540
2353,2354,37.605
2353,4728,18.336
2354,2353,37.605
2354,2355,38.426
2354,2356,134.367
2355,2354,38.426
2355,2780,134.047
2356,2350,14.275
2356,2354,134.367
2356,2357,4.908
2357,2356,4.908
2357,2358,85.719
2357,2780,19.111
2358,2357,85.719
2358,4881,31.717
2359,2360,28.899
2359,6462,16.105
2360,251,172.560
2360,2359,28.899
2360,2361,70.809
2361,2360,70.809
2362,4766,23.892
2363,2477,138.419
2363,3173,22.161
2363,6448,11.333
2363,7323,27.639
2364,516,105.086
2364,576,48.562
2364,8866,28.451
2365,500,28.976
2365,2488,23.845
2365,6443,69.426
2366,593,18.981
2366,2367,114.097
2366,6812,16.447
2367,2366,114.097
2367,2483,17.760
2367,2484,4.008
2368,2477,88.567
2368,2482,96.231
2368,2483,10.154
2369,6433,79.065
2369,12385,12.446
2370,5015,76.444
2371,7753,104.870
2372,2373,33.735
2372,2375,85.493
2373,2374,50.554
2373,9023,10.936
2374,2373,50.554
2375,2372,85.493
2376,8087,46.825
2376,12079,18.637
2377,3732,42.525
2377,4002,6.428
2378,442,30.049
2378,494,80.244
2378,7479,55.106
2379,2381,117.900
2380,477,85.519
2381,484,54.327
2381,493,22.611
2381,2379,117.900
2382,2798,277.550
2382,8417,43.678
2383,2384,21.707
2383,13899,42.256
2384,5947,73.454
2384,13898,67.708
2385,2382,38.843
2385,8406,86.524
2386,2797,80.163
2387,3631,73.553
2387,5149,215.326
2388,2389,43.315
2388,8137,29.998
2389,8138,19.436
2389,8139,85.570
2390,2399,70.279
2390,2400,28.154
2390,7198,67.489
2391,7197,80.240
2391,7198,22.243
2392,8683,8.206
2393,2395,64.799
2393,8683,43.144
2393,14068,38.592
2394,14068,9.359
2395,2393,64.799
2395,2397,15.055
2396,2397,62.418
2396,2398,88.954
2397,2395,15.055
2397,2396,62.418
2397,2401,35.428
2398,6770,61.385
2399,2013,45.373
2399,2390,70.279
2400,2390,28.154
2401,2397,35.428
2402,888,51.405
2402,9772,110.101
2403,1004,22.050
2403,12196,55.026
2404,1903,89.489
2404,3972,161.495
2404,13617,57.534
2405,954,51.500
2405,7337,13.791
2406,2060,176.440
2406,2408,426.192
2407,2025,15.792
2407,5884,12.872
2408,8365,47.167
2408,8367,77.641
2409,616,194.578
2410,483,192.194
2410,2858,16.663
2411,616,11.001
2411,5819,378.208
2412,746,58.015
2412,4756,27.609
2413,8389,125.516
2413,14379,57.630
2414,2415,25.137
2414,2418,67.168
2414,2422,31.261
2415,2414,25.137
2415,2416,25.878
2415,3814,73.254
2416,2062,44.472
2416,2415,25.878
2416,4739,27.584
2417,4739,22.158
2418,2414,67.168
2418,3814,24.099
2418,4574,128.979
2419,2420,89.912
2419,4574,43.497
2419,8389,58.800
2420,2419,89.912
2420,2422,61.394
2420,2423,27.721
2421,2413,91.904
2421,13978,10.166
2421,13979,26.646
2422,2414,31.261
2422,2420,61.394
2422,4574,79.577
2423,2420,27.721
2423,13859,47.670
2424,2425,65.464
2424,5852,35.857
2425,2424,65.464
2426,821,128.991
2426,2427,26.805
2426,2428,17.581
2427,2426,26.805
2427,2428,29.130
2428,2426,17.581
2428,7629,134.377
2429,821,40.897
2429,2427,86.659
2430,2431,11.081
2430,14060,78.233
2431,2430,11.081
2431,7440,28.636
2431,14061,7.151
2432,949,19.443
2432,8495,106.751
2432,14027,81.188
2433,958,44.814
2433,15499,12.795
2434,959,26.163
2434,962,104.570
2434,2435,41.843
2434,8630,57.942
2435,2434,41.843
2436,8630,83.167
2437,955,98.373
2437,966,15.888
2437,976,138.473
2438,2439,45.871
2438,8167,59.087
2438,14142,102.774
2439,2438,45.871
2440,3447,162.096
2441,8857,173.003
2442,7236,242.355
2443,4058,141.966
2444,4136,91.982
2445,4057,37.830
2445,4058,405.856
2446,2447,43.669
2446,4060,33.763
2447,1782,74.059
2448,1777,157.099
2449,4062,14.153
2450,2345,60.426
2451,2345,167.055
2452,4061,62.386
2452,4629,38.317
2453,2454,84.662
2453,10022,103.909
2454,2453,84.662
2455,2456,103.862
2455,14758,13.327
2456,2455,103.862
2456,2457,11.149
2456,2458,65.668
2457,2456,11.149
2457,2458,47.910
2457,8618,99.223
2458,862,24.472
2458,2456,65.668
2458,2457,47.910
2459,862,14.375
2460,825,138.533
2461,825,113.174
2462,896,70.805
2462,8617,14.097
2463,835,11.002
2463,9766,100.902
2463,12353,43.899
2464,7770,12.054
2464,12349,168.236
2464,12350,35.037
2465,687,63.778
2465,740,142.828
2465,2466,160.469
2466,2465,160.469
2466,7752,82.752
2467,753,185.498
2467,798,67.164
2467,2469,86.890
2468,815,61.603
2468,2469,62.863
2468,9489,134.006
2469,830,54.199
2469,831,33.391
2469,2467,86.890
2469,2468,62.863
2470,711,43.176
2470,719,59.454
2470,2471,20.015
2471,733,60.553
2471,2470,20.015
2471,2472,34.304
2472,727,36.609
2472,735,58.064
2472,739,35.132
2472,2471,34.304
2473,693,224.780
2473,769,22.399
2473,2475,44.413
2474,766,28.207
2474,2475,53.540
2475,768,26.704
2475,2473,44.413
2475,2474,53.540
2475,2750,32.583
2476,729,92.318
2477,2363,138.419
2477,2368,88.567
2477,2478,61.330
2478,2477,61.330
2478,2479,38.546
2478,2480,118.217
2479,2478,38.546
2480,2478,118.217
2480,2481,25.447
2480,2630,42.279
2481,2480,25.447
2481,7756,90.698
2481,8625,109.681
2482,2368,96.231
2483,2367,17.760
2483,2368,10.154
2483,2485,96.817
2484,2367,4.008
2484,2486,97.841
2484,14681,18.151
2485,2483,96.817
2486,2484,97.841
2487,3751,81.714
2487,7024,29.195
2487,8058,33.149
2488,427,166.506
2488,495,17.856
2488,2365,23.845
2489,4595,180.244
2489,7594,10.866
2490,4082,98.559
2491,823,91.386
2491,842,76.143
2492,557,74.235
2492,590,65.189
2493,627,22.341
2493,2494,147.228
2494,673,83.302
2494,9835,36.252
2495,2978,14.716
2495,4086,80.713
2496,889,374.376
2496,4084,35.029
2497,942,31.345
2497,5742,30.255
2498,3378,136.028
2498,3379,115.819
2498,3640,85.639
2499,3378,138.905
2499,4077,20.607
2499,5993,37.649
2500,503,28.691
2500,2503,63.363
2500,2738,38.681
2501,435,133.252
2501,2737,16.762
2502,503,28.828
2502,2500,43.376
2503,5613,52.755
2503,6458,42.063
2504,399,48.345
2504,414,54.809
2504,415,42.610
2504,2505,160.692
2505,368,49.961
2505,380,46.547
2505,2504,160.692
2506,380,45.166
2506,389,27.249
2506,405,52.848
2507,317,82.302
2507,329,83.144
2508,4788,72.833
2508,12120,152.121
2508,12121,38.381
2509,8454,34.498
2510,2509,51.686
2510,4785,76.785
2511,2512,111.543
2511,3643,96.016
2512,2511,111.543
2512,9445,70.769
2513,2509,39.275
2513,12215,33.433
2514,264,47.993
2514,3733,66.441
2514,5612,55.377
2515,2512,20.266
2516,264,91.506
2516,2515,35.929
2517,2518,86.307
2517,3714,77.572
2518,2517,86.307
2518,3996,70.219
2518,7947,92.226
2519,2520,47.278
2519,3996,63.950
2519,3997,78.907
2520,226,42.478
2520,2519,47.278
2520,5983,77.398
2521,242,41.114
2521,5064,104.788
2522,7569,51.684
2522,8079,52.042
2523,12368,119.296
2524,3346,7.879
2525,587,96.703
2525,619,9.676
2525,620,36.829
2526,220,82.611
2526,9734,21.699
2527,4428,391.099
2527,8855,16.471
2528,4412,16.744
2528,7851,18.823
2529,2549,37.455
2529,5459,65.805
2529,5461,51.609
2530,3097,52.251
2531,4868,55.215
2531,6154,5.045
2532,7576,169.709
2533,8011,21.233
2533,14392,14.678
2534,4467,273.813
2534,12008,50.042
2534,12009,21.475
2535,9593,5.625
2536,2528,304.639
2536,4385,16.013
2537,2538,199.296
2537,2539,19.453
2537,3850,153.366
2538,2537,199.296
2538,6346,8.637
2539,2537,19.453
2539,4496,112.109
2539,11726,21.874
2540,2542,108.876
2540,3202,577.042
2540,6259,64.957
2540,8644,137.393
2541,8644,118.493
2541,14763,16.693
2541,14765,62.371
2542,2540,108.876
2542,6257,28.676
2542,8487,225.694
2543,6244,12.668
2543,14649,134.502
2544,5664,75.307
2544,7587,85.226
2544,14601,9.398
2545,1639,144.371
2545,7581,8.804
2545,14598,58.261
2546,4298,119.281
2546,5709,19.090
2546,8689,103.731
2547,9714,3.741
2548,7583,8.576
2548,14579,112.796
2549,2529,37.455
2549,8475,19.357
2549,8477,80.220
2550,9830,22.416
2550,9832,14.006
2551,5578,100.336
2551,5583,113.337
2552,1683,73.368
2552,7666,89.041
2552,8981,161.806
2553,2555,8.749
2553,7425,26.173
2554,4423,13.148
2554,6180,16.503
2555,2553,8.749
2555,2556,158.198
2555,8433,29.381
2556,2555,158.198
2556,3947,202.195
2556,7835,65.410
2557,4862,44.310
2557,7835,31.741
2557,7952,82.275
2558,3962,52.065
2558,3965,57.063
2558,3969,104.784
2559,2581,54.546
2560,8990,9.804
2560,14501,100.965
2561,2562,159.380
2561,2565,199.815
2561,5518,122.321
2561,5519,199.357
2562,2561,159.380
2562,2563,70.840
2562,2564,89.588
2563,2562,70.840
2563,5437,136.255
2563,5532,82.209
2564,2562,89.588
2564,3096,75.417
2565,2561,199.815
2565,2566,43.457
2565,5429,6.105
2566,2565,43.457
2566,2567,75.982
2566,5532,9.341
2567,2566,75.982
2567,2569,77.164
2567,5437,139.742
2568,2569,92.043
2568,2570,68.175
2568,14520,109.365
2568,14555,34.565
2569,2567,77.164
2569,2568,92.043
2569,5114,73.569
2569,14556,33.822
2570,2568,68.175
2570,5428,88.009
2570,5429,137.990
2571,1725,12.954
2571,14555,22.766
2571,14565,25.914
2572,2574,86.715
2572,14501,22.748
2572,14513,9.543
2573,2574,49.413
2573,5048,31.797
2573,14487,32.127
2573,14525,152.984
2574,2572,86.715
2574,2573,49.413
2574,5114,120.636
2574,14526,88.024
2575,2559,50.636
2575,14504,75.851
2576,2825,37.040
2577,1730,197.659
2577,2578,42.624
2578,15591,40.901
2579,2575,76.390
2579,2826,106.448
2579,7052,7.954
2580,2579,54.909
2581,2580,118.396
2581,2584,149.878
2582,5034,54.069
2583,2577,40.683
2584,1761,82.077
2584,2580,203.240
2585,2586,93.165
2585,9132,16.237
2586,1706,51.921
2586,8986,47.860
2586,12535,7.932
2587,8854,60.896
2588,1835,117.333
2589,2588,386.223
2589,5885,13.837
2590,4349,14.264
2591,5408,45.551
2592,4351,9.775
2592,9447,136.618
2593,4352,410.505
2594,1429,107.059
2594,12023,28.911
2595,6024,42.201
2595,6509,8.455
2596,4974,49.021
2596,6510,8.600
2596,8281,48.134
2597,6022,50.462
2597,8281,45.577
2597,8621,26.268
2598,4249,8.941
2598,7574,6.264
2599,2600,156.567
2599,7065,14.303
2599,13525,18.442
2600,2599,156.567
2600,2948,72.713
2600,13413,5.074
2601,2884,43.614
2601,7527,170.395
2601,7532,165.679
2602,6491,9.290
2602,7531,25.518
2602,7536,350.117
2603,2882,56.966
2603,7527,9.876
2603,11142,188.633
2604,10966,11.093
2604,11208,193.187
2605,1523,737.812
2605,1846,752.902
2606,8599,43.134
2606,11974,60.717
2607,9114,29.698
2608,4549,30.626
2609,3505,138.568
2610,8694,276.930
2610,8830,90.255
2611,160,8.662
2611,166,187.989
2611,3808,70.522
2612,189,187.064
2612,2615,63.490
2613,111,10.316
2613,114,187.187
2613,2614,52.682
2614,117,9.648
2614,126,191.231
2614,131,61.513
2615,190,8.194
2615,11312,178.473
2616,5817,113.960
2617,108,61.829
2617,2618,71.475
2618,96,62.840
2618,2617,71.475
2619,129,69.187
2619,145,28.098
2619,2620,108.592
2620,135,15.020
2620,2619,108.592
2620,7331,63.403
2621,145,41.097
2621,7331,56.843
2622,145,48.491
2622,3040,48.278
2623,2624,10.898
2624,111,122.108
2624,2626,23.164
2625,136,138.530
2625,12146,14.287
2626,127,72.609
2626,2625,37.944
2627,120,15.238
2627,2628,42.984
2628,2627,42.984
2628,6778,22.407
2629,3360,25.453
2629,12148,104.554
2630,678,110.674
2630,2480,42.279
2631,1741,11.594
2631,1742,123.303
2631,5011,262.180
2632,4089,165.788
2633,582,487.224
2633,8528,13.542
2634,582,33.545
2634,597,216.575
2634,663,104.008
2635,597,1181.127
2635,2636,333.586
2635,8629,464.940
2636,2635,333.586
2637,2638,121.408
2637,8469,121.094
2638,1043,62.776
2638,2637,121.408
2638,6569,100.502
2639,1131,79.283
2639,3513,29.368
2640,1201,347.276
2640,8039,53.181
2641,2644,1554.569
2641,3572,203.784
2641,5942,107.634
2641,7217,496.149
2642,2287,110.645
2642,3461,139.792
2642,9275,270.807
2643,1128,67.318
2643,5195,9.049
2644,2641,1554.569
2644,4768,37.055
2644,6703,35.284
2645,6419,65.060
2645,15078,40.280
2646,1131,29.983
2646,1133,36.287
2646,2657,218.169
2647,2649,66.589
2647,2656,116.508
2647,5199,45.382
2647,7876,195.421
2648,1174,199.404
2648,2663,133.432
2648,6856,102.386
2649,2647,66.589
2649,2651,64.247
2649,2656,136.292
2649,2659,48.424
2650,3527,26.728
2650,5667,6.883
2651,2649,64.247
2651,2655,118.175
2651,7877,104.654
2652,2659,176.715
2652,12378,21.852
2653,2652,108.900
2653,2655,60.138
2653,2659,67.341
2653,15065,59.158
2654,2658,87.486
2654,7876,31.458
2654,7877,21.584
2655,2651,118.175
2655,2653,60.138
2655,15069,5.749
2656,2647,116.508
2656,2649,136.292
2656,3523,87.467
2657,2646,218.169
2657,3521,33.074
2657,6420,215.594
2658,2654,87.486
2658,15083,60.198
2659,2649,48.424
2659,2652,176.715
2659,2653,67.341
2660,5185,2.790
2660,5785,36.549
2661,15075,34.903
2661,15077,13.919
2661,15081,100.932
2662,1269,165.395
2662,6233,438.879
2662,6899,27.948
2663,1152,144.253
2663,2648,133.432
2663,8305,60.510
2664,5763,19.653
2664,6835,74.063
2664,7130,58.931
2665,5467,15.128
2665,7454,16.979
2665,15246,12.925
2666,3517,15.247
2667,1121,24.662
2667,3253,125.535
2667,5050,184.706
2667,5467,31.011
2668,3517,134.532
2668,3518,57.741
2668,8085,14.735
2669,3744,90.863
2669,3821,53.438
2669,13769,43.528
2670,3821,51.148
2670,8067,6.888
2671,9021,11.540
2672,4968,146.311
2673,1939,100.769
2673,5053,46.792
2674,10215,27.796
2674,10430,13.207
2675,320,10.313
2675,334,50.943
2676,320,50.965
2676,351,46.880
2676,362,142.561
2677,351,28.758
2678,2679,13.291
2678,3650,23.689
2679,3739,30.696
2679,7765,11.916
2680,243,54.134
2680,253,53.031
2680,3382,106.765
2681,247,63.258
2681,2716,48.500
2681,2755,27.221
2681,3809,135.744
2682,1850,48.332
2682,4550,29.140
2682,6838,10.099
2683,9117,8.732
2684,1091,8.999
2684,3252,18.360
2685,2130,691.680
2685,5321,144.183
2685,6219,13.031
2686,1142,12.572
2686,2687,105.908
2687,7622,122.349
2687,14178,11.406
2688,8307,9.634
2689,7207,325.914
2689,9617,10.919
2690,9617,30.132
2690,12632,32.880
2691,6064,12.745
2691,7284,25.639
2692,1148,10.321
2692,10175,42.628
2693,4146,839.705
2694,5158,78.283
2694,9467,734.096
2695,2696,9.924
2695,9558,207.916
2696,9066,25.150
2696,14340,938.848
2697,1261,125.122
2697,1264,14.723
2697,14279,195.449
2698,8790,9.923
2699,7082,22.135
2699,14322,44.695
2700,1345,55.223
2700,6481,13.852
2701,4546,39.640
2701,4795,62.448
2702,436,25.561
2702,469,50.768
2702,3651,78.387
2703,267,95.595
2703,276,70.218
2703,289,23.174
2703,2704,99.872
2704,317,17.077
2704,7562,46.812
2705,306,83.014
2705,373,140.670
2706,330,45.570
2706,338,49.888
2706,8670,44.845
2707,321,133.742
2707,369,67.457
2707,374,56.405
2708,354,45.469
2708,2709,22.521
2709,354,45.503
2709,2708,22.521
2710,303,52.300
2710,306,14.868
2710,15527,6.637
2711,324,12.301
2711,359,50.523
2711,2712,67.932
2712,344,60.490
2712,2711,67.932
2712,2713,31.965
2713,2712,31.965
2713,5325,88.534
2714,344,29.455
2714,366,29.930
2714,5325,34.581
2715,270,27.560
2715,15529,115.047
2716,2681,48.500
2716,4080,142.126
2717,2718,37.535
2717,2719,25.952
2717,3172,216.629
2718,633,52.593
2718,637,30.901
2718,2717,37.535
2719,531,212.190
2719,633,25.764
2719,2717,25.952
2720,745,109.980
2721,2722,9.462
2721,8450,160.300
2722,676,39.032
2722,8448,99.767
2723,561,89.858
2723,621,37.047
2723,8448,86.417
2724,3813,9.933
2725,648,37.261
2725,702,43.479
2725,2728,56.803
2726,8452,62.414
2727,591,62.856
2727,611,59.547
2727,15019,92.911
2728,702,54.845
2728,2725,56.803
2728,3813,69.942
2729,511,37.447
2729,7231,6.695
2729,15018,52.769
2730,601,64.367
2730,638,68.216
2730,646,36.000
2731,3812,58.764
2731,8583,40.681
2732,7404,15.590
2732,7410,7.178
2732,8583,2.712
2733,2731,63.561
2733,2734,44.724
2734,2733,44.724
2734,7414,2.770
2735,696,17.667
2735,698,45.215
2735,2733,95.805
2736,521,86.322
2736,6457,9.929
2737,373,45.215
2737,2501,16.762
2737,2705,152.009
2738,2500,38.681
2738,2739,216.990
2739,2737,125.227
2739,12326,12.003
2740,810,62.717
2740,15017,15.357
2741,2742,38.310
2741,15470,32.482
2742,823,159.146
2742,2741,38.310
2742,2747,27.718
2743,854,9.294
2743,2747,31.617
2744,810,103.075
2744,4083,13.961
2745,772,51.079
2745,2744,108.462
2746,2743,24.991
2746,2747,29.712
2747,2742,27.718
2747,2743,31.617
2747,2746,29.712
2748,713,72.177
2748,2749,39.270
2748,2750,52.654
2749,712,74.639
2749,765,71.836
2749,2748,39.270
2750,692,191.753
2750,2475,32.583
2750,2748,52.654
2751,221,74.845
2752,1983,46.579
2752,2753,112.499
2753,1990,14.278
2753,2752,112.499
2754,2751,85.718
2754,7390,56.072
2755,271,102.752
2755,2681,27.221
2755,2764,46.939
2756,243,72.729
2756,3386,17.374
2757,287,97.779
2757,2758,62.070
2757,4436,62.496
2758,285,103.672
2758,2757,62.070
2759,2760,50.593
2759,4437,134.602
2759,15414,39.031
2760,2759,50.593
2760,2766,51.203
2760,4483,145.920
2761,295,54.399
2762,291,104.819
2762,2233,18.550
2762,6045,44.316
2763,274,29.041
2763,2233,25.883
2763,4483,52.822
2764,259,35.056
2764,2755,46.939
2764,4482,47.996
2765,15418,44.483
2766,318,99.022
2766,2760,51.203
2766,8611,43.907
2767,274,37.857
2767,294,25.083
2767,8611,23.412
2768,1986,16.292
2768,8530,37.265
2769,1987,115.604
2769,3079,154.416
2770,297,109.589
2770,6045,38.527
2771,5425,113.168
2771,15234,114.326
2772,6710,131.108
2772,6808,69.902
2772,15234,48.332
2773,6710,63.321
2773,11918,396.443
2774,2949,31.954
2774,13409,4.783
2775,13409,126.350
2776,1750,25.468
2776,4162,55.585
2776,7931,89.806
2777,4162,113.763
2777,4170,58.663
2777,4182,145.266
2777,4443,225.551
2778,2779,86.644
2778,4154,58.831
2778,14174,42.031
2779,2778,86.644
2779,2932,94.035
2779,7549,97.201
2779,13314,162.310
2780,2349,43.853
2780,2355,134.047
2780,2357,19.111
2781,2782,43.761
2781,4884,83.513
2782,219,61.042
2782,4727,55.008
2783,2785,67.012
2783,4727,31.459
2784,2861,18.482
2784,9105,4.596
2785,219,84.287
2785,6970,9.517
2786,5896,264.580
2786,9450,187.137
2787,9450,116.676
2788,2786,4.459
2789,2790,29.050
2789,2793,56.134
2790,1274,60.065
2790,2793,101.765
2791,2789,25.707
2791,2792,56.456
2792,2791,56.456
2792,2793,26.892
2792,3510,35.595
2793,2789,56.134
2793,2790,101.765
2793,2792,26.892
2794,774,63.118
2794,7309,10.248
2795,4754,96.361
2795,5097,51.405
2796,2799,68.265
2796,9771,186.949
2797,2386,80.163
2797,2798,79.957
2798,888,10.024
2798,2382,277.550
2798,3623,153.658
2799,929,9.278
2799,12199,113.938
2799,14029,13.182
2800,2801,31.075
2800,7891,4.516
2800,8135,98.185
2801,12200,8.504
2801,12212,305.261
2802,2092,6.516
2802,2803,59.816
2802,8235,106.688
2803,2054,7.991
2803,2055,60.670
2803,2796,135.395
2804,2807,265.219
2804,4075,44.935
2805,5350,53.827
2806,2805,264.578
2806,2807,35.315
2807,7481,7.784
2808,4098,39.936
2808,15200,74.523
2809,7688,9.182
2809,13037,5.902
2810,8291,24.241
2810,12553,14.570
2811,4096,29.642
2812,1141,27.554
2812,2810,69.836
2813,1153,36.761
2813,2812,134.883
2814,1195,124.674
2814,13036,81.397
2815,2809,18.800
2815,7687,10.675
2816,11823,63.849
2816,14979,30.938
2817,1490,184.220
2817,2818,35.062
2818,4120,1408.875
2819,9112,23.067
2820,2819,32.747
2821,6141,35.216
2821,6143,126.115
2822,3096,25.979
2823,4125,576.113
2824,1751,64.603
2824,7664,123.789
2824,7665,7.951
2825,1752,175.221
2825,2582,41.749
2826,2579,106.448
2826,14525,16.467
2826,14526,36.591
2827,1727,131.978
2827,1735,88.427
2827,14456,77.585
2828,1727,49.530
2828,1730,48.846
2828,2829,179.012
2828,14454,76.594
2829,2828,179.012
2829,4315,58.810
2830,6158,43.205
2830,14489,22.629
2831,2914,110.494
2831,3310,93.082
2831,3312,57.427
2832,1318,54.355
2832,9469,103.832
2833,1314,24.302
2833,2834,8.504
2834,2835,43.752
2834,4108,25.347
2835,1304,114.043
2835,6789,183.035
2836,1459,37.238
2837,2838,33.387
2837,15509,242.623
2838,4113,895.893
2839,2334,26.503
2839,11504,46.755
2839,11506,28.918
2840,1419,33.451
2841,2332,74.487
2841,4114,44.589
2842,1346,38.832
2843,9733,11.497
2843,14542,14.542
2844,14529,3.784
2845,5528,92.782
2846,4121,35.296
2846,7039,118.356
2847,7195,28.962
2847,12924,357.194
2848,3055,144.567
2849,3158,30.797
2850,3149,81.424
2851,13255,192.345
2852,4640,13.056
2853,2852,95.449
2854,187,113.651
2854,3092,19.928
2855,2082,47.868
2855,2858,241.808
2856,2855,5.604
2856,6657,45.039
2857,2856,210.453
2857,9451,11.376
2858,2411,136.630
2858,6471,14.791
2859,2785,22.235
2859,5345,70.232
2860,5346,18.638
2861,2788,119.468
2862,1463,8.755
2862,11588,80.040
2863,1469,73.210
2863,4322,33.319
2863,11756,17.646
2864,1617,99.291
2864,1628,51.685
2864,1631,115.802
2865,15144,7.573
2865,15145,44.749
2866,2252,29.036
2866,12805,25.480
2866,12807,43.576
2867,3268,154.719
2867,8293,13.986
2868,1082,12.599
2869,1079,20.691
2869,2868,10.669
2870,3249,20.345
2871,3248,7.416
2871,12957,65.803
2872,1063,12.759
2873,13089,20.687
2873,13090,5.467
2874,5871,37.070
2875,2895,75.138
2875,3474,218.721
2875,4919,140.093
2876,5587,52.384
2876,11557,126.725
2876,15354,29.366
2877,1526,47.856
2877,3025,39.109
2877,8964,61.261
2878,1492,112.274
2878,1503,69.676
2878,2906,57.830
2879,1528,115.221
2879,8964,38.112
2880,1149,28.782
2880,3540,67.110
2880,8289,14.045
2881,1588,52.780
2881,1599,65.577
2881,6085,55.778
2882,7526,10.220
2882,11208,111.335
2882,15495,75.719
2883,10813,111.261
2883,15494,239.611
2884,2601,43.614
2884,2912,52.264
2884,6492,201.606
2884,7526,233.914
2885,1505,225.145
2885,2886,47.336
2885,6495,97.637
2886,2885,47.336
2886,10808,16.187
2886,10810,31.939
2887,1682,53.095
2888,2314,44.505
2888,11735,111.334
2889,1379,84.434
2889,11564,150.731
2889,11571,25.393
2890,1479,63.168
2890,1491,130.397
2890,1501,69.995
2891,1479,224.014
2891,11705,6.899
2892,7896,77.871
2892,15176,24.469
2892,15180,132.715
2893,3830,32.054
2893,5633,4.627
2894,2895,28.328
2894,7400,14.841
2895,2875,75.138
2895,2894,28.328
2895,7400,28.361
2896,2897,144.234
2896,5000,44.030
2896,6095,14.246
2897,2896,144.234
2897,2900,224.135
2897,5215,30.946
2898,2904,103.504
2898,6095,105.374
2899,5493,58.451
2899,9783,60.313
2899,11332,91.285
2900,2897,224.135
2900,2903,10.056
2901,2900,7.719
2902,1630,81.351
2902,6650,16.686
2903,4133,19.136
2903,11155,145.152
2904,2901,4.004
2905,5493,91.689
2905,6647,26.668
2906,2878,57.830
2906,2908,50.234
2907,2911,13.001
2907,11077,21.600
2908,4236,158.719
2908,6112,59.463
2908,7524,107.225
2909,2912,18.237
2910,4519,14.614
2910,10528,26.447
2911,2910,16.954
2911,6084,132.765
2912,2884,52.264
2912,11078,17.179
2913,1811,124.664
2913,3068,410.795
2913,5592,85.551
2914,2831,110.494
2914,3310,74.741
2914,6062,116.222
2915,1602,63.545
2915,2916,261.941
2916,2915,261.941
2916,11063,9.155
2917,2959,48.293
2918,1411,61.909
2918,5503,134.186
2918,12024,61.967
2919,3142,385.901
2919,5291,41.358
2920,3317,225.808
2921,2923,119.796
2922,4168,6.324
2922,14172,125.948
2923,2921,119.796
2923,7805,28.867
2924,2926,73.470
2925,2926,81.924
2925,2930,72.671
2925,7928,72.838
2926,2924,73.470
2926,2925,81.924
2926,2933,77.865
2926,2935,72.660
2927,2933,59.982
2928,4154,106.094
2928,10002,11.052
2928,13357,7.569
2929,4161,118.099
2929,13348,67.384
2929,13354,49.406
2929,13355,95.806
2930,2925,72.671
2930,2935,81.386
2930,2936,76.942
2931,4172,109.282
2931,13326,204.198
2932,2779,94.035
2932,7929,72.207
2932,14172,134.869
2933,2926,77.865
2933,2927,59.982
2933,2937,71.408
2933,2938,104.177
2934,4192,77.962
2934,7549,5.929
2934,13293,56.010
2935,2926,72.660
2935,2930,81.386
2935,2937,76.225
2935,2939,74.453
2936,2930,76.942
2936,2939,83.431
2936,2940,77.854
2937,2933,71.408
2937,2935,76.225
2937,2941,73.113
2937,2942,105.266
2938,1739,59.382
2938,2933,104.177
2938,13291,6.024
2939,2935,74.453
2939,2936,83.431
2939,2941,76.001
2939,2943,75.227
2940,2936,77.854
2940,2943,80.718
2940,2946,136.092
2941,2937,73.113
2941,2939,76.001
2941,2944,74.067
2941,2945,100.419
2942,2937,105.266
2942,2938,69.715
2942,7547,6.455
2943,2939,75.227
2943,2940,80.718
2943,2944,77.537
2944,2941,74.067
2944,2943,77.537
2944,2947,96.647
2945,2941,100.419
2945,2942,71.221
2945,13290,6.358
2946,2940,136.092
2946,2953,152.129
2946,4167,347.071
2947,2944,96.647
2947,13287,14.769
2948,6882,143.176
2948,13411,6.158
2948,13412,81.005
2949,2600,11.072
2949,13410,5.338
2950,1750,77.331
2950,13432,200.218
2950,13434,32.596
2951,2957,148.792
2952,2955,33.714
2952,2956,179.453
2952,13314,59.260
2953,2946,152.129
2954,6025,48.373
2954,6692,66.554
2954,13411,51.456
2954,13416,12.113
2955,2952,33.714
2955,2965,219.369
2955,13365,40.464
2956,2952,179.453
2956,7545,324.119
2956,13372,76.370
2957,2951,148.792
2957,4158,12.374
2957,13705,10.819
2958,6693,54.273
2958,13414,15.513
2958,13415,56.910
2959,1756,27.824
2960,4501,90.710
2960,6565,10.488
2961,7927,201.602
2961,13387,9.210
2961,13712,48.949
2962,2964,32.686
2962,7658,82.109
2962,13260,115.511
2963,2966,75.270
2963,13258,21.209
2963,13374,4.532
2964,2962,32.686
2964,4173,133.360
2964,13374,10.679
2965,2955,219.369
2965,4181,85.908
2965,4185,57.191
2966,2963,75.270
2966,2974,222.940
2966,3262,70.704
2966,8622,52.973
2967,13262,9.335
2967,13278,64.680
2968,1760,35.794
2968,2164,237.133
2969,7659,8.982
2969,13264,78.091
2970,13159,4.322
2970,13260,35.601
2970,13261,31.682
2971,4173,33.517
2971,13634,67.557
2971,13639,75.431
2972,2165,50.966
2972,3262,200.361
2972,5410,33.778
2973,12375,42.360
2973,13159,101.127
2974,2966,222.940
2974,14157,6.833
2975,2165,42.848
2975,5653,6.491
2975,13391,200.856
2976,7172,10.944
2976,11972,46.100
2977,4903,810.433
2978,4085,11.686
2978,6070,30.190
2979,891,115.395
2979,6072,40.581
2980,942,18.235
2980,5090,78.370
2980,5129,23.794
2981,992,17.971
2981,2983,59.947
2981,5693,11.243
2982,6428,80.354
2983,4088,99.281
2984,2981,55.286
2984,8823,6.658
2985,1016,19.531
2985,2226,34.422
2986,8066,23.316
2986,12576,2.873
2987,8064,13.450
2987,12582,27.263
2988,4743,87.878
2988,6582,49.710
2988,12838,100.200
2989,748,56.452
2990,734,63.242
2991,7186,53.698
2991,12363,93.644
2992,7956,3.994
2993,9762,40.661
2993,12362,45.256
2994,932,118.241
2994,8248,51.520
2994,9045,36.315
2995,15480,43.269
2996,2997,49.481
2997,964,21.039
2997,2996,49.481
2997,5744,187.336
2997,15023,43.277
2998,1795,121.920
2998,11420,14.561
2999,6863,63.841
2999,12808,5.923
3000,1822,625.230
3000,2999,12.475
3001,1482,203.196
3001,5444,8.005
3001,5710,8.739
3002,3008,92.773
3002,13519,20.906
3002,13705,53.752
3003,13517,17.643
3003,13518,46.246
3004,13518,26.707
3004,13519,3.271
3005,4177,82.152
3005,13322,23.825
3005,13384,6.908
3005,13387,11.695
3006,13320,18.177
3006,13322,5.193
3007,3010,76.959
3007,4184,17.875
3007,4189,28.428
3008,1750,55.395
3008,3002,92.773
3008,3009,62.983
3009,3008,62.983
3010,3007,76.959
3011,3018,125.462
3012,3204,63.670
3012,3880,96.816
3012,7087,54.662
3013,6245,109.967
3013,6262,24.515
3014,3872,152.826
3014,3879,210.579
3014,6246,15.102
3015,4447,171.233
3015,7865,72.412
3015,11988,8.018
3016,3017,687.311
3016,3018,58.484
3016,7864,149.049
3017,3016,687.311
3017,3018,58.523
3017,3020,115.797
3018,3011,125.462
3018,3016,58.484
3018,3017,58.523
3019,1646,62.275
3019,7864,9.426
3019,11986,19.940
3020,3017,115.797
3021,2303,36.942
3021,10552,25.070
3021,10828,10.681
3022,1371,244.620
3022,3148,84.581
3023,1422,56.265
3023,10644,19.391
3023,10668,18.355
3024,3027,22.298
3025,2877,39.109
3025,11273,16.977
3025,11308,3.601
3026,5287,15.145
3027,3028,18.991
3027,7611,151.802
3028,3026,7.578
3028,7525,37.675
3029,1539,132.456
3029,3030,194.120
3029,6335,56.374
3030,3029,194.120
3030,3218,221.822
3030,6336,143.270
3031,1462,53.254
3031,3033,26.044
3032,3031,21.533
3032,9113,101.448
3033,3042,28.134
3034,3035,95.068
3034,10683,109.098
3035,3034,95.068
3035,10795,54.190
3036,6107,20.547
3037,10933,64.271
3037,11085,30.875
3037,11088,43.671
3038,4656,119.802
3039,150,69.872
3039,3040,92.867
3039,3041,39.770
3040,161,38.919
3040,3039,92.867
3041,164,7.602
3041,3039,39.770
3041,3090,74.525
3042,1487,98.265
3042,3032,22.418
3043,1477,71.433
3043,1500,122.521
3043,3033,129.449
3043,11485,129.366
3044,1608,100.886
3044,1624,101.743
3045,3047,14.534
3045,4964,11.782
3046,3231,289.264
3046,4964,9.854
3047,3045,14.534
3047,6186,56.182
3048,89,66.789
3048,9134,30.704
3048,10485,112.288
3049,3848,46.926
3049,4498,44.078
3049,6361,15.818
3050,1772,17.347
3051,8589,76.032
3052,4293,46.144
3052,5121,64.060
3053,3052,243.175
3053,4293,284.706
3054,3053,36.512
3054,4022,279.659
3055,1789,46.318
3056,3061,283.052
3056,7420,32.782
3057,1793,116.949
3057,5671,193.444
3058,3220,204.420
3059,3062,66.301
3059,3063,424.864
3059,3288,97.498
3060,3057,211.671
3061,3131,11.626
3061,3237,24.989
3062,3059,66.301
3062,4044,108.742
3062,4049,371.459
3063,3059,424.864
3063,4662,41.438
3064,3134,331.045
3064,7350,9.426
3064,7555,24.040
3065,4662,28.161
3065,4664,147.435
3065,5469,75.785
3066,15507,246.856
3068,1811,410.090
3068,2913,410.795
3069,12054,33.837
3070,3071,15.571
3070,3231,40.184
3071,3051,136.795
3072,3074,61.490
3072,6814,327.117
3073,3074,34.453
3073,7592,352.585
3074,3073,34.453
3074,4429,19.313
3075,5126,306.663
3076,50,153.295
3077,92,5.031
3078,14427,429.456
3079,220,70.714
3079,2769,154.416
3079,3094,49.085
3080,3078,165.069
3080,3079,27.036
3081,2274,85.543
3081,7607,18.315
3082,10483,15.006
3082,10484,7.931
3083,3087,175.252
3084,3082,138.335
3085,2190,11.163
3085,4509,336.394
3086,7607,129.284
3086,8612,23.804
3087,2151,73.660
3088,121,8.694
3088,3086,110.077
3089,3344,25.942
3090,3041,74.525
3090,9133,16.819
3091,3090,101.120
3091,8703,58.875
3092,3091,89.205
3093,204,11.224
3093,3092,71.800
3094,1987,122.006
3095,2532,97.585
3095,2823,25.245
3096,5436,77.789
3097,7666,15.802
3098,2530,51.124
3098,7667,8.503
3099,5030,120.446
3099,5033,143.669
3100,4530,86.955
3101,3372,181.744
3101,5226,10.862
3102,12173,48.482
3103,2183,40.624
3103,3113,20.153
3104,211,195.151
3105,5610,107.920
3106,2063,90.356
3106,3107,10.321
3107,2213,145.262
3107,4728,20.655
3108,3105,63.654
3108,3110,56.040
3109,2182,54.822
3110,2214,15.543
3110,3105,65.413
3111,3103,10.124
3111,7399,17.177
3112,8603,9.466
3113,8715,54.868
3114,3109,55.422
3114,7398,36.968
3115,3112,41.905
3115,3114,19.700
3116,2352,13.224
3117,221,197.796
3118,9103,83.866
3119,3120,8.159
3119,5347,205.669
3120,3715,76.898
3120,3991,35.356
3121,2173,8.780
3122,223,12.041
3122,3123,37.279
3123,7389,31.755
3124,4335,49.098
3125,11313,8.122
3125,12065,29.109
3126,4338,573.661
3128,4008,34.279
3128,4581,50.278
3128,9204,126.720
3129,4023,71.642
3129,4026,77.399
3129,4713,127.125
3130,1791,66.961
3130,4713,81.336
3130,8667,61.033
3131,5109,723.865
3132,3060,19.114
3133,1813,45.437
3133,7170,12.273
3134,3064,331.045
3135,3803,114.057
3136,2607,1269.185
3137,3022,148.931
3138,3136,20.124
3138,6878,158.915
3139,1390,15.214
3139,5405,76.802
3140,11174,6.062
3141,3142,11.651
3141,5688,20.100
3142,2919,385.901
3142,3140,13.521
3143,3140,121.617
3143,7611,20.190
3144,3143,104.183
3144,3145,17.761
3145,3144,17.761
3145,3146,81.475
3146,5291,134.650
3147,2919,40.984
3147,3144,217.297
3148,1372,109.718
3148,1375,153.257
3148,3022,84.581
3148,7202,237.115
3149,1474,55.444
3150,3149,35.202
3150,3353,83.683
3151,1486,38.636
3152,3150,55.377
3153,1518,205.988
3153,3152,38.917
3154,4064,163.875
3155,3154,47.868
3155,7143,6.452
3156,7146,7.391
3157,3154,41.042
3157,3159,42.500
3158,3156,26.776
3158,3157,16.467
3159,7364,10.675
3160,14152,64.546
3161,3160,76.127
3161,6557,53.654
3162,1769,9.095
3162,5653,132.707
3163,3161,573.826
3164,1784,10.079
3164,4281,44.059
3164,4621,333.731
3165,3163,95.539
3166,3155,137.177
3167,1864,25.444
3167,3168,31.472
3168,4069,91.440
3169,346,21.135
3169,347,42.109
3170,516,57.654
3170,584,135.069
3171,520,19.302
3171,542,40.894
3171,14704,122.882
3172,533,50.187
3172,2717,216.629
3173,629,204.230
3173,630,219.540
3173,2363,22.161
3173,7323,21.470
3174,9350,87.844
3174,13023,32.148
3174,13228,106.348
3175,1377,18.493
3175,14945,45.843
3175,14946,61.239
3176,10372,22.082
3176,12383,43.372
3176,12384,36.942
3177,3179,36.665
3177,4487,69.654
3177,14943,31.266
3178,4798,214.488
3178,4800,76.756
3178,14909,6.986
3179,3177,36.665
3179,3180,25.526
3179,4547,43.183
3180,3179,25.526
3180,4800,35.083
3180,15311,6.268
3181,6475,90.985
3181,14865,23.953
3181,14867,80.866
3182,4887,47.492
3182,5976,94.133
3182,8267,3.713
3183,5968,4.602
3183,5971,186.513
3183,14865,56.905
3184,4478,60.973
3184,8250,79.718
3184,10359,60.515
3184,10361,29.773
3185,3186,272.579
3185,14856,86.443
3185,14858,20.806
3185,14864,63.948
3186,3185,272.579
3186,4818,67.453
3186,4821,109.946
3187,8415,45.437
3187,14852,13.257
3188,5065,254.796
3188,6572,126.853
3188,14847,85.958
3189,3190,10.379
3190,4152,287.605
3191,2672,3377.709
3192,1354,54.176
3193,4210,130.009
3193,9613,63.409
3193,10293,53.693
3194,5517,75.662
3194,5735,123.681
3194,10858,16.854
3195,1442,41.077
3195,10857,12.510
3196,1563,62.828
3197,3196,66.992
3197,11675,45.346
3198,9718,26.378
3199,1192,15.800
3199,8534,107.957
3199,8780,66.773
3200,5670,11.902
3200,6345,13.706
3200,6381,11.170
3201,5668,205.489
3201,6255,82.192
3201,6256,74.730
3202,5707,53.185
3202,8309,16.235
3203,3204,128.362
3204,3012,63.670
3204,3203,128.362
3204,3873,206.107
3205,6347,27.216
3205,9052,10.306
3205,9053,26.681
3206,1564,154.231
3206,1586,111.840
3206,4116,56.652
3207,1448,225.641
3207,3209,34.889
3208,3207,24.933
3209,3210,27.100
3209,11732,18.362
3210,11461,30.278
3210,11943,32.147
3211,11465,30.143
3211,11467,8.361
3212,11464,82.553
3213,6123,21.026
3214,3215,45.258
3214,3216,55.955
3214,8720,405.047
3215,3214,45.258
3215,14737,55.724
3215,14780,77.751
3216,3214,55.955
3216,6336,86.674
3216,6886,76.166
3216,8582,35.207
3217,14780,143.844
3218,2290,130.538
3218,3030,221.822
3218,6316,18.551
3218,8310,17.485
3219,5477,18.014
3219,9525,168.244
3220,3221,111.315
3221,9525,34.079
3222,4855,62.579
3222,7166,12.636
3223,2146,9.071
3223,2187,33.258
3224,938,105.039
3225,3227,47.792
3225,4762,27.653
3225,8869,63.519
3226,3228,94.720
3226,4761,20.942
3226,8076,79.982
3227,356,5.404
3227,3225,47.792
3228,3226,94.720
3228,14640,22.673
3229,4576,190.142
3230,5067,233.271
3231,3046,289.264
3231,3072,67.747
3232,2137,114.051
3232,3233,20.586
3233,1944,174.503
3233,3232,20.586
3233,7561,19.950
3234,3306,24.518
3234,3307,133.218
3234,8485,70.397
3235,3236,57.269
3235,4834,38.593
3235,4844,39.939
3236,3235,57.269
3236,3984,11.400
3236,8707,73.885
3237,4046,146.964
3237,8591,9.791
3238,3985,89.231
3238,6955,6.835
3239,3241,163.232
3239,3307,519.167
3239,5469,219.388
3240,4051,78.514
3240,8596,6.149
3240,10036,149.959
3241,3239,163.232
3241,3244,433.719
3241,4663,96.953
3242,6423,90.501
3243,8217,203.760
3244,3241,433.719
3245,5917,20.907
3245,7493,158.366
3245,9492,39.388
3246,1968,414.609
3247,1818,206.388
3247,2806,17.667
3247,7480,10.295
3248,1072,26.833
3249,2872,38.408
3249,12674,186.451
3250,2868,19.122
3251,1091,17.178
3252,3250,273.836
3253,2667,125.535
3253,4921,98.848
3253,15248,9.017
3254,84,64.376
3254,5817,9.142
3254,7487,123.004
3255,88,7.137
3256,88,62.878
3257,7332,44.847
3257,7333,36.830
3258,108,107.671
3258,3324,100.990
3259,11345,54.164
3259,11350,38.817
3259,11351,13.428
3260,3261,213.354
3261,3260,213.354
3261,11351,106.830
3261,15518,483.337
3262,2966,70.704
3262,2972,200.361
3263,2548,88.003
3263,6181,143.568
3263,7586,8.485
3264,7531,109.106
3265,8712,20.693
3266,1592,147.921
3267,1859,9.041
3267,5377,32.698
3268,1129,41.259
3268,2867,154.719
3269,5266,13.369
3269,5926,18.126
3269,8284,4.324
3269,15241,57.493
3270,3474,41.381
3270,9459,34.576
3271,5267,10.572
3271,12703,26.843
3271,12886,9.219
3272,5050,197.762
3272,7453,34.743
3273,1119,42.034
3273,15104,142.905
3274,7268,8.900
3274,12647,94.194
3275,1097,21.037
3275,5085,134.359
3275,8193,22.737
3276,3468,57.787
3276,7252,6.454
3277,1087,17.675
3277,3275,264.411
3278,9704,58.201
3278,15252,40.298
3279,1064,16.268
3279,3277,130.949
3280,1119,16.823
3280,3272,59.090
3280,5468,154.722
3281,1831,50.547
3281,1965,148.028
3282,1875,169.416
3282,10189,123.414
3282,12292,54.731
3283,3285,41.643
3283,5180,387.695
3284,2695,42.040
3284,4152,29.537
3285,4151,8.059
3286,3307,88.317
3286,3308,308.296
3286,6191,42.139
3287,4446,31.476
3287,4907,115.884
3287,8995,8.937
3288,1792,34.267
3288,3059,97.498
3289,4633,75.587
3289,4634,176.124
3289,4850,31.408
3290,1699,31.160
3290,3292,105.150
3291,2143,104.774
3291,2144,45.969
3291,8857,12.097
3292,1689,24.536
3292,1695,17.309
3292,3290,105.150
3293,3303,70.286
3293,3305,7.271
3293,14149,20.992
3294,3305,49.797
3294,3979,22.233
3294,3980,78.194
3295,2140,34.414
3295,3298,30.124
3295,14145,39.126
3295,14150,52.896
3296,3302,30.837
3296,7937,101.546
3296,14148,37.214
3297,2139,49.479
3297,3300,84.444
3297,14143,29.504
3298,3295,30.124
3298,14146,40.581
3298,14151,53.605
3299,3300,34.371
3299,14145,5.803
3299,14147,0.738
3300,2140,41.674
3300,3297,84.444
3300,3299,34.371
3301,3302,96.991
3301,7937,32.282
3302,3296,30.837
3302,3301,96.991
3302,14144,24.662
3302,14147,38.648
3303,3293,70.286
3303,3980,110.797
3303,14151,23.760
3304,1759,17.686
3304,4678,100.262
3304,14153,8.385
3305,3293,7.271
3305,3294,49.797
3305,3980,32.888
3306,3234,24.518
3306,4514,33.045
3307,3234,133.218
3307,3239,519.167
3307,3286,88.317
3308,3286,308.296
3308,3309,57.435
3308,4906,255.371
3309,3308,57.435
3309,12423,58.382
3309,12426,23.361
3310,2831,93.082
3310,2914,74.741
3310,4940,59.789
3311,3312,274.961
3311,8421,4.740
3311,12457,89.360
3312,1787,84.531
3312,2831,57.427
3312,3311,274.961
3313,1662,31.030
3313,1672,40.003
3314,2564,191.798
3314,7576,30.786
3315,4572,131.710
3316,3315,49.651
3317,2920,225.808
3317,3316,142.708
3318,3319,11.438
3318,5230,25.511
3319,200,10.525
3319,3320,30.757
3320,3333,57.401
3321,3093,9.826
3321,5229,113.124
3322,2193,30.585
3322,12135,48.656
3322,12137,16.269
3323,2259,29.737
3323,9751,20.482
3324,114,11.029
3324,3343,28.135
3325,143,7.848
3325,3337,22.931
3326,149,22.408
3326,3328,101.013
3327,3326,31.988
3327,3337,52.372
3328,166,9.981
3328,3338,56.533
3328,12150,37.694
3329,182,10.036
3329,3330,52.990
3329,3340,73.983
3330,189,11.003
3330,3331,62.685
3330,3341,81.897
3331,3332,8.420
3331,7385,74.531
3332,3336,102.400
3332,11311,11.738
3333,3335,10.594
3334,201,23.136
3335,202,9.169
3335,3332,99.784
3336,5797,605.333
3336,8456,123.900
3337,126,41.662
3337,149,20.843
3338,3339,53.239
3338,12148,5.782
3339,181,59.006
3339,3338,53.239
3339,3340,13.710
3340,3329,73.983
3340,3339,13.710
3340,3341,59.264
3341,3330,81.897
3341,3340,59.264
3341,3367,64.537
3341,7384,21.519
3342,130,42.387
3342,3343,69.629
3343,125,34.917
3343,3342,69.629
3344,162,18.758
3344,3345,128.319
3345,3346,244.754
3346,2181,18.604
3346,2524,7.879
3346,7485,36.375
3347,2306,42.879
3348,5227,31.388
3349,1432,45.681
3349,2304,78.579
3350,3349,163.426
3351,7163,42.746
3352,4994,249.810
3352,4995,4.576
3353,4995,85.829
3354,118,15.181
3354,139,72.203
3355,203,99.829
3355,9409,6.118
3356,106,30.633
3356,118,71.483
3356,8706,53.780
3357,3048,9.475
3358,95,68.248
3359,77,74.803
3360,2629,25.453
3361,2185,17.622
3361,4724,194.072
3362,3361,66.075
3362,5914,101.054
3363,7794,9.219
3363,9509,19.144
3364,3363,71.423
3365,4564,23.823
3365,4565,8.510
3366,5038,113.107
3367,195,22.579
3367,3341,64.537
3368,16,81.408
3369,3362,62.939
3370,3100,182.099
3370,3371,77.197
3371,3373,36.464
3371,6660,26.607
3372,3370,75.114
3372,12175,15.021
3373,2277,159.678
3374,100,21.375
3374,6659,78.019
3375,173,6.254
3375,5247,92.665
3376,205,7.207
3376,6996,113.898
3377,93,69.627
3377,12182,52.610
3378,2498,136.028
3378,2499,138.905
3378,5994,25.357
3378,12133,79.627
3379,2498,115.819
3379,2499,62.444
3380,247,123.073
3380,3382,47.115
3381,3383,54.720
3381,3413,7.421
3382,3386,62.513
3383,233,77.200
3384,3640,37.243
3384,12131,111.484
3385,3389,68.319
3385,3413,55.292
3386,2756,17.374
3386,9547,19.267
3387,3385,77.509
3388,3387,155.619
3389,275,548.298
3389,3391,372.835
3390,9606,7.529
3391,304,206.025
3391,3393,62.628
3392,3393,11.415
3392,3649,15.587
3393,15427,7.556
3393,15430,99.588
3394,359,207.787
3394,3395,50.208
3395,378,210.044
3395,3396,74.131
3396,391,209.105
3396,3397,63.686
3397,400,208.038
3397,3398,67.734
3398,432,208.750
3398,3399,57.857
3399,471,206.195
3399,3400,64.078
3400,506,208.072
3400,3401,65.349
3401,7787,9.443
3401,15439,28.559
3402,3403,92.321
3402,8726,28.755
3403,506,52.945
3403,3402,92.321
3403,3404,77.661
3404,513,53.648
3404,3403,77.661
3404,15422,35.207
3405,397,337.416
3405,15422,25.860
3405,15425,25.579
3406,622,270.233
3406,4208,39.443
3407,6772,3.915
3408,614,33.314
3408,622,13.484
3408,5020,263.238
3409,749,27.021
3409,7010,13.742
3410,749,11.602
3410,756,34.681
3410,7010,23.633
3411,1985,151.677
3411,4080,18.809
3412,3381,22.588
3412,3383,61.079
3413,3389,31.842
3413,3390,10.955
3414,3415,232.426
3415,41,11.539
3415,9091,110.147
3416,6915,23.309
3416,6917,23.017
3416,6993,39.280
3417,6913,12.130
3417,6916,9.802
3418,46,12.961
3418,51,176.201
3419,91,20.022
3419,9511,18.799
3419,12188,78.008
3420,5816,15.932
3421,49,9.924
3421,52,116.269
3422,4524,15.820
3422,9287,87.989
3423,3422,73.384
3423,10027,161.086
3425,8,33.391
3425,3426,29.420
3425,11654,12.489
3426,3425,29.420
3427,17,6.005
3427,9249,125.992
3428,31,85.277
3428,3429,45.193
3429,3428,45.193
3430,9,85.201
3431,10,54.452
3431,11,50.844
3432,96,74.421
3432,102,112.667
3433,7606,49.323
3434,422,43.434
3434,430,10.636
3434,455,95.016
3435,578,49.227
3435,602,57.706
3435,603,98.445
3436,3427,8.654
3436,3437,166.713
3437,11333,34.003
3438,886,176.057
3438,3659,76.137
3438,3663,95.530
3439,2163,231.181
3439,7749,9.415
3439,13808,12.741
3440,3441,96.379
3440,4223,38.644
3441,3440,96.379
3441,5096,15.023
3442,6472,14.328
3443,3446,11.133
3443,9155,137.471
3444,3445,95.103
3444,7730,136.341
3445,3444,95.103
3445,3447,159.897
3446,3443,11.133
3446,3447,11.287
3446,3814,90.487
3446,4224,50.134
3447,2440,162.096
3447,3445,159.897
3447,3446,11.287
3447,8161,189.031
3448,12649,134.198
3449,3451,37.842
3449,7269,43.188
3449,15270,77.936
3449,15271,39.746
3450,14100,176.645
3450,14102,4.093
3451,3449,37.842
3452,5787,60.986
3452,15271,49.354
3452,15274,107.741
3453,3457,117.258
3453,5766,20.925
3454,14102,55.825
3454,14257,7.048
3455,8282,24.276
3455,13039,34.785
3455,14986,39.152
3456,8282,59.892
3456,13008,3.785
3457,1183,48.515
3457,1185,103.369
3457,3453,117.258
3458,8919,44.606
3459,1179,218.263
3459,7839,7.740
3460,3462,12.867
3460,9479,6.372
3461,1201,136.173
3461,2642,139.792
3461,3472,134.599
3462,14543,61.626
3462,15282,27.012
3462,15284,6.552
3463,1210,158.552
3463,9479,73.921
3464,1193,106.313
3464,7471,10.117
3465,1203,96.938
3465,8020,51.428
3466,3470,33.212
3466,3471,38.806
3466,7471,16.255
3467,3470,17.156
3468,5897,39.243
3469,7278,48.870
3469,14220,63.320
3470,3466,33.212
3470,3467,17.156
3470,7472,98.555
3471,3466,38.806
3472,1207,147.835
3472,2287,143.968
3472,3461,134.599
3473,3464,64.464
3473,7472,10.942
3474,2875,218.721
3474,3270,41.381
3474,3475,80.924
3475,3474,80.924
3475,3477,116.872
3475,4985,57.787
3476,1228,43.530
3477,3475,116.872
3477,4984,73.224
3477,6775,1.957
3478,1214,58.255
3479,6775,55.397
3479,7252,106.561
3479,8363,52.615
3480,3482,39.396
3481,1212,6.787
3481,3497,94.321
3482,3480,39.396
3482,4488,23.742
3482,14294,23.935
3483,3486,40.803
3484,2097,99.972
3484,14301,105.164
3485,14337,46.034
3486,3483,40.803
3486,3490,28.900
3486,14294,5.013
3487,3490,40.924
3488,1227,49.051
3488,3498,56.424
3488,14337,9.767
3489,4984,50.854
3489,5189,57.049
3489,5222,18.841
3490,3486,28.900
3490,3487,40.924
3490,3495,27.100
3491,3495,38.261
3492,3493,80.964
3492,8931,8.073
3492,11951,56.393
3493,3492,80.964
3493,5681,11.607
3494,3498,52.329
3495,3490,27.100
3495,3491,38.261
3495,3499,27.984
3496,3499,37.812
3497,1225,52.876
3497,3481,94.321
3498,3488,56.424
3498,3494,52.329
3498,14286,201.808
3499,3495,27.984
3499,3496,37.812
3499,3501,27.739
3500,3501,38.883
3501,3499,27.739
3501,3500,38.883
3501,3502,31.243
3502,1238,54.978
3502,3501,31.243
3502,3503,7.106
3503,3502,7.106
3503,3504,49.058
3503,14296,98.144
3504,3503,49.058
3505,13085,73.999
3505,13086,6.195
3506,13088,15.808
3506,13718,181.622
3507,3509,53.079
3507,5783,11.839
3508,5665,121.589
3508,15316,111.112
3509,3507,53.079
3509,3510,29.102
3509,5105,131.413
3510,2792,35.595
3510,3509,29.102
3511,12950,127.331
3511,12951,42.898
3511,12954,95.085
3512,1118,190.595
3512,3280,50.902
3513,1130,69.349
3513,2639,29.368
3513,5761,9.573
3514,3515,36.810
3514,3516,91.382
3514,14245,98.833
3515,3514,36.810
3515,3516,39.181
3515,14245,40.947
3515,14246,85.294
3516,3514,91.382
3516,3515,39.181
3517,2666,15.247
3517,2668,134.532
3517,7872,83.144
3518,2668,57.741
3518,12541,7.276
3519,2650,78.499
3519,3522,7.914
3520,3528,88.837
3520,15262,55.530
3520,15263,14.167
3521,2657,33.074
3522,3519,7.914
3522,3523,160.217
3522,5199,110.941
3523,2656,87.467
3523,3522,160.217
3523,4552,182.176
3524,3532,110.166
3525,12378,146.233
3526,2664,93.176
3526,8301,69.681
3526,9220,14.641
3527,3534,93.582
3527,3543,70.550
3527,5201,9.561
3528,3520,88.837
3528,5051,27.163
3529,3535,47.553
3529,12600,9.295
3529,12601,90.375
3530,5309,54.051
3531,3532,36.199
3532,3524,110.166
3532,3531,36.199
3532,3538,33.965
3533,3538,40.253
3534,3537,54.270
3534,3539,9.802
3534,12645,8.089
3535,3529,47.553
3535,3536,89.155
3535,12601,19.190
3536,3535,89.155
3536,3540,38.159
3536,12604,33.446
3537,15268,140.715
3538,3532,33.965
3538,3533,40.253
3538,5472,36.851
3539,3534,9.802
3540,2880,67.110
3540,3536,38.159
3540,5309,38.566
3541,1142,174.954
3541,3545,79.651
3541,4741,44.518
3542,1152,57.450
3542,7128,27.877
3542,7130,46.927
3542,8301,36.565
3543,3527,70.550
3544,5472,14.326
3545,3541,79.651
3546,7881,37.200
3546,14191,142.912
3547,8806,7.340
3547,14160,19.366
3548,4939,19.149
3548,9367,222.296
3549,3548,180.292
3550,5328,22.863
3550,7416,64.671
3551,3552,31.238
3552,3551,31.238
3552,9320,10.304
3553,1234,49.388
3553,1241,60.814
3554,1244,35.441
3554,14838,100.174
3555,9312,30.541
3555,9318,25.149
3556,9318,65.980
3556,9319,28.951
3557,3555,26.375
3557,9319,24.528
3558,3557,67.338
3558,8677,52.487
3559,1261,19.116
3559,14355,7.329
3560,6040,78.582
3560,6418,66.953
3560,6798,22.093
3561,6040,182.746
3561,6417,13.433
3561,7121,30.375
3562,3563,58.808
3563,3562,58.808
3564,1023,317.123
3564,1030,63.349
3564,6415,7.010
3565,1066,98.917
3565,3569,280.463
3565,3578,220.632
3566,1122,1066.259
3566,3567,162.580
3567,1081,188.620
3567,3566,162.580
3567,3577,98.480
3568,1081,78.480
3568,3569,191.750
3568,3579,95.851
3569,3565,280.463
3569,3568,191.750
3569,3578,170.071
3570,3572,242.025
3571,3573,72.672
3571,6473,210.541
3571,7504,68.019
3572,1122,121.360
3572,2641,203.784
3572,3570,242.025
3573,3571,72.672
3573,5019,904.273
3573,7358,26.777
3574,1158,92.558
3574,5942,118.624
3574,7504,409.083
3575,3576,7.833
3575,3578,188.621
3576,3575,7.833
3576,3577,341.843
3576,3579,77.051
3577,3567,98.480
3577,3576,341.843
3577,3579,266.081
3578,3565,220.632
3578,3569,170.071
3578,3575,188.621
3579,3568,95.851
3579,3576,77.051
3579,3577,266.081
3580,59,45.913
3580,65,124.959
3580,3581,133.685
3581,70,45.013
3581,72,43.506
3581,3580,133.685
3582,72,134.044
3582,9583,22.986
3583,72,64.939
3583,8872,111.706
3584,8208,74.906
3584,9580,57.335
3584,12193,156.979
3585,7335,25.581
3585,8207,73.909
3586,107,114.407
3586,3085,95.781
3587,7044,34.694
3587,12156,12.230
3588,2206,46.764
3588,12157,13.893
3589,2204,53.421
3590,12152,35.890
3590,12153,6.165
3591,9471,118.536
3591,9473,11.996
3591,9474,78.262
3592,59,108.363
3593,3594,54.818
3593,8880,18.035
3594,3593,54.818
3595,158,71.950
3595,3596,55.004
3596,3595,55.004
3597,8123,53.229
3598,3600,38.017
3598,7717,7.946
3599,7715,83.492
3600,272,45.330
3600,7716,7.045
3601,418,44.473
3601,6658,139.205
3601,8635,133.308
3602,12124,24.195
3603,5945,24.336
3603,13737,15.117
3604,3605,59.792
3604,6682,10.098
3605,2023,46.595
3605,7919,105.629
3606,7919,39.739
3607,2047,136.051
3608,726,55.538
3608,3609,124.308
3609,3608,124.308
3609,8383,15.146
3610,2042,49.979
3610,3612,67.979
3610,9201,59.616
3611,2795,22.536
3611,5946,35.024
3612,3610,67.979
3613,7316,52.816
3613,13837,31.602
3614,3613,59.876
3614,3617,106.809
3615,7314,67.884
3616,2794,56.999
3617,3614,106.809
3617,8374,97.041
3618,3620,42.023
3618,13891,19.324
3618,13893,87.232
3619,8413,49.593
3620,3616,54.200
3620,3618,42.023
3620,3621,58.658
3621,3620,58.658
3621,13893,24.196
3622,9203,26.351
3623,9035,118.110
3623,9309,52.078
3624,3625,37.895
3624,9336,35.552
3625,890,46.852
3625,9426,24.622
3626,7422,79.709
3626,7423,4.997
3627,14030,39.350
3628,13928,29.399
3629,6995,117.892
3629,13928,18.757
3630,3629,6.675
3630,13929,51.706
3631,2387,73.553
3632,5152,57.694
3632,9291,18.369
3633,3634,36.699
3633,9291,30.577
3633,9293,24.146
3634,3633,36.699
3634,3635,28.386
3634,9292,30.774
3635,3634,28.386
3635,9289,28.145
3635,9293,119.547
3636,2172,47.068
3636,2349,82.471
3637,3638,110.884
3638,3122,17.610
3638,3123,36.343
3638,3637,110.884
3639,225,214.002
3639,2002,88.884
3640,2498,85.639
3640,4078,148.585
3641,3644,289.058
3642,1999,54.496
3642,3643,42.500
3642,4784,18.237
3643,242,89.508
3643,3642,42.500
3643,7946,40.408
3644,3641,289.058
3644,3645,30.864
3644,3648,130.442
3645,3390,319.839
3645,3644,30.864
3646,262,160.620
3646,263,191.090
3647,3650,90.694
3648,3644,130.442
3648,3649,27.995
3648,3652,451.765
3649,3645,131.560
3649,3648,27.995
3650,2675,79.736
3650,3647,90.694
3651,475,47.938
3651,2702,78.387
3651,12330,24.403
3652,508,67.351
3652,3648,451.765
3652,3653,30.930
3653,3652,30.930
3653,15428,429.863
3654,3656,33.523
3655,722,23.346
3655,736,227.041
3655,3656,103.587
3656,3654,33.523
3656,3655,103.587
3657,816,25.922
3658,823,68.807
3658,842,67.108
3659,3438,76.137
3659,5620,23.790
3659,15554,154.055
3660,818,90.290
3660,3662,79.165
3660,6798,210.844
3661,8029,21.739
3662,817,169.320
3662,3660,79.165
3662,8815,10.198
3663,3438,95.530
3663,4936,56.843
3663,8908,41.716
3664,3666,26.347
3664,4935,81.324
3664,4936,90.148
3664,8029,26.997
3665,4935,40.913
3666,3664,26.347
3666,8027,58.144
3667,3669,111.053
3667,4935,27.364
3667,8907,43.315
3668,3670,132.306
3669,900,14.466
3669,3667,111.053
3669,3670,127.028
3670,3668,132.306
3670,3669,127.028
3670,3675,96.011
3671,3674,107.914
3671,3676,17.267
3672,3676,85.685
3673,3677,166.999
3674,3671,107.914
3675,3670,96.011
3675,4474,107.662
3675,4511,17.606
3676,3672,85.685
3676,7917,17.850
3677,937,54.477
3677,3673,166.999
3677,4938,52.179
3678,2497,87.225
3679,3682,38.842
3680,919,149.132
3680,8265,46.682
3681,930,80.473
3681,2249,137.172
3681,3685,117.612
3682,3679,38.842
3682,3687,114.707
3683,3684,51.977
3683,15544,12.195
3683,15546,9.382
3684,3683,51.977
3684,15478,34.127
3684,15479,84.427
3685,3681,117.612
3685,15557,58.551
3685,15558,121.474
3686,3690,127.159
3687,957,39.762
3687,3682,114.707
3687,6802,15.248
3688,957,14.518
3688,7858,36.045
3688,15485,33.791
3689,960,92.564
3690,3686,127.159
3690,5693,150.256
3690,15544,116.744
3691,8263,42.740
3691,8264,52.353
3691,9140,18.141
3692,980,111.208
3692,7863,117.511
3693,7859,16.260
3693,7860,3.155
3693,7861,10.814
3694,15541,25.401
3695,7861,44.617
3696,986,51.685
3696,987,16.604
3696,6301,67.288
3697,15048,47.189
3698,1003,105.030
3698,3702,144.041
3698,8822,6.763
3699,15033,27.367
3699,15040,27.682
3699,15042,29.926
3700,15029,29.479
3701,3700,30.609
3701,4925,17.791
3702,1003,39.070
3702,3698,144.041
3702,7447,76.082
3703,1010,10.291
3703,2250,30.646
3703,6301,96.962
3704,1016,46.663
3704,1027,127.754
3704,7447,91.360
3705,3707,67.678
3705,13716,70.949
3705,15036,11.125
3706,15056,44.034
3707,1028,320.436
3707,3705,67.678
3708,6825,38.737
3708,6828,60.883
3709,1038,61.048
3710,1044,151.552
3710,4535,48.618
3710,8181,23.131
3711,3712,46.810
3711,5313,35.720
3711,7902,100.532
3711,12671,27.067
3712,1042,281.650
3712,3711,46.810
3712,7903,96.475
3713,9612,36.144
3714,2517,77.572
3714,3716,63.765
3715,2001,71.095
3715,7867,82.140
3716,2001,144.006
3716,3717,77.299
3717,3716,77.299
3718,3721,33.338
3718,4767,55.708
3718,7869,50.095
3719,3723,37.775
3720,3724,135.809
3721,3718,33.338
3721,3722,50.289
3721,3725,81.893
3722,3721,50.289
3723,2000,87.853
3723,3719,37.775
3724,232,16.358
3724,3720,135.809
3725,3721,81.893
3725,3728,136.862
3725,3999,89.761
3726,3999,27.227
3726,7869,126.692
3727,240,73.084
3727,13823,31.275
3728,241,29.170
3728,3725,136.862
3729,4002,185.439
3730,7944,72.091
3730,12100,60.584
3731,3732,63.228
3731,7941,30.591
3731,8086,32.236
3732,279,58.556
3732,2377,42.525
3732,3731,63.228
3733,282,32.746
3733,2514,66.441
3733,12066,32.054
3734,3741,75.396
3734,3742,84.527
3735,282,50.153
3735,3736,43.020
3736,3735,43.020
3736,12066,29.443
3736,12067,17.217
3737,3745,70.334
3738,12067,11.412
3739,3735,28.244
3739,3740,47.666
3740,3739,47.666
3741,315,77.561
3741,3734,75.396
3741,4366,181.374
3742,301,43.478
3742,3734,84.527
3742,4763,35.017
3743,3744,138.371
3744,2669,90.863
3744,3743,138.371
3744,7330,18.582
3745,309,49.803
3745,312,37.287
3745,3737,70.334
3746,332,52.435
3746,7913,30.081
3746,8077,52.003
3747,3748,52.416
3748,336,7.060
3748,346,29.856
3748,3747,52.416
3749,340,25.457
3749,12323,56.386
3750,4484,91.638
3751,442,62.547
3751,458,64.861
3751,2487,81.714
3751,8408,55.461
3752,14650,44.525
3753,8331,43.447
3754,4223,115.303
3755,7964,55.724
3755,7968,56.952
3755,7969,32.635
3756,7961,25.953
3756,7962,24.268
3757,4953,60.037
3757,13764,89.946
3757,13816,10.179
3758,4953,10.767
3758,13816,59.211
3759,3760,8.397
3759,4952,52.152
3759,4953,126.568
3760,3759,8.397
3760,13822,85.119
3761,2056,81.247
3761,2059,138.560
3761,9150,29.224
3762,5849,140.448
3762,8716,48.874
3763,5856,22.949
3764,3765,127.188
3765,940,11.467
3765,3764,127.188
3765,4592,206.040
3766,941,43.337
3766,943,35.440
3766,9243,29.020
3767,941,27.441
3767,3768,41.729
3767,3769,22.916
3768,3767,41.729
3768,3770,39.154
3768,3771,22.004
3769,951,26.170
3769,3767,22.916
3769,3771,41.654
3770,943,34.337
3770,3768,39.154
3770,3772,21.373
3771,3768,22.004
3771,3769,41.654
3771,3772,41.654
3771,3773,26.657
3772,3770,21.373
3772,3771,41.654
3772,3776,28.025
3773,951,41.589
3773,3771,26.657
3773,3776,44.476
3773,9246,20.348
3774,950,55.864
3774,3777,23.491
3774,3783,38.873
3775,3780,22.672
3775,9245,34.327
3775,15558,21.730
3776,3772,28.025
3776,3773,44.476
3776,3782,24.241
3777,3774,23.491
3777,3781,24.998
3777,3786,39.171
3778,3782,37.655
3779,967,173.107
3779,3797,135.362
3780,960,15.191
3780,3775,22.672
3780,3785,41.254
3781,3777,24.998
3781,3784,24.861
3781,3789,39.064
3782,3776,24.241
3782,3778,37.655
3782,3788,25.830
3783,3774,38.873
3783,3786,24.286
3783,3791,46.340
3784,968,93.534
3784,3781,24.861
3784,3792,39.477
3785,3780,41.254
3785,3788,50.025
3785,3790,27.407
3785,9244,16.610
3786,3777,39.171
3786,3783,24.286
3786,3789,25.178
3786,3793,45.141
3787,960,21.792
3787,978,44.864
3787,3790,40.950
3788,3782,25.830
3788,3785,50.025
3788,8826,24.008
3789,3781,39.064
3789,3786,25.178
3789,3792,23.753
3789,3795,45.597
3790,3785,27.407
3790,3787,40.950
3790,3794,32.679
3791,971,26.615
3791,3783,46.340
3791,3793,23.471
3792,3784,39.477
3792,3789,23.753
3792,3796,44.380
3793,3786,45.141
3793,3791,23.471
3793,3795,26.182
3794,968,61.017
3794,978,44.044
3794,3790,32.679
3795,3789,45.597
3795,3793,26.182
3795,3796,22.322
3796,3792,44.380
3796,3795,22.322
3796,9821,40.828
3797,3779,135.362
3798,983,23.370
3798,990,62.357
3798,3800,173.813
3799,1008,44.495
3799,3804,157.475
3799,8824,19.826
3800,1008,46.167
3800,3798,173.813
3800,7103,40.049
3801,4201,89.334
3802,4201,8.218
3802,8122,65.873
3803,3135,114.057
3803,3805,36.172
3803,12873,171.143
3804,1022,60.559
3804,1026,43.595
3804,3799,157.475
3805,3803,36.172
3806,12995,15.783
3806,12996,10.432
3806,12999,142.437
3807,12992,74.493
3807,12999,59.121
3807,13001,107.998
3808,2612,54.707
3808,6002,29.372
3809,2681,135.744
3809,3380,50.769
3810,5616,99.318
3811,389,77.341
3811,435,55.564
3812,558,146.717
3812,591,180.511
3813,703,29.136
3813,2724,9.933
3813,2728,69.942
3814,2415,73.254
3814,2418,24.099
3814,3446,90.487
3815,1004,9.256
3815,5151,50.960
3816,3242,107.436
3816,7174,14.151
3817,3818,114.204
3817,3820,708.565
3817,4719,93.806
3817,4720,45.155
3818,3817,114.204
3819,4719,821.558
3820,3817,708.565
3821,2669,53.438
3821,2670,51.148
3821,8345,79.626
3822,402,144.725
3822,5650,7.185
3823,3826,99.323
3823,8343,77.820
3823,8547,40.343
3824,3825,32.377
3824,4758,169.775
3824,13831,46.157
3825,3824,32.377
3825,3826,43.872
3825,3828,128.350
3826,3823,99.323
3826,3825,43.872
3826,3827,46.816
3827,3826,46.816
3827,7914,50.159
3827,13777,27.442
3828,3825,128.350
3829,4758,107.134
3829,6455,9.792
3830,1249,148.778
3830,2893,32.054
3830,7980,29.832
3831,8100,79.127
3831,15191,25.037
3832,11615,6.692
3832,11618,8.870
3832,11619,7.927
3833,5099,71.145
3833,5663,239.295
3834,8740,13.720
3834,8755,50.025
3835,3836,286.762
3835,4772,68.387
3835,4773,192.280
3836,3835,286.762
3836,7884,157.398
3836,8740,288.364
3837,11779,23.183
3837,11796,24.460
3837,11798,45.431
3838,11779,24.677
3838,11780,32.781
3838,11783,26.021
3839,6360,70.150
3839,11775,35.720
3839,11776,34.068
3840,6353,24.454
3840,6358,58.294
3840,6359,6.175
3840,6373,21.334
3841,3846,45.893
3841,6370,16.760
3841,11783,81.384
3842,3850,160.325
3843,3850,98.649
3843,4556,489.063
3843,9054,22.267
3844,3847,43.672
3844,6359,46.118
3844,6374,23.488
3844,11791,16.209
3845,4497,140.634
3845,6347,41.193
3845,11800,24.451
3846,3841,45.893
3846,3848,43.671
3846,6371,16.812
3847,3844,43.672
3847,3851,48.510
3847,6375,22.807
3847,11791,51.479
3848,3049,46.926
3848,3846,43.671
3848,6372,15.980
3849,4556,17.483
3849,8553,52.199
3849,11726,233.183
3850,2537,153.366
3850,3842,160.325
3850,3843,98.649
3851,3847,48.510
3851,3853,23.354
3851,6376,22.038
3852,3855,40.824
3852,9170,39.460
3852,11811,34.324
3853,3851,23.354
3853,9822,86.206
3853,11788,18.490
3854,9170,21.109
3855,3852,40.824
3855,3856,41.653
3855,9171,40.494
3856,3855,41.653
3856,4497,58.745
3856,9169,41.647
3856,11810,42.787
3857,7886,14.115
3857,11788,46.147
3857,11793,27.330
3857,11795,32.892
3858,4498,45.846
3858,5706,37.793
3858,11795,56.156
3859,11805,84.812
3859,11812,24.103
3859,11813,65.742
3859,11814,14.019
3860,3861,107.933
3861,3860,107.933
3861,4370,59.642
3862,1415,38.423
3862,10738,52.314
3862,10739,72.216
3862,10741,81.019
3863,1415,39.747
3863,1420,30.556
3863,10750,66.766
3864,8645,46.247
3864,11801,37.023
3864,11802,45.307
3864,11807,38.649
3865,8362,19.023
3865,10751,1.905
3865,10758,28.961
3866,3867,39.283
3866,7525,19.961
3866,10741,4.528
3867,3866,39.283
3867,10763,17.556
3867,10767,8.934
3868,10736,23.378
3868,10738,33.697
3868,10769,6.701
3869,3870,16.495
3869,10689,23.153
3870,3869,16.495
3870,5397,87.227
3871,14786,8.117
3871,14793,7.996
3871,14795,40.768
3872,3014,152.826
3873,3204,206.107
3874,3876,86.138
3874,6251,11.379
3875,3876,51.648
3875,3877,62.403
3875,6251,130.760
3876,3874,86.138
3876,3875,51.648
3876,3878,63.950
3877,3875,62.403
3877,3878,51.309
3877,3880,89.608
3878,3876,63.950
3878,3877,51.309
3878,3879,53.353
3879,3878,53.353
3879,6248,70.512
3879,9372,12.194
3880,3012,96.816
3880,3877,89.608
3880,4877,168.763
3880,9380,57.607
3881,3882,31.841
3881,7246,101.787
3881,9305,8.451
3882,3881,31.841
3882,3883,75.522
3882,3884,40.161
3883,3882,75.522
3883,3885,40.187
3883,7808,26.037
3884,3882,40.161
3884,3885,75.102
3884,3887,43.700
3885,3883,40.187
3885,3884,75.102
3885,3888,43.923
3886,3887,152.890
3886,3889,41.629
3886,5456,114.550
3887,3884,43.700
3887,3886,152.890
3887,3888,74.900
3887,3890,39.599
3888,3885,43.923
3888,3887,74.900
3888,3892,43.499
3889,3886,41.629
3889,3890,149.662
3889,3894,41.502
3890,3887,39.599
3890,3889,149.662
3890,3891,4.009
3891,3890,4.009
3891,3892,75.630
3891,3895,38.549
3892,3888,43.499
3892,3891,75.630
3892,3897,42.884
3893,5581,34.504
3894,3889,41.502
3894,3895,150.853
3894,3898,51.157
3895,3891,38.549
3895,3894,150.853
3895,3896,4.570
3896,3895,4.570
3896,3897,75.412
3896,3899,48.224
3897,3892,42.884
3897,3896,75.412
3897,7809,43.817
3898,3894,51.157
3898,3899,151.762
3898,7014,109.430
3899,3896,48.224
3899,3898,151.762
3899,6240,26.714
3900,6252,115.441
3900,6253,28.921
3900,9435,36.779
3901,1619,93.533
3901,6174,15.715
3902,3906,17.003
3903,5102,90.223
3903,6252,62.000
3903,8504,114.775
3904,4978,58.917
3904,11685,29.370
3905,1660,185.772
3905,5101,19.809
3906,3902,17.003
3906,3907,63.549
3906,11685,23.383
3907,3906,63.549
3907,3910,86.654
3907,5528,249.131
3908,3910,118.648
3908,4978,29.738
3909,3911,240.885
3910,3907,86.654
3910,3908,118.648
3910,6155,71.289
3911,6146,183.852
3911,6155,7.394
3912,1672,14.911
3912,3915,125.805
3913,1661,107.641
3913,3922,170.709
3913,9306,44.145
3914,5422,26.057
3915,3913,62.037
3915,3926,164.840
3916,1652,133.159
3916,1671,104.680
3917,3920,25.051
3917,5704,62.142
3917,14630,42.366
3918,5704,12.101
3919,3916,37.694
3919,7119,75.764
3920,3917,25.051
3920,4432,82.534
3920,14629,118.672
3921,1675,41.941
3922,3913,170.709
3922,3926,75.605
3922,14440,67.415
3923,6907,97.125
3923,7845,14.011
3924,3923,64.751
3924,5702,3.781
3924,7844,14.906
3925,3928,15.136
3925,4314,38.398
3926,3922,75.605
3926,14547,31.701
3927,3928,108.166
3927,8640,19.699
3928,3925,15.136
3928,3932,133.898
3928,4424,83.779
3929,5758,12.509
3929,14418,66.834
3930,3932,108.043
3930,8007,79.321
3930,8012,43.519
3930,8019,80.713
3931,3935,149.020
3931,6178,116.783
3931,8007,11.169
3932,3928,133.898
3932,3930,108.043
3932,3934,125.215
3932,9100,63.865
3933,3934,107.942
3933,3935,123.823
3933,3937,87.037
3933,8012,81.586
3934,3932,125.215
3934,3933,107.942
3934,3938,71.791
3934,4865,66.053
3935,3931,149.020
3935,3933,123.823
3935,3937,192.934
3936,8983,100.691
3936,8987,6.909
3936,14460,76.052
3937,3933,87.037
3937,3935,192.934
3937,3938,118.765
3937,3940,50.990
3938,3934,71.791
3938,3937,118.765
3939,4449,12.509
3939,5697,287.887
3940,3937,50.990
3941,1715,102.731
3941,6018,49.280
3941,6629,98.853
3942,6018,59.999
3943,3944,41.342
3943,5666,392.124
3943,7952,79.030
3944,3943,41.342
3944,4943,122.232
3945,3948,100.048
3945,5606,42.436
3945,6237,37.384
3946,5666,96.947
3947,2556,202.195
3947,3944,99.885
3947,3959,221.096
3948,3945,100.048
3948,4943,24.548
3948,9124,4.007
3949,13487,28.031
3949,13500,5.150
3949,13502,11.880
3950,3951,19.606
3950,13489,8.935
3950,13497,17.902
3951,3950,19.606
3951,3953,8.936
3951,13496,15.585
3952,1721,242.708
3952,7810,12.508
3953,3951,8.936
3953,3954,14.575
3953,7810,18.291
3954,3953,14.575
3954,3955,20.023
3954,13485,17.162
3955,3954,20.023
3955,3957,14.547
3955,4686,31.225
3956,3958,38.156
3956,5810,44.716
3956,9180,21.798
3957,3955,14.547
3957,13484,19.473
3957,13490,20.759
3958,3956,38.156
3958,9179,20.798
3958,13490,29.553
3959,3947,221.096
3959,4857,68.535
3959,9223,1.681
3960,3962,68.045
3960,6184,93.112
3960,15569,142.666
3961,3964,80.469
3961,14402,73.527
3961,14404,46.751
3962,2558,52.065
3962,3960,68.045
3962,3963,80.539
3963,3962,80.539
3963,5598,136.831
3963,7833,11.499
3964,3961,80.469
3964,7053,41.894
3964,8519,64.231
3965,2558,57.063
3965,6167,151.474
3965,9260,39.268
3966,5598,100.606
3966,7832,77.460
3966,14415,77.110
3967,5598,28.718
3968,3970,87.295
3968,9962,33.271
3969,2558,104.784
3970,1754,54.638
3970,1757,43.727
3970,3971,44.968
3971,3970,44.968
3971,3973,47.770
3971,6626,41.876
3972,2404,161.495
3973,3971,47.770
3973,5392,73.772
3973,9969,41.319
3974,1766,9.464
3974,3977,76.917
3974,4679,18.619
3975,1766,30.775
3975,3976,38.298
3975,3977,37.731
3976,3975,38.298
3976,9923,26.634
3976,9926,7.207
3977,3974,76.917
3977,3975,37.731
3977,3978,13.230
3978,3977,13.230
3978,3979,36.100
3978,6020,38.925
3979,3294,22.233
3979,3978,36.100
3979,9923,24.994
3980,3294,78.194
3980,3303,110.797
3980,3305,32.888
3981,10269,6.712
3981,10791,23.372
3982,5876,59.276
3982,12259,68.322
3983,5874,80.844
3984,1951,94.443
3984,3236,11.400
3984,6956,70.482
3985,6987,91.283
3985,12263,13.101
3986,4637,62.528
3986,5478,57.905
3987,4637,169.694
3987,7181,113.316
3988,1905,62.313
3988,6954,10.726
3989,1906,94.618
3989,2114,106.318
3989,3990,138.430
3990,1905,84.209
3990,3989,138.430
3990,12265,48.705
3991,3122,127.766
3991,3992,33.851
3992,3991,33.851
3993,3996,73.061
3994,225,31.120
3994,1998,159.510
3995,226,75.234
3995,5983,62.229
3996,2518,70.219
3996,2519,63.950
3996,3993,73.061
3997,2519,78.907
3997,3998,67.215
3997,5982,44.026
3998,3724,44.112
3998,3997,67.215
3999,3725,89.761
3999,3728,63.615
4000,9394,100.176
4001,4003,135.723
4001,7925,16.846
4001,7926,50.224
4002,3729,185.439
4002,6819,40.909
4003,273,36.163
4003,4001,135.723
4004,11389,110.539
4006,4007,60.712
4007,4006,60.712
4007,4008,49.479
4007,8509,22.067
4008,3128,34.279
4008,4007,49.479
4008,4013,130.814
4009,8509,22.706
4010,4011,127.808
4010,4013,146.866
4010,4716,166.591
4010,5930,62.011
4011,4010,127.808
4011,4014,57.504
4011,4024,318.301
4012,4015,66.426
4013,4008,130.814
4013,4010,146.866
4013,4016,60.318
4013,4018,131.172
4014,4011,57.504
4014,4017,55.905
4014,5930,94.966
4015,4012,66.426
4015,4018,191.069
4015,4028,277.269
4016,4013,60.318
4016,4019,54.701
4016,4021,95.478
4016,5930,111.349
4017,4014,55.905
4017,4019,154.275
4017,4023,69.469
4018,4013,131.172
4018,4015,191.069
4018,4021,66.092
4018,4028,106.103
4019,4016,54.701
4019,4017,154.275
4019,4025,69.693
4019,4027,125.114
4020,8686,14.486
4021,4016,95.478
4021,4018,66.092
4021,4029,84.616
4022,3054,279.659
4022,4199,301.589
4023,3129,71.642
4023,4017,69.469
4023,4025,73.826
4024,4011,318.301
4024,8685,20.500
4024,12414,9.878
4025,4019,69.693
4025,4023,73.826
4025,4026,62.041
4026,3129,77.399
4026,4025,62.041
4026,4027,71.041
4027,4019,125.114
4027,4026,71.041
4027,4029,55.769
4028,4015,277.269
4028,4018,106.103
4028,4029,64.160
4028,4032,120.549
4029,4021,84.616
4029,4027,55.769
4029,4028,64.160
4029,6843,116.790
4030,4033,73.779
4031,8668,92.380
4032,4028,120.549
4033,4030,73.779
4033,4034,39.565
4033,8657,54.082
4034,4033,39.565
4034,6011,37.030
4035,4037,83.143
4035,8633,110.399
4036,4712,7.056
4036,8659,9.454
4037,4035,83.143
4037,5657,28.242
4037,8633,94.320
4038,5657,111.732
4038,8633,42.858
4039,4038,81.948
4039,4709,177.695
4039,5671,14.568
4040,1791,101.648
4040,4714,73.711
4041,4046,183.707
4042,4045,141.964
4043,5108,158.699
4043,7167,14.468
4044,3062,108.742
4044,4047,95.951
4044,6440,106.700
4045,4042,141.964
4046,1798,50.422
4046,4041,183.707
4046,12449,7.815
4047,4044,95.951
4047,4049,171.116
4047,4051,208.092
4048,6965,22.468
4049,3062,371.459
4049,4047,171.116
4049,4050,11.996
4050,4049,11.996
4050,4051,59.101
4050,4052,136.197
4051,3240,78.514
4051,4047,208.092
4051,4050,59.101
4051,4052,80.180
4052,4050,136.197
4052,4051,80.180
4053,4055,105.549
4053,4056,206.248
4053,5470,49.283
4054,11960,85.357
4055,4053,105.549
4056,4053,206.248
4057,7654,71.554
4058,4528,576.560
4059,8849,39.631
4060,2447,18.350
4060,4061,13.889
4061,1775,55.601
4061,2451,84.388
4062,1782,22.348
4063,9393,35.230
4064,1785,61.019
4065,1785,58.329
4066,3159,206.298
4066,4068,29.394
4067,1819,585.415
4068,4066,29.394
4068,4070,116.024
4069,6864,303.284
4070,4068,116.024
4070,7363,71.403
4070,7831,12.583
4071,1790,30.846
4071,4069,149.320
4072,2849,19.360
4073,4072,21.007
4073,7144,86.318
4074,4072,73.562
4074,4641,19.316
4075,4065,598.093
4076,9110,2236.471
4077,2499,20.607
4078,3379,42.394
4079,3411,18.846
4079,4078,38.025
4080,228,12.879
4080,3809,20.094
4081,4083,20.986
4082,7299,283.208
4082,9111,123.069
4083,2491,24.569
4084,2495,11.699
4085,4084,15.668
4085,9457,22.359
4086,4790,120.940
4086,9116,31.498
4087,2150,227.196
4087,7430,235.165
4088,7500,141.390
4089,3708,25.267
4089,4512,26.525
4090,1051,77.638
4090,5087,22.019
4091,3273,15.462
4092,4093,77.025
4092,12579,117.641
4093,1169,8.406
4093,12584,51.812
4094,5088,2354.098
4095,1202,21.009
4095,4094,18.422
4096,2771,176.301
4097,9115,12.201
4098,3831,64.154
4098,4100,17.165
4099,4097,15.237
4100,4102,382.793
4101,4099,379.799
4102,4107,73.586
4103,11644,27.369
4103,11645,22.716
4104,1297,22.498
4105,7371,202.531
4105,11647,78.968
4106,4101,74.671
4107,4110,422.222
4108,1314,8.634
4108,2834,25.347
4108,9514,22.248
4109,4106,418.718
4110,4112,21.576
4111,2832,83.412
4111,4109,13.091
4112,1331,118.655
4113,2842,44.978
4114,2836,897.372
4115,3196,106.875
4116,4115,5.840
4117,2820,1134.049
4117,4116,75.573
4118,1593,32.013
4118,3206,124.530
4119,4117,277.075
4120,4122,21.551
4121,4119,20.996
4122,2845,32.544
4122,4126,183.244
4123,14570,28.702
4124,4126,21.550
4124,15397,23.956
4125,4121,183.685
4125,4123,21.031
4126,2822,575.881
4127,1138,89.703
4127,5262,37.423
4128,5262,9.158
4128,12736,48.120
4129,1140,75.660
4129,12797,21.561
4129,12802,5.450
4130,1747,73.560
4130,1751,57.459
4131,4520,4.685
4132,2904,14.881
4132,5398,263.686
4133,4132,13.138
4133,9849,36.599
4134,1577,69.642
4134,11215,9.012
4134,11216,23.769
4134,11768,192.093
4135,6628,168.925
4136,4135,88.883
4137,7564,237.317
4138,1443,7.053
4139,1452,121.611
4139,4140,16.240
4140,4236,8.180
4141,1148,39.961
4141,2019,46.265
4142,4143,47.179
4142,4145,40.921
4143,9310,82.431
4144,14186,81.816
4145,4143,43.913
4145,4146,10.870
4146,4148,9.685
4146,9463,591.765
4147,4144,37.556
4147,4145,11.363
4148,2694,10.421
4148,4147,11.697
4149,4147,62.520
4149,14338,8.094
4150,2030,12.238
4150,3190,20.572
4151,3284,4.860
4152,2152,26.271
4153,4170,89.669
4153,10000,141.676
4154,2778,58.831
4154,2928,106.094
4155,4433,29.377
4156,4157,56.036
4156,4171,23.862
4156,4433,119.665
4157,4156,56.036
4157,4187,5.598
4157,13426,39.210
4158,2957,12.374
4158,4189,32.658
4158,13361,104.634
4159,9510,24.241
4159,13399,25.521
4159,13400,4.813
4160,2968,68.316
4160,13398,40.101
4161,2929,118.099
4161,4172,26.665
4161,13590,24.479
4162,2776,55.585
4162,2777,113.763
4162,7932,90.517
4163,4164,87.717
4163,6554,72.734
4163,8621,46.323
4163,14161,38.309
4164,4163,87.717
4164,4976,50.077
4164,13609,44.872
4164,13610,37.975
4165,4433,39.723
4166,4167,29.433
4166,4247,64.487
4166,6824,9.526
4167,1767,112.985
4167,2946,347.071
4167,4166,29.433
4168,2922,6.324
4168,13329,66.836
4168,13355,24.990
4169,6552,8.650
4169,13330,76.573
4170,2777,58.663
4170,4153,89.669
4170,13352,97.010
4171,4156,23.862
4172,2931,109.282
4172,4161,26.665
4172,7932,183.012
4173,2964,133.360
4173,2971,33.517
4173,13159,75.942
4174,13261,8.516
4174,13273,16.965
4174,13380,50.215
4175,2973,34.025
4175,4273,7.029
4176,9897,6.370
4176,9915,23.599
4177,3005,82.152
4177,4181,138.159
4177,8555,22.029
4178,5888,16.545
4178,13443,27.018
4178,13445,10.872
4179,8937,43.151
4179,13442,58.741
4179,13445,20.458
4180,13317,18.034
4180,13318,21.801
4180,13320,17.318
4181,2965,85.908
4181,4177,138.159
4181,13442,135.257
4182,2777,145.266
4182,13311,10.207
4182,13366,22.128
4183,4184,18.725
4184,3007,17.875
4184,4183,18.725
4184,13405,33.510
4185,2164,10.406
4185,2965,57.191
4185,4186,99.552
4186,4185,99.552
4187,1748,56.862
4187,4157,5.598
4188,13283,5.986
4188,13285,12.053
4189,3007,28.428
4189,4158,32.658
4189,13402,50.046
4190,13417,51.582
4190,13418,24.768
4190,13421,13.787
4191,7939,159.357
4191,13423,12.708
4192,2934,77.962
4193,4194,42.651
4193,14154,8.509
4194,1762,79.046
4194,8557,43.713
4195,4992,58.792
4196,5605,42.224
4196,6259,24.716
4196,11722,37.626
4197,6256,144.450
4197,11722,77.498
4198,5344,28.131
4199,4022,301.589
4200,29,55.638
4201,3801,89.334
4201,3802,8.218
4201,14024,63.389
4202,280,99.687
4202,4203,42.988
4203,376,151.526
4203,7765,86.929
4204,1763,11.547
4205,4206,11.354
4205,4288,211.085
4206,4204,11.713
4207,3987,10.764
4207,15492,141.952
4208,4325,887.433
4209,1406,198.669
4210,7843,64.767
4210,8430,52.072
4211,4264,15.050
4211,9539,17.982
4211,9670,27.488
4212,4960,580.501
4212,7572,193.557
4213,2212,10.370
4213,5307,8.329
4214,482,154.273
4214,4215,9.557
4215,4216,62.679
4215,6434,13.535
4216,4218,39.349
4217,444,11.634
4217,5648,11.039
4217,8341,303.237
4218,4219,52.098
4219,4220,31.981
4220,6432,9.674
4220,6433,27.895
4221,482,8.770
4221,488,30.932
4221,4215,159.742
4222,7589,9.314
4222,7744,8.541
4223,569,45.964
4223,3440,38.644
4223,3754,115.303
4224,3441,20.660
4225,15086,76.597
4225,15093,10.722
4225,15094,87.361
4226,4227,12.473
4226,5696,110.587
4227,4226,12.473
4227,5757,236.099
4227,14402,101.585
4228,6167,9.879
4228,8519,28.427
4229,749,186.362
4229,787,147.846
4229,832,280.631
4230,8396,57.970
4230,9060,94.626
4231,5278,18.088
4231,15593,11.485
4232,7248,4.390
4232,10283,39.418
4232,15412,13.108
4232,15413,8.708
4233,1386,12.790
4233,4234,26.125
4234,9089,17.578
4234,9090,17.973
4235,1431,11.741
4235,6102,35.783
4236,2908,158.719
4236,7523,96.443
4237,1466,7.514
4237,6110,101.197
4238,5777,44.614
4238,8272,130.454
4239,6416,215.134
4240,4239,51.082
4241,4240,188.434
4241,7120,215.141
4242,3165,39.286
4243,1864,29.008
4243,4242,41.237
4244,6896,59.375
4245,4743,26.518
4245,5266,199.001
4246,4774,153.729
4247,4166,64.487
4248,4249,68.643
4248,6608,25.292
4248,6610,24.646
4249,2598,8.941
4249,4248,68.643
4249,6036,104.782
4250,6608,24.071
4250,13544,67.807
4250,13545,19.701
4251,1307,34.174
4251,13047,20.538
4252,1311,14.852
4253,1317,9.834
4253,5275,31.147
4254,4253,229.860
4255,4253,26.201
4255,4256,11.580
4256,1327,221.044
4256,4255,11.580
4257,1327,11.517
4257,4255,214.102
4257,5415,22.476
4258,4257,228.525
4259,5278,13.597
4259,5513,35.386
4259,6115,25.185
4260,1569,214.383
4260,6131,4.423
4260,7987,73.678
4261,1382,104.970
4261,11566,154.300
4262,1368,79.125
4262,5694,65.184
4262,7084,76.332
4263,4887,122.663
4263,5956,77.050
4263,14950,21.796
4264,4211,15.050
4264,7530,18.999
4265,2409,178.921
4266,2148,157.134
4266,7313,21.453
4267,6689,127.166
4268,2037,22.634
4268,5894,11.933
4268,14248,304.467
4269,4270,58.148
4270,6163,8.000
4271,4272,1232.720
4271,5544,8.886
4273,4175,7.029
4273,4276,157.942
4273,5430,103.553
4274,4275,202.061
4274,12374,25.758
4275,4274,42.464
4276,4273,157.942
4276,13640,147.448
4277,4699,189.585
4278,13649,24.256
4279,6197,4.985
4279,13676,2.544
4280,4434,50.697
4280,13644,15.130
4280,13680,20.074
4281,3164,44.059
4281,4282,74.184
4281,7905,7.137
4281,13688,33.875
4282,4281,74.184
4283,3164,188.054
4283,4699,60.812
4283,5506,8.122
4284,5796,5.764
4284,9600,155.442
4285,9600,42.103
4285,9905,2.378
4286,5025,9.564
4286,5373,39.314
4286,7235,9.838
4287,7235,486.456
4288,5512,30.666
4288,6201,55.047
4289,4283,175.722
4289,6201,289.690
4290,4291,282.917
4290,5091,64.230
4291,4290,282.917
4291,6196,28.878
4292,6196,49.509
4293,2281,26.806
4294,1350,107.644
4294,4295,139.691
4294,10503,61.746
4295,4294,139.691
4295,6055,101.977
4295,10508,21.142
4296,7196,75.586
4297,8316,61.938
4297,15594,31.462
4298,2546,119.281
4298,5729,25.572
4298,7243,122.939
4299,6276,17.397
4299,14653,45.412
4299,14656,23.453
4300,3126,68.683
4300,8675,330.775
4301,5720,9.802
4301,5723,40.684
4301,6306,44.702
4302,1846,119.574
4303,6277,14.734
4303,6317,28.131
4303,14653,75.965
4304,1848,38.945
4304,4307,224.120
4304,8609,64.913
4305,5683,41.057
4305,8503,31.325
4305,14603,50.376
4306,4302,54.317
4307,4338,68.723
4308,4309,78.414
4309,4308,78.414
4309,5737,24.800
4309,6280,111.035
4310,4306,94.767
4311,4445,51.461
4311,9099,48.663
4312,5948,721.632
4312,6377,419.054
4312,6702,496.385
4313,4993,13.428
4313,6269,735.064
4314,3924,96.422
4314,4993,15.270
4315,1706,56.540
4315,1709,47.953
4315,2829,58.810
4316,12631,511.260
4317,4463,64.355
4317,6661,22.179
4318,6576,79.939
4319,4962,119.194
4320,4962,135.104
4320,6989,102.190
4321,5343,47.343
4321,6159,5.194
4321,6833,115.204
4322,6217,37.359
4323,7571,116.864
4324,6713,203.147
4325,4327,39.907
4326,4324,40.493
4327,4328,1102.943
4328,4331,102.622
4329,4326,1104.848
4330,4329,105.798
4331,8843,1929.930
4332,7078,754.503
4332,8842,515.629
4333,5253,1884.208
4334,4333,95.331
4334,4465,94.115
4335,9792,8.604
4336,4334,534.896
4337,4336,68.589
4338,3127,920.855
4339,4337,648.323
4340,8837,29.211
4341,3233,22.227
4341,7561,20.701
4342,1877,56.452
4342,1915,22.995
4343,4342,43.570
4343,10108,107.943
4344,5916,20.201
4344,10109,27.719
4345,1878,171.647
4345,10107,45.884
4346,1941,37.929
4346,4347,58.681
4346,6836,6.724
4347,4346,58.681
4347,4348,19.699
4347,9549,21.124
4348,4347,19.699
4349,2589,156.517
4349,9446,11.849
4350,2588,21.895
4350,5407,71.278
4351,4353,11.935
4351,6726,73.635
4352,6723,135.938
4353,4354,9.198
4354,2592,12.884
4354,5244,120.920
4355,4357,11.966
4355,4359,151.803
4356,1835,11.934
4356,6722,278.358
4357,4356,9.110
4357,4363,315.628
4358,5827,11.511
4358,15489,241.163
4360,5245,86.108
4361,4364,220.542
4361,6046,124.513
4362,4356,317.277
4365,13830,33.578
4365,13833,7.653
4366,3741,181.374
4366,4367,44.082
4367,248,212.615
4367,4366,44.082
4368,5255,19.462
4368,8845,208.040
4369,4368,14.367
4369,8646,283.503
4370,4495,185.340
4370,6330,89.563
4371,4458,9.675
4372,4374,10.056
4373,4371,9.619
4374,1546,37.689
4375,5242,743.989
4376,4377,36.287
4377,9594,135.231
4378,4379,43.412
4378,7852,18.597
4379,4378,43.412
4379,4380,90.554
4379,4386,115.622
4380,4379,90.554
4380,4381,253.515
4380,4382,55.319
4381,4380,253.515
4381,4390,60.118
4382,4380,55.319
4382,4383,74.413
4382,4388,66.003
4383,4382,74.413
4383,4387,138.751
4383,4391,53.933
4384,4386,59.192
4384,6006,112.236
4384,7850,10.691
4385,4582,89.172
4385,9596,11.697
4386,4379,115.622
4386,4384,59.192
4386,4414,313.317
4387,4383,138.751
4387,4389,63.296
4387,4393,51.961
4388,4382,66.003
4388,4392,42.484
4388,14385,91.699
4389,4381,55.302
4389,4387,63.296
4389,4390,8.139
4390,4389,8.139
4390,4397,106.464
4391,4383,53.933
4391,4393,139.002
4391,14385,8.487
4392,4388,42.484
4392,4394,102.775
4392,4396,57.887
4393,4387,51.961
4393,4391,139.002
4393,4395,56.340
4394,4392,102.775
4394,4395,141.875
4394,5770,52.236
4394,14385,47.345
4395,4393,56.340
4395,4394,141.875
4395,14386,14.243
4396,4392,57.887
4396,4399,58.114
4396,5770,114.554
4397,4398,8.097
4397,4404,109.026
4398,4389,108.245
4398,4397,8.097
4398,14387,26.095
4399,4396,58.114
4399,4401,123.158
4399,4403,58.453
4400,4410,100.831
4400,14383,10.717
4401,4399,123.158
4401,4402,82.442
4401,4406,58.897
4401,5770,55.686
4402,4401,82.442
4402,4407,59.283
4402,5925,35.324
4403,4399,58.453
4403,4406,127.763
4403,4408,50.829
4404,2533,138.172
4404,4405,7.989
4405,4398,108.801
4405,4404,7.989
4405,14388,31.730
4406,4401,58.897
4406,4403,127.763
4406,4407,83.475
4406,4413,50.667
4407,4402,59.283
4407,4406,83.475
4407,4415,50.503
4408,4403,50.829
4408,4413,129.663
4408,4416,45.930
4409,2528,15.832
4409,4385,307.656
4410,4414,100.572
4411,4409,17.202
4412,4411,16.266
4412,14395,520.941
4413,4406,50.667
4413,4408,129.663
4413,4415,84.404
4414,4386,313.317
4414,4416,69.460
4414,4417,18.931
4415,4407,50.503
4415,4413,84.404
4415,4419,43.622
4416,4408,45.930
4416,4418,16.429
4416,6009,28.018
4417,4412,131.095
4417,4414,18.931
4418,4416,16.429
4418,4417,69.469
4419,4415,43.622
4419,4420,171.440
4419,4421,14.985
4420,2533,7.989
4420,4405,138.172
4421,4419,14.985
4421,5236,172.073
4422,7585,44.568
4423,2554,13.148
4423,14424,118.151
4424,4425,12.403
4424,14416,16.458
4425,8011,15.458
4425,14392,21.352
4426,5458,107.863
4426,8604,74.764
4427,2527,12.960
4427,5756,116.453
4428,12053,97.733
4429,3075,15.996
4429,7124,443.571
4430,4506,178.660
4430,7059,312.091
4430,9794,63.331
4431,4141,19.330
4432,3920,82.534
4433,4155,29.377
4433,4156,119.665
4433,4165,39.723
4434,4280,50.697
4434,13643,63.082
4434,13681,9.110
4434,13682,10.705
4435,5918,127.030
4436,308,22.279
4436,2757,62.496
4436,4437,31.498
4437,318,33.617
4437,381,210.168
4437,2759,134.602
4437,4436,31.498
4438,4553,58.025
4439,4438,100.264
4440,4439,84.839
4441,4941,27.289
4441,8022,95.951
4442,1512,78.734
4442,1529,89.682
4442,1533,156.438
4442,14980,66.308
4443,2777,225.551
4444,321,19.605
4444,326,49.694
4444,358,54.107
4445,4311,51.461
4445,6279,118.924
4445,6305,42.906
4446,3287,31.476
4446,6193,137.656
4446,8496,48.902
4447,3015,171.233
4448,4911,40.258
4448,7101,73.421
4448,7241,14.154
4449,3939,12.509
4449,4973,33.582
4450,2285,170.577
4451,4450,93.031
4451,4452,14.215
4452,4372,126.239
4452,4453,24.064
4453,4451,26.743
4453,4455,89.932
4454,8846,18.493
4455,4456,5.730
4456,4459,60.832
4457,4454,49.578
4458,4453,97.757
4458,4455,64.604
4459,4462,107.206
4460,14800,97.039
4461,4460,27.956
4462,4464,26.685
4463,6967,74.296
4463,13702,201.569
4463,14801,46.012
4464,4335,184.134
4465,4317,171.337
4465,4461,146.881
4466,6783,83.412
4466,9329,54.982
4466,9333,66.076
4467,2534,273.813
4467,5951,115.139
4467,9598,106.661
4468,10871,20.320
4469,11958,28.963
4469,11959,2.754
4469,11960,36.695
4470,8600,6.152
4470,10037,4.094
4471,10036,80.443
4472,3276,69.560
4472,7251,8.624
4473,1174,19.465
4473,9190,41.644
4473,9192,6.787
4474,3675,107.662
4474,11305,101.684
4475,885,55.769
4475,5927,15.715
4476,9550,78.589
4477,249,86.266
4477,254,40.456
4477,268,41.710
4478,3184,60.973
4478,10372,56.760
4478,10374,8.087
4479,1434,11.532
4479,10640,6.013
4479,10642,6.726
4480,1450,33.292
4480,10872,11.632
4480,10893,9.006
4481,5531,39.454
4481,10895,10.615
4482,259,41.689
4482,2764,47.996
4482,4483,38.040
4483,2760,145.920
4483,2763,52.822
4483,4482,38.040
4484,3750,91.638
4484,6763,34.072
4484,6969,12.397
4485,765,32.495
4485,766,6.096
4485,806,114.742
4486,685,8.552
4486,7754,182.291
4486,13782,73.539
4487,3177,69.654
4487,5954,51.009
4487,8258,102.091
4488,3482,23.742
4489,714,19.591
4489,15456,29.571
4490,752,134.827
4490,755,31.351
4490,779,18.178
4491,1724,84.932
4491,1736,168.461
4492,4493,18.249
4493,4492,18.249
4493,8926,13.426
4494,1168,137.969
4494,12578,17.592
4495,4370,185.340
4495,14771,11.602
4496,2539,112.109
4496,14771,13.063
4496,14772,46.032
4497,3845,140.634
4497,3856,58.745
4497,11808,84.138
4498,3049,44.078
4498,3858,45.846
4498,11789,16.579
4499,6213,200.036
4500,7546,10.679
4501,4502,18.975
4502,6556,10.178
4503,9877,20.173
4504,1109,109.798
4504,5260,10.976
4505,7681,9.992
4505,15186,105.360
4506,4430,178.660
4507,9476,23.917
4508,3084,63.526
4509,3375,43.335
4510,157,41.867
4511,2225,132.084
4511,3675,17.606
4511,15479,213.789
4512,4088,472.191
4513,1031,69.217
4513,1047,46.248
4513,4768,180.984
4514,3306,33.045
4514,7847,90.148
4515,2290,379.574
4515,6339,23.653
4515,6341,14.830
4516,1700,121.653
4516,4697,36.941
4516,7254,65.028
4517,1698,109.786
4517,11053,47.689
4517,14134,34.358
4518,8028,19.323
4519,4131,5.939
4519,11079,26.589
4520,2909,5.604
4520,11076,19.419
4521,1011,11.671
4521,13934,27.264
4522,1058,64.223
4523,3087,100.833
4523,3089,71.466
4523,3345,211.809
4524,3422,15.820
4524,9692,91.057
4525,13538,2.609
4526,1869,99.343
4527,4529,40.588
4528,4526,51.966
4529,1872,140.017
4530,2191,12.149
4530,12176,10.027
4531,949,31.147
4531,6523,61.084
4531,9813,71.960
4532,870,57.209
4532,4533,69.788
4532,6790,83.426
4533,4532,69.788
4534,7210,138.241
4535,3710,48.618
4535,5312,31.472
4535,8180,22.913
4536,4537,79.231
4537,4536,79.231
4537,4539,90.512
4537,4540,114.113
4538,1085,107.719
4538,1088,150.156
4538,15064,21.390
4539,4537,90.512
4539,4540,106.418
4540,4537,114.113
4540,4539,106.418
4540,4542,127.514
4541,1098,153.182
4541,8197,36.210
4541,12941,139.925
4542,1081,306.181
4542,2289,28.850
4542,4540,127.514
4543,5835,75.363
4543,6869,92.244
4543,7984,9.576
4544,7806,177.613
4544,14828,4.474
4544,14836,51.259
4545,1328,42.387
4545,2701,66.124
4545,9755,112.274
4546,4795,38.920
4546,9157,11.562
4547,3179,43.183
4548,10309,14.159
4548,10310,12.197
4548,10336,11.324
4549,9608,20.285
4549,13057,7.667
4550,2682,29.140
4550,12921,60.855
4550,14092,46.856
4551,7056,6.434
4551,9352,51.552
4551,9677,12.438
4552,3523,182.176
4553,5200,204.964
4553,8294,140.733
4554,4556,241.687
4555,4557,126.952
4556,3843,489.063
4556,3849,17.483
4556,4554,241.687
4556,4557,127.976
4557,4555,126.952
4557,4556,127.976
4557,4558,111.233
4558,4557,111.233
4559,4560,225.236
4560,4562,26.663
4561,8725,168.837
4561,9200,12.797
4561,9437,150.881
4562,15,13.801
4562,4561,215.489
4563,2189,109.663
4563,2263,20.861
4564,4563,12.047
4564,14696,181.064
4565,45,22.466
4565,8608,3.741
4566,44,12.941
4566,3418,81.002
4567,3080,140.957
4568,2320,53.914
4568,15393,119.198
4569,6534,46.691
4569,6536,51.047
4569,7520,10.678
4571,2887,127.066
4571,4572,12.344
4572,6147,26.921
4573,7631,520.954
4574,2418,128.979
4574,2419,43.497
4574,2422,79.577
4575,4576,158.558
4576,3229,190.142
4576,4575,158.558
4576,5067,189.973
4576,5933,427.812
4577,1414,157.071
4577,4578,9.200
4578,2284,12.341
4578,4577,9.200
4578,5254,291.725
4579,1532,177.646
4579,1539,74.823
4579,6339,404.815
4580,4581,216.349
4580,5823,7.321
4580,14628,16.533
4581,3128,50.278
4581,4580,216.349
4582,9589,54.683
4583,7271,126.709
4584,9460,3.564
4585,1106,6.888
4585,1126,518.580
4586,6911,12.688
4586,13869,128.636
4587,2244,121.713
4588,7305,47.217
4588,7761,9.608
4589,8896,11.269
4589,12361,74.802
4589,14855,75.056
4590,6436,40.062
4590,9761,77.191
4591,894,9.960
4591,4590,84.246
4592,3765,206.040
4592,14757,83.194
4593,967,10.081
4593,9725,12.624
4593,9728,23.195
4594,989,88.570
4594,4595,13.457
4594,7594,178.011
4595,1017,180.334
4595,4594,13.457
4596,1012,82.891
4596,1017,10.664
4596,4594,181.551
4597,1036,86.593
4597,4596,143.868
4597,5773,8.673
4598,12992,37.859
4598,12993,6.701
4598,12994,9.517
4599,1046,9.320
4599,4598,41.852
4600,10096,7.961
4600,12628,80.906
4601,4602,80.124
4602,4601,80.124
4602,12613,85.946
4603,14731,143.163
4604,19,127.803
4604,6655,33.491
4605,3436,5.211
4605,9250,9.941
4606,65,136.879
4606,12186,3.143
4607,828,53.583
4607,2056,19.130
4607,13720,5.092
4608,4733,31.359
4609,904,31.671
4609,905,44.448
4610,7301,11.788
4610,7627,19.021
4611,4610,8.484
4611,7625,13.936
4612,4610,15.040
4612,4611,19.276
4613,906,57.184
4613,4611,20.493
4613,4615,14.724
4614,906,7.809
4614,7302,12.786
4615,904,25.452
4615,4613,14.724
4615,4617,41.767
4616,4614,15.314
4616,6865,6.834
4617,913,12.864
4618,13641,25.889
4619,13641,13.599
4619,13643,10.625
4619,13648,10.120
4620,9136,196.386
4621,4620,33.226
4622,1749,38.845
4622,4623,7.801
4623,5115,19.489
4624,4622,23.017
4624,14489,255.952
4625,4624,20.937
4626,1903,81.765
4627,2008,33.791
4627,9982,16.179
4628,1956,11.363
4628,4207,135.468
4629,2451,57.373
4629,4630,175.642
4630,4629,175.642
4630,4631,139.618
4630,9347,32.439
4631,4630,139.618
4631,9348,15.925
4631,9349,27.071
4632,4634,183.899
4633,3289,75.587
4633,4635,139.388
4633,8090,47.324
4634,3289,176.124
4634,4632,183.899
4634,6979,142.379
4635,4633,139.388
4636,6755,12.822
4636,6981,98.988
4637,3986,62.528
4637,3987,169.694
4637,6755,81.570
4638,6983,12.917
4638,7240,31.876
4639,1908,83.903
4639,7062,6.849
4640,3166,54.559
4640,6854,19.425
4641,4073,43.822
4642,4641,28.458
4643,1830,62.662
4644,4645,132.794
4645,4644,132.794
4645,6508,135.673
4645,13328,16.100
4646,5504,51.818
4646,6614,45.617
4646,13327,63.707
4647,6991,247.088
4647,8131,43.996
4648,23,19.843
4648,4649,23.145
4649,4200,55.398
4650,1873,24.173
4650,12299,12.567
4651,10152,18.475
4652,2171,275.220
4652,4653,103.638
4652,4654,26.044
4653,4652,103.638
4654,4652,26.044
4654,4655,122.100
4654,4656,83.882
4655,4654,122.100
4656,3038,119.802
4656,4654,83.882
4656,4657,95.394
4657,4656,95.394
4658,790,86.974
4658,8395,53.295
4658,8396,21.458
4659,4905,8.110
4659,12489,7.498
4660,4661,34.196
4660,6062,46.948
4660,6189,56.636
4661,4660,34.196
4661,6063,15.000
4662,3063,41.438
4662,3065,28.161
4663,3241,96.953
4663,5457,22.673
4664,3065,147.435
4664,8217,107.364
4664,11963,60.329
4665,895,14.387
4665,15550,75.145
4666,10217,11.424
4666,10432,8.863
4666,10436,17.612
4667,9889,33.328
4668,1893,63.326
4668,4669,46.427
4669,4668,46.427
4670,1895,67.341
4671,4062,183.252
4671,10039,55.320
4672,1972,47.492
4672,4832,71.841
4672,5940,31.498
4673,4674,23.908
4674,1928,85.055
4674,4673,23.908
4675,4676,68.655
4676,2323,48.558
4676,4675,68.655
4677,1758,100.006
4677,6624,37.474
4677,9144,35.126
4678,3304,100.262
4678,6624,33.458
4678,9143,35.125
4679,1765,31.251
4679,3974,18.619
4679,4680,158.481
4680,1758,30.007
4680,4679,158.481
4681,6021,55.986
4681,6626,39.761
4681,9969,67.404
4682,10005,18.871
4682,10007,3.363
4682,10024,17.894
4683,10010,21.095
4683,10011,49.795
4683,10015,15.055
4683,10016,20.868
4684,4685,37.271
4684,5487,24.282
4684,10011,49.051
4684,10013,40.285
4685,4684,37.271
4685,10018,16.041
4685,10019,24.394
4685,10026,6.536
4686,1743,6.342
4686,3955,31.225
4686,13482,9.676
4687,1705,37.590
4687,4688,29.192
4687,7085,73.859
4688,1707,34.689
4688,4687,29.192
4688,7094,23.610
4689,1707,83.734
4689,1712,44.873
4689,4690,118.932
4690,1694,45.256
4690,4689,118.932
4690,11008,43.574
4691,1696,80.763
4691,11009,4.096
4691,11049,4.548
4692,1700,16.511
4692,4693,68.473
4692,5295,85.178
4693,4692,68.473
4694,1718,81.197
4694,10915,33.948
4694,10918,19.131
4695,10915,10.311
4696,4697,32.702
4697,1712,37.249
4697,4516,36.941
4697,4696,32.702
4698,5056,96.342
4699,4277,189.585
4699,4283,60.812
4699,4700,30.757
4700,4699,30.757
4701,4704,94.225
4701,5526,114.519
4702,4704,21.379
4702,6195,72.043
4703,4704,80.539
4704,4701,94.225
4704,4702,21.379
4704,4703,80.539
4705,4708,24.898
4706,4708,58.929
4706,5426,46.412
4707,4708,88.333
4708,4705,24.898
4708,4706,58.929
4708,4707,88.333
4709,4039,177.695
4709,4710,27.094
4709,8664,41.707
4710,4709,27.094
4711,4712,31.647
4712,4036,7.056
4712,4711,31.647
4712,4713,178.912
4712,12417,16.812
4713,3129,127.125
4713,3130,81.336
4713,4712,178.912
4714,4040,73.711
4714,8599,43.300
4714,8668,36.156
4715,7164,29.377
4715,7165,34.126
4716,4010,166.591
4716,4580,206.654
4716,8511,12.698
4717,8471,27.873
4718,4901,98.028
4718,7172,121.101
4718,8471,96.087
4719,3817,93.806
4719,3819,821.558
4719,4720,118.235
4720,3817,45.155
4720,4719,118.235
4720,4721,121.561
4720,7174,55.098
4721,4720,121.561
4722,4723,86.791
4723,24,31.504
4723,4722,86.791
4723,9250,168.252
4724,4725,33.246
4724,13249,55.110
4725,3100,198.607
4726,12193,108.281
4727,2004,174.656
4727,2782,55.008
4727,2783,31.459
4728,216,93.883
4728,2353,18.336
4728,3107,20.655
4729,563,23.160
4729,2157,57.519
4730,5922,46.157
4730,9342,39.315
4731,6573,56.734
4731,13913,69.307
4732,13913,11.159
4732,13915,68.370
4732,13917,145.900
4733,4949,64.883
4733,9776,60.177
4734,4735,47.230
4734,8211,28.518
4734,9776,120.379
4735,4734,47.230
4736,4737,79.553
4736,8390,15.719
4736,14002,96.864
4737,4736,79.553
4738,2062,28.843
4738,4739,47.726
4738,9155,8.449
4739,2416,27.584
4739,2417,22.158
4739,4738,47.726
4740,4741,187.296
4741,1154,29.264
4741,3541,44.518
4741,4740,187.296
4742,2609,14.831
4742,7494,25.234
4743,2988,87.878
4743,4245,26.518
4743,5926,180.821
4744,12595,17.147
4745,12591,29.133
4745,12592,14.415
4745,12597,14.100
4746,4747,27.412
4746,5058,130.188
4746,11625,14.309
4747,4746,27.412
4747,11615,25.788
4747,11623,22.535
4748,11618,41.756
4748,15191,44.075
4748,15199,25.286
4749,15199,46.684
4750,4431,72.123
4750,9048,16.279
4751,4752,96.119
4751,4753,115.254
4752,4751,96.119
4752,9035,86.844
4753,3616,112.550
4753,3621,79.820
4754,2795,96.361
4754,9448,11.118
4755,7313,81.214
4756,2412,27.609
4757,3822,90.144
4757,5647,8.762
4758,3824,169.775
4758,3829,107.134
4758,6867,63.419
4759,4760,105.208
4760,4759,105.208
4760,4761,30.373
4760,14644,21.169
4761,3226,20.942
4761,4760,30.373
4761,7026,86.665
4762,319,86.598
4762,3225,27.653
4762,4763,96.492
4763,315,33.130
4763,3742,35.017
4763,4762,96.492
4764,7923,98.472
4765,4766,74.328
4766,2362,23.892
4766,4765,74.328
4766,6756,11.151
4767,3718,55.708
4768,2644,37.055
4768,4513,180.984
4768,4769,20.150
4769,1047,133.872
4769,4768,20.150
4769,6703,34.413
4770,5663,16.514
4770,8741,22.054
4770,8752,25.377
4771,4772,42.032
4771,5099,116.615
4771,5100,38.072
4772,3835,68.387
4772,4771,42.032
4772,5100,78.806
4773,3835,192.280
4773,5193,177.281
4773,5663,495.254
4774,4246,153.729
4774,9386,214.214
4775,1413,34.153
4775,4776,63.890
4776,1395,111.703
4776,4775,63.890
4776,4777,75.035
4777,4776,75.035
4777,4778,134.123
4777,4780,7.804
4778,1413,82.161
4778,4777,134.123
4778,8472,76.437
4779,1379,175.069
4779,1395,79.545
4779,4780,83.209
4779,8963,64.938
4780,4777,7.804
4780,4779,83.209
4780,4781,75.371
4781,4780,75.371
4781,4782,46.274
4782,4781,46.274
4783,4784,155.086
4784,2000,26.056
4784,3642,18.237
4784,4783,155.086
4785,2510,76.785
4786,4787,64.069
4787,2510,18.308
4787,4786,64.069
4788,2508,72.833
4789,4790,112.622
4790,3678,35.429
4790,4789,112.622
4791,6438,10.642
4791,7695,100.696
4792,889,83.363
4792,7695,10.860
4793,952,28.399
4793,4794,105.903
4794,4793,105.903
4795,7208,310.303
4795,9157,39.628
4796,4798,94.340
4796,14859,89.646
4796,14910,90.512
4797,6480,69.441
4797,8229,60.751
4798,3178,214.488
4798,4796,94.340
4798,14926,27.955
4798,14928,59.304
4799,4797,94.718
4799,14936,61.549
4800,3178,76.756
4800,3180,35.083
4800,14126,7.589
4800,15313,4.020
4801,8619,22.938
4801,14926,22.270
4801,14941,118.759
4802,6872,22.575
4803,4805,42.485
4803,14873,22.038
4803,14902,23.543
4804,5963,31.901
4804,5970,14.255
4804,14887,35.004
4805,4803,42.485
4805,4808,21.240
4805,9860,42.556
4805,14887,47.789
4806,4807,207.280
4807,4806,207.280
4807,14884,14.486
4807,14909,90.250
4808,4805,21.240
4808,14884,6.887
4808,14888,46.104
4809,14888,48.156
4809,14890,13.963
4809,14891,10.217
4810,4811,71.841
4810,5971,5.725
4810,10116,4.596
4811,4810,71.841
4812,4814,37.947
4812,5971,83.768
4812,6868,125.264
4813,4814,19.318
4813,5961,74.077
4813,14858,98.145
4814,4812,37.947
4814,4813,19.318
4814,14857,15.678
4815,4816,32.356
4815,5972,32.189
4815,8446,60.368
4816,4815,32.356
4817,4818,44.521
4817,4820,27.600
4817,14849,21.594
4818,3186,67.453
4818,4817,44.521
4818,5962,115.543
4819,4820,38.897
4820,4817,27.600
4820,4819,38.897
4820,5958,72.525
4821,3186,109.946
4821,4822,91.828
4821,14851,14.113
4822,4821,91.828
4823,4955,106.964
4823,9559,52.834
4824,10213,137.365
4824,13626,65.593
4824,15589,117.305
4825,10211,8.770
4825,10213,4.302
4826,10211,40.521
4827,1877,156.220
4828,1901,123.858
4828,15585,3.068
4829,9548,78.674
4829,10126,75.737
4829,15585,34.617
4830,8055,54.419
4830,10126,24.058
4830,13450,34.745
4831,1949,76.982
4831,1950,7.883
4831,6015,33.946
4832,4672,71.841
4832,4837,71.159
4832,6015,21.481
4833,1952,75.487
4833,4837,22.748
4833,5877,170.684
4834,1952,40.891
4834,3235,38.593
4834,4835,82.219
4835,4834,82.219
4836,1950,70.521
4836,1951,101.891
4836,4837,37.100
4837,4832,71.159
4837,4833,22.748
4837,4836,37.100
4838,4839,116.783
4838,4840,98.771
4838,5399,35.701
4839,4838,116.783
4840,4838,98.771
4840,9906,19.674
4840,9909,17.588
4840,9911,5.312
4841,3238,32.985
4841,4842,60.196
4842,4841,60.196
4842,6987,55.974
4843,4844,21.372
4844,3235,39.939
4844,4843,21.372
4844,4845,18.476
4844,10064,40.475
4845,4844,18.476
4846,4847,112.007
4847,1857,132.355
4847,4846,112.007
4848,2452,148.028
4848,4849,89.650
4849,4848,89.650
4850,3289,31.408
4851,4852,120.842
4851,7346,83.723
4851,7351,8.086
4852,4851,120.842
4853,1801,52.464
4853,6964,89.844
4853,6965,43.602
4854,6966,3.201
4854,12455,24.595
4855,12395,91.848
4856,3222,52.026
4856,4855,65.422
4857,3959,68.535
4857,4858,42.694
4857,14415,64.028
4858,4857,42.694
4858,4860,66.455
4858,7832,31.101
4859,4860,36.028
4859,4942,29.243
4859,9124,41.990
4860,4858,66.455
4860,4859,36.028
4860,4861,67.401
4860,9223,43.800
4861,4860,67.401
4861,6237,78.135
4861,7833,98.484
4862,2557,44.310
4862,4863,116.801
4862,4864,108.710
4863,4862,116.801
4864,4862,108.710
4865,3934,66.053
4866,3095,175.399
4867,4866,40.165
4867,14548,4.120
4868,2532,131.687
4868,4869,30.892
4869,2531,49.242
4869,4868,30.892
4870,2550,11.147
4870,5539,100.019
4871,1660,22.742
4871,5102,107.453
4871,6183,15.022
4872,4873,26.416
4872,6806,30.085
4872,14583,38.492
4873,4872,26.416
4874,4876,39.634
4875,5439,135.063
4876,4874,39.634
4876,5439,51.831
4876,6997,44.807
4877,3880,168.763
4877,14590,49.848
4877,14591,21.761
4878,6263,68.156
4879,292,7.062
4879,313,179.930
4879,12098,21.385
4880,12098,23.951
4881,3636,23.261
4881,4882,98.397
4882,8150,11.381
4883,2781,44.131
4883,4884,57.161
4884,2003,103.223
4884,2781,83.513
4884,4883,57.161
4885,3431,40.656
4886,9,107.567
4886,4885,47.248
4887,3182,47.492
4887,4263,122.663
4887,8258,5.314
4888,4890,60.305
4888,4891,30.579
4888,8269,41.679
4889,10333,68.963
4889,10334,19.278
4889,10335,36.286
4890,4888,60.305
4890,4891,33.175
4890,10336,59.645
4891,4888,30.579
4891,4890,33.175
4891,8270,40.084
4891,10336,27.869
4892,1554,213.307
4892,4893,117.004
4892,6081,39.320
4893,4892,117.004
4894,9679,95.099
4894,11071,17.137
4894,11074,17.694
4895,6494,70.859
4895,10810,33.506
4895,11074,99.093
4896,1627,60.383
4896,11014,57.847
4896,11016,9.328
4897,5006,54.935
4897,8494,5.640
4897,8906,53.459
4898,7147,31.829
4898,9962,28.482
4899,4900,90.338
4900,4899,90.338
4900,7650,66.977
4901,4718,98.028
4901,4902,58.431
4901,4903,72.403
4902,4901,58.431
4903,2977,810.433
4903,4901,72.403
4903,4904,40.918
4904,4903,40.918
4905,4659,8.110
4905,4906,16.027
4905,8506,38.197
4906,1800,117.532
4906,3308,255.371
4906,4905,16.027
4907,3287,115.884
4907,4908,44.430
4907,12489,52.934
4908,4907,44.430
4908,4909,53.334
4908,6190,91.313
4909,4908,53.334
4910,4940,171.520
4911,4448,40.258
4911,8991,79.223
4912,4911,34.599
4912,8993,26.835
4913,8991,28.109
4913,9272,5.126
4913,12485,21.786
4913,12486,28.409
4914,5031,76.973
4914,5118,19.522
4914,5895,80.209
4915,11603,49.362
4916,4917,19.650
4916,6784,167.527
4916,8166,10.300
4917,1193,133.956
4917,4916,19.650
4917,4918,26.928
4918,4917,26.928
4919,2875,140.093
4920,7437,44.722
4920,7439,85.432
4921,1118,43.062
4921,3253,98.848
4921,4922,229.744
4922,4921,229.744
4922,4924,41.609
4922,7873,64.662
4923,4924,58.251
4924,4922,41.609
4924,4923,58.251
4924,5086,81.367
4925,3701,17.791
4925,15054,109.670
4925,15055,11.233
4926,7860,105.945
4927,4928,41.398
4927,6802,30.808
4927,14981,39.845
4928,4927,41.398
4928,4929,29.155
4929,970,42.526
4929,4928,29.155
4929,7862,20.987
4930,977,153.445
4930,4931,68.783
4930,8567,27.432
4931,4930,68.783
4932,977,145.309
4932,4933,107.353
4932,6972,77.289
4933,4932,107.353
4934,4935,79.479
4935,3664,81.324
4935,3665,40.913
4935,3667,27.364
4935,4934,79.479
4936,3663,56.843
4936,3664,90.148
4936,8028,23.811
4937,9060,13.917
4937,9063,6.822
4938,3677,52.179
4938,5845,168.089
4938,8175,279.064
4939,3548,19.149
4939,12842,107.753
4939,14987,228.054
4940,3310,59.789
4940,4910,171.520
4940,8496,110.250
4941,4440,22.824
4941,8921,245.416
4942,4859,29.243
4942,4943,25.688
4942,9223,52.176
4943,3944,122.232
4943,3948,24.548
4943,4942,25.688
4944,5788,56.310
4944,7179,80.466
4945,1728,45.585
4946,738,53.221
4946,7729,7.828
4946,9534,188.563
4947,2061,9.412
4947,3758,137.816
4947,13987,220.187
4948,871,60.427
4948,4949,48.247
4948,14002,67.466
4949,4609,80.206
4949,4948,48.247
4950,871,104.296
4950,14064,65.559
4951,2058,7.811
4951,4950,96.914
4952,3759,52.152
4952,8370,8.825
4953,3758,10.767
4953,3759,126.568
4953,4952,87.983
4954,1911,76.543
4955,4823,106.964
4956,2296,9.842
4956,13954,75.223
4956,14707,45.588
4957,1894,119.220
4957,12307,26.356
4958,1938,209.514
4959,8607,31.009
4960,4212,580.501
4960,4961,748.273
4960,6504,147.061
4961,4960,748.273
4962,4319,119.194
4962,4320,135.104
4962,12008,66.159
4963,6185,5.558
4963,8426,64.834
4964,3045,11.782
4964,3046,9.854
4965,14408,16.696
4966,1872,205.389
4967,2026,129.146
4968,4967,20.248
4969,2027,151.271
4970,4972,77.402
4971,14421,58.603
4972,3939,33.694
4973,4971,77.621
4974,8280,48.133
4974,14175,24.748
4975,4976,25.447
4975,13592,30.273
4975,13610,54.349
4975,13611,69.097
4976,4164,50.077
4976,4975,25.447
4976,13593,13.720
4977,4978,39.349
4977,11686,87.865
4978,3904,58.917
4978,3908,29.738
4978,4977,39.349
4979,4980,24.505
4979,5386,109.885
4979,7426,99.360
4980,4979,24.505
4980,5488,27.536
4981,1728,23.924
4981,1733,83.465
4981,4982,30.074
4982,4981,30.074
4983,1876,59.703
4983,1946,21.546
4983,8459,32.162
4984,3477,73.224
4984,3489,50.854
4984,4985,64.087
4985,3475,57.787
4985,4984,64.087
4985,5190,50.293
4986,7507,9.525
4986,7509,42.993
4986,7682,10.032
4987,9414,58.511
4988,13548,19.462
4988,13559,19.167
4988,13584,16.305
4989,6610,28.846
4989,13554,33.922
4989,13556,27.195
4989,13557,11.237
4990,1746,25.181
4990,5810,15.267
4991,1746,63.544
4991,4990,68.989
4992,5416,35.269
4993,4313,13.428
4993,4314,15.270
4994,3352,249.810
4994,7572,148.942
4995,3350,197.286
4995,3352,4.576
4996,15500,40.717
4997,5368,47.649
4997,5374,29.236
4998,5372,39.992
4998,9538,24.328
4999,10978,92.543
4999,15496,16.072
5000,2896,44.030
5000,4999,144.948
5001,1581,9.904
5001,1582,65.696
5001,10697,9.203
5002,1621,88.821
5002,1624,9.079
5002,5001,335.739
5003,1634,106.287
5003,5002,109.328
5004,1643,166.831
5004,5003,79.541
5005,11028,25.064
5005,11030,26.816
5006,4897,54.935
5006,5005,134.600
5007,1678,9.702
5007,1679,136.579
5007,15503,112.164
5008,6933,91.516
5008,14167,48.259
5009,1699,11.409
5009,5008,52.504
5009,14166,49.564
5010,1722,106.178
5010,5009,132.275
5011,1728,58.768
5011,5010,83.927
5012,3152,126.641
5012,5398,109.274
5013,5012,329.528
5013,5290,10.239
5014,579,6.973
5014,599,207.105
5014,5015,36.989
5015,2370,76.444
5015,7736,105.227
5016,11365,46.783
5016,11367,78.965
5016,11434,45.858
5017,5018,130.505
5018,5017,130.505
5018,6184,163.254
5018,15574,20.786
5019,7359,21.473
5019,7361,583.381
5020,7788,47.076
5021,2088,142.492
5022,1936,214.833
5023,5486,84.031
5023,9906,88.370
5024,5028,58.141
5024,9019,23.569
5025,3267,7.356
5025,9495,9.567
5026,6979,126.048
5027,5023,15.270
5027,9020,82.415
5028,8573,240.264
5028,9919,32.081
5028,9920,5.005
5029,7550,45.308
5030,5118,93.589
5031,5029,74.914
5031,7664,8.035
5032,1752,28.911
5032,2582,169.041
5033,5220,6.742
5033,7550,29.576
5034,2583,20.301
5034,6157,29.712
5035,6998,34.945
5036,2115,6.369
5036,5043,5.575
5036,5044,6.170
5037,1934,6.425
5037,1960,58.696
5037,5042,185.599
5038,2111,5.893
5038,3366,113.107
5038,5037,176.221
5039,1957,4.897
5039,5919,52.757
5039,9904,39.730
5040,3137,164.466
5040,5041,17.494
5040,5522,103.923
5041,5040,17.494
5041,8708,111.015
5041,11181,122.856
5042,5036,5.992
5043,9902,66.968
5044,1968,53.796
5044,5036,6.170
5045,2115,5.785
5046,2113,70.682
5046,2115,4.795
5047,1934,186.328
5048,2573,31.797
5048,14515,104.236
5049,9277,4.670
5049,9279,6.561
5049,15252,74.578
5050,1129,20.797
5050,2667,183.235
5050,3278,11.314
5051,3528,27.163
5051,15237,16.104
5052,1931,21.569
5052,10224,30.335
5053,2105,113.570
5053,10970,96.323
5053,12237,105.065
5054,5060,95.024
5055,5093,10.279
5056,4698,96.342
5056,5409,93.752
5057,5629,121.972
5058,1284,15.982
5058,4746,130.188
5058,5640,91.565
5059,7109,21.386
5059,15493,27.602
5060,5054,95.024
5060,5061,80.524
5060,7641,6.138
5061,1962,98.113
5061,7642,6.901
5061,10223,29.331
5062,252,159.586
5062,5063,58.893
5063,5062,58.893
5064,257,19.320
5064,12085,47.257
5065,3188,254.796
5066,14853,51.082
5067,3230,233.271
5067,4576,189.973
5067,5070,302.479
5068,5069,71.958
5069,5068,71.958
5069,7816,140.056
5069,7817,8.341
5070,5067,302.479
5070,5072,157.354
5070,7821,64.392
5070,7829,55.136
5071,7825,69.999
5072,5070,157.354
5073,8517,117.131
5073,9485,16.833
5073,11360,48.899
5073,11362,73.099
5074,5078,14.389
5075,5076,35.839
5075,5078,32.581
5075,5080,12.896
5076,5075,35.839
5076,5077,32.480
5076,11396,52.272
5076,11398,12.507
5077,5076,32.480
5077,5078,36.470
5077,7072,12.087
5077,11401,82.513
5078,5074,14.389
5078,5075,32.581
5078,5077,36.470
5079,5080,74.315
5079,5081,45.288
5079,5084,91.913
5080,5075,12.896
5080,5079,74.315
5080,5081,27.765
5081,1802,45.046
5081,5079,45.288
5081,5080,27.765
5082,11401,7.784
5083,1799,20.695
5083,1802,90.794
5083,11402,62.856
5084,1820,40.817
5084,5079,91.913
5084,11404,33.113
5085,8129,39.906
5085,15118,40.430
5086,4924,81.367
5086,15118,125.278
5087,2811,2354.765
5088,2632,16.062
5089,992,99.188
5090,5730,123.012
5091,5055,8.786
5091,12389,61.113
5092,4289,61.109
5092,5091,10.824
5093,5092,8.738
5093,5511,251.605
5094,5095,38.495
5095,3442,13.957
5095,7720,124.311
5096,5094,11.902
5096,7748,72.374
5097,773,8.718
5098,13797,75.778
5099,3833,71.145
5099,4771,116.615
5099,5100,82.044
5100,4771,38.072
5100,4772,78.806
5100,5099,82.044
5101,3905,19.809
5101,5582,38.806
5101,14583,35.638
5102,3903,90.223
5102,8504,36.715
5103,5164,733.292
5104,8413,83.770
5104,9668,112.172
5105,3509,131.413
5105,5783,59.278
5106,5327,15.298
5107,3060,18.277
5108,1803,39.057
5108,6859,156.820
5110,5107,678.806
5111,3073,20.855
5112,1792,42.037
5112,6860,126.811
5113,5344,276.239
5114,2569,73.569
5114,2574,120.636
5114,14482,107.124
5115,2824,144.014
5115,4625,7.656
5116,3098,37.240
5116,9132,22.150
5117,12923,55.968
5118,4914,19.522
5118,5117,23.499
5118,7662,12.723
5119,5122,47.898
5120,3075,34.921
5121,5120,47.898
5122,1789,258.899
5123,5433,388.028
5124,8853,81.935
5125,5119,341.704
5126,5127,155.109
5126,7123,136.924
5127,6729,1441.085
5128,5125,154.945
5129,2980,23.794
5129,5090,83.754
5129,7499,8.465
5130,4087,25.712
5131,6963,11.099
5131,8811,11.021
5132,1263,8.693
5132,6963,151.232
5132,15188,67.757
5133,5132,141.682
5133,5135,10.986
5134,7679,8.654
5134,12026,141.237
5135,5134,2.847
5136,5138,5.379
5137,5136,10.894
5137,5141,44.561
5138,5139,8.120
5138,7684,47.488
5139,5133,2.891
5140,5136,43.171
5140,5141,7.869
5141,5140,7.869
5141,5210,77.340
5142,2331,27.926
5142,5213,84.605
5143,2063,7.930
5143,14717,196.969
5144,12390,9.099
5145,5146,44.481
5145,6431,276.674
5146,5145,44.481
5146,8372,41.060
5146,9346,10.652
5147,5148,8.104
5147,9503,10.295
5148,5147,8.104
5148,7445,39.119
5148,9504,7.579
5149,2387,215.326
5149,5150,8.854
5149,8114,24.948
5150,2403,68.205
5150,5149,8.854
5151,5149,37.585
5151,9039,12.455
5152,5150,26.485
5153,2069,17.666
5153,5154,10.558
5154,2066,17.288
5154,2071,26.506
5155,8729,2941.143
5156,9619,553.874
5157,5172,149.580
5158,5159,750.122
5159,9464,283.029
5160,5161,215.328
5160,9464,599.844
5161,9182,281.224
5162,5174,814.107
5162,9689,349.559
5163,9690,108.404
5164,5165,293.705
5165,9463,168.025
5166,5167,154.467
5167,5168,340.779
5168,9687,239.213
5170,9661,457.082
5171,5157,333.896
5172,9688,1137.306
5173,5174,566.282
5174,3191,211.067
5175,9578,6.715
5176,5177,15.199
5177,56,110.610
5177,9577,24.329
5178,5183,42.058
5178,8013,49.360
5179,5178,56.074
5179,5183,45.414
5180,3283,387.695
5180,5181,22.698
5181,5179,43.451
5181,5182,21.321
5182,4546,9.788
5182,5179,37.780
5183,1328,12.750
5183,5178,42.058
5184,8531,27.933
5184,8746,23.786
5185,2660,2.790
5185,6691,8.168
5186,7204,47.516
5186,11594,17.206
5186,11596,12.408
5187,8727,16.775
5187,11594,61.371
5188,1269,203.445
5188,9513,33.945
5188,15174,25.060
5189,3489,57.049
5190,4985,50.293
5191,1219,79.936
5191,1240,101.012
5191,5192,28.606
5192,5191,28.606
5193,4773,177.281
5193,5194,62.445
5193,9386,63.698
5194,5193,62.445
5195,2643,9.049
5195,5196,488.450
5196,1104,8.325
5196,5249,610.627
5196,6413,233.131
5197,1127,39.404
5197,6897,79.654
5198,2658,34.824
5198,6421,9.402
5198,7690,124.158
5199,1127,8.640
5199,2647,45.382
5199,15092,110.933
5200,12645,53.684
5201,3527,9.561
5201,5667,23.934
5202,5207,8.213
5202,5221,58.348
5203,5202,50.048
5203,5204,8.421
5204,5203,8.421
5204,5206,133.502
5205,5206,9.730
5205,5222,116.040
5206,5205,9.730
5206,11951,69.509
5207,5202,8.213
5207,5204,49.766
5208,5207,59.970
5208,5221,8.948
5209,5140,77.041
5209,5210,7.720
5210,5209,7.720
5210,8723,116.030
5211,5142,97.486
5211,5212,32.062
5212,2840,83.606
5212,5211,32.062
5213,2839,124.225
5213,5214,27.278
5214,5213,27.278
5214,8732,51.163
5215,2897,30.946
5215,6094,22.203
5216,6781,72.493
5216,6782,22.192
5217,1176,74.244
5217,5218,7.369
5217,9254,16.968
5218,9252,8.555
5218,12900,47.300
5219,1285,57.618
5220,5030,92.466
5221,4584,237.897
5221,7475,10.490
5222,3489,18.841
5222,5203,19.588
5223,1059,61.969
5223,9238,7.191
5223,15160,8.787
5224,15156,52.430
5224,15157,85.556
5225,5223,58.613
5225,12635,7.247
5225,15158,561.777
5226,2265,76.394
5227,3347,17.449
5227,6852,33.952
5228,3108,44.893
5229,3318,23.883
5229,5230,33.786
5230,6712,25.230
5231,3319,27.441
5231,3320,42.772
5232,3321,114.527
5232,5233,10.732
5233,9405,11.137
5233,9406,16.985
5234,213,6.909
5234,5228,75.023
5235,4419,177.038
5235,5236,19.219
5236,5760,327.055
5236,6008,11.178
5237,5238,135.923
5237,5452,141.435
5237,6188,10.216
5238,5237,135.923
5238,6188,181.355
5239,5824,22.844
5239,7597,18.329
5240,4373,101.349
5240,5241,12.829
5241,5240,12.829
5241,5243,53.044
5242,5240,52.691
5242,5243,13.413
5243,5242,13.413
5243,5948,731.191
5244,4361,94.709
5244,5245,12.021
5245,2592,132.908
5245,5244,12.021
5246,4137,39.931
5247,192,6.942
5247,3376,88.810
5248,3158,44.829
5248,7482,122.933
5249,5196,610.627
5249,9524,28.774
5250,5256,166.028
5250,8845,24.793
5251,4577,274.166
5252,5253,430.789
5253,4332,2491.110
5254,4369,19.836
5255,5251,26.881
5255,5254,14.719
5256,5251,29.545
5256,5255,26.519
5257,9284,66.259
5258,12503,8.340
5258,12509,7.574
5259,1109,11.502
5259,12654,190.342
5259,15239,17.247
5260,4504,10.976
5260,5261,68.299
5260,12776,211.479
5261,9881,207.765
5261,12748,117.005
5262,4127,37.423
5262,4128,9.158
5262,5263,92.258
5263,1136,9.571
5263,1138,37.244
5263,5264,123.954
5264,1143,40.344
5264,1144,9.253
5264,5265,124.154
5265,15526,94.468
5266,3269,13.369
5266,4245,199.001
5266,15525,9.901
5267,3271,10.572
5267,12675,154.271
5267,12714,3.838
5268,5795,88.140
5268,12945,389.810
5269,1096,10.706
5269,1103,150.707
5269,12760,15.656
5270,12951,23.660
5270,12953,69.157
5271,5259,82.124
5271,5274,12.301
5272,5271,15.499
5272,12610,32.755
5273,5272,11.805
5273,12612,40.498
5274,5273,14.792
5274,12637,13.526
5275,1311,16.616
5275,1317,34.344
5276,1280,9.916
5276,13050,47.837
5277,1286,7.008
5277,8219,16.822
5277,8220,12.877
5278,4259,13.597
5278,10457,166.610
5279,1444,34.989
5279,5413,29.285
5280,5281,101.662
5281,1519,141.074
5281,5285,53.247
5282,6093,248.342
5282,10813,24.702
5283,6103,9.474
5283,6104,45.292
5284,5283,12.201
5284,7933,11.965
5285,5282,68.448
5285,5286,12.830
5285,6084,46.793
5286,1493,111.895
5286,1506,51.761
5286,5285,12.830
5287,3024,7.557
5287,5288,47.405
5288,4139,18.267
5289,5013,18.497
5289,10703,361.817
5290,1524,196.944
5290,6093,17.273
5291,6097,83.748
5292,1542,10.220
5292,7237,179.449
5292,11122,63.985
5293,1635,9.744
5293,7672,12.790
5293,11119,56.120
5294,9945,33.009
5294,9946,27.132
5294,9947,8.622
5295,1702,9.526
5295,4692,85.178
5295,11059,55.929
5296,7254,37.027
5296,10956,8.509
5297,1687,79.450
5297,1688,9.607
5297,11285,78.750
5298,1666,91.553
5298,1667,9.156
5298,11300,52.779
5299,5391,73.230
5299,7935,11.723
5300,1759,9.917
5300,14153,12.742
5301,5300,8.524
5301,9788,257.988
5302,5303,17.129
5302,14273,93.533
5303,2096,20.002
5303,9403,14.484
5304,5302,17.455
5304,9701,8.945
5305,5246,606.799
5306,1147,249.380
5306,5305,33.095
5307,4214,140.361
5307,7046,53.763
5308,14316,80.616
5309,1141,24.007
5309,3530,54.051
5309,3540,38.566
5309,8291,53.807
5310,5719,24.410
5310,6385,30.004
5310,7691,8.257
5311,4600,8.860
5311,8195,31.441
5312,1059,7.364
5312,4535,31.472
5312,9238,63.133
5313,3711,35.720
5313,5719,7.776
5313,7691,25.465
5314,1002,49.576
5314,1009,16.212
5314,5315,37.171
5315,7037,8.674
5315,9512,132.446
5316,5317,19.626
5316,5324,38.479
5317,5318,15.987
5317,13153,67.061
5318,2065,16.729
5318,5320,64.119
5319,5318,53.176
5319,5320,53.528
5320,6219,141.368
5321,2065,60.217
5321,5322,76.454
5322,2064,109.459
5323,5316,39.080
5323,5324,57.550
5324,15512,84.494
5325,343,16.617
5325,2713,88.534
5325,2714,34.581
5326,483,163.021
5326,7742,7.161
5326,13807,44.629
5327,3550,22.011
5327,5328,13.670
5327,14985,99.335
5328,5327,13.670
5328,12712,21.259
5329,5332,294.710
5330,15524,14.691
5331,5334,13.369
5331,12711,289.240
5332,5331,8.683
5332,8799,22.842
5333,5330,294.817
5333,5332,13.369
5334,5333,8.683
5335,8802,10.834
5336,5331,22.107
5337,5057,23.896
5337,11633,48.522
5338,5339,26.079
5338,6876,124.909
5338,8879,110.382
5339,5338,26.079
5339,11923,43.003
5340,5341,176.853
5341,5340,176.853
5341,5342,40.749
5341,5343,76.716
5342,5341,40.749
5342,7424,49.689
5342,8981,96.821
5343,4321,47.343
5343,5341,76.716
5343,5596,109.490
5343,9470,18.097
5344,1660,45.115
5344,4198,28.131
5344,5113,276.239
5345,3714,126.281
5345,5346,45.317
5346,3120,204.519
5347,2783,43.460
5347,3118,18.203
5348,1842,477.739
5349,5351,49.711
5350,5348,49.932
5350,7070,287.593
5351,2804,53.605
5352,5351,289.684
5353,5349,477.737
5354,5359,83.469
5354,11707,7.729
5355,5356,12.006
5356,5357,7.345
5356,6214,135.994
5357,5358,4.734
5358,5359,8.034
5358,11707,81.880
5359,5360,5.307
5360,5361,7.848
5360,9214,92.705
5361,5362,5.588
5362,1430,87.063
5362,5355,7.951
5363,5449,134.654
5364,5363,78.421
5365,5364,307.005
5366,5365,77.164
5367,3200,19.855
5368,5039,135.031
5369,4286,40.135
5369,5373,45.678
5370,3267,29.751
5370,5377,43.561
5371,7493,7.550
5371,7646,95.701
5372,5024,20.660
5373,1966,458.702
5374,1859,8.764
5375,5368,19.479
5376,2633,48.923
5377,4628,297.699
5378,393,84.299
5378,430,61.760
5378,5379,6.517
5379,437,26.850
5379,5378,6.517
5379,5380,269.923
5380,549,10.796
5380,5379,269.923
5381,1830,90.178
5381,1832,84.191
5381,5928,95.679
5382,1808,33.590
5382,1816,58.796
5382,5383,46.747
5383,1806,26.242
5383,2167,57.516
5383,2169,49.482
5383,5382,46.747
5384,5385,125.685
5384,7464,56.790
5384,9943,17.152
5385,5384,125.685
5385,8091,74.422
5385,11038,45.416
5386,4979,109.885
5386,4991,251.915
5386,5418,9.701
5387,5388,16.611
5387,6645,36.267
5387,10998,11.954
5388,5387,16.611
5388,10999,10.197
5388,11003,22.470
5389,6643,13.061
5389,11004,35.409
5389,11006,20.223
5390,10997,35.678
5390,10998,28.265
5391,2139,8.354
5391,5301,75.262
5392,1765,22.333
5392,3973,73.772
5392,6623,70.362
5393,5394,123.090
5394,1403,68.581
5394,1415,72.835
5394,5393,123.090
5395,9178,33.155
5395,13607,33.584
5396,13592,16.755
5396,13596,32.585
5396,13605,12.241
5397,3870,87.227
5397,6105,38.099
5397,10792,23.391
5398,4132,263.686
5398,5012,109.274
5398,5501,104.076
5399,4838,35.701
5399,9602,70.477
5399,9919,33.452
5400,6646,9.814
5401,5402,103.845
5401,13552,8.689
5401,13586,13.200
5402,5401,103.845
5402,6606,17.425
5402,13536,16.019
5402,13541,45.105
5403,9227,49.625
5404,9225,21.218
5404,9230,6.646
5404,11218,39.098
5405,5406,15.585
5405,11317,20.160
5406,1390,76.389
5406,5405,15.585
5407,5885,290.024
5408,4350,75.299
5408,5407,50.405
5409,1784,376.188
5410,2972,33.778
5410,5411,23.033
5410,8937,26.526
5411,1769,9.180
5411,5410,23.033
5412,1371,16.359
5412,9731,364.991
5413,3035,52.634
5414,10888,45.616
5414,10891,102.443
5415,1322,176.879
5415,10890,76.261
5416,5417,11.738
5416,12388,319.334
5417,4269,35.150
5417,5416,11.738
5418,5386,9.701
5418,10957,101.269
5419,5422,142.746
5420,7635,9.582
5420,7656,38.986
5420,13616,78.380
5421,4671,9.732
5421,7656,7.049
5422,3914,26.057
5422,5419,142.746
5422,5423,40.773
5423,5422,40.773
5423,6148,119.074
5424,5425,111.255
5424,6708,64.205
5424,6709,8.443
5425,5424,111.255
5425,14563,99.021
5426,5427,9.188
5426,5879,103.349
5427,5426,9.188
5427,5540,70.587
5428,2570,88.009
5428,5518,14.274
5428,9031,32.878
5429,2565,6.105
5429,2570,137.990
5429,9031,33.262
5430,1768,9.897
5430,14156,77.764
5431,2318,27.203
5431,6207,41.369
5432,1774,110.498
5432,1779,199.879
5432,5433,27.218
5433,5125,180.004
5433,5432,27.218
5434,6402,32.419
5434,6403,29.891
5435,1252,135.650
5435,6688,22.222
5435,7685,9.599
5436,1713,147.160
5437,2563,136.255
5437,2567,139.742
5437,5436,37.463
5437,5532,59.010
5438,14590,41.497
5438,14592,39.253
5439,4875,135.063
5439,4876,51.831
5439,14591,97.231
5440,1358,8.124
5440,6114,49.073
5441,6031,51.640
5442,1774,171.915
5442,6185,134.230
5442,8420,89.213
5443,1479,132.426
5443,1481,136.883
5443,1491,70.439
5444,3001,8.005
5444,5712,12.350
5444,6211,283.055
5445,1516,6.865
5445,5451,267.919
5445,5718,9.485
5446,5447,13.627
5446,14480,135.822
5447,5446,13.627
5447,8165,8.503
5447,14480,14.195
5448,1735,38.743
5448,7590,108.987
5448,14478,100.301
5449,5354,169.353
5449,5450,7.895
5450,1436,133.881
5450,5449,7.895
5451,1482,9.514
5451,5444,207.381
5451,5713,6.923
5452,6186,10.146
5452,6730,562.201
5452,7579,44.348
5453,5454,119.472
5453,14959,52.273
5453,14961,202.289
5454,5453,119.472
5454,5455,52.462
5454,14962,5.368
5455,5454,52.462
5455,9684,83.920
5456,3886,114.550
5456,6241,108.509
5456,9304,8.342
5457,4663,22.673
5457,8216,8.693
5457,9742,56.717
5457,11996,43.641
5458,4426,107.863
5459,2529,65.805
5459,5462,59.071
5459,7842,66.989
5460,1676,52.374
5460,1683,22.048
5460,7842,5.974
5461,1673,155.039
5461,2529,51.609
5461,6166,57.370
5462,1673,67.587
5462,1676,74.343
5462,5459,59.071
5463,1266,8.003
5463,6227,11.146
5463,9552,173.646
5464,9544,88.054
5465,5466,143.365
5466,1249,96.446
5466,5465,143.365
5466,8931,102.985
5467,2665,15.128
5467,2667,31.011
5467,5468,127.939
5468,1118,38.003
5468,3280,154.722
5468,5467,127.939
5469,3065,75.785
5469,3239,219.388
5470,4053,49.283
5470,11953,60.038
5470,12450,408.279
5471,5472,61.018
5472,3538,36.851
5472,3544,14.326
5472,5471,61.018
5472,8290,108.332
5473,1418,127.982
5473,1427,8.173
5474,5473,18.585
5474,15586,91.571
5475,5474,27.376
5475,11492,19.878
5476,8898,47.927
5477,3219,18.014
5477,4039,13.145
5477,8657,82.020
5478,7183,64.628
5479,5484,73.736
5480,5481,97.946
5481,5480,97.946
5481,5482,90.361
5481,5483,69.239
5482,5481,90.361
5483,1797,288.114
5483,1833,140.776
5483,5481,69.239
5483,5484,34.515
5484,5479,73.736
5484,5483,34.515
5484,11373,363.249
5485,5486,2.947
5485,14608,86.486
5486,4284,71.768
5486,5485,2.947
5487,4684,24.282
5487,13475,7.470
5487,13483,55.266
5488,1718,71.636
5488,4980,27.536
5488,7427,127.395
5489,9562,7.384
5489,11054,52.389
5490,10986,30.429
5491,1630,51.691
5491,1632,81.339
5491,10987,13.063
5492,5493,31.653
5493,2899,58.451
5493,2905,91.689
5493,5492,31.653
5494,9129,27.629
5494,9231,78.229
5494,13448,73.365
5495,5496,34.588
5495,6625,8.815
5496,1758,9.141
5496,9055,65.955
5497,5502,24.110
5497,11254,15.105
5497,11255,37.614
5498,11240,56.751
5498,11241,21.044
5498,11247,4.646
5499,11243,34.668
5499,11250,27.588
5500,5292,166.008
5500,11251,36.199
5501,5398,104.076
5501,11256,13.623
5502,5497,24.110
5502,11255,58.013
5502,11256,56.921
5503,11890,44.037
5504,4646,51.818
5504,6031,115.073
5504,6508,113.614
5505,1655,52.088
5505,6615,121.595
5505,6617,34.547
5506,4283,8.122
5506,4290,176.535
5507,2301,39.960
5507,5283,51.737
5508,1372,92.329
5508,10575,34.751
5508,10720,14.343
5509,5510,13.792
5509,10717,36.015
5509,10725,37.615
5510,2303,23.411
5510,5509,13.792
5511,4206,233.019
5511,5512,9.583
5512,5092,252.165
5512,5511,9.583
5513,6115,53.394
5513,8379,32.329
5514,4259,31.706
5514,5513,33.060
5515,5516,45.891
5515,9539,37.268
5515,10879,42.652
5516,5515,45.891
5516,10315,149.097
5516,10871,8.776
5517,3194,75.662
5517,10393,37.194
5517,10395,27.984
5518,2561,122.321
5518,5428,14.274
5518,5519,63.833
5519,2561,199.357
5519,5518,63.833
5519,14567,65.705
5520,5521,52.690
5520,10509,41.498
5520,10513,53.578
5521,5520,52.690
5522,1335,13.448
5522,5040,103.923
5522,10510,7.950
5523,6194,22.722
5523,12433,30.405
5523,12435,28.461
5524,5525,43.635
5524,6194,39.904
5524,12439,29.400
5525,1787,20.351
5525,5524,43.635
5525,12442,41.369
5526,5527,16.877
5526,5537,166.844
5527,5526,16.877
5527,6160,160.750
5528,3907,249.131
5528,11684,4.381
5529,5530,117.076
5530,5529,117.076
5530,8606,8.365
5530,10851,164.372
5531,1470,26.609
5531,4481,39.454
5531,15596,13.677
5532,2563,82.209
5532,2566,9.341
5532,5437,59.010
5533,4118,23.255
5533,9161,97.587
5534,4271,43.411
5534,5535,12.456
5534,5880,145.624
5535,5427,178.264
5535,5534,12.456
5536,5527,154.744
5536,5537,10.670
5537,5536,10.670
5537,5543,103.958
5538,5539,63.037
5538,14596,62.291
5539,5538,63.037
5539,14595,26.055
5540,5541,9.410
5540,5542,48.048
5541,4706,23.657
5541,5540,9.410
5542,5536,104.305
5542,5543,9.819
5543,5541,48.981
5543,5542,9.819
5544,4271,8.886
5544,5535,45.083
5545,7948,2.448
5545,8165,36.625
5545,14475,80.383
5546,5556,33.541
5547,5550,39.660
5548,5553,40.317
5549,5552,29.827
5549,5555,45.866
5549,6900,25.608
5550,5547,39.660
5550,5551,46.583
5550,5553,30.709
5550,5556,31.725
5551,5550,46.583
5551,5552,31.439
5551,5557,33.584
5552,5549,29.827
5552,5551,31.439
5552,5553,46.090
5553,5548,40.317
5553,5550,30.709
5553,5552,46.090
5553,5555,30.951
5554,5555,39.034
5555,5549,45.866
5555,5553,30.951
5555,5554,39.034
5556,5546,33.541
5556,5550,31.725
5556,5557,47.357
5556,7378,37.915
5557,5551,33.584
5557,5556,47.357
5557,7379,39.151
5558,5634,27.843
5558,7379,10.011
5559,15340,24.002
5559,15355,2.907
5559,15364,46.161
5560,5561,36.904
5560,5562,57.955
5560,5587,90.821
5561,5560,36.904
5561,5563,57.575
5561,5565,25.637
5561,15334,32.119
5562,1340,44.936
5562,5560,57.955
5562,5563,34.121
5563,5561,57.575
5563,5562,34.121
5563,5564,24.446
5564,5563,24.446
5564,5569,20.189
5564,15332,28.700
5565,5561,25.637
5565,5568,27.543
5565,8632,4.093
5565,15333,15.944
5566,5567,15.683
5566,5588,44.186
5566,8632,33.448
5567,5566,15.683
5567,5568,27.380
5567,5570,21.094
5568,5565,27.543
5568,5567,27.380
5568,5569,17.854
5569,5564,20.189
5569,5568,17.854
5569,5570,27.816
5570,5567,21.094
5570,5569,27.816
5570,15332,12.783
5571,1340,91.675
5571,15332,16.166
5571,15357,63.254
5572,5614,19.774
5573,5574,59.872
5573,5575,61.832
5573,15221,84.787
5574,5573,59.872
5575,4096,163.266
5575,5573,61.832
5576,1298,45.961
5576,7378,9.798
5577,1633,163.123
5577,1661,130.822
5577,5578,61.726
5578,2551,100.336
5578,5577,61.726
5578,9306,228.498
5579,5580,53.860
5580,5579,53.860
5580,7401,115.748
5580,8995,34.909
5581,3893,34.504
5581,9195,64.685
5581,9199,16.604
5582,5583,17.549
5582,7403,72.264
5582,9199,197.978
5583,3905,38.446
5583,5582,17.549
5584,5590,25.040
5584,5591,24.390
5584,15347,17.280
5584,15351,18.456
5585,5586,23.057
5585,5589,26.812
5585,15343,12.961
5585,15348,23.405
5586,5585,23.057
5586,5587,33.071
5586,15338,31.217
5586,15349,26.944
5587,2876,52.384
5587,5560,90.821
5587,5586,33.071
5588,5566,44.186
5588,8632,23.179
5588,15336,13.441
5588,15355,13.845
5589,5585,26.812
5589,5690,15.625
5589,15341,28.011
5589,15346,26.939
5590,5584,25.040
5590,5689,15.426
5590,15346,27.942
5590,15351,49.017
5591,5584,24.390
5591,15349,25.609
5591,15354,2.702
5592,2913,85.551
5592,12470,9.619
5592,12473,34.901
5593,1543,10.909
5593,5445,211.347
5593,5714,5.020
5594,1514,107.647
5594,1515,114.908
5594,5595,74.888
5595,1502,121.985
5595,5594,74.888
5595,7990,65.936
5596,5343,109.490
5597,1355,8.157
5597,5464,140.655
5597,6226,11.312
5598,3963,136.831
5598,3966,100.606
5598,3967,28.718
5599,5600,21.777
5599,6230,40.288
5599,8304,79.113
5600,5599,21.777
5601,8293,45.046
5601,12541,34.881
5601,12544,18.505
5602,5603,120.596
5602,12537,12.900
5602,12544,13.984
5603,3268,40.472
5603,5602,120.596
5604,5605,54.246
5605,4196,42.224
5605,5604,54.246
5605,11721,87.833
5606,3945,42.436
5606,6184,64.981
5606,9262,25.027
5607,1178,16.915
5607,5765,81.124
5607,15299,83.601
5608,5778,140.746
5608,8524,66.905
5609,1218,13.878
5609,5608,78.929
5610,214,15.171
5610,7486,326.031
5611,8080,46.465
5612,2514,55.377
5612,7569,23.162
5612,8080,53.950
5613,496,16.375
5613,520,29.879
5613,2503,52.755
5614,5572,19.774
5614,15218,29.940
5614,15220,23.011
5615,341,9.673
5615,2501,115.982
5616,293,53.040
5616,7502,49.542
5617,335,51.322
5617,5618,69.965
5618,5617,69.965
5618,7776,34.442
5618,7777,5.046
5619,807,100.587
5619,9060,8.045
5620,3659,23.790
5620,8031,36.037
5620,9063,13.581
5620,15462,23.584
5621,5622,49.672
5621,8181,45.319
5621,8183,30.776
5622,5621,49.672
5622,8180,44.622
5622,8182,27.047
5623,5624,118.321
5623,5625,20.823
5623,5629,15.118
5624,5623,118.321
5624,5625,92.193
5625,5623,20.823
5625,5624,92.193
5625,11635,9.498
5626,11635,20.776
5626,11636,11.578
5627,5628,67.182
5627,11641,8.836
5628,12027,11.514
5629,1275,61.254
5629,5623,15.118
5629,5746,8.525
5630,11644,79.266
5631,12033,80.287
5632,11596,30.705
5632,12036,21.046
5633,2893,4.627
5633,12033,19.683
5633,12034,2.946
5634,1296,88.363
5634,5576,20.857
5634,7366,9.932
5635,5637,70.358
5636,5637,77.783
5637,5635,70.358
5637,5636,77.783
5637,7380,207.174
5638,5558,48.793
5638,7380,11.773
5639,5641,48.550
5640,5339,83.311
5640,5641,162.380
5641,5639,48.550
5641,5640,162.380
5641,5642,16.620
5642,5641,16.620
5643,236,125.965
5644,248,19.897
5644,5643,28.236
5644,7922,125.998
5645,309,65.150
5645,319,70.555
5645,336,68.013
5646,444,10.192
5646,5648,12.141
5647,4757,8.762
5647,7328,111.941
5648,2128,63.333
5648,4217,11.039
5648,5649,100.057
5649,402,10.867
5649,5650,151.475
5649,7732,9.615
5650,3822,7.185
5650,5647,90.793
5650,8343,8.368
5651,5652,11.777
5651,11323,9.649
5652,4205,112.428
5652,5651,11.777
5653,2975,6.491
5653,14158,38.893
5654,15098,52.447
5654,15100,19.868
5654,15101,38.076
5655,1115,88.923
5655,8875,208.246
5655,15101,17.637
5656,7686,58.119
5657,4037,28.242
5657,8661,20.264
5658,5659,102.914
5658,5660,27.689
5658,5661,43.037
5659,1125,30.577
5659,5658,102.914
5659,10142,31.928
5660,5658,27.689
5660,9213,9.612
5661,1125,107.431
5661,5658,43.037
5661,15088,52.010
5662,9213,120.886
5662,10142,31.516
5663,3833,239.295
5663,4770,16.514
5663,4773,495.254
5664,2544,75.307
5665,3508,121.589
5665,5831,113.125
5665,6232,66.982
5666,3943,392.124
5666,3946,96.947
5666,6184,86.454
5667,2650,6.883
5667,3522,72.709
5668,3201,205.489
5668,5669,46.316
5668,11808,181.219
5669,5668,46.316
5669,9419,6.474
5669,11715,94.525
5670,3200,11.902
5670,6254,163.309
5670,9373,2.847
5671,3219,13.803
5671,4039,14.568
5672,5898,116.637
5672,7003,127.605
5672,8920,165.445
5673,9033,61.388
5674,1073,106.329
5674,9033,63.102
5674,12539,34.799
5675,1087,64.540
5675,5676,160.315
5676,5675,160.315
5676,5677,18.948
5676,12540,21.823
5677,5676,18.948
5677,12545,15.311
5677,12548,6.101
5678,1075,26.526
5678,12545,12.455
5679,5977,115.336
5679,14973,37.219
5679,14975,27.782
5679,14978,10.765
5680,8295,147.452
5681,3493,11.607
5681,5864,49.567
5681,8063,92.039
5682,6278,74.782
5682,8503,25.354
5682,8505,67.856
5683,4305,41.057
5683,6279,49.758
5683,8505,30.865
5683,14378,52.184
5684,7247,16.638
5684,14378,63.320
5685,5686,87.126
5685,11261,59.333
5686,2878,34.023
5686,5685,87.126
5687,1401,9.092
5687,7015,345.873
5688,11175,43.193
5688,11176,7.335
5689,5590,15.426
5689,8523,43.539
5689,15345,27.841
5690,5589,15.625
5690,15340,26.944
5690,15345,28.176
5691,5692,46.954
5691,7170,377.825
5692,5691,46.954
5692,7171,368.522
5693,2981,11.243
5693,3690,150.256
5693,15536,25.225
5694,8234,146.920
5694,14949,36.377
5695,9854,28.714
5695,9855,29.576
5695,12383,93.967
5696,4449,281.931
5696,5697,12.473
5697,4227,110.587
5697,5696,12.473
5698,1188,30.067
5698,14543,100.676
5699,5698,49.524
5699,15290,12.466
5700,5701,37.899
5700,8035,104.983
5700,15285,15.526
5701,5700,37.899
5701,9191,28.098
5702,3924,3.781
5702,5703,8.790
5703,5702,8.790
5703,5704,104.104
5704,3917,62.142
5704,3918,12.101
5704,5703,104.104
5705,5706,38.489
5705,7885,34.756
5705,11793,28.372
5706,3858,37.793
5706,5705,38.489
5706,11794,32.511
5707,3202,53.185
5707,5708,77.127
5707,14636,2.557
5708,5707,77.127
5708,5709,220.815
5708,8309,32.870
5709,2546,19.090
5709,5708,220.815
5709,6328,55.413
5710,1436,165.368
5710,3001,8.739
5710,5711,198.407
5711,1481,84.993
5711,1482,9.631
5711,5715,263.515
5712,5444,12.350
5712,6235,285.064
5713,5451,6.923
5713,5712,208.978
5714,5593,5.020
5714,5718,211.224
5715,1515,74.856
5715,1516,10.284
5715,5716,211.083
5716,1541,59.529
5716,1543,8.066
5716,8545,502.404
5717,4118,54.485
5718,5445,9.485
5718,5713,270.183
5719,5313,7.776
5719,6387,9.296
5720,4301,9.802
5720,5721,48.032
5720,5727,54.209
5721,5720,48.032
5721,5722,52.177
5721,5727,93.889
5722,5721,52.177
5722,5723,47.836
5722,5728,51.808
5723,4301,40.684
5723,5722,47.836
5723,5726,51.600
5723,6313,46.036
5724,5725,45.848
5724,5729,27.835
5724,6310,38.272
5725,5724,45.848
5725,6307,39.695
5725,6309,38.785
5726,5723,51.600
5726,5728,48.233
5726,6310,38.921
5726,6313,93.000
5727,5720,54.209
5727,5721,93.889
5727,14603,7.539
5728,5722,51.808
5728,5726,48.233
5728,5729,183.208
5729,4298,25.572
5729,5724,27.835
5729,5728,183.208
5730,6071,129.382
5730,15446,14.744
5731,15445,16.305
5731,15448,22.016
5731,15453,41.061
5732,1093,31.919
5732,1100,93.103
5732,5733,149.799
5733,1099,79.345
5733,5732,149.799
5733,5734,80.745
5734,5733,80.745
5734,6944,11.987
5734,8197,121.671
5735,3194,123.681
5735,7934,108.610
5735,10621,74.617
5736,5738,33.181
5737,4309,24.800
5737,5738,85.952
5737,6283,17.029
5738,5736,33.181
5738,5737,85.952
5738,5739,82.899
5739,5738,82.899
5739,5740,33.649
5739,6266,45.252
5739,6268,39.857
5740,5739,33.649
5741,6266,40.085
5741,6282,13.187
5741,6285,37.347
5742,3680,100.877
5743,979,134.095
5744,942,45.604
5744,2997,187.336
5744,5743,38.272
5745,1073,72.060
5745,12941,53.278
5745,15125,77.605
5746,5058,122.440
5746,5629,8.525
5747,5748,54.424
5747,13749,72.655
5748,985,134.531
5748,5747,54.424
5748,5749,86.263
5749,5748,86.263
5749,5750,79.705
5749,5751,97.985
5750,5749,79.705
5751,5749,97.985
5751,5752,31.084
5751,7858,43.227
5752,5751,31.084
5752,15540,92.439
5752,15541,79.696
5753,5754,122.822
5753,6275,80.320
5753,6278,34.080
5754,5753,122.822
5754,6290,24.199
5754,6292,53.200
5754,6306,126.064
5755,6295,124.632
5756,4226,236.099
5756,5757,12.473
5757,2527,120.406
5757,5756,12.473
5758,3929,12.509
5758,14417,41.367
5759,7998,28.582
5759,8788,49.207
5759,8792,9.786
5760,7188,10.998
5761,3513,9.573
5761,5195,154.534
5762,1132,13.693
5762,5761,128.509
5763,2664,19.653
5763,9220,93.786
5764,5766,194.350
5764,5768,14.821
5765,5766,15.354
5765,5768,201.786
5766,1178,73.129
5766,3453,20.925
5766,5765,15.354
5767,5762,128.272
5767,9216,11.923
5768,5763,123.488
5768,5764,14.821
5769,5770,155.672
5769,14386,52.205
5769,14394,42.836
5770,4394,52.236
5770,4396,114.554
5770,4401,55.686
5770,5769,155.672
5771,7860,17.653
5772,14778,109.877
5773,4597,8.673
5773,12994,98.770
5774,900,33.424
5774,7692,21.078
5774,7993,10.037
5775,5277,208.907
5775,9127,10.454
5776,8275,200.798
5777,1365,78.798
5777,4238,44.614
5777,8275,83.597
5778,5779,53.477
5778,5781,269.887
5779,5778,53.477
5779,5780,104.745
5779,8695,56.697
5780,5779,104.745
5780,8525,28.919
5780,8696,33.071
5781,1183,15.263
5781,5607,20.650
5782,13233,25.705
5782,13236,56.027
5782,14325,26.541
5783,3507,11.839
5783,8797,61.195
5783,8798,13.058
5784,5861,18.724
5784,14380,112.289
5785,2660,36.549
5785,5861,96.499
5785,5862,83.537
5786,4944,39.393
5786,5787,57.629
5787,3452,60.986
5787,5786,57.629
5787,5788,42.071
5787,15276,18.583
5788,4944,56.310
5788,5787,42.071
5788,8919,16.609
5789,5791,8.052
5789,15147,128.646
5789,15148,54.340
5789,15150,109.377
5790,1101,71.180
5790,1107,123.532
5790,15147,17.094
5791,1098,83.383
5791,1101,133.952
5791,5789,8.052
5792,5793,23.776
5792,8118,33.702
5792,9166,29.398
5793,5792,23.776
5793,9166,80.777
5793,9173,59.315
5794,1228,83.159
5794,2091,104.000
5794,6901,53.319
5794,9173,44.535
5795,1092,45.077
5795,8186,10.722
5795,12945,102.893
5796,1967,3.660
5796,7811,94.128
5797,3412,459.742
5797,5798,11.435
5798,5797,11.435
5798,11311,707.656
5799,3586,295.292
5799,5800,12.776
5800,5799,12.776
5800,9508,10.253
5801,3081,18.426
5801,3083,2.002
5802,2279,122.902
5802,9507,84.465
5803,5804,10.665
5803,11239,32.441
5804,5400,151.164
5804,5803,10.665
5804,7542,9.975
5805,1691,52.153
5805,8201,50.390
5805,13452,32.224
5806,1697,8.797
5806,13458,25.665
5806,13459,27.707
5807,11165,19.949
5807,11166,24.130
5807,11168,4.679
5808,1578,60.577
5808,11155,21.769
5808,11158,20.947
5809,1669,53.309
5809,6935,80.674
5810,3956,44.716
5810,4990,15.267
5810,7804,35.182
5811,1542,308.929
5811,5812,10.180
5812,5811,10.180
5812,6096,34.864
5812,11231,37.735
5813,8571,8.695
5813,12497,65.848
5814,4507,6.801
5815,3419,78.828
5815,5814,14.586
5816,5815,30.773
5817,3254,9.142
5817,9750,23.810
5818,7796,50.965
5818,10486,32.003
5819,4755,14.507
5819,9736,10.562
5820,4604,15.261
5821,15,32.137
5821,5820,41.770
5822,4005,67.488
5823,5822,15.841
5824,2072,11.762
5824,5239,22.844
5825,7889,21.771
5825,12460,46.912
5825,12462,48.328
5826,12408,47.636
5826,12460,20.766
5826,12461,113.215
5827,5828,12.209
5828,2590,322.418
5828,6047,9.197
5829,11896,24.969
5829,11911,58.712
5829,12059,11.976
5830,6899,89.225
5830,7377,271.990
5830,12059,220.606
5831,1269,117.041
5831,5665,113.125
5832,5833,30.846
5832,6578,269.883
5833,5832,30.846
5833,5834,15.877
5833,6057,158.830
5834,5833,15.877
5834,5835,55.148
5835,1333,62.631
5835,4543,75.363
5835,5834,55.148
5836,5837,51.465
5836,6687,58.486
5836,9267,13.412
5837,5836,51.465
5837,6581,123.798
5837,6687,86.833
5838,7802,12.787
5838,12939,51.316
5839,5840,21.881
5839,7460,40.708
5840,5839,21.881
5840,7460,57.852
5840,11475,60.044
5841,5842,20.612
5841,11477,35.471
5841,11478,17.643
5842,5841,20.612
5842,5843,47.284
5842,7461,33.578
5843,5842,47.284
5843,11479,13.939
5843,11480,37.836
5844,11483,47.985
5844,11484,9.967
5844,11485,47.356
5845,761,9.565
5845,4938,168.089
5845,9484,58.957
5846,8173,28.117
5847,4591,8.890
5847,8897,130.490
5848,5847,11.254
5848,8168,243.624
5849,3762,140.448
5849,6531,73.888
5850,8390,71.940
5850,8392,84.113
5851,5852,82.157
5851,8391,22.527
5851,8392,18.496
5852,2429,21.541
5852,5851,82.157
5853,12359,141.578
5854,7774,5.358
5854,12356,42.057
5855,6464,57.280
5856,6528,143.770
5856,9767,63.962
5857,5858,99.548
5858,5857,99.548
5858,5860,58.547
5859,6135,38.523
5860,6136,44.078
5860,15166,74.649
5861,5784,18.724
5861,5785,96.499
5861,5862,53.334
5862,5785,83.537
5862,5861,53.334
5862,5863,61.937
5863,5862,61.937
5864,5681,49.567
5864,8929,62.808
5864,8930,79.843
5865,1273,71.762
5865,5866,64.958
5865,8814,149.088
5866,5865,64.958
5867,5868,116.056
5868,5867,116.056
5868,15176,21.833
5868,15179,4.713
5869,5870,20.711
5869,6896,15.651
5869,7432,201.330
5870,5869,20.711
5870,6895,7.269
5870,14090,50.210
5871,6891,9.576
5871,6893,140.626
5872,1067,43.898
5872,5873,22.492
5873,8185,132.982
5874,3983,80.844
5874,7096,7.123
5874,10270,10.002
5875,5421,70.432
5875,7148,8.814
5875,7837,12.527
5876,3982,59.276
5876,10269,24.001
5876,10791,6.895
5877,4833,170.684
5877,7095,6.333
5877,9268,74.070
5878,5879,118.857
5879,5534,75.212
5879,5878,118.857
5880,5534,145.624
5881,7315,49.574
5882,1013,80.690
5883,921,43.665
5883,8134,113.519
5883,14042,147.931
5884,4265,156.682
5885,2589,13.837
5885,9446,150.020
5886,6701,33.218
5887,6728,91.769
5888,4178,16.545
5889,4731,144.307
5889,6395,45.226
5890,3815,34.239
5890,5891,122.535
5891,5890,122.535
5892,5890,76.523
5892,8119,124.779
5893,236,7.264
5893,7100,152.533
5894,4268,11.933
5894,9638,12.005
5895,4914,80.209
5896,218,13.868
5896,2787,39.209
5897,5898,99.104
5897,7400,8.752
5898,1197,13.521
5898,5672,116.637
5898,7180,153.142
5899,1898,65.518
5899,5909,8.272
5900,1917,9.094
5900,5905,71.518
5901,5902,7.469
5901,5904,145.143
5902,5901,7.469
5902,9242,11.463
5902,12259,51.997
5903,1874,7.864
5903,5900,59.161
5903,6998,199.598
5904,1918,6.049
5904,5903,59.764
5905,1920,8.404
5905,10063,92.115
5906,1912,8.788
5906,5907,71.711
5907,9973,45.678
5907,10154,123.454
5908,1897,27.300
5908,1898,10.702
5908,5909,60.449
5909,5899,8.272
5909,5910,109.675
5910,5911,44.196
5910,10152,8.062
5911,1871,143.265
5911,1873,12.313
5912,5899,71.349
5912,10117,15.491
5913,7653,7.785
5913,10030,24.632
5914,3361,103.191
5914,6660,153.522
5915,3369,81.295
5915,7794,48.038
5916,4343,25.150
5916,10109,65.718
5917,1928,6.006
5917,3245,20.907
5917,8719,55.511
5918,1828,30.688
5918,4435,127.030
5919,5039,52.757
5919,8224,12.794
5919,8945,6.939
5920,1949,68.606
5920,12262,20.914
5921,4997,24.750
5921,8177,65.388
5922,4730,46.157
5923,12196,54.558
5924,5938,18.364
5924,6928,69.045
5924,12290,84.463
5925,4402,35.324
5925,14388,85.294
5925,14391,99.597
5926,3269,18.126
5926,4743,180.821
5926,12838,222.096
5927,4475,15.715
5928,1820,86.401
5928,1821,86.086
5928,5381,95.679
5929,1927,3.061
5929,9007,43.150
5930,4010,62.011
5930,4014,94.966
5930,4016,111.349
5931,5932,217.646
5932,5931,217.646
5932,5933,229.738
5932,6673,420.037
5933,4576,427.812
5933,5932,229.738
5933,5934,426.484
5934,5933,426.484
5934,5935,689.057
5934,6674,79.534
5935,5934,689.057
5936,7497,17.910
5936,10151,8.105
5937,1878,7.545
5937,5939,292.675
5938,5924,18.364
5938,9561,7.120
5938,10151,64.405
5939,1899,56.815
5939,1900,7.352
5940,1954,55.042
5940,4672,31.498
5941,7505,106.852
5942,2641,107.634
5942,3574,118.624
5942,7505,331.413
5943,2017,125.148
5943,13819,160.630
5944,2089,77.222
5944,13736,6.193
5944,13737,106.236
5945,2089,79.511
5945,3603,24.336
5946,3611,35.024
5947,8409,22.697
5947,8410,107.418
5948,4312,721.632
5948,4376,14.298
5949,5950,199.981
5949,5953,39.215
5949,12004,163.153
5950,5949,199.981
5950,5952,34.707
5950,7106,136.249
5951,4467,115.139
5951,14835,2.418
5952,5950,34.707
5952,5953,174.188
5952,11369,53.841
5952,12003,134.419
5953,5949,39.215
5953,5952,174.188
5953,12065,68.962
5954,4487,51.009
5955,5956,61.357
5956,4263,77.050
5956,5955,61.357
5956,14945,58.665
5957,5958,99.211
5958,4820,72.525
5958,5957,99.211
5958,6868,91.480
5959,5960,59.832
5959,8415,2.711
5960,5959,59.832
5960,14850,39.440
5960,14853,49.716
5961,4813,74.077
5961,6868,47.303
5961,8447,8.417
5962,4818,115.543
5963,4804,31.901
5963,14896,17.848
5963,14898,10.362
5964,8442,6.444
5964,10292,105.275
5964,10298,11.899
5964,10334,19.173
5965,9064,42.212
5966,5967,39.545
5966,9064,53.248
5967,5966,39.545
5967,5968,30.570
5968,3183,4.602
5968,5967,30.570
5968,14863,11.040
5969,14893,47.769
5969,14894,17.069
5969,14895,12.694
5970,4804,14.255
5970,14891,9.225
5970,14893,17.499
5971,3183,186.513
5971,4810,5.725
5971,4812,83.768
5972,4815,32.189
5972,8447,62.551
5972,14858,60.627
5973,7514,24.877
5974,5975,31.147
5974,7514,33.734
5974,7515,27.483
5975,5974,31.147
5976,3182,94.133
5976,8258,258.188
5976,8259,15.716
5977,5679,115.336
5978,8701,53.244
5978,14872,17.286
5978,14909,124.052
5979,2220,85.575
5980,5981,54.919
5981,237,101.050
5981,1999,14.360
5981,5980,54.919
5982,3997,44.026
5983,2520,77.398
5983,3995,62.229
5983,7866,36.454
5984,1982,165.153
5984,5985,120.877
5985,5984,120.877
5986,1981,54.101
5987,5988,53.640
5988,5987,53.640
5989,2046,16.878
5989,2047,34.506
5990,5991,116.725
5990,7919,181.235
5991,3604,13.022
5991,5990,116.725
5992,880,30.235
5992,7898,94.005
5993,5994,122.808
5993,5999,48.461
5994,3378,25.357
5994,5993,122.808
5994,5999,178.090
5995,164,59.881
5995,5996,75.056
5995,6704,3.010
5996,176,57.905
5996,5995,75.056
5997,5998,59.659
5998,1991,67.888
5998,5997,59.659
5999,4567,20.821
5999,5994,178.090
6000,82,36.846
6000,3102,15.248
6001,1992,48.051
6001,1993,57.281
6002,182,156.141
6002,3808,29.372
6003,6004,14.290
6003,7630,34.461
6004,2192,60.204
6005,8556,148.150
6005,11989,40.799
6005,12013,75.224
6006,4400,110.659
6006,14384,14.493
6007,5477,124.634
6007,8665,68.389
6008,4418,33.426
6008,6009,19.098
6009,5235,11.053
6010,6008,329.913
6010,7187,141.576
6011,4034,37.030
6012,1646,808.698
6013,1951,26.021
6013,10516,27.578
6013,10517,26.566
6014,6015,65.906
6015,4831,33.946
6015,4832,21.481
6015,6014,65.906
6016,6017,22.696
6017,6016,22.696
6017,6018,113.879
6017,13461,15.558
6018,3941,49.280
6018,3942,59.999
6018,6017,113.879
6019,8901,14.034
6020,3978,38.925
6021,3968,16.842
6021,4681,55.986
6022,2597,50.462
6023,8927,131.766
6024,2596,108.601
6024,6684,9.555
6024,8927,15.978
6025,2954,48.373
6026,6027,33.165
6027,6026,33.165
6027,6931,83.319
6027,10186,53.906
6028,6021,54.245
6028,6931,203.938
6028,7147,25.203
6029,2142,50.220
6029,13463,45.390
6029,13464,74.955
6030,6031,48.274
6030,6612,51.504
6030,6614,62.732
6030,8131,206.405
6031,5441,51.640
6031,5504,115.073
6031,6030,48.274
6032,1689,38.689
6033,6034,100.659
6034,1722,40.058
6034,1723,28.890
6034,6033,100.659
6035,6013,39.950
6036,4249,104.782
6036,13438,82.360
6036,13441,119.401
6037,6038,183.458
6038,6037,183.458
6038,8576,4.101
6038,13408,11.649
6038,13425,71.930
6039,6559,305.911
6040,3560,78.582
6040,3561,182.746
6041,6042,190.502
6042,6041,190.502
6042,8249,80.210
6042,9456,107.285
6043,918,81.553
6043,925,9.822
6043,15553,18.114
6044,291,32.503
6044,297,36.191
6044,6045,106.867
6045,2762,44.316
6045,2770,38.527
6045,6044,106.867
6046,4358,10.944
6046,5827,8.507
6047,4360,110.626
6047,6046,12.546
6048,342,22.468
6048,15424,75.571
6049,6050,67.048
6050,2340,44.845
6050,6049,67.048
6051,358,98.140
6051,364,40.665
6051,374,25.542
6052,258,63.276
6052,265,9.306
6052,281,50.475
6053,256,14.463
6053,258,63.225
6054,2010,88.397
6054,7909,109.700
6054,13032,234.133
6055,4295,101.977
6055,14958,45.630
6056,9522,10.328
6056,14958,79.623
6057,1317,54.263
6057,1333,97.329
6057,5833,158.830
6058,6059,151.341
6058,13134,66.529
6059,6058,151.341
6059,13120,102.981
6059,13127,11.069
6060,5303,33.227
6060,7229,23.423
6061,8500,145.228
6061,11970,38.465
6061,12944,93.502
6062,2914,116.222
6062,4660,46.948
6062,8498,40.472
6063,1800,60.566
6063,4661,15.000
6063,8215,18.108
6064,6065,12.156
6065,1231,51.072
6065,1237,14.708
6066,6068,88.640
6067,6068,13.878
6068,6066,88.640
6068,6067,13.878
6068,8610,34.073
6069,7593,14.543
6070,2979,14.444
6071,2978,32.141
6071,6070,25.935
6072,4085,17.348
6072,9456,15.895
6073,10902,38.445
6073,10906,62.039
6074,1623,10.958
6074,10902,10.229
6074,10904,8.795
6075,6076,21.926
6075,6487,9.996
6075,10686,13.468
6076,6486,9.992
6076,10247,12.277
6076,10685,11.155
6077,1856,42.651
6077,10588,22.382
6078,6079,17.983
6078,9338,31.328
6079,6078,17.983
6080,1470,39.571
6080,1485,69.621
6080,9338,8.040
6081,1521,63.184
6081,4892,39.320
6081,8962,10.257
6082,5280,54.514
6082,6083,73.207
6083,6082,73.207
6084,2911,132.765
6084,5285,46.793
6084,9959,26.801
6084,10813,62.609
6085,2881,55.778
6086,6087,49.627
6086,8891,19.833
6086,8892,21.159
6087,6086,49.627
6087,8891,78.267
6087,8892,58.166
6088,8892,5.564
6089,1591,68.595
6089,1598,10.652
6089,8891,25.771
6090,10622,4.793
6090,10623,35.050
6090,10624,25.001
6091,6092,60.218
6091,10581,25.629
6091,10870,40.350
6092,6091,60.218
6093,5289,10.419
6093,15494,6.289
6094,5000,160.485
6095,2896,14.246
6095,2898,105.374
6095,11203,6.688
6096,5812,34.864
6096,8222,16.558
6096,11229,24.632
6097,5499,279.859
6097,10747,21.406
6098,9174,38.182
6098,10748,2.274
6098,11295,13.454
6099,8204,15.767
6100,6101,26.815
6101,6103,11.028
6102,5284,13.463
6103,1431,38.600
6103,6102,13.143
6104,2301,7.181
6104,6100,14.822
6105,1460,54.007
6105,5397,38.099
6105,6106,34.963
6106,6105,34.963
6106,10648,14.040
6106,10680,13.318
6107,1461,69.400
6107,3036,20.547
6107,6108,122.163
6108,1471,26.830
6108,6107,122.163
6109,6112,20.314
6109,11143,55.679
6109,11144,63.860
6110,3151,30.633
6110,11145,72.201
6111,6112,68.923
6111,11145,6.119
6111,11151,33.031
6112,2908,59.463
6112,6109,20.314
6112,6111,68.923
6113,4258,27.890
6113,10402,15.502
6114,4258,28.756
6114,6113,38.685
6115,15593,3.990
6116,10823,21.917
6116,10826,56.157
6116,10828,14.262
6117,10660,1.681
6118,1410,19.805
6118,8949,6.752
6118,8955,4.791
6119,1452,59.141
6119,1460,9.779
6119,10656,37.273
6120,10713,12.347
6120,10715,13.078
6120,10716,62.125
6121,5293,227.702
6121,6122,84.193
6121,11062,10.281
6122,6121,84.193
6123,1498,43.418
6123,1522,73.060
6124,6125,36.156
6124,6126,21.993
6124,6127,51.599
6125,3213,44.863
6126,6124,21.993
6126,6125,33.646
6126,6128,234.075
6127,6124,51.599
6127,15165,29.877
6128,6126,234.075
6128,7091,6.158
6129,1585,9.814
6129,2320,21.001
6129,6133,57.371
6130,1562,41.492
6130,15386,84.756
6131,1571,45.167
6131,1585,135.013
6131,4260,4.423
6132,1569,4.125
6132,6130,72.787
6133,2320,65.590
6133,4260,83.624
6134,1359,63.032
6134,6595,78.338
6134,8428,85.192
6135,5859,38.523
6135,6136,63.940
6136,1376,10.313
6136,6135,63.940
6137,1512,73.705
6137,6138,77.884
6137,11945,64.708
6138,6137,77.884
6139,11825,11.612
6139,14979,3.516
6139,14980,11.382
6140,6143,34.293
6140,6622,33.272
6140,11590,17.122
6141,2821,35.216
6141,6144,39.576
6141,6620,31.820
6141,9388,23.853
6142,11590,17.911
6143,6140,34.293
6143,6621,32.871
6144,6141,39.576
6145,6146,10.122
6145,6155,180.113
6146,4571,7.352
6147,3314,206.081
6147,6148,11.792
6148,6145,16.462
6149,15372,13.767
6150,1344,14.948
6150,11559,104.590
6150,15373,61.128
6151,15364,16.431
6151,15365,33.157
6152,4193,271.922
6152,6153,9.073
6153,3162,14.781
6153,6199,117.642
6154,2531,5.045
6154,2585,81.839
6155,3910,71.289
6155,3911,7.394
6155,6156,246.466
6156,1645,22.274
6157,1735,43.162
6157,2583,24.786
6158,2830,43.205
6159,2553,25.351
6159,7425,13.633
6160,6161,11.643
6160,6162,46.210
6161,4701,32.743
6161,6160,11.643
6162,4195,7.088
6162,6163,9.648
6163,6161,46.227
6163,6162,9.648
6164,8433,32.731
6164,8480,121.874
6165,6166,108.265
6166,5461,57.370
6166,6165,108.265
6166,14633,15.693
6167,3965,151.474
6167,4228,9.879
6167,6238,99.669
6168,14407,1345.048
6169,1650,11.576
6169,6183,48.128
6170,6173,76.949
6171,1643,73.357
6171,6938,43.513
6172,1634,31.458
6172,1643,127.221
6172,6174,25.272
6173,1451,53.899
6173,6170,76.949
6173,10382,37.289
6174,3901,15.715
6174,6172,25.272
6175,1448,156.727
6175,15586,10.360
6175,15588,30.750
6176,8947,40.114
6176,10529,17.982
6176,10531,40.661
6177,10322,24.035
6177,10325,17.512
6177,10383,24.769
6178,3931,116.783
6179,4423,15.771
6179,6180,12.995
6180,4422,27.085
6180,6179,12.995
6180,6181,137.831
6181,3263,143.568
6181,6180,137.831
6181,14713,88.197
6182,6183,74.848
6183,4871,15.022
6183,6169,48.128
6183,6182,74.848
6184,3960,93.112
6184,5018,163.254
6184,5606,64.981
6184,5666,86.454
6185,4963,5.558
6185,5442,134.230
6186,3047,56.182
6186,5452,10.146
6186,6188,140.737
6187,7124,23.046
6187,7578,7.868
6187,8692,234.033
6188,5237,10.216
6188,5238,181.355
6189,4660,56.636
6190,4908,91.313
6191,3286,42.139
6191,7401,65.694
6191,9477,68.874
6192,8497,7.387
6192,8700,4.228
6192,12000,5.674
6193,4446,137.656
6193,8497,30.871
6193,9026,103.730
6194,5523,22.722
6194,5524,39.904
6194,12438,28.380
6195,4702,72.043
6196,4291,28.878
6196,4292,49.509
6197,4279,4.985
6197,13694,12.723
6197,13696,3.943
6198,6199,83.017
6199,6198,83.017
6199,13406,55.107
6200,6201,202.375
6201,4288,55.047
6201,4289,289.690
6201,6200,202.375
6202,8623,13.714
6202,9745,175.968
6202,14477,42.113
6203,1497,20.714
6203,1499,90.977
6203,10681,7.598
6204,1519,105.562
6204,10522,2.028
6204,10524,9.051
6205,8917,19.949
6206,1601,19.605
6206,1607,45.346
6206,8922,32.025
6207,2318,42.952
6207,2319,16.251
6208,11662,13.251
6208,11664,9.323
6208,11670,40.353
6209,11660,15.087
6209,11662,15.005
6209,11667,40.487
6210,11668,11.612
6210,11671,4.285
6211,5687,15.744
6211,6235,17.558
6212,3001,282.461
6212,6211,9.703
6213,1405,17.268
6213,4499,200.036
6213,9501,68.216
6214,1441,80.677
6214,1464,66.375
6215,1464,9.207
6215,2314,66.825
6216,6217,37.839
6216,6218,39.333
6216,11737,9.387
6217,2888,89.320
6217,6216,37.839
6218,6216,39.333
6218,11751,9.530
6219,2685,13.031
6219,4956,224.480
6220,6224,56.164
6221,2297,48.296
6221,6887,12.804
6222,975,96.543
6222,9037,51.534
6223,1355,6.609
6223,6224,128.569
6223,11567,78.098
6224,6220,56.164
6224,6225,83.765
6225,1374,5.961
6225,1379,65.755
6225,8963,169.909
6226,5597,11.312
6226,6230,225.907
6226,11932,29.612
6227,5463,11.146
6227,7007,108.387
6228,5609,7.684
6229,8939,332.890
6229,11871,8.866
6230,5599,40.288
6230,9095,150.674
6230,9544,7.547
6231,9554,377.964
6231,9555,377.115
6232,1266,7.360
6232,5665,66.982
6232,6233,434.887
6233,2662,438.879
6233,9072,60.107
6234,9542,12.320
6234,9545,9.311
6234,12041,41.385
6235,6236,17.170
6236,5687,19.103
6236,11575,169.082
6237,3945,37.384
6237,4861,78.135
6237,9124,63.407
6238,6167,99.669
6239,6240,48.225
6239,9186,110.868
6239,9187,66.103
6240,3899,26.714
6240,6239,48.225
6240,7581,97.800
6241,3881,57.467
6241,6243,6.784
6242,6247,11.767
6243,6241,6.784
6243,9304,108.657
6244,7246,10.512
6244,9305,99.383
6245,3013,109.967
6245,3014,30.137
6246,3014,15.102
6246,6245,30.646
6246,6263,86.949
6247,6248,12.041
6247,9372,69.925
6248,6249,11.810
6249,9196,16.542
6249,9380,51.930
6250,6251,33.762
6251,3874,11.379
6251,3875,130.760
6251,6250,33.762
6252,3900,115.441
6252,3903,62.000
6252,6253,88.219
6253,3900,28.921
6253,6252,88.219
6253,6806,25.763
6254,5670,163.309
6254,8489,32.918
6254,11720,16.522
6255,3201,82.192
6256,3201,74.730
6256,4197,144.450
6256,11721,39.766
6257,2542,28.676
6257,6258,65.844
6257,15375,8.656
6258,6257,65.844
6258,6259,52.557
6258,15374,21.165
6259,2540,64.957
6259,4196,24.716
6259,6258,52.557
6260,6262,32.527
6260,8584,182.975
6260,9369,66.836
6261,6262,56.193
6262,3013,24.515
6262,6260,32.527
6262,6261,56.193
6263,4878,68.156
6263,6246,86.949
6263,6264,57.174
6264,6263,57.174
6264,7435,277.322
6265,2295,118.633
6266,5739,45.252
6266,5741,40.085
6266,6267,38.754
6267,6266,38.754
6268,5739,39.857
6269,4313,735.064
6269,6270,80.377
6269,6271,34.428
6270,6269,80.377
6271,1639,98.400
6271,6269,34.428
6271,14713,229.245
6272,6274,59.482
6272,6288,18.716
6272,6293,28.089
6273,6274,33.425
6273,6290,15.732
6273,6293,57.588
6273,8322,47.490
6274,6272,59.482
6274,6273,33.425
6274,6275,121.552
6274,6289,18.338
6275,5753,80.320
6275,6274,121.552
6275,6277,40.678
6276,4299,17.397
6276,6277,122.636
6276,6288,78.937
6276,6289,21.381
6277,4303,14.734
6277,6275,40.678
6277,6276,122.636
6278,5682,74.782
6278,5753,34.080
6278,6280,276.422
6279,4445,118.924
6279,5683,49.758
6279,6304,46.195
6280,4309,111.035
6280,6278,276.422
6280,6317,87.615
6280,6319,36.852
6281,6282,101.935
6282,5741,13.187
6282,6281,101.935
6282,6283,52.351
6283,5737,17.029
6283,6282,52.351
6283,6284,57.848
6284,6283,57.848
6285,5741,37.347
6285,6286,99.117
6285,6305,111.681
6286,6285,99.117
6287,6290,45.770
6288,6272,18.716
6288,6276,78.937
6288,6289,58.732
6289,6274,18.338
6289,6276,21.381
6289,6288,58.732
6289,8978,48.393
6290,5754,24.199
6290,6273,15.732
6290,6287,45.770
6290,6291,52.200
6291,6290,52.200
6292,5754,53.200
6293,6272,28.089
6293,6273,57.588
6293,6315,44.112
6294,6295,125.164
6295,5755,124.632
6295,6294,125.164
6295,9729,11.210
6296,6297,70.284
6297,1021,46.524
6297,1033,35.538
6297,6296,70.284
6298,6299,102.895
6299,1009,81.555
6299,1035,169.491
6299,6298,102.895
6300,6301,103.297
6301,3696,67.288
6301,3703,96.962
6301,6300,103.297
6302,6303,68.337
6303,966,21.392
6303,2295,24.827
6303,6302,68.337
6304,6279,46.195
6304,6305,118.837
6304,14606,37.313
6305,4445,42.906
6305,6285,111.681
6305,6304,118.837
6305,14607,78.852
6306,4301,44.702
6306,5754,126.064
6306,6313,40.374
6307,5725,39.695
6307,6308,32.360
6307,6312,12.701
6308,6307,32.360
6309,5725,38.785
6310,5724,38.272
6310,5726,38.921
6310,14602,48.116
6311,6312,29.039
6311,6380,144.498
6311,14605,104.973
6312,6307,12.701
6312,6311,29.039
6312,6378,44.276
6313,5723,46.036
6313,5726,93.000
6313,6306,40.374
6313,14605,9.155
6314,6409,45.097
6314,8316,46.324
6314,14656,79.942
6315,6293,44.112
6315,6407,56.050
6315,6409,35.677
6315,8613,167.790
6316,3218,18.551
6316,15595,65.523
6317,4303,28.131
6317,6280,87.615
6318,6319,42.726
6319,6280,36.852
6319,6318,42.726
6319,6322,21.053
6320,6323,46.383
6321,6322,44.261
6322,6319,21.053
6322,6321,44.261
6322,6323,16.823
6323,6320,46.383
6323,6322,16.823
6323,6324,41.069
6324,6323,41.069
6325,6326,9.583
6325,14727,15.208
6326,6325,9.583
6326,6327,124.617
6327,6325,108.297
6328,5709,55.413
6328,6326,134.269
6329,2283,33.978
6329,11724,89.307
6330,6329,24.647
6330,6331,64.076
6331,6330,64.076
6332,6333,227.131
6333,6332,227.131
6333,6885,123.051
6334,6335,271.946
6334,6885,110.207
6335,3029,56.374
6335,6334,271.946
6335,8581,150.519
6336,3030,143.270
6336,3216,86.674
6336,6886,51.661
6337,6338,209.750
6337,6341,25.579
6337,7846,118.179
6338,6337,209.750
6339,4515,23.653
6339,4579,404.815
6339,6340,139.493
6340,6339,139.493
6341,4515,14.830
6341,6337,25.579
6341,6342,155.754
6342,6341,155.754
6343,6344,100.743
6343,6345,78.563
6343,8488,82.447
6344,6343,100.743
6345,2538,8.203
6345,6343,78.563
6345,6346,5.577
6346,6345,5.577
6346,6381,12.910
6347,3205,27.216
6347,3845,41.193
6347,9053,23.039
6348,6349,16.900
6349,8744,19.975
6349,8761,35.992
6350,6351,74.970
6350,11725,87.358
6350,11726,19.618
6351,6350,74.970
6352,6353,48.776
6353,3840,24.454
6353,6352,48.776
6353,6354,57.180
6353,6360,18.634
6354,6353,57.180
6354,6357,18.695
6354,6358,24.692
6355,3205,46.205
6355,6356,9.797
6356,6355,9.797
6356,8745,632.624
6357,6354,18.695
6357,6360,56.323
6357,11778,16.959
6358,3840,58.294
6358,6354,24.692
6358,11787,5.489
6359,3840,6.175
6359,3844,46.118
6359,11792,47.670
6360,3839,70.150
6360,6353,18.634
6360,6357,56.323
6361,3049,15.818
6361,6362,23.447
6361,6376,53.586
6362,6361,23.447
6362,6363,52.684
6362,11789,20.270
6363,6362,52.684
6363,6376,22.387
6363,11790,19.538
6364,6365,53.603
6364,6373,23.088
6364,6374,20.534
6365,6364,53.603
6365,6370,23.797
6365,6371,21.533
6366,6367,53.391
6366,6374,23.195
6366,6375,20.776
6367,6366,53.391
6367,6371,22.603
6367,6372,21.290
6368,6369,52.886
6368,6375,24.244
6368,6376,24.244
6369,6368,52.886
6369,6372,23.874
6369,11782,13.196
6370,3841,16.760
6370,6365,23.797
6370,6373,54.066
6370,11784,19.863
6371,3846,16.812
6371,6365,21.533
6371,6367,22.603
6371,6374,53.346
6372,3848,15.980
6372,6367,21.290
6372,6369,23.874
6372,6375,53.214
6373,3840,21.334
6373,6364,23.088
6373,6370,54.066
6373,11785,26.671
6374,3844,23.488
6374,6364,20.534
6374,6366,23.195
6374,6371,53.346
6375,3847,22.807
6375,6366,20.776
6375,6368,24.244
6375,6372,53.214
6376,3851,22.038
6376,6361,53.586
6376,6363,22.387
6376,6368,24.244
6377,1639,76.415
6377,4312,419.054
6377,9099,27.267
6378,6312,44.276
6379,6380,73.788
6380,6311,144.498
6380,6379,73.788
6380,14605,25.147
6381,3200,11.170
6381,5366,17.137
6382,1103,156.108
6383,6384,47.528
6383,12705,68.340
6383,12706,4.426
6384,6383,47.528
6384,12703,19.536
6384,12705,22.226
6385,5310,30.004
6385,6386,173.330
6385,12708,178.118
6386,6385,173.330
6387,5225,91.123
6387,12670,27.220
6388,6389,62.867
6389,1015,20.896
6389,2248,116.380
6389,6388,62.867
6390,6391,43.396
6391,6390,43.396
6391,6392,91.597
6391,6393,119.437
6391,6394,110.337
6392,1020,17.947
6392,6391,91.597
6392,6394,19.958
6393,1015,38.075
6393,1020,28.818
6393,6391,119.437
6394,1032,43.624
6394,6391,110.337
6394,6392,19.958
6395,5889,45.226
6396,4115,44.962
6397,1564,8.203
6397,6396,101.218
6398,1535,113.957
6398,1538,9.598
6398,6402,114.184
6399,1513,8.204
6399,6398,186.740
6400,1480,8.083
6400,6399,178.107
6401,1845,7.954
6401,12037,103.024
6402,1551,9.804
6402,6403,39.814
6403,6397,88.086
6404,6886,181.536
6405,6406,11.811
6405,6409,37.356
6406,6405,11.811
6406,6407,16.108
6406,6408,36.387
6407,6315,56.050
6407,6406,16.108
6407,6408,37.989
6408,6406,36.387
6408,6407,37.989
6408,8613,10.274
6409,6314,45.097
6409,6315,35.677
6409,6405,37.356
6410,6411,7.364
6410,6417,14.502
6411,911,129.541
6411,956,244.716
6411,6410,7.364
6412,1088,8.762
6412,6414,158.545
6413,1094,11.820
6413,6412,112.589
6414,1071,8.084
6414,8820,99.290
6415,3564,7.010
6415,7126,195.871
6416,956,7.165
6416,6410,246.313
6417,912,7.297
6417,3561,13.433
6417,6418,252.102
6418,875,7.355
6418,3560,66.953
6418,3662,78.281
6419,2643,148.594
6419,15072,68.319
6420,2657,215.594
6420,15065,3.590
6420,15068,62.130
6421,1114,7.467
6421,5198,9.402
6422,6423,143.003
6423,3242,90.501
6423,6422,143.003
6423,10038,157.815
6424,6425,241.242
6425,2976,35.773
6425,6424,241.242
6426,8597,64.115
6427,918,105.004
6427,935,7.662
6427,6545,17.146
6428,1002,91.860
6429,1100,17.727
6429,1105,104.682
6429,8071,36.041
6430,1097,21.868
6430,15126,8.540
6430,15130,20.556
6431,824,102.630
6431,5145,276.674
6431,9816,55.047
6432,453,14.895
6432,5646,10.201
6433,2369,79.065
6433,6432,28.962
6434,2126,9.287
6435,14054,47.046
6435,14056,24.881
6435,14058,24.566
6436,4589,96.678
6436,6437,125.920
6437,6436,125.920
6437,7920,23.180
6438,907,56.935
6438,3671,109.276
6439,7342,10.303
6439,12042,56.874
6440,1798,28.375
6440,4044,106.700
6440,8595,45.555
6441,7223,99.343
6442,13785,63.835
6443,2365,69.426
6443,6460,122.003
6444,495,93.621
6444,6443,48.060
6445,490,118.332
6445,6444,53.007
6446,6447,35.700
6446,7322,8.709
6447,478,139.208
6447,6445,46.484
6448,525,19.605
6448,546,38.501
6448,2363,11.333
6449,528,15.390
6449,6446,28.615
6449,14047,14.282
6450,539,7.895
6450,14701,27.785
6450,14704,71.737
6451,589,4.791
6451,625,85.097
6451,12332,89.088
6452,532,48.078
6452,533,11.344
6452,14020,127.012
6453,6459,27.171
6453,13847,94.485
6454,6449,85.122
6454,13846,62.502
6455,6456,173.942
6456,7734,89.828
6457,2738,71.165
6457,6458,14.954
6458,2218,12.500
6458,9337,18.076
6459,6454,22.223
6460,500,78.216
6460,13789,28.395
6460,13790,8.451
6461,465,11.748
6461,5646,90.420
6462,236,111.261
6462,2359,16.105
6462,6821,180.120
6463,599,26.530
6463,14663,42.865
6464,5855,57.280
6464,6527,24.572
6464,6528,38.194
6465,2056,86.100
6466,448,12.377
6467,6468,56.055
6467,6469,86.085
6467,6470,25.581
6468,267,34.213
6468,6467,56.055
6469,254,26.424
6469,6467,86.085
6470,6467,25.581
6471,562,17.075
6472,4224,20.835
6472,10566,23.824
6473,3571,210.541
6474,1314,25.437
6474,9514,7.529
6474,11868,148.121
6475,3181,90.985
6475,6477,14.586
6476,9067,43.077
6476,9071,18.226
6477,6478,127.129
6478,2074,14.478
6478,6479,206.354
6479,6480,175.596
6479,14910,9.459
6480,1345,12.859
6480,6481,55.911
6481,3192,177.828
6481,6482,13.624
6482,1341,13.882
6483,6484,9.450
6483,9786,9.966
6484,6483,9.450
6484,6500,69.483
6484,6501,8.646
6485,1629,8.979
6485,7050,28.088
6486,6076,9.992
6486,6487,22.037
6487,6075,9.996
6487,6488,49.819
6488,1618,136.768
6488,1623,8.645
6488,10904,11.391
6489,1606,11.002
6489,11768,57.230
6490,1592,12.869
6490,9671,35.390
6490,9672,29.260
6491,2602,9.290
6491,6492,43.649
6491,7532,29.677
6492,2884,201.606
6492,6493,54.265
6493,1547,11.484
6493,9679,21.907
6493,10446,17.304
6494,4895,70.859
6494,6495,62.391
6495,2885,97.637
6495,10958,79.464
6496,1505,79.923
6496,1511,12.548
6496,6497,274.509
6497,1856,10.241
6497,6594,35.846
6497,9843,39.521
6498,1450,9.720
6498,9871,15.623
6498,10876,197.516
6499,15497,53.560
6500,6484,69.483
6501,6483,9.047
6501,9011,118.556
6502,13327,11.511
6503,6507,8.118
6503,9237,50.494
6504,1602,9.193
6504,4960,147.061
6504,6511,8.455
6505,1625,5.808
6505,6504,36.927
6506,1655,9.014
6506,13300,281.012
6507,6503,8.118
6507,6506,64.347
6508,4645,135.673
6508,5504,113.614
6508,13327,64.962
6509,2595,8.455
6509,6502,25.343
6510,2596,8.600
6510,6684,107.839
6511,1625,33.996
6511,6504,8.455
6511,6617,384.358
6512,6513,128.608
6512,6514,30.226
6512,7772,4.720
6513,6512,128.608
6514,6515,111.027
6514,7767,146.318
6514,7771,6.182
6515,6514,111.027
6516,758,180.298
6516,6517,25.762
6516,6518,122.135
6517,6516,25.762
6518,751,6.220
6518,6516,122.135
6518,6519,74.373
6519,6518,74.373
6520,8162,34.605
6521,7720,68.646
6521,13754,16.641
6521,13755,16.306
6522,13755,28.666
6523,4531,61.084
6524,1005,36.641
6524,2131,41.347
6524,14031,108.530
6525,7186,36.620
6525,12363,45.760
6526,5845,72.570
6527,6464,24.572
6528,5856,143.770
6528,6464,38.194
6528,6529,66.844
6529,6528,66.844
6530,6531,26.612
6531,5849,73.888
6531,6530,26.612
6531,6532,131.630
6532,6531,131.630
6533,826,88.483
6533,840,43.364
6533,843,36.923
6534,1039,111.888
6534,4569,46.691
6534,6535,43.706
6535,6534,43.706
6536,6537,133.823
6536,7522,53.518
6537,6536,133.823
6537,8200,31.032
6538,859,58.637
6539,864,45.394
6540,2224,15.044
6540,6542,42.124
6540,15555,46.321
6541,6547,47.947
6542,6540,42.124
6542,6543,23.997
6542,6544,26.549
6543,6542,23.997
6544,6542,26.549
6544,6545,86.971
6544,6546,49.392
6545,925,53.290
6545,6427,17.146
6545,6544,86.971
6546,6544,49.392
6546,6547,18.556
6546,6548,22.183
6547,6541,47.947
6547,6546,18.556
6547,6548,38.474
6548,935,55.802
6548,6546,22.183
6548,6547,38.474
6549,6990,40.729
6549,13591,39.705
6550,6556,9.720
6550,6564,7.749
6551,1748,6.735
6551,7107,7.304
6551,13351,8.250
6552,4169,8.650
6552,13325,19.628
6552,13594,54.896
6553,6552,90.566
6553,13333,86.987
6554,4163,72.734
6554,13332,43.756
6555,14164,43.547
6556,8851,10.613
6557,1760,14.580
6557,3160,53.430
6558,1764,52.153
6558,6557,15.770
6559,1764,77.270
6559,6558,55.048
6560,7938,17.115
6561,6562,85.045
6562,9787,11.071
6563,6560,27.864
6564,6566,17.415
6565,2960,10.488
6565,6563,147.721
6565,13410,214.203
6566,6565,93.526
6567,1052,96.642
6567,6568,47.434
6567,15566,37.736
6568,6567,47.434
6569,1041,85.510
6569,2638,100.502
6569,6570,56.609
6570,6569,56.609
6571,1023,96.774
6571,13480,19.032
6571,15059,131.961
6572,3188,126.853
6573,2080,68.002
6574,6575,18.668
6574,6780,31.469
6574,6781,166.119
6575,6574,18.668
6575,6781,16.260
6575,9326,126.878
6576,4318,79.939
6576,11313,65.999
6576,14806,9.292
6577,1321,7.765
6577,7376,9.468
6578,5832,269.883
6578,7028,55.423
6579,4252,5.293
6579,6580,142.594
6579,7386,25.587
6580,6579,142.594
6581,5837,123.798
6581,7802,102.772
6582,2988,49.710
6583,12817,52.733
6584,6585,140.042
6585,1245,51.828
6585,1246,50.587
6585,6584,140.042
6585,9168,142.590
6586,12839,9.522
6586,12840,37.044
6587,6588,16.279
6587,12839,31.884
6588,6587,16.279
6588,12841,42.865
6589,2020,19.534
6589,9392,93.742
6589,13252,36.917
6590,1327,11.550
6590,6591,49.729
6590,10503,45.376
6591,6590,49.729
6592,1389,58.235
6593,1384,19.370
6593,6810,51.324
6593,7529,26.531
6594,1451,84.297
6594,6497,35.846
6594,9843,73.148
6595,6134,78.338
6596,5858,76.868
6596,6597,30.876
6597,6596,30.876
6598,6599,30.607
6598,6600,5.221
6599,6598,30.607
6599,8537,31.134
6600,1339,51.378
6600,6598,5.221
6600,6601,73.493
6601,6600,73.493
6602,1312,51.035
6602,1320,125.040
6602,8566,105.995
6603,7890,75.761
6603,11828,2.741
6603,11830,9.459
6604,6605,45.274
6604,9184,4.394
6605,6604,45.274
6606,5402,17.425
6606,6609,23.680
6606,13543,16.889
6606,13544,83.048
6607,6611,28.103
6607,13552,11.097
6607,13554,15.411
6608,4248,25.292
6608,4250,24.071
6608,13546,37.938
6609,6606,23.680
6609,6611,51.092
6609,13546,16.526
6610,4248,24.646
6610,4989,28.846
6610,13547,36.840
6610,13555,22.259
6611,6607,28.103
6611,6609,51.092
6611,13547,17.181
6612,6030,51.504
6612,6613,63.079
6613,6612,63.079
6613,6614,50.163
6614,4646,45.617
6614,6030,62.732
6614,6613,50.163
6615,5505,121.595
6616,6617,171.881
6617,5505,34.547
6617,6511,384.358
6617,6616,171.881
6618,7988,179.896
6618,8218,69.976
6619,2821,30.643
6619,9390,14.766
6620,6141,31.820
6621,3211,73.226
6621,11591,12.612
6622,6140,33.272
6623,5392,70.362
6624,4677,37.474
6624,4678,33.458
6624,6625,100.172
6625,3304,36.808
6625,5495,8.815
6625,6624,100.172
6626,3971,41.876
6626,4681,39.761
6626,6627,24.442
6627,6626,24.442
6627,9966,34.911
6627,9967,29.122
6627,9968,8.935
6628,2441,21.065
6628,6028,13.333
6629,1732,51.268
6629,3941,98.853
6629,6630,35.635
6630,6629,35.635
6631,1691,57.187
6631,1693,61.287
6631,6632,49.182
6632,6631,49.182
6632,6633,41.682
6632,6634,38.129
6633,1681,79.384
6633,1684,9.748
6633,6632,41.682
6634,6632,38.129
6635,1670,18.744
6635,6636,50.322
6635,9010,90.463
6636,6635,50.322
6637,1652,29.293
6637,6638,45.921
6637,10942,60.152
6638,6637,45.921
6639,1626,3.785
6639,6640,103.282
6640,6639,103.282
6641,1642,123.583
6641,6642,57.490
6642,6641,57.490
6643,5389,13.061
6643,6644,12.686
6643,11007,39.067
6644,6643,12.686
6645,5387,36.267
6645,11004,15.688
6645,11005,21.060
6646,6649,6.731
6647,11067,11.583
6648,2902,16.508
6648,6650,5.227
6649,2905,28.323
6649,6647,5.051
6650,11065,13.049
6651,1687,26.855
6651,6652,47.682
6651,14134,32.988
6652,6651,47.682
6653,1677,23.185
6653,9526,117.056
6654,5820,17.756
6654,6655,17.693
6655,6654,17.693
6655,6656,34.595
6656,0,240.531
6656,4560,13.696
6657,457,9.930
6657,2083,27.309
6657,2856,45.039
6658,463,12.007
6658,3601,139.205
6659,7791,274.855
6660,3373,41.172
6660,5914,153.522
6661,4317,22.179
6661,6663,57.247
6661,6667,24.074
6662,6667,89.874
6663,6661,57.247
6663,6665,32.629
6663,7840,78.986
6664,6668,80.836
6665,6663,32.629
6666,6669,72.089
6667,6661,24.074
6667,6662,89.874
6667,6668,56.875
6668,6664,80.836
6668,6667,56.875
6668,6669,58.587
6669,6666,72.089
6669,6668,58.587
6669,6670,81.022
6670,6669,81.022
6670,6671,61.731
6670,7018,4.880
6671,6670,61.731
6672,8675,171.187
6673,5932,420.037
6674,5934,79.534
6675,12092,108.977
6676,6677,20.319
6676,12075,26.852
6676,12087,10.373
6677,12076,27.886
6677,12077,4.936
6677,12088,10.173
6678,7512,23.358
6679,6680,31.792
6680,2047,71.197
6680,2048,7.885
6680,6681,108.447
6681,6682,26.998
6682,3604,10.098
6682,13796,43.477
6684,6024,9.555
6684,6509,35.373
6685,1568,62.244
6685,6686,68.670
6685,8968,31.019
6685,8970,38.350
6686,1550,65.972
6686,6685,68.670
6686,8967,29.032
6686,8969,29.202
6687,5836,58.486
6687,5837,86.833
6688,5139,51.720
6688,7684,11.417
6689,7080,279.577
6689,8840,664.680
6690,4267,18130.503
6691,1191,58.204
6691,5185,8.168
6691,9219,45.240
6692,2954,66.554
6692,6693,53.815
6692,6695,57.150
6693,2958,54.273
6693,6692,53.815
6693,6694,7.408
6694,6693,7.408
6695,6692,57.150
6696,1209,202.950
6696,14543,8.666
6696,15284,59.613
6697,14380,122.908
6698,4063,197.579
6698,6699,77.261
6699,6861,799.512
6700,6721,52.910
6701,2591,211.353
6701,6727,36.593
6702,4312,496.385
6702,8310,174.604
6702,8688,77.533
6703,2228,44.021
6703,2644,35.284
6703,4769,34.413
6704,5995,3.010
6704,6705,36.432
6704,8703,35.289
6705,6704,36.432
6706,6808,5.768
6706,15220,207.808
6706,15235,24.770
6707,6708,8.835
6707,6709,55.672
6707,6710,14.980
6708,5424,64.205
6708,6707,8.835
6709,5424,8.443
6709,6707,55.672
6710,2772,131.108
6710,2773,63.321
6710,6707,14.980
6712,12149,55.958
6713,4323,699.568
6713,6714,363.598
6714,7517,32.710
6716,6718,184.278
6717,2634,153.002
6717,6715,184.263
6718,6717,10.837
6718,6720,967.891
6719,6717,1013.363
6721,6855,47.973
6722,2593,265.422
6723,2591,39.760
6723,6722,28.585
6724,4353,119.265
6724,14984,33.002
6725,5887,32.632
6726,6725,41.378
6726,14984,33.574
6727,4352,12.935
6728,5128,1424.590
6729,5886,92.156
6730,5452,562.201
6731,1802,150.353
6731,1812,83.402
6731,11440,94.091
6732,1804,83.957
6732,11422,13.312
6732,11423,57.837
6733,6736,10.377
6733,11865,49.062
6734,11847,23.490
6735,11856,2.417
6735,11857,12.826
6736,6791,18.358
6737,6738,14.032
6737,11849,33.747
6737,11866,31.597
6738,6735,75.068
6738,6737,14.032
6739,6743,11.994
6739,6746,47.375
6739,7274,27.783
6740,6741,8.390
6740,6744,23.567
6741,6740,8.390
6741,6754,41.034
6742,6750,8.192
6743,6739,11.994
6743,14297,46.939
6744,6745,50.150
6744,6747,11.165
6745,6743,47.151
6745,6746,11.794
6746,6745,11.794
6746,6747,50.153
6747,6740,39.392
6747,6744,11.165
6748,6752,8.315
6748,6753,53.664
6749,6748,4.983
6749,7912,95.421
6750,6751,12.908
6750,14798,33.901
6751,6749,12.760
6751,14796,127.077
6752,6742,2.754
6753,6741,32.625
6753,6754,8.877
6754,6752,53.313
6754,6753,8.877
6755,4636,12.822
6755,4637,81.570
6755,12261,21.476
6756,241,121.975
6756,4766,11.151
6756,6757,69.266
6757,6756,69.266
6758,9691,534.016
6759,4103,63.990
6759,6760,100.280
6760,6759,100.280
6761,7099,109.764
6762,8077,82.055
6763,2200,393.487
6763,4484,34.072
6764,599,143.266
6764,635,28.982
6765,12611,102.332
6765,12613,7.172
6765,12653,26.597
6766,12644,23.403
6766,12755,52.908
6767,7249,39.179
6767,8950,53.796
6767,8951,44.170
6768,6840,301.294
6769,1489,1384.237
6769,8743,128.716
6770,2070,5.172
6770,6771,66.359
6771,8103,45.124
6771,8682,46.302
6772,423,275.365
6772,550,49.202
6773,793,30.101
6773,818,58.589
6773,6774,103.809
6774,794,48.319
6774,819,37.071
6774,6773,103.809
6775,3477,1.957
6775,3479,55.397
6775,6776,83.303
6776,6775,83.303
6777,13590,103.952
6778,120,21.603
6778,6779,57.018
6779,3342,2.780
6779,6778,57.018
6780,6574,31.469
6781,5216,72.493
6781,6574,166.119
6781,6575,16.260
6782,5216,22.192
6782,6783,57.995
6783,4466,83.412
6783,6782,57.995
6783,9333,73.010
6784,4916,167.527
6785,881,42.513
6786,852,172.602
6786,7441,108.052
6787,6788,106.033
6787,7599,12.021
6787,8149,196.317
6788,6787,29.826
6789,4104,24.018
6789,11649,140.016
6790,4532,83.426
6791,6734,25.250
6791,8302,98.873
6792,6793,136.141
6793,1089,97.127
6793,6792,136.141
6794,6795,14.717
6795,12633,405.683
6796,14224,64.514
6796,14230,47.845
6797,14221,34.118
6797,14224,27.575
6798,3560,22.093
6798,3660,210.844
6798,7199,9.454
6799,8397,215.017
6800,2007,78.727
6800,6801,59.581
6801,6800,59.581
6802,3687,15.248
6802,4927,30.808
6802,6803,99.529
6803,6802,99.529
6804,1716,114.595
6804,6805,29.445
6805,6804,29.445
6806,4872,30.085
6806,6253,25.763
6806,6807,85.618
6807,6806,85.618
6807,9195,13.965
6807,9199,62.012
6808,2772,69.902
6808,6706,5.768
6808,15233,79.447
6809,684,175.984
6810,6593,51.324
6810,6811,61.345
6810,10474,22.366
6810,10482,32.049
6811,6810,61.345
6812,584,10.006
6812,2366,16.447
6812,6813,82.525
6813,6812,82.525
6814,3072,327.117
6815,1054,19.726
6815,1057,134.350
6815,6816,61.662
6816,1060,78.156
6816,1061,137.729
6816,1070,59.612
6816,6815,61.662
6817,6818,58.834
6817,8797,12.832
6817,8798,62.077
6818,1248,189.375
6818,1253,25.902
6818,2090,52.888
6818,6817,58.834
6819,4003,11.307
6819,7925,137.155
6820,7925,27.326
6821,2377,18.174
6821,6462,180.120
6822,2309,71.350
6822,6823,81.118
6822,11543,41.060
6823,2309,76.963
6823,6822,81.118
6824,4166,9.526
6825,1016,115.982
6825,6827,56.541
6826,1038,94.491
6826,6827,94.222
6826,6828,48.869
6827,6825,56.541
6827,6826,94.222
6827,6828,44.718
6828,3708,60.883
6828,6826,48.869
6828,6827,44.718
6829,1369,81.970
6829,6830,27.233
6829,14975,188.418
6830,6829,27.233
6831,6832,45.204
6831,14966,17.462
6832,5455,33.387
6832,6831,45.204
6833,4321,115.204
6834,6835,219.420
6835,5764,48.568
6835,6834,219.420
6836,1942,38.776
6836,4346,6.724
6836,6837,61.194
6837,6836,61.194
6838,2101,9.678
6838,2682,10.099
6838,12918,172.479
6839,12918,78.998
6840,6768,301.294
6841,6842,412.552
6842,6841,412.552
6842,12494,10.799
6842,12495,49.522
6843,4029,116.790
6844,13716,85.266
6845,689,11.051
6845,690,34.733
6845,6846,87.407
6846,6845,87.407
6846,8678,66.718
6847,15112,31.352
6847,15114,114.206
6848,15108,15.273
6848,15112,120.027
6850,1894,106.216
6850,8048,19.281
6851,11588,73.641
6852,3347,31.781
6852,6853,7.856
6853,6852,7.856
6853,11493,36.879
6854,6721,309.732
6855,1781,218.333
6856,1156,55.905
6856,2648,102.386
6856,9576,318.881
6857,1382,204.570
6857,8438,206.223
6857,11455,42.828
6858,1803,162.398
6858,6859,36.073
6859,3132,145.825
6860,3056,33.722
6861,6864,47.662
6862,6700,617.654
6863,4243,397.683
6863,6862,46.055
6864,3000,59.991
6865,7567,23.183
6865,7568,10.413
6866,10939,13.407
6866,10940,27.722
6866,11123,87.973
6867,4758,63.419
6868,4812,125.264
6868,5958,91.480
6868,5961,47.303
6869,4543,92.244
6869,6870,12.771
6870,7675,2.606
6870,13175,200.318
6871,1356,104.594
6871,7303,181.379
6872,4802,22.575
6872,14873,4.279
6872,14901,28.992
6873,13098,30.084
6873,13099,4.219
6874,6579,139.718
6874,13099,46.431
6875,6795,12.689
6876,5338,124.909
6877,6879,88.213
6878,5041,6.368
6878,6879,120.111
6879,6877,88.213
6879,6878,120.111
6879,10487,59.331
6880,13147,90.328
6881,1144,34.609
6881,13147,33.962
6882,2948,143.176
6883,6884,56.121
6884,6883,56.121
6885,4452,82.127
6885,6334,110.207
6886,3216,76.166
6886,6336,51.661
6886,6404,181.536
6887,6221,12.804
6888,747,7.657
6888,4586,221.469
6889,6890,56.916
6890,6889,56.916
6890,6892,26.719
6890,6894,9.634
6891,2121,65.963
6891,6892,157.889
6892,6890,26.719
6892,6891,157.889
6892,6893,37.708
6893,5871,140.626
6893,6892,37.708
6893,14090,20.313
6894,1289,82.835
6894,2120,231.787
6894,6890,9.634
6895,1289,66.502
6895,5870,7.269
6896,4244,59.375
6896,5869,15.651
6897,5197,79.654
6898,6899,197.070
6899,2662,27.948
6899,5830,89.225
6899,6898,197.070
6900,5549,25.608
6901,1235,23.789
6901,1248,103.952
6901,5794,53.319
6902,1253,51.411
6902,6903,58.606
6902,7838,32.018
6903,6817,78.445
6903,6902,58.606
6904,13208,11.672
6904,13209,43.686
6904,13217,39.257
6905,6906,104.061
6906,1078,232.957
6906,6905,104.061
6906,14714,31.072
6907,2554,118.779
6907,14424,13.567
6908,375,110.155
6908,6909,37.234
6909,6908,37.234
6910,7575,319.578
6911,7737,157.200
6911,10021,7.077
6912,2262,34.329
6913,6912,232.825
6913,6914,10.048
6914,6916,13.322
6914,15305,66.023
6915,4566,144.613
6915,6917,13.027
6916,6915,118.719
6917,44,144.684
6917,6915,13.027
6918,6919,13.329
6918,9286,148.665
6919,2260,12.874
6919,3418,104.918
6920,6711,18152.182
6921,3247,78.935
6922,2171,720.528
6923,1796,11.053
6923,6924,60.714
6924,7807,20.494
6924,11377,8.091
6925,6923,23.279
6926,5846,29.477
6927,7113,128.206
6928,5924,69.045
6928,7495,29.045
6929,1809,38.890
6929,1815,48.716
6929,6930,88.061
6930,6929,88.061
6931,6027,83.319
6931,6028,203.938
6931,6932,76.116
6932,6931,76.116
6933,5007,71.676
6933,7893,80.464
6934,1618,5.014
6934,8654,36.985
6934,8889,38.920
6935,5809,80.674
6936,7894,7.912
6936,8466,64.209
6936,8893,19.790
6937,8904,2.560
6937,8905,4.453
6938,1647,79.283
6938,6171,43.513
6938,11125,13.357
6939,7857,27.531
6940,3368,46.846
6940,6941,141.861
6941,6940,141.861
6942,1090,77.973
6942,6943,115.458
6942,15060,22.552
6943,6942,115.458
6944,1090,129.544
6944,5734,11.987
6944,6946,67.876
6945,6946,50.633
6946,6944,67.876
6946,6945,50.633
6946,6947,32.703
6947,6946,32.703
6948,1972,182.639
6948,6988,10.951
6948,10428,45.027
6949,1908,7.898
6949,7062,82.568
6949,12286,27.670
6950,4341,50.276
6951,9567,23.221
6951,9603,87.023
6952,1909,7.786
6952,1910,76.760
6953,9158,6.881
6953,12283,33.731
6953,12284,34.259
6954,1950,171.585
6954,3988,10.726
6954,7600,65.973
6955,3238,6.835
6955,11182,33.961
6955,11185,21.221
6956,3984,70.482
6956,6955,101.015
6956,12263,7.900
6957,1976,125.890
6957,6953,77.710
6957,10150,6.453
6958,1959,7.673
6958,6952,105.428
6959,4900,106.836
6959,6960,8.231
6960,6959,8.231
6960,10237,28.991
6961,1921,7.986
6961,7498,108.173
6962,1275,11.155
6962,5746,58.582
6963,6962,26.050
6963,8813,15.915
6964,4853,89.844
6964,6966,43.935
6964,7167,56.356
6965,4048,22.468
6965,4853,43.602
6965,6966,90.325
6966,4854,3.201
6966,6964,43.935
6966,6965,90.325
6967,4463,74.296
6967,12005,9.685
6968,6969,79.624
6969,4484,12.397
6969,6968,79.624
6970,6971,21.402
6971,2859,8.778
6971,5893,656.358
6972,953,88.492
6972,4932,77.289
6972,6973,141.860
6973,6972,141.860
6974,14179,13.025
6975,7621,17.205
6976,9059,123.271
6977,6978,58.491
6977,12080,33.900
6978,6977,58.491
6979,4634,142.379
6979,6980,39.468
6979,7216,14.689
6980,4636,55.991
6980,12260,10.907
6981,6982,13.543
6981,8090,223.049
6982,4638,11.437
6982,6984,14.136
6983,6981,11.536
6983,15491,10.074
6984,6956,74.892
6985,221,15.667
6985,3115,224.016
6986,7032,30.530
6986,7712,5.994
6987,1858,3.675
6987,3985,91.283
6987,4842,55.974
6988,1906,66.439
6988,6948,10.951
6989,4320,102.190
6990,11310,26.711
6990,15562,151.650
6991,4647,247.088
6991,7574,2.754
6991,11310,115.215
6991,13596,16.589
6992,7985,111.288
6992,14815,20.177
6993,6992,26.034
6994,996,11.166
6994,2067,13.393
6995,996,14.210
6996,207,8.987
6996,5143,386.302
6997,4876,44.807
6997,7014,44.681
6997,9196,196.546
6998,5035,34.945
6998,5903,199.598
6998,8850,149.881
6999,1907,8.295
6999,6957,42.094
7000,9284,382.248
7001,3124,1879.725
7001,5257,411.989
7002,5250,44.547
7003,1174,150.975
7003,5672,127.605
7003,7004,169.086
7004,7003,169.086
7005,1690,9.073
7005,14176,41.589
7006,3317,145.118
7006,7005,8.404
7007,7008,53.332
7007,9553,81.292
7008,7007,53.332
7008,7035,229.740
7008,8526,102.189
7009,663,346.289
7009,7012,81.978
7010,3409,13.742
7010,7011,107.584
7010,8821,28.239
7011,7010,107.584
7011,7190,180.047
7011,7519,22.761
7012,7009,81.978
7012,8590,210.498
7013,7014,33.553
7014,3898,109.430
7014,6997,44.681
7014,7013,33.553
7015,1374,6.648
7015,5597,208.951
7015,7016,15.894
7016,7015,15.894
7016,11933,25.379
7016,11946,55.633
7017,7189,65.313
7017,11929,115.695
7017,11933,7.969
7018,6670,4.880
7019,2036,34.545
7019,7020,76.733
7019,7021,36.360
7020,7019,76.733
7021,2014,75.211
7021,7019,36.360
7021,7022,67.429
7022,7021,67.429
7023,11908,104.974
7023,11915,13.566
7024,2487,29.195
7024,7025,17.921
7024,14642,46.397
7025,7024,17.921
7025,14643,69.262
7026,4761,86.665
7026,14640,100.290
7026,14641,38.060
7027,7028,22.072
7027,7108,13.566
7027,13121,6.732
7028,6578,55.423
7028,7027,22.072
7028,13144,17.691
7029,8008,150.226
7029,13121,3.681
7029,13123,16.438
7030,7031,64.021
7031,1154,289.975
7031,7030,64.021
7031,7992,131.739
7032,7033,4.530
7032,7711,5.457
7032,13742,17.973
7033,7032,4.530
7033,7034,11.210
7034,7033,11.210
7034,13743,138.439
7035,7008,229.740
7035,7036,47.627
7035,8940,17.240
7036,7035,47.627
7037,1002,40.704
7037,5315,8.674
7037,7038,59.317
7038,7037,59.317
7039,4118,109.820
7039,9161,9.941
7040,7041,122.586
7041,7040,122.586
7042,7157,25.762
7042,13119,131.502
7042,13155,36.075
7043,3587,9.440
7043,8679,39.835
7044,107,254.761
7044,8874,107.536
7045,461,8.759
7046,5307,53.763
7047,8339,57.778
7047,8636,52.197
7048,488,55.972
7049,6485,32.073
7049,7050,36.056
7050,6486,2.449
7051,2578,14.038
7052,2579,7.954
7052,15590,35.638
7053,3964,41.894
7053,7849,8.044
7053,15570,82.006
7054,13026,4.516
7054,13239,5.890
7054,13254,15.871
7055,8209,16.959
7055,13032,24.728
7055,13241,25.998
7056,4551,6.434
7056,13028,30.991
7057,1828,105.768
7057,7058,107.542
7057,7097,93.644
7058,7057,107.542
7058,7097,23.358
7058,7098,63.945
7059,4430,312.091
7059,15518,3.061
7060,162,46.207
7060,7061,24.452
7061,165,68.802
7062,7651,6.424
7063,5299,180.884
7063,7064,58.857
7064,7063,58.857
7064,13513,36.447
7064,13516,9.998
7065,2599,14.303
7065,13526,68.198
7065,13527,18.053
7066,7068,9.695
7066,7069,45.881
7066,13530,22.205
7066,13532,60.251
7067,13532,37.927
7067,13533,54.907
7067,13534,12.308
7068,7066,9.695
7068,11328,63.831
7068,13612,18.380
7069,7066,45.881
7071,1820,75.464
7071,11392,79.541
7071,11394,92.311
7072,5077,12.087
7072,11400,82.399
7073,7074,76.914
7073,7537,7.451
7074,7073,76.914
7074,8848,135.098
7075,6920,125.845
7076,9261,107.770
7076,9276,101.036
7077,8841,247.877
7078,7075,159.990
7079,1158,107.398
7079,9261,86.971
7080,8842,814.828
7080,8844,991.204
7081,14321,35.041
7081,14322,15.285
7081,14376,27.026
7082,1855,9.151
7082,14321,34.907
7083,4998,881.166
7084,4262,76.332
7085,4687,73.859
7086,7087,85.226
7087,3012,54.662
7087,7086,85.226
7087,7088,42.374
7088,7087,42.374
7089,1560,8.415
7089,6129,248.479
7090,7089,31.996
7090,11473,98.406
7091,11470,4.728
7092,8045,36.859
7092,12302,29.392
7092,12303,27.626
7093,8393,7.693
7093,8394,50.547
7093,12305,92.680
7094,4688,23.610
7095,5877,6.333
7095,10271,16.130
7096,3981,14.451
7096,5874,7.123
7097,1809,55.193
7097,7057,93.644
7097,7058,23.358
7098,7058,63.945
7099,1896,18.833
7099,6761,109.764
7099,10254,42.512
7100,248,7.946
7100,5144,384.227
7101,1787,103.030
7101,4448,73.421
7101,9417,20.975
7102,9417,87.141
7103,1012,86.596
7103,1029,155.821
7103,2246,185.254
7103,3800,40.049
7104,1666,140.021
7104,1687,121.332
7104,7105,44.303
7105,7104,44.303
7105,8586,10.794
7106,5950,136.249
7106,12003,37.479
7107,6551,7.304
7107,8576,16.994
7108,7027,13.566
7108,9164,31.963
7108,9165,235.654
7109,4954,8.309
7109,5059,21.386
7110,7553,7.133
7110,10051,62.110
7111,7112,9.108
7111,10060,29.292
7112,5906,7.767
7113,6794,557.953
7113,9857,33.871
7114,9856,108.050
7114,9857,14.518
7115,9856,10.645
7116,6927,154.797
7116,14709,4.230
7117,1910,88.355
7117,1914,17.293
7117,7118,89.701
7118,1975,133.777
7118,7117,89.701
7119,3919,75.764
7120,6571,17.019
7121,3561,30.375
7121,9092,5.584
7123,7124,13.374
7123,8693,257.231
7124,4429,443.571
7124,6187,23.046
7124,7123,13.374
7125,1662,42.666
7125,1672,30.168
7126,4239,23.347
7126,7127,7.274
7127,3564,195.586
7127,7126,7.274
7128,7129,40.239
7129,7128,40.239
7129,7130,23.743
7130,2664,58.931
7130,3542,46.927
7131,7132,34.587
7131,12721,277.080
7132,12777,10.918
7132,12783,4.943
7133,9875,12.704
7133,9876,20.403
7133,12785,5.153
7134,9258,58.615
7134,9259,91.364
7135,7219,29.075
7135,9257,83.362
7136,11369,43.328
7136,12065,86.443
7137,7218,39.241
7137,9255,60.445
7137,12007,32.042
7138,1807,165.904
7138,1823,6.803
7139,7140,82.610
7139,8609,53.763
7139,11976,32.368
7140,7139,82.610
7140,11975,27.269
7141,7142,84.302
7141,7865,15.458
7141,11975,7.226
7142,7141,84.302
7142,11978,20.403
7142,11979,49.077
7143,7145,14.753
7144,11421,32.780
7145,3157,23.718
7145,7146,14.123
7146,1790,17.901
7146,7144,40.833
7147,2441,20.053
7147,6028,25.203
7148,5875,8.814
7148,8847,24.850
7149,7150,17.494
7149,7152,31.070
7150,7151,23.839
7150,12061,51.586
7151,7150,23.839
7151,7152,31.701
7152,14028,3.826
7153,10365,6.858
7153,10368,4.767
7153,10370,33.430
7154,8440,16.367
7154,10348,28.430
7154,10351,107.941
7155,7225,14.820
7155,9139,10.421
7155,11186,96.740
7156,9139,21.087
7157,7042,25.762
7157,7158,102.116
7157,13175,159.557
7158,7157,102.116
7159,13190,3.575
7159,13192,17.771
7159,13219,41.705
7160,13186,14.825
7161,7162,49.288
7161,14032,135.804
7161,14712,270.683
7162,7161,49.288
7163,1447,22.646
7163,10291,53.159
7164,14329,172.494
7165,1794,11.814
7165,7164,25.942
7166,7165,18.083
7166,12012,34.367
7167,4043,14.468
7167,6964,56.356
7167,7166,185.722
7168,5108,15.200
7168,7352,7.998
7169,3067,378.963
7169,7168,37.619
7170,3133,12.273
7170,5691,377.825
7170,7169,8.149
7171,1813,11.855
7171,5692,368.522
7171,7170,46.508
7172,2976,10.944
7172,4718,121.101
7172,7171,114.587
7173,7172,45.342
7173,11972,11.018
7174,3816,14.151
7174,4720,55.098
7174,7595,152.571
7175,7174,107.838
7176,7177,81.892
7176,7178,35.614
7176,12123,11.011
7177,7176,81.892
7177,7178,17.321
7178,7176,35.614
7178,7177,17.321
7179,1197,161.660
7179,7180,9.458
7180,4441,51.534
7180,7179,9.458
7181,1967,99.377
7181,7182,96.807
7182,7181,96.807
7182,7183,45.174
7182,7184,68.893
7183,1967,143.555
7183,7182,45.174
7184,7182,68.893
7185,1301,36.806
7185,4251,35.749
7185,14967,13.904
7186,2992,42.744
7186,6525,36.620
7187,6010,141.576
7189,7017,65.313
7189,8474,132.258
7189,11931,151.472
7190,7191,39.853
7190,13003,40.971
7191,7012,67.955
7191,7519,139.717
7192,2587,26.576
7193,7192,237.740
7194,2844,11.395
7195,2292,239.427
7196,4296,75.586
7196,10499,54.282
7197,2391,80.240
7197,7198,46.602
7198,2390,67.489
7198,2391,22.243
7198,7197,46.602
7199,868,23.702
7199,6798,9.454
7199,7356,261.630
7200,2095,177.004
7200,7201,138.598
7201,7200,138.598
7202,1335,77.767
7202,3148,237.115
7202,10781,29.255
7203,10784,30.134
7203,10785,32.754
7204,5186,47.516
7205,2688,12.731
7206,2690,300.553
7207,7205,8.948
7208,4795,310.303
7208,7210,37.367
7208,14352,243.790
7209,7210,32.037
7210,4534,138.241
7210,7208,37.367
7210,7209,32.037
7210,7870,304.606
7211,13951,11.341
7212,7213,9.093
7212,12752,19.440
7212,12949,10.876
7213,6766,18.676
7213,7212,9.093
7214,7212,62.767
7214,7215,87.199
7215,7214,87.199
7216,3986,54.298
7216,6979,14.689
7217,2641,496.149
7218,7134,26.166
7218,7220,62.487
7219,7136,39.147
7219,14812,56.064
7220,7218,62.487
7220,7222,12.714
7220,14810,21.877
7221,7222,39.575
7221,9255,11.746
7221,14813,6.508
7222,7220,12.714
7222,7221,39.575
7222,14812,5.294
7223,514,7.790
7223,6442,32.292
7224,1905,12.157
7224,6954,59.916
7225,7155,14.820
7225,7224,24.271
7226,5280,131.864
7226,7227,32.566
7227,7226,32.566
7228,1347,39.317
7229,1216,100.524
7230,497,110.493
7230,521,9.676
7230,6457,85.388
7231,2729,6.695
7231,7230,79.818
7232,504,32.704
7232,511,7.869
7232,7231,39.394
7233,480,51.313
7233,512,8.406
7233,7232,66.729
7234,492,54.058
7234,526,8.419
7234,7233,39.762
7235,1860,221.532
7235,5025,12.002
7236,2450,329.388
7236,4059,36.151
7237,5812,127.731
7237,7238,42.258
7238,7237,42.258
7239,4638,36.523
7239,7240,25.845
7240,1858,112.643
7241,4448,14.154
7241,12501,75.703
7242,12493,32.170
7243,4298,122.939
7243,7245,17.156
7243,8309,21.712
7244,7243,16.578
7244,7245,14.497
7245,7244,14.497
7245,14599,79.906
7246,7247,13.101
7246,7588,108.579
7247,2543,10.509
7248,4232,4.390
7249,1378,12.018
7249,6767,39.179
7249,7250,153.761
7250,1370,42.860
7250,10275,11.139
7251,11728,13.125
7252,3276,6.454
7252,3479,106.561
7252,7251,69.205
7253,7252,60.467
7254,4516,65.028
7254,10955,5.519
7255,5386,77.963
7256,7261,9.101
7256,11554,12.758
7257,1430,16.358
7257,2311,44.443
7257,5355,86.781
7258,2310,15.818
7258,2313,59.377
7258,7257,159.622
7259,7258,72.459
7260,1412,104.072
7260,11456,11.173
7260,11458,15.635
7261,7256,9.101
7261,11555,24.172
7262,2116,304.567
7262,7263,12.279
7262,9753,14.396
7263,7262,12.279
7263,7418,276.192
7263,9614,28.272
7264,9183,60.731
7265,4583,9.671
7265,7264,61.464
7266,9323,86.767
7266,9324,92.682
7267,2813,131.005
7267,4093,19.996
7268,15275,143.542
7269,3449,43.188
7269,12646,6.267
7270,1162,10.216
7270,8882,90.088
7270,12641,72.988
7271,7267,9.414
7271,9183,27.292
7272,1166,10.555
7272,9366,129.140
7273,12575,103.843
7273,12577,73.664
7273,12591,172.221
7274,6739,27.783
7274,7275,41.625
7274,14269,20.308
7275,1221,150.050
7275,1854,25.081
7275,7274,41.625
7276,8794,498.288
7277,5304,23.645
7277,9404,22.064
7278,7279,8.787
7279,2096,25.172
7279,7280,42.673
7279,9403,14.507
7280,7279,42.673
7280,7444,179.644
7280,9402,40.400
7281,7565,48.324
7282,5302,19.318
7282,9701,12.926
7282,14206,19.271
7283,2691,31.828
7283,7284,30.262
7284,2697,309.467
7285,5184,25.371
7285,7287,192.418
7286,7285,26.781
7286,8748,171.611
7287,7288,32.801
7287,7291,13.796
7288,7289,50.162
7289,7290,236.076
7290,1240,16.874
7290,8772,130.551
7291,5184,206.627
7291,7287,13.796
7292,1025,44.297
7292,1047,260.298
7292,7293,58.144
7293,1019,202.165
7293,1025,42.815
7293,7292,58.144
7294,8277,136.123
7294,9833,4.648
7295,2235,6.543
7296,737,29.578
7296,7297,52.662
7296,7298,27.965
7297,8024,79.333
7298,736,22.625
7298,737,25.592
7299,698,45.730
7299,2735,32.834
7300,8023,53.929
7300,9491,41.899
7301,4608,23.158
7301,7625,18.722
7302,4612,12.951
7302,7627,28.979
7303,7228,8.678
7303,14914,47.746
7304,4588,36.175
7304,7305,66.652
7305,6525,18.161
7306,7307,30.497
7306,13840,22.793
7307,757,10.804
7307,6888,39.221
7308,780,11.466
7308,7510,69.422
7309,7308,14.621
7310,7309,63.229
7311,2088,207.850
7311,8404,68.172
7312,7311,46.860
7313,2012,9.566
7313,7312,118.778
7314,3615,67.884
7314,8374,18.398
7315,5992,126.018
7316,2012,18.104
7316,7317,25.296
7317,7314,60.063
7318,2212,26.405
7318,7319,19.431
7319,6763,82.983
7320,7321,17.968
7320,7735,17.980
7321,2007,231.367
7322,528,12.527
7322,2363,35.892
7322,6446,8.709
7322,7323,12.046
7323,528,17.079
7323,3173,21.470
7323,7322,12.046
7324,379,8.695
7324,7327,12.963
7325,333,153.961
7325,7324,28.667
7326,388,57.408
7326,7325,16.178
7327,403,100.363
7327,7326,19.411
7328,7329,24.455
7328,12391,17.094
7329,7330,10.161
7330,3744,18.582
7330,12392,8.695
7331,150,37.154
7331,2620,63.403
7331,2621,56.843
7332,2617,23.744
7332,7333,26.903
7333,3258,130.893
7333,7332,26.903
7334,2208,33.879
7334,9839,25.659
7335,2208,30.302
7335,3585,25.581
7335,7336,45.388
7336,2209,117.179
7337,2405,13.791
7337,14015,11.924
7337,14016,73.693
7338,1824,11.942
7338,12052,26.462
7339,12047,50.858
7339,12048,9.842
7340,7345,32.608
7340,12043,10.182
7341,7342,56.962
7341,12042,8.340
7342,6439,10.303
7342,7343,30.198
7342,8592,19.442
7343,8597,11.086
7344,7345,9.758
7344,12043,32.294
7345,7341,41.211
7345,7344,9.758
7348,12454,32.432
7349,7351,84.488
7350,3064,9.426
7350,15507,136.986
7351,4851,8.086
7351,12451,33.863
7352,1801,64.865
7353,4715,449.071
7354,7355,1267.609
7355,3137,19.624
7356,915,20.298
7356,7448,183.543
7356,9092,3.582
7357,4328,407.955
7357,9093,528.639
7358,3573,26.777
7358,9719,523.103
7359,5019,21.473
7359,5249,81.571
7359,9524,74.106
7360,7359,210.753
7361,1031,125.016
7361,1049,24.492
7361,2229,186.433
7362,7076,95.587
7362,9275,75.530
7363,4070,71.403
7363,7364,24.422
7363,7480,121.068
7364,5248,7.411
7364,7363,24.422
7365,9569,15.003
7365,9570,29.001
7365,9991,105.119
7366,5634,9.932
7366,7379,28.786
7367,5638,86.763
7367,7381,10.087
7368,3081,70.959
7368,7369,62.979
7369,2273,45.931
7370,2151,8.867
7370,7368,168.296
7371,4108,46.888
7371,9514,51.645
7372,11550,6.511
7372,11551,84.221
7373,11490,6.166
7373,11549,200.575
7374,11452,14.214
7374,11454,9.347
7375,11852,102.653
7375,11853,96.654
7376,11846,7.107
7376,11864,131.049
7377,1298,9.135
7377,5830,271.990
7377,7378,46.775
7378,5556,37.915
7378,5576,9.798
7378,7366,20.242
7379,5557,39.151
7379,5558,10.011
7379,7380,45.817
7380,5637,207.174
7380,5638,11.773
7380,7381,93.716
7381,7367,10.087
7381,7382,30.353
7381,8814,6.795
7382,7680,11.613
7382,15187,84.834
7383,11490,8.404
7384,3341,21.519
7384,12147,11.706
7385,202,20.831
7385,7384,38.065
7386,13114,34.396
7387,288,353.789
7388,9406,5.591
7389,7390,40.212
7389,15004,49.693
7390,223,38.116
7391,459,45.822
7391,7395,9.812
7392,14021,2.789
7393,7396,7.121
7394,454,39.933
7394,7393,10.884
7395,7397,6.824
7396,428,55.374
7396,7391,16.182
7397,7392,3.583
7397,14020,18.372
7398,3109,40.007
7399,3110,10.038
7399,7398,12.095
7400,2895,28.361
7400,5897,8.752
7400,7253,38.324
7401,5580,115.748
7401,6191,65.694
7401,7402,67.420
7402,7401,67.420
7403,9831,106.560
7403,14592,186.388
7404,2732,15.590
7405,7406,13.443
7405,7414,13.556
7405,9363,35.141
7406,7405,13.443
7406,7407,18.042
7406,7410,31.286
7407,7406,18.042
7407,7411,31.422
7407,7412,15.098
7408,7411,22.642
7409,7413,45.979
7409,9363,64.360
7409,9364,12.212
7410,2732,7.178
7410,7406,31.286
7410,7411,17.969
7411,7407,31.422
7411,7408,22.642
7411,7410,17.969
7411,7413,15.658
7412,7407,15.098
7412,7413,31.041
7412,9364,2.712
7413,7409,45.979
7413,7411,15.658
7413,7412,31.041
7414,2734,2.770
7414,7405,13.556
7414,7415,64.637
7415,7414,64.637
7416,3550,64.671
7416,7417,84.007
7416,7418,45.704
7417,7416,84.007
7418,7263,276.192
7418,7416,45.704
7418,7419,117.143
7419,7418,117.143
7420,3058,153.135
7421,890,44.010
7421,920,261.486
7421,7422,16.628
7422,3626,79.709
7422,7421,16.628
7423,927,99.669
7423,3626,4.997
7424,4321,23.970
7424,5342,49.689
7425,6159,13.633
7425,7424,15.032
7426,4979,99.360
7427,5488,127.395
7428,1097,124.366
7428,7429,108.822
7429,7428,108.822
7430,5089,71.337
7431,5057,14.215
7432,5869,201.330
7433,7434,72.670
7433,9741,93.711
7434,7433,72.670
7434,9737,31.036
7435,6264,277.322
7436,1172,116.734
7436,7437,39.489
7436,7439,79.917
7437,4920,44.722
7437,7436,39.489
7437,7438,57.213
7437,7439,56.516
7438,7437,57.213
7439,4920,85.432
7439,7436,79.917
7439,7437,56.516
7440,917,47.702
7440,2431,28.636
7441,6786,108.052
7442,4730,149.140
7442,9342,124.928
7443,7755,79.317
7444,7280,179.644
7444,14095,24.930
7444,14098,47.193
7445,7446,73.483
7445,8127,92.780
7446,7445,73.483
7447,1018,49.876
7447,3702,76.082
7447,3704,91.360
7448,7357,82.888
7449,915,184.456
7450,682,152.197
7451,913,56.960
7451,923,27.815
7451,14038,63.088
7452,14038,23.915
7453,3272,34.743
7453,7454,51.709
7454,2665,16.979
7454,7453,51.709
7455,14849,21.701
7455,14850,65.445
7455,14852,19.575
7456,8563,16.485
7457,7458,128.344
7458,7457,128.344
7459,7460,48.643
7460,5839,40.708
7460,5840,57.852
7460,7459,48.643
7461,5842,33.578
7461,11476,27.686
7461,11477,21.589
7462,7463,20.791
7462,13745,40.724
7462,13746,19.953
7463,7462,20.791
7463,13747,28.999
7463,13748,33.047
7464,3290,48.286
7464,5384,56.790
7465,874,10.812
7465,7976,135.274
7466,2020,306.626
7467,7468,15.072
7467,8882,57.196
7468,9365,133.621
7469,9327,15.712
7469,9328,7.398
7470,1193,11.557
7470,7471,106.782
7470,15222,74.126
7471,3464,10.117
7471,3466,16.255
7471,7472,62.444
7472,3470,98.555
7472,3473,10.942
7472,7473,24.114
7473,1206,10.646
7473,1208,199.259
7473,9462,56.422
7474,4584,12.057
7474,7475,236.301
7475,5209,119.233
7475,8723,8.848
7476,7467,15.181
7477,7478,137.843
7477,12921,197.247
7477,13017,30.949
7478,7477,137.843
7479,2378,55.106
7479,8179,33.449
7480,3247,10.295
7480,7363,121.068
7480,11441,137.788
7481,4074,37.142
7481,7482,35.420
7482,2806,7.784
7482,7480,18.501
7483,2207,17.930
7483,9696,325.792
7484,7483,12.425
7485,214,325.662
7486,2181,35.967
7487,3256,13.698
7487,7490,75.646
7488,2616,24.351
7488,7487,12.990
7489,7488,53.355
7490,7492,7.662
7491,97,36.491
7491,7492,22.361
7492,9335,9.515
7493,3245,158.366
7493,5371,7.550
7493,7632,82.758
7494,7354,32.057
7495,7496,5.684
7495,7497,12.125
7496,6951,38.916
7497,1921,115.719
7497,7498,5.422
7498,7496,12.597
7499,7430,139.598
7500,5129,17.176
7501,2758,45.450
7502,2710,12.456
7503,9798,325.619
7504,3571,68.019
7504,3574,409.083
7504,7505,117.597
7505,5941,106.852
7505,5942,331.413
7505,7504,117.597
7506,2014,263.359
7507,4505,20.000
7507,8580,10.249
7508,4505,36.968
7508,7507,30.197
7509,7508,19.371
7510,6675,21.109
7511,7310,11.594
7512,6679,32.954
7513,7514,35.925
7513,7604,95.644
7513,8013,160.088
7514,5973,24.877
7514,5974,33.734
7514,7513,35.925
7515,5974,27.483
7516,7011,69.915
7517,597,43.969
7517,7516,310.515
7518,7011,22.980
7518,7517,371.991
7519,7009,21.831
7519,7518,16.758
7520,4569,10.678
7520,9512,105.337
7521,7520,102.750
7521,7522,8.858
7522,1044,158.624
7522,7521,8.858
7522,8361,31.025
7523,4237,11.725
7524,4237,10.432
7525,3026,37.494
7525,3866,19.961
7526,2882,10.220
7526,7527,57.411
7527,2601,170.395
7527,2603,9.876
7528,1384,23.265
7528,10456,28.245
7529,6593,26.531
7529,10478,4.970
7530,1425,73.669
7531,2602,25.518
7531,3264,109.106
7532,2601,165.679
7532,6491,29.677
7533,1547,16.225
7534,1497,20.773
7534,1519,141.031
7534,10682,6.964
7535,1521,91.111
7535,9837,18.651
7536,1592,34.505
7537,2344,59.275
7538,10185,17.904
7539,1734,74.611
7539,1741,19.906
7540,1746,24.342
7540,1753,98.298
7541,6648,9.804
7542,6121,20.027
7543,1929,12.430
7543,7633,199.338
7544,7657,7.930
7544,7658,7.470
7544,7927,85.326
7545,2956,324.119
7545,7544,37.590
7546,7006,8.460
7546,7601,59.994
7547,2942,6.455
7547,13709,33.039
7548,1739,4.980
7548,13291,59.518
7549,2779,97.201
7549,2934,5.929
7549,7548,31.964
7550,5032,10.699
7551,7109,7.483
7552,1911,7.077
7552,7551,77.133
7553,7552,8.507
7553,10144,93.135
7554,7350,24.070
7554,7555,9.345
7555,7554,9.345
7555,7556,70.880
7555,12452,56.093
7556,7555,70.880
7557,9204,35.735
7558,1919,4.244
7558,10158,77.739
7559,1799,66.869
7559,7560,38.964
7560,1795,7.566
7560,11432,25.988
7561,1877,53.658
7561,4341,20.701
7562,7563,10.977
7563,302,154.263
7564,7565,53.956
7564,14207,44.038
7565,7564,53.956
7565,14223,86.471
7566,4616,11.252
7567,7568,16.434
7567,9865,87.559
7568,7566,6.712
7568,14142,51.659
7569,2522,51.684
7569,5612,23.162
7569,7570,36.911
7570,7569,36.911
7571,3653,25.029
7572,4212,193.557
7572,4994,148.942
7572,7573,187.474
7573,7572,187.474
7574,2598,6.264
7574,6991,2.754
7575,6910,319.578
7575,12316,120.840
7575,13617,259.619
7576,3313,15.731
7577,7578,15.559
7577,7579,2.972
7578,6187,7.868
7578,7577,15.559
7579,6186,42.827
7579,7577,2.972
7580,1356,98.563
7580,1373,93.979
7580,8240,83.645
7581,2545,8.804
7581,6240,97.800
7581,14646,82.635
7582,2547,6.417
7582,14580,72.110
7583,1673,116.068
7583,2548,8.576
7583,7586,88.011
7584,6179,83.333
7584,7585,12.124
7584,14633,55.026
7585,3263,90.190
7585,7584,12.124
7586,3263,8.485
7586,7584,89.743
7587,5684,90.467
7587,7588,10.164
7588,7587,10.164
7588,14601,81.728
7589,537,47.086
7590,5448,108.987
7590,14441,238.226
7590,14451,41.173
7590,14462,201.534
7591,14412,28.945
7592,7591,12.174
7592,7593,8.270
7593,3070,206.278
7593,7592,8.270
7594,2489,10.866
7594,9727,69.451
7595,7596,12.042
7596,7173,30.112
7596,7338,11.324
7597,5239,18.329
7597,7598,111.273
7598,7597,111.273
7599,6787,12.021
7599,14025,45.023
7600,1906,12.041
7600,7813,2.915
7601,9912,56.921
7602,1850,5.658
7602,12914,202.958
7603,920,89.333
7604,7513,95.644
7605,2272,15.708
7606,139,42.832
7606,9825,65.229
7607,3357,30.331
7607,9134,20.213
7608,150,19.917
7609,1354,17.841
7609,7610,34.105
7610,9682,127.496
7611,3027,151.802
7611,3143,20.190
7611,3145,98.234
7612,7196,96.649
7613,7612,13.598
7613,7614,14.719
7614,4233,8.708
7614,7612,14.122
7615,2302,35.731
7615,7614,13.123
7616,7618,14.401
7616,10812,15.197
7617,7616,13.299
7617,7618,12.843
7618,1386,7.520
7619,899,66.278
7620,7619,233.928
7621,14178,145.313
7622,6974,35.000
7623,5232,10.905
7624,7599,212.350
7624,15499,4.057
7625,905,13.469
7626,2234,3.821
7626,7629,11.124
7627,7626,71.568
7628,4608,41.634
7628,7301,31.995
7629,7628,47.984
7630,6004,35.061
7630,8852,32.705
7634,10114,95.818
7635,5420,9.582
7635,10033,259.230
7636,1936,6.249
7636,7645,103.720
7636,10229,31.061
7637,7638,5.786
7637,7647,9.023
7637,10146,26.073
7638,5038,120.291
7638,7637,5.786
7638,9493,34.149
7639,1938,7.606
7639,7493,106.331
7639,9551,94.803
7640,1926,6.130
7640,7639,109.819
7641,1978,271.755
7641,5060,6.138
7641,7640,74.376
7642,5061,6.901
7642,7641,80.275
7642,10218,38.642
7643,2107,6.591
7643,2108,270.190
7643,10220,53.827
7644,1937,6.346
7644,7643,80.285
7645,1935,5.246
7645,7636,35.420
7646,1938,10.239
7647,7637,9.023
7647,10149,32.640
7648,2109,146.926
7648,2110,6.735
7648,10200,54.849
7649,2105,6.531
7649,10206,27.461
7650,4639,6.138
7650,10198,44.910
7651,6960,173.276
7651,7650,6.701
7652,7653,24.632
7652,10030,7.785
7653,5901,10.726
7653,9242,7.453
7654,7655,17.637
7654,13615,33.522
7655,2446,122.753
7655,7654,17.637
7656,5420,38.986
7656,5421,7.049
7656,7148,70.336
7657,7544,7.930
7657,7658,8.321
7657,13279,59.843
7658,2962,82.109
7658,7657,8.321
7658,13277,68.184
7659,2969,8.982
7659,7660,70.673
7659,13380,23.122
7660,4175,99.272
7660,5430,9.784
7661,7878,118.775
7661,12491,10.818
7662,5118,12.723
7662,12490,110.184
7663,5117,7.635
7663,7662,12.117
7664,5031,8.035
7664,7665,123.151
7665,2824,7.951
7665,4625,149.296
7666,2552,89.041
7666,7671,15.886
7667,14434,25.423
7667,14435,6.355
7668,9131,6.508
7669,2585,8.389
7669,6154,79.528
7670,7667,55.469
7671,7670,52.153
7672,5293,12.790
7672,11227,4.483
7673,8574,12.241
7673,11218,45.320
7673,11225,89.470
7674,7676,162.947
7674,13715,5.229
7675,7674,163.531
7675,7676,7.726
7676,9523,2.508
7677,1208,18.294
7677,1225,68.879
7678,1225,15.912
7678,7677,70.083
7679,5137,2.798
7680,1282,77.158
7680,7367,31.168
7680,7382,11.613
7681,4505,9.992
7681,8580,22.407
7682,4986,10.032
7682,11597,19.907
7683,1232,14.062
7683,7678,70.442
7684,6688,11.417
7684,7685,20.883
7685,5435,9.599
7685,7683,156.816
7686,1196,7.234
7686,15224,18.632
7687,1190,22.178
7687,7266,46.192
7688,2809,9.182
7688,7687,20.956
7689,1104,15.568
7689,1113,174.479
7690,1113,5.003
7690,7689,173.854
7691,5310,8.257
7691,12673,15.246
7692,5774,21.078
7692,8273,53.356
7692,15535,64.534
7693,2236,6.921
7694,867,10.940
7694,7695,157.861
7695,4791,100.696
7695,4792,10.860
7695,8241,115.599
7696,919,9.939
7696,7697,257.175
7696,9046,3.494
7697,942,18.290
7697,5742,8.227
7699,286,8.303
7699,7698,576.781
7700,305,7.953
7700,7699,24.119
7701,2053,7.682
7701,7700,18.647
7702,348,6.458
7702,7701,226.955
7703,7702,94.507
7705,6986,48.556
7705,7713,5.819
7706,7709,6.411
7706,8226,65.932
7707,13803,7.885
7707,13804,110.365
7708,9452,11.548
7708,12166,30.663
7709,7706,6.411
7709,13800,54.601
7710,13741,5.944
7710,13744,41.528
7711,7032,5.457
7711,7712,29.354
7712,6986,5.994
7712,7713,48.947
7713,7705,5.819
7713,7714,44.913
7714,298,5.505
7714,12160,43.018
7714,13740,12.069
7715,272,6.860
7715,3599,83.492
7715,7716,45.236
7716,3600,7.045
7716,7717,39.935
7717,3598,7.946
7717,7718,182.688
7718,210,1171.220
7718,239,5.950
7718,12140,3.817
7719,9451,10.175
7720,705,7.587
7720,6521,68.646
7720,13842,25.193
7721,721,7.784
7721,13761,15.932
7722,738,7.507
7722,2149,124.544
7722,7729,51.330
7723,7724,4.902
7723,7728,7.456
7723,13873,31.323
7724,7725,24.634
7725,2057,14.067
7725,7726,7.287
7726,2147,7.154
7726,13871,19.890
7727,726,124.930
7727,746,7.973
7727,13793,46.270
7728,4946,84.066
7728,7723,7.456
7729,4946,7.828
7729,7723,81.747
7730,3444,136.341
7730,10022,1.896
7731,669,122.421
7731,10021,5.699
7732,5649,9.615
7732,13827,30.576
7733,2128,6.915
7733,13777,43.757
7733,13828,26.259
7734,6461,10.498
7734,13826,38.674
7735,7321,19.067
7735,7734,10.812
7736,2127,6.906
7736,6800,124.673
7736,7320,131.013
7737,13817,63.083
7737,14664,118.514
7738,462,9.471
7739,2211,178.204
7739,7738,15.345
7740,481,8.278
7740,7739,39.437
7741,2156,6.499
7741,7740,58.168
7742,5326,7.161
7742,7741,41.630
7742,8636,29.604
7743,509,8.001
7743,9506,10.727
7744,4221,208.786
7744,7743,14.333
7745,537,12.844
7745,563,142.196
7745,7744,65.642
7746,568,41.130
7746,575,9.044
7746,13811,26.269
7747,598,39.414
7747,607,8.672
7747,14631,22.300
7748,654,9.200
7748,12318,36.066
7748,13813,46.245
7749,3439,9.415
7749,7745,31.323
7750,686,12.973
7750,7751,18.508
7750,14694,299.351
7751,7758,9.639
7751,7968,109.228
7751,14689,7.789
7752,678,15.564
7752,7756,36.372
7753,2371,104.870
7753,6911,101.710
7754,662,66.205
7754,683,7.006
7754,7753,151.672
7755,7443,79.317
7755,7757,61.057
7756,2481,90.698
7756,7755,82.789
7757,687,10.683
7757,14691,130.292
7758,686,8.104
7758,7751,9.639
7759,822,19.191
7759,825,5.132
7760,822,9.695
7760,7759,20.538
7761,7760,8.427
7761,12370,83.118
7762,7761,74.202
7763,7762,58.086
7763,13791,9.019
7764,474,4.081
7764,13787,33.105
7765,12074,17.109
7766,2329,4.896
7767,840,13.479
7767,7972,53.355
7768,7766,48.455
7769,12360,13.143
7770,808,4.395
7770,2464,12.054
7770,7773,21.956
7771,6514,6.182
7771,7772,26.245
7772,6512,4.720
7772,7770,69.032
7773,2244,4.897
7773,9360,7.476
7774,5854,5.358
7774,7768,27.484
7775,335,4.705
7775,5618,27.260
7776,357,9.044
7776,7777,34.290
7777,5618,5.046
7777,7775,26.799
7778,7234,98.082
7779,547,8.385
7779,578,99.504
7779,7780,53.834
7780,549,6.858
7780,578,126.827
7780,15015,27.520
7781,567,16.949
7781,15014,35.156
7782,2222,7.015
7782,2223,50.300
7782,7783,93.138
7783,550,8.385
7783,7784,52.258
7784,15443,25.819
7785,15442,168.994
7786,8726,9.166
7786,15434,31.706
7787,3406,39.776
7787,7788,13.562
7788,523,10.025
7789,7790,12.296
7789,12187,124.733
7790,3582,14.283
7791,70,9.679
7791,7792,125.995
7792,59,6.740
7792,7793,108.394
7793,5915,62.388
7794,3369,54.674
7794,7795,17.251
7795,42,9.282
7795,7796,31.023
7796,7797,476.308
7797,19,12.163
7797,24,190.594
7798,14,96.115
7798,9248,5.285
7800,2,157.695
7801,9641,80.675
7802,5838,12.787
7802,6581,102.772
7803,7306,13.600
7804,1745,100.780
7804,5810,35.182
7804,13512,66.445
7805,9083,33.183
7805,9916,28.570
7805,9917,6.701
7806,9298,8.945
7806,14830,5.607
7807,11379,58.750
7807,11385,7.589
7808,3883,26.037
7809,3897,43.817
7810,3952,12.508
7810,3953,18.291
7811,5026,122.709
7811,7812,61.408
7812,7811,61.408
7813,6948,64.367
7813,7814,57.840
7814,7813,57.840
7815,1191,72.528
7815,15293,64.537
7815,15314,44.897
7816,5069,140.056
7817,5069,8.341
7817,7818,215.421
7817,7823,63.036
7818,7817,215.421
7819,7820,162.274
7819,7825,18.651
7819,7827,44.946
7820,7819,162.274
7821,5070,64.392
7821,7822,159.448
7821,7827,18.088
7822,7821,159.448
7823,7817,63.036
7823,7824,157.176
7823,7829,12.465
7824,7823,157.176
7825,5071,69.999
7825,7819,18.651
7825,7826,107.489
7826,7825,107.489
7827,7819,44.946
7827,7821,18.088
7827,7828,118.307
7828,7827,118.307
7829,5070,55.136
7829,7823,12.465
7829,7830,216.986
7830,7829,216.986
7831,4070,12.583
7832,3966,77.460
7832,4858,31.101
7832,7833,66.910
7833,3963,11.499
7833,4861,98.484
7833,7832,66.910
7834,7835,67.414
7835,2556,65.410
7835,2557,31.741
7835,7834,67.414
7836,7837,296.938
7836,9269,14.389
7837,5875,12.527
7837,7836,296.938
7838,6902,32.018
7839,3459,7.740
7840,6663,78.986
7841,1424,38.502
7841,10348,31.666
7841,10359,3.943
7842,5459,66.989
7842,5460,5.974
7843,4210,64.767
7843,9453,67.964
7844,3924,14.906
7844,3927,25.545
7845,3923,14.011
7845,7844,65.278
7846,6337,118.179
7847,1792,218.247
7847,4514,90.148
7847,7848,96.712
7848,7847,96.712
7849,7053,8.044
7849,8518,3.775
7850,4384,10.691
7850,7852,100.337
7851,4410,10.870
7851,14383,102.491
7852,4378,18.597
7852,4384,99.989
7853,1664,79.798
7854,11034,46.894
7855,11041,14.546
7856,11041,44.517
7856,11042,6.532
7856,11048,23.066
7857,1609,90.453
7857,6939,27.531
7858,3688,36.045
7858,5751,43.227
7858,9140,7.554
7859,3693,16.260
7859,8245,39.220
7860,3693,3.155
7860,4926,105.945
7860,5771,17.653
7861,3693,10.814
7861,3695,44.617
7862,4929,20.987
7863,970,18.845
7863,3692,117.511
7864,3016,149.049
7864,3019,9.426
7864,11994,36.782
7865,3015,72.412
7865,7141,15.458
7866,5983,36.454
7867,3715,82.140
7868,309,92.002
7869,3718,50.095
7869,3726,126.692
7870,7210,304.606
7871,14916,11.405
7871,14922,70.618
7871,14923,64.270
7872,3517,83.144
7872,9208,16.465
7873,4922,64.662
7874,1118,61.419
7875,15081,22.286
7876,2647,195.421
7876,2654,31.458
7876,7877,22.358
7877,2651,104.654
7877,2654,21.584
7877,7876,22.358
7878,7663,99.440
7878,7879,72.320
7878,12490,10.420
7879,7878,72.320
7880,8620,68.496
7881,3546,37.200
7881,9808,21.333
7881,9809,70.539
7882,9810,73.025
7883,7265,9.237
7884,3836,157.398
7885,5705,34.756
7886,3857,14.115
7887,1779,81.269
7887,7888,69.753
7887,9478,41.334
7888,7887,69.753
7889,5825,21.771
7889,12459,50.802
7889,12462,83.833
7890,1338,75.341
7890,6603,75.761
7891,2800,4.516
7891,3632,47.690
7892,9039,64.327
7893,6933,80.464
7894,6936,7.912
7894,8894,4.008
7895,8893,9.896
7895,8895,2.102
7896,1262,28.236
7896,2892,77.871
7896,15180,10.449
7897,914,8.622
7898,2383,25.057
7898,5992,94.005
7899,1868,20.929
7899,2059,185.577
7899,2078,35.678
7900,7901,4.242
7900,14246,2.545
7901,7900,4.242
7901,14242,14.827
7901,14247,46.669
7902,3711,100.532
7903,3712,96.475
7904,1092,20.612
7905,4281,7.137
7905,7908,12.972
7905,13682,47.649
7906,7907,68.162
7906,7908,93.002
7906,13648,25.467
7907,7906,68.162
7907,7908,24.678
7907,13648,86.320
7908,7905,12.972
7908,7906,93.002
7908,7907,24.678
7909,6054,109.700
7909,6586,82.019
7909,8694,14.501
7910,14797,45.559
7911,1187,20.906
7911,2011,75.004
7911,14088,29.968
7912,6749,95.421
7912,14095,33.768
7912,14297,52.201
7913,3746,30.081
7914,6456,98.722
7914,7915,30.883
7915,7914,30.883
7916,7917,92.390
7917,7916,92.390
7917,15481,50.866
7918,704,11.436
7919,3605,105.629
7919,3606,39.739
7919,5990,181.235
7920,849,68.692
7920,885,156.300
7920,6437,23.180
7921,7922,35.575
7922,5644,125.998
7922,7921,35.575
7922,7923,53.706
7922,7926,20.966
7923,4764,98.472
7923,7922,53.706
7923,7924,43.736
7924,7923,43.736
7925,4001,16.846
7925,6819,137.155
7925,6820,27.326
7926,273,126.032
7926,4001,50.224
7926,7922,20.966
7927,2961,201.602
7927,7544,85.326
7927,13373,12.688
7928,2925,72.838
7929,2932,72.207
7929,13292,55.954
7929,13294,6.845
7930,7931,66.234
7931,2776,89.806
7931,7930,66.234
7932,4162,90.517
7932,4172,183.012
7933,5279,42.420
7933,5413,36.777
7934,4235,25.121
7934,5735,108.610
7935,5299,11.723
7935,7936,14.258
7935,8607,135.525
7936,1753,207.093
7937,3296,101.546
7937,7935,11.260
7938,6561,31.814
7938,9828,142.184
7939,6550,10.641
7939,13350,234.244
7940,2199,722.329
7940,2787,741.075
7941,3731,30.591
7941,7943,53.509
7941,7944,43.332
7942,7943,16.013
7943,7941,53.509
7943,7942,16.013
7943,12102,16.371
7944,3730,72.091
7944,7941,43.332
7944,7945,35.000
7945,7944,35.000
7946,3643,40.408
7947,2518,92.226
7948,1747,96.397
7948,5545,2.448
7948,7949,31.987
7949,7948,31.987
7949,7950,38.092
7949,7951,30.064
7950,7949,38.092
7951,7949,30.064
7952,2557,82.275
7952,3943,79.030
7952,7953,50.053
7953,7952,50.053
7954,4426,55.950
7954,14442,25.058
7955,14442,40.810
7956,7957,37.414
7956,12364,38.558
7957,7956,37.414
7958,754,36.923
7958,2326,38.001
7958,7960,70.077
7959,731,25.146
7959,754,40.330
7959,7960,81.378
7960,7958,70.077
7960,7959,81.378
7960,14693,37.358
7961,3756,25.953
7962,3756,24.268
7962,7963,38.779
7963,7962,38.779
7963,7964,2.650
7964,3755,55.724
7964,7963,2.650
7964,7965,12.960
7965,7964,12.960
7966,7969,35.859
7967,7968,128.759
7967,7969,38.545
7968,3755,56.952
7968,7751,109.228
7968,7967,128.759
7969,751,27.600
7969,3755,32.635
7969,7966,35.859
7969,7967,38.545
7970,7771,63.657
7970,7971,58.912
7971,7970,58.912
7972,7970,32.498
7972,7973,31.139
7973,7972,31.139
7974,7975,51.953
7974,8814,290.246
7974,11319,108.573
7975,7974,51.953
7976,7300,61.128
7976,7978,44.349
7977,7978,30.483
7978,7976,44.349
7978,7977,30.483
7978,7979,31.623
7979,7978,31.623
7980,3830,29.832
7981,7982,69.195
7981,15216,30.334
7982,1217,93.708
7982,7981,69.195
7982,15207,29.167
7983,13117,21.006
7984,4543,9.576
7984,13117,12.598
7985,6917,157.281
7985,8687,27.275
7986,1576,127.503
7986,7987,127.738
7986,15378,41.191
7987,1590,84.029
7987,4260,73.678
7987,7986,127.738
7988,1531,94.586
7988,7989,48.261
7989,7988,48.261
7990,1501,52.810
7990,5595,65.936
7990,7991,22.130
7991,7990,22.130
7992,7031,131.739
7993,5774,10.037
7994,209,173.456
7995,7996,8.071
7995,13853,16.568
7996,898,7.858
7997,7995,16.109
7997,13855,24.653
7998,5759,28.582
7998,8002,21.685
7998,13218,36.904
7998,13222,59.194
7999,8000,22.799
7999,13213,6.895
7999,13222,125.959
8000,7999,22.799
8000,8001,126.162
8000,13217,19.575
8001,8000,126.162
8001,8002,59.086
8001,13220,19.460
8001,13222,22.018
8002,7998,21.685
8002,8001,59.086
8002,13219,19.464
8003,2699,135.895
8003,8579,25.725
8004,13127,43.394
8004,13128,48.041
8004,13173,17.749
8005,13128,52.916
8006,1446,78.492
8006,2301,32.459
8006,10793,53.275
8007,3930,79.321
8007,3931,11.169
8008,7029,150.226
8008,8009,116.929
8008,13145,232.915
8009,8008,116.929
8009,9782,163.303
8009,13141,88.388
8010,3925,82.830
8010,4424,15.571
8011,1867,6.308
8012,3930,43.519
8012,3933,81.586
8012,8641,6.941
8013,5178,49.360
8013,7513,160.088
8013,8014,42.476
8014,8013,42.476
8014,8015,47.086
8014,8017,17.683
8015,8014,47.086
8016,8017,6.230
8017,8014,17.683
8017,8016,6.230
8017,8018,20.473
8018,8017,20.473
8019,3930,80.713
8019,8637,4.840
8019,8638,10.016
8020,3465,51.428
8021,8170,88.846
8022,4441,95.951
8023,9321,61.818
8024,8025,19.755
8024,8451,80.416
8025,8024,19.755
8025,15458,11.820
8025,15460,19.625
8026,15458,23.632
8027,3666,58.144
8027,8908,45.350
8027,15535,62.489
8028,4518,19.323
8028,4936,23.811
8028,8029,87.518
8029,3661,21.739
8029,3664,26.997
8029,8028,87.518
8030,4937,35.913
8030,8031,23.128
8031,8030,23.128
8031,15013,69.839
8032,8033,22.557
8032,9570,195.862
8032,10210,25.156
8033,8034,82.502
8034,8033,190.298
8034,8036,16.607
8035,5700,104.983
8035,9194,33.888
8035,15286,11.808
8036,10210,60.431
8036,15589,42.169
8037,1901,50.782
8037,1902,33.502
8037,8038,56.874
8038,8037,56.874
8039,2640,53.181
8040,8043,75.555
8041,1894,51.122
8041,8042,69.183
8041,8044,31.495
8042,8041,69.183
8042,8043,65.856
8042,8044,36.562
8043,8040,75.555
8043,8042,65.856
8043,8044,27.923
8044,8041,31.495
8044,8042,36.562
8044,8043,27.923
8045,7092,36.859
8045,8046,67.992
8045,12304,29.046
8046,8045,67.992
8046,12298,101.337
8046,12301,24.221
8047,8102,5.642
8047,8432,84.322
8047,11983,22.309
8048,6850,19.281
8049,7617,73.787
8049,8050,70.317
8050,8049,70.317
8051,1335,61.228
8051,10402,38.066
8052,10403,24.788
8053,8051,42.738
8053,10403,20.509
8054,13449,6.828
8054,13450,26.587
8055,1889,25.903
8055,4830,54.419
8055,8056,73.036
8056,8055,73.036
8057,458,10.605
8057,474,50.824
8057,8058,64.311
8058,2487,33.149
8058,8057,64.311
8059,425,12.170
8059,8060,66.262
8059,8179,35.079
8060,8059,66.262
8061,8062,77.671
8062,425,21.236
8062,426,34.239
8062,8061,77.671
8063,5681,92.039
8064,2987,13.450
8065,8066,128.406
8065,12585,48.630
8065,12586,94.604
8066,2986,23.316
8066,8065,128.406
8067,2670,6.888
8067,8069,108.251
8067,13829,21.429
8068,8069,15.400
8069,8067,108.251
8069,8068,15.400
8069,8070,32.783
8070,8069,32.783
8071,6429,36.041
8072,1099,20.423
8072,1100,135.611
8072,8073,94.426
8073,8072,94.426
8074,1151,8.174
8074,1153,27.304
8074,12557,37.034
8075,1151,2.948
8075,12572,33.466
8075,12573,14.231
8076,332,27.320
8076,3226,79.982
8076,8077,88.405
8077,3746,52.003
8077,6762,82.055
8077,8076,88.405
8077,8078,33.652
8078,8077,33.652
8079,313,115.574
8079,8080,76.946
8080,5611,46.465
8080,5612,53.950
8080,8079,76.946
8081,356,94.417
8081,396,133.645
8081,8082,41.588
8082,8081,41.588
8083,12084,14.703
8083,12217,6.841
8084,8085,66.597
8084,8293,27.907
8084,12531,27.529
8085,1124,101.928
8085,2668,14.735
8085,8084,66.597
8086,3731,32.236
8087,2376,46.825
8088,3749,69.997
8088,8089,40.657
8089,8088,40.657
8090,4633,47.324
8090,4848,2.373
8091,5385,74.422
8092,1663,40.597
8092,8093,51.387
8092,13304,28.602
8093,8092,51.387
8094,1659,41.878
8094,8125,22.305
8095,1796,17.778
8095,11380,44.137
8096,11385,20.722
8097,8096,6.514
8098,1663,38.976
8098,8099,39.742
8098,8490,28.017
8099,8098,39.742
8100,8101,41.236
8100,8812,29.865
8101,8100,41.236
8102,8047,5.642
8102,8563,20.923
8102,11982,36.914
8103,6771,45.124
8104,8107,20.493
8104,8117,88.534
8105,8110,16.815
8105,8112,31.191
8105,8113,29.673
8106,8107,29.490
8107,8104,20.493
8107,8106,29.490
8107,8108,28.975
8107,8110,21.058
8108,8107,28.975
8109,8110,31.937
8110,8105,16.815
8110,8107,21.058
8110,8109,31.937
8110,8111,28.999
8111,8110,28.999
8112,8105,31.191
8113,8105,29.673
8114,2800,107.238
8114,12210,33.024
8115,12211,19.029
8116,3815,73.283
8116,8684,70.437
8117,3802,62.597
8117,14024,6.673
8118,5792,33.702
8119,5892,124.779
8120,1679,13.667
8120,8903,6.307
8120,11023,64.288
8121,8903,22.189
8121,13309,26.387
8122,6788,15.342
8122,13947,100.969
8122,14025,12.244
8123,174,10.675
8123,3597,53.229
8124,1657,65.260
8125,8094,22.305
8126,8910,26.527
8126,11095,82.869
8126,13302,5.431
8127,2406,41.867
8127,14012,77.111
8128,14013,27.769
8129,8130,74.634
8129,15102,227.111
8130,8129,74.634
8131,4647,43.996
8131,6030,206.405
8131,8132,106.760
8132,8131,106.760
8133,1665,40.772
8134,5883,113.519
8134,9504,27.138
8135,2800,98.185
8135,8136,36.823
8135,8139,33.516
8136,8135,36.823
8137,2388,29.998
8138,2389,19.436
8139,2388,17.813
8139,8135,33.516
8140,8141,44.160
8140,8235,55.557
8140,12198,71.879
8141,8140,44.160
8142,3624,76.726
8142,8143,131.433
8143,8142,131.433
8144,8145,39.894
8144,9296,7.069
8144,14044,5.513
8145,8144,39.894
8146,3630,171.037
8146,13920,50.078
8147,8148,28.650
8147,12214,8.971
8147,13922,10.899
8148,8147,28.650
8148,13918,12.861
8148,13919,60.315
8149,982,12.102
8150,2175,57.396
8150,11443,41.240
8151,947,68.112
8151,14034,71.990
8151,15500,94.823
8152,8153,64.911
8152,12006,54.275
8153,8152,64.911
8153,12008,7.422
8153,12010,50.301
8154,903,44.044
8155,910,31.579
8155,8156,28.156
8155,14061,11.673
8156,8155,28.156
8156,14059,69.739
8156,14061,41.492
8157,881,5.229
8157,8158,12.733
8157,9154,18.110
8158,8159,41.935
8158,9153,18.776
8159,8158,41.935
8160,9153,10.220
8161,3447,189.031
8162,6520,34.605
8162,12321,34.167
8162,13754,7.383
8163,8329,33.080
8163,8331,11.287
8164,554,78.094
8164,609,158.668
8165,5447,8.503
8165,5545,36.625
8166,4916,10.300
8167,2438,59.087
8168,967,122.795
8168,14755,55.096
8168,14757,12.875
8169,14755,18.827
8170,7476,96.639
8170,8021,88.846
8171,9376,14.302
8171,9377,31.502
8172,9377,23.974
8173,6526,10.866
8173,8174,66.543
8174,8173,66.543
8175,4938,279.064
8175,8649,93.615
8176,973,58.270
8177,5921,65.388
8178,1831,78.151
8179,7479,33.449
8179,8059,35.079
8180,4535,22.913
8180,5622,44.622
8180,8181,49.021
8181,3710,23.131
8181,5621,45.319
8181,8180,49.021
8182,5622,27.047
8183,5621,30.776
8184,1064,67.594
8184,8185,90.315
8185,8184,12.006
8186,5795,10.722
8186,8187,51.406
8186,12699,34.706
8187,8186,51.406
8187,8188,158.899
8187,8189,30.948
8188,8187,158.899
8189,8187,30.948
8190,8191,38.653
8190,8193,78.093
8190,15133,11.235
8191,8190,38.653
8191,15131,96.176
8191,15132,83.033
8192,15132,98.374
8192,15133,55.998
8192,15134,71.129
8193,3275,22.737
8193,8190,78.093
8193,8194,40.787
8194,8193,40.787
8195,8196,23.753
8196,5312,40.152
8196,8195,123.353
8197,4541,36.210
8197,5734,121.671
8197,8198,22.212
8198,8197,22.212
8199,938,51.282
8200,1039,68.998
8200,1042,21.911
8200,6537,31.032
8201,1701,61.996
8201,1703,59.901
8201,5805,50.390
8202,12156,29.713
8202,12157,36.727
8203,8204,43.844
8203,11121,10.608
8203,11122,12.556
8204,6099,15.767
8204,8203,43.844
8204,10790,10.370
8205,10790,100.041
8206,8207,52.932
8206,8681,67.591
8207,3585,73.909
8207,8206,52.932
8207,8208,71.524
8208,3584,74.906
8208,8207,71.524
8208,8681,57.874
8209,7055,16.959
8209,8210,48.430
8209,13080,11.416
8210,8209,48.430
8210,13054,4.516
8210,13055,21.233
8211,4734,28.518
8212,1800,57.869
8212,12469,70.439
8213,8212,14.960
8213,8214,29.224
8214,8213,29.224
8214,8215,95.659
8214,12484,17.599
8215,8214,95.659
8215,12479,223.162
8216,5457,8.693
8216,8217,302.280
8216,11963,43.537
8216,11964,5.596
8217,3243,203.760
8217,4664,107.364
8218,6618,69.976
8219,5219,15.349
8219,8631,135.739
8220,5277,12.877
8220,13023,276.165
8220,14827,103.701
8221,1578,66.405
8222,6096,16.558
8223,13160,4.410
8224,5919,12.794
8224,8225,41.855
8224,8944,3.560
8225,8224,41.855
8226,8227,22.334
8226,8232,15.690
8226,12167,6.934
8227,8226,22.334
8228,14934,4.232
8229,4797,60.751
8229,14859,22.208
8229,14934,35.499
8230,8231,81.269
8231,1348,56.221
8231,8230,81.269
8231,13155,57.485
8232,8233,26.456
8232,12168,7.277
8232,13801,56.440
8233,8232,26.456
8234,1380,18.271
8234,12384,73.174
8235,2802,106.688
8235,8140,55.557
8235,8236,66.470
8236,8235,66.470
8236,8239,7.295
8236,13908,7.067
8237,931,53.424
8237,8238,38.793
8237,15480,21.834
8238,8237,38.793
8239,8236,7.295
8239,13903,9.629
8239,13906,7.268
8239,13907,13.289
8240,1369,18.144
8240,7580,83.645
8240,9685,106.543
8241,7696,72.197
8241,8242,67.958
8242,8241,67.958
8243,984,71.239
8243,8244,49.801
8243,15023,30.514
8244,8243,49.801
8245,7859,39.220
8245,8247,16.122
8245,8262,43.635
8246,7859,17.587
8246,8247,39.034
8247,8246,39.034
8248,2994,51.520
8249,6042,80.210
8250,3184,79.718
8250,8252,29.538
8250,8267,32.824
8251,8702,19.960
8252,8250,29.538
8252,8253,43.670
8252,8255,11.222
8252,8702,37.892
8253,8252,43.670
8254,8702,36.703
8255,8252,11.222
8256,8257,17.298
8257,8256,17.298
8257,14956,28.091
8258,4487,102.091
8258,4887,5.314
8258,5976,258.188
8259,5976,15.716
8260,8261,32.508
8260,9854,3.743
8260,14950,18.084
8261,8260,32.508
8262,8245,43.635
8262,8263,11.462
8262,9142,12.831
8263,3691,42.740
8263,8262,11.462
8263,8264,31.321
8263,9141,14.036
8264,3691,52.353
8264,8263,31.321
8265,8266,47.175
8266,3678,30.080
8266,8265,93.994
8267,3182,3.713
8267,8250,32.824
8267,8268,32.407
8268,8267,32.407
8269,4888,41.679
8269,8270,32.537
8269,10333,32.834
8270,4891,40.084
8270,8269,32.537
8270,10335,33.405
8271,8272,26.883
8272,2074,113.694
8272,4238,130.454
8272,8271,26.883
8273,7692,53.356
8273,8274,88.597
8273,8277,46.926
8274,8273,88.597
8275,5776,200.798
8275,5777,83.597
8275,8276,25.829
8276,8275,25.829
8277,7294,136.123
8277,8273,46.926
8277,8279,50.226
8278,8279,3.186
8279,8277,50.226
8279,8278,3.186
8280,4974,48.133
8280,8281,47.743
8280,14163,3.858
8281,2596,48.134
8281,2597,45.577
8281,8280,47.743
8282,3455,24.276
8282,3456,59.892
8282,13012,25.457
8282,13038,36.363
8283,13009,29.059
8284,3269,4.324
8284,8286,100.664
8284,12574,13.991
8285,8286,26.065
8286,8284,100.664
8286,8285,26.065
8286,8287,72.922
8287,8286,72.922
8288,1162,59.174
8288,12534,26.164
8288,12640,59.621
8289,2880,14.045
8289,8290,94.235
8290,5472,108.332
8290,8289,94.235
8291,2810,24.241
8291,5309,53.807
8291,8292,28.649
8292,8291,28.649
8293,2867,13.986
8293,5601,45.046
8293,8084,27.907
8293,12531,14.570
8294,4553,140.733
8295,3519,32.179
8295,5680,147.452
8296,8297,59.452
8297,6234,59.268
8297,8296,59.452
8298,8297,51.550
8298,8299,46.230
8299,8298,46.230
8299,9088,24.628
8299,11877,40.266
8300,9073,13.571
8300,9076,26.976
8300,11879,4.346
8301,3526,69.681
8301,3542,36.565
8301,15011,73.661
8302,6791,98.873
8302,11860,50.964
8302,15167,55.374
8303,11908,22.815
8303,11909,49.705
8303,11915,34.026
8304,5599,79.113
8305,2663,60.510
8306,11980,46.515
8307,2686,41.634
8307,8308,12.025
8308,7206,25.521
8308,8307,12.025
8309,3202,16.235
8309,5708,32.870
8309,7243,21.712
8310,3218,17.485
8310,6702,174.604
8310,8312,39.801
8311,8312,13.178
8311,14667,23.682
8311,14668,119.364
8312,8310,39.801
8312,8311,13.178
8313,8315,24.232
8314,639,72.143
8314,651,18.149
8314,8315,37.999
8315,639,51.340
8315,8313,24.232
8315,8314,37.999
8316,4297,61.938
8316,6314,46.324
8316,8319,27.525
8317,8318,21.903
8317,8319,45.145
8317,8321,51.400
8318,8317,21.903
8319,8316,27.525
8319,8317,45.145
8319,8320,52.242
8320,8319,52.242
8321,8317,51.400
8322,6273,47.490
8323,8324,18.777
8323,8327,64.147
8323,8328,20.640
8324,8323,18.777
8325,8327,22.873
8326,8327,21.409
8327,8323,64.147
8327,8325,22.873
8327,8326,21.409
8327,9023,32.236
8328,8323,20.640
8329,639,73.365
8329,8332,11.764
8330,8332,30.940
8331,3753,43.447
8331,8163,11.287
8331,8332,33.086
8332,8329,11.764
8332,8330,30.940
8332,8331,33.086
8333,1086,86.174
8333,8334,145.278
8333,12933,44.991
8334,1082,67.375
8334,8333,145.278
8334,12675,36.667
8335,8336,109.693
8335,12878,77.592
8335,14714,113.132
8336,1078,19.443
8336,8335,109.693
8336,8337,46.888
8337,8336,46.888
8338,545,91.070
8339,7047,57.778
8339,9014,31.480
8339,9015,5.210
8340,9015,21.117
8340,9016,58.668
8341,8342,44.093
8342,4757,114.614
8342,8341,134.128
8343,3823,77.820
8343,5650,8.368
8343,8344,15.386
8344,8343,15.386
8344,8548,91.942
8345,3821,79.626
8345,8547,26.967
8345,9138,8.237
8346,8347,10.494
8346,11061,45.826
8347,8346,10.494
8347,11238,85.416
8348,1442,33.256
8348,9871,70.046
8348,10382,56.250
8349,1476,90.335
8349,8350,57.722
8349,10882,43.099
8350,8349,57.722
8351,1449,98.815
8351,8577,82.648
8351,10506,15.033
8352,8353,78.813
8352,10504,73.444
8352,10506,81.081
8353,8352,78.813
8353,10505,49.842
8353,10506,4.663
8354,8442,50.328
8354,10305,15.662
8355,1032,10.543
8355,1033,52.351
8355,8356,34.091
8356,8355,34.091
8357,8358,135.112
8358,1465,24.124
8358,8357,135.112
8358,10581,7.133
8359,1416,75.633
8359,8956,3.743
8359,10675,33.033
8360,8361,278.108
8360,12663,40.524
8360,12762,9.259
8361,8360,278.108
8361,12763,14.233
8362,3865,19.023
8362,10736,43.236
8362,10750,42.061
8363,3479,52.615
8364,824,182.332
8365,8366,5.354
8365,13888,43.411
8366,9812,10.375
8366,14125,20.042
8367,2407,35.658
8368,824,57.419
8368,13866,7.229
8368,13868,27.228
8369,7727,26.830
8369,13792,7.796
8370,8371,38.432
8371,2061,6.923
8371,8370,166.519
8372,8373,26.328
8372,13794,9.014
8373,746,46.182
8373,13793,8.610
8374,3617,97.041
8374,7315,32.026
8375,9035,36.995
8376,7722,51.039
8376,8378,15.434
8376,13762,6.587
8377,13757,35.573
8378,8376,15.434
8378,13757,9.701
8378,13758,47.371
8379,1372,158.967
8379,5513,32.329
8379,10407,8.258
8380,8381,28.439
8380,10407,17.610
8381,8380,28.439
8382,61,11.849
8383,649,261.081
8383,2149,38.048
8383,3609,15.146
8384,8385,13.826
8385,821,7.599
8385,8384,13.826
8385,8386,15.915
8386,8385,15.915
8387,45,10.939
8387,9471,73.539
8388,45,22.353
8389,2413,125.516
8389,2419,58.800
8390,4736,15.719
8390,5850,71.940
8390,14002,10.276
8391,5851,22.527
8392,5850,84.113
8392,5851,18.496
8393,7093,7.693
8393,12302,6.939
8393,12303,7.715
8394,7093,50.547
8395,4658,53.295
8395,8396,72.539
8396,4230,57.970
8396,4658,21.458
8396,8395,72.539
8397,812,48.645
8397,6799,215.017
8397,8590,324.793
8398,884,37.065
8398,892,199.435
8398,8399,36.861
8399,8398,36.861
8400,9062,114.921
8401,592,59.163
8401,8402,116.251
8402,3440,76.988
8402,8401,116.251
8403,10186,81.884
8404,7511,14.218
8404,8405,28.919
8405,8404,28.919
8406,2385,86.524
8406,8407,29.499
8406,8410,24.654
8407,774,243.937
8407,8406,29.499
8407,13895,24.746
8408,3751,55.461
8409,2385,24.817
8409,8410,88.136
8410,5947,107.418
8410,8406,24.654
8410,8409,88.136
8411,5104,10.182
8411,8412,49.782
8412,8411,49.782
8413,3619,49.593
8413,5104,83.770
8413,8414,54.446
8414,8413,54.446
8415,3187,45.437
8415,5959,2.711
8415,8416,41.847
8416,8415,41.847
8417,8407,35.513
8417,13894,35.949
8418,8419,67.237
8419,8418,67.237
8419,11350,129.150
8420,5442,89.213
8421,3311,4.740
8421,12443,8.262
8422,8424,50.025
8422,12443,31.801
8422,12446,16.651
8423,12443,69.425
8423,12444,59.094
8423,12445,15.661
8424,8422,50.025
8424,12447,12.888
8424,12448,57.847
8425,8426,9.340
8425,8692,169.774
8426,4963,64.834
8426,8425,9.340
8427,1359,179.541
8428,1337,16.756
8428,6134,85.192
8428,8429,110.040
8429,8428,110.040
8430,9498,20.456
8431,8432,23.113
8431,11980,0.769
8432,8047,84.322
8432,8431,23.113
8432,11981,76.142
8433,6164,32.731
8433,7954,19.434
8434,8441,13.445
8434,10337,6.464
8434,10351,11.697
8435,2300,19.809
8435,10303,95.923
8435,10339,10.601
8435,10671,17.326
8436,2129,13.352
8436,8437,114.410
8436,14109,29.906
8437,8436,114.410
8437,12346,22.852
8437,14710,18.162
8438,6857,206.223
8439,10370,3.145
8440,7154,16.367
8440,10342,32.243
8440,10343,18.657
8441,8434,13.445
8441,10340,52.108
8441,10358,17.053
8442,5964,6.444
8442,8354,50.328
8442,10309,88.112
8443,8444,26.566
8443,10366,3.932
8443,10369,5.340
8443,10371,31.913
8444,8443,26.566
8444,10371,60.419
8445,8446,31.586
8446,4815,60.368
8446,8445,31.586
8446,8447,30.086
8447,5961,8.417
8447,5972,62.551
8447,8446,30.086
8448,2722,99.767
8448,2723,86.417
8448,8449,33.338
8449,641,42.515
8449,8448,33.338
8450,720,11.723
8450,2721,160.300
8451,8450,5.474
8452,548,27.248
8452,2726,62.414
8452,12333,3.805
8453,5984,73.735
8453,12189,124.987
8454,237,133.499
8454,8455,37.351
8455,8454,37.351
8456,3336,123.900
8456,12149,98.679
8457,8458,49.616
8457,10233,5.494
8458,8457,49.616
8459,4983,32.162
8460,1900,57.350
8460,8461,60.833
8461,8460,60.833
8462,6961,61.455
8462,8463,89.028
8463,8462,89.028
8464,9603,60.946
8465,1701,96.016
8465,1710,17.957
8465,8466,57.645
8466,1711,30.110
8466,6936,64.209
8466,8465,57.645
8467,8468,73.759
8468,1057,122.917
8468,8467,73.759
8469,2637,121.094
8470,8471,39.421
8471,4717,27.873
8471,4718,96.087
8471,8470,39.421
8472,4778,76.437
8472,8473,91.767
8472,11455,106.123
8473,8472,91.767
8474,7189,132.258
8474,11930,92.763
8474,11932,11.029
8475,1683,37.978
8475,2549,19.357
8475,8476,95.329
8476,8475,95.329
8476,8477,39.572
8477,2549,80.220
8477,8476,39.572
8477,8480,38.441
8478,8479,67.742
8478,8980,34.169
8478,9224,14.642
8479,8478,67.742
8480,6164,121.874
8480,8477,38.441
8481,7582,58.774
8481,8482,78.131
8481,9712,5.617
8482,8481,78.131
8483,8484,23.887
8483,14434,52.882
8483,14437,5.666
8484,8483,23.887
8485,3234,70.397
8485,12402,3.582
8485,12406,23.953
8486,9373,19.958
8486,9419,104.790
8487,2542,225.694
8487,8488,30.489
8488,6343,82.447
8488,8487,30.489
8489,6254,32.918
8490,8098,28.017
8490,8492,4.468
8490,8906,31.808
8491,8905,20.759
8491,8906,5.347
8492,8490,4.468
8492,8905,53.557
8493,8494,26.028
8494,4897,5.640
8494,8493,26.028
8495,936,92.924
8495,2432,106.751
8495,9487,24.697
8496,4446,48.902
8496,4940,110.250
8496,8497,133.637
8497,6192,7.387
8497,6193,30.871
8497,8496,133.637
8498,8499,53.623
8498,11968,12.096
8499,8498,53.623
8499,8500,45.959
8499,11971,28.132
8500,4661,27.421
8500,6061,145.228
8500,8499,45.959
8501,1185,74.399
8502,8503,50.867
8502,14603,30.450
8502,14604,52.659
8503,4305,31.325
8503,5682,25.354
8503,8502,50.867
8503,8505,42.002
8504,3903,114.775
8504,5101,54.707
8505,5682,67.856
8505,5683,30.865
8505,8503,42.002
8506,4905,38.197
8507,8858,61.111
8507,8864,58.849
8507,8865,130.481
8508,8509,42.463
8509,4007,22.067
8509,4009,22.706
8509,8508,42.463
8510,8511,83.526
8511,4716,12.698
8511,8510,83.526
8512,1832,23.471
8512,1838,83.645
8512,8513,126.202
8513,1820,51.935
8513,1832,43.368
8513,8512,126.202
8514,1796,92.838
8514,2169,104.445
8514,8515,55.270
8515,8514,55.270
8515,8516,22.719
8515,11381,48.283
8516,8515,22.719
8516,11382,19.925
8516,11383,15.799
8517,5073,117.131
8518,7849,3.775
8518,8520,76.020
8519,3964,64.231
8519,4228,28.427
8519,8521,10.062
8520,8518,76.020
8520,8521,2.640
8521,8519,10.062
8521,8520,2.640
8522,3622,49.599
8522,13862,6.573
8523,5689,43.539
8523,15368,20.461
8523,15371,41.691
8524,1211,53.953
8524,11869,12.423
8525,5780,28.919
8526,7008,102.189
8526,8527,44.121
8526,15319,177.828
8527,8526,44.121
8528,2633,13.542
8528,5376,71.216
8528,8529,108.758
8529,8528,108.758
8530,6001,17.199
8531,3199,26.043
8531,8533,107.328
8532,8533,7.259
8533,8531,107.328
8533,8532,7.259
8533,8534,30.941
8534,1204,10.274
8534,3199,107.957
8534,8533,30.941
8535,1326,66.422
8535,8536,24.619
8535,9050,31.931
8536,8535,24.619
8537,1323,76.503
8537,6599,31.134
8537,8538,72.467
8538,8537,72.467
8539,13735,37.807
8540,2076,17.759
8540,8541,53.544
8540,14214,34.121
8541,8540,53.544
8542,14840,157.305
8542,14841,8.183
8543,5714,362.773
8543,8544,193.328
8544,8543,193.328
8545,5717,15.256
8545,8546,66.680
8546,1573,113.327
8546,1586,14.823
8546,8545,66.680
8547,3823,40.343
8547,8345,26.967
8547,9137,7.333
8548,8344,91.942
8548,9137,103.138
8548,9138,68.722
8549,2285,77.750
8550,14078,190.163
8550,14238,76.816
8551,8552,106.149
8551,15000,72.828
8552,8551,32.079
8553,1414,283.163
8553,3849,52.199
8553,8554,286.911
8554,8553,286.911
8555,4177,22.029
8556,6005,148.150
8556,8609,40.641
8556,11980,14.894
8557,4194,43.713
8558,11440,47.513
8559,2170,22.741
8560,887,58.573
8560,892,55.210
8560,908,146.120
8561,953,34.452
8561,956,177.730
8561,8562,21.456
8562,8561,21.456
8563,7456,16.485
8563,8102,20.923
8563,11989,41.254
8564,7693,27.914
8564,15551,45.239
8565,15534,33.868
8565,15551,11.158
8565,15552,12.070
8566,6602,105.995
8567,4930,27.432
8567,8568,58.997
8567,15028,38.363
8568,8567,58.997
8569,13691,26.131
8570,13675,8.532
8571,5813,8.695
8571,12496,52.503
8572,13091,41.335
8573,5028,240.264
8574,1644,41.940
8574,7673,12.241
8574,8575,71.329
8575,8574,71.329
8576,6038,4.101
8576,7107,16.994
8577,8351,82.648
8578,8579,22.783
8579,8003,25.725
8579,8578,22.783
8580,7507,10.249
8580,7682,9.073
8581,1484,39.961
8581,6335,150.519
8582,3216,35.207
8583,2731,40.681
8583,2732,2.712
8584,6260,182.975
8585,2158,163.173
8586,7105,10.794
8587,3384,21.365
8588,2848,65.328
8589,8588,35.442
8590,663,219.066
8590,7012,214.126
8590,8397,324.793
8591,6858,166.522
8592,1798,8.945
8592,7343,21.512
8593,6439,18.125
8593,8592,9.684
8594,6439,29.856
8594,8593,26.258
8595,3240,174.377
8596,3240,6.149
8596,8594,172.517
8597,6426,64.115
8597,12449,9.602
8598,2293,283.813
8599,2606,43.134
8599,4714,43.300
8600,10035,13.838
8600,10036,4.945
8601,8602,6.468
8601,10037,13.700
8602,8601,6.468
8602,11956,14.177
8603,7399,8.453
8604,4423,206.631
8604,8605,25.672
8605,8604,25.672
8606,5530,8.365
8606,15596,39.615
8607,4959,31.009
8607,7935,135.525
8608,3364,17.859
8609,4304,64.913
8609,7139,53.763
8609,8556,40.641
8610,498,53.623
8610,547,66.324
8610,6068,34.073
8611,294,12.170
8611,2766,43.907
8611,2767,23.412
8612,106,62.566
8612,3086,23.804
8613,6315,167.790
8613,6408,10.274
8613,8979,18.341
8614,837,54.749
8615,814,51.479
8616,803,34.600
8616,829,99.829
8617,2243,199.284
8617,2462,14.097
8617,8618,22.842
8618,862,30.652
8618,2457,99.223
8618,8617,22.842
8619,1377,35.308
8619,4801,22.938
8619,13158,6.615
8620,565,26.990
8620,613,78.934
8620,7880,68.496
8621,2597,26.268
8621,4163,46.323
8621,13610,89.035
8622,2966,52.973
8623,6202,13.714
8623,14453,27.928
8624,1749,17.784
8624,14494,42.737
8624,14496,8.404
8625,2481,109.681
8626,2298,42.789
8626,2299,82.655
8627,1245,113.608
8627,8628,98.932
8627,14268,47.648
8628,8627,98.932
8629,2635,464.940
8630,2434,57.942
8630,2436,83.167
8631,8219,135.739
8632,5565,4.093
8632,5566,33.448
8632,5588,23.179
8633,4035,110.399
8633,4037,94.320
8633,4038,42.858
8634,345,70.329
8635,407,38.886
8635,418,4.754
8635,3601,133.308
8636,7047,52.197
8636,7742,29.604
8637,8019,4.840
8638,8019,10.016
8638,8639,9.568
8639,8638,9.568
8639,8640,10.021
8640,3927,19.699
8640,8639,10.021
8641,8012,6.941
8642,8643,9.000
8642,12874,78.410
8642,12875,56.191
8643,4599,25.071
8643,8642,9.000
8644,2540,137.393
8644,2541,118.493
8644,8647,118.832
8645,3864,46.247
8646,1472,254.211
8646,1475,71.148
8647,8644,118.832
8648,1529,166.643
8648,1533,16.122
8649,8175,93.615
8650,8651,94.555
8650,10219,13.653
8651,8650,94.555
8652,14596,91.779
8653,15382,3.767
8654,6934,36.985
8655,8656,16.976
8656,8655,16.976
8656,8887,8.456
8657,4033,54.082
8657,5477,82.020
8657,8658,38.904
8658,8657,38.904
8659,4036,9.454
8659,8660,43.592
8659,8665,8.898
8660,8659,43.592
8661,1793,67.862
8661,8662,74.554
8662,8661,74.554
8663,8664,27.342
8664,4709,41.707
8664,8663,27.342
8664,12413,65.098
8665,6007,68.389
8665,8659,8.898
8665,8666,72.294
8666,8665,72.294
8667,3130,61.033
8668,4031,92.380
8668,4714,36.156
8668,8669,47.640
8669,8668,47.640
8670,357,83.988
8670,2706,44.845
8670,8671,51.371
8671,335,25.872
8671,8670,51.371
8672,11372,73.269
8673,11348,556.377
8674,8673,25.971
8675,4304,18.486
8675,6672,171.187
8676,11660,12.557
8676,11666,9.550
8676,11669,40.719
8677,3558,52.487
8678,6846,66.718
8679,7043,39.835
8680,5799,8.727
8681,8206,67.591
8681,8208,57.874
8682,2392,31.406
8683,2393,43.144
8683,2398,108.870
8684,8116,70.437
8685,4024,20.500
8686,4020,14.486
8686,12412,12.683
8686,12413,40.052
8687,7985,27.275
8688,6702,77.533
8689,2546,103.731
8689,4297,80.403
8690,9067,9.683
8690,10116,36.038
8691,9070,44.125
8692,6187,234.033
8692,8425,169.774
8692,8693,13.558
8693,5124,174.235
8694,7909,14.501
8694,8804,79.244
8695,1211,191.323
8695,5779,56.697
8695,15303,137.585
8696,5780,33.071
8696,8697,42.330
8696,11869,17.724
8697,8696,42.330
8698,1080,37.254
8698,15060,44.801
8698,15062,50.301
8699,1068,59.513
8699,1074,5.593
8699,1076,80.013
8700,6192,4.228
8701,5978,53.244
8702,8251,19.960
8702,8252,37.892
8702,8254,36.703
8703,3091,58.875
8703,6704,35.289
8704,167,17.400
8704,8705,49.231
8705,8704,49.231
8706,115,60.775
8706,3356,53.780
8707,3236,73.885
8707,6982,6.205
8708,10289,19.744
8708,11181,6.508
8709,2121,106.078
8709,8710,19.577
8710,8709,19.577
8710,10289,51.782
8711,9127,35.747
8711,13178,11.679
8712,1554,50.993
8712,3265,20.693
8712,8713,111.680
8713,8712,111.680
8714,1286,33.013
8714,12850,11.098
8715,3115,14.809
8715,3117,16.492
8716,13697,8.731
8717,8718,43.729
8717,9030,6.700
8717,12274,2.876
8718,8717,43.729
8719,5917,55.511
8720,3214,405.047
8721,817,9.935
8721,8815,168.103
8722,9720,12.238
8723,5208,10.420
8724,459,5.757
8724,532,125.825
8724,7395,44.690
8725,41,83.138
8725,4561,168.837
8726,7786,9.166
8726,15441,56.012
8727,5187,16.775
8727,8728,199.287
8727,11592,137.947
8728,5187,21.152
8729,9697,174.166
8730,2199,17.552
8730,2787,40.360
8731,1847,35.737
8731,1848,11.015
8732,2331,34.050
8732,11486,53.738
8733,1404,57.558
8733,2331,46.054
8733,8734,65.520
8734,5212,46.982
8735,12869,41.480
8735,12873,19.237
8736,8737,57.042
8737,8738,19.495
8737,8777,9.037
8738,8776,114.964
8739,8750,107.697
8740,3834,13.720
8740,3836,288.364
8740,8757,35.185
8741,1283,475.959
8741,4770,22.054
8741,8747,336.294
8742,7000,176.899
8743,6769,128.716
8743,8779,56.152
8744,6355,644.554
8744,8745,17.884
8745,6348,19.995
8745,8773,560.526
8746,7286,24.569
8747,7285,174.207
8747,8748,25.867
8748,4770,350.218
8748,8747,25.867
8749,8750,14.181
8749,8751,182.872
8750,8749,14.181
8750,8754,162.869
8751,8741,31.980
8751,8752,19.042
8752,8739,84.084
8752,8751,19.042
8753,8749,160.448
8753,8754,15.221
8754,8753,15.221
8754,8756,48.483
8755,8753,48.905
8755,8756,13.475
8756,8740,50.026
8756,8755,13.475
8757,8758,13.954
8757,8759,148.993
8758,3834,34.053
8758,8757,13.954
8759,8760,8.927
8760,8744,46.182
8760,8761,16.672
8761,1305,8.395
8761,8763,30.721
8762,1305,25.155
8762,8763,6.219
8763,8762,6.219
8763,8765,76.384
8764,8762,75.627
8764,8765,6.852
8765,8764,6.852
8765,8767,182.600
8766,8764,183.397
8766,8767,8.162
8767,8766,8.162
8767,8768,62.058
8768,1283,8.707
8768,8769,105.149
8769,8770,7.253
8769,8772,171.506
8770,1283,108.432
8770,8769,7.253
8771,8770,164.789
8772,7290,130.551
8772,8771,6.558
8773,8774,18.903
8773,8775,114.340
8774,6348,563.648
8774,8773,18.903
8775,8776,18.065
8775,8777,133.108
8776,8774,112.902
8776,8775,18.065
8777,8737,9.037
8777,8778,64.721
8778,8742,22.695
8778,8779,9.265
8779,8736,10.274
8779,8778,9.265
8780,8781,18.990
8780,8782,42.165
8781,1192,67.819
8781,8780,18.990
8782,8783,21.196
8782,8784,108.272
8783,8781,42.250
8783,8782,21.196
8784,7362,111.489
8784,8785,23.094
8785,8783,107.085
8785,8784,23.094
8786,8714,47.836
8786,13213,16.351
8787,1853,10.728
8787,8786,117.358
8788,8787,18.609
8789,1293,11.316
8789,9790,70.014
8790,8003,370.890
8790,8789,16.842
8791,1291,13.360
8791,1306,290.623
8791,10465,14.319
8792,5759,9.786
8792,13248,96.842
8793,8794,22.296
8793,14233,196.981
8794,8793,22.296
8794,9285,69.803
8795,1157,32.282
8795,8796,23.190
8796,2692,28.345
8796,8795,23.190
8797,2791,21.431
8797,6817,12.832
8798,5783,13.058
8798,14314,20.496
8799,5335,174.493
8800,5336,174.425
8801,3549,16.115
8801,8800,9.914
8802,3547,7.171
8803,2010,4.764
8803,8805,36.065
8804,2119,7.472
8804,12606,36.476
8805,7909,85.560
8805,8804,16.447
8806,3547,7.340
8806,8801,8.414
8807,9614,13.175
8807,9747,12.829
8808,1271,123.180
8809,5131,17.431
8809,8808,26.527
8809,8810,25.322
8810,6759,119.559
8810,8809,25.322
8811,1263,139.405
8811,8808,28.260
8812,6962,12.461
8812,8813,26.050
8813,1268,36.071
8813,8812,26.050
8814,5865,149.088
8814,7381,6.795
8814,7974,290.246
8815,875,79.848
8815,3662,10.198
8816,3409,21.434
8816,8821,13.784
8817,3408,297.468
8817,8818,13.720
8818,8816,42.302
8818,8817,13.720
8819,1061,41.925
8819,8820,7.669
8820,6415,468.411
8820,8819,7.669
8821,8816,13.784
8821,8817,43.456
8822,3698,6.763
8822,8823,10.156
8823,2984,6.658
8823,8822,10.156
8824,1006,30.657
8824,3799,19.826
8824,8825,88.605
8825,990,100.296
8825,999,7.527
8825,8824,88.605
8826,968,11.081
8826,3788,24.008
8827,8828,42.330
8828,2076,186.320
8828,8827,42.330
8828,14199,115.180
8829,1198,279.367
8830,8834,772.227
8831,2608,88.356
8832,12907,54.073
8832,12908,66.344
8832,12909,19.216
8833,12909,24.397
8833,14254,3.490
8834,8836,41.666
8835,8831,787.511
8836,4316,42.514
8837,8835,31.055
8837,14255,211.883
8838,5234,279.251
8838,8839,10.259
8839,7994,21.556
8839,8838,10.259
8840,7079,162.476
8841,7078,316.637
8842,4330,2114.897
8843,7075,1303.460
8843,8844,706.339
8844,7001,2497.611
8845,5250,24.793
8845,9708,12.333
8846,4450,190.296
8846,4451,102.584
8847,7095,71.741
8847,9268,7.137
8848,7074,135.098
8849,1778,13.683
8850,6998,149.881
8851,6039,10.076
8851,7939,9.609
8852,48,86.593
8852,55,86.122
8852,7630,32.705
8853,2847,47.392
8854,5123,76.056
8855,8856,12.431
8856,4427,16.803
8856,14400,53.442
8857,2631,36.505
8857,3291,12.097
8858,8507,61.111
8858,8859,32.199
8858,13469,80.580
8859,2142,86.567
8859,2143,18.190
8859,8858,32.199
8860,8861,26.640
8860,8862,128.514
8860,13467,11.968
8861,8860,26.640
8861,8862,143.733
8861,8864,70.898
8862,8860,128.514
8862,8861,143.733
8862,13466,41.038
8863,8864,120.309
8863,8865,32.877
8863,13465,56.756
8864,8507,58.849
8864,8861,70.898
8864,8863,120.309
8865,8507,130.481
8865,8863,32.877
8865,13468,36.171
8866,584,18.002
8866,2364,28.451
8866,8867,61.199
8867,8866,61.199
8868,12122,37.738
8869,3225,63.519
8870,11891,44.979
8871,1421,68.562
8871,11887,13.600
8872,91,32.270
8872,3583,111.706
8872,8873,28.953
8873,8872,28.953
8874,7044,107.536
8875,5655,208.246
8875,8876,29.287
8875,8877,18.361
8876,8875,29.287
8877,1119,150.015
8877,8875,18.361
8877,8878,29.049
8878,8877,29.049
8879,5337,43.258
8879,11629,29.601
8880,3084,256.879
8880,8881,56.816
8881,8880,56.816
8882,7270,90.088
8882,7467,57.196
8882,8883,74.473
8883,8882,74.473
8884,625,27.593
8885,841,40.835
8885,8886,94.567
8886,8885,94.567
8887,1598,68.146
8887,8656,8.456
8887,8889,13.901
8887,8890,4.425
8888,8889,3.905
8888,8890,14.014
8889,6934,38.920
8889,8887,13.901
8889,8888,3.905
8890,8887,4.425
8890,8888,14.014
8891,6086,19.833
8891,6087,78.267
8891,6089,25.771
8892,6086,21.159
8892,6087,58.166
8892,6088,5.564
8893,1695,17.215
8893,6936,19.790
8893,7895,9.896
8894,7894,4.008
8894,8895,20.246
8895,7895,2.102
8895,8894,20.246
8896,2455,137.824
8896,4589,11.269
8897,885,10.096
8897,6926,143.380
8898,1692,38.935
8898,5476,47.927
8898,14167,69.415
8899,1656,31.874
8899,8900,21.044
8899,8901,42.286
8900,8899,21.044
8900,8901,31.321
8900,8902,21.096
8901,6019,14.034
8901,8899,42.286
8901,8900,31.321
8902,8900,21.096
8903,8120,6.307
8903,8121,22.189
8904,6937,2.560
8905,6937,4.453
8905,8491,20.759
8905,8492,53.557
8906,4897,53.459
8906,8490,31.808
8906,8491,5.347
8907,3667,43.315
8908,3663,41.716
8908,8027,45.350
8908,8909,31.605
8909,8908,31.605
8910,8126,26.527
8910,8912,77.113
8910,8913,17.551
8911,8912,72.566
8911,8913,20.644
8911,8914,20.164
8912,8910,77.113
8912,8911,72.566
8912,8914,17.292
8913,8910,17.551
8913,8911,20.644
8913,8914,41.809
8914,8911,20.164
8914,8912,17.292
8914,8913,41.809
8915,8916,30.994
8915,8917,23.222
8915,8924,22.353
8916,8915,30.994
8917,6205,19.949
8917,8915,23.222
8917,8918,31.116
8918,8917,31.116
8919,3458,44.606
8919,5788,16.609
8919,15277,70.959
8920,5672,165.445
8921,4941,245.416
8922,6206,32.025
8922,8923,23.505
8922,8924,9.545
8923,8922,23.505
8923,8924,17.156
8923,8925,16.014
8924,8915,22.353
8924,8922,9.545
8924,8923,17.156
8925,8923,16.014
8926,1737,27.440
8926,4493,13.426
8927,6023,131.766
8927,6024,15.978
8927,8928,28.059
8928,8927,28.059
8929,5864,62.808
8930,5864,79.843
8931,3492,8.073
8931,5466,102.985
8931,8932,200.416
8932,8931,200.416
8933,8934,44.403
8934,1247,47.531
8934,8933,44.403
8935,1243,40.711
8935,8936,78.692
8936,8935,78.692
8937,4179,43.151
8937,5410,26.526
8937,13396,63.604
8938,13393,58.379
8938,13394,3.449
8939,6227,134.575
8939,8940,53.618
8940,2286,297.014
8940,7035,17.240
8940,8939,53.618
8941,1385,139.399
8941,1396,9.804
8941,8942,65.938
8942,8941,65.938
8943,10871,21.970
8944,1965,74.781
8944,8224,3.560
8944,8946,6.217
8945,5919,6.939
8945,8946,16.013
8946,8944,6.217
8946,8945,16.013
8947,6176,40.114
8947,8948,24.431
8947,10532,11.765
8947,10537,13.579
8948,8947,24.431
8948,10531,21.181
8948,10538,18.528
8949,6118,6.752
8949,8957,19.418
8949,10538,5.809
8950,6767,53.796
8950,8953,16.859
8950,10799,32.041
8951,1364,98.883
8951,6767,44.170
8951,8952,8.214
8952,8951,8.214
8952,8953,76.374
8953,8950,16.859
8953,8952,76.374
8954,8955,33.917
8955,6118,4.791
8955,8954,33.917
8956,8359,3.743
8956,8957,12.905
8956,10816,10.770
8957,8949,19.418
8957,8956,12.905
8957,10817,10.033
8958,1416,60.359
8958,10677,39.573
8959,10677,21.557
8960,10714,15.949
8960,10715,25.577
8960,10716,42.564
8961,8962,52.264
8962,6081,10.257
8962,8961,52.264
8963,4779,64.938
8963,9502,174.691
8964,2877,61.261
8964,2879,38.112
8964,8965,17.843
8964,11281,47.295
8965,8964,17.843
8966,3208,114.541
8966,11463,6.730
8967,6686,29.032
8967,8968,74.860
8967,15161,72.269
8968,1575,107.901
8968,6685,31.019
8968,8967,74.860
8969,1545,82.083
8969,6686,29.202
8969,8970,75.886
8970,1552,77.232
8970,6685,38.350
8970,8969,75.886
8971,1836,94.974
8971,8972,18.466
8971,8973,7.362
8972,1828,30.174
8972,8971,18.466
8972,8974,6.818
8973,8971,7.362
8973,8974,113.726
8974,8972,6.818
8974,8973,113.726
8975,5319,168.050
8976,5170,3115.737
8977,882,12.628
8977,9665,38.633
8978,6289,48.393
8979,8613,18.341
8980,8478,34.169
8980,8981,23.397
8980,8982,39.378
8981,2552,161.806
8981,5342,96.821
8981,8980,23.397
8982,8980,39.378
8983,1709,13.637
8983,3936,100.691
8983,8984,33.326
8984,8983,33.326
8984,8985,42.964
8984,8986,82.249
8985,8984,42.964
8986,3936,61.503
8986,8984,82.249
8987,3936,6.909
8987,14445,53.221
8988,8989,27.014
8988,14511,22.195
8989,2560,9.301
8990,14503,5.166
8991,4911,79.223
8991,4913,28.109
8991,9270,24.731
8992,8994,28.366
8992,9272,18.588
8992,12485,44.675
8993,4912,26.835
8994,8992,28.366
8995,3287,8.937
8995,5580,34.909
8995,9003,9.932
8996,9000,13.615
8997,8998,27.968
8998,8997,27.968
8998,9001,19.652
8998,9003,18.756
8999,9000,28.065
9000,8996,13.615
9000,8999,28.065
9000,9001,4.468
9001,8998,19.652
9001,9000,4.468
9001,9002,22.602
9002,9001,22.602
9003,8995,9.932
9003,8998,18.756
9004,5929,42.754
9004,9006,9.721
9005,9006,57.936
9005,9007,3.901
9006,9004,9.721
9006,9005,57.936
9007,2324,114.364
9007,5929,43.150
9007,9005,3.901
9008,1816,9.177
9008,2167,39.877
9008,9009,23.848
9009,9008,23.848
9010,6635,90.463
9010,9011,15.674
9010,9013,26.519
9011,6501,118.556
9011,9010,15.674
9011,9012,26.583
9012,9011,26.583
9012,9013,17.007
9013,9010,26.519
9013,9012,17.007
9014,461,28.151
9014,8339,31.480
9014,9016,5.493
9015,8339,5.210
9015,8340,21.117
9015,9016,31.378
9016,8340,58.668
9016,9014,5.493
9016,9015,31.378
9017,2166,18.397
9017,2168,14.169
9017,9018,25.202
9018,9017,25.202
9019,5027,94.112
9019,9020,47.719
9020,5027,82.415
9020,9019,47.719
9020,9922,2.226
9021,2671,11.540
9021,9022,25.999
9021,13769,33.241
9022,9021,25.999
9023,8164,41.621
9023,8327,32.236
9024,1774,39.582
9024,9026,13.871
9024,9027,16.421
9025,9027,60.740
9025,9028,46.799
9026,6193,103.730
9026,9024,13.871
9026,9028,10.875
9027,9024,16.421
9027,9025,60.740
9027,9028,12.256
9028,9025,46.799
9028,9026,10.875
9028,9027,12.256
9029,649,46.466
9029,2159,73.172
9030,8717,6.700
9030,12272,18.350
9030,12273,42.273
9031,5428,32.878
9031,5429,33.262
9031,9032,45.427
9032,9031,45.427
9033,5673,61.388
9033,5674,63.102
9033,9034,32.497
9034,9033,32.497
9035,3623,118.110
9035,4752,86.844
9035,8375,36.995
9036,2013,149.729
9036,5317,113.578
9037,1007,62.245
9037,1013,72.513
9037,6222,51.534
9038,2064,16.206
9038,5323,137.493
9039,5151,12.455
9039,7892,64.327
9039,9040,20.156
9040,9039,20.156
9041,9043,5.056
9041,9044,33.537
9042,9043,15.670
9043,9041,5.056
9043,9042,15.670
9043,9044,41.118
9044,7644,52.357
9044,9043,41.118
9045,2994,36.315
9045,9046,10.401
9046,7696,3.494
9046,9045,10.169
9047,9048,38.559
9047,9049,15.041
9048,4750,16.279
9048,9047,38.559
9049,4750,36.956
9049,9047,15.041
9050,8535,31.931
9050,9051,40.321
9050,15523,36.155
9051,9050,40.321
9052,3205,10.306
9052,6356,44.996
9053,6347,23.039
9053,9054,40.939
9054,3843,22.267
9054,9052,60.934
9055,1754,73.244
9055,1757,9.466
9056,783,73.815
9056,9057,23.981
9057,745,26.043
9057,9056,23.981
9057,9058,9.987
9058,9059,95.677
9059,6976,123.271
9059,9057,115.197
9060,4937,13.917
9060,5619,8.045
9061,9062,16.612
9061,15463,15.958
9062,4230,61.595
9062,8400,114.921
9063,4937,6.822
9063,5620,13.581
9063,9061,30.490
9064,5965,42.212
9064,5966,53.248
9065,3285,15.627
9065,9066,24.554
9066,9065,24.554
9067,6476,43.077
9067,8690,9.683
9067,9068,9.135
9068,9067,9.135
9068,9069,38.266
9068,9070,24.215
9069,9068,38.266
9069,9070,26.984
9069,9071,9.834
9070,8691,44.125
9070,9068,24.215
9070,9069,26.984
9071,6475,58.595
9071,9069,9.834
9072,8298,115.525
9072,11881,14.999
9073,8300,13.571
9073,11878,19.789
9073,11880,25.552
9074,9077,33.281
9074,9084,14.876
9074,11876,35.453
9075,9076,18.815
9075,9080,26.446
9075,11881,26.347
9076,8300,26.976
9076,9075,18.815
9076,9079,25.523
9076,9085,28.820
9077,9074,33.281
9077,9078,34.095
9077,9086,18.913
9078,9077,34.095
9078,9087,35.673
9078,11877,32.038
9079,9076,25.523
9079,9080,17.961
9079,9081,24.904
9079,9087,23.927
9080,9075,26.446
9080,9079,17.961
9080,9082,27.631
9081,9079,24.904
9081,9082,14.011
9081,9088,19.584
9082,9080,27.631
9082,9081,14.011
9083,7805,33.183
9084,9074,14.876
9084,9085,19.657
9084,11880,9.236
9085,9076,28.820
9085,9084,19.657
9085,9086,11.936
9086,9077,18.913
9086,9085,11.936
9086,9087,20.019
9087,9078,35.673
9087,9079,23.927
9087,9086,20.019
9087,9088,19.840
9088,8299,24.628
9088,9081,19.584
9088,9087,19.840
9088,11877,39.746
9089,1393,15.662
9089,9090,15.783
9090,10805,250.124
9091,2261,20.744
9092,7121,5.584
9092,7356,3.582
9093,1049,205.997
9093,2229,11.129
9094,9545,152.455
9095,6229,98.803
9096,6223,144.792
9097,1366,13.521
9097,9098,51.245
9097,10285,8.306
9098,9097,51.245
9099,4311,48.663
9099,6377,27.267
9100,3932,63.865
9101,9102,193.635
9101,14635,20.460
9101,14636,3.893
9102,9101,193.635
9103,2784,61.095
9104,2860,85.345
9105,2196,118.654
9106,9104,183.969
9107,224,49.467
9108,825,128.492
9108,9109,85.765
9109,2234,175.349
9109,9108,85.765
9110,4081,104.537
9111,1988,1940.407
9112,1448,119.393
9112,2837,24.918
9113,2817,20.116
9113,3032,101.448
9114,2116,9.258
9115,1251,64.448
9116,5130,148.460
9117,2684,11.153
9117,6875,246.353
9118,2683,274.717
9119,9819,247.436
9119,12112,26.629
9119,12113,49.551
9120,12110,8.460
9120,12112,9.466
9121,9551,33.554
9122,9004,22.728
9122,9123,22.666
9123,9122,22.666
9124,3948,4.007
9124,4859,41.990
9124,6237,63.407
9125,11855,159.025
9125,11860,45.758
9125,11863,14.403
9126,3333,9.148
9126,3334,33.783
9127,5775,10.454
9127,13179,12.231
9127,13183,64.879
9128,1302,9.317
9128,12022,52.099
9129,5494,27.629
9129,9231,49.673
9129,13447,21.642
9130,10290,12.049
9131,7669,16.528
9132,9131,8.182
9132,14436,28.444
9133,159,10.491
9133,3433,100.715
9134,5801,15.913
9135,5056,105.298
9135,9136,12.091
9136,9135,12.091
9136,13407,29.197
9137,8548,103.138
9137,9138,29.565
9138,8345,8.237
9138,8548,68.722
9138,9137,29.565
9139,7155,10.421
9139,7156,21.087
9140,3691,18.141
9140,7858,7.554
9140,9141,48.978
9141,8263,14.036
9141,9140,48.978
9141,9142,11.360
9142,8262,12.831
9142,9141,11.360
9142,15487,11.866
9143,4678,35.125
9143,9144,69.729
9143,9926,15.358
9144,1766,22.146
9144,4677,35.126
9144,9143,69.729
9145,9146,74.722
9146,9145,74.722
9146,9147,36.721
9146,9148,31.053
9147,9146,36.721
9148,9146,31.053
9148,11016,23.191
9148,11318,40.440
9149,1664,93.055
9150,3761,29.224
9150,9151,62.953
9150,9152,29.578
9151,9150,62.953
9151,9152,36.812
9152,9150,29.578
9152,9151,36.812
9153,8158,18.776
9153,8160,10.220
9153,9156,10.057
9154,898,64.931
9154,8157,18.110
9155,4738,8.449
9155,13814,32.435
9156,9154,2.606
9157,1332,9.202
9158,6953,6.881
9158,10150,78.539
9159,5593,523.245
9159,8543,166.700
9160,9159,70.322
9160,9161,37.475
9161,7039,9.941
9161,9160,37.475
9161,14594,153.202
9162,9163,22.920
9162,9165,19.570
9162,13118,70.217
9163,9162,22.920
9163,9167,28.021
9163,13118,16.568
9164,7108,31.963
9164,9165,202.862
9164,13118,18.014
9165,7108,235.654
9165,9162,19.570
9165,9164,202.862
9166,5792,29.398
9166,5793,80.777
9166,14123,31.626
9166,14124,1.524
9167,9163,28.021
9168,6585,142.590
9169,3856,41.647
9169,9171,41.118
9169,11814,24.997
9170,3852,39.460
9170,3854,21.109
9170,9171,41.321
9171,3855,40.494
9171,9169,41.118
9171,9170,41.321
9172,14120,9.054
9173,5793,59.315
9173,5794,44.535
9173,14122,46.424
9174,6098,38.182
9174,9175,26.001
9174,10742,9.131
9175,9174,26.001
9176,9493,48.034
9177,9181,47.913
9177,13605,19.426
9177,13607,16.944
9178,5395,33.155
9179,3958,20.798
9179,13487,7.795
9179,13507,19.247
9180,3956,21.798
9180,13507,19.768
9180,13509,23.908
9180,13511,15.142
9181,9177,47.913
9182,9465,40.009
9183,7272,14.360
9184,9185,8.426
9184,11548,95.035
9185,7374,87.769
9185,9184,8.426
9186,6239,110.868
9187,6239,66.103
9187,9188,62.669
9187,9189,28.801
9188,9187,62.669
9189,9187,28.801
9190,9193,14.865
9191,9190,5.887
9191,9192,39.876
9192,1188,87.766
9192,4473,6.787
9193,5701,9.091
9194,8035,33.888
9194,15288,72.534
9194,15289,48.496
9195,5581,64.685
9195,6807,13.965
9195,9433,7.651
9196,6997,196.546
9196,9198,12.337
9197,5456,97.321
9197,6242,8.351
9198,9197,4.160
9199,5581,16.604
9199,5582,197.978
9199,6807,62.012
9200,4561,12.797
9200,5821,181.169
9201,3610,59.616
9201,9202,23.735
9201,12091,24.082
9202,2041,9.429
9202,9201,23.735
9203,3622,176.598
9203,8142,44.139
9204,3128,126.720
9204,7557,35.735
9204,9205,25.322
9205,9204,25.322
9206,895,81.564
9206,908,24.647
9206,9207,104.613
9207,908,22.163
9207,918,49.390
9207,9206,104.613
9208,7872,16.465
9208,9209,30.070
9208,9210,32.616
9209,9208,30.070
9210,9208,32.616
9211,918,48.149
9211,9212,38.933
9212,914,109.305
9212,9211,38.933
9213,5660,9.612
9213,5662,120.886
9213,10142,91.104
9214,1428,11.575
9214,6213,196.902
9215,1904,63.648
9216,5767,11.923
9216,9217,44.641
9217,3526,230.961
9217,9218,11.640
9218,5767,44.174
9218,9217,11.640
9219,6691,45.240
9220,3526,14.641
9220,9218,230.795
9221,9222,4.951
9222,9221,4.951
9223,3959,1.681
9223,4860,43.800
9223,4942,52.176
9224,8478,14.642
9225,1630,45.268
9225,5404,21.218
9225,9229,7.379
9226,9228,61.219
9227,5403,49.625
9227,9228,19.136
9227,9230,46.255
9228,9226,61.219
9228,9227,19.136
9228,9229,51.840
9229,9225,7.379
9229,9228,51.840
9230,5404,6.646
9230,9227,46.255
9231,5494,78.229
9231,9129,49.673
9231,13447,76.088
9232,1675,6.673
9232,9233,20.462
9232,9234,6.421
9233,1665,56.829
9233,9232,20.462
9233,9235,4.206
9234,9232,6.421
9235,9233,4.206
9236,6507,47.509
9236,9237,7.166
9237,9236,7.166
9237,13298,51.357
9238,5223,7.191
9238,12635,56.104
9239,665,29.678
9240,1948,97.670
9241,5876,33.108
9241,5913,7.136
9242,9241,7.042
9243,3766,29.020
9244,3785,16.610
9245,3775,34.327
9246,3773,20.348
9247,12,5.470
9248,4648,236.331
9248,9247,5.824
9249,14,6.207
9249,9248,95.940
9250,3436,10.191
9250,4723,168.252
9251,2194,9.441
9251,4605,63.096
9252,5218,8.555
9252,9253,7.319
9253,5217,8.456
9254,5217,16.968
9254,8833,44.424
9255,7137,60.445
9255,7221,11.746
9255,14809,69.701
9256,7135,61.424
9256,9257,34.620
9257,7135,83.362
9257,9256,34.620
9257,9259,13.895
9258,9256,13.844
9258,9259,34.823
9259,7134,91.364
9259,9257,13.895
9259,9258,34.823
9260,3965,39.268
9261,9308,34.529
9262,5606,25.027
9262,9263,140.600
9262,9264,25.952
9263,9262,140.600
9263,9265,25.172
9264,9262,25.952
9264,9265,33.776
9265,9263,25.172
9265,9264,33.776
9266,9267,2.309
9267,5836,13.412
9267,9266,2.309
9268,8847,7.137
9268,9269,5.615
9269,5875,20.819
9269,7836,14.389
9270,8991,24.731
9270,9271,5.533
9270,12486,22.908
9271,9270,5.533
9271,9274,9.330
9271,12487,48.831
9272,4913,5.126
9272,8992,18.588
9272,9273,20.482
9273,9272,20.482
9274,9271,9.330
9275,2642,270.807
9275,7362,75.530
9275,9276,15.236
9276,7077,7.652
9276,9275,15.236
9277,5049,4.670
9277,12814,8.423
9277,15248,227.014
9278,9280,10.249
9278,12809,86.959
9279,5049,6.561
9279,15256,60.766
9280,9278,10.249
9280,12810,61.112
9280,12812,5.993
9281,12809,48.500
9282,12809,118.246
9282,12810,278.186
9283,5252,65.367
9283,8743,535.590
9284,7002,77.036
9285,2039,7.374
9286,9287,12.995
9286,9693,58.386
9287,6919,148.093
9287,9286,12.995
9288,9289,28.209
9289,3635,28.145
9289,9288,28.209
9289,9290,10.263
9290,9289,10.263
9290,9292,72.570
9291,3633,30.577
9291,9294,62.784
9292,3634,30.774
9292,5152,10.470
9292,9290,72.570
9293,3633,24.146
9293,3635,119.547
9293,9294,29.922
9294,9291,62.784
9294,9293,29.922
9294,9295,29.368
9295,9294,29.368
9296,954,26.654
9296,8144,7.069
9296,9297,78.272
9297,954,99.864
9297,9296,78.272
9298,7806,8.945
9298,9299,32.500
9298,9301,93.883
9299,9298,32.500
9299,9300,32.873
9299,9302,17.255
9300,9299,32.873
9300,9301,100.827
9300,9303,14.723
9301,9298,93.883
9301,9300,100.827
9301,9755,63.289
9302,9299,17.255
9302,9303,26.592
9303,9300,14.723
9303,9302,26.592
9304,5456,8.342
9304,6242,95.844
9305,3881,8.451
9305,6243,57.520
9306,3913,44.145
9306,5578,228.498
9307,1158,14.070
9307,9717,23.151
9308,3198,7.718
9308,9307,39.090
9309,9667,12.995
9310,3558,66.998
9310,9311,51.708
9311,9310,51.708
9312,1241,8.275
9312,9314,24.837
9313,9314,63.605
9314,9312,24.837
9314,9313,63.605
9315,9316,5.480
9315,14360,1.972
9315,14361,37.564
9316,9315,5.480
9316,9317,41.207
9317,1242,5.904
9317,9316,41.207
9318,3555,25.149
9318,3556,65.980
9318,9319,26.401
9319,3556,28.951
9319,3557,24.528
9319,9318,26.401
9320,2075,13.251
9320,3552,10.304
9321,4791,59.155
9321,9322,17.062
9322,9321,17.062
9323,4583,4.030
9323,9324,9.345
9324,7265,4.915
9324,9325,10.544
9325,9326,26.229
9326,6575,126.878
9326,7883,24.105
9327,9328,17.641
9327,9329,8.007
9328,7470,38.647
9329,4466,54.982
9329,9327,8.007
9329,9331,17.776
9330,9331,15.399
9330,9332,74.192
9331,9329,17.776
9331,9330,15.399
9332,9330,74.192
9332,9333,25.331
9333,4466,66.076
9333,6783,73.010
9333,9332,25.331
9334,7489,28.054
9334,9335,6.296
9335,3257,8.792
9335,9334,6.296
9336,3624,35.552
9337,542,6.731
9338,6078,31.328
9338,6080,8.040
9339,1444,73.787
9339,10582,29.030
9339,10593,31.808
9340,10591,3.292
9340,10593,5.971
9340,10615,10.034
9341,4522,71.611
9341,7114,18.175
9342,5892,23.758
9343,3279,6.639
9344,2632,222.171
9345,1194,46.942
9345,2118,15.053
9346,4266,8.785
9346,5146,10.652
9347,4630,32.439
9348,4631,15.925
9349,4631,27.071
9350,3174,87.844
9350,9351,11.793
9350,13025,12.805
9351,13015,12.767
9351,13022,123.162
9352,4551,51.552
9352,9353,6.819
9352,9359,43.822
9353,9352,6.819
9353,9357,6.322
9354,9355,5.391
9354,9357,15.537
9355,9354,5.391
9355,9356,33.274
9356,9355,33.274
9356,9358,8.409
9357,9353,6.322
9357,9354,15.537
9358,9356,8.409
9358,9359,10.635
9359,9352,43.822
9359,9358,10.635
9359,13025,2.853
9360,7769,117.315
9361,47,89.642
9361,9362,13.537
9362,9361,13.537
9363,7405,35.141
9363,7409,64.360
9363,9364,13.254
9364,7409,12.212
9364,7412,2.712
9364,9363,13.254
9365,1184,9.640
9365,7469,92.998
9366,1163,8.604
9366,7270,35.044
9367,9368,45.204
9367,14985,48.600
9368,9367,45.204
9369,6260,66.836
9369,9370,65.357
9369,9371,38.002
9370,9369,65.357
9371,9369,38.002
9372,3879,12.194
9372,6246,211.852
9373,5670,2.847
9373,8486,19.958
9374,11736,40.310
9374,11760,34.555
9374,11763,32.203
9375,9378,20.641
9376,7465,106.935
9376,9379,6.265
9377,8171,31.502
9377,8172,23.974
9377,9378,15.172
9378,9375,20.641
9378,9377,15.172
9378,9379,25.237
9379,9376,6.265
9379,9378,25.237
9380,3880,57.607
9380,6249,51.930
9380,9381,30.831
9381,9380,30.831
9381,9382,53.354
9382,9381,53.354
9383,1070,17.762
9383,1071,116.337
9383,9385,2.560
9384,9385,2.566
9385,9383,2.560
9385,9384,2.566
9386,4774,214.214
9386,5193,63.698
9387,2022,110.011
9387,5153,17.866
9388,6141,23.853
9389,9390,12.618
9390,6619,14.766
9390,9389,12.618
9390,9391,20.103
9391,9390,20.103
9392,6589,93.742
9392,8975,933.983
9393,4066,20.569
9393,4067,19.252
9394,4000,100.176
9394,9395,13.713
9395,251,55.785
9395,9394,13.713
9396,9398,27.302
9397,9399,9.311
9397,14347,152.514
9397,14836,150.922
9398,9396,27.302
9398,9399,4.452
9399,9397,9.311
9399,9398,4.452
9400,1290,82.156
9400,1299,42.837
9400,9401,44.474
9401,9400,44.474
9402,3459,103.542
9403,7229,20.182
9403,7279,14.507
9404,7276,28.261
9405,7623,10.938
9405,9408,9.466
9406,8838,241.478
9406,9407,14.460
9407,9405,7.131
9407,9408,7.108
9408,3104,49.107
9409,5233,46.056
9409,7388,55.820
9410,13069,23.868
9411,9412,16.654
9411,13074,29.819
9412,9413,22.193
9412,13076,11.363
9413,9415,11.322
9413,9416,21.820
9414,9415,20.802
9414,9416,10.514
9415,9410,4.484
9416,9611,133.994
9416,9676,5.893
9417,7101,20.975
9417,7102,87.141
9417,9418,17.235
9418,9417,17.235
9419,5669,6.474
9419,8486,104.790
9419,9420,25.854
9420,9419,25.854
9420,9424,13.275
9421,9423,27.506
9421,9424,24.000
9421,11712,85.718
9422,11709,25.464
9422,11710,47.931
9422,11712,6.554
9423,9421,27.506
9423,11709,14.370
9423,11714,14.413
9424,9420,13.275
9424,9421,24.000
9424,11708,7.886
9425,9426,236.821
9426,3625,24.622
9426,9425,236.821
9426,9427,37.613
9427,9426,37.613
9428,12585,46.725
9428,12586,87.566
9429,12579,49.772
9430,1155,20.412
9430,12580,55.882
9431,2987,29.288
9431,9432,4.964
9432,9431,4.964
9432,12579,74.366
9433,9195,7.651
9433,9434,24.827
9433,9435,38.680
9434,9433,24.827
9435,3900,36.779
9435,9433,38.680
9435,9436,25.373
9436,9435,25.373
9437,9438,48.181
9437,9475,12.436
9438,9437,120.748
9438,9473,78.517
9438,9474,12.833
9439,9442,58.043
9440,1815,7.896
9440,9443,40.761
9441,9439,56.772
9441,9442,8.695
9442,9441,8.695
9442,9444,100.046
9443,9441,99.001
9443,9444,9.277
9444,9440,42.553
9444,9443,9.277
9445,12192,43.853
9445,12219,9.015
9446,4351,141.234
9446,9447,13.783
9447,2590,11.068
9447,6047,320.329
9448,4754,11.118
9449,9450,14.088
9449,9754,35.128
9450,2201,128.728
9450,9449,14.088
9451,472,238.657
9451,7708,10.693
9452,2857,11.127
9453,7843,67.964
9454,899,104.090
9455,8976,124.105
9456,6042,107.285
9456,9457,16.452
9457,2490,258.831
9458,90,25.697
9458,12178,42.814
9459,9461,8.903
9460,3270,30.742
9460,9459,15.215
9461,1206,50.481
9461,9462,8.386
9462,15232,10.971
9463,5166,1372.623
9464,5173,12.795
9465,4149,585.004
9465,9466,392.406
9466,9467,152.225
9467,4150,227.209
9468,441,63.489
9469,1309,113.358
9469,2833,9.544
9470,5343,18.097
9471,3591,30.873
9471,9472,12.416
9472,8387,74.204
9472,9471,12.416
9473,3591,11.996
9473,9472,30.847
9474,9438,12.833
9474,9475,48.865
9475,9200,151.450
9475,9437,12.436
9476,3085,13.182
9476,5800,388.721
9477,6191,68.874
9477,9478,21.771
9478,7887,41.334
9478,9477,21.771
9479,3460,6.372
9479,3463,73.921
9479,6697,6.887
9480,9482,76.766
9481,9480,160.377
9482,9483,12.234
9483,14628,8.376
9484,878,9.301
9484,8171,15.737
9485,5073,16.833
9486,5214,96.933
9487,949,113.407
9487,8495,24.697
9487,14040,51.487
9488,1925,57.070
9489,867,8.856
9489,2468,134.006
9489,9490,10.269
9490,869,80.480
9490,9491,9.141
9491,867,12.169
9491,8023,55.769
9492,3245,39.388
9493,1979,1134.870
9493,7638,34.149
9493,9176,48.034
9494,9888,104.563
9494,10183,28.721
9494,10428,9.675
9495,5372,19.776
9496,7495,5.833
9497,1678,23.455
9498,4264,27.964
9499,9763,83.187
9500,6994,18.675
9501,5710,282.722
9501,6212,5.134
9502,1405,68.014
9502,9501,16.271
9503,8146,62.699
9504,5148,7.579
9504,8134,27.138
9505,7450,157.985
9506,13806,38.654
9507,2278,15.146
9508,2202,46.582
9509,3592,89.921
9510,4159,24.241
9511,2255,20.022
9511,3419,18.799
9512,4569,101.541
9512,5315,132.446
9513,5188,33.945
9513,11592,31.194
9514,6474,7.529
9515,1544,65.315
9515,1550,10.580
9516,1540,97.549
9516,1550,11.000
9517,2128,6.370
9518,7571,34.573
9519,7787,7.123
9520,9521,19.257
9521,801,64.484
9521,9520,19.257
9521,13730,70.006
9522,1333,176.490
9522,6869,5.143
9523,6056,7.715
9524,5249,28.774
9524,7358,826.552
9525,4856,214.160
9526,1674,1.449
9526,6653,117.056
9526,9527,32.819
9527,9526,32.819
9528,4500,70.285
9528,13334,59.460
9529,13334,6.783
9530,11466,22.779
9531,11729,14.631
9532,5838,179.931
9532,9533,8.673
9533,5775,258.644
9533,9532,8.673
9534,1868,69.129
9534,2059,36.961
9534,4946,188.563
9535,2176,45.310
9535,2213,8.880
9536,9954,53.941
9536,10176,9.782
9536,10177,7.621
9537,12669,75.678
9537,12731,55.170
9537,12926,17.277
9537,12946,16.638
9538,5025,9.264
9539,4211,17.982
9539,5515,37.268
9540,835,84.534
9540,2244,5.663
9541,4222,8.896
9542,9543,13.163
9542,15325,21.373
9543,1355,209.378
9544,5463,717.967
9544,6230,7.547
9544,9545,7.238
9545,6234,9.311
9545,9543,21.780
9545,9544,7.238
9546,2736,10.032
9547,3388,62.944
9548,4829,78.674
9549,4347,21.124
9550,367,71.336
9550,4476,78.589
9551,2323,132.218
9551,9121,33.554
9551,9122,52.638
9552,6228,298.955
9552,9553,17.857
9553,15320,198.073
9554,6232,96.836
9554,9555,6.971
9555,1266,96.078
9555,9554,6.971
9556,9557,77.273
9556,13092,35.345
9557,9556,77.273
9557,13088,36.130
9558,5163,208.623
9559,1880,39.812
9559,9560,16.474
9560,1881,217.079
9561,5936,65.323
9561,5938,7.120
9561,12291,23.243
9562,1680,21.787
9562,5489,7.384
9563,12685,25.284
9563,12692,24.237
9563,12716,15.105
9564,1944,70.392
9565,2122,27.450
9565,13100,305.398
9566,6928,32.999
9566,9567,6.155
9567,6950,160.898
9567,9566,6.155
9568,10100,23.760
9568,10102,20.460
9569,7365,15.003
9570,8032,195.862
9570,9569,24.452
9571,13636,25.262
9571,13699,61.794
9572,1882,129.314
9572,13638,49.777
9573,13638,14.784
9573,13700,58.644
9574,1883,80.385
9574,1940,103.242
9574,9575,62.381
9575,9574,62.381
9576,1156,93.445
9576,6856,318.881
9576,15308,42.970
9577,3076,94.846
9577,5175,23.065
9578,9579,12.615
9579,5176,13.285
9579,12185,75.742
9580,3584,57.335
9580,7789,23.505
9581,9582,3.836
9582,9580,12.871
9583,9581,9.886
9583,12184,68.537
9584,1173,40.925
9584,9585,11.878
9584,14130,9.815
9585,9584,11.878
9585,9586,34.261
9586,9585,34.261
9587,9588,5.912
9587,14216,2.575
9587,14217,22.480
9588,9587,5.912
9588,14213,22.346
9589,2535,11.561
9590,2535,10.925
9590,9597,8.574
9591,9590,8.036
9592,9591,1.997
9593,9592,10.096
9593,9598,84.348
9594,2536,11.795
9595,9596,89.783
9596,2282,133.192
9596,9594,15.967
9597,9595,53.410
9598,4467,106.661
9598,9592,77.549
9598,9599,173.360
9599,9598,173.360
9600,4284,155.442
9600,4285,42.103
9600,9601,24.186
9601,9600,24.186
9602,5399,70.477
9603,1958,63.356
9603,6951,87.023
9603,8464,60.946
9604,9605,79.052
9604,9985,8.337
9605,9604,79.052
9606,3381,10.978
9606,5798,483.257
9607,9678,117.194
9608,9609,7.425
9608,9610,75.011
9609,9608,7.425
9609,13057,20.034
9610,9611,5.699
9610,9676,131.887
9611,9609,76.103
9611,9610,5.699
9612,2203,10.915
9613,14854,37.332
9614,1276,32.884
9614,7262,28.839
9614,7263,28.272
9614,8807,13.175
9615,9616,9.245
9615,12634,105.334
9616,2689,7.127
9617,9615,8.790
9617,12632,35.103
9618,1959,148.466
9619,9639,364.267
9620,9640,234.719
9621,9622,178.841
9622,9645,167.920
9623,9621,444.540
9624,9644,378.141
9625,9631,295.504
9626,9645,104.230
9627,9624,361.691
9628,9649,669.657
9629,9625,353.088
9630,9650,390.799
9631,9633,162.681
9632,9631,94.255
9633,8975,34.722
9634,9632,454.095
9635,9626,522.146
9635,9630,256.114
9636,9635,660.998
9637,4268,31.254
9637,9638,40.148
9638,2293,14.698
9638,5894,12.005
9639,9640,137.359
9640,9637,76.141
9641,9623,232.814
9641,9639,571.562
9642,9628,623.187
9643,9642,225.875
9643,9646,180.717
9644,5171,426.118
9645,9644,203.139
9646,9620,392.853
9646,9634,59.320
9647,5156,215.193
9647,9629,370.380
9648,9627,686.315
9648,9647,312.588
9649,9655,115.175
9650,9649,283.739
9651,9652,770.008
9652,9658,248.053
9653,9654,756.414
9654,9664,100.568
9655,9656,309.982
9656,9657,317.707
9657,9660,298.318
9658,9648,690.700
9659,9662,470.212
9659,9664,327.271
9660,9686,3.333
9661,9653,159.028
9661,9658,746.984
9662,5169,330.100
9663,9651,109.439
9663,9662,376.205
9664,9666,33.973
9665,9663,31.705
9666,882,40.664
9666,9669,137.590
9667,4751,15.858
9667,8977,12.772
9668,8977,90.764
9668,9665,115.741
9669,2402,23.597
9670,9613,170.156
9671,6491,348.324
9672,1577,187.247
9672,6490,29.260
9673,1381,70.872
9673,9674,35.658
9674,1398,61.063
9674,9673,35.658
9675,9414,6.116
9675,9607,56.544
9676,9675,10.514
9677,13058,48.808
9678,7056,12.857
9679,4894,95.099
9679,6493,21.907
9680,6758,42.922
9681,2698,29.469
9681,14278,47.401
9682,6482,65.200
9683,3193,35.940
9684,1357,39.053
9684,13715,37.156
9685,1357,17.560
9685,8240,106.543
9686,9659,50.341
9687,9643,89.450
9688,5160,49.340
9689,5165,84.365
9690,5162,46.199
9691,215,33.014
9692,8382,23.855
9693,4524,30.056
9694,81,47.923
9695,7484,41.047
9696,169,50.470
9697,8730,63.924
9698,2210,31.266
9699,7334,32.678
9700,2207,26.691
9701,7282,12.926
9701,9404,11.653
9702,9703,19.593
9702,12018,8.801
9702,12020,128.350
9703,9702,19.593
9703,15169,39.329
9703,15171,7.265
9704,9706,33.661
9704,15260,162.885
9705,9706,32.995
9706,9704,33.661
9706,9705,32.995
9706,15251,25.614
9707,9708,30.504
9708,9283,103.545
9708,9707,30.504
9709,1650,5.907
9709,6169,9.695
9709,14621,31.285
9710,1648,4.636
9710,9716,59.050
9711,1649,5.523
9711,14617,39.744
9711,14620,72.604
9712,8481,5.617
9712,9711,40.016
9713,7582,4.894
9713,9712,59.872
9714,9713,7.388
9714,14647,89.992
9715,1648,59.109
9715,9716,5.293
9716,9715,5.293
9716,14623,37.862
9717,9718,26.963
9717,9721,49.448
9718,9719,19.461
9718,9721,31.186
9719,8722,20.397
9720,8785,351.809
9720,9308,18.188
9721,3573,495.003
9722,9392,27.743
9722,9636,13.583
9723,5938,19.155
9723,10074,68.895
9723,10077,7.574
9724,10074,15.886
9725,4592,26.268
9726,2247,10.006
9726,9725,61.630
9726,9728,25.433
9727,9728,22.393
9727,14783,5.804
9728,4593,23.195
9728,9726,25.433
9729,1035,303.456
9729,6295,11.210
9729,12893,207.366
9730,9732,19.826
9731,3138,28.558
9731,10693,111.532
9732,9730,19.826
9732,10693,25.800
9732,10706,118.101
9733,7193,902.435
9734,4076,62.240
9735,4567,14.675
9736,5881,167.152
9737,7434,31.036
9737,9739,53.604
9738,9737,6.147
9739,8807,97.870
9739,9740,3.115
9740,9738,67.616
9741,7433,93.711
9741,13092,65.628
9742,5457,56.717
9743,1744,81.733
9743,9744,47.936
9743,9745,12.977
9744,9745,47.515
9744,9746,57.006
9745,6202,175.968
9745,9743,12.977
9746,9744,57.006
9747,1276,15.494
9748,9749,7.567
9749,1953,18.461
9749,9748,7.567
9750,3323,18.358
9751,3254,20.634
9752,9753,40.724
9752,13095,13.453
9753,7262,14.396
9753,8807,30.493
9754,9107,278.781
9754,9455,381.945
9755,4545,112.274
9755,9301,63.289
9755,9756,48.247
9756,9755,48.247
9757,2023,57.900
9757,9758,29.352
9758,9757,29.352
9759,8411,23.622
9759,9760,51.440
9760,9759,51.440
9761,4590,77.191
9762,2993,40.661
9763,1001,13.364
9763,9764,43.507
9764,9763,43.507
9765,13936,7.520
9765,13937,2.115
9766,2463,100.902
9767,4475,28.578
9767,9768,80.612
9768,9767,80.612
9769,835,15.453
9769,836,36.304
9769,9770,38.975
9770,9769,38.975
9771,2033,9.599
9771,2796,186.949
9771,14381,50.541
9772,2402,110.101
9773,906,140.410
9773,923,92.334
9773,9774,42.665
9774,9773,42.665
9775,761,87.676
9776,4733,60.177
9776,4734,120.379
9776,9777,44.243
9777,9776,44.243
9778,687,62.498
9778,9779,42.734
9779,9778,42.734
9780,9781,54.491
9781,9780,54.491
9782,8009,163.303
9783,1578,104.463
9783,2899,60.313
9783,9784,73.904
9784,9783,73.904
9785,6484,10.083
9786,6485,137.445
9787,5300,269.898
9787,9788,9.303
9788,1755,11.680
9788,9787,9.303
9789,1293,71.935
9790,8791,20.036
9791,1490,38.599
9792,4300,573.687
9793,8674,30.237
9794,4430,63.331
9794,9793,29.792
9795,1189,19.179
9795,9796,9.435
9795,14208,5.818
9796,9795,9.435
9796,9797,37.387
9797,9796,37.387
9797,14199,9.422
9798,9799,58.856
9798,13795,11.043
9799,9798,58.856
9800,1852,50.992
9800,14345,182.567
9801,9802,10.012
9801,14183,42.237
9802,1852,30.373
9802,9800,40.436
9803,9804,24.206
9803,9809,16.129
9804,9803,24.206
9804,9805,24.442
9805,9804,24.442
9806,9807,16.481
9807,9806,16.481
9807,9808,24.804
9807,9809,34.765
9808,7881,21.333
9808,9807,24.804
9808,9810,23.221
9809,7881,70.539
9809,9803,16.129
9809,9807,34.765
9810,7882,73.025
9810,9808,23.221
9810,9811,26.189
9811,9810,26.189
9812,8367,41.134
9812,14128,9.033
9813,998,62.428
9813,4531,71.960
9813,9814,26.882
9814,9813,26.882
9815,903,14.749
9815,14058,14.546
9815,14062,54.661
9816,6431,55.047
9817,9818,68.305
9817,12089,58.420
9818,9817,68.305
9819,9119,247.436
9819,12109,5.990
9819,12113,40.914
9820,1006,68.560
9820,1022,92.263
9820,14754,48.140
9821,983,50.296
9821,3796,40.828
9821,14768,15.483
9822,3853,86.206
9823,2011,231.258
9823,14093,32.045
9823,14784,21.267
9824,147,115.951
9825,3088,7.726
9826,1742,118.071
9826,9827,40.142
9826,13473,45.957
9827,9826,40.142
9828,7938,142.184
9828,9829,114.945
9828,13412,54.956
9829,9828,114.945
9830,1633,22.451
9830,9832,21.909
9831,4870,18.047
9832,2551,72.577
9832,9831,11.151
9833,2238,22.238
9833,7294,4.648
9834,2238,10.721
9834,9833,19.010
9835,696,23.252
9835,9836,83.215
9836,673,38.365
9836,694,21.909
9836,9835,83.215
9837,7533,305.303
9837,9838,10.183
9838,6496,19.124
9838,9837,10.183
9839,7335,20.851
9840,9848,5.488
9840,12048,38.409
9841,9848,24.437
9842,10568,41.408
9843,6498,73.254
9843,6594,73.148
9844,9845,35.287
9845,9844,35.287
9845,9847,29.100
9846,9847,29.344
9847,1856,44.981
9847,9846,29.344
9848,9840,5.488
9848,9841,24.437
9849,4133,36.599
9849,9850,65.146
9849,9851,10.362
9850,9851,65.660
9850,9852,53.665
9850,9853,17.289
9851,9849,10.362
9851,10939,10.599
9852,9850,53.665
9853,9850,17.289
9854,5695,28.714
9854,8260,3.743
9854,9855,58.042
9855,5695,29.576
9855,9854,58.042
9855,14949,21.403
9856,7115,10.645
9856,7116,189.264
9857,9118,6.369
9858,9859,15.949
9859,9858,15.949
9859,14873,53.734
9859,14878,22.294
9859,14880,63.642
9860,4805,42.556
9860,14874,7.531
9860,14881,14.175
9861,9862,26.252
9862,1588,36.228
9862,9861,26.252
9863,9864,15.406
9863,14832,8.938
9863,14834,35.824
9864,9863,15.406
9865,955,241.259
9865,7567,87.559
9865,9866,23.322
9866,9865,23.322
9866,9867,5.022
9867,9866,5.022
9868,9869,29.749
9868,10595,42.782
9868,11153,9.001
9869,9868,29.749
9870,1306,262.849
9870,2294,23.024
9871,6498,15.623
9871,8348,70.046
9872,9845,8.365
9873,1120,36.614
9873,9881,6.196
9874,9873,91.099
9874,12778,4.980
9875,7131,31.140
9875,7132,10.528
9875,12784,5.362
9876,7133,20.403
9877,9880,2.780
9877,9884,17.880
9877,12723,5.152
9878,12722,8.350
9879,4503,7.709
9880,12722,5.153
9880,12781,27.031
9881,5261,207.765
9881,9873,6.196
9881,12778,90.780
9882,1120,103.217
9882,12794,32.518
9883,9880,17.668
9885,1705,46.649
9885,9886,40.017
9885,14166,7.545
9886,9885,40.017
9887,2190,25.483
9887,4508,26.595
9888,9494,104.563
9889,4667,33.328
9889,9890,9.720
9889,10432,35.223
9890,9889,9.720
9891,9892,12.166
9892,9891,12.166
9893,14165,61.017
9894,9895,3.100
9894,14165,26.387
9895,9899,17.748
9895,14165,26.279
9896,9897,55.681
9897,4176,6.370
9897,9894,19.569
9897,9896,55.681
9898,9900,34.321
9899,9900,48.170
9899,9916,6.421
9899,9917,28.415
9900,9898,34.321
9900,9899,48.170
9900,9901,49.019
9901,9900,49.019
9902,1957,39.320
9902,9903,34.308
9902,9904,5.453
9903,9902,34.308
9904,5045,67.162
9904,9902,5.453
9905,4285,2.378
9905,9908,4.383
9905,9909,6.458
9906,4840,19.674
9906,5023,88.370
9906,9907,5.613
9907,9906,5.613
9907,9908,72.912
9907,9911,19.935
9908,9905,4.383
9908,9907,72.912
9908,9910,6.281
9909,4840,17.588
9909,9905,6.458
9909,9910,4.637
9910,9908,6.281
9910,9909,4.637
9910,9911,17.581
9911,4840,5.312
9911,9907,19.935
9911,9910,17.581
9912,9913,6.272
9912,9914,55.702
9913,7006,116.981
9913,9912,6.272
9914,9897,23.598
9914,9915,6.370
9915,9913,55.505
9915,9914,6.370
9916,4176,40.321
9916,9899,6.421
9917,7805,6.701
9917,13359,24.437
9918,9922,29.328
9919,5028,32.081
9919,5399,33.452
9919,9921,3.709
9920,5028,5.005
9920,9921,33.449
9920,9922,12.233
9921,9919,3.709
9921,9920,33.449
9921,10125,3.104
9922,9020,2.226
9922,9918,29.328
9922,9920,12.233
9923,3976,26.634
9923,3979,24.994
9923,9924,15.072
9924,9923,15.072
9924,9925,33.568
9924,9927,26.853
9925,9924,33.568
9925,9926,14.940
9925,9934,13.367
9925,9936,48.580
9926,3976,7.207
9926,9143,15.358
9926,9925,14.940
9927,9924,26.853
9927,9928,20.944
9927,9929,11.640
9927,9933,14.676
9928,9927,20.944
9929,9927,11.640
9929,9931,10.897
9929,9938,39.063
9930,9931,15.358
9931,9929,10.897
9931,9930,15.358
9931,9932,13.801
9932,2140,16.272
9932,9931,13.801
9932,14149,36.632
9933,9927,14.676
9934,9925,13.367
9935,9936,14.969
9936,9925,48.580
9936,9935,14.969
9936,9938,52.192
9937,9938,10.613
9938,9929,39.063
9938,9936,52.192
9938,9937,10.613
9939,9940,29.843
9940,9939,29.843
9940,9942,3.066
9940,9949,21.505
9941,9942,16.257
9942,1960,38.689
9942,9940,3.066
9942,9941,16.257
9943,5384,17.152
9944,9946,34.277
9944,9955,41.646
9944,9957,10.786
9945,5294,33.009
9945,9955,46.119
9945,9957,13.121
9946,5298,88.401
9946,9944,34.277
9947,5294,8.622
9947,11118,46.843
9948,9949,21.538
9949,1970,30.472
9949,9940,21.505
9949,9948,21.538
9950,9951,42.010
9951,9950,42.010
9951,9952,21.322
9952,1736,85.816
9952,9954,13.355
9953,9954,12.678
9954,9536,53.941
9954,9952,13.355
9954,9953,12.678
9955,9944,41.646
9955,9945,46.119
9955,9956,16.189
9956,9955,16.189
9957,9944,10.786
9957,9945,13.121
9957,9958,17.878
9958,9957,17.878
9959,6084,26.801
9960,9961,79.661
9961,1724,22.042
9961,9960,79.661
9962,3968,33.271
9962,4898,28.482
9962,9963,48.836
9963,9962,48.836
9963,9964,16.165
9963,9965,23.215
9964,9963,16.165
9965,9963,23.215
9966,6627,34.911
9967,6627,29.122
9968,6627,8.935
9969,3973,41.319
9969,4681,67.404
9969,9971,23.465
9970,9971,7.265
9971,9969,23.465
9971,9970,7.265
9971,9972,30.540
9972,9971,30.540
9973,1895,50.494
9973,5907,45.678
9973,12258,7.383
9974,1916,55.288
9974,9975,9.802
9974,9998,43.585
9975,9974,9.802
9976,9979,5.454
9976,9983,37.246
9976,12277,14.491
9977,9978,11.405
9977,9979,15.822
9978,9977,11.405
9978,9980,19.671
9979,9976,5.454
9979,9977,15.822
9979,9980,6.701
9980,9978,19.671
9980,9979,6.701
9980,9981,6.035
9981,9976,6.508
9981,9980,6.035
9982,2009,14.274
9982,4627,16.179
9983,9976,37.246
9984,9985,32.928
9985,9984,32.928
9985,9987,21.629
9986,9987,35.110
9987,9986,35.110
9987,12282,21.059
9988,9992,17.537
9988,9994,50.121
9989,9990,13.346
9989,9992,15.575
9989,9994,58.216
9990,1886,142.672
9990,9989,13.346
9990,9991,16.113
9991,7365,105.119
9991,9990,16.113
9991,9992,13.142
9992,9988,17.537
9992,9989,15.575
9992,9991,13.142
9993,9994,17.811
9994,9988,50.121
9994,9989,58.216
9994,9993,17.811
9995,9997,42.129
9995,9999,18.705
9996,9997,9.253
9996,9998,42.823
9996,12268,10.273
9997,9995,42.129
9997,9996,9.253
9997,9999,24.981
9998,9974,43.585
9998,9996,42.823
9998,9999,6.690
9999,9995,18.705
9999,9997,24.981
9999,9998,6.690
10000,4153,141.676
10000,10001,37.846
10001,10000,37.846
10001,10002,15.701
10001,10003,57.629
10002,2928,11.052
10002,10001,15.701
10002,13348,35.166
10003,10001,57.629
10004,10005,8.414
10005,4682,18.871
10005,10004,8.414
10005,10006,7.674
10006,10005,7.674
10007,4682,3.363
10007,10008,48.747
10007,10010,20.700
10008,10007,48.747
10008,10009,2.530
10008,10010,30.113
10009,10008,2.530
10010,4683,21.095
10010,10007,20.700
10010,10008,30.113
10010,10014,15.978
10011,4683,49.795
10011,4684,49.051
10011,10013,23.510
10012,10013,32.491
10013,4684,40.285
10013,10011,23.510
10013,10012,32.491
10014,10010,15.978
10014,10015,21.299
10014,10024,24.206
10015,4683,15.055
10015,10014,21.299
10015,10017,21.452
10016,4683,20.868
10016,10017,14.208
10016,10026,23.523
10017,10015,21.452
10017,10016,14.208
10017,10025,25.304
10018,4685,16.041
10018,10019,59.962
10019,4685,24.394
10019,10018,59.962
10020,675,16.779
10020,10022,1.791
10021,675,12.582
10021,10020,6.436
10022,7730,1.896
10022,10020,1.791
10023,10024,45.002
10024,1738,7.733
10024,4682,17.894
10024,10014,24.206
10024,10023,45.002
10025,10017,25.304
10025,10026,12.672
10026,4685,6.536
10026,10016,23.523
10026,10025,12.672
10027,3421,8.269
10028,3422,111.613
10029,5420,137.728
10030,7652,7.785
10030,10032,27.871
10031,7652,27.856
10031,10032,7.995
10032,10031,7.995
10032,10034,47.829
10033,10031,48.126
10033,10034,8.540
10034,10029,115.328
10034,10033,8.540
10035,8596,136.401
10036,4471,80.443
10036,8600,4.945
10036,10037,11.306
10037,4470,4.094
10037,8601,13.700
10037,10038,9.449
10038,4470,9.276
10038,6423,157.815
10039,4671,55.320
10039,10041,18.051
10039,10044,42.814
10040,10044,18.931
10041,10039,18.051
10041,10042,40.654
10041,10043,61.311
10042,10041,40.654
10042,10043,20.772
10042,10044,38.683
10042,10047,21.176
10043,10041,61.311
10043,10042,20.772
10043,10045,17.774
10044,10039,42.814
10044,10040,18.931
10044,10042,38.683
10045,10043,17.774
10046,10047,28.185
10047,10042,21.176
10047,10046,28.185
10047,10048,22.058
10048,10047,22.058
10049,7553,62.542
10049,10051,6.095
10049,10052,8.898
10050,10053,13.178
10050,10159,14.269
10051,1919,91.239
10051,10049,6.095
10052,10049,8.898
10052,10056,60.254
10052,10057,31.610
10053,10050,13.178
10053,10054,57.344
10053,10055,28.117
10054,10053,57.344
10054,10056,21.329
10054,10059,18.506
10055,10053,28.117
10055,10057,20.550
10055,10059,12.160
10056,10052,60.254
10056,10054,21.329
10056,10058,17.756
10057,10052,31.610
10057,10055,20.550
10057,10058,12.471
10058,10056,17.756
10058,10057,12.471
10058,10059,20.856
10059,10054,18.506
10059,10055,12.160
10059,10058,20.856
10060,10061,8.660
10060,10062,30.057
10061,7112,29.170
10061,10060,8.660
10062,10050,2.234
10062,10063,8.158
10063,10061,29.607
10063,10062,8.158
10064,1857,91.986
10064,4844,40.475
10064,10065,74.632
10065,10064,74.632
10066,1899,7.270
10066,10068,20.292
10066,10070,14.498
10067,10070,45.575
10068,10069,9.745
10068,10075,103.373
10069,10068,9.745
10069,10070,21.280
10070,10066,14.498
10070,10067,45.575
10070,10069,21.280
10071,10073,67.622
10072,1900,13.835
10072,10073,54.354
10073,10071,67.622
10073,10072,54.867
10074,9723,68.895
10074,9724,15.886
10074,10075,48.943
10075,9723,18.309
10075,10074,48.943
10075,10076,7.118
10076,10075,7.118
10076,10077,18.441
10077,9561,18.007
10077,9723,7.574
10078,10082,8.800
10079,10080,6.411
10079,10081,29.785
10079,10082,8.231
10080,10079,6.411
10080,10087,7.615
10081,10079,29.785
10082,10078,8.800
10082,10079,8.231
10082,10083,7.783
10083,10080,8.160
10083,10082,7.783
10084,10085,25.043
10085,10084,25.043
10085,10086,4.437
10085,10087,4.449
10086,10085,4.437
10087,10085,4.449
10087,10095,27.874
10088,1923,21.125
10088,10091,12.136
10089,10090,5.311
10090,1923,4.257
10090,10089,5.311
10090,10091,21.810
10091,10088,12.136
10091,10090,21.810
10092,10094,31.730
10093,10094,13.974
10094,10092,31.730
10094,10093,13.974
10094,10095,8.118
10095,1927,199.372
10095,10094,8.118
10096,1056,6.013
10096,10098,13.216
10097,5311,7.158
10097,12765,91.448
10098,1055,12.208
10098,10097,22.979
10099,2107,9.235
10100,9566,61.303
10100,10101,19.277
10101,10100,19.277
10101,10102,24.334
10102,9568,20.460
10102,10101,24.334
10103,9568,38.464
10103,10104,12.744
10104,10103,12.744
10105,2136,63.557
10106,2136,73.597
10107,10110,30.703
10107,10111,54.836
10107,10112,54.535
10108,4343,107.943
10109,4344,27.719
10109,5916,65.718
10109,10111,11.372
10110,4344,10.717
10110,10111,28.248
10111,10107,54.836
10111,10109,11.372
10111,10110,28.248
10112,10107,54.535
10113,1927,107.033
10113,4674,4.293
10114,10115,9.095
10115,1929,87.645
10115,10114,103.130
10116,4810,4.596
10116,8690,36.038
10117,5912,15.491
10117,10120,6.787
10117,10122,8.171
10118,10119,113.173
10118,10133,36.443
10118,10193,27.368
10119,10118,113.173
10119,10120,24.852
10119,10121,23.013
10120,10117,6.787
10120,10119,24.852
10120,10194,24.799
10121,10119,23.013
10121,10122,31.031
10121,10123,67.406
10122,10117,8.171
10122,10121,31.031
10122,10124,69.994
10123,10121,67.406
10123,10124,12.598
10124,10122,69.994
10124,10123,12.598
10125,9921,3.104
10126,4829,75.737
10126,4830,24.058
10126,10128,38.991
10127,10128,13.850
10128,10126,38.991
10128,10127,13.850
10128,10129,44.682
10129,10128,44.682
10130,10132,19.735
10131,10135,21.340
10131,10153,28.337
10132,10130,19.735
10132,10133,60.818
10132,10135,16.116
10133,10118,36.443
10133,10132,60.818
10133,10134,55.667
10134,10133,55.667
10135,10131,21.340
10135,10132,16.116
10135,10137,25.315
10135,10140,23.476
10136,10137,8.554
10136,10195,100.242
10137,10135,25.315
10137,10136,8.554
10138,10139,9.407
10138,10195,20.233
10139,10138,9.407
10139,10141,48.792
10140,10135,23.476
10140,10141,8.152
10141,10139,48.792
10141,10140,8.152
10142,5659,31.928
10142,5662,31.516
10142,9213,91.104
10143,7552,94.283
10143,10144,8.033
10144,7111,8.116
10144,10143,8.033
10145,7638,25.130
10145,10146,5.058
10146,7645,6.237
10146,10145,5.058
10146,10147,70.533
10147,7647,30.752
10147,10146,70.533
10148,10147,1.893
10148,10149,6.759
10149,10148,6.759
10149,10203,20.225
10150,1907,39.529
10150,6957,6.453
10151,5936,8.105
10151,9496,8.586
10152,5910,8.062
10152,5912,39.339
10153,1912,196.158
10153,10154,9.932
10154,5908,39.086
10154,10153,9.932
10155,1971,16.691
10155,10156,12.192
10156,10155,12.192
10156,10157,15.234
10157,8457,8.968
10157,10156,15.234
10158,10049,13.806
10158,10160,9.930
10159,1920,75.642
10159,10163,15.979
10160,10158,9.930
10160,10161,38.989
10160,10162,89.491
10161,10160,38.989
10161,10162,25.746
10161,10163,37.711
10162,10160,89.491
10162,10161,25.746
10162,10165,55.734
10163,10159,15.979
10163,10161,37.711
10163,10164,10.057
10164,10163,10.057
10164,10165,21.668
10165,10162,55.734
10165,10164,21.668
10166,10169,3.558
10166,10170,13.457
10166,10174,7.902
10166,10225,5.370
10167,2114,113.251
10167,10168,3.903
10167,10171,12.566
10167,10174,6.531
10168,10167,3.903
10168,10169,14.624
10169,10166,3.558
10169,10168,14.624
10170,10166,13.457
10170,10171,105.521
10170,10172,4.204
10171,10167,12.566
10171,10170,105.521
10171,10173,6.727
10172,10170,4.204
10172,10173,3.573
10173,10171,6.727
10173,10172,3.573
10173,10174,12.903
10174,10166,7.902
10174,10167,6.531
10174,10173,12.903
10175,3546,35.600
10176,9536,9.782
10176,10177,79.518
10176,10179,3.789
10177,1734,69.660
10177,9536,7.621
10177,10176,79.518
10178,10180,24.955
10179,1715,137.360
10179,10176,3.789
10179,10180,17.808
10180,10178,24.955
10180,10179,17.808
10180,10181,8.341
10181,10180,8.341
10182,10183,86.719
10182,10184,71.057
10183,6988,16.138
10183,10182,86.719
10184,10182,71.057
10185,2444,11.566
10185,10186,129.402
10186,6027,53.906
10186,8403,81.884
10186,10185,129.402
10187,10190,8.189
10188,10190,6.875
10188,10192,34.992
10189,1888,15.361
10189,10190,10.923
10190,1888,26.275
10190,10187,8.189
10190,10188,6.875
10190,10189,10.923
10191,10192,11.596
10191,13703,18.705
10192,10188,34.992
10192,10191,11.596
10193,10118,27.368
10193,10194,13.875
10194,10120,24.799
10194,10193,13.875
10195,10136,100.242
10195,10138,20.233
10196,10197,6.237
10196,10208,76.838
10197,10196,6.237
10197,10199,10.295
10198,10196,10.087
10198,10199,6.112
10199,4639,44.015
10199,10198,6.112
10200,10201,6.741
10200,10202,11.058
10201,2110,54.960
10201,10200,6.741
10202,10148,20.004
10202,10203,6.741
10203,10201,11.058
10203,10202,6.741
10204,7648,28.125
10204,10205,6.655
10205,10204,6.655
10205,10207,58.134
10206,10204,58.023
10206,10207,6.645
10207,2105,27.562
10207,10206,6.645
10208,7649,118.718
10208,10209,6.354
10209,10197,76.936
10209,10208,6.354
10210,8032,25.156
10210,8036,60.431
10211,4825,8.770
10211,4826,40.521
10211,10214,4.669
10212,10214,34.370
10213,4824,137.365
10213,4825,4.302
10213,10214,8.227
10214,10211,4.669
10214,10212,34.370
10214,10213,8.227
10215,1939,103.488
10215,2674,27.796
10215,10216,8.891
10216,10215,8.891
10216,10217,40.015
10217,4666,11.424
10217,10216,40.015
10218,2104,233.537
10218,10222,12.463
10219,930,123.399
10219,4793,16.432
10220,7642,29.341
10220,10221,5.688
10220,10223,6.568
10221,10220,5.688
10221,10222,47.004
10222,10218,12.463
10222,10221,47.004
10223,2107,53.512
10223,10220,6.568
10224,5052,30.335
10224,10226,13.788
10224,10332,3.685
10225,10166,5.370
10225,10227,13.128
10225,10332,18.433
10226,10224,13.788
10226,10227,21.665
10227,10225,13.128
10227,10226,21.665
10228,10231,29.467
10229,7644,52.300
10229,10230,7.228
10230,1936,30.919
10230,10229,7.228
10230,10231,18.794
10231,10228,29.467
10231,10230,18.794
10231,10232,47.567
10232,10231,47.567
10233,10234,77.110
10233,10236,20.185
10233,10237,8.565
10234,10233,77.110
10235,10236,32.250
10236,6959,7.189
10236,10235,32.250
10237,6958,32.997
10237,10233,8.565
10238,10241,29.980
10238,10243,8.309
10239,10240,31.856
10239,10243,78.667
10240,10239,31.856
10240,10242,74.323
10241,10242,9.040
10241,11017,12.016
10242,10240,74.323
10242,10241,9.040
10242,10243,30.149
10243,10238,8.309
10243,10239,78.667
10243,10242,30.149
10244,10238,4.933
10244,10245,88.727
10245,10244,88.727
10245,10246,24.884
10246,10245,24.884
10246,10247,93.224
10247,1629,16.941
10247,10246,93.224
10248,10250,3.928
10248,10259,2.519
10249,10251,6.320
10249,10266,4.090
10250,10248,3.928
10250,10251,46.030
10251,10249,6.320
10251,10250,46.030
10252,2112,174.264
10252,2113,23.438
10252,10253,38.809
10253,10252,38.809
10254,7099,42.512
10255,10249,29.115
10255,10258,9.625
10256,10255,11.769
10256,10257,8.133
10257,10256,8.133
10257,10258,12.208
10258,10255,9.625
10258,10257,12.208
10259,10261,13.297
10259,10264,5.859
10260,10264,20.559
10261,2673,77.937
10261,10263,4.703
10262,10263,23.623
10263,10261,4.703
10263,10262,23.623
10263,10264,13.236
10264,10259,5.859
10264,10260,20.559
10264,10263,13.236
10265,4666,5.679
10265,10268,8.874
10266,10265,16.558
10266,10267,9.410
10267,10266,9.410
10267,10268,16.561
10268,10265,8.874
10268,10267,16.561
10269,3981,6.712
10269,5874,14.000
10270,5877,15.929
10270,10271,7.049
10271,7096,8.825
10271,10270,7.049
10272,1366,5.221
10272,10278,19.411
10272,10283,4.178
10273,10278,31.501
10273,10281,29.277
10274,7248,48.315
10274,10281,11.408
10275,10274,4.426
10275,10280,11.550
10276,10280,2.752
10277,10278,39.144
10278,10272,19.411
10278,10273,31.501
10278,10277,39.144
10279,10281,10.314
10280,10275,11.550
10280,10276,2.752
10280,10281,4.706
10281,10273,29.277
10281,10274,11.408
10281,10279,10.314
10281,10280,4.706
10282,5032,33.566
10283,4232,39.418
10283,10272,4.178
10283,10284,13.771
10284,10283,13.771
10285,9097,8.306
10285,10286,78.640
10285,10288,7.815
10286,10285,78.640
10287,10288,10.425
10288,10285,7.815
10288,10287,10.425
10288,10507,43.594
10289,5040,109.001
10289,8708,19.744
10290,2850,73.805
10291,1429,79.565
10291,3351,10.566
10292,5964,105.275
10292,10293,66.476
10292,10298,8.555
10293,3193,53.693
10293,10292,66.476
10293,10296,9.074
10294,10295,10.228
10295,10294,10.228
10295,10296,33.355
10296,10293,9.074
10296,10295,33.355
10297,10299,49.423
10298,5964,11.899
10298,10292,8.555
10298,10301,14.539
10299,10297,49.423
10299,10300,21.068
10300,10299,21.068
10300,10301,19.769
10301,10298,14.539
10301,10300,19.769
10301,10302,9.343
10302,10301,9.343
10303,8435,95.923
10304,2300,5.507
10304,10310,21.978
10304,10311,8.999
10305,8354,15.662
10305,10306,12.381
10306,10305,12.381
10307,10308,11.015
10308,10307,11.015
10308,10309,11.324
10309,4548,14.159
10309,8442,88.112
10309,10308,11.324
10310,4548,12.197
10310,10304,21.978
10310,10312,8.815
10311,10304,8.999
10311,10312,21.875
10312,10310,8.815
10312,10311,21.875
10313,1385,79.929
10313,1389,20.497
10313,10314,10.832
10314,10313,10.832
10315,5516,149.097
10315,10316,62.042
10315,10322,16.766
10316,10315,62.042
10316,10321,7.726
10316,10331,16.581
10317,10323,6.700
10318,10319,17.758
10318,10328,14.036
10318,10330,6.150
10319,10318,17.758
10319,10320,0.697
10319,10321,6.667
10320,10319,0.697
10321,10316,7.726
10321,10319,6.667
10321,10330,17.631
10322,6177,24.035
10322,10315,16.766
10322,10323,6.969
10323,10317,6.700
10323,10322,6.969
10323,10324,21.540
10324,10323,21.540
10324,10325,8.864
10324,10326,13.873
10325,6177,17.512
10325,10324,8.864
10325,10327,13.826
10326,10324,13.873
10326,10327,7.768
10326,10328,12.571
10327,10325,13.826
10327,10326,7.768
10327,10329,12.250
10328,10318,14.036
10328,10326,12.571
10328,10329,6.861
10329,1397,15.744
10329,10327,12.250
10329,10328,6.861
10330,1397,11.411
10330,10318,6.150
10330,10321,17.631
10331,1389,31.318
10331,1397,50.411
10331,10316,16.581
10332,1931,51.006
10332,10224,3.685
10332,10225,18.433
10333,4889,68.963
10333,8269,32.834
10333,10335,33.540
10334,4889,19.278
10334,5964,19.173
10334,10335,53.164
10335,4889,36.286
10335,8270,33.405
10335,10333,33.540
10335,10334,53.164
10336,4548,11.324
10336,4890,59.645
10336,4891,27.869
10337,8434,6.464
10337,10338,17.829
10338,10337,17.829
10338,10339,17.115
10339,8435,10.601
10339,10338,17.115
10339,10341,63.030
10340,8441,52.108
10340,10341,17.140
10341,10339,63.030
10341,10340,17.140
10342,8440,32.243
10342,10343,49.626
10342,10346,20.079
10343,8440,18.657
10343,10342,49.626
10343,10355,3.383
10344,10345,58.719
10345,10344,58.719
10345,10346,18.948
10346,10342,20.079
10346,10345,18.948
10347,10348,15.638
10347,10349,10.125
10347,10350,8.887
10348,7154,28.430
10348,7841,31.666
10348,10347,15.638
10349,10347,10.125
10350,10347,8.887
10351,7154,107.941
10351,8434,11.697
10351,10353,14.178
10352,10353,9.845
10353,10351,14.178
10353,10352,9.845
10353,10354,6.389
10354,10353,6.389
10355,10343,3.383
10355,10356,14.085
10356,10355,14.085
10356,10357,11.469
10357,10356,11.469
10357,10358,14.561
10358,8441,17.053
10358,10357,14.561
10359,3184,60.515
10359,7841,3.943
10359,10360,6.846
10360,10359,6.846
10361,3184,29.773
10361,10362,4.822
10361,10363,7.242
10362,10361,4.822
10363,10361,7.242
10363,10364,4.374
10363,10371,4.097
10364,10363,4.374
10365,7153,6.858
10365,10367,4.133
10365,10369,18.580
10366,8443,3.932
10366,10367,23.793
10367,10365,4.133
10367,10366,23.793
10368,7153,4.767
10369,8443,5.340
10369,10365,18.580
10369,10370,57.333
10370,7153,33.430
10370,8439,3.145
10370,10369,57.333
10371,8443,31.913
10371,8444,60.419
10371,10363,4.097
10372,3176,22.082
10372,4478,56.760
10373,10378,9.866
10374,4478,8.087
10374,10375,14.085
10374,10376,114.634
10375,10374,14.085
10375,10376,12.513
10376,10374,114.634
10376,10375,12.513
10377,10378,30.251
10377,10379,15.436
10377,10380,4.481
10378,10373,9.866
10378,10377,30.251
10378,10379,45.827
10379,10377,15.436
10379,10378,45.827
10379,10588,11.577
10380,1485,30.636
10380,10377,4.481
10380,10381,54.115
10381,10380,54.115
10382,1442,40.318
10382,6173,37.289
10382,8348,56.250
10383,6177,24.769
10383,10384,26.059
10383,10388,48.052
10384,10383,26.059
10384,10389,8.179
10384,10391,4.696
10385,10387,37.491
10386,10387,23.319
10387,10385,37.491
10387,10386,23.319
10387,10388,4.728
10388,10383,48.052
10388,10387,4.728
10388,10389,20.937
10389,10384,8.179
10389,10388,20.937
10389,11206,23.754
10390,10392,15.661
10391,10384,4.696
10391,10392,30.292
10391,10394,2.381
10392,10390,15.661
10392,10391,30.292
10392,10393,44.559
10393,5517,37.194
10393,10392,44.559
10393,10394,14.069
10394,10391,2.381
10394,10393,14.069
10394,10396,5.998
10395,5517,27.984
10395,10397,13.081
10395,10401,73.557
10396,10394,5.998
10396,10397,54.006
10397,10395,13.081
10397,10396,54.006
10398,1444,109.229
10399,10400,15.833
10400,10399,15.833
10400,10796,42.173
10400,10798,18.696
10401,1393,100.119
10401,10395,73.557
10401,10796,10.931
10402,6113,15.502
10402,8051,38.066
10402,8053,77.325
10402,10405,39.064
10403,8052,24.788
10403,8053,20.509
10403,10404,18.738
10404,10403,18.738
10405,10402,39.064
10406,10407,25.771
10407,8379,8.258
10407,8380,17.610
10407,10406,25.771
10408,10409,27.490
10409,1372,19.278
10409,10408,27.490
10409,10412,19.654
10410,10411,13.144
10411,10410,13.144
10411,10412,24.680
10411,10413,11.390
10412,10409,19.654
10412,10411,24.680
10412,10557,83.637
10413,10411,11.390
10414,10415,29.735
10414,10416,2.066
10415,10414,29.735
10416,10417,18.233
10417,5507,170.291
10417,10416,63.652
10418,10414,12.005
10418,10419,16.755
10419,10418,16.755
10419,10424,7.739
10420,10418,27.516
10420,10421,28.760
10421,10420,28.760
10421,10422,25.409
10421,10425,27.248
10422,10421,25.409
10422,10821,29.052
10422,10822,11.917
10423,10425,6.498
10424,10419,7.739
10424,10425,4.718
10425,10421,27.248
10425,10423,6.498
10425,10424,4.718
10426,10427,78.249
10427,9494,21.865
10427,10426,78.249
10428,6999,46.514
10428,9494,9.675
10429,10430,46.317
10430,10429,46.317
10430,10437,11.009
10431,10433,16.443
10431,10435,11.919
10431,10436,7.701
10432,4666,8.863
10432,9889,35.223
10432,10433,1.122
10433,10431,16.443
10433,10432,1.122
10433,10434,26.992
10434,10433,26.992
10435,10431,11.919
10436,2674,15.258
10436,10431,7.701
10437,10438,19.408
10437,10439,5.730
10438,1907,59.791
10438,10440,4.985
10439,10437,5.730
10439,10440,19.384
10440,10438,4.985
10440,10439,19.384
10441,10442,20.299
10441,10453,21.953
10442,10441,20.299
10442,10443,33.504
10442,10454,1.878
10443,10442,33.504
10443,10444,11.643
10443,10445,7.889
10444,10443,11.643
10445,10443,7.889
10446,6494,55.695
10447,1349,106.405
10447,1362,33.051
10447,11204,3.102
10448,1362,27.364
10448,4231,20.124
10448,11205,6.404
10449,10452,21.854
10449,10453,8.864
10450,10452,17.046
10451,10452,34.183
10452,10449,21.854
10452,10450,17.046
10452,10451,34.183
10453,10441,21.953
10453,10449,8.864
10454,10442,1.878
10454,10455,15.403
10455,10454,15.403
10455,10456,5.702
10456,1383,13.069
10456,7528,28.245
10456,10455,5.702
10457,10459,25.310
10457,10460,27.210
10458,10459,29.945
10459,10457,25.310
10459,10458,29.945
10459,10853,24.177
10460,10462,14.549
10460,10463,57.840
10461,10462,37.959
10462,7613,53.892
10462,10461,37.959
10463,10460,57.840
10464,1291,21.975
10465,13247,90.739
10466,10469,43.280
10466,10471,7.176
10466,10854,2.408
10467,10854,25.211
10468,1403,26.738
10468,10469,5.947
10468,10519,8.557
10469,10466,43.280
10469,10468,5.947
10469,10470,12.122
10470,10469,12.122
10471,10466,7.176
10471,10472,7.127
10471,10474,81.237
10472,10471,7.127
10472,10473,18.578
10472,10476,48.916
10473,10472,18.578
10473,10474,2.360
10473,10476,23.361
10474,6810,22.366
10474,10471,81.237
10474,10473,2.360
10474,10477,23.159
10475,10861,33.681
10476,10472,48.916
10476,10473,23.361
10476,10477,1.824
10477,10474,23.159
10477,10476,1.824
10477,10862,6.091
10478,1381,34.439
10478,7529,4.970
10478,10479,61.419
10479,10478,61.419
10480,10482,9.265
10481,10482,16.610
10482,6810,32.049
10482,10480,9.265
10482,10481,16.610
10483,3048,112.736
10484,4523,186.878
10485,2278,15.342
10486,7795,13.005
10487,6879,59.331
10487,10492,18.392
10487,10493,75.809
10488,10489,57.862
10489,10488,57.862
10489,10490,75.148
10489,10491,18.175
10490,10489,75.148
10490,10491,59.173
10490,10492,18.088
10491,10489,18.175
10491,10490,59.173
10491,10493,18.327
10492,10487,18.392
10492,10490,18.088
10492,10493,59.602
10493,10487,75.809
10493,10491,18.327
10493,10492,59.602
10494,10495,4.137
10494,10497,17.527
10495,1370,19.766
10495,10494,4.137
10495,10601,54.707
10496,1366,54.814
10496,1370,12.107
10496,10497,8.073
10497,10494,17.527
10497,10496,8.073
10498,7249,84.562
10498,10499,110.444
10499,10498,10.884
10500,10501,44.024
10501,1358,228.286
10501,10500,44.024
10502,10503,27.911
10503,4294,61.746
10503,6590,45.376
10503,10502,27.911
10504,8352,73.444
10504,10505,36.351
10505,8353,49.842
10505,10504,36.351
10506,8351,15.033
10506,8352,81.081
10506,8353,4.663
10507,1350,28.457
10507,10288,43.594
10507,10508,64.921
10508,1350,36.616
10508,4295,21.142
10508,10507,64.921
10509,5520,41.498
10510,5522,7.950
10510,10511,48.435
10510,10513,18.570
10511,10510,48.435
10512,10513,65.889
10513,5520,53.578
10513,10510,18.570
10513,10512,65.889
10514,10515,6.643
10515,10514,6.643
10515,10519,14.860
10516,6013,27.578
10516,6035,87.016
10516,11185,14.828
10517,6013,26.566
10518,10519,54.500
10519,1408,55.681
10519,10468,8.557
10519,10515,14.860
10519,10518,54.500
10520,10524,15.519
10521,10525,15.242
10522,6204,2.028
10522,10525,8.811
10522,10528,8.850
10523,10524,5.166
10524,6204,9.051
10524,10520,15.519
10524,10523,5.166
10525,10521,15.242
10525,10522,8.811
10525,10526,8.655
10526,10525,8.655
10526,10527,2.144
10526,10528,8.162
10527,10526,2.144
10528,2910,26.447
10528,10522,8.850
10528,10526,8.162
10529,6176,17.982
10530,10531,38.358
10531,6176,40.661
10531,8948,21.181
10531,10530,38.358
10532,8947,11.765
10533,10534,19.088
10534,10533,19.088
10534,10535,4.060
10534,10537,2.727
10535,1408,41.682
10535,1410,3.176
10535,10534,4.060
10536,1410,4.141
10536,10537,2.312
10536,10538,26.680
10537,8947,13.579
10537,10534,2.727
10537,10536,2.312
10538,8948,18.528
10538,8949,5.809
10538,10536,26.680
10539,10540,10.695
10540,10539,10.695
10540,10545,21.744
10540,15506,3.424
10541,10544,3.935
10542,10543,6.966
10542,10546,2.508
10542,10548,2.943
10543,10542,6.966
10543,10544,3.091
10543,10545,2.520
10544,10541,3.935
10544,10543,3.091
10544,10548,6.555
10545,10540,21.744
10545,10543,2.520
10545,10546,7.313
10546,10542,2.508
10546,10545,7.313
10546,10563,5.381
10547,10818,71.109
10548,10542,2.943
10548,10544,6.555
10548,10552,24.678
10548,10818,14.928
10549,10550,56.083
10550,1383,18.124
10550,10549,56.083
10550,10563,5.988
10551,10555,3.487
10552,3021,25.070
10552,10548,24.678
10552,10553,32.286
10553,10552,32.286
10553,10554,14.648
10553,10555,18.823
10554,10553,14.648
10555,10551,3.487
10555,10553,18.823
10555,10556,16.879
10556,10555,16.879
10557,1384,103.804
10557,10412,83.637
10557,10558,38.393
10558,10557,38.393
10558,10559,66.366
10558,10562,12.389
10559,10558,66.366
10559,10562,12.022
10559,10820,14.795
10560,10562,10.700
10561,10562,13.937
10562,10558,12.389
10562,10559,12.022
10562,10560,10.700
10562,10561,13.937
10563,10546,5.381
10563,10550,5.988
10563,15506,26.524
10564,15506,16.282
10565,3442,17.676
10565,10566,47.466
10566,3443,13.988
10567,10569,32.165
10567,10571,18.063
10567,10859,67.667
10568,1485,73.734
10568,9842,41.408
10568,10572,12.529
10569,10567,32.165
10569,10570,17.736
10569,10860,22.326
10570,10569,17.736
10570,10571,33.460
10570,10572,49.479
10571,10567,18.063
10571,10570,33.460
10571,10572,15.449
10572,10568,12.529
10572,10570,49.479
10572,10571,15.449
10572,10573,34.104
10573,10572,34.104
10574,10575,24.814
10575,5508,34.751
10575,10574,24.814
10575,10811,17.057
10576,5514,137.088
10576,10577,52.083
10577,10576,52.083
10578,10576,2.623
10578,10579,15.025
10579,10578,15.025
10580,10587,10.917
10580,10589,43.118
10581,6091,25.629
10581,8358,7.133
10581,10586,11.393
10582,1465,30.024
10582,9339,29.030
10582,10584,8.975
10583,10584,24.710
10584,10582,8.975
10584,10583,24.710
10584,10586,53.420
10585,10586,11.868
10586,10581,11.393
10586,10584,53.420
10586,10585,11.868
10587,10580,10.917
10587,10588,10.001
10587,10589,54.771
10588,6077,22.382
10588,10379,11.577
10588,10587,10.001
10589,10580,43.118
10589,10587,54.771
10589,10590,13.299
10590,10589,13.299
10591,9340,3.292
10591,10592,5.901
10592,10591,5.901
10592,10593,3.622
10593,9339,31.808
10593,9340,5.971
10593,10592,3.622
10594,10597,3.109
10595,9868,42.782
10595,10597,5.862
10595,10607,2.663
10596,10613,1.086
10597,10594,3.109
10597,10595,5.862
10597,10608,2.727
10598,10599,14.853
10599,1364,148.892
10599,10598,14.853
10599,10604,14.509
10600,10603,30.762
10601,1353,20.241
10601,10495,54.707
10601,10603,6.969
10602,10603,7.723
10603,10600,30.762
10603,10601,6.969
10603,10602,7.723
10604,1353,34.395
10604,10599,14.509
10604,10605,33.198
10605,10604,33.198
10606,10608,1.239
10607,10595,2.663
10607,10608,5.999
10607,10610,2.807
10608,10597,2.727
10608,10606,1.239
10608,10607,5.999
10608,10614,2.623
10609,10614,1.003
10610,10607,2.807
10610,10612,2.460
10610,10614,6.157
10611,10613,1.045
10612,1518,45.487
10612,10610,2.460
10612,10613,6.293
10613,10596,1.086
10613,10611,1.045
10613,10612,6.293
10613,10614,2.519
10614,10608,2.623
10614,10609,1.003
10614,10610,6.157
10614,10613,2.519
10615,9340,10.034
10615,10622,119.875
10615,10624,3.699
10616,10618,18.509
10617,10618,4.005
10617,10621,21.929
10617,10622,4.020
10618,10616,18.509
10618,10617,4.005
10618,10619,22.675
10619,10618,22.675
10619,10620,22.277
10619,10621,5.686
10620,10619,22.277
10621,5735,74.617
10621,10617,21.929
10621,10619,5.686
10622,6090,4.793
10622,10615,119.875
10622,10617,4.020
10623,6090,35.050
10624,6090,25.001
10624,10615,3.699
10624,10625,46.605
10625,10624,46.605
10626,10627,13.740
10627,1499,21.331
10627,1505,21.619
10627,10626,13.740
10628,10629,8.628
10629,1499,27.028
10629,10628,8.628
10629,10870,46.784
10630,10640,0.738
10631,1434,29.900
10631,10634,3.953
10631,10637,8.017
10632,10634,1.003
10633,10634,8.256
10633,10635,1.103
10633,10637,3.409
10634,10631,3.953
10634,10632,1.003
10634,10633,8.256
10634,10636,12.739
10635,10633,1.103
10636,10634,12.739
10637,1446,11.126
10637,10631,8.017
10637,10633,3.409
10638,10640,2.451
10639,10640,3.270
10640,4479,6.013
10640,10630,0.738
10640,10638,2.451
10640,10639,3.270
10641,10642,36.675
10642,4479,6.726
10642,10641,36.675
10642,10644,9.406
10643,10644,36.951
10644,3023,19.391
10644,10642,9.406
10644,10643,36.951
10645,12910,14.835
10645,12912,47.246
10646,10648,35.984
10647,10648,33.165
10648,6106,14.040
10648,10646,35.984
10648,10647,33.165
10649,10650,30.645
10650,10649,30.645
10650,10654,5.253
10650,10758,48.474
10651,10653,25.471
10652,10653,4.681
10653,10651,25.471
10653,10652,4.681
10653,10654,7.267
10654,10650,5.253
10654,10653,7.267
10654,10656,7.477
10655,10656,28.899
10656,6119,37.273
10656,10654,7.477
10656,10655,28.899
10657,10658,26.929
10658,10657,26.929
10658,10659,5.243
10658,10664,6.582
10659,10658,5.243
10659,10660,12.166
10660,6117,1.681
10660,10659,12.166
10661,10663,3.226
10662,10663,3.338
10663,10661,3.226
10663,10662,3.338
10663,10664,2.949
10664,10658,6.582
10664,10663,2.949
10664,10666,8.355
10665,10670,14.559
10666,10664,8.355
10666,10668,9.119
10666,10670,4.753
10667,10669,0.946
10668,3023,18.355
10668,10666,9.119
10668,10669,4.310
10669,10667,0.946
10669,10668,4.310
10669,10670,8.679
10670,10665,14.559
10670,10666,4.753
10670,10669,8.679
10671,8435,17.326
10672,10673,36.911
10673,1410,58.400
10673,1434,52.864
10673,10672,36.911
10674,10675,34.003
10675,8359,33.033
10675,10674,34.003
10676,10677,24.304
10677,8958,39.573
10677,8959,21.557
10677,10676,24.304
10678,10680,4.837
10679,10680,8.563
10680,6106,13.318
10680,10678,4.837
10680,10679,8.563
10681,6203,7.598
10681,10682,32.895
10682,7534,6.964
10682,10681,32.895
10683,1497,44.494
10683,3034,109.098
10683,10684,101.258
10684,6082,21.674
10684,10683,101.258
10685,6076,11.155
10685,10686,20.388
10685,10687,112.928
10686,6075,13.468
10686,10685,20.388
10686,10687,29.362
10687,10685,112.928
10687,10686,29.362
10687,10688,10.461
10688,10687,10.461
10689,3869,23.153
10689,10690,21.272
10689,10691,11.152
10690,10689,21.272
10690,10692,11.754
10690,10705,6.162
10691,10689,11.152
10691,10692,21.052
10692,10690,11.754
10692,10691,21.052
10693,9731,111.532
10693,9732,25.800
10693,10694,64.663
10694,10693,64.663
10694,10695,90.709
10694,10707,10.679
10695,10694,90.709
10696,1581,14.295
10696,10702,16.774
10697,1574,35.443
10697,10696,11.663
10698,2604,9.014
10698,10700,43.745
10698,10965,10.650
10699,1570,7.741
10699,1577,38.619
10699,10965,65.958
10700,10698,43.745
10700,10701,21.668
10700,10962,9.057
10701,10700,21.668
10702,10962,7.711
10703,10696,14.564
10703,10702,16.324
10704,10705,37.162
10705,10690,6.162
10705,10704,37.162
10705,10753,15.151
10706,9732,118.101
10707,10694,10.679
10708,1420,40.169
10709,1420,11.282
10709,1422,17.635
10709,10710,59.753
10710,10709,59.753
10711,1446,17.058
10712,10714,9.225
10713,6120,12.347
10714,8960,15.949
10714,10712,9.225
10714,10715,65.615
10715,6120,13.078
10715,8960,25.577
10715,10714,65.615
10716,1422,9.695
10716,6120,62.125
10716,8960,42.564
10717,5509,36.015
10717,10719,14.159
10717,10728,46.033
10718,10719,23.343
10718,10722,17.817
10719,10717,14.159
10719,10718,23.343
10719,10720,46.167
10720,5508,14.343
10720,10719,46.167
10720,10721,46.623
10721,10720,46.623
10721,10722,7.166
10722,10718,17.817
10722,10721,7.166
10723,10724,7.029
10724,10723,7.029
10724,10725,7.237
10725,5509,37.615
10725,10724,7.237
10726,10728,2.752
10727,10728,16.192
10728,10717,46.033
10728,10726,2.752
10728,10727,16.192
10729,10730,12.738
10730,1383,46.232
10730,10729,12.738
10730,10734,8.151
10731,10733,24.096
10732,1408,90.121
10732,10733,4.860
10732,10734,7.833
10733,10731,24.096
10733,10732,4.860
10733,10734,12.077
10734,10730,8.151
10734,10732,7.833
10734,10733,12.077
10735,10736,17.932
10736,3868,23.378
10736,8362,43.236
10736,10735,17.932
10737,10738,20.924
10738,3862,52.314
10738,3868,33.697
10738,10737,20.924
10739,3862,72.216
10740,10741,95.802
10741,3862,81.019
10741,3866,4.528
10741,10740,95.802
10742,9174,9.131
10742,10743,5.066
10742,10744,4.281
10743,10742,5.066
10744,10742,4.281
10744,10745,34.107
10744,10747,7.797
10745,10744,34.107
10746,10747,18.879
10747,6097,21.406
10747,10744,7.797
10747,10746,18.879
10748,6098,2.274
10748,10968,59.796
10749,10752,27.242
10750,3863,66.766
10750,8362,42.061
10750,10752,14.365
10751,3865,1.905
10751,10756,5.844
10751,10759,7.962
10752,10749,27.242
10752,10750,14.365
10752,10754,17.845
10753,10705,15.151
10753,10755,4.919
10753,10759,19.839
10754,10752,17.845
10754,10755,46.606
10754,10756,17.734
10755,10753,4.919
10755,10754,46.606
10755,10756,28.265
10756,10751,5.844
10756,10754,17.734
10756,10755,28.265
10757,10762,81.758
10758,3865,28.961
10758,10650,48.474
10758,10762,8.969
10759,10751,7.962
10759,10753,19.839
10759,10760,9.880
10760,10759,9.880
10760,10761,15.766
10760,10772,17.437
10761,10760,15.766
10761,10762,5.142
10761,10773,15.511
10762,10757,81.758
10762,10758,8.969
10762,10761,5.142
10763,3867,17.556
10764,10766,15.110
10765,10766,11.246
10766,10764,15.110
10766,10765,11.246
10766,10767,9.439
10767,3867,8.934
10767,10766,9.439
10767,10771,1.616
10768,10769,19.776
10769,3868,6.701
10769,10768,19.776
10769,10771,6.273
10770,10771,1.383
10771,10767,1.616
10771,10769,6.273
10771,10770,1.383
10772,10760,17.437
10773,10761,15.511
10774,1460,20.949
10774,10775,19.310
10775,10774,19.310
10775,10776,11.085
10776,10775,11.085
10777,10774,43.236
10777,10780,10.099
10778,10777,10.481
10778,10779,8.323
10779,10778,8.323
10779,10780,9.941
10780,10777,10.099
10780,10779,9.941
10781,7202,29.255
10781,10782,46.198
10781,10784,14.821
10782,10781,46.198
10783,10786,18.663
10784,7203,30.134
10784,10781,14.821
10784,10786,34.573
10785,7203,32.754
10785,10788,17.939
10786,10783,18.663
10786,10784,34.573
10786,10788,16.434
10787,10788,14.909
10788,10785,17.939
10788,10786,16.434
10788,10787,14.909
10789,10790,103.301
10790,8204,10.370
10790,8205,100.041
10790,10789,103.301
10791,5876,6.895
10791,5913,32.480
10792,5397,23.391
10792,10793,48.988
10793,8006,53.275
10793,10792,48.988
10794,10795,28.448
10795,7226,72.895
10795,10794,28.448
10796,10400,42.173
10796,10401,10.931
10796,10797,17.315
10797,10796,17.315
10798,10400,18.696
10799,8950,32.041
10799,10801,13.554
10799,10803,5.211
10800,10803,46.467
10801,1370,55.913
10801,10799,13.554
10801,10802,4.528
10802,10801,4.528
10802,10803,13.413
10802,10804,1.278
10803,10799,5.211
10803,10800,46.467
10803,10802,13.413
10804,10802,1.278
10805,4235,11.244
10805,7934,21.319
10806,8958,19.370
10806,10805,11.755
10807,10808,30.096
10808,2886,16.187
10808,10807,30.096
10808,11079,57.643
10809,10810,22.596
10810,2886,31.939
10810,4895,33.506
10810,10809,22.596
10811,2302,32.932
10811,10575,17.057
10811,10812,89.663
10812,2303,53.818
10812,7616,15.197
10812,10811,89.663
10813,2883,111.261
10813,5282,24.702
10813,6084,62.609
10814,10815,13.703
10814,10816,23.669
10815,10814,13.703
10815,10817,23.980
10816,8956,10.770
10816,10814,23.669
10816,10817,13.141
10817,8957,10.033
10817,10815,23.980
10817,10816,13.141
10818,10547,71.109
10818,10548,14.928
10818,10819,11.996
10819,10818,11.996
10820,10559,14.795
10821,10420,25.885
10821,10422,29.052
10822,10422,11.917
10823,6116,21.917
10823,10824,29.069
10823,10828,79.401
10824,10823,29.069
10824,10825,12.667
10824,10867,28.097
10825,10824,12.667
10825,10827,16.498
10825,10868,24.945
10826,6116,56.157
10826,10827,5.799
10827,10825,16.498
10827,10826,5.799
10828,3021,10.681
10828,6116,14.262
10828,10823,79.401
10829,10833,30.822
10830,1476,33.167
10830,10832,12.456
10830,10833,5.978
10831,10834,30.592
10832,10830,12.456
10832,10834,5.144
10832,10836,8.024
10833,10829,30.822
10833,10830,5.978
10833,10834,12.539
10834,10831,30.592
10834,10832,5.144
10834,10833,12.539
10835,10836,23.149
10836,1470,7.871
10836,10832,8.024
10836,10835,23.149
10837,10842,18.777
10838,10840,17.539
10838,10844,49.023
10838,10882,10.497
10839,10841,18.207
10840,10838,17.539
10840,10841,59.086
10840,10842,42.801
10841,10839,18.207
10841,10840,59.086
10841,10842,17.957
10842,10837,18.777
10842,10840,42.801
10842,10841,17.957
10843,10845,4.744
10844,10838,49.023
10844,10845,2.217
10844,10849,4.591
10845,10843,4.744
10845,10844,2.217
10845,10850,4.663
10846,10847,8.051
10846,10848,6.745
10846,10850,21.982
10847,10846,8.051
10848,1439,58.932
10848,1449,19.751
10848,10846,6.745
10849,1449,9.254
10849,10844,4.591
10849,10850,2.142
10850,10845,4.663
10850,10846,21.982
10850,10849,2.142
10851,5530,164.372
10852,1439,12.674
10853,10459,24.177
10854,1403,25.566
10854,10466,2.408
10854,10467,25.211
10855,10856,17.297
10855,15519,166.265
10856,3195,12.397
10856,10857,7.394
10857,3194,17.724
10857,10858,4.838
10858,1433,7.420
10859,10567,67.667
10860,10569,22.326
10861,10475,33.681
10861,10862,1.759
10862,10477,6.091
10862,10861,1.759
10863,10864,27.470
10864,10863,27.470
10864,10865,39.269
10864,10866,56.299
10865,1451,27.987
10865,1465,87.602
10865,10864,39.269
10866,10864,56.299
10867,10824,28.097
10868,10825,24.945
10869,10870,11.298
10870,6091,40.350
10870,10629,46.784
10870,10869,11.298
10871,4468,20.320
10871,5516,8.776
10871,8943,21.970
10872,4480,11.632
10872,10873,34.792
10873,10872,34.792
10873,10874,10.145
10874,1450,25.481
10874,10873,10.145
10875,10878,63.116
10875,10881,7.322
10876,6499,45.477
10876,10877,9.412
10877,10875,21.259
10877,10878,44.831
10878,6499,11.444
10878,10877,44.831
10879,5515,42.652
10879,10881,50.955
10879,15519,21.739
10880,10881,3.073
10881,10875,7.322
10881,10879,50.955
10881,10880,3.073
10882,8349,43.099
10882,10838,10.497
10882,10883,70.528
10883,10882,70.528
10884,1425,90.770
10884,10887,35.064
10884,11200,21.520
10885,11200,207.043
10886,11199,3.455
10887,1439,13.173
10887,10884,35.064
10887,11199,17.107
10888,5414,45.616
10889,10891,5.625
10890,5415,76.261
10890,10891,3.956
10891,5414,102.443
10891,10889,5.625
10891,10890,3.956
10892,10893,30.425
10893,4480,9.006
10893,10892,30.425
10893,10895,19.103
10894,10896,7.736
10895,4481,10.615
10895,10893,19.103
10895,10898,10.985
10896,10894,7.736
10896,10897,2.195
10896,10898,5.316
10897,10896,2.195
10898,10895,10.985
10898,10896,5.316
10898,10899,2.195
10899,10898,2.195
10900,10903,28.127
10901,6074,17.972
10901,10903,10.507
10901,10905,8.573
10902,6073,38.445
10902,6074,10.229
10902,10903,18.223
10903,10900,28.127
10903,10901,10.507
10903,10902,18.223
10904,6074,8.795
10904,10905,17.881
10905,6489,103.249
10905,10901,8.573
10906,6073,62.039
10906,10907,21.322
10907,10906,21.322
10908,1608,26.806
10908,10909,20.104
10908,10912,5.992
10909,10908,20.104
10909,10910,22.892
10909,10914,7.047
10910,1626,43.771
10910,10909,22.892
10910,10913,8.206
10911,10912,50.347
10911,10913,38.285
10911,10914,15.462
10912,10908,5.992
10912,10911,50.347
10912,10914,20.255
10913,10910,8.206
10913,10911,38.285
10913,10914,22.926
10914,10909,7.047
10914,10911,15.462
10914,10912,20.255
10914,10913,22.926
10915,4694,33.948
10915,4695,10.311
10915,10916,7.988
10916,10915,7.988
10917,10918,24.757
10918,1712,15.296
10918,4694,19.131
10918,10917,24.757
10919,10920,32.706
10920,6489,27.187
10920,10919,32.706
10921,10925,15.004
10922,10920,40.199
10922,10925,6.180
10923,10926,17.256
10924,10922,17.344
10924,10926,6.309
10925,10921,15.004
10925,10922,6.180
10925,10926,17.550
10926,10923,17.256
10926,10924,6.309
10926,10925,17.550
10927,1547,39.200
10927,1554,63.612
10927,10929,31.751
10928,2602,47.232
10928,10929,54.773
10929,10927,31.751
10929,10928,54.773
10929,10930,12.750
10930,10929,12.750
10931,1589,24.435
10931,10935,8.389
10931,10937,9.687
10932,10934,45.138
10932,10935,28.040
10933,3037,64.271
10933,10934,8.155
10933,10937,2.448
10934,10932,45.138
10934,10933,8.155
10934,10935,12.180
10935,10931,8.389
10935,10932,28.040
10935,10934,12.180
10936,10937,11.797
10937,10931,9.687
10937,10933,2.448
10937,10936,11.797
10938,10940,56.244
10939,6866,13.407
10939,9851,10.599
10939,10940,40.957
10940,6866,27.722
10940,10938,56.244
10940,10939,40.957
10941,10943,73.190
10941,10945,7.798
10941,10946,40.397
10942,1641,30.631
10942,6637,60.152
10942,10943,9.283
10943,10941,73.190
10943,10942,9.283
10943,10945,11.387
10943,10946,36.005
10944,10945,7.129
10945,10941,7.798
10945,10943,11.387
10945,10944,7.129
10946,10941,40.397
10946,10943,36.005
10946,10947,6.346
10947,10946,6.346
10948,10951,13.455
10949,1651,10.804
10949,10951,20.185
10949,10954,6.796
10950,10951,13.677
10951,10948,13.455
10951,10949,20.185
10951,10950,13.677
10952,1640,89.099
10952,10954,12.137
10952,11202,5.262
10953,11201,15.682
10953,11202,29.526
10954,10949,6.796
10954,10952,12.137
10954,11201,5.261
10955,7255,35.483
10955,10956,30.526
10956,7255,22.952
10956,10957,9.734
10957,1719,9.406
10958,10960,33.901
10958,10961,35.897
10959,9838,38.420
10960,10959,35.377
10960,10961,5.232
10961,10959,37.593
10961,10960,5.232
10962,2604,43.272
10962,10700,9.057
10963,10967,18.034
10963,11210,7.060
10964,10963,19.499
10964,10967,9.577
10965,10698,10.650
10965,10699,65.958
10965,10964,8.601
10966,1570,66.687
10966,2604,11.093
10966,10965,8.708
10967,10698,13.812
10967,10964,9.577
10967,11209,12.724
10968,10748,59.796
10969,10970,6.315
10969,10971,17.149
10970,10969,6.315
10970,10974,22.819
10970,12224,3.365
10971,10969,17.149
10971,10972,25.266
10972,10971,25.266
10972,10973,21.044
10973,10972,21.044
10973,10974,2.846
10974,1964,15.696
10974,10973,2.846
10975,10976,58.000
10975,10977,17.044
10975,11203,40.178
10976,10975,58.000
10976,10977,36.985
10976,10978,13.968
10977,10975,17.044
10977,10976,36.985
10977,10979,28.705
10978,2898,72.085
10978,10976,13.968
10979,10977,28.705
10979,10980,11.581
10979,11203,39.995
10980,10979,11.581
10981,10982,22.845
10981,10983,4.094
10981,11125,43.161
10982,1632,63.613
10982,10981,22.845
10982,10984,5.704
10983,10981,4.094
10983,10984,22.803
10984,10982,5.704
10984,10983,22.803
10985,10988,16.051
10985,10989,48.931
10985,10994,47.814
10986,5490,30.429
10986,10991,24.513
10986,10993,20.102
10986,10996,75.952
10987,5491,13.063
10987,10989,33.382
10987,10992,2.045
10988,10985,16.051
10988,10990,16.390
10988,10993,21.952
10989,10985,48.931
10989,10987,33.382
10989,10990,16.609
10990,10988,16.390
10990,10989,16.609
10990,10991,34.359
10991,10986,24.513
10991,10990,34.359
10991,10992,13.977
10992,10987,2.045
10992,10991,13.977
10993,10986,20.102
10993,10988,21.952
10993,10994,8.797
10994,10985,47.814
10994,10993,8.797
10994,10995,25.424
10995,10994,25.424
10996,10986,75.952
10997,6639,3.761
10997,10999,41.504
10998,5387,11.954
10998,5390,28.265
10998,10999,17.009
10999,5388,10.197
10999,10997,41.504
10999,10998,17.009
11000,1696,49.196
11000,1712,60.750
11000,11001,93.253
11001,1696,39.410
11001,1698,6.322
11001,11000,93.253
11002,11003,17.397
11003,5388,22.470
11003,11002,17.397
11003,11004,12.884
11004,5389,35.409
11004,6645,15.688
11004,11003,12.884
11005,6645,21.060
11006,5389,20.223
11007,6643,39.067
11008,4690,43.574
11008,11009,19.968
11008,11011,8.734
11009,4691,4.096
11009,11008,19.968
11009,11012,5.610
11010,11011,34.461
11010,11012,20.305
11011,11008,8.734
11011,11010,34.461
11011,11012,19.191
11012,11009,5.610
11012,11010,20.305
11012,11011,19.191
11013,11014,41.668
11014,1640,33.472
11014,4896,57.847
11014,11013,41.668
11015,11016,48.325
11016,4896,9.328
11016,9148,23.191
11016,11015,48.325
11017,9785,81.360
11017,11022,5.694
11018,11019,67.800
11018,11020,15.012
11018,11021,33.202
11019,11018,67.800
11020,11018,15.012
11021,11018,33.202
11021,11022,13.073
11022,11017,5.694
11022,11021,13.073
11023,8120,64.288
11023,11024,9.990
11023,11026,5.371
11024,11023,9.990
11024,11025,1.791
11025,11024,1.791
11025,11027,4.840
11026,1679,63.375
11026,11023,5.371
11026,11027,12.277
11027,11025,4.840
11027,11026,12.277
11028,1656,58.117
11028,5005,25.064
11028,11029,26.552
11029,11028,26.552
11030,5004,82.924
11030,11032,42.496
11031,1654,12.149
11031,11033,151.201
11032,11030,42.496
11033,11031,29.003
11034,1643,12.960
11034,7854,46.894
11034,11037,11.381
11035,11036,19.688
11035,11037,50.077
11036,11035,19.688
11036,11037,29.811
11037,11034,11.381
11037,11035,50.077
11037,11036,29.811
11038,6653,102.753
11038,11039,28.356
11039,11038,28.356
11040,11041,34.569
11041,7855,14.546
11041,7856,44.517
11041,11040,34.569
11042,7856,6.532
11042,11044,28.640
11042,11047,5.706
11043,11047,26.431
11044,1658,12.893
11044,11042,28.640
11044,11046,7.556
11045,11046,20.270
11045,11047,7.494
11046,11044,7.556
11046,11045,20.270
11047,11042,5.706
11047,11043,26.431
11047,11045,7.494
11048,1656,64.028
11048,7856,23.066
11049,1685,30.933
11049,4691,4.548
11049,11050,15.659
11050,11049,15.659
11051,11052,34.162
11052,11051,34.162
11052,11053,11.019
11053,4517,47.689
11053,11303,20.403
11054,1685,20.722
11054,5489,52.389
11055,11057,29.295
11056,11057,27.983
11057,11055,29.295
11057,11056,27.983
11057,11058,25.966
11058,5296,40.084
11058,11057,25.966
11059,11058,15.708
11059,11060,9.326
11060,1702,56.342
11060,11059,9.326
11061,5804,31.607
11061,11239,10.561
11062,5803,29.780
11062,6121,10.281
11063,2916,9.155
11063,5400,8.202
11064,7542,151.799
11064,11063,8.430
11065,6646,4.896
11065,11064,9.694
11066,7541,29.577
11066,13448,88.208
11067,7541,7.261
11067,11066,30.778
11068,11071,2.286
11068,11073,7.723
11068,11076,44.055
11069,11073,14.508
11070,11072,2.216
11071,4894,17.137
11071,11068,2.286
11071,11072,7.736
11072,11070,2.216
11072,11071,7.736
11072,11073,2.524
11073,11068,7.723
11073,11069,14.508
11073,11072,2.524
11074,4894,17.694
11074,4895,99.093
11074,11075,4.342
11075,11074,4.342
11076,2909,18.335
11076,11068,44.055
11077,2883,32.341
11078,2907,8.350
11078,11077,21.736
11079,4131,27.848
11079,10808,57.643
11080,1653,23.086
11080,11105,4.031
11081,11082,9.830
11081,11084,32.061
11081,11087,30.974
11082,1619,60.489
11082,11081,9.830
11082,11085,30.875
11083,11084,10.938
11083,11086,9.890
11084,11081,32.061
11084,11083,10.938
11085,3037,30.875
11085,11082,30.875
11085,11087,10.629
11086,11083,9.890
11086,11087,23.968
11087,11081,30.974
11087,11085,10.629
11087,11086,23.968
11088,3037,43.671
11088,11089,8.258
11088,11332,28.512
11089,11088,8.258
11089,11090,28.860
11089,11091,34.078
11090,11089,28.860
11090,11331,2.972
11090,11332,8.984
11091,11089,34.078
11092,1653,15.347
11092,11093,4.146
11092,11098,11.180
11093,11092,4.146
11093,11094,31.706
11093,11097,11.073
11094,11093,31.706
11094,11096,23.815
11095,8126,82.869
11095,11096,12.381
11095,11102,12.409
11096,11094,23.815
11096,11095,12.381
11096,11102,24.247
11097,11093,11.073
11097,11098,4.179
11097,11099,21.697
11098,1644,31.686
11098,11092,11.180
11098,11097,4.179
11099,11097,21.697
11099,11100,13.278
11099,11101,18.836
11100,1644,10.304
11100,11099,13.278
11100,11101,6.923
11101,11099,18.836
11101,11100,6.923
11101,11102,5.722
11102,11095,12.409
11102,11096,24.247
11102,11101,5.722
11103,11080,10.570
11103,11104,22.764
11104,11103,22.764
11105,11080,4.031
11105,11106,18.383
11105,11108,8.656
11106,11105,18.383
11106,11107,7.460
11106,11288,31.175
11107,11106,7.460
11107,11108,18.454
11108,11105,8.656
11108,11107,18.454
11109,5294,24.612
11109,11116,23.550
11110,11112,16.791
11110,11113,6.561
11110,11116,28.910
11111,11113,20.311
11112,11110,16.791
11113,11110,6.561
11113,11111,20.311
11113,11114,13.560
11114,11113,13.560
11115,11116,17.013
11116,11109,23.550
11116,11110,28.910
11116,11115,17.013
11117,11109,22.158
11117,11118,9.887
11118,11117,9.887
11118,11120,60.134
11119,11117,60.012
11119,11120,9.681
11120,1635,58.018
11120,11119,9.681
11121,8203,10.608
11121,11122,92.407
11121,11123,10.837
11122,5292,63.985
11122,8203,12.556
11122,11121,92.407
11123,6866,87.973
11123,11121,10.837
11123,11124,13.540
11124,11123,13.540
11125,6938,13.357
11125,10981,43.161
11125,11128,4.277
11126,11128,23.011
11126,11129,61.092
11126,11132,19.675
11127,11128,65.440
11127,11129,79.645
11127,11130,8.815
11128,11125,4.277
11128,11126,23.011
11128,11127,65.440
11129,11126,61.092
11129,11127,79.645
11129,11130,16.755
11130,11127,8.815
11130,11129,16.755
11130,11132,8.487
11131,11132,13.408
11132,11126,19.675
11132,11130,8.487
11132,11131,13.408
11133,1598,53.518
11133,1599,34.421
11133,11134,27.704
11134,11133,27.704
11134,11136,16.299
11134,11137,15.988
11135,11136,10.343
11136,11134,16.299
11136,11135,10.343
11136,11140,12.643
11137,11134,15.988
11137,11139,19.169
11138,11139,13.939
11139,11137,19.169
11139,11138,13.939
11140,11136,12.643
11141,1570,26.273
11141,11142,17.740
11142,2603,188.633
11142,11141,17.740
11143,1495,8.091
11143,6109,55.679
11144,6109,63.860
11144,11143,33.536
11145,6110,72.201
11145,6111,6.119
11145,11146,43.664
11146,11145,43.664
11147,11149,20.105
11148,11149,8.530
11149,11147,20.105
11149,11148,8.530
11149,11151,18.745
11150,11151,34.014
11151,6111,33.031
11151,11149,18.745
11151,11150,34.014
11152,1494,15.544
11152,11153,74.164
11153,1494,56.526
11153,9868,9.001
11153,11152,74.164
11154,11164,16.343
11154,11168,18.574
11155,2903,145.152
11155,5808,21.769
11155,11159,20.359
11156,11166,19.302
11157,11158,7.545
11157,11160,11.535
11157,11162,41.020
11158,5808,20.947
11158,11157,7.545
11158,11159,21.505
11159,11155,20.359
11159,11158,21.505
11159,11161,18.850
11160,11157,11.535
11160,11161,21.108
11160,11162,27.615
11160,11165,18.133
11161,11159,18.850
11161,11160,21.108
11161,11164,17.675
11162,11157,41.020
11162,11160,27.615
11162,11163,18.677
11163,11162,18.677
11163,11165,25.913
11163,11166,19.838
11164,11154,16.343
11164,11161,17.675
11164,11165,20.779
11165,5807,19.949
11165,11160,18.133
11165,11163,25.913
11165,11164,20.779
11166,5807,24.130
11166,11156,19.302
11166,11163,19.838
11167,11168,13.863
11168,5807,4.679
11168,11154,18.574
11168,11167,13.863
11169,1717,25.421
11169,1723,70.693
11169,11170,25.261
11170,11169,25.261
11170,11171,28.948
11170,11172,16.742
11171,11170,28.948
11172,11170,16.742
11173,3141,7.951
11173,11174,7.720
11174,11173,7.720
11174,11180,114.396
11175,7611,59.626
11175,11177,5.502
11176,5688,7.335
11176,11177,42.846
11177,11175,5.502
11177,11176,42.846
11178,3145,36.057
11178,11293,61.390
11179,11173,115.090
11179,11180,14.925
11180,3139,45.908
11180,11179,14.925
11181,8709,42.286
11182,7225,95.349
11182,11183,38.328
11182,11186,8.020
11183,11182,38.328
11184,11185,33.740
11185,6955,21.221
11185,10516,14.828
11185,11184,33.740
11186,3238,29.369
11186,11182,8.020
11187,11190,13.304
11187,11191,6.356
11187,11198,14.841
11188,11189,11.846
11188,11191,20.102
11189,11188,11.846
11189,11192,19.812
11190,1393,8.189
11190,11187,13.304
11190,11192,7.806
11191,11187,6.356
11191,11188,20.102
11191,11192,13.596
11192,11189,19.812
11192,11190,7.806
11192,11191,13.596
11193,1397,114.336
11193,11194,9.162
11193,11196,15.211
11194,11193,9.162
11194,11195,15.300
11194,11197,64.060
11195,11194,15.300
11195,11196,9.719
11195,11197,6.293
11196,11193,15.211
11196,11195,9.719
11196,11198,6.517
11197,11194,64.060
11197,11195,6.293
11197,11198,10.039
11198,11187,14.841
11198,11196,6.517
11198,11197,10.039
11199,10886,3.455
11199,10887,17.107
11199,11200,34.898
11200,10884,21.520
11200,10885,207.043
11200,11199,34.898
11201,10953,15.682
11201,10954,5.261
11201,11202,12.137
11202,10952,5.262
11202,10953,29.526
11202,11201,12.137
11203,6095,6.688
11203,10975,40.178
11203,10979,39.995
11204,10447,3.102
11204,11205,54.559
11205,10448,6.404
11205,11204,54.559
11206,10389,23.754
11207,11208,38.190
11208,2604,193.187
11208,2882,111.335
11208,11207,38.190
11209,10967,12.724
11210,10963,7.060
11210,11211,12.692
11210,11215,67.902
11211,11210,12.692
11212,11213,13.268
11213,1581,56.165
11213,11212,13.268
11214,11215,10.686
11215,4134,9.012
11215,11210,67.902
11215,11214,10.686
11216,1591,41.629
11216,4134,23.769
11216,11217,11.690
11217,11216,11.690
11218,5404,39.098
11218,7673,45.320
11218,11220,10.763
11219,11223,9.169
11219,11225,4.607
11219,11227,44.342
11220,11218,10.763
11220,11221,40.722
11220,11223,115.007
11221,11220,40.722
11222,11223,66.151
11223,11219,9.169
11223,11220,115.007
11223,11222,66.151
11224,11225,21.408
11225,7673,89.470
11225,11219,4.607
11225,11224,21.408
11226,11227,37.086
11227,7672,4.483
11227,11219,44.342
11227,11226,37.086
11228,11229,13.928
11229,6096,24.632
11229,11228,13.928
11229,11230,16.379
11230,11229,16.379
11231,11232,10.256
11231,11233,35.988
11232,5811,37.871
11232,11231,10.256
11233,11234,10.295
11233,11235,33.005
11234,11232,35.424
11234,11233,10.295
11235,11236,10.260
11235,11237,25.856
11236,11234,32.763
11236,11235,10.260
11237,8346,86.194
11237,11238,10.384
11238,11236,26.584
11238,11237,10.384
11239,8347,45.961
11239,11061,10.561
11240,5498,56.751
11241,5498,21.044
11242,11243,22.725
11243,5499,34.668
11243,11242,22.725
11243,11244,4.546
11244,11243,4.546
11244,11245,24.424
11244,11247,5.115
11245,11244,24.424
11246,11247,22.093
11247,5498,4.646
11247,11244,5.115
11247,11246,22.093
11248,11251,23.136
11249,11252,22.838
11250,5500,19.719
11250,11252,35.644
11251,5500,36.199
11251,11248,23.136
11251,11252,19.541
11252,11249,22.838
11252,11250,35.644
11252,11251,19.541
11253,11254,12.373
11254,5497,15.105
11254,11253,12.373
11254,11256,18.967
11255,5497,37.614
11255,5502,58.013
11256,5501,13.623
11256,5502,56.921
11256,11254,18.967
11257,1517,12.376
11257,11267,7.336
11258,11267,17.421
11259,11260,19.089
11260,11259,19.089
11260,11261,26.971
11260,11263,18.950
11261,11260,26.971
11261,11270,15.686
11262,11263,15.204
11263,11260,18.950
11263,11262,15.204
11263,11264,3.991
11264,11263,3.991
11265,1520,18.783
11265,1530,159.436
11265,11266,32.159
11266,2879,31.458
11266,11265,32.159
11267,11257,7.336
11267,11258,17.421
11267,11269,0.849
11268,11271,23.007
11269,11267,0.849
11269,11271,2.836
11270,11257,3.837
11270,11271,7.342
11271,11268,23.007
11271,11269,2.836
11271,11270,7.342
11272,1495,85.938
11272,11274,3.922
11272,11276,3.827
11273,3025,16.977
11273,11274,2.920
11273,11277,3.748
11274,11272,3.922
11274,11273,2.920
11274,11275,3.822
11275,11274,3.822
11276,11272,3.827
11276,11277,58.329
11277,11273,3.748
11277,11276,58.329
11278,11308,20.014
11279,11280,91.237
11279,11316,10.721
11280,11279,30.257
11281,8964,47.295
11282,5295,66.279
11282,11283,23.819
11283,11282,23.819
11283,11286,11.098
11284,11285,7.854
11285,11282,6.074
11285,11284,7.854
11286,11283,11.098
11286,11287,10.594
11287,11286,10.594
11288,11106,31.175
11288,11289,29.885
11288,11291,11.201
11289,1666,33.916
11289,11288,29.885
11289,11290,12.824
11290,11289,12.824
11290,11291,32.190
11291,11288,11.201
11291,11290,32.190
11292,11178,23.424
11292,11294,8.225
11293,11178,61.390
11293,11294,27.640
11294,11292,8.225
11294,11293,27.640
11295,6098,13.454
11296,5297,46.175
11296,11297,9.587
11297,11296,9.587
11297,11299,53.402
11298,11296,53.731
11298,11299,9.647
11299,11298,9.647
11299,11301,120.832
11300,11298,120.093
11300,11301,9.212
11301,1667,54.327
11301,11300,9.212
11302,11054,12.458
11303,1685,7.655
11303,11302,1.728
11304,11305,16.146
11304,11307,7.963
11304,13751,8.563
11305,4474,101.684
11305,11304,16.146
11305,11306,7.215
11306,11305,7.215
11306,11307,19.833
11307,11304,7.963
11307,11306,19.833
11308,3025,3.601
11308,11278,20.014
11308,11309,8.217
11309,11308,8.217
11310,6990,26.711
11310,6991,115.215
11311,197,7.313
11311,11312,8.288
11312,197,8.444
11312,2615,178.473
11313,6576,65.999
11313,11314,8.642
11314,11315,12.729
11314,14802,28.830
11315,3125,5.446
11316,5406,20.842
11316,11317,15.685
11317,5412,102.328
11317,11316,15.685
11318,9148,40.440
11319,7974,108.573
11319,11320,20.478
11319,15531,33.651
11320,11319,20.478
11320,11321,19.669
11321,11320,19.669
11321,11322,27.870
11322,11321,27.870
11323,11324,56.695
11323,14155,39.727
11324,11323,56.695
11325,11326,57.279
11325,11330,9.037
11326,11325,57.279
11326,11327,51.275
11327,11326,51.275
11327,11329,52.987
11328,7068,63.831
11328,13436,19.113
11329,11327,52.987
11329,11328,13.916
11329,13435,21.708
11330,11325,9.037
11330,13435,30.848
11331,11090,2.972
11332,2899,91.285
11332,11088,28.512
11332,11090,8.984
11333,2186,103.805
11333,11334,54.567
11334,11333,54.567
11335,11336,21.640
11336,3437,34.809
11336,11335,21.640
11337,8388,31.278
11337,11338,95.563
11338,42,44.702
11338,11337,95.563
11339,302,22.716
11339,11340,110.153
11340,11339,110.153
11341,316,31.893
11342,1827,160.508
11343,1861,171.410
11344,11343,103.218
11345,3259,54.164
11345,11349,4.695
11346,11345,4.227
11347,11346,7.756
11348,2999,16.575
11348,11347,23.523
11349,12808,17.175
11350,8419,129.150
11350,11351,41.151
11351,3259,13.428
11351,3261,106.830
11352,11353,35.379
11353,11352,35.379
11354,11356,39.182
11355,7122,15.527
11355,11356,12.603
11356,11354,39.182
11356,11355,12.603
11356,11358,18.870
11357,11358,2.760
11358,11356,18.870
11358,11357,2.760
11358,11359,12.671
11359,11355,18.531
11359,11358,12.671
11360,1815,45.841
11360,5073,48.899
11361,11360,21.966
11362,1807,14.602
11362,5073,73.099
11362,11363,10.509
11363,11362,10.509
11364,11365,16.900
11365,1804,44.568
11365,5016,46.783
11365,11364,16.900
11365,11435,17.606
11367,1809,161.778
11367,5016,78.965
11367,11366,17.811
11368,4357,223.991
11369,5952,53.841
11369,7136,43.328
11369,14813,15.540
11370,11371,26.051
11371,11370,26.051
11372,9793,8.302
11372,9794,30.591
11373,5484,363.249
11374,1814,18.974
11375,1837,5.672
11375,11376,44.223
11376,1829,17.476
11376,11375,44.223
11377,6924,8.091
11377,8095,43.540
11378,8097,32.508
11378,11379,4.473
11379,11378,4.473
11379,15510,265.223
11380,8095,44.137
11380,11383,22.300
11380,11385,71.836
11381,8515,48.283
11382,8516,19.925
11383,8516,15.799
11383,11380,22.300
11383,11384,35.934
11384,11383,35.934
11385,7807,7.589
11385,11377,20.783
11385,11380,71.836
11386,1797,247.200
11387,1805,54.942
11388,1805,37.621
11388,1810,6.491
11389,11390,51.399
11389,11391,39.035
11390,11389,51.399
11390,11391,16.186
11390,11392,25.585
11391,11390,16.186
11391,11393,25.578
11392,7071,79.541
11392,11390,25.585
11392,11393,15.870
11393,11392,15.870
11393,11395,171.697
11394,7071,92.311
11394,11395,13.138
11394,11396,39.368
11394,11399,68.324
11395,11394,13.138
11395,11397,39.143
11396,5076,52.272
11396,11394,39.368
11396,11397,12.824
11396,11399,23.440
11397,11396,12.824
11397,11398,52.489
11398,5076,12.507
11398,7072,32.472
11399,11394,68.324
11399,11396,23.440
11400,4642,83.303
11400,11401,11.772
11401,5077,82.513
11401,5082,7.784
11401,11400,11.772
11402,5083,62.856
11403,11404,4.941
11404,5084,33.113
11404,11403,4.941
11404,11405,41.365
11405,11404,41.365
11406,11407,9.633
11406,11408,8.737
11406,11413,51.797
11407,1821,47.733
11407,11406,9.633
11407,11415,26.635
11408,11406,8.737
11408,11409,23.231
11408,11411,75.808
11409,11408,23.231
11410,1830,23.474
11410,11411,11.780
11410,11412,34.156
11411,11408,75.808
11411,11410,11.780
11411,11413,34.507
11412,1821,38.716
11412,11410,34.156
11412,11413,11.378
11413,11406,51.797
11413,11411,34.507
11413,11412,11.378
11414,11415,33.419
11415,1823,18.949
11415,11407,26.635
11415,11414,33.419
11416,1814,28.838
11416,11417,124.717
11416,11419,17.444
11417,1833,134.465
11417,11416,124.717
11417,11419,26.662
11418,11419,15.784
11419,11416,17.444
11419,11417,26.662
11419,11418,15.784
11420,4071,41.180
11421,2998,14.551
11422,6732,13.312
11423,6732,57.837
11423,11424,20.617
11423,11438,4.679
11425,11426,9.885
11426,11425,9.885
11426,11427,73.390
11426,11433,29.510
11427,11426,73.390
11427,11428,14.952
11427,11429,10.015
11428,11427,14.952
11428,11429,15.717
11428,11430,4.096
11429,11427,10.015
11429,11428,15.717
11429,11434,20.871
11430,11428,4.096
11431,11432,9.865
11432,7560,25.988
11432,11431,9.865
11432,11433,49.302
11433,11426,29.510
11433,11432,49.302
11433,11434,184.172
11434,5016,45.858
11434,11429,20.871
11434,11433,184.172
11435,11365,17.606
11436,11437,18.316
11436,11438,6.592
11436,11446,10.968
11437,11439,2.754
11438,11423,4.679
11438,11436,6.592
11438,11437,19.317
11440,6731,94.091
11440,6732,17.406
11440,8558,47.513
11441,6925,5.470
11441,11442,198.260
11442,11441,198.260
11443,8150,41.240
11444,1799,76.208
11444,11445,18.952
11444,11446,5.588
11445,11444,18.952
11446,11436,10.968
11446,11444,5.588
11446,11447,18.361
11447,11446,18.361
11448,11449,77.503
11448,11503,17.444
11449,11448,77.503
11449,11450,15.679
11450,11449,15.679
11450,11503,77.746
11450,11504,13.365
11451,1343,29.224
11451,11830,59.695
11452,1340,54.202
11452,11454,15.207
11453,1343,10.131
11453,11451,27.989
11454,11453,10.900
11454,11850,81.880
11455,6857,42.828
11455,8472,106.123
11455,11460,78.749
11456,7260,11.173
11456,11556,32.838
11457,2308,10.271
11457,7259,50.424
11458,7259,7.161
11458,11457,55.832
11458,11459,11.154
11459,11458,11.154
11459,11460,11.203
11460,11455,78.749
11460,11456,4.588
11461,3208,6.185
11461,11463,114.551
11462,1469,40.657
11463,1478,37.151
11463,11462,67.844
11464,1496,19.399
11464,3212,82.553
11465,11467,29.909
11465,11730,9.391
11466,1496,8.118
11466,11464,19.147
11467,9531,20.053
11467,11466,31.431
11468,6128,6.277
11469,1555,8.966
11469,11471,6.678
11470,11469,16.744
11470,11471,134.236
11471,11470,134.236
11471,11472,4.582
11472,7090,24.438
11472,11474,20.681
11473,7090,98.406
11473,11474,16.299
11474,11472,20.681
11474,11473,16.299
11475,5840,60.044
11475,11476,23.011
11475,11477,25.819
11476,7461,27.686
11476,11475,23.011
11477,5841,35.471
11477,7461,21.589
11477,11475,25.819
11478,5841,17.643
11478,11479,35.051
11479,5843,13.939
11479,11478,35.051
11479,11480,66.791
11480,5843,37.836
11480,11479,66.791
11480,11481,17.012
11481,11480,17.012
11481,11482,62.599
11481,11483,35.170
11482,11481,62.599
11482,11483,15.380
11482,11484,59.287
11483,5844,47.985
11483,11481,35.170
11483,11482,15.380
11484,5844,9.967
11484,11482,59.287
11484,11485,73.127
11485,3043,129.366
11485,5844,47.356
11485,11484,73.127
11486,8733,7.717
11487,1382,52.850
11487,7373,19.292
11488,1387,32.823
11488,11489,20.862
11489,7372,30.492
11489,11491,6.137
11490,11488,19.606
11490,11489,5.959
11491,7373,6.342
11491,11487,18.275
11492,5475,19.878
11492,11494,27.921
11493,1406,2.918
11493,6853,36.879
11493,11492,28.811
11494,1387,278.285
11494,1406,4.095
11495,1363,119.857
11495,11496,45.956
11495,11497,21.332
11496,11495,45.956
11497,1376,42.963
11497,11495,21.332
11497,11498,46.369
11498,11497,46.369
11499,2842,137.909
11499,11501,10.198
11500,11501,27.482
11501,11499,10.198
11501,11500,27.482
11502,11503,10.421
11503,1360,49.510
11503,11448,17.444
11503,11450,77.746
11503,11502,10.421
11504,2839,46.755
11504,11450,13.365
11504,11505,24.702
11505,11504,24.702
11505,11507,15.161
11505,11509,9.101
11506,11499,77.515
11506,11508,14.556
11507,11505,15.161
11508,11506,14.556
11508,11509,23.954
11509,11505,9.101
11509,11508,23.954
11510,11511,50.467
11511,2841,94.357
11511,11510,50.467
11512,11513,24.960
11513,1399,69.134
11513,2307,36.316
11513,11512,24.960
11514,1407,52.127
11514,2307,23.815
11515,11538,10.704
11516,11518,24.092
11516,11519,36.466
11516,11522,16.349
11517,11518,14.684
11517,11527,11.101
11517,11529,13.057
11518,11516,24.092
11518,11517,14.684
11518,11526,11.156
11518,11528,12.931
11519,11516,36.466
11520,11522,18.160
11521,11522,22.388
11522,11516,16.349
11522,11520,18.160
11522,11521,22.388
11523,11524,32.982
11524,11523,32.982
11524,11525,14.496
11524,11526,19.459
11525,1418,20.683
11525,11524,14.496
11525,11527,19.404
11526,11518,11.156
11526,11524,19.459
11526,11527,14.590
11527,11517,11.101
11527,11525,19.404
11527,11526,14.590
11528,11518,12.931
11528,11529,14.890
11528,11530,12.547
11529,1435,13.113
11529,11517,13.057
11529,11528,14.890
11530,1435,14.995
11530,11528,12.547
11530,11531,11.687
11531,11530,11.687
11531,11532,14.760
11531,11536,13.259
11532,1435,11.326
11532,11531,14.760
11532,11534,25.437
11533,11534,14.089
11533,11536,12.015
11533,11540,38.770
11534,11532,25.437
11534,11533,14.089
11534,11544,21.892
11535,11536,12.145
11536,11531,13.259
11536,11533,12.015
11536,11535,12.145
11537,2316,42.192
11537,11538,12.968
11537,11539,11.877
11538,11515,10.704
11538,11537,12.968
11538,11540,12.186
11539,11537,11.877
11539,11540,12.480
11539,11541,17.645
11540,11533,38.770
11540,11538,12.186
11540,11539,12.480
11541,1438,21.032
11541,11539,17.645
11542,11545,14.705
11542,11587,102.078
11543,6822,41.060
11543,11546,19.940
11544,11534,21.892
11544,11547,18.494
11545,11543,17.230
11545,11546,6.438
11546,11544,21.262
11546,11547,7.482
11547,1438,6.404
11547,11541,19.200
11548,7383,193.578
11548,11549,8.669
11549,9185,95.855
11549,11548,8.669
11550,7372,6.511
11550,11491,29.848
11551,11552,8.561
11551,11553,56.377
11552,11550,84.095
11552,11551,8.561
11553,7261,12.987
11553,11554,9.016
11554,11552,55.921
11554,11553,9.016
11555,7260,34.204
11555,11556,10.084
11556,7256,24.773
11556,11555,10.084
11557,2876,126.725
11557,11562,17.320
11558,1329,14.419
11558,11883,8.570
11559,6150,104.590
11559,11560,19.622
11560,1329,4.354
11560,11558,14.687
11561,11557,17.127
11561,11562,4.246
11562,11559,19.430
11562,11560,6.830
11563,1344,91.756
11563,11568,25.300
11564,2889,150.731
11564,11565,20.978
11565,11567,12.486
11565,11569,5.457
11566,1367,15.640
11566,4261,154.300
11567,6223,78.098
11567,11569,11.903
11568,1367,5.412
11568,11566,16.549
11569,11563,24.848
11569,11568,6.584
11570,11572,4.377
11570,11573,9.149
11570,11574,21.845
11571,2889,25.393
11571,11572,22.558
11572,11570,4.377
11572,11571,22.558
11573,11570,9.149
11574,11570,21.845
11575,11577,33.098
11575,11579,28.531
11576,11577,16.053
11577,11575,33.098
11577,11576,16.053
11577,11578,31.627
11578,11577,31.627
11579,11581,7.265
11579,11584,3.443
11580,11581,17.220
11581,11579,7.265
11581,11580,17.220
11581,11582,17.520
11582,11581,17.520
11583,7016,125.669
11583,11586,5.909
11584,11583,19.491
11584,11585,5.926
11585,11584,5.926
11585,11586,19.339
11586,11583,5.909
11586,11585,19.339
11587,1456,34.681
11587,11542,102.078
11588,1456,10.584
11588,11587,35.771
11589,11590,24.692
11590,6140,17.122
11590,6142,17.911
11590,11589,24.692
11591,6621,12.612
11592,8727,137.947
11592,9513,31.194
11592,11593,19.664
11593,11592,19.664
11594,5186,17.206
11594,5187,61.371
11594,11595,356.053
11595,11594,356.053
11596,5186,12.408
11596,5632,30.705
11597,11598,15.537
11597,12025,108.023
11598,11597,15.537
11598,11599,93.814
11598,11608,47.077
11599,11598,93.814
11599,11601,50.187
11599,11602,40.809
11600,11602,14.156
11601,11599,50.187
11602,11599,40.809
11602,11600,14.156
11602,11605,44.825
11603,4915,49.362
11603,11605,37.795
11603,11608,51.685
11604,11606,9.383
11605,11602,44.825
11605,11603,37.795
11605,11607,16.717
11606,11604,9.383
11606,11607,18.582
11607,11605,16.717
11607,11606,18.582
11608,11598,47.077
11608,11603,51.685
11608,11609,23.030
11609,11608,23.030
11610,11611,22.517
11610,11612,8.912
11611,6696,60.757
11611,11613,8.702
11612,11610,8.912
11612,15278,82.491
11613,11611,8.702
11613,11612,22.174
11614,11616,6.853
11614,11624,79.531
11614,11625,29.240
11615,3832,6.692
11615,4747,25.788
11615,11617,2.617
11616,11614,6.853
11617,11615,2.617
11618,3832,8.870
11618,4748,41.756
11618,11622,7.417
11619,3832,7.927
11619,11620,1.740
11619,11621,5.776
11620,11619,1.740
11621,11619,5.776
11621,11622,16.523
11622,11618,7.417
11622,11621,16.523
11623,4747,22.535
11624,11614,79.531
11624,11625,16.245
11625,4746,14.309
11625,11614,29.240
11625,11624,16.245
11626,11628,4.907
11627,11628,18.766
11628,11626,4.907
11628,11627,18.766
11628,11629,45.935
11629,8879,29.601
11629,11628,45.935
11629,11631,19.193
11630,11631,32.937
11631,11629,19.193
11631,11630,32.937
11631,11633,37.008
11632,11633,27.476
11633,5337,48.522
11633,11631,37.008
11633,11632,27.476
11634,11640,13.554
11635,5625,9.498
11635,5626,20.776
11635,12028,10.118
11636,5626,11.578
11637,11639,92.646
11638,11639,76.974
11638,11642,3.055
11639,5628,18.649
11639,11638,76.974
11640,5627,4.390
11640,11641,93.808
11641,11638,9.459
11642,11637,14.267
11643,11644,41.927
11644,4103,27.369
11644,5630,79.266
11644,11643,41.927
11645,4105,30.101
11645,11647,37.602
11646,11647,6.993
11646,11648,27.624
11647,4105,78.968
11647,11645,37.602
11647,11646,6.993
11648,11646,27.624
11649,6789,140.016
11650,11651,27.783
11651,4112,85.831
11651,11650,27.783
11652,3426,161.921
11652,11653,47.448
11653,3426,116.033
11653,11652,47.448
11654,3425,12.489
11655,11656,9.692
11656,1534,18.702
11656,11655,9.692
11657,1534,23.914
11657,11658,3.429
11658,11657,3.429
11659,11660,23.228
11660,6209,15.087
11660,8676,12.557
11660,11659,23.228
11661,11662,22.771
11662,6208,13.251
11662,6209,15.005
11662,11661,22.771
11663,11670,12.076
11663,11821,32.469
11664,6208,9.323
11665,6210,25.622
11665,11669,11.995
11666,8676,9.550
11667,6209,40.487
11667,11668,1.766
11667,11672,2.295
11668,6210,11.612
11668,11667,1.766
11668,11669,25.666
11669,8676,40.719
11669,11665,11.995
11669,11668,25.666
11670,6208,40.353
11670,11663,12.076
11670,11672,26.890
11671,11663,26.940
11671,11672,11.693
11672,11667,2.295
11672,11670,26.890
11672,11671,11.693
11673,11665,114.046
11673,11674,12.691
11674,11673,12.691
11675,1584,82.719
11675,11950,95.136
11676,1587,22.641
11676,11678,1.941
11677,11678,51.682
11678,11676,1.941
11678,11677,51.682
11678,11679,16.928
11679,11676,14.924
11679,11678,16.928
11680,11681,12.850
11681,1584,12.665
11681,11680,12.850
11681,11682,9.537
11682,11681,9.537
11683,4124,4.548
11683,11684,86.964
11684,11683,31.316
11685,3904,29.370
11685,3906,23.383
11686,11687,17.798
11686,11689,11.567
11687,11688,12.221
11687,11690,8.090
11688,11687,12.221
11688,11689,18.011
11689,11686,11.567
11689,11688,18.011
11690,11691,22.734
11690,11693,11.232
11691,11692,11.740
11691,11694,4.486
11692,11691,11.740
11692,11693,23.127
11693,11690,11.232
11693,11692,23.127
11694,7125,18.249
11694,11695,11.053
11695,11694,11.053
11696,1479,47.163
11696,11698,15.041
11697,6400,5.833
11698,11697,8.036
11698,12038,93.592
11699,11701,15.035
11699,11703,9.900
11700,11703,2.233
11701,2891,4.765
11701,11704,11.149
11702,11704,2.210
11703,11699,9.900
11703,11700,2.233
11703,11704,12.927
11704,11701,11.149
11704,11702,2.210
11704,11703,12.927
11705,1845,24.864
11705,11706,11.614
11706,11705,11.614
11707,6401,8.256
11708,9424,7.886
11709,9422,25.464
11709,9423,14.370
11709,11713,15.586
11710,9422,47.931
11711,11712,14.844
11712,9421,85.718
11712,9422,6.554
11712,11711,14.844
11713,11709,15.586
11714,9423,14.413
11715,5669,94.525
11715,11716,28.097
11716,11715,28.097
11717,11718,26.761
11717,11719,14.671
11718,11717,26.761
11718,11719,2.614
11718,11720,5.282
11719,11717,14.671
11719,11718,2.614
11719,11720,6.279
11720,6254,16.522
11720,11718,5.282
11720,11719,6.279
11721,5605,87.833
11721,6256,39.766
11722,4196,37.626
11722,4197,77.498
11722,11723,92.352
11723,11722,92.352
11724,6329,89.307
11725,6350,87.358
11726,2539,21.874
11726,3849,233.183
11726,6350,19.618
11727,4472,12.795
11727,15280,308.657
11728,11727,12.729
11728,11952,6.622
11729,2819,186.641
11729,11730,74.524
11730,11465,9.391
11730,11729,74.524
11730,11733,6.261
11730,12058,38.124
11731,11732,36.528
11732,3209,18.362
11732,11731,36.528
11732,11733,23.154
11732,11734,45.020
11733,11730,6.261
11733,11732,23.154
11733,12056,9.694
11734,11732,45.020
11735,2888,111.334
11735,11737,36.702
11735,11746,132.242
11736,9374,40.310
11736,11745,29.642
11736,11746,39.773
11737,6216,9.387
11737,11735,36.702
11737,11739,36.303
11738,11739,18.428
11739,11737,36.303
11739,11738,18.428
11739,11764,29.732
11740,11743,18.076
11741,11742,13.790
11742,11741,81.817
11742,11770,5.576
11743,11740,18.076
11743,11764,3.852
11743,11766,28.272
11744,11745,15.618
11745,11736,29.642
11745,11744,15.618
11745,11766,4.289
11746,1507,31.135
11746,11735,132.242
11746,11736,39.773
11747,11748,15.993
11747,11751,25.720
11747,11758,10.423
11748,11747,15.993
11749,11750,16.655
11750,11749,16.655
11750,11758,22.891
11750,11760,10.880
11751,6218,9.530
11751,11747,25.720
11751,11755,51.992
11752,11753,12.135
11753,11752,12.135
11753,11754,2.016
11753,11755,29.934
11754,11753,2.016
11755,11751,51.992
11755,11753,29.934
11755,11756,16.165
11756,2863,17.646
11756,11755,16.165
11756,11761,125.302
11757,11758,31.630
11758,11747,10.423
11758,11750,22.891
11758,11757,31.630
11759,11760,30.162
11760,9374,34.555
11760,11750,10.880
11760,11759,30.162
11761,1508,30.917
11761,11756,125.302
11761,11763,14.246
11762,11763,20.390
11763,9374,32.203
11763,11761,14.246
11763,11762,20.390
11764,11739,29.732
11764,11743,3.852
11764,11765,21.940
11765,11764,21.940
11766,11743,28.272
11766,11745,4.289
11766,11767,26.959
11767,11766,26.959
11768,4134,192.093
11768,6490,64.452
11769,11770,26.391
11770,11769,26.391
11770,11772,16.727
11770,11774,4.305
11771,11772,24.996
11772,1447,81.856
11772,11771,24.996
11772,11773,4.425
11773,11772,4.425
11773,11774,16.553
11773,12039,12.298
11774,11770,4.305
11774,11773,16.553
11774,12040,11.908
11775,3839,35.720
11775,11776,49.115
11775,11792,17.927
11776,3839,34.068
11776,11775,49.115
11776,11800,52.119
11777,11778,43.561
11777,11780,21.589
11777,11787,10.955
11778,6357,16.959
11778,11777,43.561
11778,11796,51.392
11779,3837,23.183
11779,3838,24.677
11779,11780,64.495
11780,3838,32.781
11780,11777,21.589
11780,11779,64.495
11781,11784,10.995
11782,6369,13.196
11783,3838,26.021
11783,3841,81.384
11783,11786,49.032
11784,6370,19.863
11784,11781,10.995
11784,11785,37.411
11785,6373,26.671
11785,11784,37.411
11785,11786,29.137
11786,11783,49.032
11786,11785,29.137
11786,11787,19.850
11787,6358,5.489
11787,11777,10.955
11787,11786,19.850
11788,3853,18.490
11788,3857,46.147
11788,11790,22.169
11789,4498,16.579
11789,6362,20.270
11789,11790,52.139
11790,6363,19.538
11790,11788,22.169
11790,11789,52.139
11791,3844,16.209
11791,3847,51.479
11791,11792,38.711
11792,6359,47.670
11792,11775,17.927
11792,11791,38.711
11793,3857,27.330
11793,5705,28.372
11793,11794,16.371
11794,5706,32.511
11794,11793,16.371
11794,11795,20.062
11795,3857,32.892
11795,3858,56.156
11795,11794,20.062
11796,3837,24.460
11796,11778,51.392
11796,11797,21.600
11797,11796,21.600
11798,3837,45.431
11799,11800,25.593
11800,3845,24.451
11800,11776,52.119
11800,11799,25.593
11801,3864,37.023
11802,3864,45.307
11802,11803,60.298
11802,11805,81.734
11803,11802,60.298
11803,11804,41.031
11803,11805,37.844
11804,11803,41.031
11804,11807,40.167
11804,11808,57.337
11804,11810,43.669
11805,3859,84.812
11805,11802,81.734
11805,11803,37.844
11806,11807,36.000
11807,3864,38.649
11807,11804,40.167
11807,11806,36.000
11808,4497,84.138
11808,5668,181.219
11808,11804,57.337
11809,11810,37.563
11810,3856,42.787
11810,11804,43.669
11810,11809,37.563
11811,3852,34.324
11812,3859,24.103
11813,3859,65.742
11814,3859,14.019
11814,9169,24.997
11814,11815,42.348
11815,11814,42.348
11816,11657,168.999
11816,11818,4.093
11817,1507,31.563
11817,1509,23.813
11817,11819,11.379
11818,11816,4.093
11818,11819,37.378
11819,11817,11.379
11819,11818,37.378
11820,11821,48.761
11821,2816,40.813
11821,11820,48.761
11822,11824,22.707
11822,11826,29.387
11822,11827,30.066
11823,6619,4.755
11823,11824,13.155
11824,11822,22.707
11824,11823,13.155
11824,11825,71.560
11825,6139,11.612
11825,11824,71.560
11825,11826,21.611
11826,11822,29.387
11826,11825,21.611
11826,11827,54.116
11827,11822,30.066
11827,11826,54.116
11828,6603,2.741
11828,11829,12.957
11828,11839,33.296
11829,11828,12.957
11829,11831,12.049
11830,6603,9.459
11830,11451,59.695
11830,11831,13.949
11831,11829,12.049
11831,11830,13.949
11832,1342,38.811
11832,1352,81.564
11832,11845,19.277
11833,11834,21.294
11833,11835,21.480
11833,11845,17.249
11834,11833,21.294
11835,11833,21.480
11835,11836,17.806
11835,11837,17.585
11835,11842,17.012
11836,11835,17.806
11836,11841,15.843
11836,11845,22.876
11837,11835,17.585
11838,11840,8.424
11839,1360,135.359
11839,11828,33.296
11839,11840,29.126
11840,11838,8.424
11840,11839,29.126
11840,11842,27.584
11841,11836,15.843
11841,11842,17.624
11841,11844,10.350
11842,11835,17.012
11842,11840,27.584
11842,11841,17.624
11843,11845,27.856
11844,11841,10.350
11845,11832,19.277
11845,11833,17.249
11845,11836,22.876
11845,11843,27.856
11846,9702,22.676
11846,11848,9.278
11847,11846,135.318
11847,11864,5.875
11848,6577,6.925
11849,6737,33.747
11850,1338,7.560
11850,7375,5.065
11851,1338,108.613
11851,11852,7.395
11852,7376,66.696
11852,11851,7.395
11853,7375,96.654
11853,11854,3.899
11854,11855,37.079
11855,9125,159.025
11855,11853,36.746
11856,6737,44.931
11858,11856,12.407
11859,15167,54.894
11860,8302,50.964
11860,9125,45.758
11860,15167,12.935
11861,11863,79.392
11862,11863,79.494
11863,9125,14.403
11863,11861,79.392
11863,11862,79.494
11864,6733,28.486
11865,6738,26.806
11865,11866,9.988
11866,6736,51.285
11866,11865,9.988
11867,11868,51.668
11868,1337,132.550
11868,6474,148.121
11868,11867,51.668
11869,8524,12.423
11869,8696,17.724
11869,11870,40.470
11870,11869,40.470
11871,2286,35.927
11871,6229,8.866
11871,11872,56.213
11872,11871,56.213
11873,2286,33.506
11874,11875,13.926
11874,11881,20.381
11875,11874,13.926
11875,11878,34.692
11875,11879,23.071
11876,9074,35.453
11876,11878,27.694
11876,11880,16.988
11877,8299,40.266
11877,9078,32.038
11877,9088,39.746
11878,9073,19.789
11878,11875,34.692
11878,11876,27.694
11879,8300,4.346
11879,11875,23.071
11879,11881,12.907
11880,9073,25.552
11880,9084,9.236
11880,11876,16.988
11881,9072,14.999
11881,9075,26.347
11881,11874,20.381
11881,11879,12.907
11882,11883,16.792
11883,11558,8.570
11883,11882,16.792
11883,11885,10.154
11884,11885,16.828
11885,11883,10.154
11885,11884,16.828
11885,12041,5.220
11886,11887,11.450
11886,11889,30.627
11886,11893,23.540
11887,8871,13.600
11887,11886,11.450
11887,11888,14.904
11888,11887,14.904
11889,11886,30.627
11890,1423,12.757
11890,11891,45.403
11891,8870,44.979
11891,11890,45.403
11891,11893,46.587
11892,11893,33.715
11893,11886,23.540
11893,11891,46.587
11893,11892,33.715
11894,11896,61.467
11894,11898,18.569
11894,11899,29.140
11895,11901,15.798
11895,11902,47.621
11896,5829,24.969
11896,11894,61.467
11896,11898,51.579
11897,11899,49.829
11897,11900,65.510
11897,11907,22.801
11898,11894,18.569
11898,11896,51.579
11898,11900,30.691
11899,11894,29.140
11899,11897,49.829
11899,11900,18.083
11900,11897,65.510
11900,11898,30.691
11900,11899,18.083
11901,11895,15.798
11901,11902,61.568
11901,11903,76.429
11902,11895,47.621
11902,11901,61.568
11902,12059,23.809
11903,11901,76.429
11903,11904,30.703
11903,11914,111.017
11904,11903,30.703
11904,11905,46.252
11905,11904,46.252
11905,11906,23.866
11906,11905,23.866
11906,11909,7.562
11906,11911,10.564
11907,11897,22.801
11907,11908,56.247
11907,11914,221.771
11908,7023,104.974
11908,8303,22.815
11908,11907,56.247
11909,8303,49.705
11909,11906,7.562
11909,11910,21.447
11910,11909,21.447
11910,11912,17.348
11910,11913,16.682
11911,5829,58.712
11911,11906,10.564
11911,11912,21.776
11912,11910,17.348
11912,11911,21.776
11912,11913,137.438
11913,11910,16.682
11913,11912,137.438
11914,11903,111.017
11914,11907,221.771
11914,11915,26.399
11915,7023,13.566
11915,8303,34.026
11915,11914,26.399
11916,11919,17.746
11916,11926,9.122
11917,11918,8.286
11917,11919,30.785
11917,11920,31.470
11918,2773,396.443
11918,11917,8.286
11918,11923,53.282
11919,11916,17.746
11919,11917,30.785
11919,11920,19.807
11920,11917,31.470
11920,11919,19.807
11920,11926,27.704
11921,11927,16.317
11921,11928,21.339
11922,11923,52.586
11922,11924,39.185
11923,5339,43.003
11923,11918,53.282
11923,11922,52.586
11924,11922,39.185
11924,11925,21.780
11924,11927,9.291
11925,11924,21.780
11926,11916,9.122
11926,11920,27.704
11926,11927,3.622
11927,11921,16.317
11927,11924,9.291
11927,11926,3.622
11928,11921,21.339
11929,7017,115.695
11930,8474,92.763
11931,7189,151.472
11932,6226,29.612
11932,8474,11.029
11933,7016,25.379
11933,7017,7.969
11934,11938,7.538
11934,11941,22.519
11934,11945,10.563
11935,11941,10.804
11936,11937,8.506
11936,11942,2.309
11936,11943,25.265
11937,11936,8.506
11938,11934,7.538
11938,11939,8.799
11938,11944,6.403
11939,11938,8.799
11940,11941,3.922
11941,11934,22.519
11941,11935,10.804
11941,11940,3.922
11942,11936,2.309
11942,11943,106.511
11942,11944,3.311
11943,3210,32.147
11943,11936,25.265
11943,11942,106.511
11944,11938,6.403
11944,11942,3.311
11944,11945,106.255
11945,6137,64.708
11945,11934,10.563
11945,11944,106.255
11946,11947,21.966
11946,11949,5.836
11947,6226,129.974
11947,11948,5.920
11948,11947,5.920
11948,11949,21.904
11949,11946,5.836
11949,11948,21.904
11950,1580,43.346
11950,1594,164.497
11950,11675,95.136
11951,3492,56.393
11951,11727,14.040
11951,11952,9.697
11952,5205,64.468
11952,11951,9.697
11953,5470,60.038
11953,11955,7.743
11953,11959,33.118
11954,11955,68.297
11954,11956,7.012
11954,11957,11.427
11955,11953,7.743
11955,11954,68.297
11955,11957,45.944
11956,8602,14.177
11956,11954,7.012
11956,11958,11.391
11957,11954,11.427
11957,11955,45.944
11957,11958,7.396
11958,4469,28.963
11958,11956,11.391
11958,11957,7.396
11959,4469,2.754
11959,11953,33.118
11959,11961,6.077
11960,4054,85.357
11960,4469,36.695
11960,11962,7.012
11961,11959,6.077
11961,11962,39.513
11962,11960,7.012
11962,11961,39.513
11963,4664,60.329
11963,8216,43.537
11963,11965,6.328
11964,8216,5.596
11964,11965,43.616
11965,11963,6.328
11965,11964,43.616
11966,11967,26.692
11966,11968,140.661
11966,12944,22.842
11967,11966,26.692
11968,8498,12.096
11968,11966,140.661
11968,11969,65.510
11969,11968,65.510
11970,6061,38.465
11971,8499,28.132
11972,7173,11.018
11972,7338,27.177
11973,4040,20.195
11974,1794,26.372
11974,11973,40.390
11975,7140,27.269
11975,7141,7.226
11976,7139,32.368
11976,11977,56.575
11977,11976,56.575
11977,11978,26.865
11978,7142,20.403
11978,11977,26.865
11979,7142,49.077
11980,8306,46.515
11980,8431,0.769
11980,8556,14.894
11980,11981,29.362
11981,8432,76.142
11981,11980,29.362
11982,8102,36.914
11983,8047,22.309
11984,12017,8.572
11985,11986,48.356
11985,11993,41.568
11985,12017,14.247
11986,3019,19.940
11986,11985,48.356
11986,11988,125.721
11987,11988,38.559
11987,11991,43.912
11987,11992,9.620
11988,3015,8.018
11988,11986,125.721
11988,11987,38.559
11989,6005,40.799
11989,8563,41.254
11989,11990,10.208
11990,11989,10.208
11991,11987,43.912
11992,11987,9.620
11993,11985,41.568
11993,12016,48.456
11994,7864,36.782
11994,11995,465.787
11995,11994,465.787
11996,5457,43.641
11996,11997,98.070
11996,11998,75.220
11997,11996,98.070
11998,11996,75.220
11999,12000,101.657
11999,12001,13.148
12000,6192,5.674
12000,11999,101.657
12000,12001,2.312
12001,11999,13.148
12001,12000,2.312
12002,12003,45.399
12003,5952,134.419
12003,7106,37.479
12003,12002,45.399
12004,5949,163.153
12004,6967,8.104
12005,12004,12.856
12006,8152,54.275
12006,12007,13.531
12006,12010,29.670
12007,7137,32.042
12007,12006,13.531
12007,12009,29.780
12008,2534,50.042
12008,4962,66.159
12008,8153,7.422
12009,2534,21.475
12009,12007,29.780
12009,12010,13.122
12010,8153,50.301
12010,12006,29.670
12010,12009,13.122
12011,12012,26.364
12012,4570,510.744
12012,12011,26.364
12013,1646,215.946
12013,6005,75.224
12013,12014,76.073
12014,12013,76.073
12014,12015,33.302
12014,12016,2.851
12015,12014,33.302
12016,11993,48.456
12016,12014,2.851
12016,12017,83.217
12017,11984,8.572
12017,11985,14.247
12017,12016,83.217
12018,9702,8.801
12018,11848,21.823
12019,12018,127.412
12019,12020,8.771
12020,9128,44.317
12020,12019,8.771
12021,1302,52.823
12021,12022,7.655
12022,7377,76.643
12022,12021,7.655
12023,2594,28.911
12023,12024,21.787
12024,2335,7.813
12025,7679,139.936
12025,12026,9.760
12026,4986,130.944
12026,12025,9.760
12027,5626,9.997
12027,12028,20.949
12028,11634,82.427
12028,12027,20.949
12029,12035,9.357
12030,12032,15.623
12030,12034,4.197
12030,12035,8.130
12031,12032,22.324
12032,12030,15.623
12032,12031,22.324
12032,12033,4.103
12033,5631,80.287
12033,5633,19.683
12033,12032,4.103
12034,5633,2.946
12034,12030,4.197
12034,12036,9.368
12035,12029,9.357
12035,12030,8.130
12035,12036,3.225
12036,5632,21.046
12036,12034,9.368
12036,12035,3.225
12037,11697,93.384
12037,12038,7.648
12038,11699,52.156
12038,12037,7.648
12039,11773,12.298
12040,11774,11.908
12041,6234,41.385
12041,11885,5.220
12041,15326,9.838
12042,7341,8.340
12042,7344,38.902
12043,7340,10.182
12043,12044,18.328
12044,12045,10.182
12044,12046,34.475
12045,7340,18.328
12045,12044,10.182
12046,9840,12.573
12046,12047,10.011
12047,12045,34.351
12047,12046,10.011
12048,7339,9.842
12048,12049,21.419
12049,12050,10.162
12049,12051,43.687
12050,7339,21.519
12050,12049,10.162
12051,1824,31.025
12051,12052,10.826
12052,12050,44.040
12052,12051,10.826
12053,1770,24.253
12053,12054,15.702
12054,8855,489.095
12054,12053,15.702
12055,12056,42.689
12056,11733,9.694
12056,12055,42.689
12056,12057,13.321
12057,12056,13.321
12058,11730,38.124
12059,5829,11.976
12059,5830,220.606
12059,11902,23.809
12060,7151,63.237
12060,12061,33.679
12061,12060,33.679
12062,7149,5.826
12062,12063,14.699
12063,12062,14.699
12063,12064,26.393
12064,902,7.778
12064,12063,26.393
12065,3125,29.109
12065,5953,68.962
12065,7136,86.443
12066,3733,32.054
12066,3736,29.443
12066,12067,61.151
12067,3736,17.217
12067,3738,11.412
12067,12066,61.151
12068,12070,6.574
12068,12072,21.471
12068,12082,67.561
12069,12070,16.674
12070,12068,6.574
12070,12069,16.674
12070,12073,21.322
12071,12073,20.786
12072,12068,21.471
12072,12073,7.195
12072,12083,19.484
12073,12070,21.322
12073,12071,20.786
12073,12072,7.195
12074,2678,3.399
12075,6676,26.852
12075,12076,21.467
12076,6677,27.886
12076,12075,21.467
12077,6977,36.099
12077,12078,86.620
12077,12089,10.198
12078,12077,86.620
12079,313,17.721
12079,2376,18.637
12079,8088,53.832
12080,6678,76.768
12080,12081,84.792
12081,12080,84.792
12082,7940,55.491
12082,12068,67.561
12083,12072,19.484
12084,2516,46.014
12084,12218,5.663
12085,240,94.325
12085,12086,19.448
12086,12085,19.448
12087,2041,5.039
12087,6676,10.373
12088,6677,10.173
12088,12087,19.991
12089,12077,10.198
12089,12088,6.022
12090,3611,40.356
12090,12091,9.877
12090,12092,9.896
12091,9201,24.082
12091,12090,9.877
12092,12090,9.896
12092,12093,5.495
12093,2041,10.111
12093,6676,5.418
12094,12095,23.711
12094,12118,38.842
12095,12094,23.711
12095,12096,19.970
12095,12097,23.376
12096,12095,19.970
12097,12095,23.376
12098,4879,21.385
12098,4880,23.951
12098,12099,54.540
12099,12098,54.540
12100,3730,60.584
12100,12101,8.069
12100,13823,45.852
12101,12100,8.069
12102,7943,16.371
12103,2753,73.639
12103,12104,40.128
12104,12103,40.128
12105,1981,30.112
12105,12106,47.679
12106,12105,47.679
12107,1998,15.302
12107,12108,77.268
12108,12107,77.268
12109,9819,5.990
12109,12110,52.164
12109,12111,2.312
12110,6683,238.590
12110,12109,52.164
12111,12109,2.312
12112,9119,26.629
12112,9120,9.466
12112,12113,27.481
12113,9119,49.551
12113,9819,40.914
12113,12112,27.481
12114,229,55.148
12114,12116,8.216
12115,12116,16.431
12115,12117,42.785
12116,12114,8.216
12116,12115,16.431
12117,12115,42.785
12118,3723,9.036
12118,12119,27.255
12119,12118,27.255
12120,1997,11.202
12120,2508,152.121
12120,12122,172.270
12121,2508,38.381
12121,4787,51.891
12122,8868,37.738
12122,12121,6.909
12123,7176,11.011
12123,12126,66.047
12123,13864,22.515
12124,3602,24.195
12124,12125,37.454
12125,398,39.633
12125,12124,37.454
12126,2052,13.461
12126,12123,66.047
12126,13865,6.973
12127,12128,92.551
12128,2087,31.106
12128,12127,92.551
12128,12129,26.594
12129,2087,11.697
12129,12128,26.594
12129,12130,27.572
12130,12129,27.572
12131,3384,111.484
12131,12132,26.912
12131,12133,80.370
12132,12131,26.912
12133,3378,79.627
12133,12131,80.370
12133,12134,15.979
12134,12133,15.979
12135,48,41.828
12135,2193,42.443
12136,2193,15.594
12136,12137,34.380
12137,3322,16.269
12137,12145,121.263
12138,12139,34.277
12139,239,3.286
12139,12138,34.277
12139,12140,5.840
12140,7704,301.755
12140,12139,5.840
12141,12139,14.815
12142,35,17.831
12143,35,14.375
12144,3322,112.512
12144,12145,12.415
12145,38,59.786
12145,12144,12.415
12146,132,139.871
12146,2623,9.272
12147,7384,11.706
12147,9126,33.241
12148,3327,98.990
12148,3338,5.782
12149,5231,63.816
12149,8456,98.679
12150,3329,29.949
12150,12151,21.700
12151,12150,21.700
12152,2203,53.632
12152,3590,35.890
12153,170,31.553
12153,3590,6.165
12153,12154,9.183
12154,12153,9.183
12154,12155,31.950
12155,170,8.105
12155,12154,31.950
12156,3587,12.230
12156,8202,29.713
12156,12159,26.687
12157,3588,13.893
12157,8202,36.727
12157,12159,38.278
12158,7043,17.422
12158,12159,13.164
12159,12156,26.687
12159,12157,38.278
12159,12158,13.164
12160,7714,43.018
12161,7715,111.380
12161,12162,27.531
12161,12164,6.788
12162,12161,27.531
12163,52,156.710
12164,12161,6.788
12164,13739,16.077
12165,7708,47.554
12165,12166,69.951
12166,13805,37.584
12167,7709,66.316
12167,8226,6.934
12168,8232,7.277
12168,12167,16.115
12169,257,57.440
12169,264,54.138
12169,12170,36.811
12170,12169,36.811
12171,2522,12.632
12171,12172,35.312
12172,12171,35.312
12173,3101,36.918
12173,12174,10.626
12174,75,17.907
12174,12173,10.626
12175,60,8.120
12175,3372,15.021
12176,3372,14.369
12176,12177,11.205
12177,2191,17.013
12177,12176,11.205
12178,82,48.277
12178,12179,21.885
12179,6000,9.017
12179,12178,21.885
12180,2611,30.226
12180,12181,8.328
12181,2271,47.759
12181,12180,8.328
12182,3432,20.191
12183,9582,69.209
12183,12184,15.971
12184,4606,21.211
12184,12183,15.971
12185,12183,23.526
12185,12186,16.755
12186,5176,76.303
12186,12185,16.755
12187,9511,79.449
12187,12188,16.915
12188,7790,124.341
12188,12187,16.915
12189,8453,124.987
12190,12114,6.900
12190,12191,21.965
12191,12190,21.965
12192,9445,43.853
12193,3584,156.979
12193,4726,108.281
12193,12194,4.529
12194,12193,4.529
12195,12196,88.034
12196,2403,55.026
12196,5923,54.558
12196,12195,88.034
12197,12198,5.709
12198,8140,71.879
12198,12197,5.709
12199,2799,113.938
12200,12203,35.990
12200,12204,16.287
12200,14030,6.000
12201,12202,36.361
12201,12204,30.360
12201,12207,49.638
12202,12201,36.361
12202,12205,34.536
12202,12208,50.915
12203,2802,30.632
12204,12201,30.360
12204,12205,38.014
12205,12202,34.536
12205,12203,14.810
12205,12204,38.014
12206,12208,30.307
12206,12209,18.969
12207,12201,49.638
12207,12208,23.177
12207,12209,31.748
12208,12202,50.915
12208,12206,30.307
12208,12207,23.177
12209,12206,18.969
12209,12207,31.748
12210,8114,33.024
12210,12211,62.624
12211,8115,19.029
12211,12210,62.624
12212,2801,305.261
12212,12213,6.374
12213,12212,6.374
12214,8147,8.971
12215,2511,58.053
12215,12216,19.647
12216,12215,19.647
12217,8083,6.841
12217,12218,14.687
12218,12084,5.663
12218,12217,14.687
12219,252,36.154
12219,12220,83.783
12220,12219,83.783
12221,1964,41.417
12221,12222,5.671
12221,12225,2.312
12222,12221,5.671
12222,12223,58.700
12223,12222,58.700
12223,12224,3.258
12224,10970,3.365
12224,12223,3.258
12225,12221,2.312
12225,12227,4.228
12225,12229,7.043
12226,12228,4.117
12226,12229,6.622
12226,12233,3.785
12227,12225,4.228
12227,12230,7.255
12227,12231,24.183
12228,12226,4.117
12228,12230,6.412
12228,12231,37.659
12229,12225,7.043
12229,12226,6.622
12229,12230,4.117
12230,12227,7.255
12230,12228,6.412
12230,12229,4.117
12231,12227,24.183
12231,12228,37.659
12231,12232,14.872
12232,12231,14.872
12233,12226,3.785
12233,12234,27.435
12233,12235,11.124
12234,2112,69.587
12234,12233,27.435
12234,12236,10.959
12235,12233,11.124
12235,12236,28.910
12236,12234,10.959
12236,12235,28.910
12237,12238,12.767
12237,12239,7.010
12238,1932,44.874
12238,12240,8.343
12239,12237,7.010
12239,12240,12.719
12240,12238,8.343
12240,12239,12.719
12241,12242,47.391
12241,12244,8.901
12241,12246,57.060
12242,12241,47.391
12242,12243,7.355
12243,12242,7.355
12243,12244,46.040
12244,12241,8.901
12244,12243,46.040
12244,12247,34.320
12245,1896,33.778
12245,12247,8.384
12245,12248,13.333
12246,1897,8.646
12246,12241,57.060
12246,12247,18.783
12247,12244,34.320
12247,12245,8.384
12247,12246,18.783
12248,1897,5.971
12248,12245,13.333
12248,12257,7.500
12249,12252,34.296
12249,12255,18.214
12249,12258,46.642
12250,12251,29.730
12250,12252,63.791
12250,12257,58.274
12251,12250,29.730
12251,12255,56.263
12251,12257,32.875
12252,12249,34.296
12252,12250,63.791
12252,12258,78.665
12253,12254,5.113
12253,12256,50.086
12253,12257,76.691
12254,1895,119.085
12254,1896,37.985
12254,12253,5.113
12255,12249,18.214
12255,12251,56.263
12255,12256,31.901
12256,12253,50.086
12256,12255,31.901
12256,12258,104.517
12257,12248,7.500
12257,12250,58.274
12257,12251,32.875
12257,12253,76.691
12258,9973,7.383
12258,12249,46.642
12258,12252,78.665
12258,12256,104.517
12259,1954,43.167
12259,3982,68.322
12259,5902,51.997
12260,6980,10.907
12260,7216,34.700
12260,12261,100.620
12261,12260,29.482
12262,5920,20.914
12263,6956,7.900
12263,7239,46.691
12264,12267,28.905
12265,1965,88.959
12265,3990,48.705
12265,12267,16.187
12266,12267,37.030
12267,12264,28.905
12267,12265,16.187
12267,12266,37.030
12268,9996,10.273
12268,12269,18.873
12268,12270,8.324
12269,1918,48.933
12269,12268,18.873
12269,12271,9.089
12270,12268,8.324
12270,12271,18.977
12271,12269,9.089
12271,12270,18.977
12272,9030,18.350
12273,9030,42.273
12274,12275,35.747
12275,4668,5.725
12275,12274,95.086
12276,12280,1.074
12277,12279,14.871
12277,12280,2.077
12278,12281,0.769
12279,5059,134.886
12279,12281,1.513
12280,12276,1.074
12280,12277,2.077
12280,12281,14.942
12281,12278,0.769
12281,12279,1.513
12281,12280,14.942
12282,12287,11.955
12282,12288,6.858
12283,12284,64.160
12283,12285,4.172
12284,1955,26.639
12284,6953,34.259
12284,12283,64.160
12285,6949,34.908
12285,12286,69.129
12286,1890,131.305
12286,6949,27.670
12286,12285,69.129
12287,1973,13.154
12287,12289,5.630
12288,12282,6.858
12288,12289,11.770
12289,12287,5.630
12289,12288,11.770
12290,5924,84.463
12291,9561,23.243
12292,1876,41.246
12292,3282,54.731
12292,12293,56.427
12293,1876,21.974
12293,12292,56.427
12294,12293,1.377
12294,12295,84.318
12295,12294,13.872
12296,12297,6.710
12296,13703,89.811
12297,1889,71.814
12297,12296,109.760
12298,8046,101.337
12298,12300,18.714
12299,4650,12.567
12299,12300,12.011
12299,12305,35.439
12300,12298,18.714
12300,12299,12.011
12300,12301,56.726
12301,8046,24.221
12301,12300,56.726
12301,12304,71.255
12301,12305,35.112
12302,7092,29.392
12302,8393,6.939
12302,12304,27.689
12303,7092,27.626
12303,8393,7.715
12304,8045,29.046
12304,12301,71.255
12304,12302,27.689
12305,7093,92.680
12305,12299,35.439
12305,12301,35.112
12306,12308,17.899
12307,4957,26.356
12307,12308,8.010
12307,12310,6.523
12308,12306,17.899
12308,12307,8.010
12309,1941,33.205
12309,12310,17.599
12309,12311,4.624
12310,12307,6.523
12310,12309,17.599
12310,12312,4.597
12311,12309,4.624
12311,12312,17.497
12312,12310,4.597
12312,12311,17.497
12313,12314,118.943
12313,12315,15.336
12314,12313,118.943
12315,12313,15.336
12315,12316,443.062
12316,7575,120.840
12316,12315,443.062
12316,12317,146.233
12317,12316,146.233
12318,608,23.438
12319,12320,35.174
12320,575,18.948
12320,12319,35.174
12321,642,58.340
12321,8162,34.167
12321,12322,11.566
12322,12321,11.566
12323,3749,56.386
12324,347,93.558
12325,12327,19.916
12326,436,22.369
12326,2739,12.003
12326,12327,6.189
12327,12325,19.916
12327,12326,6.189
12327,12328,11.137
12328,12327,11.137
12329,12330,28.290
12330,410,41.814
12330,3651,24.403
12330,12329,28.290
12331,626,50.784
12331,627,35.726
12331,12332,82.622
12332,6451,89.088
12332,12331,82.622
12333,8452,3.805
12334,1017,43.291
12335,12336,85.522
12335,12338,44.885
12336,12335,85.522
12337,12338,46.359
12338,5773,88.293
12338,12337,46.359
12339,12341,23.941
12339,14110,42.922
12340,2132,91.914
12340,12342,23.007
12340,14110,3.277
12341,12339,23.941
12341,12342,55.545
12341,12343,10.458
12342,12340,23.007
12342,12341,55.545
12342,14108,30.347
12343,1014,91.261
12343,12341,10.458
12343,12344,27.519
12344,12343,27.519
12344,12345,22.415
12344,14108,78.306
12345,12344,22.415
12345,12346,22.807
12345,14107,88.656
12346,8437,22.852
12346,12345,22.807
12346,14109,102.392
12347,1000,83.809
12347,2248,85.686
12347,12348,22.478
12348,12347,22.478
12349,2464,168.236
12350,779,192.337
12350,2464,35.037
12350,12351,16.610
12351,12350,16.610
12352,12353,29.974
12353,2463,43.899
12353,12352,29.974
12353,12355,23.828
12354,12355,45.569
12355,2245,26.003
12355,12353,23.828
12355,12354,45.569
12356,4587,15.973
12356,12357,14.898
12356,12360,4.685
12357,12358,22.487
12358,12357,22.487
12358,12359,27.931
12359,5853,141.578
12359,5854,9.449
12359,12358,27.931
12360,7774,41.296
12360,12356,4.685
12361,848,52.071
12361,4589,74.802
12361,12362,40.256
12362,2991,123.604
12362,12361,40.256
12363,2991,93.644
12363,13791,25.141
12364,2993,29.790
12364,12366,4.044
12365,12366,18.278
12365,14855,11.090
12366,12364,4.044
12366,12365,18.278
12367,15488,41.523
12368,796,49.222
12368,2523,119.296
12368,12369,39.628
12369,12368,39.628
12370,12371,53.236
12370,12372,33.984
12371,12370,53.236
12372,7803,58.353
12372,12373,42.708
12373,12372,42.708
12374,4273,78.583
12374,12375,4.893
12375,12374,4.893
12375,13634,47.824
12376,1742,51.842
12376,12377,56.445
12377,12376,56.445
12378,2652,21.852
12378,3525,146.233
12378,12379,24.896
12379,12378,24.896
12380,1887,10.961
12380,12381,19.378
12380,15493,17.478
12381,1892,147.042
12382,9695,162.712
12383,3176,43.372
12383,5695,93.967
12384,3176,36.942
12384,8234,73.174
12385,2006,83.331
12385,2369,12.446
12386,12387,16.082
12387,206,120.166
12387,12386,136.075
12388,5055,62.684
12388,12389,9.574
12389,5417,320.347
12389,12388,9.574
12390,4757,133.958
12390,12391,5.427
12391,299,9.338
12391,7329,18.058
12392,299,20.526
12392,12393,28.824
12393,4367,154.555
12394,12399,5.513
12395,4043,25.576
12395,12397,17.761
12396,12397,24.648
12396,12400,24.830
12396,12401,15.680
12397,12395,17.761
12397,12396,24.648
12397,12398,140.110
12398,12397,140.110
12398,12399,11.058
12398,12400,21.875
12399,12394,5.513
12399,12398,11.058
12399,12401,13.988
12400,12396,24.830
12400,12398,21.875
12400,12401,4.474
12401,12396,15.680
12401,12399,13.988
12401,12400,4.474
12402,8485,3.582
12402,12404,49.463
12403,12405,16.936
12404,12402,49.463
12404,12405,9.918
12405,1786,33.636
12405,12403,16.936
12405,12404,9.918
12406,1786,26.654
12406,8485,23.953
12406,12407,5.764
12407,12406,5.764
12407,12409,11.702
12407,12410,79.820
12408,1786,32.109
12408,5826,47.636
12408,12410,30.055
12409,12407,11.702
12410,12407,79.820
12410,12408,30.055
12410,12411,12.210
12411,12410,12.210
12412,8686,12.683
12413,8664,65.098
12413,8686,40.052
12413,12419,34.895
12414,4024,9.878
12414,12419,47.869
12414,12421,87.793
12415,12418,21.476
12416,12417,78.734
12417,4712,16.812
12417,12416,78.734
12417,12420,68.894
12418,12415,21.476
12418,12419,6.680
12419,12413,34.895
12419,12414,47.869
12419,12418,6.680
12420,12417,68.894
12420,12421,53.176
12421,12414,87.793
12421,12420,53.176
12422,12425,27.083
12423,3309,58.382
12423,12425,3.944
12423,12458,99.743
12424,12425,14.896
12425,12422,27.083
12425,12423,3.944
12425,12424,14.896
12426,3309,23.361
12426,12427,30.680
12426,12428,22.265
12426,12430,27.417
12427,12426,30.680
12428,12426,22.265
12428,12429,31.719
12428,12431,27.795
12429,12428,31.719
12430,12426,27.417
12430,12431,22.514
12431,12428,27.795
12431,12430,22.514
12432,12433,9.992
12433,5523,30.405
12433,12432,9.992
12433,12434,26.922
12434,12433,26.922
12434,12436,23.590
12434,12437,28.076
12435,5523,28.461
12435,12436,8.158
12435,12437,16.721
12436,12434,23.590
12436,12435,8.158
12436,12437,10.019
12437,12434,28.076
12437,12435,16.721
12437,12436,10.019
12438,6194,28.380
12438,12440,16.737
12438,12441,21.979
12439,5524,29.400
12439,12440,22.267
12439,12441,28.293
12440,12438,16.737
12440,12439,22.267
12440,12441,7.086
12441,12438,21.979
12441,12439,28.293
12441,12440,7.086
12442,5525,41.369
12443,8421,8.262
12443,8422,31.801
12443,8423,69.425
12444,8423,59.094
12444,12445,41.146
12444,12448,5.411
12445,8423,15.661
12445,12444,41.146
12445,12446,19.683
12446,8422,16.651
12446,12445,19.683
12446,12447,45.605
12447,8424,12.888
12447,12446,45.605
12447,12448,9.246
12448,8424,57.847
12448,12444,5.411
12448,12447,9.246
12449,4046,7.815
12449,8591,148.951
12450,5470,408.279
12451,7554,52.262
12451,12452,8.262
12452,4851,32.753
12452,12451,8.262
12453,7347,32.759
12453,12454,5.484
12454,12453,5.484
12454,12456,48.817
12455,12453,48.908
12455,12456,5.937
12456,4854,25.032
12456,12455,5.937
12457,3311,89.360
12458,12423,99.743
12459,7889,50.802
12459,12460,25.465
12460,5825,46.912
12460,5826,20.766
12460,12459,25.465
12461,1779,100.433
12461,5826,113.215
12461,12462,28.125
12462,5825,48.328
12462,7889,83.833
12462,12461,28.125
12463,12464,26.565
12463,12473,7.995
12463,12476,11.577
12464,12463,26.565
12464,12465,38.893
12464,12466,32.713
12465,12464,38.893
12466,12464,32.713
12466,12467,18.511
12466,12468,5.241
12467,12466,18.511
12467,12468,16.668
12467,12469,20.095
12468,12466,5.241
12468,12467,16.668
12468,12476,23.548
12469,8212,70.439
12469,12467,20.095
12469,12478,4.187
12470,5592,9.619
12470,12471,108.209
12470,12474,36.177
12471,12470,108.209
12471,12472,4.773
12471,12475,60.554
12472,12471,4.773
12472,12474,18.998
12472,12476,32.563
12473,5592,34.901
12473,12463,7.995
12473,12474,4.911
12474,12470,36.177
12474,12472,18.998
12474,12473,4.911
12475,12471,60.554
12476,12463,11.577
12476,12468,23.548
12476,12472,32.563
12477,12478,58.197
12478,1811,46.809
12478,12469,4.187
12478,12477,58.197
12479,8213,77.397
12479,12943,20.911
12480,12483,12.254
12481,12482,17.599
12481,12943,37.302
12482,12481,17.599
12482,12484,10.654
12483,12480,12.254
12483,12484,32.103
12483,12943,81.657
12484,8214,17.599
12484,12482,10.654
12484,12483,32.103
12485,4912,52.732
12485,8992,44.675
12486,4913,28.409
12486,9270,22.908
12487,9271,48.831
12488,12489,29.714
12489,4659,7.498
12489,4907,52.934
12489,12488,29.714
12490,7878,10.420
12490,12491,119.611
12491,7661,10.818
12491,12492,48.316
12492,6842,81.504
12492,12493,10.931
12493,7661,46.736
12493,12492,10.931
12494,6842,10.799
12494,7242,48.100
12495,5813,52.430
12495,12496,9.075
12496,12494,49.022
12496,12495,9.075
12497,12498,9.123
12497,12499,39.046
12498,8571,65.686
12498,12497,9.123
12499,12500,9.512
12499,12502,25.964
12500,12498,38.739
12500,12499,9.512
12501,12500,26.110
12501,12502,9.554
12502,7241,77.300
12502,12501,9.554
12503,1084,55.909
12503,12508,7.154
12503,12524,10.564
12504,5258,16.151
12504,12506,12.518
12505,5258,11.148
12505,12507,1.782
12506,12505,77.579
12506,12507,14.236
12507,12505,1.782
12507,12506,14.236
12508,12503,7.154
12508,12509,8.346
12509,5258,7.574
12509,12623,20.704
12510,12512,6.730
12510,12526,11.511
12511,12515,28.181
12511,12516,17.569
12511,12517,12.120
12512,12510,6.730
12512,12515,33.438
12512,12529,14.576
12513,12515,16.902
12514,12515,15.679
12515,12511,28.181
12515,12512,33.438
12515,12513,16.902
12515,12514,15.679
12516,12511,17.569
12517,12511,12.120
12518,12519,66.368
12519,12518,66.368
12519,12520,5.688
12519,12521,4.578
12520,12519,5.688
12520,12525,30.479
12521,12522,15.465
12521,12523,6.003
12522,12508,10.466
12522,12521,141.118
12522,12524,6.528
12523,12520,4.618
12523,12521,6.003
12524,12522,6.528
12524,12523,15.492
12525,12510,14.459
12525,12527,15.038
12525,12529,6.940
12526,12528,14.196
12526,12530,6.429
12526,12620,64.854
12527,12525,15.038
12527,12528,26.138
12528,12526,14.196
12528,12527,26.138
12529,12519,30.949
12529,12525,6.940
12530,12512,11.878
12530,12526,6.429
12531,8084,27.529
12531,8293,14.570
12531,12532,19.031
12532,12531,19.031
12532,15250,57.404
12533,12534,31.206
12534,8288,26.164
12534,12533,31.206
12534,12598,29.245
12534,12640,81.834
12535,2586,7.932
12535,5116,64.414
12536,12537,2.115
12537,5602,12.900
12537,12536,2.115
12537,12538,68.896
12538,12537,68.896
12539,1075,19.016
12539,5674,34.799
12539,12548,59.267
12540,5676,21.823
12541,3518,7.276
12541,5601,34.881
12542,12543,61.374
12543,12541,17.907
12543,12542,61.374
12544,5601,18.505
12544,5602,13.984
12544,12542,35.080
12545,5677,15.311
12545,5678,12.455
12545,12547,7.892
12546,12547,2.577
12547,12545,7.892
12547,12546,2.577
12547,12549,2.154
12548,5677,6.101
12548,12539,59.267
12548,12550,1.807
12549,12547,2.154
12549,12550,13.339
12550,12548,1.807
12550,12549,13.339
12551,12598,77.886
12552,5603,70.924
12552,12554,12.786
12553,12552,17.637
12553,12555,15.266
12554,12552,12.786
12554,12555,74.823
12555,12553,15.266
12555,12554,74.823
12556,1153,37.384
12556,12559,15.508
12556,12562,4.430
12557,8074,37.034
12557,12560,15.247
12557,12565,4.849
12558,12559,9.037
12558,12561,4.325
12558,12567,8.271
12559,12556,15.508
12559,12558,9.037
12559,12563,4.336
12560,1159,9.688
12560,12557,15.247
12560,12566,4.107
12561,12558,4.325
12561,12563,9.148
12561,12564,18.028
12562,12556,4.430
12562,12563,15.388
12562,12565,17.837
12563,12559,4.336
12563,12561,9.148
12563,12562,15.388
12563,12566,18.067
12564,1159,3.893
12564,12561,18.028
12564,12566,9.591
12565,12557,4.849
12565,12562,17.837
12565,12566,15.184
12566,12560,4.107
12566,12563,18.067
12566,12564,9.591
12566,12565,15.184
12567,1164,18.304
12567,12558,8.271
12567,12568,6.657
12568,12567,6.657
12569,1161,83.229
12569,1164,24.173
12569,12570,18.567
12570,12569,18.567
12571,1150,19.330
12571,1161,88.232
12571,12572,5.198
12572,8075,33.466
12572,12571,5.198
12572,12573,19.458
12573,1150,4.981
12573,8075,14.231
12573,12572,19.458
12574,1167,93.750
12574,8284,13.991
12575,7273,103.843
12576,4494,17.813
12577,1169,174.337
12577,7273,73.664
12578,12577,20.547
12579,4092,117.641
12579,9429,49.772
12579,9432,74.366
12580,9430,55.882
12581,12582,112.959
12582,2986,6.892
12582,12581,112.959
12583,12584,42.745
12584,9431,73.940
12584,12583,42.745
12585,8065,48.630
12585,9428,46.725
12585,12586,50.641
12586,8065,94.604
12586,9428,87.566
12586,12585,50.641
12587,12590,55.511
12588,12590,17.323
12588,12642,12.728
12589,12590,21.572
12590,12587,55.511
12590,12588,17.323
12590,12589,21.572
12591,4745,29.133
12591,7273,172.221
12591,12592,42.830
12592,4745,14.415
12592,12591,42.830
12592,12595,24.930
12593,12597,25.128
12594,12595,23.033
12595,4744,17.147
12595,12592,24.930
12595,12594,23.033
12596,12597,29.112
12597,4745,14.100
12597,12593,25.128
12597,12596,29.112
12598,12534,29.245
12598,12551,77.886
12598,12599,7.004
12599,12598,7.004
12600,3529,9.295
12601,3529,90.375
12601,3535,19.190
12601,12602,30.176
12602,12601,30.176
12603,12604,96.418
12604,3536,33.446
12604,12603,96.418
12604,12605,24.501
12605,12604,24.501
12606,12607,6.342
12606,12608,25.836
12607,2119,39.601
12607,12606,6.342
12608,12609,5.791
12608,14159,83.744
12609,12607,25.694
12609,12608,5.791
12610,12753,60.716
12611,5272,31.368
12611,12610,22.897
12611,12612,7.887
12612,4602,15.906
12612,12611,7.887
12613,6765,7.172
12613,12615,49.230
12614,6765,48.774
12614,12615,7.361
12615,12614,7.361
12615,12617,101.355
12616,12614,101.362
12616,12617,7.151
12617,12616,7.151
12617,12619,58.267
12618,12616,58.044
12618,12619,7.151
12619,12618,7.151
12619,12621,10.898
12620,12618,10.786
12620,12621,7.048
12621,12530,64.127
12621,12620,7.048
12622,12504,4.897
12622,12623,7.361
12623,12622,7.361
12623,12625,87.344
12624,12622,87.246
12624,12625,7.150
12625,12624,7.150
12625,12627,29.716
12626,12624,29.692
12626,12627,7.991
12627,12626,7.991
12627,12629,29.148
12628,12626,29.368
12628,12629,8.100
12629,10096,78.987
12629,12628,8.100
12630,4340,521.228
12630,12631,10.934
12631,9615,69.913
12631,12630,10.934
12632,12630,27.091
12633,9616,105.819
12633,12634,11.739
12634,1117,128.852
12634,12633,11.739
12635,5225,7.247
12635,5313,101.007
12636,1112,52.416
12636,2254,3.225
12637,12639,22.898
12638,5274,32.899
12638,12639,19.575
12639,12636,22.617
12640,1149,42.142
12640,8288,59.621
12640,12534,81.834
12641,12642,7.869
12641,12650,177.819
12642,1162,77.878
12642,12641,7.869
12643,12644,29.895
12644,6766,23.403
12644,12643,29.895
12644,12653,47.060
12645,3534,8.089
12645,5201,89.125
12646,7268,95.358
12646,12647,10.052
12647,3448,3.162
12647,12646,10.052
12648,7269,131.126
12648,12649,10.495
12649,12648,10.495
12649,12651,172.170
12650,12648,171.950
12650,12651,9.289
12651,12588,165.350
12651,12650,9.289
12652,12653,30.034
12653,6765,26.597
12653,12644,47.060
12653,12652,30.034
12654,5259,190.342
12654,12655,38.703
12654,12657,6.786
12655,12654,38.703
12655,12656,4.828
12655,12729,3.945
12656,12655,4.828
12656,12657,38.698
12657,12654,6.786
12657,12656,38.698
12658,12659,91.497
12658,12681,46.850
12658,12773,103.988
12659,12658,91.497
12660,12662,7.898
12661,12662,7.898
12662,12660,7.898
12662,12661,7.898
12662,12664,2.316
12663,5311,90.774
12663,12665,8.100
12663,12765,7.893
12664,12662,2.316
12664,12665,10.205
12665,12663,8.100
12665,12664,10.205
12666,12667,60.697
12667,1108,56.911
12667,12666,60.697
12667,12668,10.484
12668,12667,10.484
12669,9537,75.678
12670,6387,27.220
12671,3711,27.067
12672,12673,43.810
12673,2872,184.930
12673,12672,43.810
12673,12674,8.290
12674,5310,16.014
12674,12673,8.290
12675,1086,14.549
12675,5267,154.271
12675,8334,36.667
12676,1086,22.070
12677,1095,42.492
12677,12678,10.970
12677,12679,19.658
12678,12677,10.970
12679,12677,19.658
12679,12680,11.098
12679,12681,16.962
12680,12679,11.098
12681,12658,46.850
12681,12679,16.962
12681,12682,11.271
12682,12681,11.271
12683,1108,51.203
12683,12684,44.107
12683,12716,6.800
12684,12683,44.107
12684,12686,38.899
12684,12687,59.271
12685,9563,25.284
12685,12686,28.573
12685,12787,9.645
12685,12793,19.060
12686,12684,38.899
12686,12685,28.573
12686,12688,170.594
12687,12684,59.271
12687,12688,15.954
12687,12690,7.379
12688,12686,170.594
12688,12687,15.954
12688,12689,7.662
12689,12688,7.662
12689,12690,16.070
12690,12687,7.379
12690,12689,16.070
12691,2251,7.657
12691,12694,12.585
12691,12696,8.691
12692,9563,24.237
12692,12693,23.636
12692,12694,160.499
12693,12692,23.636
12693,12695,116.152
12693,12698,6.805
12694,12691,12.585
12694,12692,160.499
12694,12695,8.193
12695,12693,116.152
12695,12694,8.193
12695,12696,12.418
12695,12697,5.454
12696,12691,8.691
12696,12695,12.418
12696,12788,12.051
12697,12695,5.454
12698,12693,6.805
12698,12787,3.814
12699,12700,14.728
12699,12715,117.036
12700,12699,14.728
12700,12701,4.992
12700,12702,19.219
12701,12700,4.992
12702,12700,19.219
12703,3271,26.843
12703,6384,19.536
12703,12704,48.355
12704,12703,48.355
12705,6383,68.340
12705,6384,22.226
12705,12708,15.749
12706,6383,4.426
12707,12708,35.980
12708,6385,178.118
12708,12705,15.749
12708,12707,35.980
12709,1103,33.615
12709,12710,86.844
12709,12731,13.371
12710,1103,72.527
12710,12709,86.844
12710,12775,18.502
12711,5327,21.948
12712,5334,289.022
12713,12714,39.286
12714,5268,65.215
12714,12713,39.286
12714,12715,10.654
12715,3271,3.907
12715,12714,10.654
12716,9563,15.105
12716,12683,6.800
12716,12719,78.285
12717,12719,45.586
12718,12720,12.168
12719,12716,78.285
12719,12717,45.586
12719,12720,28.314
12720,12718,12.168
12720,12719,28.314
12720,12925,49.248
12721,7131,277.080
12722,9880,5.153
12722,12723,2.669
12723,9877,5.152
12723,9879,20.215
12724,12725,92.973
12725,4504,59.539
12725,12724,92.973
12726,1110,19.207
12726,12727,26.763
12727,12726,26.763
12727,12728,5.708
12728,12727,5.708
12728,12729,39.409
12729,12655,3.945
12729,12728,39.409
12730,12732,49.863
12731,9537,55.170
12731,12709,13.371
12731,12732,8.275
12732,12730,49.863
12732,12731,8.275
12732,12733,10.161
12733,12732,10.161
12734,12735,66.395
12735,12734,66.395
12735,12743,28.849
12736,12735,21.720
12736,12737,65.618
12737,12736,65.618
12738,12725,64.038
12738,12741,26.407
12739,13053,13.718
12740,12741,41.741
12741,12738,26.407
12741,12740,41.741
12741,12749,19.271
12742,12749,41.318
12743,12745,41.685
12743,12746,21.955
12744,12745,74.569
12745,12743,41.685
12745,12744,74.569
12745,12746,60.721
12746,12738,58.690
12746,12745,60.721
12747,12748,93.481
12748,5262,120.306
12748,12747,93.481
12749,12741,19.271
12749,12742,41.318
12749,12751,17.068
12750,12751,37.268
12751,12749,17.068
12751,12750,37.268
12751,13053,18.909
12752,5270,30.256
12752,12753,8.800
12753,7213,19.780
12753,12752,8.800
12754,7214,8.746
12754,12755,10.544
12755,12754,10.544
12755,12757,69.801
12756,12754,70.650
12756,12757,10.516
12757,12756,10.516
12757,12759,48.068
12758,12756,47.831
12758,12759,10.572
12759,12758,10.572
12759,12761,35.860
12760,12758,35.707
12760,12761,10.562
12761,1096,15.824
12761,12760,10.562
12762,8360,9.259
12762,12764,29.615
12763,8360,29.692
12763,12764,8.205
12764,7521,45.720
12764,12763,8.205
12765,12663,7.893
12765,12762,40.615
12766,12767,10.701
12766,12891,16.504
12767,12766,10.701
12767,12884,9.678
12768,12766,30.715
12768,12769,10.724
12769,2870,50.047
12769,12768,10.724
12770,12774,101.678
12771,12772,30.253
12771,12774,34.686
12771,12775,10.906
12772,12771,30.253
12773,12658,103.988
12773,12774,28.279
12773,12775,34.842
12774,12770,101.678
12774,12771,34.686
12774,12773,28.279
12775,12710,18.502
12775,12771,10.906
12775,12773,34.842
12776,5260,211.479
12776,12779,6.093
12777,9874,7.386
12778,12776,12.477
12779,12780,3.945
12780,12777,4.140
12780,12783,7.664
12781,7133,24.263
12781,12782,4.838
12782,9878,18.681
12782,12781,4.838
12783,7132,4.943
12783,12784,10.597
12784,9875,5.362
12784,12785,12.609
12785,7133,5.153
12785,12782,24.504
12786,12790,20.846
12786,12791,10.335
12786,12793,21.453
12787,12685,9.645
12787,12698,3.814
12787,12792,18.672
12788,1116,29.306
12788,12696,12.051
12788,12789,57.389
12789,12788,57.389
12789,12790,10.421
12789,12791,20.717
12790,1116,42.916
12790,12786,20.846
12790,12789,10.421
12791,12786,10.335
12791,12789,20.717
12791,12792,21.026
12792,12787,18.672
12792,12791,21.026
12792,12793,9.878
12793,12685,19.060
12793,12786,21.453
12793,12792,9.878
12794,2251,47.404
12794,9882,32.518
12795,12802,33.919
12796,12803,21.922
12797,4129,21.561
12797,12799,26.402
12797,12803,6.008
12798,12799,42.477
12799,1146,15.357
12799,12797,26.402
12799,12798,42.477
12800,12801,42.255
12801,1143,71.732
12801,1146,11.382
12801,12800,42.255
12802,4129,5.450
12802,12795,33.919
12802,12803,21.478
12803,12796,21.922
12803,12797,6.008
12803,12802,21.478
12804,12805,13.851
12805,2866,25.480
12805,12804,13.851
12805,12806,39.991
12806,12805,39.991
12807,2866,43.576
12808,2999,5.923
12808,11347,10.241
12809,9278,86.959
12809,9281,48.500
12809,9282,118.246
12810,9280,61.112
12810,9282,278.186
12810,12811,48.990
12811,12810,48.990
12812,12813,10.304
12813,9279,8.837
12814,12815,10.734
12815,9278,5.268
12816,12817,48.294
12817,1144,74.310
12817,6583,52.733
12817,12816,48.294
12818,1136,58.086
12818,12836,23.026
12819,12826,30.217
12820,4128,75.218
12820,12821,31.552
12821,12820,31.552
12821,12823,16.866
12821,12826,49.561
12822,12823,6.245
12823,12821,16.866
12823,12822,6.245
12823,12827,49.631
12824,12827,31.655
12825,12827,14.950
12826,12819,30.217
12826,12821,49.561
12826,12827,18.126
12827,12823,49.631
12827,12824,31.655
12827,12825,14.950
12827,12826,18.126
12828,12830,20.924
12829,12830,10.786
12830,12828,20.924
12830,12829,10.786
12830,12832,20.713
12831,12832,11.454
12832,12830,20.713
12832,12831,11.454
12832,12834,19.031
12833,12834,11.677
12834,12832,19.031
12834,12833,11.677
12834,12836,21.659
12835,12836,12.565
12836,12818,23.026
12836,12834,21.659
12836,12835,12.565
12837,12838,20.422
12838,2988,100.200
12838,5926,222.096
12838,12837,20.422
12839,6586,9.522
12839,6587,31.884
12839,12841,37.135
12840,2608,156.066
12840,12841,9.327
12841,6588,42.865
12841,12839,37.135
12841,12840,9.327
12842,12844,46.784
12842,12847,34.831
12843,12844,13.249
12844,12842,46.784
12844,12843,13.249
12844,12845,33.594
12845,12844,33.594
12846,12847,55.570
12847,8802,56.024
12847,12846,55.570
12848,12849,180.381
12849,1286,9.821
12849,12848,180.381
12849,12851,24.798
12850,8714,11.098
12850,12851,7.486
12850,12853,29.003
12851,12849,24.798
12851,12850,7.486
12851,12855,25.196
12852,12864,24.773
12852,12865,14.962
12852,12866,7.793
12853,12850,29.003
12853,12855,6.293
12853,12856,24.673
12854,12855,12.948
12855,12851,25.196
12855,12853,6.293
12855,12854,12.948
12855,12858,24.869
12856,12853,24.673
12856,12858,6.139
12856,12859,26.153
12857,12858,14.507
12858,12855,24.869
12858,12856,6.139
12858,12857,14.507
12858,12861,26.089
12859,12856,26.153
12859,12861,5.832
12859,12862,25.370
12860,12861,14.095
12861,12858,26.089
12861,12859,5.832
12861,12860,14.095
12861,12864,25.217
12862,12859,25.370
12862,12864,5.656
12862,12866,23.654
12863,12864,14.530
12864,12852,24.773
12864,12861,25.217
12864,12862,5.656
12864,12863,14.530
12865,12852,14.962
12866,12852,7.793
12866,12862,23.654
12866,12868,24.872
12867,12868,27.760
12868,12866,24.872
12868,12867,27.760
12868,13136,77.461
12869,1046,82.314
12869,8735,41.480
12869,12870,56.924
12870,12869,56.924
12870,12872,13.385
12871,12872,28.782
12872,12870,13.385
12872,12871,28.782
12873,3803,171.143
12873,8735,19.237
12874,12875,230.168
12874,12974,22.683
12875,8642,56.191
12875,12874,230.168
12875,12876,48.524
12876,12875,48.524
12877,12880,31.791
12878,8335,77.592
12878,12880,30.167
12878,12882,24.015
12879,12880,26.664
12880,12877,31.791
12880,12878,30.167
12880,12879,26.664
12881,12882,36.300
12882,1072,57.184
12882,12878,24.015
12882,12881,36.300
12883,12889,29.615
12884,12769,20.579
12884,12888,20.001
12885,12890,40.026
12886,12767,16.588
12886,12887,21.345
12886,12891,10.627
12887,12886,21.345
12887,12888,26.907
12887,12890,3.498
12888,12884,20.001
12888,12887,26.907
12888,12889,3.392
12889,12883,29.615
12889,12888,3.392
12890,12885,40.026
12890,12887,3.498
12891,5267,8.829
12891,12886,10.627
12892,12893,61.203
12893,1063,61.211
12893,9729,207.366
12893,12892,61.203
12894,12895,53.291
12894,12896,13.077
12894,12991,72.299
12895,12894,53.291
12895,12897,14.199
12895,12995,16.112
12896,12894,13.077
12896,12897,51.841
12897,12895,14.199
12897,12896,51.841
12898,1026,35.705
12898,1029,46.369
12898,12899,33.626
12899,12898,33.626
12900,12901,73.502
12901,9252,45.998
12901,12900,73.502
12902,9345,82.875
12902,12903,63.048
12903,12902,63.048
12903,12904,3.707
12904,12902,34.168
12904,12903,3.707
12905,12906,50.452
12906,12904,8.602
12906,12905,50.452
12907,8832,54.073
12907,12909,74.032
12908,8832,66.344
12909,8832,19.216
12909,8833,24.397
12909,12907,74.032
12910,12911,15.314
12911,2133,28.170
12911,12915,39.670
12912,10645,47.246
12912,12915,26.493
12913,12914,19.953
12913,12915,4.659
12914,2133,38.419
12914,7602,202.958
12914,12913,19.953
12915,12911,39.670
12915,12912,26.493
12915,12913,4.659
12916,1245,50.969
12917,12918,18.002
12917,12919,69.673
12917,12920,120.633
12918,1221,29.220
12918,6838,172.479
12918,6839,78.998
12918,12917,18.002
12919,12917,69.673
12920,12917,120.633
12921,4550,60.855
12921,7477,197.247
12921,12922,146.173
12922,12921,146.173
12923,2587,360.158
12923,12924,20.553
12924,4914,81.180
12924,12923,20.553
12925,12720,49.248
12925,12926,33.444
12926,1108,27.064
12926,9537,17.277
12926,12925,33.444
12927,3248,119.442
12927,12928,6.887
12928,12927,6.887
12928,12930,33.227
12929,12927,33.278
12929,12930,7.119
12930,12929,7.119
12930,12932,46.147
12931,12929,45.892
12931,12932,7.337
12932,12931,7.337
12932,12963,42.005
12933,1078,30.964
12933,8333,44.991
12933,12934,54.607
12934,12933,54.607
12935,12937,32.382
12935,12938,19.461
12936,12937,19.379
12936,12938,91.467
12937,6874,49.309
12937,12936,19.379
12938,12935,19.461
12938,12936,91.467
12939,1280,68.128
12939,12940,89.347
12940,12935,8.123
12940,12939,89.347
12941,4541,139.925
12941,5745,53.278
12941,12942,99.153
12942,12941,99.153
12943,12479,20.911
12943,12481,37.302
12943,12483,81.657
12944,6061,93.502
12944,11966,22.842
12945,5268,389.810
12945,5269,44.383
12946,9537,16.638
12946,12947,11.991
12946,12948,8.655
12947,12946,11.991
12948,12946,8.655
12949,7212,10.876
12950,3511,127.331
12951,3511,42.898
12951,5270,23.660
12951,12952,51.983
12952,12951,51.983
12952,12953,18.130
12953,5271,5.184
12953,12952,18.130
12954,3511,95.085
12955,12956,58.736
12956,12955,58.736
12956,12973,64.787
12957,12956,89.928
12957,12958,6.317
12958,12959,41.835
12959,12928,5.382
12959,12960,16.012
12960,12959,16.012
12960,12964,126.141
12960,12973,50.431
12961,12962,13.821
12961,12967,69.765
12961,12974,7.681
12962,12961,13.821
12962,12964,7.606
12962,12972,43.957
12963,12961,7.301
12963,12964,13.854
12963,12975,7.699
12964,12960,126.141
12964,12962,7.606
12964,12963,13.854
12965,8643,19.184
12966,12965,33.841
12967,12965,10.764
12967,12968,20.891
12968,12969,35.669
12968,13002,17.665
12969,12968,35.669
12969,12970,4.632
12969,12971,2.066
12970,12969,4.632
12971,12969,2.066
12972,12962,43.957
12973,12958,19.061
12973,12960,50.431
12974,12961,7.681
12974,12975,7.148
12975,12931,42.734
12975,12963,7.699
12976,1062,53.611
12976,12978,86.145
12976,12979,70.851
12977,12986,72.473
12977,12990,60.402
12977,12991,15.989
12978,12976,86.145
12978,12980,8.815
12978,12983,3.897
12979,12976,70.851
12979,12981,8.847
12979,12983,10.574
12980,12978,8.815
12980,12982,4.002
12980,12984,36.215
12981,12979,8.847
12981,12982,10.783
12981,12985,36.591
12982,12980,4.002
12982,12981,10.783
12983,12978,3.897
12983,12979,10.574
12984,12980,36.215
12984,12986,7.940
12984,12988,4.429
12985,12981,36.591
12985,12987,7.510
12985,12988,10.746
12986,12977,72.473
12986,12984,7.940
12986,12989,4.869
12987,12985,7.510
12987,12989,10.448
12987,12991,74.434
12988,12984,4.429
12988,12985,10.746
12989,12986,4.869
12989,12987,10.448
12990,12977,60.402
12991,12894,72.299
12991,12977,15.989
12991,12987,74.434
12992,3807,74.493
12992,12993,37.023
12993,4597,92.105
12994,1046,43.998
12994,4598,9.517
12995,3806,15.783
12995,12895,16.112
12995,12997,9.068
12996,3806,10.432
12996,12997,19.830
12996,12998,224.382
12997,1034,55.181
12997,12995,9.068
12997,12996,19.830
12998,12996,224.382
12998,13000,31.219
12999,3806,142.437
12999,3807,59.121
12999,13000,14.849
13000,12998,31.219
13000,12999,14.849
13001,3807,107.998
13003,7199,201.380
13003,13004,23.159
13004,7191,82.371
13004,13003,23.159
13005,13006,47.558
13005,14990,9.600
13006,13005,47.558
13007,13008,38.901
13008,1177,39.650
13008,3456,3.785
13008,13007,38.901
13009,8283,29.059
13009,13010,4.974
13009,13013,16.979
13010,13009,4.974
13010,13011,143.052
13010,13014,16.964
13011,13010,143.052
13011,13012,5.435
13011,13014,59.372
13012,8282,25.457
13012,13011,5.435
13012,13040,4.272
13013,13009,16.979
13013,13014,5.078
13013,13040,54.818
13014,13010,16.964
13014,13011,59.372
13014,13013,5.078
13015,9351,12.767
13015,13016,164.792
13015,13025,11.402
13016,13015,164.792
13017,7477,30.949
13017,13018,29.626
13017,13020,22.260
13018,13017,29.626
13019,13020,102.697
13020,13017,22.260
13020,13019,102.697
13020,13021,26.545
13021,13020,26.545
13022,9351,123.162
13022,13023,44.262
13022,13024,141.723
13023,3174,32.148
13023,8220,276.165
13023,13022,44.262
13024,13022,141.723
13025,9350,12.805
13025,9359,2.853
13026,7054,4.516
13026,13027,41.778
13026,13028,5.537
13027,13028,39.135
13027,13029,61.161
13028,7056,30.991
13028,13026,5.537
13028,13062,13.841
13029,13027,61.161
13029,13030,58.056
13029,13031,16.514
13030,13029,58.056
13031,13029,16.514
13032,6054,234.133
13032,7055,24.728
13032,13035,13.002
13033,13035,51.641
13034,13035,9.199
13035,13032,13.002
13035,13033,51.641
13035,13034,9.199
13036,2815,21.377
13036,13037,29.936
13037,5656,139.703
13038,8282,36.363
13038,13039,25.404
13039,3455,34.785
13039,13038,25.404
13040,13012,4.272
13040,13013,54.818
13040,13041,10.390
13041,13040,10.390
13042,13043,22.242
13043,1301,11.315
13043,13042,22.242
13043,13048,19.215
13044,13046,15.733
13045,13043,15.005
13045,13049,18.587
13046,13044,15.733
13047,2120,22.785
13047,4251,20.538
13048,13043,19.215
13048,13049,14.695
13049,2122,389.344
13049,13045,18.587
13050,13051,47.538
13050,13150,50.361
13051,13050,47.538
13052,13053,34.196
13053,12739,13.718
13053,12751,18.909
13053,13052,34.196
13054,8210,4.516
13054,13055,162.769
13055,8210,21.233
13055,13054,162.769
13055,13056,16.150
13056,13055,16.150
13057,4742,68.578
13058,4987,68.844
13058,13078,7.235
13059,13060,32.990
13059,13061,199.219
13059,13078,215.778
13060,13059,32.990
13061,13059,199.219
13063,13026,12.935
13064,13065,27.584
13065,13064,27.584
13065,13073,15.603
13066,13067,14.086
13067,13066,14.086
13067,13068,10.773
13067,13069,10.508
13068,13067,10.773
13069,13065,11.345
13069,13067,10.508
13070,13071,16.910
13071,13070,16.910
13071,13072,14.789
13071,13073,14.813
13072,13071,14.789
13073,9411,8.481
13073,13071,14.813
13074,9411,29.819
13075,13076,16.482
13076,9412,11.363
13076,13075,16.482
13076,13077,10.753
13077,13076,10.753
13078,13058,7.235
13078,13059,215.778
13079,13081,64.557
13080,8209,11.416
13080,13082,20.187
13080,13084,8.003
13081,13079,64.557
13081,13083,46.744
13081,13084,59.279
13082,13080,20.187
13082,13083,12.530
13082,13254,4.445
13083,13081,46.744
13083,13082,12.530
13083,13084,18.973
13084,13080,8.003
13084,13081,59.279
13084,13083,18.973
13085,13086,74.032
13085,13087,10.398
13086,13094,41.016
13087,13085,10.398
13087,13717,37.169
13087,13718,21.768
13088,3506,15.808
13088,9557,36.130
13089,9741,47.467
13090,9533,63.081
13091,13089,5.897
13091,13090,20.367
13092,8572,23.758
13092,9556,35.345
13093,13094,24.106
13094,13093,24.106
13094,13097,73.860
13095,9752,13.453
13096,13097,13.228
13097,9752,4.283
13097,13096,13.228
13098,6873,30.084
13098,13099,133.161
13099,6873,4.219
13099,6874,46.431
13099,13098,133.161
13099,13250,49.398
13100,13045,66.719
13100,13105,28.216
13101,13102,4.800
13101,13105,25.265
13101,13112,14.695
13102,13101,4.800
13102,13107,29.491
13103,13106,28.502
13103,13113,37.952
13104,13105,44.259
13104,13108,4.421
13104,13110,48.566
13105,13100,28.216
13105,13101,25.265
13105,13104,44.259
13105,13112,42.648
13106,13103,28.502
13106,13107,4.813
13107,13102,29.491
13107,13106,4.813
13108,13104,4.421
13108,13109,30.361
13108,13113,90.573
13109,13108,30.361
13109,13110,26.283
13109,13115,28.827
13110,13104,48.566
13110,13109,26.283
13110,13116,27.967
13111,13112,9.241
13112,13101,14.695
13112,13105,42.648
13112,13111,9.241
13113,13103,37.952
13113,13108,90.573
13113,13114,20.356
13114,13113,20.356
13114,13115,58.063
13115,13109,28.827
13115,13116,26.823
13116,7185,17.986
13116,13110,27.967
13117,7983,21.006
13117,7984,12.598
13118,9162,70.217
13118,9163,16.568
13118,9164,18.014
13119,7042,131.502
13120,6059,102.981
13120,13124,64.932
13120,13125,21.749
13121,7027,6.732
13121,7029,3.681
13121,13122,64.802
13122,13121,64.802
13122,13123,46.634
13122,13124,17.579
13123,7029,16.438
13123,13122,46.634
13123,13125,16.614
13124,13120,64.932
13124,13122,17.579
13124,13125,47.158
13125,13120,21.749
13125,13123,16.614
13125,13124,47.158
13126,13127,54.658
13127,6059,11.069
13127,8004,43.394
13127,13126,54.658
13128,8004,48.041
13128,8005,52.916
13128,13129,35.910
13129,13128,35.910
13130,13131,80.492
13131,13130,80.492
13131,13132,13.037
13131,13133,52.023
13132,1347,103.550
13132,13131,13.037
13132,13173,99.585
13133,13131,52.023
13134,2294,23.141
13134,6058,66.529
13135,13136,39.728
13136,2294,5.993
13136,12868,77.461
13136,13135,39.728
13137,1348,163.294
13138,13140,28.528
13139,5276,116.145
13139,13140,9.472
13140,13138,28.528
13140,13139,9.472
13141,8009,88.388
13142,13144,6.834
13143,13144,23.128
13144,7028,17.691
13144,13142,6.834
13144,13143,23.128
13145,8008,232.915
13146,13147,85.542
13147,6880,90.328
13147,6881,33.962
13147,13146,85.542
13148,13149,24.532
13149,13148,24.532
13149,13150,37.074
13150,2873,133.209
13150,13149,37.074
13151,13152,75.693
13152,13151,75.693
13153,7801,209.573
13153,9650,420.490
13154,13155,75.955
13155,7042,36.075
13155,8231,57.485
13155,13154,75.955
13156,13157,26.969
13156,14924,10.028
13157,13156,26.969
13158,8619,6.615
13158,13161,49.877
13158,13162,50.004
13158,13163,32.753
13159,2970,4.322
13159,2973,101.127
13159,4173,75.942
13160,8223,4.410
13160,13167,50.094
13160,13168,50.995
13160,13169,32.966
13161,13158,49.877
13161,13163,18.550
13161,13165,36.220
13162,13158,50.004
13162,13163,18.182
13162,13164,36.100
13163,13158,32.753
13163,13161,18.550
13163,13162,18.182
13163,13166,36.220
13164,13162,36.100
13164,13166,18.550
13164,13168,36.831
13165,13161,36.220
13165,13166,18.550
13165,13167,35.901
13166,13163,36.220
13166,13164,18.550
13166,13165,18.550
13166,13169,36.327
13167,13160,50.094
13167,13165,35.901
13167,13169,18.419
13168,13160,50.995
13168,13164,36.831
13168,13169,19.055
13169,13160,32.966
13169,13166,36.327
13169,13167,18.419
13169,13168,19.055
13170,13171,94.599
13171,13170,94.599
13171,13172,10.022
13171,13173,14.903
13172,13171,10.022
13173,8004,17.749
13173,13132,99.585
13173,13171,14.903
13174,13175,83.886
13175,6870,200.318
13175,7157,159.557
13175,13174,83.886
13176,8711,54.038
13176,13180,11.564
13177,13180,11.470
13178,8711,11.679
13178,13179,35.536
13178,13180,54.249
13179,9127,12.231
13179,13178,35.536
13179,13182,65.288
13180,13176,11.564
13180,13177,11.470
13180,13178,54.249
13181,13182,81.655
13182,13179,65.288
13182,13181,81.655
13182,13183,13.684
13183,9532,193.570
13183,13182,13.684
13184,13253,60.537
13185,13186,33.364
13186,7160,14.825
13186,13185,33.364
13186,13188,20.609
13187,13188,33.261
13188,13186,20.609
13188,13187,33.261
13188,13190,18.614
13189,13190,33.480
13190,7159,3.575
13190,13188,18.614
13190,13189,33.480
13191,13192,33.922
13192,7159,17.771
13192,13191,33.922
13192,13194,19.242
13193,13194,34.145
13194,13192,19.242
13194,13193,34.145
13194,13196,21.557
13195,13196,34.584
13196,13194,21.557
13196,13195,34.584
13196,13198,16.614
13196,13220,40.922
13197,13198,34.925
13198,13196,16.614
13198,13197,34.925
13198,13200,19.978
13199,13200,36.144
13200,13198,19.978
13200,13199,36.144
13200,13202,19.557
13201,13202,35.918
13202,13200,19.557
13202,13201,35.918
13202,13215,3.156
13203,13204,35.475
13204,13203,35.475
13204,13206,19.349
13204,13215,15.982
13205,13206,35.598
13206,13204,19.349
13206,13205,35.598
13206,13208,20.293
13207,13208,35.361
13208,6904,11.672
13208,13206,20.293
13208,13207,35.361
13209,6904,43.686
13210,13211,50.230
13211,13210,50.230
13211,13212,26.602
13211,13213,11.254
13212,13211,26.602
13213,7999,6.895
13213,8786,16.351
13213,13211,11.254
13214,13222,13.456
13215,13202,3.156
13215,13204,15.982
13215,13221,40.034
13216,13217,45.259
13217,6904,39.257
13217,8000,19.575
13217,13216,45.259
13217,13221,67.181
13218,7998,36.904
13219,7159,41.705
13219,8002,19.464
13219,13220,58.875
13220,8001,19.460
13220,13196,40.922
13220,13219,58.875
13220,13221,59.190
13221,13215,40.034
13221,13217,67.181
13221,13220,59.190
13222,7998,59.194
13222,7999,125.959
13222,8001,22.018
13222,13214,13.456
13223,13224,27.557
13224,1254,41.875
13224,1267,75.504
13224,13223,27.557
13225,13226,21.317
13226,1254,31.380
13226,13225,21.317
13226,13228,39.012
13227,13228,22.985
13228,3174,106.348
13228,13226,39.012
13228,13227,22.985
13229,1292,102.751
13229,13230,52.654
13229,14327,22.118
13230,13229,52.654
13231,13232,117.962
13231,14327,61.036
13231,14328,60.529
13232,13231,117.962
13232,13235,47.776
13232,13236,6.879
13233,5782,25.705
13233,13234,38.140
13233,14324,54.467
13234,1257,59.323
13234,13233,38.140
13234,14323,50.807
13235,13232,47.776
13236,5782,56.027
13236,13232,6.879
13237,13251,356.099
13238,13239,15.874
13238,13254,8.575
13239,7054,5.890
13239,13238,15.874
13240,13241,18.197
13241,7055,25.998
13241,13240,18.197
13241,13242,40.162
13242,13241,40.162
13243,13246,4.318
13243,13252,219.399
13244,2072,67.083
13244,13243,8.837
13245,2216,66.068
13245,13244,11.461
13246,13245,2.099
13247,5759,97.153
13247,13248,11.794
13248,1292,38.858
13248,13247,11.794
13249,39,3.551
13250,13099,49.398
13251,13237,356.099
13252,2020,26.268
13252,6589,36.917
13252,13243,219.399
13253,13176,90.016
13253,13184,60.537
13254,7054,15.871
13254,13082,4.445
13254,13238,8.575
13255,9130,4.931
13256,13257,6.766
13257,13256,6.766
13257,13258,18.889
13257,13373,4.752
13258,2963,21.209
13258,13257,18.889
13258,13259,52.450
13259,13258,52.450
13260,2962,115.511
13260,2970,35.601
13260,13261,68.608
13261,2970,31.682
13261,4174,8.516
13261,13260,68.608
13262,2967,9.335
13262,13268,15.592
13263,13264,9.047
13263,13270,12.036
13264,13263,9.047
13264,13266,13.612
13265,13266,30.420
13266,2967,24.957
13266,13265,30.420
13267,13268,30.333
13268,13263,22.082
13268,13267,30.333
13269,13270,17.786
13270,13269,17.786
13270,13272,25.856
13271,13272,33.613
13272,13271,33.613
13272,13376,2.423
13273,4174,16.965
13273,13274,11.474
13274,13273,11.474
13274,13275,8.785
13274,13276,35.534
13275,13274,8.785
13276,13274,35.534
13277,13262,65.269
13277,13278,8.083
13278,7657,72.739
13278,13277,8.083
13279,13280,7.227
13279,13282,28.731
13280,7545,19.267
13280,13279,7.227
13281,13280,28.383
13281,13282,6.581
13282,4188,69.380
13282,13281,6.581
13283,4188,5.986
13283,13281,69.642
13284,13283,12.031
13284,13285,5.064
13285,2947,66.038
13285,13284,5.064
13286,13284,79.997
13286,13287,7.409
13287,13286,7.409
13287,13288,33.123
13288,2945,20.186
13288,13289,6.885
13289,13286,33.564
13289,13288,6.885
13290,2945,6.358
13290,13289,20.321
13291,2938,6.024
13291,13707,58.959
13292,7549,56.965
13292,13293,7.085
13293,13292,7.085
13293,13294,56.451
13294,2923,15.883
13294,7929,6.845
13295,13296,6.734
13295,13297,34.987
13296,13295,6.734
13296,13328,32.545
13297,9236,48.533
13297,13298,7.276
13298,13296,34.968
13298,13297,7.276
13299,1655,282.098
13299,13300,7.933
13300,6505,88.268
13300,13299,7.933
13301,1657,20.645
13301,13303,18.002
13302,1647,14.730
13302,8126,5.431
13303,1647,4.575
13303,13302,14.423
13304,8092,28.602
13304,13306,13.388
13305,1659,7.417
13305,13307,13.245
13306,13305,16.872
13306,13307,5.453
13307,1658,5.847
13308,13304,10.896
13308,13306,5.847
13309,8121,26.387
13309,13310,21.692
13310,1680,6.290
13310,9562,21.789
13311,4182,10.207
13311,13312,62.114
13311,14174,4.732
13312,13311,62.114
13313,13314,37.292
13314,2779,162.310
13314,2952,59.260
13314,13313,37.292
13315,13317,28.911
13316,13317,28.323
13317,4180,18.034
13317,13315,28.911
13317,13316,28.323
13318,4180,21.801
13319,13320,21.267
13320,3006,18.177
13320,4180,17.318
13320,13319,21.267
13321,13322,43.474
13322,3005,23.825
13322,3006,5.193
13322,13321,43.474
13323,6554,6.882
13323,13324,7.579
13324,13323,7.579
13324,13335,15.671
13325,6549,49.412
13325,13326,6.647
13325,13603,17.723
13326,4169,16.487
13326,13325,6.647
13327,2595,37.277
13327,4646,63.707
13327,6508,64.962
13328,4645,16.100
13328,13295,33.645
13329,4168,66.836
13329,13330,60.405
13330,13329,60.405
13330,13339,39.174
13331,13332,29.094
13332,6553,8.253
13332,13331,29.094
13333,6553,86.987
13334,9528,59.460
13334,9529,6.783
13334,13336,57.310
13335,9528,22.852
13335,13336,15.698
13336,13334,57.310
13336,13335,15.698
13337,14169,35.750
13338,13324,33.340
13338,13341,16.266
13339,13338,2.465
13339,13340,15.994
13340,13339,15.994
13340,14169,5.184
13341,13338,16.266
13341,14170,2.423
13342,13346,11.983
13343,13344,13.244
13344,13343,13.244
13344,13347,41.711
13344,13349,8.935
13345,13347,17.968
13346,13342,11.983
13346,13347,26.030
13346,13349,6.832
13347,13344,41.711
13347,13345,17.968
13347,13346,26.030
13348,2929,67.384
13348,10002,35.166
13348,13349,10.013
13349,13344,8.935
13349,13346,6.832
13349,13348,10.013
13350,1748,8.530
13350,13351,7.074
13350,13429,40.890
13351,6550,232.704
13351,13350,7.074
13352,4170,97.010
13353,14177,27.300
13354,2929,49.406
13355,2929,95.806
13355,4168,24.990
13355,13356,49.812
13356,13355,49.812
13357,2928,7.569
13357,14171,50.164
13358,13360,25.089
13359,7929,20.357
13359,13360,22.618
13360,13358,25.089
13360,13359,22.618
13361,4158,104.634
13361,13364,2.706
13362,13363,18.140
13362,13364,59.268
13363,13362,18.140
13364,13361,2.706
13364,13362,59.268
13365,2955,40.464
13366,4182,22.128
13366,13367,3.683
13367,13366,3.683
13367,13368,19.119
13367,13369,42.550
13368,13367,19.119
13368,13369,26.855
13368,13370,26.437
13369,13367,42.550
13369,13368,26.855
13369,13370,90.922
13370,13368,26.437
13370,13369,90.922
13370,13371,21.134
13371,13370,21.134
13372,2956,76.370
13373,7927,12.688
13373,13257,4.752
13373,13374,40.669
13374,2963,4.532
13374,2964,10.679
13374,13373,40.669
13375,13376,32.637
13376,7659,36.164
13376,13375,32.637
13377,13379,5.189
13378,13379,10.080
13379,13377,5.189
13379,13378,10.080
13379,13380,3.575
13380,4174,50.215
13380,7659,23.122
13380,13379,3.575
13381,13382,6.626
13381,13712,37.117
13381,13714,109.255
13382,13381,6.626
13383,13388,20.699
13384,3005,6.908
13384,13385,6.928
13384,13388,6.785
13385,13384,6.928
13385,13386,30.192
13385,13387,6.416
13386,13385,30.192
13387,2961,9.210
13387,3005,11.695
13387,13385,6.416
13388,13383,20.699
13388,13384,6.785
13388,13389,29.392
13389,13388,29.392
13390,13391,45.202
13391,2975,200.856
13391,13390,45.202
13391,13392,23.360
13392,13391,23.360
13393,8938,58.379
13394,8938,3.449
13394,13396,2.891
13395,13396,28.023
13396,8937,63.604
13396,13394,2.891
13396,13395,28.023
13397,13398,24.525
13398,4160,40.101
13398,13397,24.525
13398,13400,21.695
13399,4159,25.521
13400,4159,4.813
13400,13398,21.695
13400,13401,25.132
13401,13400,25.132
13402,4189,50.046
13403,1760,61.748
13403,13404,121.622
13404,13403,121.622
13404,13405,47.052
13405,2164,47.412
13405,4184,33.510
13405,13404,47.052
13406,9135,30.087
13406,13407,12.627
13407,3162,168.696
13407,13406,12.627
13408,2774,73.052
13408,6038,11.649
13409,2774,4.783
13409,2775,126.350
13409,13408,73.063
13410,2949,5.338
13410,6565,214.203
13410,13409,32.105
13411,2948,6.158
13411,2954,51.456
13411,13413,73.583
13412,9828,54.956
13412,13411,79.593
13413,2600,5.074
13413,13410,11.836
13414,2958,15.513
13415,2958,56.910
13416,2954,12.113
13417,4190,51.582
13417,13420,31.323
13417,13421,92.366
13418,4190,24.768
13418,13419,30.221
13418,13423,3.961
13419,13418,30.221
13420,13417,31.323
13421,4190,13.787
13421,13417,92.366
13421,13422,133.827
13422,13421,133.827
13423,4191,12.708
13423,13418,3.961
13423,13424,50.965
13424,13423,50.965
13425,6038,71.930
13426,4157,39.210
13426,13427,21.160
13426,13430,10.618
13427,13430,22.360
13427,13431,17.639
13428,13429,75.209
13429,4187,17.700
13429,13428,75.209
13430,13426,10.618
13430,13434,2.418
13431,13427,17.639
13432,2950,200.218
13432,13433,71.987
13432,13434,184.379
13433,13432,71.987
13434,2950,32.596
13434,13430,2.418
13434,13432,184.379
13435,11329,21.708
13435,11330,30.848
13436,11328,19.113
13436,13435,15.250
13436,13534,14.752
13437,13438,20.295
13437,13439,9.391
13437,13534,10.056
13438,6036,82.360
13438,13437,20.295
13438,13440,8.904
13439,13437,9.391
13439,13440,20.084
13440,13438,8.904
13440,13439,20.084
13441,6036,119.401
13442,4179,58.741
13442,4181,135.257
13442,13446,23.773
13443,4178,27.018
13443,13444,11.052
13443,13446,7.717
13444,13443,11.052
13445,4178,10.872
13445,4179,20.458
13445,13446,35.772
13446,13442,23.773
13446,13443,7.717
13446,13445,35.772
13447,9129,21.642
13447,9231,76.088
13448,1612,9.442
13448,5494,73.365
13448,11066,88.208
13449,8054,6.828
13450,4830,34.745
13450,8054,26.587
13450,13451,7.695
13451,13450,7.695
13452,5805,32.224
13452,13456,17.498
13452,13457,59.390
13453,1697,30.771
13453,13454,55.486
13453,13455,87.328
13454,1697,28.559
13454,13453,55.486
13454,13459,9.764
13455,1697,11.576
13455,13453,87.328
13455,13456,56.485
13456,13452,17.498
13456,13455,56.485
13456,13458,7.215
13457,13452,59.390
13457,13458,29.843
13457,13459,25.011
13458,5806,25.665
13458,13456,7.215
13458,13457,29.843
13459,5806,27.707
13459,13454,9.764
13459,13457,25.011
13460,13461,15.425
13461,6017,15.558
13461,13460,15.425
13461,13462,21.486
13462,13461,21.486
13463,2144,64.941
13463,6029,45.390
13463,13464,9.864
13464,2145,30.590
13464,6029,74.955
13464,13463,9.864
13465,8863,56.756
13466,8862,41.038
13467,8860,11.968
13468,8865,36.171
13468,13469,57.899
13469,8858,80.580
13469,13468,57.899
13470,4898,61.143
13470,13471,53.442
13471,13470,53.442
13472,13473,26.001
13473,9826,45.957
13473,13472,26.001
13473,13475,1.895
13474,13475,22.900
13474,13476,34.588
13475,5487,7.470
13475,13473,1.895
13475,13474,22.900
13476,13474,34.588
13477,13481,65.503
13478,2288,185.451
13478,13477,7.398
13479,4241,114.340
13480,13478,252.986
13481,1024,16.578
13482,4686,9.676
13482,13483,26.672
13483,1745,10.511
13483,5487,55.266
13484,3957,19.473
13485,3954,17.162
13485,13488,26.308
13485,13491,26.915
13486,13487,15.366
13486,13488,29.111
13486,13491,24.760
13487,3949,28.031
13487,9179,7.795
13487,13486,15.366
13488,13485,26.308
13488,13486,29.111
13488,13489,15.348
13489,3950,8.935
13489,13488,15.348
13489,13498,8.934
13490,3957,20.759
13490,3958,29.553
13490,13491,16.012
13490,13506,24.575
13491,13485,26.915
13491,13486,24.760
13491,13490,16.012
13492,13496,10.683
13493,13495,8.572
13494,13495,6.119
13495,13493,8.572
13495,13494,6.119
13495,13496,10.113
13496,3951,15.585
13496,13492,10.683
13496,13495,10.113
13497,3950,17.902
13498,13489,8.934
13498,13499,19.460
13498,13500,17.146
13499,13498,19.460
13500,3949,5.150
13500,13498,17.146
13500,13501,19.904
13501,13500,19.904
13502,3949,11.880
13502,13503,23.909
13502,13508,7.674
13503,13502,23.909
13504,13505,22.351
13504,13508,10.407
13504,13509,19.630
13505,13504,22.351
13506,13490,24.575
13507,9179,19.247
13507,9180,19.768
13507,13508,35.481
13508,13502,7.674
13508,13504,10.407
13508,13507,35.481
13509,9180,23.908
13509,13504,19.630
13509,13510,18.823
13510,13509,18.823
13511,9180,15.142
13512,7804,66.445
13513,7064,36.447
13513,13514,89.356
13513,13515,10.239
13514,13513,89.356
13515,13513,10.239
13515,13516,36.401
13516,7064,9.998
13516,13515,36.401
13517,3003,17.643
13518,3003,46.246
13518,3004,26.707
13519,3002,20.906
13519,3004,3.271
13519,13520,41.822
13520,13519,41.822
13521,13530,49.798
13522,13523,18.265
13522,13612,45.036
13522,13613,9.161
13523,13522,18.265
13523,13524,11.301
13523,13525,17.290
13524,13523,11.301
13524,13526,70.142
13524,13527,17.988
13525,2599,18.442
13525,13523,17.290
13525,13528,6.440
13526,7065,68.198
13526,13524,70.142
13526,13527,52.459
13527,7065,18.053
13527,13524,17.988
13527,13526,52.459
13527,13528,6.372
13528,13525,6.440
13528,13527,6.372
13529,13530,47.978
13530,7066,22.205
13530,13521,49.798
13530,13529,47.978
13531,13532,54.790
13532,7066,60.251
13532,7067,37.927
13532,13531,54.790
13533,7067,54.907
13534,7067,12.308
13534,13436,14.752
13534,13437,10.056
13535,13540,7.606
13536,5402,16.019
13536,13538,44.447
13536,13540,38.970
13537,13539,12.928
13538,4525,2.609
13538,13536,44.447
13538,13539,39.297
13539,13537,12.928
13539,13538,39.297
13539,13540,44.795
13540,13535,7.606
13540,13536,38.970
13540,13539,44.795
13541,5402,45.105
13542,13543,45.105
13543,6606,16.889
13543,13542,45.105
13543,13545,17.323
13544,4250,67.807
13544,6606,83.048
13544,13545,50.613
13545,4250,19.701
13545,13543,17.323
13545,13544,50.613
13546,6608,37.938
13546,6609,16.526
13546,13547,50.699
13547,6610,36.840
13547,6611,17.181
13547,13546,50.699
13548,4988,19.462
13548,13560,16.756
13548,13562,18.848
13549,13551,65.319
13549,13587,11.280
13550,13553,21.357
13550,13554,16.681
13550,13574,16.451
13551,13549,65.319
13551,13570,15.642
13551,13588,25.242
13552,5401,8.689
13552,6607,11.097
13552,13553,14.796
13553,13550,21.357
13553,13552,14.796
13553,13587,21.995
13554,4989,33.922
13554,6607,15.411
13554,13550,16.681
13555,6610,22.259
13555,13556,22.582
13556,4989,27.195
13556,13555,22.582
13557,4989,11.237
13557,13558,23.145
13557,13576,26.201
13558,13557,23.145
13559,4988,19.167
13560,13548,16.756
13561,13562,16.007
13562,13548,18.848
13562,13561,16.007
13562,13564,25.068
13563,13564,16.125
13564,13562,25.068
13564,13563,16.125
13564,13569,11.396
13565,13566,16.511
13566,13565,16.511
13566,13568,24.263
13566,13569,13.567
13567,13568,17.326
13568,13566,24.263
13568,13567,17.326
13568,13586,40.210
13569,13564,11.396
13569,13566,13.567
13569,13589,12.607
13570,13551,15.642
13570,13571,17.106
13570,13572,28.124
13571,13570,17.106
13571,13580,17.781
13571,13582,5.079
13572,13570,28.124
13572,13573,16.156
13572,13574,25.219
13573,13572,16.156
13573,13578,14.338
13573,13580,10.388
13574,13550,16.451
13574,13572,25.219
13574,13575,15.017
13575,13574,15.017
13575,13576,11.922
13575,13578,11.082
13576,13557,26.201
13576,13575,11.922
13576,13577,21.097
13577,13576,21.097
13578,13573,14.338
13578,13575,11.082
13578,13579,21.908
13579,13578,21.908
13580,13571,17.781
13580,13573,10.388
13580,13581,19.350
13581,13580,19.350
13582,13571,5.079
13582,13583,18.780
13582,13584,24.234
13583,13582,18.780
13584,4988,16.305
13584,13582,24.234
13584,13585,17.691
13585,13584,17.691
13586,5401,13.200
13586,13568,40.210
13586,13587,13.609
13587,13549,11.280
13587,13553,21.995
13587,13586,13.609
13588,13551,25.242
13589,13569,12.607
13590,4161,24.479
13590,6777,103.952
13591,6549,39.705
13592,4975,30.273
13592,5396,16.755
13592,13595,18.605
13593,4976,13.720
13593,13594,40.637
13594,6552,54.896
13594,13593,40.637
13595,13592,18.605
13596,5396,32.585
13596,6991,16.589
13596,13599,19.494
13597,13599,27.995
13598,13599,72.888
13599,13596,19.494
13599,13597,27.995
13599,13598,72.888
13600,13601,22.632
13601,13600,22.632
13601,13602,41.990
13601,13603,25.667
13602,13601,41.990
13603,13325,17.723
13603,13601,25.667
13604,13605,43.542
13605,5396,12.241
13605,9177,19.426
13605,13604,43.542
13605,13608,49.662
13606,13607,28.197
13607,5395,33.584
13607,9177,16.944
13607,13606,28.197
13608,13605,49.662
13609,4164,44.872
13610,4164,37.975
13610,4975,54.349
13610,8621,89.035
13611,4975,69.097
13612,7068,18.380
13612,13522,45.036
13612,13614,12.242
13613,13522,9.161
13613,13614,45.534
13614,13612,12.242
13614,13613,45.534
13615,7635,73.522
13615,13616,11.510
13616,7655,30.723
13616,13615,11.510
13617,2404,57.534
13617,7575,259.619
13617,13618,63.078
13618,13617,63.078
13619,13620,16.132
13620,1914,108.220
13620,13619,16.132
13620,13622,15.880
13621,13622,19.806
13622,1893,44.910
13622,13620,15.880
13622,13621,19.806
13623,13625,46.016
13624,13625,19.125
13625,13623,46.016
13625,13624,19.125
13625,13626,20.388
13626,4824,65.593
13626,13625,20.388
13626,13631,40.558
13627,13633,22.600
13628,13629,4.602
13628,13630,13.238
13628,13633,27.259
13629,13628,4.602
13630,13628,13.238
13630,13631,11.154
13631,1915,209.849
13631,13626,40.558
13631,13630,11.154
13632,13633,28.569
13633,13627,22.600
13633,13628,27.259
13633,13632,28.569
13634,2971,67.557
13634,2974,64.644
13635,13636,20.913
13636,9572,23.836
13636,13635,20.913
13637,13638,16.021
13638,9572,49.777
13638,9573,14.784
13638,13637,16.021
13639,2971,75.431
13640,4276,147.448
13641,4618,25.889
13641,4619,13.599
13641,13642,56.877
13642,13641,56.877
13643,4434,63.082
13643,4619,10.625
13643,13645,6.725
13644,4280,15.130
13644,13646,9.385
13644,13649,35.882
13645,13643,6.725
13645,13646,113.466
13645,13647,117.729
13646,13644,9.385
13646,13645,113.466
13646,13647,19.299
13647,13645,117.729
13647,13646,19.299
13648,4619,10.120
13648,7906,25.467
13648,7907,86.320
13649,4278,24.256
13649,13644,35.882
13649,13664,10.867
13650,13653,42.800
13650,13654,17.704
13651,13652,19.813
13651,13669,17.754
13651,13676,13.377
13652,13651,19.813
13652,13653,3.748
13653,13650,42.800
13653,13652,3.748
13654,13650,17.704
13654,13656,20.021
13655,13659,6.063
13655,13661,10.818
13655,13667,5.830
13655,13669,12.009
13656,13654,20.021
13656,13657,18.222
13656,13659,46.092
13657,13656,18.222
13657,13658,15.130
13657,13664,30.230
13658,13657,15.130
13659,13655,6.063
13659,13656,46.092
13659,13660,6.980
13660,13659,6.980
13660,13662,3.824
13661,13655,10.818
13661,13662,6.173
13661,13677,6.188
13661,13680,26.339
13662,13660,3.824
13662,13661,6.173
13662,13679,26.251
13663,13664,12.942
13664,13649,10.867
13664,13657,30.230
13664,13663,12.942
13664,13679,54.400
13665,13668,31.494
13665,13675,42.417
13665,13676,5.293
13666,13670,15.240
13666,13675,45.776
13666,13681,46.501
13666,13683,10.477
13667,13655,5.830
13667,13668,11.837
13667,13672,19.622
13667,13677,10.660
13668,13665,31.494
13668,13667,11.837
13668,13669,5.585
13669,13651,17.754
13669,13655,12.009
13669,13668,5.585
13670,13666,15.240
13670,13671,15.039
13670,13672,8.185
13671,13670,15.039
13672,13667,19.622
13672,13670,8.185
13672,13674,14.276
13673,13674,17.393
13674,13672,14.276
13674,13673,17.393
13675,8570,8.532
13675,13665,42.417
13675,13666,45.776
13676,4279,2.544
13676,13651,13.377
13676,13665,5.293
13677,13661,6.188
13677,13667,10.660
13677,13678,26.546
13678,13677,26.546
13678,13680,6.835
13678,13681,53.049
13679,13662,26.251
13679,13664,54.400
13679,13680,6.049
13680,4280,20.074
13680,13661,26.339
13680,13678,6.835
13680,13679,6.049
13681,4434,9.110
13681,13666,46.501
13681,13678,53.049
13682,4434,10.705
13682,7905,47.649
13682,13685,9.069
13683,13666,10.477
13683,13684,52.938
13683,13685,45.938
13683,13693,126.088
13684,13683,52.938
13684,13686,15.834
13684,13693,28.942
13685,13682,9.069
13685,13683,45.938
13685,13690,73.229
13686,13684,15.834
13686,13687,22.036
13686,13690,8.985
13687,13686,22.036
13688,4281,33.875
13688,13690,6.205
13688,13691,53.334
13689,13690,17.687
13690,13685,73.229
13690,13686,8.985
13690,13688,6.205
13690,13689,17.687
13691,8569,26.131
13691,13688,53.334
13691,13693,6.148
13692,13693,28.100
13693,13683,126.088
13693,13684,28.942
13693,13691,6.148
13693,13692,28.100
13694,6197,12.723
13694,13695,138.394
13695,13694,138.394
13695,13696,19.835
13696,6197,3.943
13696,13695,19.835
13697,3763,30.542
13698,13699,51.596
13699,9571,61.794
13699,13698,51.596
13699,13700,18.164
13700,4823,178.823
13700,13699,18.164
13701,1881,6.559
13702,9792,15.052
13703,12296,14.792
13704,13705,28.970
13705,2957,10.819
13705,3002,53.752
13705,13704,28.970
13706,13707,77.513
13707,7547,10.976
13707,13706,77.513
13708,13709,24.840
13709,13290,38.401
13709,13708,24.840
13710,13713,17.354
13711,13713,16.036
13712,2961,48.949
13712,13381,37.117
13712,13713,3.352
13713,13710,17.354
13713,13711,16.036
13713,13712,3.352
13714,13381,109.255
13715,1357,10.000
13715,7674,5.229
13715,13137,43.337
13716,1018,79.296
13716,3705,70.949
13716,6844,85.266
13717,13087,37.169
13718,3506,181.622
13718,13087,21.768
13718,13719,33.176
13719,13718,33.176
13720,4607,5.092
13720,13724,12.530
13721,4951,4.999
13721,13723,40.016
13722,4947,75.420
13722,13721,8.263
13723,13720,12.174
13723,13724,4.406
13724,4951,41.215
13724,13723,4.406
13725,13726,35.096
13726,780,79.819
13726,13725,35.096
13727,13728,32.987
13728,13726,4.753
13728,13727,32.987
13729,13730,33.682
13730,773,16.093
13730,9521,70.006
13730,13729,33.682
13731,13732,93.313
13731,13734,9.132
13732,13731,93.313
13732,13733,13.150
13732,13734,23.819
13733,2048,25.137
13734,13731,9.132
13734,13732,23.819
13735,2043,48.790
13735,8539,37.807
13735,13736,13.895
13736,2089,86.687
13736,5944,6.193
13736,13735,13.895
13737,3603,15.117
13737,5944,106.236
13738,13739,47.154
13739,298,13.852
13739,13738,47.154
13739,13740,6.581
13740,12161,18.069
13740,13739,6.581
13741,325,55.221
13741,7710,5.944
13742,13741,42.411
13742,13744,5.263
13743,7034,138.439
13744,7711,18.065
13744,13742,5.263
13745,7462,40.724
13745,13746,23.224
13746,7462,19.953
13746,13745,23.224
13747,2017,26.438
13747,7463,28.999
13747,13748,20.589
13748,7463,33.047
13748,13747,20.589
13749,5747,72.655
13749,13750,29.917
13749,13751,6.236
13750,13751,30.017
13750,13752,33.289
13751,11304,8.563
13751,13749,6.236
13752,13750,33.289
13753,13756,26.736
13754,6521,16.641
13754,8162,7.383
13754,13756,14.413
13755,6521,16.306
13755,6522,28.666
13755,13756,16.885
13756,13753,26.736
13756,13754,14.413
13756,13755,16.885
13757,8377,35.573
13757,8378,9.701
13758,8378,47.371
13758,13759,25.897
13759,13758,25.897
13760,13841,64.097
13761,8376,6.280
13761,13763,6.735
13761,13841,7.235
13762,8376,6.587
13762,13763,6.099
13763,721,15.623
13763,13761,6.735
13764,3757,89.946
13765,10565,6.733
13765,13766,87.216
13766,13765,87.216
13767,13768,35.854
13768,273,92.210
13768,292,22.520
13768,13767,35.854
13769,2669,43.528
13769,9021,33.241
13769,13770,32.963
13770,13769,32.963
13771,13772,8.783
13772,13771,8.783
13772,13773,47.413
13772,13774,15.983
13773,13772,47.413
13774,566,11.467
13774,13772,15.983
13775,13776,20.271
13776,13775,20.271
13776,13778,15.782
13777,3827,27.442
13777,7733,43.757
13777,13778,3.936
13778,13776,15.782
13778,13777,3.936
13779,564,83.449
13779,13780,29.905
13780,13779,29.905
13781,13782,42.827
13782,656,5.053
13782,4486,73.539
13782,13781,42.827
13783,510,24.601
13783,13786,7.965
13784,6455,83.563
13784,13783,6.907
13785,13784,7.684
13785,13788,34.757
13786,514,95.180
13786,13785,7.698
13787,13784,33.451
13787,13788,6.476
13788,7764,34.784
13788,13787,6.476
13789,515,7.453
13789,6441,133.207
13790,3170,13.910
13790,6460,8.451
13791,2241,28.342
13791,7763,9.019
13792,2147,69.645
13792,8369,7.796
13793,8373,8.610
13793,13794,26.164
13794,8372,9.014
13794,9346,38.468
13795,5991,32.326
13795,13796,10.470
13796,9120,94.723
13796,13795,10.470
13797,2051,27.868
13797,5943,144.907
13797,13819,6.059
13798,325,4.940
13798,7710,56.474
13799,7706,55.797
13799,13800,6.668
13800,13798,42.575
13800,13799,6.668
13801,7707,56.215
13801,13802,8.218
13802,12168,58.043
13802,13801,8.218
13803,7707,7.885
13803,13802,55.863
13804,349,15.776
13804,13805,7.909
13805,13803,114.659
13805,13804,7.909
13806,7742,44.006
13806,13807,7.083
13807,509,50.891
13807,13806,7.083
13808,13809,9.424
13808,13810,34.825
13809,7749,12.496
13809,13808,9.424
13810,575,26.304
13810,13811,9.281
13811,13809,34.230
13811,13810,9.281
13812,654,51.483
13812,13813,6.828
13813,7747,54.382
13813,13812,6.828
13814,3757,17.396
13814,13815,8.970
13815,4738,34.718
13815,13814,8.970
13816,3757,10.179
13816,13815,18.018
13817,5014,29.916
13817,13818,6.640
13818,594,27.221
13818,13817,6.640
13819,5098,74.497
13819,13797,6.059
13820,13821,21.041
13821,376,102.270
13821,408,65.694
13821,13820,21.041
13822,3760,85.119
13823,3727,31.275
13823,12100,45.852
13823,13824,37.254
13824,3727,6.496
13824,13823,37.254
13825,6461,31.863
13825,13826,7.519
13826,7733,41.582
13826,13825,7.519
13827,9517,20.854
13827,13828,6.572
13828,7732,30.534
13828,13827,6.572
13829,8067,21.429
13829,13834,22.452
13830,474,225.029
13830,13833,32.945
13831,3824,46.157
13831,4365,27.897
13832,13912,22.652
13832,14644,67.877
13833,13832,22.147
13833,13912,8.181
13834,4365,7.691
13834,13831,27.294
13835,721,118.626
13836,13837,24.245
13837,3613,31.602
13837,13836,24.245
13837,13838,10.344
13838,13837,10.344
13839,9505,35.063
13839,13840,7.223
13839,15488,110.995
13840,6888,9.928
13840,7307,33.237
13841,13760,64.097
13841,13761,7.235
13841,13842,44.288
13842,7721,25.955
13842,13841,44.288
13842,13856,8.990
13843,13844,30.258
13844,2156,23.023
13844,13843,30.258
13845,2161,13.030
13845,9541,12.991
13846,501,6.442
13846,6454,62.502
13846,13847,56.125
13847,479,5.263
13847,6453,94.485
13847,8724,56.984
13848,519,5.132
13848,13846,48.802
13849,758,51.881
13849,2240,21.899
13850,13854,86.449
13851,13852,16.342
13851,13853,15.233
13851,13854,17.033
13852,13851,16.342
13853,7995,16.568
13853,13851,15.233
13853,13854,12.502
13854,13850,86.449
13854,13851,17.033
13854,13853,12.502
13855,7997,24.653
13856,705,21.924
13856,13842,8.990
13857,13858,40.345
13858,13857,40.345
13858,13859,45.223
13859,2423,47.670
13859,13858,45.223
13859,13979,80.285
13860,13861,5.569
13861,13860,5.569
13861,13862,36.494
13862,8522,6.573
13862,13861,36.494
13863,2051,23.453
13864,12123,22.515
13865,12126,6.973
13866,8368,7.229
13866,13867,27.482
13867,13866,27.482
13867,13868,5.609
13868,861,60.701
13868,8368,27.228
13868,13867,5.609
13869,683,115.165
13869,718,110.426
13870,13872,21.635
13871,8369,51.681
13871,13872,25.237
13872,13870,21.635
13872,13871,25.237
13872,13873,53.083
13873,2149,34.051
13873,7723,31.323
13873,13872,53.083
13874,13875,11.844
13875,13874,11.844
13875,13877,19.282
13875,13882,4.133
13876,13877,12.133
13877,13875,19.282
13877,13876,12.133
13877,13885,4.965
13878,856,84.894
13878,13879,9.941
13878,13880,9.415
13878,13886,27.161
13879,13878,9.941
13880,861,33.436
13880,13878,9.415
13880,13881,5.659
13881,13880,5.659
13881,13883,60.748
13881,13884,24.910
13882,2060,23.415
13882,13875,4.133
13882,13883,8.178
13883,13881,60.748
13883,13882,8.178
13883,13884,28.113
13884,13881,24.910
13884,13883,28.113
13884,13885,10.892
13885,861,10.371
13885,13877,4.965
13885,13884,10.892
13886,13878,27.161
13887,13890,56.742
13888,8365,43.411
13889,13890,29.687
13890,13887,56.742
13890,13889,29.687
13890,14128,37.556
13891,3618,19.324
13892,13893,74.478
13893,3618,87.232
13893,3621,24.196
13893,13892,74.478
13894,8417,35.949
13895,8407,24.746
13895,13896,63.215
13895,13897,28.803
13896,13895,63.215
13896,13897,35.670
13897,13895,28.803
13897,13896,35.670
13898,2384,67.708
13898,13900,19.646
13898,13902,68.943
13899,2383,42.256
13899,13901,66.392
13899,13902,33.006
13900,13898,19.646
13901,13899,66.392
13902,13898,68.943
13902,13899,33.006
13903,2055,57.006
13903,8239,9.629
13903,13905,8.781
13904,2055,12.834
13904,13905,56.958
13905,13904,56.958
13906,8239,7.268
13907,8239,13.289
13907,13909,14.386
13908,8236,7.067
13908,13909,11.594
13908,13911,23.038
13909,13907,14.386
13909,13908,11.594
13910,13911,61.942
13911,920,100.343
13911,13908,23.038
13911,13910,61.942
13912,13829,23.369
13912,13834,7.524
13913,4731,69.307
13913,4732,11.159
13914,13915,6.582
13915,4732,68.370
13915,13914,6.582
13915,13916,43.370
13916,13915,43.370
13917,4732,145.900
13918,8148,12.861
13919,8148,60.315
13919,13920,5.679
13919,13922,59.133
13920,8146,50.078
13920,13919,5.679
13921,13922,17.751
13921,13923,27.251
13921,13926,34.313
13922,8147,10.899
13922,13919,59.133
13922,13921,17.751
13923,13921,27.251
13924,13925,11.372
13925,13924,11.372
13925,13926,8.711
13926,13921,34.313
13926,13925,8.711
13927,13928,97.450
13928,3628,29.399
13928,3629,18.757
13928,13927,97.450
13929,3630,51.706
13929,13930,6.375
13929,13932,31.498
13930,13929,6.375
13931,13932,4.456
13932,13929,31.498
13932,13931,4.456
13932,13933,4.681
13933,13932,4.681
13934,4521,27.264
13935,13936,8.563
13936,9765,7.520
13936,13935,8.563
13936,13937,7.202
13937,2067,58.908
13937,13936,7.202
13938,2068,143.638
13938,13939,44.710
13939,13938,44.710
13940,13941,17.525
13940,13942,10.030
13940,14133,33.233
13941,13938,20.934
13941,13940,17.525
13942,13940,10.030
13943,13946,28.881
13944,13947,22.044
13945,13946,23.592
13946,13943,28.881
13946,13945,23.592
13946,13947,18.054
13947,8122,100.969
13947,13944,22.044
13947,13946,18.054
13948,13949,48.888
13949,13948,48.888
13949,13950,12.361
13949,13951,7.936
13950,13949,12.361
13951,7211,11.341
13951,13949,7.936
13951,13953,17.169
13952,13953,8.694
13953,1001,103.284
13953,13951,17.169
13953,13952,8.694
13954,4956,75.223
13954,13955,8.348
13954,13964,15.253
13955,13954,8.348
13955,13957,31.093
13955,13960,61.289
13956,13957,8.969
13956,13964,15.973
13956,13967,17.537
13957,13955,31.093
13957,13956,8.969
13957,13958,27.029
13957,14132,22.476
13958,13957,27.029
13958,13959,13.935
13958,13960,14.936
13959,13958,13.935
13959,13960,9.575
13959,14132,63.869
13960,13955,61.289
13960,13958,14.936
13960,13959,9.575
13961,13965,57.485
13962,13973,28.591
13962,13974,10.085
13963,13965,27.113
13964,13954,15.253
13964,13956,15.973
13964,13965,11.118
13965,13961,57.485
13965,13963,27.113
13965,13964,11.118
13965,13968,33.202
13966,13968,36.542
13967,13956,17.537
13967,13968,10.748
13967,14131,4.570
13968,13965,33.202
13968,13966,36.542
13968,13967,10.748
13968,13971,32.202
13969,13971,29.012
13970,13971,10.498
13970,13972,33.510
13970,14131,27.460
13971,13968,32.202
13971,13969,29.012
13971,13970,10.498
13971,13973,33.311
13972,13970,33.510
13972,13973,10.108
13972,13974,28.483
13973,13962,28.591
13973,13971,33.311
13973,13972,10.108
13974,2297,4.787
13974,13962,10.085
13974,13972,28.483
13975,13977,22.470
13976,13977,6.989
13976,13985,13.100
13977,13975,22.470
13977,13976,6.989
13977,13978,18.838
13978,2421,10.166
13978,13977,18.838
13978,13979,21.553
13979,2421,26.646
13979,13859,80.285
13979,13978,21.553
13980,13981,13.383
13981,13989,143.174
13981,13991,3.459
13982,13984,13.263
13982,13985,14.089
13982,13986,28.530
13983,13980,8.650
13983,13984,21.611
13984,13982,13.263
13984,13983,21.611
13984,13990,75.988
13985,2421,12.025
13985,13982,14.089
13986,13982,28.530
13986,13987,14.406
13986,13989,2.917
13987,13976,14.583
13987,13986,14.406
13988,13989,94.211
13989,13981,143.174
13989,13986,2.917
13989,13988,94.211
13990,13984,75.988
13990,13991,56.425
13990,13992,14.089
13991,13983,36.086
13991,13990,56.425
13992,13990,14.089
13992,14379,30.168
13993,13995,6.034
13994,883,9.441
13994,13995,8.878
13994,13998,39.300
13995,13993,6.034
13995,13994,8.878
13996,13999,7.968
13997,13999,8.513
13998,877,59.653
13998,13994,39.300
13998,13999,12.991
13999,13996,7.968
13999,13997,8.513
13999,13998,12.991
14000,959,44.250
14000,14001,41.610
14000,15501,67.175
14001,14000,41.610
14002,4736,96.864
14002,4948,67.466
14002,8390,10.276
14003,14005,46.962
14003,14006,29.900
14003,14009,18.336
14004,14005,39.088
14005,14003,46.962
14005,14004,39.088
14005,14009,35.605
14006,877,30.560
14006,14003,29.900
14006,14008,35.523
14007,14008,19.591
14008,14006,35.523
14008,14007,19.591
14008,14009,9.788
14009,14003,18.336
14009,14005,35.605
14009,14008,9.788
14010,15499,43.157
14011,14012,23.836
14011,14014,5.523
14012,8127,77.111
14012,14011,23.836
14013,8128,27.769
14013,14014,18.803
14014,14011,5.523
14014,14013,18.803
14015,7337,11.924
14015,14017,20.672
14016,7337,73.693
14016,14017,18.743
14016,14018,25.786
14017,14015,20.672
14017,14016,18.743
14018,14016,25.786
14019,385,70.352
14019,7393,161.433
14020,14021,21.110
14021,7394,7.951
14022,14023,34.740
14023,395,48.031
14023,14022,34.740
14024,8117,6.673
14024,9038,112.355
14025,4201,66.584
14025,8122,12.244
14026,947,33.920
14026,958,23.949
14026,14027,36.820
14027,958,26.657
14027,2432,81.188
14028,929,12.989
14028,14029,8.881
14029,2797,60.729
14029,14028,8.881
14030,7891,39.847
14030,12200,6.000
14031,1014,87.611
14031,6524,108.530
14032,7161,135.804
14032,14099,32.532
14033,14037,23.631
14034,923,12.354
14034,8151,71.990
14034,14035,31.469
14035,14034,31.469
14035,14036,25.526
14036,14035,25.526
14036,14037,9.706
14037,14033,23.631
14037,14036,9.706
14037,14038,41.762
14038,7451,63.088
14038,7452,23.915
14038,14037,41.762
14039,14040,89.633
14040,933,97.767
14040,9487,51.487
14040,14039,89.633
14041,14042,9.093
14042,5883,147.931
14042,14041,9.093
14042,14044,23.623
14043,14044,9.034
14044,8144,5.513
14044,14042,23.623
14044,14043,9.034
14045,14046,20.679
14046,871,29.730
14046,877,46.425
14046,14045,20.679
14047,6449,14.282
14047,13848,41.263
14048,14049,50.827
14049,976,166.060
14049,14048,50.827
14050,14068,58.251
14051,14053,6.005
14052,14053,54.695
14053,917,55.551
14053,14051,6.005
14053,14052,54.695
14054,6435,47.046
14055,14056,18.960
14056,910,22.946
14056,6435,24.881
14056,14055,18.960
14057,14058,17.256
14058,6435,24.566
14058,9815,14.546
14058,14057,17.256
14059,8156,69.739
14059,14062,69.574
14060,2430,78.233
14061,2431,7.151
14061,8155,11.673
14061,8156,41.492
14062,9815,54.661
14062,14059,69.574
14063,910,21.282
14064,14065,63.581
14064,14066,16.070
14065,14064,63.581
14065,14066,66.728
14065,14067,26.052
14066,2058,14.378
14066,14065,66.728
14067,14065,26.052
14068,2393,38.592
14068,2394,9.359
14068,14050,58.251
14069,14070,16.297
14069,14077,43.633
14070,14071,11.216
14070,14076,13.689
14071,14074,1.449
14072,14076,36.375
14073,14075,27.536
14074,2077,3.743
14074,14075,11.394
14075,14073,27.536
14075,14074,11.394
14075,14076,18.935
14076,14070,13.689
14076,14072,36.375
14076,14075,18.935
14077,14069,43.633
14078,8550,190.163
14079,1173,98.608
14079,1182,6.473
14079,14081,9.787
14080,14081,100.167
14080,14130,10.249
14081,14079,9.787
14081,14080,100.167
14082,14084,26.225
14082,14085,8.203
14083,14085,28.919
14084,2216,219.974
14084,14086,10.004
14085,14082,8.203
14085,14083,28.919
14085,14086,26.579
14086,14084,10.004
14086,14085,26.579
14086,14087,31.197
14087,14086,31.197
14088,7911,29.968
14089,14090,33.782
14090,5870,50.210
14090,6893,20.313
14090,14089,33.782
14091,14094,38.141
14092,4550,46.856
14092,14094,16.680
14092,14784,8.423
14093,9823,32.045
14094,14091,38.141
14094,14092,16.680
14095,7444,24.930
14095,7912,33.768
14095,14096,63.746
14096,14095,63.746
14096,14097,34.419
14097,14096,34.419
14098,7444,47.193
14099,1050,45.346
14099,14032,32.532
14100,3450,176.645
14101,14102,21.970
14102,3450,4.093
14102,3454,55.825
14102,14101,21.970
14103,14104,7.795
14104,14103,7.795
14104,14106,18.526
14105,14106,8.134
14106,1171,1.686
14106,14105,8.134
14107,12345,88.656
14107,14108,25.164
14107,14109,25.769
14108,12342,30.347
14108,12344,78.306
14108,14107,25.164
14109,8436,29.906
14109,12346,102.392
14109,14107,25.769
14110,12339,42.922
14110,12340,3.277
14111,14113,32.009
14112,14115,32.033
14113,14111,32.009
14113,14114,19.096
14113,14115,17.685
14114,14113,19.096
14114,14116,18.542
14115,14112,32.033
14115,14113,17.685
14115,14116,20.348
14116,4431,197.599
14116,14115,20.348
14117,1231,32.489
14117,1260,304.979
14117,14118,58.248
14118,14117,58.248
14119,14120,24.105
14120,9172,9.054
14120,14119,24.105
14120,14122,28.316
14121,14122,27.396
14122,9173,46.424
14122,14120,28.316
14122,14121,27.396
14123,9166,31.626
14124,9166,1.524
14125,8366,20.042
14126,4800,7.589
14126,14127,8.599
14126,14941,72.284
14127,14126,8.599
14128,9812,9.033
14128,13890,37.556
14128,14129,53.905
14129,14128,53.905
14130,1181,69.673
14130,9584,9.815
14130,14080,10.249
14131,13967,4.570
14131,13970,27.460
14131,14132,9.364
14132,13957,22.476
14132,13959,63.869
14132,14131,9.364
14133,13940,33.233
14134,4517,34.358
14134,6651,32.988
14134,14137,10.708
14135,14137,16.283
14136,14137,29.807
14137,14134,10.708
14137,14135,16.283
14137,14136,29.807
14138,6060,97.366
14138,14139,37.513
14139,14138,37.513
14140,5848,104.704
14141,14140,233.171
14142,2438,102.774
14142,14141,67.384
14143,3297,29.504
14144,3302,24.662
14145,3295,39.126
14145,3299,5.803
14145,14146,30.729
14146,3298,40.581
14146,14145,30.729
14146,14148,6.680
14147,3299,0.738
14147,3302,38.648
14147,14148,30.784
14148,3296,37.214
14148,14146,6.680
14148,14147,30.784
14149,3293,20.992
14149,9932,36.632
14149,14150,35.448
14150,3295,52.896
14150,14149,35.448
14150,14151,32.981
14151,3298,53.605
14151,3303,23.760
14151,14150,32.981
14152,1762,9.013
14152,14154,125.205
14153,3304,8.385
14153,5495,37.458
14154,4193,8.509
14154,6153,276.973
14155,1768,73.127
14155,14156,12.336
14156,5652,48.465
14156,14155,12.336
14157,2975,39.521
14157,14158,5.672
14158,4275,50.984
14158,14157,5.672
14159,8806,19.991
14160,12609,84.649
14161,4163,38.309
14161,14162,69.431
14161,14163,30.410
14162,13323,31.807
14162,14161,69.431
14163,8280,3.858
14163,14161,30.410
14163,14164,68.541
14164,14162,30.445
14164,14163,68.541
14165,9893,61.017
14165,9894,26.387
14165,9895,26.279
14166,5009,49.564
14166,9885,7.545
14166,14168,41.522
14167,5008,48.259
14167,8898,69.415
14167,14168,15.258
14168,14166,41.522
14168,14167,15.258
14169,13337,35.750
14169,13340,5.184
14169,14170,2.677
14170,13341,2.423
14170,14169,2.677
14171,13357,50.164
14171,14172,5.950
14172,2922,125.948
14172,2932,134.869
14172,14171,5.950
14173,14174,38.627
14174,2778,42.031
14174,13311,4.732
14174,14173,38.627
14175,1690,40.499
14175,14176,9.055
14176,6510,73.094
14176,14175,9.055
14177,13353,27.300
14178,1142,104.605
14178,2687,11.406
14179,2094,186.175
14180,6975,8.257
14180,14179,7.519
14181,14182,33.110
14181,14356,76.125
14182,1259,10.614
14182,14185,48.863
14183,14181,27.668
14183,14182,12.081
14184,9802,39.564
14184,14183,11.128
14185,4142,69.925
14185,14186,7.890
14186,1259,46.119
14186,14185,7.890
14187,14188,32.065
14188,14187,32.065
14188,14198,15.656
14189,2693,223.142
14189,14190,12.809
14190,14189,12.809
14190,14195,23.595
14190,14204,14.973
14190,14205,30.702
14191,14189,62.201
14191,14193,10.058
14192,14193,46.071
14193,14191,10.058
14193,14192,46.071
14193,14195,40.225
14193,14196,118.986
14194,14195,18.335
14195,14190,23.595
14195,14193,40.225
14195,14194,18.335
14196,14193,118.986
14197,14205,35.985
14198,14188,15.656
14198,14204,0.623
14199,1189,29.901
14199,8828,115.180
14199,9797,9.422
14200,14202,6.712
14200,14210,2.636
14200,14212,11.967
14201,14203,6.475
14201,14212,7.605
14201,14216,12.726
14202,14200,6.712
14202,14203,19.539
14203,14201,6.475
14203,14202,19.539
14204,14190,14.973
14204,14198,0.623
14204,14205,44.903
14205,14190,30.702
14205,14197,35.985
14205,14204,44.903
14206,7281,25.904
14206,14207,22.508
14207,7282,20.299
14207,14206,22.508
14208,9795,5.818
14208,14210,38.572
14208,14211,38.904
14209,14210,7.234
14209,14211,5.121
14210,14200,2.636
14210,14208,38.572
14210,14209,7.234
14211,14208,38.904
14211,14209,5.121
14212,14200,11.967
14212,14201,7.605
14212,14213,4.482
14213,9588,22.346
14213,14212,4.482
14214,1198,30.543
14214,8540,34.121
14214,14215,75.854
14215,14214,75.854
14216,9587,2.575
14216,14201,12.726
14216,14218,9.158
14217,2077,10.782
14217,9587,22.480
14217,14219,7.399
14218,14216,9.158
14218,14219,25.113
14219,14217,7.399
14219,14218,25.113
14220,3469,63.320
14221,6797,34.118
14222,14223,18.679
14223,6796,13.025
14223,14222,18.679
14224,6796,64.514
14224,6797,27.575
14224,14225,29.919
14224,14231,11.452
14225,14224,29.919
14226,14227,9.928
14227,14226,9.928
14227,14229,81.620
14227,14231,7.569
14228,14229,28.100
14229,14227,81.620
14229,14228,28.100
14229,14230,14.217
14230,8550,22.243
14230,14229,14.217
14231,14224,11.452
14231,14227,7.569
14231,14232,54.764
14232,14231,54.764
14233,14234,10.846
14233,14239,36.339
14234,14233,10.846
14234,14235,13.933
14234,14240,70.087
14235,14234,13.933
14236,14237,14.223
14237,14236,14.223
14237,14239,14.411
14237,14240,35.390
14238,1165,143.644
14238,14240,7.421
14239,4137,2.156
14239,14237,14.411
14240,14234,70.087
14240,14237,35.390
14240,14238,7.421
14241,5306,11.819
14242,7901,14.827
14242,14241,54.988
14243,14244,99.369
14243,14247,115.699
14244,14243,99.369
14245,3514,98.833
14245,3515,40.947
14245,14246,46.586
14245,14247,5.182
14246,3515,85.294
14246,7900,2.545
14246,14245,46.586
14247,7901,46.669
14247,14243,115.699
14247,14245,5.182
14248,14241,11.773
14248,14242,55.233
14249,2090,15.516
14249,14250,114.030
14249,14265,33.941
14250,1254,11.970
14250,14249,114.030
14250,14268,23.056
14251,14252,39.243
14252,1154,141.598
14252,2133,126.242
14252,14251,39.243
14253,10645,46.397
14253,14256,10.708
14254,8836,207.841
14254,14255,21.545
14255,9253,38.948
14255,14254,21.545
14256,14253,10.708
14257,14253,15.360
14257,14258,31.348
14257,14817,102.374
14258,14257,31.348
14259,14260,43.354
14260,14259,43.354
14261,2117,26.504
14261,14262,21.257
14262,14261,21.257
14263,14264,38.197
14264,14263,38.197
14265,1246,157.970
14265,14249,33.941
14265,14266,46.541
14266,14265,46.541
14267,14268,37.692
14268,8627,47.648
14268,14250,23.056
14268,14267,37.692
14269,1854,10.729
14269,7274,20.308
14269,14270,43.058
14270,14269,43.058
14270,14271,10.083
14271,14270,10.083
14272,14273,97.880
14272,14275,18.629
14273,14272,16.865
14274,14275,22.242
14275,1237,220.790
14275,14274,22.242
14276,14277,55.914
14276,14278,58.544
14276,14279,75.027
14277,9681,46.043
14277,14276,55.914
14278,9681,47.401
14278,14276,58.544
14279,14276,75.027
14279,14277,30.340
14280,1260,24.427
14280,14281,12.189
14280,14282,303.746
14281,14280,12.189
14281,14334,86.206
14282,1291,114.822
14282,14280,303.746
14282,14283,18.332
14283,14282,18.332
14283,14284,21.873
14283,14332,49.247
14285,14281,15.023
14286,1257,37.501
14286,3498,201.808
14286,14287,34.128
14287,14286,34.128
14287,14288,16.777
14287,14289,12.304
14288,14287,16.777
14289,14287,12.304
14290,1216,80.554
14290,14291,16.620
14291,14290,16.620
14292,14293,41.336
14293,14292,41.336
14293,14294,42.617
14293,14296,89.012
14294,3482,23.935
14294,3486,5.013
14294,14293,42.617
14295,14296,38.666
14296,3503,98.144
14296,14293,89.012
14296,14295,38.666
14297,6743,46.939
14297,7912,52.201
14297,14298,32.817
14298,14297,32.817
14299,14301,5.709
14299,14303,8.023
14300,14306,9.705
14301,3484,105.164
14301,14299,5.709
14301,14300,159.994
14302,14303,91.358
14303,14299,8.023
14303,14302,91.358
14303,14304,36.316
14304,14303,36.316
14305,14300,9.983
14305,14309,118.713
14306,14307,12.273
14307,14306,325.650
14307,14308,8.126
14308,14305,8.205
14309,14299,27.862
14309,14310,25.347
14310,14309,25.347
14311,1267,19.036
14311,1270,58.089
14311,14312,17.768
14312,1267,17.303
14312,14311,17.768
14312,14313,144.256
14313,14312,144.256
14314,2099,105.774
14314,14315,53.366
14315,14314,53.366
14316,1316,41.730
14316,14320,88.070
14317,1334,275.998
14317,14318,45.590
14318,1306,52.835
14318,14317,45.590
14318,14319,19.539
14319,1316,87.623
14319,14320,45.020
14320,14317,18.249
14320,14319,45.020
14321,2700,187.530
14322,7081,15.285
14322,7082,28.191
14323,13234,50.807
14324,13233,54.467
14325,5782,26.541
14325,14326,50.914
14325,14327,89.354
14326,14325,50.914
14327,13229,22.118
14327,13231,61.036
14327,14325,89.354
14328,13231,60.529
14330,2606,118.662
14331,14333,20.564
14331,14336,10.171
14332,14283,49.247
14332,14334,24.574
14332,14336,44.484
14333,1264,131.936
14333,14335,12.347
14334,14281,86.206
14334,14332,24.574
14334,14335,45.562
14335,14333,12.347
14335,14334,45.562
14335,14336,21.018
14336,14331,10.171
14336,14332,44.484
14336,14335,21.018
14337,3485,46.034
14337,3488,9.767
14338,14339,23.012
14339,4144,59.790
14339,14338,148.349
14340,14341,24.573
14340,14343,21.665
14341,4149,191.619
14341,14342,21.503
14342,14341,21.503
14342,14343,24.390
14343,14340,21.665
14343,14342,24.390
14344,14349,24.027
14344,14352,118.611
14345,9800,182.567
14345,14346,8.582
14346,14351,23.466
14347,9397,152.514
14347,14350,34.999
14348,14344,24.903
14348,14349,8.729
14349,14347,28.992
14349,14350,10.140
14350,14345,32.244
14350,14351,8.353
14351,14348,9.439
14352,7208,243.790
14352,14344,118.611
14352,14353,5.584
14353,14352,5.584
14354,14355,18.968
14354,14839,2.606
14355,3559,7.329
14355,14354,18.968
14356,1242,7.736
14356,14181,76.125
14356,14359,12.138
14357,1242,24.581
14357,14358,15.225
14357,14360,14.140
14358,14357,15.225
14358,14359,30.035
14359,14356,12.138
14359,14358,30.035
14360,9315,1.972
14360,14357,14.140
14360,14363,14.975
14361,1234,13.124
14361,9315,37.564
14361,14362,19.908
14362,14361,19.908
14362,14363,36.565
14363,14360,14.975
14363,14362,36.565
14364,9320,13.673
14364,14373,2.449
14365,14364,19.096
14366,14367,57.039
14366,14368,14.233
14366,14369,8.245
14367,14366,57.039
14367,14370,39.510
14367,14373,84.834
14368,14366,14.233
14369,14366,8.245
14369,14370,28.320
14370,14367,39.510
14370,14369,28.320
14370,14371,30.931
14371,14370,30.931
14371,14372,48.363
14371,14374,39.996
14372,14371,48.363
14372,14374,60.841
14372,14375,20.397
14373,14364,2.449
14373,14367,84.834
14373,14374,13.563
14374,14371,39.996
14374,14372,60.841
14374,14373,13.563
14375,14372,20.397
14376,1330,5.116
14376,7081,27.026
14376,14377,161.855
14377,1330,15.902
14377,1365,73.061
14377,14376,161.855
14378,5683,52.184
14378,5684,63.320
14379,2424,76.849
14379,13992,30.168
14380,1191,5.672
14380,5185,61.683
14381,9771,50.541
14382,2033,28.401
14383,4400,10.717
14383,14384,111.503
14384,6006,14.493
14384,7850,112.366
14385,4388,91.699
14385,4391,8.487
14385,4394,47.345
14386,4395,14.243
14386,5769,52.205
14386,14387,37.178
14387,4398,26.095
14387,14386,37.178
14387,14388,110.741
14388,4405,31.730
14388,5925,85.294
14388,14387,110.741
14389,14391,28.934
14390,14391,88.513
14391,5925,99.597
14391,14389,28.934
14391,14390,88.513
14392,14393,8.416
14393,4420,14.348
14393,4421,173.502
14394,5769,42.836
14395,14396,17.072
14395,14397,18.726
14396,4411,525.576
14396,14395,17.072
14397,14398,17.446
14397,14399,174.426
14398,14396,19.351
14398,14397,17.446
14399,4427,50.574
14399,14400,17.394
14400,14398,173.840
14400,14399,17.394
14401,14402,30.413
14402,3961,73.527
14402,4227,101.585
14402,14401,30.413
14403,14405,17.164
14404,3961,46.751
14404,14406,18.352
14404,15571,78.464
14405,14403,17.164
14405,14406,18.912
14406,14404,18.352
14406,14405,18.912
14407,6168,1345.048
14407,14411,17.039
14408,14407,8.123
14409,3069,18.033
14410,6069,24.188
14411,14410,16.959
14412,14413,15.641
14413,14409,24.194
14414,14415,59.937
14415,3966,77.110
14415,4857,64.028
14415,14414,59.937
14416,3929,41.256
14416,14417,12.509
14417,4425,16.457
14417,14416,12.509
14418,14419,12.508
14418,14420,9.897
14419,5758,66.722
14419,14418,12.508
14420,4970,59.160
14420,14421,12.416
14421,14419,10.454
14421,14420,12.416
14422,876,122.207
14422,921,118.103
14422,14423,15.345
14423,14422,15.345
14424,6907,13.567
14424,7845,96.812
14425,217,108.520
14425,14426,31.563
14426,14425,31.563
14427,7623,6.235
14428,14430,17.906
14429,4130,26.237
14429,14430,4.948
14430,14428,17.906
14430,14429,4.948
14430,14431,14.814
14431,14430,14.814
14431,14432,4.933
14431,14433,17.845
14432,14429,14.710
14432,14431,4.933
14433,14431,17.845
14434,8483,52.882
14434,14435,23.214
14435,7668,20.843
14435,14436,8.263
14436,3098,6.877
14437,8483,5.666
14437,14438,53.976
14437,14440,2.788
14438,14437,53.976
14439,14440,24.484
14440,3922,67.415
14440,14437,2.788
14440,14439,24.484
14441,7590,238.226
14442,7954,25.058
14442,7955,40.810
14442,14443,65.005
14442,14444,21.799
14443,14442,65.005
14444,14442,21.799
14445,14446,15.975
14446,14445,109.147
14446,14447,5.908
14447,12535,33.952
14447,14450,6.992
14448,14450,42.541
14449,14450,11.886
14450,14447,6.992
14450,14448,42.541
14450,14449,11.886
14451,7590,41.173
14451,14452,24.156
14451,14453,11.867
14452,14451,24.156
14453,8623,27.928
14453,14451,11.867
14454,2828,76.594
14454,14456,22.389
14454,14458,3.796
14455,14458,15.158
14456,2827,77.585
14456,14454,22.389
14456,14459,4.210
14457,14459,14.141
14458,14454,3.796
14458,14455,15.158
14458,14459,22.536
14459,14456,4.210
14459,14457,14.141
14459,14458,22.536
14460,14461,23.461
14460,14462,8.988
14461,7590,178.333
14461,14460,69.709
14462,8987,76.224
14462,14460,8.988
14463,14464,16.810
14464,1735,39.228
14464,14463,16.810
14464,14471,11.118
14465,14466,17.212
14466,14465,17.212
14466,14467,7.866
14466,14471,10.281
14467,14466,7.866
14467,14469,2.555
14467,14470,24.094
14468,14469,46.729
14468,14473,10.769
14468,14475,4.929
14469,14467,2.555
14469,14468,46.729
14469,14473,2.132
14470,14467,24.094
14471,14464,11.118
14471,14466,10.281
14471,14472,19.683
14472,14471,19.683
14473,14468,10.769
14473,14469,2.132
14473,14474,14.102
14474,14473,14.102
14475,5545,80.383
14475,14468,4.929
14475,14476,16.142
14476,14475,16.142
14477,6202,42.113
14478,5448,100.301
14478,14479,31.255
14479,14478,31.255
14479,14480,40.861
14480,5446,135.822
14480,5447,14.195
14480,14479,40.861
14481,14483,15.718
14482,5114,107.124
14482,14483,11.151
14482,14485,21.086
14483,14481,15.718
14483,14482,11.151
14483,14484,21.148
14484,14483,21.148
14484,14485,10.442
14484,14486,5.090
14485,14482,21.086
14485,14484,10.442
14485,14487,5.126
14486,14484,5.090
14486,14487,10.292
14486,14488,52.780
14487,2573,32.127
14487,14485,5.126
14487,14486,10.292
14488,14486,52.780
14489,2830,22.629
14489,4624,255.952
14489,14490,11.274
14490,14489,11.274
14490,14491,48.902
14490,14492,27.325
14491,14490,48.902
14492,14490,27.325
14493,14494,113.489
14493,14495,48.461
14494,8624,42.737
14494,14493,113.489
14494,14495,2.907
14495,14493,48.461
14495,14494,2.907
14496,1744,35.978
14496,8624,8.404
14496,14498,42.954
14497,14498,116.123
14497,14499,46.099
14498,14496,42.954
14498,14497,116.123
14498,14499,4.334
14499,14497,46.099
14499,14498,4.334
14500,14501,82.376
14501,2560,100.965
14501,2572,22.748
14501,14500,82.376
14502,14503,76.433
14503,8988,7.878
14503,14502,76.433
14504,14506,14.298
14504,14509,9.042
14505,14509,21.490
14506,8989,6.634
14506,14508,9.189
14507,14508,22.498
14508,14506,9.189
14508,14507,22.498
14508,14509,14.331
14509,14504,9.042
14509,14505,21.490
14509,14508,14.331
14510,14511,59.018
14511,2559,84.170
14511,14510,59.018
14512,14513,82.028
14513,2572,9.543
14513,14512,82.028
14513,14519,30.113
14514,14515,25.562
14515,7051,81.383
14515,14514,25.562
14516,14517,81.993
14517,14516,81.993
14517,14520,16.419
14517,14521,7.363
14518,14519,80.990
14519,14513,30.113
14519,14518,80.990
14519,14521,25.023
14520,2568,109.365
14520,14517,16.419
14520,14522,13.254
14521,14517,7.363
14521,14519,25.023
14521,14523,12.835
14522,14520,13.254
14522,14523,24.035
14523,14521,12.835
14523,14522,24.035
14524,14525,24.974
14525,2573,152.984
14525,2826,16.467
14525,14524,24.974
14526,2574,88.024
14526,2826,36.591
14526,14527,15.149
14527,14526,15.149
14528,2843,4.133
14528,14529,13.932
14529,1720,52.881
14529,14528,13.932
14530,14532,14.084
14531,14532,19.514
14531,14535,27.002
14532,14530,14.084
14532,14531,19.514
14532,14533,28.222
14533,14532,28.222
14533,14534,12.457
14533,14535,18.182
14534,14533,12.457
14535,14533,18.182
14535,14537,4.921
14536,14538,15.000
14537,14528,2.802
14537,14538,18.112
14538,14536,15.000
14538,14537,18.112
14538,14541,20.235
14539,14540,17.695
14539,14541,4.879
14540,14539,17.695
14541,14538,20.235
14541,14539,4.879
14541,14542,12.455
14542,5048,67.888
14542,14541,12.455
14543,5698,100.676
14543,6696,8.666
14543,11613,61.089
14544,14545,46.334
14545,14544,46.334
14546,14547,22.684
14547,4869,41.122
14547,14546,22.684
14548,1708,33.486
14548,14550,10.416
14549,14550,18.626
14550,14548,10.416
14550,14549,18.626
14550,14551,12.122
14551,14550,12.122
14552,14553,20.811
14553,14552,20.811
14553,14565,8.000
14553,14567,69.010
14554,14555,29.953
14555,2568,34.565
14555,2571,22.766
14555,14554,29.953
14556,1713,60.917
14556,2569,33.822
14556,14557,10.454
14557,14556,10.454
14558,14559,35.835
14558,14560,6.646
14559,14558,35.835
14560,9699,104.806
14560,14561,35.147
14561,14560,35.147
14562,14563,93.469
14563,2808,73.186
14563,14562,93.469
14564,14565,22.766
14565,2571,25.914
14565,14553,8.000
14565,14564,22.766
14566,14568,15.600
14567,5519,65.705
14567,14553,69.010
14567,14568,7.353
14568,14566,15.600
14568,14567,7.353
14568,14569,9.694
14569,14568,9.694
14570,2846,104.601
14570,14571,30.330
14571,14570,30.330
14572,14573,33.856
14573,1633,13.314
14573,1636,82.086
14573,14572,33.856
14574,14575,29.268
14574,14577,12.174
14575,1636,229.676
14575,14576,12.234
14576,14575,12.234
14576,14577,29.719
14577,14574,12.174
14577,14576,29.719
14578,7583,112.952
14578,14579,7.901
14579,14578,7.901
14579,14581,44.823
14580,14578,45.196
14580,14581,6.653
14581,2547,71.085
14581,14580,6.653
14582,14583,56.411
14583,4872,38.492
14583,5101,35.638
14583,14582,56.411
14584,14585,18.065
14584,14586,3.944
14585,14584,18.065
14585,14590,6.782
14585,14593,59.639
14586,14584,3.944
14586,14589,29.274
14586,14593,36.595
14587,14588,61.397
14587,14589,4.159
14588,14587,61.397
14588,14589,64.607
14588,14591,11.922
14589,14586,29.274
14589,14587,4.159
14589,14588,64.607
14590,4877,49.848
14590,5438,41.497
14590,14585,6.782
14591,4877,21.761
14591,5439,97.231
14591,14588,11.922
14592,5438,39.253
14592,7403,186.388
14592,14593,24.480
14593,14585,59.639
14593,14586,36.595
14593,14592,24.480
14594,2550,126.815
14594,14595,17.519
14595,9160,177.776
14595,14594,17.519
14596,5538,62.291
14596,8652,91.779
14597,7581,54.943
14597,14598,8.966
14598,2544,25.699
14598,14597,8.966
14599,14600,11.779
14599,14648,133.576
14600,7244,80.711
14600,14599,11.779
14601,2544,9.398
14601,14597,24.971
14602,6310,48.116
14603,4305,50.376
14603,5727,7.539
14603,8502,30.450
14604,8502,52.659
14605,6311,104.973
14605,6313,9.155
14605,6380,25.147
14606,6304,37.313
14607,6305,78.852
14608,5370,142.809
14608,14610,8.990
14609,14610,37.736
14610,14608,8.990
14610,14609,37.736
14611,1579,58.479
14611,14612,35.513
14611,14615,6.585
14612,1578,40.394
14612,14611,35.513
14612,14616,7.118
14613,14614,34.529
14613,14615,4.031
14614,14613,34.529
14614,14616,3.614
14615,14611,6.585
14615,14613,4.031
14616,14612,7.118
14616,14614,3.614
14617,9710,79.708
14617,14618,5.352
14617,14620,32.087
14618,1649,39.915
14618,14617,5.352
14619,14620,27.544
14620,9711,72.604
14620,14617,32.087
14620,14619,27.544
14621,9709,31.285
14622,14623,34.511
14623,9709,4.347
14623,14622,34.511
14624,2552,134.257
14624,14627,50.616
14625,14627,2.066
14626,14627,25.312
14627,14624,50.616
14627,14625,2.066
14627,14626,25.312
14628,4580,16.533
14628,8511,202.907
14629,3920,118.672
14630,3917,42.366
14631,7746,59.868
14631,14632,34.422
14632,14631,34.422
14633,6166,15.693
14633,7584,55.026
14633,14634,129.843
14634,14633,129.843
14635,9101,20.460
14635,14637,10.197
14635,14786,120.325
14636,5707,2.557
14636,9101,3.893
14636,14638,9.881
14637,14635,10.197
14637,14638,24.352
14638,14636,9.881
14638,14637,24.352
14639,14642,62.690
14640,350,86.910
14640,3228,22.673
14640,7026,100.290
14641,7026,38.060
14641,14642,60.775
14641,15521,25.906
14642,7024,46.397
14642,14639,62.690
14642,14641,60.775
14643,7025,69.262
14644,4760,21.169
14644,13832,67.877
14644,14645,88.069
14645,14644,88.069
14646,9713,93.459
14646,14647,8.496
14647,2545,80.783
14647,14646,8.496
14648,6244,138.589
14648,14649,13.379
14649,14600,140.168
14649,14648,13.379
14650,515,138.384
14650,3752,93.285
14651,3752,31.692
14651,14652,118.255
14652,570,28.515
14652,14651,118.255
14652,14658,23.684
14653,4299,45.412
14653,4303,75.965
14653,14654,34.050
14654,14653,34.050
14654,14655,13.780
14654,14657,22.229
14655,14654,13.780
14656,4299,23.453
14656,6314,79.942
14656,14657,102.095
14657,14654,22.229
14657,14656,102.095
14658,14652,23.684
14659,14652,16.685
14659,14660,12.391
14660,14659,12.391
14661,555,21.726
14661,610,107.302
14661,14662,23.105
14662,14661,23.105
14663,6463,42.865
14664,7737,118.514
14665,14666,59.448
14665,14667,30.155
14666,14665,59.448
14666,14668,29.841
14667,8311,23.682
14667,14665,30.155
14667,14668,58.760
14668,8311,119.364
14668,14666,29.841
14668,14667,58.760
14669,636,29.332
14669,14670,69.416
14669,14671,11.648
14670,14669,69.416
14671,628,4.754
14671,14669,11.648
14671,14672,34.704
14672,14671,34.704
14673,624,37.318
14673,628,12.393
14673,14674,57.568
14674,14673,57.568
14675,610,34.628
14675,14676,27.132
14675,14679,63.382
14676,617,26.775
14676,14675,27.132
14676,14679,47.068
14677,570,51.032
14677,617,70.595
14677,14678,7.422
14678,14677,7.422
14679,14675,63.382
14679,14676,47.068
14679,14680,30.816
14680,14679,30.816
14681,643,38.543
14681,2484,18.151
14681,14682,210.693
14682,643,38.925
14682,686,127.511
14682,14681,210.693
14683,14684,33.708
14683,14685,19.221
14684,2146,57.455
14684,14686,19.318
14685,14683,19.221
14685,14686,33.648
14686,14684,19.318
14686,14685,33.648
14687,9778,43.666
14687,14690,19.556
14688,14689,22.097
14688,14690,22.734
14689,14687,22.830
14689,14688,22.097
14689,14691,9.819
14690,14687,19.556
14690,14688,22.734
14691,7758,8.012
14691,14689,9.819
14692,14693,31.488
14693,7960,37.358
14693,14692,31.488
14693,14694,41.644
14694,758,32.630
14694,7750,299.351
14694,14693,41.644
14695,41,124.870
14695,14697,12.096
14696,14695,21.289
14697,9091,12.225
14698,2218,44.332
14698,14699,7.453
14699,6450,130.829
14699,14698,7.453
14700,539,27.974
14700,14701,9.120
14701,14700,9.120
14701,14703,23.468
14702,538,16.109
14702,14703,9.340
14703,6452,126.664
14703,14702,9.340
14704,502,34.863
14704,3171,122.882
14704,6450,71.737
14705,1050,204.171
14705,14708,119.745
14706,1050,50.316
14706,14709,14.203
14707,14705,118.817
14707,14708,9.166
14708,2296,46.902
14708,14707,9.166
14709,7116,4.230
14710,2021,96.175
14710,8437,18.162
14710,14711,47.118
14711,14710,47.118
14712,994,79.569
14712,7161,270.683
14713,6181,88.197
14713,6271,229.245
14714,6906,31.072
14714,8335,113.132
14714,14715,172.889
14715,14714,172.889
14716,5815,31.346
14717,219,7.370
14717,6970,84.010
14718,14723,37.771
14719,6328,31.296
14719,14723,3.308
14720,14724,21.098
14721,14719,34.124
14721,14724,15.668
14722,14723,20.530
14723,14718,37.771
14723,14719,3.308
14723,14722,20.530
14724,14720,21.098
14724,14721,15.668
14724,14725,20.893
14725,14724,20.893
14726,14729,93.989
14727,14721,53.283
14727,14729,29.879
14728,14729,18.767
14729,14726,93.989
14729,14727,29.879
14729,14728,18.767
14730,2157,47.453
14731,13,9.084
14731,9251,57.212
14732,14737,34.510
14732,14738,6.602
14732,14778,68.174
14733,14743,32.311
14733,14744,6.298
14734,14762,6.119
14735,14739,6.443
14735,14740,48.741
14736,14738,28.698
14737,3215,55.724
14737,14736,6.039
14738,14732,6.602
14738,14735,24.668
14739,14732,24.215
14739,14735,6.443
14740,14741,6.663
14740,14747,5.351
14741,14740,6.663
14741,14750,19.730
14741,14751,33.615
14742,14743,6.173
14742,14744,32.408
14743,14742,6.173
14743,14745,20.890
14744,14733,6.298
14744,14766,24.104
14745,14746,17.184
14745,14748,59.714
14745,15533,5.608
14746,14745,17.184
14747,14748,6.572
14747,15533,59.353
14748,14741,5.227
14748,14747,6.572
14748,14749,19.430
14749,14748,19.430
14750,14741,19.730
14751,14739,15.164
14751,14767,237.574
14752,990,34.935
14752,1008,100.322
14752,14753,39.851
14753,14752,39.851
14754,9820,48.140
14755,8168,55.096
14755,8169,18.827
14755,14756,45.906
14756,14755,45.906
14757,5847,242.044
14757,8168,12.875
14758,894,67.057
14758,14759,21.788
14759,14758,21.788
14760,14761,146.411
14761,14760,146.411
14762,14763,20.036
14762,14764,9.372
14763,2541,16.693
14763,14764,25.432
14764,14733,25.423
14764,14766,5.797
14765,2541,62.371
14765,14792,24.129
14765,14795,182.068
14766,14734,9.569
14766,14777,169.078
14767,14751,237.574
14768,9821,15.483
14768,14770,62.073
14769,968,49.375
14769,983,32.632
14769,14770,6.326
14770,14768,62.073
14770,14769,6.326
14771,4495,11.602
14771,4496,13.063
14772,14773,6.631
14772,15396,25.408
14773,14771,35.117
14773,14772,6.631
14774,14734,293.441
14774,14775,7.131
14775,14774,7.131
14775,15394,57.776
14776,14775,114.021
14777,14776,11.451
14778,5772,109.877
14778,14732,68.174
14778,14779,62.594
14779,14778,62.594
14780,3215,77.751
14780,3217,143.844
14780,14781,99.984
14781,14780,99.984
14782,2489,73.288
14782,14783,9.558
14783,4593,17.404
14783,14782,9.558
14784,9823,21.267
14784,14092,8.423
14784,14785,46.173
14785,14784,46.173
14786,3871,8.117
14786,14635,120.325
14787,14786,34.404
14787,14789,72.782
14788,14789,51.611
14789,14787,72.782
14789,14788,51.611
14789,14790,79.545
14790,14789,79.545
14790,14791,46.534
14790,14792,187.709
14791,14790,46.534
14792,14765,24.129
14792,14790,187.709
14792,14795,73.023
14793,14787,25.102
14793,14794,50.150
14794,14793,50.150
14795,3871,40.768
14795,14765,182.068
14795,14792,73.023
14796,6751,127.077
14797,7910,45.559
14797,14798,35.482
14798,6750,33.901
14798,14797,35.482
14799,14800,92.786
14800,4457,2.835
14800,14799,92.786
14801,4463,46.012
14801,14802,62.337
14802,11314,28.830
14802,14801,62.337
14802,14804,22.032
14803,14801,25.972
14803,14804,65.339
14804,14803,65.339
14804,14808,5.642
14805,14806,54.138
14806,6576,9.292
14806,14805,54.138
14806,14807,71.979
14806,14808,88.218
14807,14806,71.979
14808,14803,108.992
14808,14806,88.218
14810,7220,21.877
14811,14812,24.365
14812,7219,56.064
14812,7222,5.294
14812,14811,24.365
14813,7221,6.508
14813,11369,15.540
14814,14813,63.467
14815,14816,27.170
14816,6993,20.316
14816,14815,27.170
14817,14257,102.374
14817,14825,15.314
14817,14826,38.166
14818,14819,90.562
14819,14818,90.562
14819,14821,26.716
14819,14823,16.476
14820,14821,58.767
14821,14819,26.716
14821,14820,58.767
14821,14822,49.818
14821,14824,16.964
14822,14821,49.818
14823,14819,16.476
14823,14824,26.224
14823,14825,15.418
14824,14821,16.964
14824,14823,26.224
14824,14826,15.076
14825,14817,15.314
14825,14823,15.418
14825,14826,25.920
14826,14817,38.166
14826,14824,15.076
14826,14825,25.920
14827,8220,103.701
14828,4544,4.474
14828,14829,17.800
14828,14830,56.176
14829,14828,17.800
14830,7806,5.607
14830,14828,56.176
14830,14831,16.412
14831,14830,16.412
14832,9863,8.938
14832,14833,35.388
14832,14835,11.040
14833,14832,35.388
14833,14834,10.968
14834,9863,35.824
14834,14833,10.968
14835,5951,2.418
14835,14832,11.040
14836,4544,51.259
14836,9397,150.922
14836,14837,26.824
14837,14836,26.824
14838,1244,90.911
14838,1851,64.111
14838,3554,100.174
14839,1851,23.414
14839,14354,2.606
14840,8542,32.731
14841,14843,113.479
14841,14845,14.989
14842,1256,72.523
14842,14843,45.009
14843,14841,113.479
14843,14842,45.009
14843,14844,16.571
14844,14843,16.571
14845,14842,17.055
14845,14846,20.225
14846,14845,20.225
14847,3188,85.958
14847,14848,36.657
14847,14851,127.851
14848,14847,36.657
14849,4817,21.594
14849,7455,21.701
14849,14852,28.279
14850,5960,39.440
14850,7455,65.445
14851,4821,14.113
14851,14847,127.851
14851,14853,51.351
14852,3187,13.257
14852,7455,19.575
14852,14849,28.279
14853,5066,51.082
14853,5960,49.716
14853,14851,51.351
14854,14973,20.009
14855,7304,43.617
14855,12365,11.090
14856,3185,86.443
14857,4814,15.678
14858,3185,20.806
14858,4813,98.145
14858,5972,60.627
14859,4796,89.646
14859,8229,22.208
14859,14860,12.794
14859,14931,15.186
14860,14859,12.794
14860,14861,7.394
14860,14862,8.234
14861,14860,7.394
14862,14860,8.234
14863,5968,11.040
14863,14864,31.960
14864,3185,63.948
14864,14863,31.960
14865,3181,23.953
14865,3183,56.905
14865,14866,49.858
14866,14865,49.858
14867,3181,80.866
14867,14869,12.946
14867,14872,11.035
14868,14869,36.865
14869,14867,12.946
14869,14868,36.865
14869,14871,10.918
14870,14871,9.583
14871,14869,10.918
14871,14870,9.583
14871,14872,16.492
14872,5978,17.286
14872,14867,11.035
14872,14871,16.492
14873,4803,22.038
14873,6872,4.279
14873,9859,53.734
14874,9860,7.531
14874,14875,19.321
14874,14883,34.735
14875,14874,19.321
14875,14883,50.351
14875,14885,27.552
14876,14877,31.563
14876,14878,26.034
14876,14881,11.736
14877,14876,31.563
14878,9859,22.294
14878,14876,26.034
14878,14879,33.870
14878,14882,57.330
14879,14878,33.870
14880,9859,63.642
14881,9860,14.175
14881,14876,11.736
14881,14882,26.548
14882,14878,57.330
14882,14881,26.548
14882,14883,38.285
14883,14874,34.735
14883,14875,50.351
14883,14882,38.285
14884,4807,14.486
14884,4808,6.887
14884,14885,12.707
14885,14875,27.552
14885,14884,12.707
14885,14886,22.279
14886,14885,22.279
14887,4804,35.004
14887,4805,47.789
14887,14888,19.730
14888,4808,46.104
14888,4809,48.156
14888,14887,19.730
14888,14889,14.307
14889,14888,14.307
14890,4809,13.963
14891,4809,10.217
14891,5970,9.225
14891,14892,18.158
14892,14891,18.158
14893,5969,47.769
14893,5970,17.499
14893,14896,14.178
14894,5969,17.069
14894,14896,19.794
14894,14907,13.163
14895,5969,12.694
14896,5963,17.848
14896,14893,14.178
14896,14894,19.794
14897,14898,19.807
14897,14905,16.130
14897,14907,14.252
14898,5963,10.362
14898,14897,19.807
14898,14900,29.147
14899,14900,21.760
14899,14903,19.678
14899,14905,11.980
14900,14898,29.147
14900,14899,21.760
14900,14902,26.789
14901,6872,28.992
14901,14902,23.682
14901,14903,8.882
14902,4803,23.543
14902,14900,26.789
14902,14901,23.682
14903,14899,19.678
14903,14901,8.882
14903,14904,15.683
14904,14903,15.683
14905,14897,16.130
14905,14899,11.980
14905,14906,15.803
14906,14905,15.803
14907,14894,13.163
14907,14897,14.252
14907,14908,14.119
14908,14907,14.119
14909,3178,6.986
14909,4807,90.250
14909,5978,124.052
14910,4796,90.512
14910,6479,9.459
14910,14912,20.919
14911,14913,9.276
14912,14910,20.919
14912,14913,17.857
14913,14911,9.276
14913,14912,17.857
14914,7303,47.746
14915,5180,35.199
14915,14918,17.631
14916,7871,11.405
14916,14917,36.525
14916,14920,9.363
14917,14916,36.525
14918,14915,17.631
14918,14919,30.130
14918,14920,12.216
14919,14918,30.130
14920,14916,9.363
14920,14918,12.216
14920,14921,47.274
14921,14920,47.274
14922,7871,70.618
14923,7871,64.270
14924,4799,2.948
14924,14925,15.163
14925,14924,15.163
14926,4798,27.955
14926,4801,22.270
14926,14927,8.856
14927,14926,8.856
14928,4798,59.304
14928,14930,3.665
14928,14940,27.170
14929,14930,26.061
14930,14928,3.665
14930,14929,26.061
14931,14859,15.186
14931,14932,8.017
14931,14933,6.473
14932,14931,8.017
14933,14931,6.473
14934,8228,4.232
14934,8229,35.499
14934,14935,42.550
14935,14934,42.550
14936,4799,61.549
14936,14938,5.044
14936,14940,24.871
14937,14938,25.738
14937,14939,49.617
14938,14936,5.044
14938,14937,25.738
14938,14939,24.665
14939,14937,49.617
14939,14938,24.665
14939,14940,6.097
14940,14928,27.170
14940,14936,24.871
14940,14939,6.097
14941,4801,118.759
14941,14126,72.284
14941,14942,9.626
14942,14941,9.626
14943,3177,31.266
14943,14944,43.751
14944,14943,43.751
14944,14946,0.840
14945,3175,45.843
14945,5956,58.665
14945,14948,7.635
14946,3175,61.239
14946,14944,0.840
14947,14946,10.293
14947,14948,82.380
14948,14947,82.380
14949,5694,36.377
14949,9855,21.403
14949,14951,86.685
14950,4263,21.796
14950,8260,18.084
14950,14951,10.231
14951,14949,86.685
14951,14950,10.231
14951,14952,8.227
14952,14951,8.227
14953,1368,215.474
14953,14954,115.766
14954,8257,65.067
14954,14955,37.421
14955,14954,37.421
14956,4262,42.271
14956,14957,140.626
14957,14956,140.626
14958,6055,45.630
14958,6056,79.623
14958,14959,17.636
14959,5453,52.273
14959,14958,17.636
14959,14960,4.161
14960,14959,4.161
14961,5453,202.289
14962,5454,5.368
14963,14964,10.235
14963,14965,17.220
14963,14966,21.578
14964,14963,10.235
14965,14963,17.220
14966,6831,17.462
14966,14963,21.578
14967,1307,41.982
14967,14968,44.989
14968,14967,44.989
14969,14970,19.963
14969,15413,120.856
14970,14969,19.963
14970,14972,26.248
14971,14972,17.448
14972,14970,26.248
14972,14971,17.448
14973,5679,37.219
14973,14969,62.359
14974,14978,25.789
14975,5679,27.782
14975,6829,188.418
14975,14977,10.862
14976,14977,31.308
14977,14975,10.862
14977,14976,31.308
14977,14978,27.958
14978,5679,10.765
14978,14974,25.789
14978,14977,27.958
14979,2816,30.938
14979,6139,3.516
14979,14980,88.253
14980,4442,66.308
14980,6139,11.382
14980,14979,88.253
14981,939,85.747
14981,4927,39.845
14981,14983,6.607
14982,14983,28.037
14983,14981,6.607
14983,14982,28.037
14984,6725,25.506
14984,6727,29.441
14985,5106,23.911
14985,5327,99.335
14986,3455,39.152
14986,14987,32.315
14987,4939,228.054
14987,14986,32.315
14988,13005,9.683
14988,14995,5.157
14989,14992,24.198
14989,14993,12.730
14990,1177,82.078
14990,14991,7.474
14991,14990,7.474
14991,14994,36.526
14991,14995,18.960
14992,14261,45.882
14992,14994,18.194
14993,14989,12.730
14993,14994,22.263
14993,14995,27.254
14994,14991,36.526
14994,14992,18.194
14994,14993,22.263
14995,14988,5.157
14995,14991,18.960
14995,14993,27.254
14996,2179,32.867
14996,14998,10.631
14997,14998,17.670
14998,14996,10.631
14998,14997,17.670
14998,14999,21.374
14999,14998,21.374
15000,151,116.332
15000,15001,5.499
15001,15000,5.499
15001,15002,20.146
15001,15003,19.432
15002,15001,20.146
15003,15001,19.432
15004,15006,10.571
15004,15009,13.151
15005,1983,56.274
15005,15007,11.705
15006,15004,10.571
15006,15007,82.941
15006,15008,12.837
15007,15005,11.705
15007,15006,82.941
15007,15008,27.511
15008,15006,12.837
15008,15007,27.511
15008,15009,11.166
15009,15005,27.449
15009,15008,11.166
15010,1137,26.108
15011,8301,73.661
15012,8030,68.282
15012,15013,25.854
15013,15012,25.854
15014,553,7.006
15014,7782,95.952
15015,7781,36.765
15015,15014,12.422
15016,5380,14.727
15016,15015,7.005
15017,769,77.780
15017,800,20.290
15018,2729,52.769
15019,2727,92.911
15020,972,8.629
15020,973,51.723
15020,15021,38.949
15021,995,96.790
15021,15020,38.949
15021,15022,29.266
15022,15021,29.266
15023,964,23.791
15023,2997,43.277
15023,8243,30.514
15024,924,45.914
15024,934,68.615
15024,15025,52.139
15025,15024,52.139
15026,2224,52.648
15026,15027,2.983
15027,926,21.470
15027,15026,2.983
15027,15028,10.620
15028,8567,38.363
15028,15027,10.620
15029,15030,29.232
15029,15035,30.595
15029,15055,31.232
15030,15029,29.232
15030,15031,19.592
15030,15035,57.052
15031,15030,19.592
15031,15032,15.533
15031,15033,14.816
15032,3700,26.527
15032,15031,15.533
15033,15031,14.816
15033,15032,13.891
15034,3699,31.468
15034,15038,28.399
15035,3707,47.843
15035,15030,57.052
15035,15056,31.654
15036,15037,31.660
15036,15057,24.246
15037,15036,31.660
15038,15034,28.399
15038,15039,46.736
15038,15040,32.283
15039,15038,46.736
15040,3699,27.682
15040,15038,32.283
15040,15041,29.587
15041,15040,29.587
15041,15042,27.880
15041,15043,28.587
15042,15041,27.880
15042,15044,28.367
15043,15041,28.587
15043,15044,27.993
15043,15045,27.809
15044,15043,27.993
15044,15046,28.593
15045,15043,27.809
15045,15046,28.183
15045,15047,152.195
15046,3697,115.362
15046,15045,28.183
15047,15045,152.195
15048,15049,61.715
15048,15050,7.901
15049,15048,61.715
15050,15051,66.459
15050,15052,48.304
15051,15050,66.459
15051,15052,19.979
15051,15053,23.660
15052,3701,2.224
15052,15051,19.979
15053,15051,23.660
15054,4925,109.670
15054,15055,23.132
15054,15056,7.562
15055,4925,11.233
15055,15029,31.232
15055,15054,23.132
15056,3706,44.034
15056,15035,31.654
15056,15054,7.562
15057,15034,30.474
15057,15058,19.243
15058,15057,19.243
15059,6571,131.961
15060,6942,22.552
15060,8698,44.801
15060,15061,28.849
15061,15060,28.849
15062,8698,50.301
15062,15063,46.624
15062,15064,26.023
15063,15062,46.624
15064,1076,60.063
15064,4538,21.390
15064,15062,26.023
15065,2653,59.158
15065,6420,3.590
15065,15066,21.911
15066,15065,21.911
15067,15068,66.014
15067,15069,36.453
15068,6420,62.130
15068,15067,66.014
15069,2655,5.749
15069,15067,36.453
15069,15070,17.671
15070,15069,17.671
15070,15071,111.589
15070,15075,55.654
15071,15070,111.589
15072,6419,68.319
15072,15073,15.740
15073,15072,15.740
15073,15074,31.117
15074,15073,31.117
15075,2661,34.903
15075,15070,55.654
15075,15076,66.148
15076,15075,66.148
15077,2661,13.919
15077,15078,18.691
15077,15080,6.738
15078,2645,40.280
15078,15077,18.691
15078,15079,6.416
15079,15078,6.416
15079,15080,35.353
15080,15077,6.738
15080,15079,35.353
15081,2661,100.932
15081,7875,22.286
15081,15082,65.042
15082,15081,65.042
15083,2645,113.769
15083,15084,33.747
15084,15083,33.747
15085,5197,68.987
15085,15087,129.745
15085,15092,9.266
15086,4225,76.597
15086,15087,25.947
15086,15088,3.203
15087,15085,129.745
15087,15086,25.947
15087,15090,6.014
15088,5661,52.010
15088,15086,3.203
15088,15090,25.988
15089,15090,21.262
15089,15091,20.738
15090,15087,6.014
15090,15088,25.988
15090,15089,21.262
15091,15089,20.738
15092,15085,9.266
15092,15093,16.653
15093,4225,10.722
15093,15085,15.769
15094,1114,71.655
15094,4225,87.361
15094,15095,86.782
15095,15094,86.782
15096,1114,53.421
15096,1115,52.374
15096,15097,62.016
15097,15096,62.016
15098,5654,52.447
15098,15099,50.848
15098,15100,279.893
15099,15098,50.848
15100,5654,19.868
15100,15098,279.893
15100,15101,57.364
15101,5654,38.076
15101,5655,17.637
15101,15100,57.364
15102,15103,16.941
15103,3512,33.135
15103,15102,114.423
15104,3273,142.905
15104,15105,23.708
15104,15106,33.776
15105,15104,23.708
15106,1124,158.121
15106,15104,33.776
15106,15107,9.760
15107,15106,9.760
15108,6848,15.273
15108,15109,42.274
15108,15110,19.174
15109,15108,42.274
15110,15108,19.174
15110,15111,44.310
15110,15112,23.285
15111,15110,44.310
15112,6847,31.352
15112,6848,120.027
15112,15110,23.285
15113,15116,10.353
15113,15117,90.975
15114,15113,19.830
15114,15115,10.566
15115,15114,10.566
15115,15116,19.856
15116,15113,10.353
15116,15115,19.856
15117,7428,69.943
15117,15120,81.208
15118,5085,40.430
15118,5086,125.278
15118,15119,46.590
15119,15118,46.590
15120,15117,81.208
15121,1073,20.717
15121,15122,19.335
15121,15123,7.907
15122,1080,377.984
15122,15121,19.335
15122,15124,7.941
15123,15121,7.907
15123,15124,18.801
15124,15122,7.941
15124,15123,18.801
15125,5745,77.605
15126,1101,99.809
15126,6430,8.540
15126,15127,15.561
15127,15126,15.561
15127,15128,6.774
15127,15130,10.469
15128,15127,6.774
15128,15129,15.311
15129,15128,15.311
15129,15130,8.944
15130,6430,20.556
15130,15127,10.469
15130,15129,8.944
15131,8191,96.176
15132,8191,83.033
15132,8192,98.374
15132,15133,31.888
15133,8190,11.235
15133,8192,55.998
15133,15132,31.888
15134,8192,71.129
15134,15136,73.907
15135,15136,17.870
15136,15134,73.907
15136,15135,17.870
15137,1052,97.901
15137,1065,7.539
15137,15146,118.761
15138,15139,8.461
15138,15140,100.807
15139,5873,60.542
15139,15138,8.461
15140,15141,6.786
15140,15142,86.922
15141,15139,100.927
15141,15140,6.786
15142,2865,51.356
15142,15143,7.136
15143,15141,86.622
15143,15142,7.136
15144,2865,7.573
15144,15143,51.482
15145,1065,117.290
15145,15146,7.457
15146,15144,44.849
15146,15145,7.457
15147,5789,128.646
15147,5790,17.094
15147,15150,7.852
15148,5789,54.340
15148,15149,35.609
15148,15150,46.887
15149,15148,35.609
15150,5789,109.377
15150,15147,7.852
15150,15148,46.887
15151,5678,78.601
15151,15153,4.395
15152,15153,47.232
15152,15155,18.519
15153,15151,4.395
15153,15152,47.232
15153,15155,31.048
15154,15151,31.113
15154,15155,6.517
15155,15152,18.519
15155,15153,31.048
15155,15154,6.517
15156,5224,52.430
15156,15158,90.034
15157,5224,85.556
15158,5225,561.777
15158,15156,90.034
15158,15159,13.113
15158,15160,25.747
15159,15158,13.113
15160,5223,8.787
15160,15158,25.747
15161,1567,24.294
15161,8967,72.269
15161,15162,12.154
15162,15161,12.154
15163,6127,38.357
15163,15165,49.557
15164,3213,42.574
15164,15163,33.157
15165,1500,76.776
15165,6127,29.877
15166,5860,74.649
15167,8302,55.374
15167,11859,54.894
15167,11860,12.935
15168,15169,19.785
15169,9703,39.329
15169,15168,19.785
15169,15170,15.792
15170,15169,15.792
15171,9703,7.265
15171,15172,38.396
15171,15173,64.037
15172,15171,38.396
15172,15173,23.888
15173,15171,64.037
15173,15172,23.888
15174,1273,61.591
15174,5188,25.060
15174,15178,34.490
15175,15176,101.232
15175,15178,27.430
15175,15179,74.310
15176,2892,24.469
15176,5868,21.833
15176,15175,101.232
15177,1273,37.680
15177,15178,68.109
15177,15179,29.136
15178,15174,34.490
15178,15175,27.430
15178,15177,68.109
15179,5868,4.713
15179,15175,74.310
15179,15177,29.136
15180,2892,132.715
15180,7896,10.449
15180,15181,32.948
15181,15180,32.948
15182,1282,146.918
15182,15183,21.735
15182,15184,8.877
15183,1279,31.818
15183,15182,21.735
15183,15185,8.985
15184,15182,8.877
15184,15185,22.397
15185,15183,8.985
15185,15184,22.397
15186,7680,78.732
15186,15187,8.359
15187,7681,102.474
15187,15186,8.359
15188,5132,67.757
15188,15189,71.133
15189,6688,69.665
15189,15190,4.316
15190,15189,4.316
15191,3831,25.037
15191,4748,44.075
15191,15193,25.110
15192,15193,35.816
15193,15191,25.110
15193,15192,35.816
15193,15198,16.698
15194,15196,11.742
15195,15196,6.058
15195,15199,18.902
15196,15194,11.742
15196,15195,6.058
15197,15198,5.921
15197,15199,20.711
15198,15193,16.698
15198,15197,5.921
15199,4748,25.286
15199,4749,46.684
15199,15195,18.902
15199,15197,20.711
15200,1258,77.152
15200,2808,74.523
15200,15201,20.424
15201,15200,20.424
15202,3497,83.199
15202,15204,4.866
15203,15204,10.160
15204,15202,4.866
15204,15203,10.160
15204,15205,16.145
15205,15204,16.145
15206,1200,25.564
15206,15209,3.431
15206,15211,9.354
15207,7982,29.167
15207,15208,3.786
15207,15211,9.140
15208,15207,3.786
15208,15209,62.489
15208,15210,9.191
15209,15206,3.431
15209,15208,62.489
15209,15210,9.433
15210,15208,9.191
15210,15209,9.433
15210,15211,3.557
15211,15206,9.354
15211,15207,9.140
15211,15210,3.557
15212,1232,125.525
15212,15213,21.798
15213,1243,95.195
15213,15212,21.798
15214,4095,7.118
15214,15215,33.762
15215,15214,33.762
15216,15214,24.369
15216,15217,32.731
15217,15216,32.731
15218,5614,29.940
15218,15219,23.646
15218,15221,9.588
15219,15218,23.646
15219,15220,29.540
15219,15221,57.570
15220,5614,23.011
15220,6706,207.808
15220,15219,29.540
15221,5573,84.787
15221,15218,9.588
15221,15219,57.570
15222,7470,74.126
15222,15226,4.734
15222,15231,38.919
15223,15226,52.586
15223,15228,4.917
15223,15229,18.251
15224,7688,188.829
15224,15225,13.302
15225,15224,13.302
15225,15227,53.928
15225,15228,40.223
15226,15222,4.734
15226,15223,52.586
15226,15229,36.670
15227,15225,53.928
15227,15228,18.625
15227,15230,2.944
15228,15223,4.917
15228,15225,40.223
15228,15227,18.625
15229,15223,18.251
15229,15226,36.670
15229,15230,2.277
15230,15227,2.944
15230,15229,2.277
15230,15231,4.626
15231,1196,50.562
15231,15222,38.919
15231,15230,4.626
15232,7474,12.000
15233,6808,79.447
15233,15234,15.814
15233,15235,74.380
15234,2771,114.326
15234,2772,48.332
15234,15233,15.814
15235,6706,24.770
15235,15233,74.380
15235,15236,59.539
15236,15235,59.539
15237,5051,16.104
15237,15238,44.027
15238,15237,44.027
15239,5260,95.117
15239,15240,62.046
15240,15239,62.046
15241,6881,133.994
15241,15243,18.946
15242,15243,18.521
15243,15241,18.946
15243,15242,18.521
15243,15244,35.386
15244,15243,35.386
15245,15246,26.480
15246,2665,12.925
15246,15245,26.480
15246,15247,10.023
15247,15246,10.023
15248,3253,9.017
15248,9277,227.014
15248,15249,40.252
15249,15248,40.252
15250,12532,57.404
15251,9706,25.614
15252,3278,40.298
15252,5049,74.578
15252,15253,21.916
15253,15252,21.916
15253,15254,44.066
15253,15255,32.341
15254,15253,44.066
15255,15253,32.341
15256,9279,60.766
15256,15258,12.365
15256,15262,74.248
15257,15258,84.724
15258,15256,12.365
15258,15257,84.724
15258,15259,47.970
15259,15258,47.970
15260,1155,160.186
15260,15261,42.597
15261,15260,42.597
15262,3520,55.530
15262,15256,74.248
15262,15264,14.462
15263,3520,14.167
15263,15264,53.355
15264,15262,14.462
15264,15263,53.355
15265,8295,55.809
15265,15266,30.729
15266,15265,30.729
15266,15267,17.355
15267,15266,17.355
15268,3274,113.954
15268,15269,96.338
15269,15268,96.338
15270,3449,77.936
15271,3449,39.746
15271,3452,49.354
15271,15272,65.123
15272,15271,65.123
15273,15274,50.632
15274,3452,107.741
15274,15273,50.632
15274,15275,7.707
15275,5786,6.974
15275,15274,7.707
15276,5787,18.583
15277,8919,70.959
15278,4472,298.814
15278,15279,24.390
15278,15280,9.694
15279,15278,24.390
15280,11610,81.465
15280,15278,9.694
15281,15282,68.102
15282,3462,27.012
15282,15281,68.102
15282,15283,52.215
15283,15282,52.215
15284,3462,6.552
15284,9479,13.559
15285,5700,15.526
15286,15287,140.467
15286,15288,93.066
15287,15286,140.467
15288,5699,80.797
15288,9194,72.534
15289,9194,48.496
15290,5699,12.466
15290,15292,98.886
15291,15292,29.342
15292,15290,98.886
15292,15291,29.342
15293,7815,64.537
15293,15294,14.951
15293,15295,11.241
15294,1185,14.705
15294,15293,14.951
15294,15296,15.620
15295,15293,11.241
15295,15296,14.403
15296,15294,15.620
15296,15295,14.403
15297,1185,154.663
15297,1188,44.592
15297,15298,77.771
15298,15297,77.771
15299,5607,83.601
15299,15300,47.634
15299,15301,56.270
15300,15299,47.634
15301,1180,7.538
15301,15299,56.270
15301,15302,19.497
15302,15301,19.497
15303,1180,42.626
15303,8695,137.585
15303,15304,50.116
15304,15303,50.116
15305,15306,30.782
15306,3416,29.489
15307,1137,35.053
15307,15308,17.111
15307,15310,12.737
15308,9576,42.970
15308,15307,17.111
15308,15309,13.103
15309,15308,13.103
15309,15310,17.175
15310,15307,12.737
15310,15309,17.175
15311,3180,6.268
15311,15312,10.507
15311,15313,35.790
15312,15311,10.507
15313,4800,4.020
15313,15311,35.790
15314,7815,44.897
15315,15316,81.049
15315,15318,14.685
15315,15324,88.381
15316,3508,111.112
15316,15315,81.049
15316,15317,13.691
15317,15316,13.691
15317,15318,80.435
15318,15315,14.685
15318,15317,80.435
15319,1211,128.650
15319,8526,177.828
15319,15320,69.696
15320,6228,86.844
15320,15319,69.696
15321,1215,12.128
15321,15322,50.471
15321,15323,37.835
15322,15321,50.471
15322,15323,12.746
15322,15324,50.232
15323,15321,37.835
15323,15322,12.746
15323,15324,38.613
15324,15315,88.381
15324,15322,50.232
15324,15323,38.613
15325,15327,14.471
15325,15329,5.658
15326,12041,9.838
15326,15327,46.521
15327,15325,14.471
15327,15326,46.521
15328,9096,30.189
15328,15330,13.950
15329,15328,18.609
15329,15331,13.761
15330,15328,13.950
15330,15331,18.454
15331,15329,13.761
15331,15330,18.454
15332,5564,28.700
15332,5570,12.783
15332,5571,16.166
15333,5565,15.944
15333,15334,24.589
15333,15337,20.860
15334,5561,32.119
15334,15333,24.589
15334,15335,14.862
15334,15338,24.399
15335,15334,14.862
15336,5588,13.441
15336,15337,28.496
15336,15341,18.691
15337,15333,20.860
15337,15336,28.496
15337,15338,25.488
15337,15342,19.591
15338,5586,31.217
15338,15334,24.399
15338,15337,25.488
15338,15339,16.104
15339,15338,16.104
15340,5559,24.002
15340,5690,26.944
15340,15341,14.593
15341,5589,28.011
15341,15336,18.691
15341,15340,14.593
15341,15342,29.072
15342,15337,19.591
15342,15341,29.072
15342,15343,5.290
15343,5585,12.961
15343,15342,5.290
15343,15344,17.106
15344,15343,17.106
15345,5689,27.841
15345,5690,28.176
15345,15346,15.454
15346,5589,26.939
15346,5590,27.942
15346,15345,15.454
15346,15347,26.620
15347,5584,17.280
15347,15346,26.620
15347,15348,9.440
15348,5585,23.405
15348,15347,9.440
15348,15349,24.687
15349,5586,26.944
15349,5591,25.609
15349,15348,24.687
15349,15350,16.620
15350,15349,16.620
15351,5584,18.456
15351,5590,49.017
15351,15352,24.764
15352,15351,24.764
15352,15353,8.830
15352,15354,14.017
15353,15352,8.830
15354,2876,29.366
15354,5591,2.702
15354,15352,14.017
15355,5559,2.907
15355,5588,13.845
15355,15356,62.182
15356,15355,62.182
15356,15362,18.878
15356,15364,16.010
15357,1382,218.075
15357,5571,63.254
15357,15358,24.272
15358,15357,24.272
15358,15360,12.101
15358,15362,29.626
15359,15360,15.542
15360,15358,12.101
15360,15359,15.542
15360,15361,28.855
15361,15360,28.855
15361,15362,17.985
15361,15363,3.053
15362,15356,18.878
15362,15358,29.626
15362,15361,17.985
15362,15365,17.579
15363,15361,3.053
15364,5559,46.161
15364,6151,16.431
15364,15356,16.010
15365,6151,33.157
15365,15362,17.579
15365,15366,30.229
15366,15365,30.229
15367,15368,24.436
15367,15370,27.241
15367,15371,3.914
15368,8523,20.461
15368,15367,24.436
15368,15369,22.247
15368,15370,42.982
15369,15368,22.247
15370,15367,27.241
15370,15368,42.982
15370,15373,3.101
15371,8523,41.691
15371,15367,3.914
15371,15372,3.114
15372,6149,13.767
15372,15371,3.114
15372,15373,31.626
15373,6150,61.128
15373,15370,3.101
15373,15372,31.626
15374,6258,21.165
15375,6257,8.656
15376,1590,66.214
15376,15378,17.118
15376,15380,6.580
15377,15380,17.374
15378,7986,41.191
15378,15376,17.118
15378,15381,6.359
15379,15381,17.700
15380,15376,6.580
15380,15377,17.374
15380,15381,17.531
15381,15378,6.359
15381,15379,17.700
15381,15380,17.531
15382,1622,32.661
15382,8653,3.767
15382,15383,56.782
15383,15382,56.782
15384,6131,36.085
15384,15385,43.176
15385,15384,43.176
15386,15384,21.454
15386,15387,42.825
15387,15386,42.825
15388,2321,164.923
15388,15390,14.447
15388,15393,22.645
15389,7857,69.597
15389,15390,49.791
15390,15388,14.447
15390,15389,49.791
15390,15391,19.992
15391,15390,19.992
15391,15392,13.041
15391,15393,12.018
15392,15391,13.041
15393,4568,119.198
15393,15388,22.645
15393,15391,12.018
15394,14773,25.194
15394,15395,66.819
15394,15396,6.751
15395,15394,66.819
15396,14774,58.344
15396,15394,6.751
15397,4124,88.750
15397,4977,113.895
15398,1553,32.512
15398,15405,12.791
15399,15405,2.835
15400,15398,13.305
15400,15406,12.382
15401,15406,2.370
15402,1549,25.822
15402,1556,66.159
15402,15404,16.065
15403,15404,2.295
15404,15402,16.065
15404,15403,2.295
15405,15398,12.791
15405,15399,2.835
15406,15400,12.382
15406,15401,2.370
15407,1553,45.479
15407,1561,25.079
15407,15408,4.991
15408,15407,4.991
15408,15409,23.761
15409,1561,7.968
15409,15408,23.761
15410,1590,96.834
15410,1603,29.452
15410,15411,8.229
15411,15410,8.229
15412,6832,120.591
15412,15413,13.737
15413,1378,220.891
15413,4232,8.708
15414,2759,39.031
15414,15415,21.153
15414,15416,8.674
15415,15414,21.153
15416,271,59.388
15416,15414,8.674
15416,15417,21.041
15417,15416,21.041
15418,2765,44.483
15418,15419,40.817
15418,15420,13.590
15419,15418,40.817
15420,275,33.781
15420,15418,13.590
15420,15421,32.740
15421,15420,32.740
15422,3404,35.207
15422,3405,25.860
15422,15423,84.279
15423,15422,84.279
15424,326,40.609
15424,327,6.844
15424,6048,75.571
15425,3405,25.579
15426,324,21.674
15426,15431,36.685
15427,3394,56.789
15427,15428,11.720
15428,3392,7.615
15429,15427,98.944
15429,15430,8.036
15430,15429,8.036
15430,15432,51.381
15431,15429,51.173
15431,15432,7.634
15432,15426,36.000
15432,15431,7.634
15433,3402,2.408
15433,15434,10.356
15434,15433,10.356
15434,15436,21.755
15435,15433,22.033
15435,15436,10.160
15436,15435,10.160
15436,15438,43.409
15437,15435,43.658
15437,15438,9.864
15438,15437,9.864
15438,15440,17.172
15439,15437,17.172
15439,15440,9.864
15440,9519,21.117
15440,15439,9.864
15441,551,169.458
15441,15442,9.510
15442,7786,56.520
15442,15441,9.510
15443,7785,26.513
15443,15444,9.357
15444,3407,25.202
15444,15443,9.357
15445,5731,16.305
15445,15446,8.020
15445,15452,44.740
15446,5730,14.744
15446,15445,8.020
15446,15447,59.257
15447,15446,59.257
15447,15448,10.173
15447,15449,13.683
15448,5731,22.016
15448,15447,10.173
15449,15447,13.683
15449,15450,39.280
15450,15449,39.280
15450,15451,18.038
15451,15450,18.038
15452,15445,44.740
15452,15453,24.102
15453,5731,41.061
15453,15452,24.102
15454,736,7.689
15454,742,29.510
15454,15455,10.337
15455,15454,10.337
15456,708,22.698
15456,4489,29.571
15457,714,29.671
15458,8025,11.820
15458,8026,23.632
15458,15460,7.274
15459,15460,34.015
15460,8025,19.625
15460,15458,7.274
15460,15459,34.015
15461,659,36.489
15461,666,13.599
15461,670,49.571
15462,5620,23.584
15462,15463,41.090
15463,9061,15.958
15463,15462,41.090
15464,744,58.113
15464,15466,14.722
15464,15475,150.623
15465,15466,3.365
15466,15464,14.722
15466,15465,3.365
15467,789,32.777
15467,15468,37.541
15468,15467,37.541
15469,2746,32.716
15469,15473,4.824
15470,833,21.507
15470,15471,36.065
15471,15470,36.065
15471,15472,14.296
15471,15473,34.916
15472,15471,14.296
15473,15469,4.824
15473,15471,34.916
15473,15474,33.742
15474,15473,33.742
15475,815,15.136
15475,15464,150.623
15475,15476,51.021
15476,15475,51.021
15477,15543,11.511
15478,3684,34.127
15479,3684,84.427
15479,4511,213.789
15480,2995,43.269
15480,8237,21.834
15480,15481,82.314
15481,928,9.720
15481,15480,82.314
15482,964,10.959
15482,969,53.566
15482,15483,48.558
15483,15482,48.558
15484,15485,9.247
15484,15486,9.299
15485,3688,33.791
15485,15484,9.247
15486,15484,9.299
15487,957,8.563
15487,970,48.947
15487,9142,11.866
15488,796,41.428
15488,12367,41.523
15489,4358,241.163
15490,5544,1233.583
15491,6755,92.121
15492,6983,11.262
15493,5059,27.602
15493,12380,17.478
15494,7526,77.593
15494,15495,10.079
15495,5289,5.938
15495,15494,10.079
15496,5013,10.273
15497,4211,15.935
15498,7743,13.467
15499,2433,12.795
15499,7624,4.057
15499,14010,43.157
15500,944,49.729
15500,4996,40.717
15500,8151,94.823
15501,947,26.870
15501,14000,67.175
15502,15503,57.546
15503,5006,68.504
15503,15502,57.546
15504,1968,31.530
15504,1970,64.216
15504,15505,25.399
15505,15504,25.399
15506,10540,3.424
15506,10563,26.524
15506,10564,16.282
15507,7168,135.227
15507,7350,136.986
15508,1459,249.308
15508,15509,25.170
15509,3348,33.730
15509,15508,25.170
15510,4573,69.893
15510,15511,5.800
15511,11378,251.653
15511,15510,5.800
15512,15514,13.187
15512,15517,4.585
15513,2066,152.708
15513,15517,123.866
15514,15513,1.780
15514,15515,4.077
15515,15514,4.077
15515,15516,10.543
15515,15517,12.662
15516,15515,10.543
15517,15512,4.585
15517,15513,123.866
15517,15515,12.662
15518,3261,483.337
15518,7059,3.061
15519,10855,166.265
15519,10879,21.739
15519,15520,47.292
15520,15519,47.292
15521,14641,25.906
15522,15523,4.347
15523,1342,34.355
15523,9050,36.155
15523,15522,4.347
15524,3269,9.794
15525,5329,14.691
15526,5266,6.790
15527,5615,104.282
15528,1985,17.747
15528,2716,8.227
15529,15528,6.158
15530,266,113.351
15531,1249,16.720
15531,11319,33.651
15531,15532,164.042
15532,15531,164.042
15533,14742,20.915
15533,14745,5.608
15534,886,14.384
15534,8565,33.868
15535,900,69.895
15535,7692,64.534
15535,8027,62.489
15536,985,5.920
15536,5693,25.225
15536,15537,20.074
15537,15536,20.074
15537,15538,27.877
15537,15539,12.846
15538,15537,27.877
15539,15537,12.846
15540,5752,92.439
15540,15541,49.643
15540,15542,48.508
15541,3694,25.401
15541,5752,79.696
15541,15540,49.643
15542,15540,48.508
15543,15477,11.511
15543,15544,21.998
15543,15545,6.731
15544,3683,12.195
15544,3690,116.744
15544,15543,21.998
15545,15543,6.731
15546,3683,9.382
15547,15548,102.930
15548,2224,19.126
15548,2237,114.399
15548,15547,102.930
15549,879,62.631
15549,15550,55.266
15549,15552,15.883
15550,8564,23.650
15550,15549,55.266
15551,8564,45.239
15551,8565,11.158
15551,15552,23.179
15552,8565,12.070
15552,15549,15.883
15552,15551,23.179
15553,6043,18.114
15554,839,16.347
15554,879,248.128
15554,3659,154.055
15555,925,25.055
15555,6540,46.321
15555,15556,32.816
15556,15555,32.816
15557,952,79.337
15557,3685,58.551
15558,951,4.303
15558,3685,121.474
15558,3775,21.730
15559,2931,37.446
15559,15562,9.255
15560,15561,15.371
15560,15562,4.435
15561,15560,15.371
15562,6551,316.537
15562,15559,9.255
15562,15560,4.435
15563,7294,42.713
15563,7295,20.486
15564,886,27.976
15564,15563,6.283
15565,15534,42.463
15565,15564,14.729
15566,6567,37.736
15566,15592,25.959
15567,15568,8.393
15567,15575,20.612
15567,15578,2.692
15568,15567,8.393
15568,15576,28.440
15568,15577,3.042
15569,3960,142.666
15569,15570,8.489
15569,15578,2.798
15570,7053,82.006
15570,15569,8.489
15570,15577,2.768
15571,14404,78.464
15571,15574,8.254
15571,15584,3.042
15572,15573,8.323
15572,15580,18.270
15572,15584,3.042
15573,15572,8.323
15573,15579,18.295
15573,15583,2.936
15574,5018,20.786
15574,15571,8.254
15574,15583,2.936
15575,15567,20.612
15576,15568,28.440
15577,15568,3.042
15577,15570,2.768
15578,15567,2.692
15578,15569,2.798
15579,15573,18.295
15579,15580,8.088
15579,15581,23.339
15580,15572,18.270
15580,15579,8.088
15580,15582,30.581
15581,15579,23.339
15582,15580,30.581
15583,15573,2.936
15583,15574,2.936
15584,15571,3.042
15584,15572,3.042
15585,4828,3.068
15585,4829,34.617
15586,5474,91.571
15586,6175,10.360
15586,15587,27.156
15587,15586,27.156
15588,6175,30.750
15589,4824,117.305
15589,8036,42.169
15590,2576,15.387
15590,7052,35.638
15591,2576,17.987
15591,15590,15.388
15592,1041,57.944
15592,15566,25.959
15593,5440,11.612
15594,6316,65.642
15594,15595,12.750
15595,8689,112.937
15595,15594,12.750
15596,5531,13.677
15596,8606,39.615
